# Converted from Unity .dat mesh: Spline Mesh
# Vertices: 7138, Triangles: 6527

o Spline_Mesh

v -118.942383 -0.845245 115.866943
v -118.827881 -0.826717 114.404419
v -118.565857 -0.809837 113.107178
v -118.335754 -0.797092 111.859253
v -118.214661 -0.791988 110.556396
v -118.113037 -0.789289 109.215454
v -117.939758 -0.775126 107.865356
v -117.662109 -0.737524 106.534424
v -117.316650 -0.672804 105.226562
v -116.915222 -0.589420 103.943848
v -116.475281 -0.493216 102.661621
v -115.971313 -0.383274 101.382812
v -115.351440 -0.267433 100.163818
v -114.592468 -0.143181 99.056274
v -113.738098 -0.012768 98.044067
v -112.826904 0.128542 97.080444
v -111.837769 0.368334 96.175293
v -110.809692 0.664562 95.331177
v -109.841797 0.834669 94.469727
v -108.944397 0.956711 93.538818
v -108.073730 1.015966 92.560059
v -107.227295 0.997663 91.556885
v -106.415344 1.041122 90.521729
v -105.620667 1.086786 89.451782
v -104.804871 1.063908 88.389282
v -103.973389 0.955378 87.341797
v -103.120361 0.982172 86.302002
v -102.204468 0.977095 85.308716
v -101.217957 0.617998 84.392944
v -100.185303 0.272749 83.541870
v -99.114868 0.028811 82.733398
v -97.993713 -0.063280 81.985352
v -96.852417 -0.058050 81.290527
v -95.745483 -0.038054 80.581543
v -94.671204 -0.017548 79.823120
v -93.608459 -0.036724 79.035889
v -92.563477 -0.016314 78.224121
v -91.529907 0.034842 77.399048
v -90.523132 0.105249 76.556885
v -89.573486 0.220901 75.676514
v -88.696106 0.351868 74.724121
v -87.852112 0.409218 73.708740
v -86.993225 0.451273 72.679932
v -86.108154 0.504936 71.673584
v -85.227417 0.491116 70.675903
v -84.368591 0.335846 69.671631
v -83.538452 0.183296 68.647339
v -82.722107 0.009893 67.606201
v -81.906067 -0.100870 66.558594
v -81.087036 -0.109644 65.512695
v -80.273010 -0.057005 64.465942
v -79.468628 0.027536 63.414062
v -78.676575 0.123400 62.351562
v -77.891113 0.144068 61.279907
v -77.106140 0.106560 60.205933
v -76.325684 0.050985 59.128052
v -75.543335 0.033855 58.044556
v -74.742065 0.019211 56.970093
v -73.923828 0.015158 55.907227
v -73.086365 0.002989 54.853149
v -72.211243 -0.018841 53.821655
v -71.287720 -0.031475 52.834106
v -70.339966 -0.042416 51.883667
v -69.398010 -0.008326 50.940552
v -68.460327 -0.019650 49.993286
v -67.523865 -0.042503 49.048218
v -66.607666 -0.046356 48.095947
v -65.720398 -0.047279 47.119995
v -64.842346 -0.182146 46.124268
v -63.948059 -0.387573 45.129395
v -63.029785 -0.417034 44.154541
v -62.107178 -0.372007 43.193481
v -61.196655 -0.391287 42.227661
v -60.296204 -0.444948 41.251587
v -59.405823 -0.485033 40.268921
v -58.539001 -0.506351 39.272095
v -57.697144 -0.494505 38.255127
v -56.875793 -0.421654 37.220215
v -56.077759 -0.341940 36.169678
v -55.307800 -0.277281 35.098267
v -54.557373 -0.274729 34.005859
v -53.812378 -0.404016 32.906006
v -53.079712 -0.551291 31.797363
v -52.349182 -0.470877 30.676514
v -51.588440 -0.241024 29.564819
v -50.787903 -0.059620 28.482910
v -49.967285 -0.039183 27.425049
v -49.138977 -0.035322 26.376953
v -48.301758 -0.046518 25.334595
v -47.456055 -0.064594 24.300903
v -46.614563 -0.069862 23.268921
v -45.779724 -0.079889 22.231934
v -44.945068 -0.098566 21.192017
v -44.108704 -0.083744 20.154053
v -43.274109 -0.058073 19.114868
v -42.434937 -0.027098 18.074341
v -41.573547 -0.015457 17.040283
v -40.672058 -0.038193 16.039307
v -39.767151 -0.079430 15.066528
v -38.913879 -0.129158 14.076416
v -38.119995 -0.171288 13.038208
v -37.361267 -0.192801 11.963501
v -36.636536 -0.186039 10.864990
v -35.946533 -0.217005 9.744141
v -35.291016 -0.222561 8.599487
v -34.665588 -0.234922 7.437866
v -34.071228 -0.209230 6.261108
v -33.507446 -0.120691 5.067505
v -32.969604 -0.070339 3.860352
v -32.453125 -0.073236 2.644165
v -31.964844 -0.065449 1.419678
v -31.516724 -0.041639 0.185547
v -31.119202 -0.033560 -1.066772
v -30.758057 -0.082796 -2.340332
v -30.408569 -0.194887 -3.623413
v -30.065979 -0.303282 -4.906250
v -29.737061 -0.389402 -6.191895
v -29.417175 -0.369081 -7.478638
v -29.117859 -0.278055 -8.770874
v -28.824829 -0.214626 -10.075684
v -28.497192 -0.174417 -11.380005
v -28.133545 -0.178005 -12.677856
v -27.735229 -0.154715 -13.973145
v -27.270081 -0.152391 -15.247681
v -26.739136 -0.132389 -16.501831
v -26.139099 -0.136290 -17.736572
v -25.437500 -0.149773 -18.914551
v -24.622864 -0.128269 -20.017334
v -23.714600 -0.111086 -21.049438
v -22.728088 -0.086882 -21.997681
v -21.656860 0.012630 -22.836670
v -20.525146 0.102390 -23.579468
v -19.381775 0.174541 -24.277222
v -18.226562 0.323547 -24.953613
v -17.044495 0.439837 -25.595215
v -15.843567 0.569622 -26.206543
v -14.618347 0.592968 -26.769165
v -13.390625 0.451715 -27.294312
v -12.192749 0.296577 -27.838623
v -11.021667 0.173948 -28.433105
v -9.857178 0.073936 -29.057373
v -8.694519 0.033058 -29.695679
v -7.534546 -0.009684 -30.341919
v -6.380249 -0.075453 -30.999878
v -5.227783 -0.113609 -31.667847
v -4.071960 -0.081949 -32.331543
v -2.929871 -0.013401 -32.998657
v -1.826904 0.013958 -33.700073
v -0.767029 0.041225 -34.464111
v 0.274353 0.037178 -35.276611
v 1.317566 0.010715 -36.106201
v 2.368652 0.030859 -36.926758
v 3.403442 0.022785 -37.750122
v 4.397949 -0.000299 -38.601440
v 5.344482 -0.010500 -39.505981
v 6.268005 -0.013954 -40.454346
v 7.191467 0.016882 -41.414673
v 8.112305 0.037947 -42.375977
v 9.029053 0.018847 -43.345581
v 9.960571 0.027990 -44.311401
v 10.916199 0.062317 -45.253784
v 11.873108 0.083181 -46.179199
v 12.802490 0.069210 -47.114014
v 13.694275 0.074987 -48.084106
v 14.575134 0.086632 -49.081299
v 15.470703 0.104597 -50.077148
v 16.382446 0.111385 -51.058105
v 17.302551 0.114290 -52.030640
v 18.239441 0.127043 -52.991699
v 19.198303 0.129293 -53.930908
v 20.166687 0.130079 -54.851685
v 21.129028 0.150158 -55.771729
v 22.088928 0.168108 -56.693848
v 23.042236 0.144432 -57.614990
v 23.970398 0.123768 -58.553955
v 24.880188 0.138086 -59.513794
v 25.763367 0.130404 -60.489136
v 26.590820 0.119505 -61.499390
v 27.370972 0.133556 -62.554443
v 28.096313 0.124905 -63.643311
v 28.723633 0.116415 -64.762085
v 29.223450 0.101442 -65.935303
v 29.640625 0.107182 -67.172852
v 30.044434 0.124006 -68.437378
v 30.447083 0.164946 -69.702026
v 30.829712 0.194616 -70.975220
v 31.210632 0.212671 -72.254150
v 31.595581 0.228170 -73.530762
v 31.976562 0.236040 -74.806274
v 32.349365 0.242689 -76.082520
v 32.713074 0.233381 -77.361694
v 33.069092 0.211250 -78.643433
v 33.415771 0.201498 -79.923706
v 33.735474 0.160410 -81.212280
v 34.050293 0.173117 -82.517578
v 34.416992 0.180040 -83.820312
v 34.851990 0.177189 -85.100342
v 35.333618 0.176105 -86.359253
v 35.859619 0.138819 -87.600098
v 36.434265 0.115755 -88.820679
v 37.051086 0.109888 -90.019043
v 37.691711 0.074829 -91.199463
v 38.352844 0.053095 -92.367676
v 39.040344 0.006294 -93.522949
v 39.752136 -0.029877 -94.660645
v 40.483582 -0.047321 -95.785156
v 41.242310 -0.056517 -96.897095
v 42.043335 -0.065567 -97.984009
v 42.891541 -0.093672 -99.037231
v 43.776794 -0.127266 -100.058838
v 44.689026 -0.118977 -101.050049
v 45.624390 -0.091646 -102.017700
v 46.591370 -0.079472 -102.960083
v 47.596802 -0.051205 -103.863770
v 48.643433 -0.028616 -104.720337
v 49.722839 -0.002247 -105.533081
v 50.823364 0.035954 -106.305664
v 51.941101 0.018555 -107.051514
v 53.090088 0.021770 -107.763550
v 54.284302 0.039042 -108.413330
v 55.526367 0.030403 -108.971802
v 56.791443 0.025072 -109.457520
v 58.057861 -0.013676 -109.913208
v 59.330139 -0.024820 -110.342773
v 60.605469 -0.021994 -110.743896
v 61.868347 -0.007681 -111.153076
v 63.124512 -0.005831 -111.581909
v 64.376526 -0.009291 -112.021851
v 65.618164 -0.001146 -112.482788
v 66.852478 -0.012684 -112.964844
v 68.075684 -0.012283 -113.467529
v 69.279602 0.018654 -114.002808
v 70.466492 0.022970 -114.576782
v 71.638245 0.036177 -115.185181
v 72.790955 0.063931 -115.825073
v 73.924866 0.090607 -116.491943
v 75.035889 0.106108 -117.188110
v 76.114197 0.116463 -117.922607
v 77.153809 0.113682 -118.715698
v 78.176025 0.103254 -119.559082
v 79.206360 0.119751 -120.411621
v 80.244263 0.124315 -121.251953
v 81.278381 0.140753 -122.092407
v 82.311035 0.136744 -122.934204
v 83.341614 0.149286 -123.778442
v 84.371277 0.163528 -124.625122
v 85.398193 0.175686 -125.468262
v 86.411987 0.181255 -126.333130
v 87.441467 0.200029 -127.209961
v 88.528992 0.225065 -128.027222
v 89.678833 0.225986 -128.771362
v 90.880188 0.231409 -129.447266
v 92.130127 0.301695 -129.992432
v 93.421509 0.342684 -130.385864
v 94.750183 0.353142 -130.640747
v 96.105652 0.371979 -130.732544
v 97.473572 0.366528 -130.613403
v 98.824524 0.334919 -130.336060
v 100.142090 0.313889 -130.015869
v 101.442444 0.329248 -129.677246
v 102.733765 0.423046 -129.292236
v 104.009399 0.546928 -128.889282
v 105.285278 0.606134 -128.487427
v 106.565491 0.582262 -128.061279
v 107.822754 0.505724 -127.575806
v 109.071960 0.408485 -127.045776
v 110.315002 0.312180 -126.446411
v 111.475830 0.207743 -125.691650
v 112.515625 0.194323 -124.748047
v 113.438599 0.212271 -123.670044
v 114.214294 0.225748 -122.500244
v 114.769165 0.244820 -121.242554
v 115.156189 0.282372 -119.946045
v 115.533447 0.355190 -118.687622
v 115.980713 0.413254 -117.451050
v 116.439697 0.423975 -116.188843
v 116.860168 0.438486 -114.901123
v 117.209900 0.440413 -113.595093
v 117.513672 0.423563 -112.288330
v 117.806824 0.429623 -110.991821
v 118.124634 0.424658 -109.697510
v 118.438721 0.406401 -108.383301
v 118.685486 0.407213 -107.048828
v 118.849365 0.421198 -105.701660
v 118.942322 0.436708 -104.345337
v 118.938416 0.466272 -102.984497
v 118.812744 0.528904 -101.631470
v 118.591736 0.619246 -100.296509
v 118.322754 0.758776 -98.980103
v 118.014648 0.868635 -97.670166
v 117.657227 0.883694 -96.368652
v 117.267456 0.826149 -95.090088
v 116.873230 0.716698 -93.815796
v 116.436951 0.614285 -92.536011
v 115.875061 0.547806 -91.280762
v 115.119385 0.496868 -90.123901
v 114.280579 0.482180 -89.063599
v 113.520508 0.458090 -88.013062
v 112.886902 0.424709 -86.887085
v 112.284790 0.436705 -85.699585
v 111.640320 0.450705 -84.508667
v 110.932495 0.438339 -83.355591
v 110.198914 0.410074 -82.229858
v 109.452332 0.413860 -81.117432
v 108.693542 0.426956 -80.013550
v 107.919983 0.436836 -78.920776
v 107.138794 0.426237 -77.836060
v 106.351868 0.433426 -76.755859
v 105.555298 0.443544 -75.681274
v 104.746765 0.475163 -74.615967
v 103.930237 0.507828 -73.555420
v 103.098511 0.505754 -72.500122
v 102.234741 0.462357 -71.462891
v 101.328613 0.448694 -70.463745
v 100.403076 0.441690 -69.497314
v 99.486938 0.414284 -68.534668
v 98.581665 0.420832 -67.561646
v 97.678589 0.388273 -66.585205
v 96.784973 0.361147 -65.602539
v 95.901978 0.367289 -64.610107
v 95.026428 0.370539 -63.609375
v 94.156616 0.367037 -62.602661
v 93.292725 0.392338 -61.590942
v 92.434937 0.415733 -60.574219
v 91.583557 0.443171 -59.553833
v 90.743958 0.449556 -58.523438
v 89.905762 0.446451 -57.483521
v 89.048462 0.448320 -56.450073
v 88.165344 0.445114 -55.438354
v 87.271973 0.447332 -54.443481
v 86.381348 0.428907 -53.452515
v 85.495605 0.411228 -52.457397
v 84.608093 0.391569 -51.461426
v 83.716980 0.408424 -50.466797
v 82.820251 0.388432 -49.477295
v 81.922424 0.376873 -48.492065
v 81.029785 0.387737 -47.504150
v 80.139954 0.353498 -46.513428
v 79.256165 0.339714 -45.520874
v 78.389954 0.336672 -44.519043
v 77.543640 0.340044 -43.500732
v 76.710876 0.342873 -42.468384
v 75.889160 0.354486 -41.427124
v 75.082642 0.332584 -40.373657
v 74.284058 0.336592 -39.307007
v 73.478516 0.347027 -38.243286
v 72.673340 0.339373 -37.179321
v 71.856689 0.349051 -36.112549
v 70.991211 0.329781 -35.068115
v 70.058350 0.329863 -34.082153
v 69.099365 0.299416 -33.143555
v 68.162415 0.295851 -32.208008
v 67.255005 0.285215 -31.245239
v 66.351990 0.277119 -30.267822
v 65.446533 0.255178 -29.288696
v 64.539429 0.236343 -28.311157
v 63.630310 0.225906 -27.332764
v 62.710449 0.203442 -26.360229
v 61.776917 0.208538 -25.400269
v 60.836731 0.210087 -24.450928
v 59.897156 0.224400 -23.505859
v 58.962463 0.219576 -22.556152
v 58.021912 0.242880 -21.604126
v 57.060364 0.187824 -20.663940
v 56.069519 0.070971 -19.754639
v 55.071106 0.076414 -18.869629
v 54.091125 0.173401 -17.979858
v 53.132385 0.329157 -17.068237
v 52.181885 0.540476 -16.142822
v 51.237366 0.775127 -15.209351
v 50.298279 0.747868 -14.270386
v 49.366882 0.559790 -13.324951
v 48.443054 0.446039 -12.370605
v 47.519958 0.371178 -11.415771
v 46.611511 0.321846 -10.459473
v 45.744995 0.283213 -9.481567
v 44.933105 0.273121 -8.455078
v 44.146545 0.293139 -7.386963
v 43.349854 0.298399 -6.310425
v 42.536621 0.283911 -5.248047
v 41.723816 0.247669 -4.191406
v 40.916077 0.232533 -3.135254
v 40.119995 0.226967 -2.069946
v 39.322693 0.236990 -0.996460
v 38.503479 0.276653 0.067383
v 37.659546 0.296341 1.111328
v 36.798706 0.300697 2.138916
v 35.920044 0.326159 3.151978
v 35.021851 0.343039 4.148804
v 34.107178 0.340260 5.128662
v 33.182007 0.343990 6.095825
v 32.248901 0.357368 7.055664
v 31.301331 0.378338 8.006348
v 30.330383 0.404289 8.939941
v 29.327026 0.413305 9.837402
v 28.313965 0.460968 10.705566
v 27.323364 0.527355 11.579712
v 26.357422 0.621590 12.480591
v 25.401794 0.724552 13.398193
v 24.457825 0.757980 14.325806
v 23.533325 0.757769 15.274902
v 22.611755 0.777159 16.242798
v 21.664856 0.830330 17.194702
v 20.696472 0.815908 18.123901
v 19.703430 0.680170 19.035034
v 18.659790 0.476484 19.898438
v 17.560425 0.399071 20.692871
v 16.423828 0.530251 21.428223
v 15.255859 0.788757 22.119995
v 14.041077 1.010950 22.728516
v 12.830139 0.975550 23.276489
v 11.700195 0.857178 23.880615
v 10.647583 0.767801 24.612305
v 9.623108 0.673254 25.429932
v 8.611633 0.605461 26.283081
v 7.613159 0.514210 27.144775
v 6.643372 0.394865 28.029053
v 5.710754 0.327864 28.945312
v 4.817566 0.297071 29.903076
v 3.955933 0.282824 30.898926
v 3.119995 0.290211 31.920410
v 2.304688 0.227211 32.957153
v 1.521667 0.161831 34.011597
v 0.790710 0.142902 35.090698
v 0.126404 0.091379 36.213379
v -0.497070 0.081213 37.379395
v -1.118408 0.094273 38.559448
v -1.740723 0.059477 39.737061
v -2.356018 0.084322 40.919922
v -2.981689 0.103180 42.105347
v -3.643677 0.128960 43.293579
v -4.306213 0.149195 44.465942
v -4.893982 0.163818 45.589111
v -5.357605 0.215591 46.649292
v -5.764526 0.266909 47.697876
v -6.213013 0.293592 48.784424
v -6.697144 0.293579 49.887207
v -7.221252 0.326952 51.021362
v -7.888306 0.390793 52.261719
v -8.756042 0.499088 53.650757
v -9.755127 0.659880 55.126465
v -10.790466 0.712065 56.590698
v -11.836243 0.683388 58.068237
v -12.934387 0.676710 59.556030
v -14.085754 0.686884 60.900757
v -15.280029 0.592140 62.043701
v -16.519104 0.495955 63.027588
v -17.817505 0.475691 63.838989
v -19.221375 0.474041 64.457275
v -20.660034 0.388231 64.888916
v -22.016724 0.365273 65.163086
v -23.188110 0.315252 65.123047
v -24.113220 0.289446 64.932007
v -24.897583 0.302366 65.005737
v -25.785461 0.284712 65.576660
v -26.791138 0.256878 66.488892
v -27.846069 0.278790 67.434570
v -28.907898 0.295267 68.269165
v -29.957947 0.263453 69.086060
v -30.989929 0.167252 69.912354
v -32.001404 0.040401 70.758911
v -33.002502 -0.118557 71.620361
v -33.999634 -0.233276 72.494629
v -35.000671 -0.272230 73.371460
v -35.989075 -0.248713 74.252808
v -36.939209 -0.156258 75.157227
v -37.846497 0.002209 76.099243
v -38.725220 0.167341 77.073364
v -39.582214 0.309862 78.070679
v -40.418213 0.408510 79.087891
v -41.230652 0.504238 80.126343
v -42.020874 0.602610 81.183350
v -42.792175 0.620190 82.254639
v -43.538574 0.615278 83.340332
v -44.248413 0.634764 84.445190
v -44.919373 0.625134 85.574707
v -45.556641 0.613667 86.727295
v -46.158264 0.588348 87.893677
v -46.703308 0.561357 89.088501
v -47.222595 0.540213 90.318970
v -47.788452 0.546032 91.551880
v -48.432312 0.513760 92.745605
v -49.104187 0.550413 93.904175
v -49.754395 0.618280 95.052246
v -50.353760 0.751110 96.226807
v -50.950806 0.870384 97.427124
v -51.611389 0.937595 98.614258
v -52.362915 0.959173 99.746094
v -53.157349 0.907022 100.829956
v -53.948853 0.831085 101.897217
v -54.721436 0.788952 102.980713
v -55.509094 0.761868 104.072021
v -56.343628 0.749506 105.139893
v -57.237122 0.725636 106.155273
v -58.161682 0.767700 107.127563
v -59.089539 0.864880 108.081665
v -60.012573 0.951338 109.046265
v -60.955872 1.029486 110.010132
v -61.939697 1.093010 110.933716
v -62.960876 1.140583 111.804565
v -64.018921 1.196503 112.630249
v -65.134949 1.157324 113.396851
v -66.324036 1.153831 114.063110
v -67.536926 1.152027 114.650757
v -68.710815 1.089849 115.243774
v -69.842529 0.972702 115.900391
v -70.979858 0.927761 116.586060
v -72.146057 0.640192 117.244629
v -73.336914 0.381638 117.847046
v -74.537903 0.090429 118.411499
v -75.753479 -0.082922 118.950073
v -76.988708 -0.286865 119.456787
v -78.232422 -0.559462 119.934814
v -79.471985 -0.701817 120.411743
v -80.712952 -0.582321 120.889160
v -81.949829 -0.490517 121.365479
v -83.167664 -0.303558 121.866089
v -84.370911 -0.158390 122.395386
v -85.557129 -0.000620 122.949829
v -86.710999 0.112221 123.547485
v -87.833374 0.114233 124.209839
v -88.938965 0.019241 124.924316
v -90.029541 -0.188713 125.654907
v -91.086365 -0.459507 126.414795
v -92.144470 -0.696077 127.203125
v -93.265015 -0.868513 127.944214
v -94.453735 -0.938969 128.609131
v -95.685425 -0.942898 129.212158
v -96.949707 -0.972643 129.726440
v -98.249451 -0.988678 130.160645
v -99.590515 -1.005812 130.506592
v -100.948792 -1.023912 130.703857
v -102.322815 -1.047363 130.732056
v -103.700134 -1.062449 130.607056
v -105.025024 -1.127779 130.315308
v -106.273376 -1.175486 129.843384
v -107.452148 -1.184713 129.209595
v -108.560242 -1.132462 128.433960
v -109.533508 -1.055901 127.464478
v -110.386780 -1.022327 126.409302
v -111.259827 -1.024296 125.479614
v -112.251343 -0.984453 124.704712
v -113.327698 -0.912271 123.989014
v -114.413940 -0.877411 123.326416
v -115.628479 -0.863836 122.831421
v -116.989441 -0.850807 122.326538
v -118.129944 -0.862310 121.331055
v -118.702515 -0.880270 119.635132
v -118.901001 -0.866871 117.668945
v -118.442566 -0.694033 115.880615
v -118.332703 -0.676208 114.473633
v -118.074951 -0.659662 113.202148
v -117.840454 -0.646978 111.927856
v -117.716431 -0.641987 110.598511
v -117.615601 -0.639570 109.266113
v -117.446716 -0.625370 107.948242
v -117.175537 -0.587940 106.649414
v -116.836243 -0.525131 105.365112
v -116.440125 -0.443632 104.099609
v -116.006104 -0.348890 102.834351
v -115.515320 -0.241468 101.587891
v -114.921448 -0.127977 100.418945
v -114.194824 -0.007534 99.359375
v -113.365295 0.133097 98.377197
v -112.476257 0.280228 97.436890
v -111.510254 0.529451 96.553101
v -110.484741 0.907227 95.711182
v -109.495361 1.097843 94.830200
v -108.577576 1.152199 93.878540
v -107.695862 1.161802 92.887451
v -106.839478 1.179913 91.872437
v -106.017944 1.172777 90.825073
v -105.221680 1.216000 89.753174
v -104.410767 1.193394 88.697021
v -103.584229 1.072283 87.655762
v -102.743103 1.063114 86.630127
v -101.850342 1.103424 85.661621
v -100.888733 0.835875 84.769287
v -99.875549 0.471392 83.934326
v -98.825317 0.209435 83.140991
v -97.724915 0.100559 82.406982
v -96.587524 0.093065 81.714600
v -95.466370 0.102549 80.996338
v -94.378174 0.121489 80.228271
v -93.306274 0.113407 79.434204
v -92.254150 0.136526 78.616943
v -91.213501 0.183954 77.786133
v -90.192627 0.251551 76.932007
v -89.219360 0.375017 76.029541
v -88.319885 0.513321 75.053467
v -87.467957 0.561779 74.028809
v -86.613525 0.591536 73.005249
v -85.733032 0.651987 72.004150
v -84.849976 0.658178 71.003906
v -83.984314 0.540834 69.991577
v -83.147461 0.395159 68.958984
v -82.328125 0.235510 67.914062
v -81.512024 0.073076 66.866333
v -80.692871 0.009192 65.820312
v -79.877075 0.040854 64.771240
v -79.069580 0.128242 63.715332
v -78.274475 0.253653 62.648804
v -77.487610 0.308681 61.575195
v -76.701843 0.275076 60.500122
v -75.920471 0.213736 59.421021
v -75.140259 0.187872 58.340332
v -74.343567 0.171682 57.272095
v -73.529968 0.175364 56.215210
v -72.699951 0.165127 55.170410
v -71.837891 0.140619 54.154297
v -70.928040 0.127998 53.181396
v -69.986084 0.120314 52.236816
v -69.043457 0.147074 51.293091
v -68.105103 0.138561 50.345093
v -67.166138 0.112343 49.397583
v -66.242493 0.107115 48.437500
v -65.347900 0.123224 47.453491
v -64.468933 0.005692 46.456787
v -63.580139 -0.173281 45.468018
v -62.667419 -0.222605 44.499146
v -61.744934 -0.212788 43.538086
v -60.830994 -0.225508 42.568726
v -59.927185 -0.263872 41.588989
v -59.031860 -0.302874 40.600830
v -58.157715 -0.339146 39.595581
v -57.308716 -0.334553 38.569946
v -56.480896 -0.261757 37.526855
v -55.675659 -0.178814 36.466797
v -54.898682 -0.118408 35.385742
v -54.144287 -0.139721 34.287598
v -53.396851 -0.279745 33.184082
v -52.661682 -0.426460 32.071655
v -51.933411 -0.343414 30.954224
v -51.181091 -0.104807 29.854736
v -50.389404 0.075901 28.784912
v -49.573608 0.104635 27.733276
v -48.747925 0.109606 26.688477
v -47.913330 0.091686 25.649414
v -47.068848 0.072338 24.617188
v -46.226074 0.061806 23.583740
v -45.390015 0.053595 22.545166
v -44.555420 0.048492 21.505371
v -43.719116 0.071894 20.467407
v -42.884583 0.103689 19.428345
v -42.048218 0.134325 18.391235
v -41.195618 0.136948 17.367676
v -40.303223 0.107676 16.376953
v -39.394592 0.053652 15.400024
v -38.525757 -0.007477 14.391602
v -37.717102 -0.057735 13.334351
v -36.948303 -0.062799 12.245361
v -36.214905 -0.045584 11.133789
v -35.516663 -0.069180 9.999512
v -34.853882 -0.082939 8.842285
v -34.222290 -0.105190 7.669067
v -33.622009 -0.084902 6.480591
v -33.053040 0.011000 5.276001
v -32.511108 0.079157 4.059814
v -31.990784 0.082144 2.834473
v -31.497559 0.090290 1.597656
v -31.043335 0.127546 0.346558
v -30.640320 0.142076 -0.922852
v -30.276306 0.097406 -2.206421
v -29.925842 0.000757 -3.493164
v -29.582214 -0.118376 -4.779785
v -29.252258 -0.211849 -6.069580
v -28.930969 -0.195595 -7.361938
v -28.630371 -0.113943 -8.659668
v -28.338379 -0.052328 -9.959961
v -28.013977 -0.027821 -11.251587
v -27.653809 -0.029760 -12.536987
v -27.261292 -0.013412 -13.813965
v -26.804871 0.000866 -15.064453
v -26.283875 0.015436 -16.295044
v -25.699036 0.006124 -17.499268
v -25.021118 0.001127 -18.637695
v -24.233765 0.026106 -19.703369
v -23.353333 0.051737 -20.703735
v -22.400269 0.076174 -21.620117
v -21.365356 0.165520 -22.430420
v -20.257751 0.256693 -23.156982
v -19.125244 0.337626 -23.848022
v -17.980957 0.489300 -24.518066
v -16.811768 0.594849 -25.152710
v -15.625793 0.706793 -25.756470
v -14.415710 0.770210 -26.312012
v -13.188843 0.623283 -26.836792
v -11.976074 0.474243 -27.388062
v -10.790405 0.346901 -27.989868
v -9.618774 0.246492 -28.617920
v -8.452515 0.183016 -29.258179
v -7.289062 0.128504 -29.906372
v -6.131104 0.049646 -30.566406
v -4.977905 0.023352 -31.234741
v -3.821350 0.057405 -31.898926
v -2.669556 0.126787 -32.571777
v -1.546448 0.144699 -33.286133
v -0.467041 0.174204 -34.064087
v 0.583740 0.178694 -34.883789
v 1.627014 0.154430 -35.713501
v 2.678162 0.174250 -36.534058
v 3.721741 0.173655 -37.364502
v 4.733398 0.148306 -38.230591
v 5.696350 0.131207 -39.150757
v 6.627319 0.127518 -40.106689
v 7.552185 0.165401 -41.068481
v 8.474487 0.183193 -42.031250
v 9.390686 0.165649 -43.000244
v 10.316101 0.175594 -43.959839
v 11.265564 0.206814 -44.896118
v 12.224243 0.235106 -45.823242
v 13.163879 0.225189 -46.768433
v 14.065735 0.229982 -47.749390
v 14.948364 0.244303 -48.748657
v 15.839722 0.259571 -49.739746
v 16.747192 0.257408 -50.716064
v 17.663208 0.266865 -51.684326
v 18.593445 0.278023 -52.638550
v 19.545532 0.273888 -53.571167
v 20.511719 0.279356 -54.489746
v 21.474976 0.299082 -55.410767
v 22.435852 0.313696 -56.333740
v 23.393799 0.291096 -57.259399
v 24.329651 0.272806 -58.206177
v 25.247009 0.282839 -59.173950
v 26.142212 0.272181 -60.162842
v 26.985352 0.265701 -61.192261
v 27.780212 0.279966 -62.267090
v 28.522827 0.271997 -63.382324
v 29.172363 0.264742 -64.541504
v 29.690674 0.257353 -65.757202
v 30.115662 0.257448 -67.016846
v 30.520813 0.267771 -68.285522
v 30.924744 0.312916 -69.554199
v 31.308716 0.343166 -70.831909
v 31.689575 0.358631 -72.110596
v 32.074463 0.372038 -73.387085
v 32.456055 0.393187 -74.664551
v 32.829834 0.398100 -75.944092
v 33.194458 0.381441 -77.226440
v 33.551270 0.359129 -78.511230
v 33.899719 0.350435 -79.798096
v 34.221130 0.326342 -81.093506
v 34.534058 0.330040 -82.391235
v 34.894531 0.330675 -83.672119
v 35.322266 0.334454 -84.930542
v 35.797363 0.336273 -86.172363
v 36.316040 0.284719 -87.395996
v 36.882812 0.268272 -88.599731
v 37.493103 0.263294 -89.785400
v 38.129028 0.233681 -90.957031
v 38.785278 0.204144 -92.116699
v 39.467163 0.156937 -93.262451
v 40.173645 0.122110 -94.391724
v 40.899658 0.107822 -95.507935
v 41.650146 0.102127 -96.607788
v 42.439392 0.092346 -97.678833
v 43.275269 0.064491 -98.716675
v 44.149719 0.029682 -99.725830
v 45.052734 0.039854 -100.707031
v 45.978699 0.064342 -101.664917
v 46.933044 0.074183 -102.595093
v 47.922302 0.097826 -103.484253
v 48.952209 0.128763 -104.327026
v 50.016907 0.158281 -105.128662
v 51.105774 0.191236 -105.893066
v 52.211609 0.169407 -106.630981
v 53.341431 0.163746 -107.331299
v 54.506470 0.193890 -107.965454
v 55.718506 0.212307 -108.510254
v 56.965637 0.187576 -108.988892
v 58.222473 0.130600 -109.441040
v 59.485107 0.111649 -109.867432
v 60.757507 0.110424 -110.267578
v 62.026184 0.141005 -110.678589
v 63.288147 0.142649 -111.109497
v 64.546387 0.142174 -111.551636
v 65.796143 0.147699 -112.015503
v 67.038452 0.133121 -112.500732
v 68.272278 0.147482 -113.007812
v 69.490051 0.180061 -113.549194
v 70.690552 0.179699 -114.129761
v 71.874817 0.189493 -114.744629
v 73.039062 0.212130 -115.390991
v 74.184387 0.238340 -116.064575
v 75.309448 0.255707 -116.769531
v 76.406677 0.273304 -117.517090
v 77.464539 0.275776 -118.323975
v 78.494507 0.262115 -119.173584
v 79.523071 0.269707 -120.024658
v 80.559265 0.268003 -120.863647
v 81.593994 0.281792 -121.704590
v 82.627441 0.286600 -122.546997
v 83.658813 0.299358 -123.391968
v 84.688721 0.306677 -124.238770
v 85.719116 0.314880 -125.084839
v 86.736328 0.332132 -125.952637
v 87.753967 0.351629 -126.819580
v 88.815186 0.367619 -127.617188
v 89.937439 0.360430 -128.343384
v 91.103088 0.368986 -128.999756
v 92.303223 0.434793 -129.523315
v 93.541687 0.469128 -129.900513
v 94.814453 0.474445 -130.144897
v 96.100830 0.500498 -130.232544
v 97.401245 0.514631 -130.118652
v 98.715088 0.491701 -129.848145
v 100.020081 0.465319 -129.531006
v 101.307983 0.473246 -129.195679
v 102.587036 0.559948 -128.814209
v 103.859009 0.673695 -128.412476
v 105.131226 0.736368 -128.011719
v 106.396484 0.724127 -127.590698
v 107.635010 0.666250 -127.112427
v 108.865845 0.581051 -126.590210
v 110.069885 0.462139 -126.010620
v 111.170593 0.357029 -125.295654
v 112.156921 0.344063 -124.399780
v 113.039673 0.365753 -123.368652
v 113.775635 0.393034 -122.260254
v 114.299866 0.407003 -121.070068
v 114.677124 0.444981 -119.802856
v 115.058716 0.521509 -118.530762
v 115.510681 0.583017 -117.280640
v 115.967041 0.585087 -116.025757
v 116.380859 0.589924 -114.758789
v 116.724854 0.598436 -113.473877
v 117.026306 0.572556 -112.176636
v 117.320190 0.562433 -110.877075
v 117.638672 0.568237 -109.579712
v 117.949585 0.552650 -108.279663
v 118.191223 0.551338 -106.973145
v 118.351624 0.573755 -105.654297
v 118.442566 0.591131 -104.328857
v 118.438965 0.607815 -103.008301
v 118.316895 0.652613 -101.695557
v 118.100098 0.745651 -100.387451
v 117.834412 0.892380 -99.087402
v 117.530151 1.011465 -97.793579
v 117.177002 1.030214 -96.507812
v 116.789490 0.966871 -95.236816
v 116.397705 0.851364 -93.970215
v 115.971558 0.761429 -92.718750
v 115.436218 0.696728 -91.520386
v 114.713745 0.649347 -90.416260
v 113.881836 0.624979 -89.365234
v 113.099426 0.607595 -88.282593
v 112.446045 0.571062 -87.122925
v 111.841919 0.575380 -85.931641
v 111.207214 0.592997 -84.758545
v 110.509949 0.581238 -83.622925
v 109.781860 0.550333 -82.505615
v 109.038696 0.557226 -81.398315
v 108.283447 0.574217 -80.299683
v 107.513062 0.580240 -79.211304
v 106.733887 0.576057 -78.129395
v 105.948975 0.580469 -77.052002
v 105.155273 0.589392 -75.981323
v 104.349548 0.625263 -74.919556
v 103.535767 0.657639 -73.862671
v 102.710022 0.650867 -72.814819
v 101.857361 0.614851 -71.790894
v 100.962830 0.607862 -70.804688
v 100.041443 0.591274 -69.842529
v 99.122803 0.552605 -68.877319
v 98.215088 0.561129 -67.901733
v 97.310059 0.537254 -66.923096
v 96.413269 0.516657 -65.936890
v 95.527039 0.525526 -64.940918
v 94.649109 0.532225 -63.937378
v 93.777344 0.532721 -62.928467
v 92.911499 0.550806 -61.914551
v 92.051880 0.571606 -60.895630
v 91.197754 0.588985 -59.871948
v 90.355530 0.595795 -58.838257
v 89.518677 0.599958 -57.800049
v 88.667664 0.597321 -56.774048
v 87.791016 0.595140 -55.769775
v 86.900024 0.593409 -54.777588
v 86.008667 0.568657 -53.785889
v 85.122192 0.551479 -52.789917
v 84.235229 0.534838 -51.794556
v 83.345520 0.546528 -50.801514
v 82.450195 0.530939 -49.813599
v 81.552124 0.521917 -48.828003
v 80.658264 0.531210 -47.838745
v 79.767273 0.502623 -46.846680
v 78.880371 0.492460 -45.850708
v 78.008545 0.488726 -44.842407
v 77.156799 0.492205 -43.817505
v 76.320068 0.503244 -42.780273
v 75.494385 0.514055 -41.734009
v 74.684021 0.485806 -40.675415
v 73.884644 0.486994 -39.607788
v 73.079895 0.496744 -38.545044
v 72.275452 0.494541 -37.482178
v 71.465576 0.509304 -36.424072
v 70.616882 0.491556 -35.399658
v 69.701843 0.480347 -34.432739
v 68.747864 0.450909 -33.499146
v 67.803833 0.444679 -32.556396
v 66.889465 0.432503 -31.586426
v 65.984802 0.423056 -30.607178
v 65.079712 0.401402 -29.628540
v 64.173035 0.383230 -28.651367
v 63.265564 0.371592 -27.674683
v 62.349609 0.341787 -26.706299
v 61.420044 0.347755 -25.750488
v 60.481812 0.356932 -24.803101
v 59.541687 0.372852 -23.857544
v 58.606445 0.372503 -22.907227
v 57.669250 0.388931 -21.958618
v 56.716492 0.360714 -21.026978
v 55.734680 0.286993 -20.125977
v 54.737183 0.325460 -19.241821
v 53.750793 0.429535 -18.346191
v 52.785706 0.564156 -17.428589
v 51.831726 0.729259 -16.499756
v 50.884888 0.888317 -15.563965
v 49.943420 0.820375 -14.622681
v 49.009155 0.638201 -13.674316
v 48.083679 0.537214 -12.718262
v 47.158936 0.487007 -11.761719
v 46.243042 0.454208 -10.797485
v 45.361633 0.427479 -9.802612
v 44.535706 0.415165 -8.758423
v 43.744263 0.429499 -7.683960
v 42.950378 0.437613 -6.611084
v 42.139954 0.416851 -5.552490
v 41.327087 0.387037 -4.495728
v 40.517212 0.369249 -3.436768
v 39.719055 0.357883 -2.368652
v 38.923889 0.365562 -1.298096
v 38.110962 0.413382 -0.242310
v 37.273499 0.433491 0.793579
v 36.418213 0.434986 1.814575
v 35.545471 0.458000 2.820801
v 34.653381 0.474663 3.810791
v 33.743774 0.470421 4.785278
v 32.822083 0.474144 5.748779
v 31.892578 0.481417 6.704956
v 30.950989 0.510674 7.649658
v 29.990356 0.540003 8.573364
v 28.997681 0.547987 9.461182
v 27.985840 0.600777 10.328247
v 26.987366 0.672962 11.209351
v 26.013733 0.773365 12.117432
v 25.053406 0.900959 13.039551
v 24.103516 0.932541 13.973022
v 23.173157 0.947277 14.928101
v 22.253418 0.957766 15.894043
v 21.314514 0.984549 16.838013
v 20.354309 0.974222 17.759277
v 19.374939 0.827217 18.658081
v 18.353821 0.625679 19.502930
v 17.278137 0.559198 20.280151
v 16.160522 0.683208 21.003174
v 15.016357 0.928188 21.681152
v 13.825989 1.153938 22.277100
v 12.608948 1.122465 22.828125
v 11.439209 1.006378 23.454102
v 10.348877 0.918770 24.211304
v 9.305969 0.826847 25.043335
v 8.287109 0.758327 25.902710
v 7.281311 0.671158 26.770752
v 6.299622 0.533888 27.665894
v 5.352600 0.473871 28.596436
v 4.445618 0.455770 29.568970
v 3.573364 0.439030 30.577026
v 2.729980 0.444679 31.607544
v 1.907410 0.382708 32.653564
v 1.113831 0.316174 33.722290
v 0.368347 0.297520 34.823120
v -0.309265 0.235355 35.968140
v -0.938721 0.217550 37.145020
v -1.560669 0.221941 38.326172
v -2.183533 0.190727 39.504883
v -2.798889 0.213924 40.687866
v -3.421204 0.234041 41.866943
v -4.079712 0.265852 43.048950
v -4.745422 0.284279 44.227051
v -5.344849 0.295891 45.372925
v -5.819824 0.347126 46.458618
v -6.228699 0.383591 47.512085
v -6.673035 0.418486 48.588501
v -7.153015 0.425255 49.681885
v -7.668579 0.464764 50.797974
v -8.320740 0.517391 52.010742
v -9.175171 0.606928 53.378052
v -10.166260 0.757551 54.841919
v -11.198669 0.832582 56.301880
v -12.241516 0.812983 57.775391
v -13.325745 0.808136 59.244873
v -14.448975 0.822071 60.557129
v -15.608704 0.734076 61.666870
v -16.807617 0.649815 62.619263
v -18.051392 0.638639 63.397095
v -19.394226 0.629150 63.988037
v -20.781982 0.568029 64.404053
v -22.058105 0.526497 64.664795
v -23.129456 0.484837 64.626465
v -24.089172 0.464418 64.432617
v -25.060547 0.467947 64.533081
v -26.087280 0.452812 65.177979
v -27.125732 0.423309 66.117310
v -28.167603 0.443016 67.051636
v -29.215881 0.452778 67.875244
v -30.267761 0.430006 68.693604
v -31.306641 0.380165 69.525513
v -32.324951 0.257505 70.377686
v -33.330383 0.093172 71.242920
v -34.329163 -0.042049 72.118530
v -35.331787 -0.116184 72.996826
v -36.327881 -0.145437 73.885132
v -37.291748 -0.081701 74.802612
v -38.212219 0.057158 75.758301
v -39.100464 0.213106 76.742920
v -39.965027 0.356819 77.749023
v -40.808289 0.466215 78.775146
v -41.627808 0.601793 79.822632
v -42.424011 0.743271 80.887573
v -43.201111 0.780472 81.966919
v -43.954956 0.777206 83.063599
v -44.673767 0.785439 84.182373
v -45.353149 0.789190 85.326050
v -45.997681 0.753550 86.491699
v -46.608032 0.758219 87.675293
v -47.161133 0.716475 88.887451
v -47.680176 0.694183 90.117432
v -48.235962 0.700050 91.328857
v -48.868652 0.691572 92.501465
v -49.538025 0.701944 93.655518
v -50.194702 0.756227 94.815430
v -50.800293 0.866816 96.001831
v -51.393250 0.977484 97.194214
v -52.038452 1.052624 98.354248
v -52.772888 1.067459 99.459839
v -53.559753 1.036333 100.533203
v -54.353210 0.972031 101.603149
v -55.127686 0.939180 102.689209
v -55.908875 0.922340 103.771729
v -56.728455 0.912430 104.820679
v -57.606018 0.898535 105.817749
v -58.522034 0.937902 106.781006
v -59.449402 1.043352 107.734497
v -60.371887 1.123371 108.698608
v -61.305725 1.196819 109.652954
v -62.273132 1.254705 110.561157
v -63.276978 1.295172 111.417114
v -64.314453 1.332275 112.226929
v -65.398987 1.296621 112.972290
v -66.555237 1.317835 113.619751
v -67.758667 1.331728 114.202637
v -68.949097 1.275143 114.804199
v -70.097046 1.151047 115.469971
v -71.231934 1.087322 116.154175
v -72.381897 0.866341 116.803711
v -73.556152 0.632950 117.397705
v -74.745483 0.356483 117.956665
v -75.949646 0.167522 118.490112
v -77.173279 -0.051420 118.992065
v -78.411865 -0.258808 119.468140
v -79.651550 -0.362677 119.945068
v -80.892578 -0.249352 120.422485
v -82.134766 -0.151409 120.900879
v -83.363403 -0.003757 121.406006
v -84.577454 0.162683 121.940063
v -85.778015 0.292213 122.501221
v -86.953125 0.424297 123.109985
v -88.096130 0.419252 123.784424
v -89.213806 0.252026 124.506592
v -90.314697 -0.008467 125.244141
v -91.381714 -0.298914 126.011353
v -92.431885 -0.540508 126.793945
v -93.525146 -0.724318 127.517212
v -94.685791 -0.798225 128.166260
v -95.889648 -0.789143 128.755737
v -97.123230 -0.823584 129.257446
v -98.391296 -0.844141 129.681152
v -99.689148 -0.861574 130.016479
v -100.989929 -0.878077 130.205566
v -102.305298 -0.899940 130.232422
v -103.623718 -0.915518 130.112915
v -104.882507 -0.967613 129.836060
v -106.066040 -1.019119 129.388428
v -107.190063 -1.032276 128.783813
v -108.239258 -0.987642 128.050659
v -109.161987 -0.902525 127.129883
v -110.010010 -0.861233 126.080688
v -110.922668 -0.853506 125.110474
v -111.958557 -0.825188 124.299438
v -113.059204 -0.767223 123.567261
v -114.188660 -0.734743 122.880005
v -115.448181 -0.714695 122.365112
v -116.736511 -0.699234 121.895264
v -117.714050 -0.708670 121.053467
v -118.213318 -0.728279 119.531860
v -118.401917 -0.714546 117.638306
v -118.442566 -0.694033 115.880615
v -118.332703 -0.676208 114.473633
v -118.074951 -0.659662 113.202148
v -117.840454 -0.646978 111.927856
v -117.716431 -0.641987 110.598511
v -117.615601 -0.639570 109.266113
v -117.446716 -0.625370 107.948242
v -117.175537 -0.587940 106.649414
v -116.836243 -0.525131 105.365112
v -116.440125 -0.443632 104.099609
v -116.006104 -0.348890 102.834351
v -115.515320 -0.241468 101.587891
v -114.921448 -0.127977 100.418945
v -114.194824 -0.007534 99.359375
v -113.365295 0.133097 98.377197
v -112.476257 0.280228 97.436890
v -111.510254 0.529451 96.553101
v -110.484741 0.907227 95.711182
v -109.495361 1.097843 94.830200
v -108.577576 1.152199 93.878540
v -107.695862 1.161802 92.887451
v -106.839478 1.179913 91.872437
v -106.017944 1.172777 90.825073
v -105.221680 1.216000 89.753174
v -104.410767 1.193394 88.697021
v -103.584229 1.072283 87.655762
v -102.743103 1.063114 86.630127
v -101.850342 1.103424 85.661621
v -100.888733 0.835875 84.769287
v -99.875549 0.471392 83.934326
v -98.825317 0.209435 83.140991
v -97.724915 0.100559 82.406982
v -96.587524 0.093065 81.714600
v -95.466370 0.102549 80.996338
v -94.378174 0.121489 80.228271
v -93.306274 0.113407 79.434204
v -92.254150 0.136526 78.616943
v -91.213501 0.183954 77.786133
v -90.192627 0.251551 76.932007
v -89.219360 0.375017 76.029541
v -88.319885 0.513321 75.053467
v -87.467957 0.561779 74.028809
v -86.613525 0.591536 73.005249
v -85.733032 0.651987 72.004150
v -84.849976 0.658178 71.003906
v -83.984314 0.540834 69.991577
v -83.147461 0.395159 68.958984
v -82.328125 0.235510 67.914062
v -81.512024 0.073076 66.866333
v -80.692871 0.009192 65.820312
v -79.877075 0.040854 64.771240
v -79.069580 0.128242 63.715332
v -78.274475 0.253653 62.648804
v -77.487610 0.308681 61.575195
v -76.701843 0.275076 60.500122
v -75.920471 0.213736 59.421021
v -75.140259 0.187872 58.340332
v -74.343567 0.171682 57.272095
v -73.529968 0.175364 56.215210
v -72.699951 0.165127 55.170410
v -71.837891 0.140619 54.154297
v -70.928040 0.127998 53.181396
v -69.986084 0.120314 52.236816
v -69.043457 0.147074 51.293091
v -68.105103 0.138561 50.345093
v -67.166138 0.112343 49.397583
v -66.242493 0.107115 48.437500
v -65.347900 0.123224 47.453491
v -64.468933 0.005692 46.456787
v -63.580139 -0.173281 45.468018
v -62.667419 -0.222605 44.499146
v -61.744934 -0.212788 43.538086
v -60.830994 -0.225508 42.568726
v -59.927185 -0.263872 41.588989
v -59.031860 -0.302874 40.600830
v -58.157715 -0.339146 39.595581
v -57.308716 -0.334553 38.569946
v -56.480896 -0.261757 37.526855
v -55.675659 -0.178814 36.466797
v -54.898682 -0.118408 35.385742
v -54.144287 -0.139721 34.287598
v -53.396851 -0.279745 33.184082
v -52.661682 -0.426460 32.071655
v -51.933411 -0.343414 30.954224
v -51.181091 -0.104807 29.854736
v -50.389404 0.075901 28.784912
v -49.573608 0.104635 27.733276
v -48.747925 0.109606 26.688477
v -47.913330 0.091686 25.649414
v -47.068848 0.072338 24.617188
v -46.226074 0.061806 23.583740
v -45.390015 0.053595 22.545166
v -44.555420 0.048492 21.505371
v -43.719116 0.071894 20.467407
v -42.884583 0.103689 19.428345
v -42.048218 0.134325 18.391235
v -41.195618 0.136948 17.367676
v -40.303223 0.107676 16.376953
v -39.394592 0.053652 15.400024
v -38.525757 -0.007477 14.391602
v -37.717102 -0.057735 13.334351
v -36.948303 -0.062799 12.245361
v -36.214905 -0.045584 11.133789
v -35.516663 -0.069180 9.999512
v -34.853882 -0.082939 8.842285
v -34.222290 -0.105190 7.669067
v -33.622009 -0.084902 6.480591
v -33.053040 0.011000 5.276001
v -32.511108 0.079157 4.059814
v -31.990784 0.082144 2.834473
v -31.497559 0.090290 1.597656
v -31.043335 0.127546 0.346558
v -30.640320 0.142076 -0.922852
v -30.276306 0.097406 -2.206421
v -29.925842 0.000757 -3.493164
v -29.582214 -0.118376 -4.779785
v -29.252258 -0.211849 -6.069580
v -28.930969 -0.195595 -7.361938
v -28.630371 -0.113943 -8.659668
v -28.338379 -0.052328 -9.959961
v -28.013977 -0.027821 -11.251587
v -27.653809 -0.029760 -12.536987
v -27.261292 -0.013412 -13.813965
v -26.804871 0.000866 -15.064453
v -26.283875 0.015436 -16.295044
v -25.699036 0.006124 -17.499268
v -25.021118 0.001127 -18.637695
v -24.233765 0.026106 -19.703369
v -23.353333 0.051737 -20.703735
v -22.400269 0.076174 -21.620117
v -21.365356 0.165520 -22.430420
v -20.257751 0.256693 -23.156982
v -19.125244 0.337626 -23.848022
v -17.980957 0.489300 -24.518066
v -16.811768 0.594849 -25.152710
v -15.625793 0.706793 -25.756470
v -14.415710 0.770210 -26.312012
v -13.188843 0.623283 -26.836792
v -11.976074 0.474243 -27.388062
v -10.790405 0.346901 -27.989868
v -9.618774 0.246492 -28.617920
v -8.452515 0.183016 -29.258179
v -7.289062 0.128504 -29.906372
v -6.131104 0.049646 -30.566406
v -4.977905 0.023352 -31.234741
v -3.821350 0.057405 -31.898926
v -2.669556 0.126787 -32.571777
v -1.546448 0.144699 -33.286133
v -0.467041 0.174204 -34.064087
v 0.583740 0.178694 -34.883789
v 1.627014 0.154430 -35.713501
v 2.678162 0.174250 -36.534058
v 3.721741 0.173655 -37.364502
v 4.733398 0.148306 -38.230591
v 5.696350 0.131207 -39.150757
v 6.627319 0.127518 -40.106689
v 7.552185 0.165401 -41.068481
v 8.474487 0.183193 -42.031250
v 9.390686 0.165649 -43.000244
v 10.316101 0.175594 -43.959839
v 11.265564 0.206814 -44.896118
v 12.224243 0.235106 -45.823242
v 13.163879 0.225189 -46.768433
v 14.065735 0.229982 -47.749390
v 14.948364 0.244303 -48.748657
v 15.839722 0.259571 -49.739746
v 16.747192 0.257408 -50.716064
v 17.663208 0.266865 -51.684326
v 18.593445 0.278023 -52.638550
v 19.545532 0.273888 -53.571167
v 20.511719 0.279356 -54.489746
v 21.474976 0.299082 -55.410767
v 22.435852 0.313696 -56.333740
v 23.393799 0.291096 -57.259399
v 24.329651 0.272806 -58.206177
v 25.247009 0.282839 -59.173950
v 26.142212 0.272181 -60.162842
v 26.985352 0.265701 -61.192261
v 27.780212 0.279966 -62.267090
v 28.522827 0.271997 -63.382324
v 29.172363 0.264742 -64.541504
v 29.690674 0.257353 -65.757202
v 30.115662 0.257448 -67.016846
v 30.520813 0.267771 -68.285522
v 30.924744 0.312916 -69.554199
v 31.308716 0.343166 -70.831909
v 31.689575 0.358631 -72.110596
v 32.074463 0.372038 -73.387085
v 32.456055 0.393187 -74.664551
v 32.829834 0.398100 -75.944092
v 33.194458 0.381441 -77.226440
v 33.551270 0.359129 -78.511230
v 33.899719 0.350435 -79.798096
v 34.221130 0.326342 -81.093506
v 34.534058 0.330040 -82.391235
v 34.894531 0.330675 -83.672119
v 35.322266 0.334454 -84.930542
v 35.797363 0.336273 -86.172363
v 36.316040 0.284719 -87.395996
v 36.882812 0.268272 -88.599731
v 37.493103 0.263294 -89.785400
v 38.129028 0.233681 -90.957031
v 38.785278 0.204144 -92.116699
v 39.467163 0.156937 -93.262451
v 40.173645 0.122110 -94.391724
v 40.899658 0.107822 -95.507935
v 41.650146 0.102127 -96.607788
v 42.439392 0.092346 -97.678833
v 43.275269 0.064491 -98.716675
v 44.149719 0.029682 -99.725830
v 45.052734 0.039854 -100.707031
v 45.978699 0.064342 -101.664917
v 46.933044 0.074183 -102.595093
v 47.922302 0.097826 -103.484253
v 48.952209 0.128763 -104.327026
v 50.016907 0.158281 -105.128662
v 51.105774 0.191236 -105.893066
v 52.211609 0.169407 -106.630981
v 53.341431 0.163746 -107.331299
v 54.506470 0.193890 -107.965454
v 55.718506 0.212307 -108.510254
v 56.965637 0.187576 -108.988892
v 58.222473 0.130600 -109.441040
v 59.485107 0.111649 -109.867432
v 60.757507 0.110424 -110.267578
v 62.026184 0.141005 -110.678589
v 63.288147 0.142649 -111.109497
v 64.546387 0.142174 -111.551636
v 65.796143 0.147699 -112.015503
v 67.038452 0.133121 -112.500732
v 68.272278 0.147482 -113.007812
v 69.490051 0.180061 -113.549194
v 70.690552 0.179699 -114.129761
v 71.874817 0.189493 -114.744629
v 73.039062 0.212130 -115.390991
v 74.184387 0.238340 -116.064575
v 75.309448 0.255707 -116.769531
v 76.406677 0.273304 -117.517090
v 77.464539 0.275776 -118.323975
v 78.494507 0.262115 -119.173584
v 79.523071 0.269707 -120.024658
v 80.559265 0.268003 -120.863647
v 81.593994 0.281792 -121.704590
v 82.627441 0.286600 -122.546997
v 83.658813 0.299358 -123.391968
v 84.688721 0.306677 -124.238770
v 85.719116 0.314880 -125.084839
v 86.736328 0.332132 -125.952637
v 87.753967 0.351629 -126.819580
v 88.815186 0.367619 -127.617188
v 89.937439 0.360430 -128.343384
v 91.103088 0.368986 -128.999756
v 92.303223 0.434793 -129.523315
v 93.541687 0.469128 -129.900513
v 94.814453 0.474445 -130.144897
v 96.100830 0.500498 -130.232544
v 97.401245 0.514631 -130.118652
v 98.715088 0.491701 -129.848145
v 100.020081 0.465319 -129.531006
v 101.307983 0.473246 -129.195679
v 102.587036 0.559948 -128.814209
v 103.859009 0.673695 -128.412476
v 105.131226 0.736368 -128.011719
v 106.396484 0.724127 -127.590698
v 107.635010 0.666250 -127.112427
v 108.865845 0.581051 -126.590210
v 110.069885 0.462139 -126.010620
v 111.170593 0.357029 -125.295654
v 112.156921 0.344063 -124.399780
v 113.039673 0.365753 -123.368652
v 113.775635 0.393034 -122.260254
v 114.299866 0.407003 -121.070068
v 114.677124 0.444981 -119.802856
v 115.058716 0.521509 -118.530762
v 115.510681 0.583017 -117.280640
v 115.967041 0.585087 -116.025757
v 116.380859 0.589924 -114.758789
v 116.724854 0.598436 -113.473877
v 117.026306 0.572556 -112.176636
v 117.320190 0.562433 -110.877075
v 117.638672 0.568237 -109.579712
v 117.949585 0.552650 -108.279663
v 118.191223 0.551338 -106.973145
v 118.351624 0.573755 -105.654297
v 118.442566 0.591131 -104.328857
v 118.438965 0.607815 -103.008301
v 118.316895 0.652613 -101.695557
v 118.100098 0.745651 -100.387451
v 117.834412 0.892380 -99.087402
v 117.530151 1.011465 -97.793579
v 117.177002 1.030214 -96.507812
v 116.789490 0.966871 -95.236816
v 116.397705 0.851364 -93.970215
v 115.971558 0.761429 -92.718750
v 115.436218 0.696728 -91.520386
v 114.713745 0.649347 -90.416260
v 113.881836 0.624979 -89.365234
v 113.099426 0.607595 -88.282593
v 112.446045 0.571062 -87.122925
v 111.841919 0.575380 -85.931641
v 111.207214 0.592997 -84.758545
v 110.509949 0.581238 -83.622925
v 109.781860 0.550333 -82.505615
v 109.038696 0.557226 -81.398315
v 108.283447 0.574217 -80.299683
v 107.513062 0.580240 -79.211304
v 106.733887 0.576057 -78.129395
v 105.948975 0.580469 -77.052002
v 105.155273 0.589392 -75.981323
v 104.349548 0.625263 -74.919556
v 103.535767 0.657639 -73.862671
v 102.710022 0.650867 -72.814819
v 101.857361 0.614851 -71.790894
v 100.962830 0.607862 -70.804688
v 100.041443 0.591274 -69.842529
v 99.122803 0.552605 -68.877319
v 98.215088 0.561129 -67.901733
v 97.310059 0.537254 -66.923096
v 96.413269 0.516657 -65.936890
v 95.527039 0.525526 -64.940918
v 94.649109 0.532225 -63.937378
v 93.777344 0.532721 -62.928467
v 92.911499 0.550806 -61.914551
v 92.051880 0.571606 -60.895630
v 91.197754 0.588985 -59.871948
v 90.355530 0.595795 -58.838257
v 89.518677 0.599958 -57.800049
v 88.667664 0.597321 -56.774048
v 87.791016 0.595140 -55.769775
v 86.900024 0.593409 -54.777588
v 86.008667 0.568657 -53.785889
v 85.122192 0.551479 -52.789917
v 84.235229 0.534838 -51.794556
v 83.345520 0.546528 -50.801514
v 82.450195 0.530939 -49.813599
v 81.552124 0.521917 -48.828003
v 80.658264 0.531210 -47.838745
v 79.767273 0.502623 -46.846680
v 78.880371 0.492460 -45.850708
v 78.008545 0.488726 -44.842407
v 77.156799 0.492205 -43.817505
v 76.320068 0.503244 -42.780273
v 75.494385 0.514055 -41.734009
v 74.684021 0.485806 -40.675415
v 73.884644 0.486994 -39.607788
v 73.079895 0.496744 -38.545044
v 72.275452 0.494541 -37.482178
v 71.465576 0.509304 -36.424072
v 70.616882 0.491556 -35.399658
v 69.701843 0.480347 -34.432739
v 68.747864 0.450909 -33.499146
v 67.803833 0.444679 -32.556396
v 66.889465 0.432503 -31.586426
v 65.984802 0.423056 -30.607178
v 65.079712 0.401402 -29.628540
v 64.173035 0.383230 -28.651367
v 63.265564 0.371592 -27.674683
v 62.349609 0.341787 -26.706299
v 61.420044 0.347755 -25.750488
v 60.481812 0.356932 -24.803101
v 59.541687 0.372852 -23.857544
v 58.606445 0.372503 -22.907227
v 57.669250 0.388931 -21.958618
v 56.716492 0.360714 -21.026978
v 55.734680 0.286993 -20.125977
v 54.737183 0.325460 -19.241821
v 53.750793 0.429535 -18.346191
v 52.785706 0.564156 -17.428589
v 51.831726 0.729259 -16.499756
v 50.884888 0.888317 -15.563965
v 49.943420 0.820375 -14.622681
v 49.009155 0.638201 -13.674316
v 48.083679 0.537214 -12.718262
v 47.158936 0.487007 -11.761719
v 46.243042 0.454208 -10.797485
v 45.361633 0.427479 -9.802612
v 44.535706 0.415165 -8.758423
v 43.744263 0.429499 -7.683960
v 42.950378 0.437613 -6.611084
v 42.139954 0.416851 -5.552490
v 41.327087 0.387037 -4.495728
v 40.517212 0.369249 -3.436768
v 39.719055 0.357883 -2.368652
v 38.923889 0.365562 -1.298096
v 38.110962 0.413382 -0.242310
v 37.273499 0.433491 0.793579
v 36.418213 0.434986 1.814575
v 35.545471 0.458000 2.820801
v 34.653381 0.474663 3.810791
v 33.743774 0.470421 4.785278
v 32.822083 0.474144 5.748779
v 31.892578 0.481417 6.704956
v 30.950989 0.510674 7.649658
v 29.990356 0.540003 8.573364
v 28.997681 0.547987 9.461182
v 27.985840 0.600777 10.328247
v 26.987366 0.672962 11.209351
v 26.013733 0.773365 12.117432
v 25.053406 0.900959 13.039551
v 24.103516 0.932541 13.973022
v 23.173157 0.947277 14.928101
v 22.253418 0.957766 15.894043
v 21.314514 0.984549 16.838013
v 20.354309 0.974222 17.759277
v 19.374939 0.827217 18.658081
v 18.353821 0.625679 19.502930
v 17.278137 0.559198 20.280151
v 16.160522 0.683208 21.003174
v 15.016357 0.928188 21.681152
v 13.825989 1.153938 22.277100
v 12.608948 1.122465 22.828125
v 11.439209 1.006378 23.454102
v 10.348877 0.918770 24.211304
v 9.305969 0.826847 25.043335
v 8.287109 0.758327 25.902710
v 7.281311 0.671158 26.770752
v 6.299622 0.533888 27.665894
v 5.352600 0.473871 28.596436
v 4.445618 0.455770 29.568970
v 3.573364 0.439030 30.577026
v 2.729980 0.444679 31.607544
v 1.907410 0.382708 32.653564
v 1.113831 0.316174 33.722290
v 0.368347 0.297520 34.823120
v -0.309265 0.235355 35.968140
v -0.938721 0.217550 37.145020
v -1.560669 0.221941 38.326172
v -2.183533 0.190727 39.504883
v -2.798889 0.213924 40.687866
v -3.421204 0.234041 41.866943
v -4.079712 0.265852 43.048950
v -4.745422 0.284279 44.227051
v -5.344849 0.295891 45.372925
v -5.819824 0.347126 46.458618
v -6.228699 0.383591 47.512085
v -6.673035 0.418486 48.588501
v -7.153015 0.425255 49.681885
v -7.668579 0.464764 50.797974
v -8.320740 0.517391 52.010742
v -9.175171 0.606928 53.378052
v -10.166260 0.757551 54.841919
v -11.198669 0.832582 56.301880
v -12.241516 0.812983 57.775391
v -13.325745 0.808136 59.244873
v -14.448975 0.822071 60.557129
v -15.608704 0.734076 61.666870
v -16.807617 0.649815 62.619263
v -18.051392 0.638639 63.397095
v -19.394226 0.629150 63.988037
v -20.781982 0.568029 64.404053
v -22.058105 0.526497 64.664795
v -23.129456 0.484837 64.626465
v -24.089172 0.464418 64.432617
v -25.060547 0.467947 64.533081
v -26.087280 0.452812 65.177979
v -27.125732 0.423309 66.117310
v -28.167603 0.443016 67.051636
v -29.215881 0.452778 67.875244
v -30.267761 0.430006 68.693604
v -31.306641 0.380165 69.525513
v -32.324951 0.257505 70.377686
v -33.330383 0.093172 71.242920
v -34.329163 -0.042049 72.118530
v -35.331787 -0.116184 72.996826
v -36.327881 -0.145437 73.885132
v -37.291748 -0.081701 74.802612
v -38.212219 0.057158 75.758301
v -39.100464 0.213106 76.742920
v -39.965027 0.356819 77.749023
v -40.808289 0.466215 78.775146
v -41.627808 0.601793 79.822632
v -42.424011 0.743271 80.887573
v -43.201111 0.780472 81.966919
v -43.954956 0.777206 83.063599
v -44.673767 0.785439 84.182373
v -45.353149 0.789190 85.326050
v -45.997681 0.753550 86.491699
v -46.608032 0.758219 87.675293
v -47.161133 0.716475 88.887451
v -47.680176 0.694183 90.117432
v -48.235962 0.700050 91.328857
v -48.868652 0.691572 92.501465
v -49.538025 0.701944 93.655518
v -50.194702 0.756227 94.815430
v -50.800293 0.866816 96.001831
v -51.393250 0.977484 97.194214
v -52.038452 1.052624 98.354248
v -52.772888 1.067459 99.459839
v -53.559753 1.036333 100.533203
v -54.353210 0.972031 101.603149
v -55.127686 0.939180 102.689209
v -55.908875 0.922340 103.771729
v -56.728455 0.912430 104.820679
v -57.606018 0.898535 105.817749
v -58.522034 0.937902 106.781006
v -59.449402 1.043352 107.734497
v -60.371887 1.123371 108.698608
v -61.305725 1.196819 109.652954
v -62.273132 1.254705 110.561157
v -63.276978 1.295172 111.417114
v -64.314453 1.332275 112.226929
v -65.398987 1.296621 112.972290
v -66.555237 1.317835 113.619751
v -67.758667 1.331728 114.202637
v -68.949097 1.275143 114.804199
v -70.097046 1.151047 115.469971
v -71.231934 1.087322 116.154175
v -72.381897 0.866341 116.803711
v -73.556152 0.632950 117.397705
v -74.745483 0.356483 117.956665
v -75.949646 0.167522 118.490112
v -77.173279 -0.051420 118.992065
v -78.411865 -0.258808 119.468140
v -79.651550 -0.362677 119.945068
v -80.892578 -0.249352 120.422485
v -82.134766 -0.151409 120.900879
v -83.363403 -0.003757 121.406006
v -84.577454 0.162683 121.940063
v -85.778015 0.292213 122.501221
v -86.953125 0.424297 123.109985
v -88.096130 0.419252 123.784424
v -89.213806 0.252026 124.506592
v -90.314697 -0.008467 125.244141
v -91.381714 -0.298914 126.011353
v -92.431885 -0.540508 126.793945
v -93.525146 -0.724318 127.517212
v -94.685791 -0.798225 128.166260
v -95.889648 -0.789143 128.755737
v -97.123230 -0.823584 129.257446
v -98.391296 -0.844141 129.681152
v -99.689148 -0.861574 130.016479
v -100.989929 -0.878077 130.205566
v -102.305298 -0.899940 130.232422
v -103.623718 -0.915518 130.112915
v -104.882507 -0.967613 129.836060
v -106.066040 -1.019119 129.388428
v -107.190063 -1.032276 128.783813
v -108.239258 -0.987642 128.050659
v -109.161987 -0.902525 127.129883
v -110.010010 -0.861233 126.080688
v -110.922668 -0.853506 125.110474
v -111.958557 -0.825188 124.299438
v -113.059204 -0.767223 123.567261
v -114.188660 -0.734743 122.880005
v -115.448181 -0.714695 122.365112
v -116.736511 -0.699234 121.895264
v -117.714050 -0.708670 121.053467
v -118.213318 -0.728279 119.531860
v -118.401917 -0.714546 117.638306
v -116.442566 -0.542473 105.767456
v -116.442566 -0.618050 107.767456
v -116.442566 -0.628075 109.767456
v -116.442566 -0.560266 111.767456
v -116.442566 -0.439737 113.767456
v -116.442566 -0.454058 115.767456
v -116.442566 -0.651859 117.767456
v -116.442566 -0.702049 119.767456
v -116.442566 -0.701956 121.767456
v -114.442566 -0.047371 99.767456
v -114.442566 -0.215876 101.767456
v -114.442566 -0.367649 103.767456
v -114.442566 -0.438896 105.767456
v -114.442566 -0.483791 107.767456
v -114.442566 -0.432131 109.767456
v -114.442566 -0.276934 111.767456
v -114.442566 -0.240093 113.767456
v -114.442566 -0.233505 115.767456
v -114.442566 -0.386642 117.767456
v -114.442566 -0.643681 119.767456
v -114.442566 -0.729034 121.767456
v -112.442566 0.258671 97.767456
v -112.442566 0.111450 99.767456
v -112.442566 -0.011616 101.767456
v -112.442566 -0.234739 103.767456
v -112.442566 -0.359716 105.767456
v -112.442566 -0.313272 107.767456
v -112.442566 -0.256861 109.767456
v -112.442566 -0.209585 111.767456
v -112.442566 -0.221090 113.767456
v -112.442566 -0.198902 115.767456
v -112.442566 -0.218410 117.767456
v -112.442566 -0.398518 119.767456
v -112.442566 -0.732746 121.767456
v -112.442566 -0.786909 123.767456
v -110.442566 0.918783 95.767456
v -110.442566 0.772924 97.767456
v -110.442566 0.421022 99.767456
v -110.442566 0.077721 101.767456
v -110.442566 -0.278801 103.767456
v -110.442566 -0.249599 105.767456
v -110.442566 -0.181473 107.767456
v -110.442566 -0.167416 109.767456
v -110.442566 -0.207952 111.767456
v -110.442566 -0.232971 113.767456
v -110.442566 -0.234760 115.767456
v -110.442566 -0.206781 117.767456
v -110.442566 -0.245920 119.767456
v -110.442566 -0.424742 121.767456
v -110.442566 -0.702454 123.767456
v -108.442566 1.127447 93.767456
v -108.442566 1.264002 95.767456
v -108.442566 1.199528 97.767456
v -108.442566 0.665859 99.767456
v -108.442566 0.101135 101.767456
v -108.442566 -0.207798 103.767456
v -108.442566 -0.220116 105.767456
v -108.442566 -0.182207 107.767456
v -108.442566 -0.182007 109.767456
v -108.442566 -0.188862 111.767456
v -108.442566 -0.239258 113.767456
v -108.442566 -0.241222 115.767456
v -108.442566 -0.224503 117.767456
v -108.442566 -0.217274 119.767456
v -108.442566 -0.233770 121.767456
v -108.442566 -0.395903 123.767456
v -108.442566 -0.769524 125.767456
v -108.442566 -0.962275 127.767456
v -106.442566 1.194939 91.767456
v -106.442566 1.277185 93.767456
v -106.442566 1.325462 95.767456
v -106.442566 1.292379 97.767456
v -106.442566 0.895281 99.767456
v -106.442566 0.347666 101.767456
v -106.442566 -0.054214 103.767456
v -106.442566 -0.143679 105.767456
v -106.442566 -0.168707 107.767456
v -106.442566 -0.178398 109.767456
v -106.442566 -0.170246 111.767456
v -106.442566 -0.223436 113.767456
v -106.442566 -0.223167 115.767456
v -106.442566 -0.237146 117.767456
v -106.442566 -0.242121 119.767456
v -106.442566 -0.266056 121.767456
v -106.442566 -0.502918 123.767456
v -106.442566 -0.763063 125.767456
v -106.442566 -0.945566 127.767456
v -104.442566 1.203302 89.767456
v -104.442566 1.295137 91.767456
v -104.442566 1.312656 93.767456
v -104.442566 1.313829 95.767456
v -104.442566 1.322697 97.767456
v -104.442566 1.162123 99.767456
v -104.442566 0.650415 101.767456
v -104.442566 0.225437 103.767456
v -104.442566 0.077356 105.767456
v -104.442566 0.000813 107.767456
v -104.442566 -0.117945 109.767456
v -104.442566 -0.167791 111.767456
v -104.442566 -0.213181 113.767456
v -104.442566 -0.221214 115.767456
v -104.442566 -0.248274 117.767456
v -104.442566 -0.312204 119.767456
v -104.442566 -0.440376 121.767456
v -104.442566 -0.659058 123.767456
v -104.442566 -0.789087 125.767456
v -104.442566 -0.905468 127.767456
v -104.442566 -0.944220 129.767456
v -102.442566 1.102739 87.767456
v -102.442566 1.255774 89.767456
v -102.442566 1.281872 91.767456
v -102.442566 1.272558 93.767456
v -102.442566 1.294907 95.767456
v -102.442566 1.325689 97.767456
v -102.442566 1.331959 99.767456
v -102.442566 0.981470 101.767456
v -102.442566 0.537973 103.767456
v -102.442566 0.435297 105.767456
v -102.442566 0.363749 107.767456
v -102.442566 0.157135 109.767456
v -102.442566 -0.129488 111.767456
v -102.442566 -0.220158 113.767456
v -102.442566 -0.229818 115.767456
v -102.442566 -0.280533 117.767456
v -102.442566 -0.530945 119.767456
v -102.442566 -0.743029 121.767456
v -102.442566 -0.737270 123.767456
v -102.442566 -0.756340 125.767456
v -102.442566 -0.867617 127.767456
v -102.442566 -0.903505 129.767456
v -100.442566 1.034054 85.767456
v -100.442566 1.264160 87.767456
v -100.442566 1.268267 89.767456
v -100.442566 1.260645 91.767456
v -100.442566 1.277039 93.767456
v -100.442566 1.273140 95.767456
v -100.442566 1.311642 97.767456
v -100.442566 1.344666 99.767456
v -100.442566 1.322361 101.767456
v -100.442566 0.947754 103.767456
v -100.442566 0.737087 105.767456
v -100.442566 0.658592 107.767456
v -100.442566 0.530071 109.767456
v -100.442566 0.193806 111.767456
v -100.442566 -0.078268 113.767456
v -100.442566 -0.236853 115.767456
v -100.442566 -0.415955 117.767456
v -100.442566 -0.695093 119.767456
v -100.442566 -0.826061 121.767456
v -100.442566 -0.768438 123.767456
v -100.442566 -0.726234 125.767456
v -100.442566 -0.828819 127.767456
v -100.442566 -0.873699 129.767456
v -98.442566 0.276749 83.767456
v -98.442566 0.705059 85.767456
v -98.442566 1.102081 87.767456
v -98.442566 1.237013 89.767456
v -98.442566 1.262468 91.767456
v -98.442566 1.271599 93.767456
v -98.442566 1.263983 95.767456
v -98.442566 1.279776 97.767456
v -98.442566 1.307613 99.767456
v -98.442566 1.333441 101.767456
v -98.442566 1.192236 103.767456
v -98.442566 0.844219 105.767456
v -98.442566 0.798521 107.767456
v -98.442566 0.740156 109.767456
v -98.442566 0.513105 111.767456
v -98.442566 0.241556 113.767456
v -98.442566 -0.047832 115.767456
v -98.442566 -0.335344 117.767456
v -98.442566 -0.611151 119.767456
v -98.442566 -0.818176 121.767456
v -98.442566 -0.830303 123.767456
v -98.442566 -0.700703 125.767456
v -98.442566 -0.786270 127.767456
v -96.442566 0.097006 81.767456
v -96.442566 0.132236 83.767456
v -96.442566 0.331097 85.767456
v -96.442566 0.796402 87.767456
v -96.442566 1.146006 89.767456
v -96.442566 1.235264 91.767456
v -96.442566 1.250557 93.767456
v -96.442566 1.253922 95.767456
v -96.442566 1.251535 97.767456
v -96.442566 1.269390 99.767456
v -96.442566 1.283094 101.767456
v -96.442566 1.109922 103.767456
v -96.442566 0.795279 105.767456
v -96.442566 0.812189 107.767456
v -96.442566 0.801985 109.767456
v -96.442566 0.703094 111.767456
v -96.442566 0.533379 113.767456
v -96.442566 0.297457 115.767456
v -96.442566 0.024054 117.767456
v -96.442566 -0.308426 119.767456
v -96.442566 -0.583410 121.767456
v -96.442566 -0.766100 123.767456
v -96.442566 -0.759907 125.767456
v -96.442566 -0.758713 127.767456
v -94.442566 0.096050 81.767456
v -94.442566 0.087187 83.767456
v -94.442566 0.138851 85.767456
v -94.442566 0.470953 87.767456
v -94.442566 0.918575 89.767456
v -94.442566 1.140882 91.767456
v -94.442566 1.251152 93.767456
v -94.442566 1.229540 95.767456
v -94.442566 1.253441 97.767456
v -94.442566 1.216080 99.767456
v -94.442566 1.016392 101.767456
v -94.442566 0.787302 103.767456
v -94.442566 0.765083 105.767456
v -94.442566 0.800144 107.767456
v -94.442566 0.806026 109.767456
v -94.442566 0.776852 111.767456
v -94.442566 0.720881 113.767456
v -94.442566 0.612242 115.767456
v -94.442566 0.351322 117.767456
v -94.442566 0.011507 119.767456
v -94.442566 -0.287186 121.767456
v -94.442566 -0.539545 123.767456
v -94.442566 -0.697741 125.767456
v -94.442566 -0.798601 127.767456
v -92.442566 0.113331 79.767456
v -92.442566 0.119207 81.767456
v -92.442566 0.057789 83.767456
v -92.442566 0.026773 85.767456
v -92.442566 0.074608 87.767456
v -92.442566 0.474005 89.767456
v -92.442566 1.017376 91.767456
v -92.442566 1.194237 93.767456
v -92.442566 1.230648 95.767456
v -92.442566 1.218517 97.767456
v -92.442566 1.123543 99.767456
v -92.442566 0.775753 101.767456
v -92.442566 0.705961 103.767456
v -92.442566 0.736303 105.767456
v -92.442566 0.790781 107.767456
v -92.442566 0.783216 109.767456
v -92.442566 0.777828 111.767456
v -92.442566 0.748011 113.767456
v -92.442566 0.712595 115.767456
v -92.442566 0.605640 117.767456
v -92.442566 0.373468 119.767456
v -92.442566 0.041691 121.767456
v -92.442566 -0.235491 123.767456
v -92.442566 -0.430563 125.767456
v -90.442566 0.209446 77.767456
v -90.442566 0.138533 79.767456
v -90.442566 0.107889 81.767456
v -90.442566 0.039997 83.767456
v -90.442566 -0.035698 85.767456
v -90.442566 -0.052406 87.767456
v -90.442566 0.264160 89.767456
v -90.442566 0.884064 91.767456
v -90.442566 1.089056 93.767456
v -90.442566 1.150192 95.767456
v -90.442566 1.176594 97.767456
v -90.442566 1.059305 99.767456
v -90.442566 0.858669 101.767456
v -90.442566 0.734295 103.767456
v -90.442566 0.713146 105.767456
v -90.442566 0.736288 107.767456
v -90.442566 0.756676 109.767456
v -90.442566 0.759243 111.767456
v -90.442566 0.750242 113.767456
v -90.442566 0.731220 115.767456
v -90.442566 0.722471 117.767456
v -90.442566 0.678335 119.767456
v -90.442566 0.457390 121.767456
v -90.442566 0.204645 123.767456
v -88.442566 0.462128 75.767456
v -88.442566 0.197798 77.767456
v -88.442566 0.043068 79.767456
v -88.442566 0.047798 81.767456
v -88.442566 0.004419 83.767456
v -88.442566 -0.030231 85.767456
v -88.442566 0.032650 87.767456
v -88.442566 0.514933 89.767456
v -88.442566 0.979479 91.767456
v -88.442566 1.014767 93.767456
v -88.442566 1.071795 95.767456
v -88.442566 1.136627 97.767456
v -88.442566 1.171335 99.767456
v -88.442566 1.139006 101.767456
v -88.442566 0.960602 103.767456
v -88.442566 0.793737 105.767456
v -88.442566 0.714314 107.767456
v -88.442566 0.709351 109.767456
v -88.442566 0.722443 111.767456
v -88.442566 0.746170 113.767456
v -88.442566 0.754526 115.767456
v -88.442566 0.748854 117.767456
v -88.442566 0.731028 119.767456
v -88.442566 0.684792 121.767456
v -88.442566 0.436905 123.767456
v -86.442566 0.591473 73.767456
v -86.442566 0.616993 75.767456
v -86.442566 0.373245 77.767456
v -86.442566 0.138828 79.767456
v -86.442566 -0.000200 81.767456
v -86.442566 -0.007269 83.767456
v -86.442566 0.313213 85.767456
v -86.442566 0.599041 87.767456
v -86.442566 0.862059 89.767456
v -86.442566 1.050989 91.767456
v -86.442566 1.124985 93.767456
v -86.442566 1.111067 95.767456
v -86.442566 1.113733 97.767456
v -86.442566 1.192055 99.767456
v -86.442566 1.225391 101.767456
v -86.442566 1.234432 103.767456
v -86.442566 1.064650 105.767456
v -86.442566 0.878674 107.767456
v -86.442566 0.700615 109.767456
v -86.442566 0.711281 111.767456
v -86.442566 0.737038 113.767456
v -86.442566 0.736595 115.767456
v -86.442566 0.742159 117.767456
v -86.442566 0.705992 119.767456
v -86.442566 0.560156 121.767456
v -84.442566 0.684450 71.767456
v -84.442566 0.639360 73.767456
v -84.442566 0.694496 75.767456
v -84.442566 0.516674 77.767456
v -84.442566 0.325436 79.767456
v -84.442566 0.244360 81.767456
v -84.442566 0.234962 83.767456
v -84.442566 0.737179 85.767456
v -84.442566 1.066975 87.767456
v -84.442566 1.121710 89.767456
v -84.442566 1.128981 91.767456
v -84.442566 1.208086 93.767456
v -84.442566 1.206739 95.767456
v -84.442566 1.168657 97.767456
v -84.442566 1.188349 99.767456
v -84.442566 1.234324 101.767456
v -84.442566 1.299686 103.767456
v -84.442566 1.353487 105.767456
v -84.442566 1.226671 107.767456
v -84.442566 1.011127 109.767456
v -84.442566 0.754026 111.767456
v -84.442566 0.674654 113.767456
v -84.442566 0.705086 115.767456
v -84.442566 0.685871 117.767456
v -84.442566 0.537142 119.767456
v -84.442566 0.177057 121.767456
v -82.442566 0.560741 69.767456
v -82.442566 0.664351 71.767456
v -82.442566 0.644548 73.767456
v -82.442566 0.719679 75.767456
v -82.442566 0.533865 77.767456
v -82.442566 0.397532 79.767456
v -82.442566 0.457537 81.767456
v -82.442566 0.709225 83.767456
v -82.442566 1.044741 85.767456
v -82.442566 1.184866 87.767456
v -82.442566 1.196194 89.767456
v -82.442566 1.228178 91.767456
v -82.442566 1.251272 93.767456
v -82.442566 1.241920 95.767456
v -82.442566 1.207970 97.767456
v -82.442566 1.210093 99.767456
v -82.442566 1.244322 101.767456
v -82.442566 1.352541 103.767456
v -82.442566 1.422146 105.767456
v -82.442566 1.480782 107.767456
v -82.442566 1.356222 109.767456
v -82.442566 1.080931 111.767456
v -82.442566 0.747435 113.767456
v -82.442566 0.666187 115.767456
v -82.442566 0.619759 117.767456
v -82.442566 0.268373 119.767456
v -80.442566 0.000341 65.767456
v -80.442566 0.253544 67.767456
v -80.442566 0.639080 69.767456
v -80.442566 0.617687 71.767456
v -80.442566 0.614000 73.767456
v -80.442566 0.689585 75.767456
v -80.442566 0.515100 77.767456
v -80.442566 0.398785 79.767456
v -80.442566 0.560226 81.767456
v -80.442566 0.882532 83.767456
v -80.442566 1.149557 85.767456
v -80.442566 1.232380 87.767456
v -80.442566 1.254747 89.767456
v -80.442566 1.261089 91.767456
v -80.442566 1.288891 93.767456
v -80.442566 1.287739 95.767456
v -80.442566 1.273027 97.767456
v -80.442566 1.287027 99.767456
v -80.442566 1.331861 101.767456
v -80.442566 1.406265 103.767456
v -80.442566 1.439583 105.767456
v -80.442566 1.490519 107.767456
v -80.442566 1.465620 109.767456
v -80.442566 1.332811 111.767456
v -80.442566 0.976025 113.767456
v -80.442566 0.654062 115.767456
v -80.442566 0.379541 117.767456
v -80.442566 -0.157076 119.767456
v -78.442566 0.122480 63.767456
v -78.442566 0.013502 65.767456
v -78.442566 0.202187 67.767456
v -78.442566 0.559101 69.767456
v -78.442566 0.563259 71.767456
v -78.442566 0.605284 73.767456
v -78.442566 0.602169 75.767456
v -78.442566 0.381338 77.767456
v -78.442566 0.363785 79.767456
v -78.442566 0.579256 81.767456
v -78.442566 0.905508 83.767456
v -78.442566 1.147013 85.767456
v -78.442566 1.218752 87.767456
v -78.442566 1.261312 89.767456
v -78.442566 1.305445 91.767456
v -78.442566 1.333124 93.767456
v -78.442566 1.346064 95.767456
v -78.442566 1.350126 97.767456
v -78.442566 1.327837 99.767456
v -78.442566 1.403002 101.767456
v -78.442566 1.445705 103.767456
v -78.442566 1.503901 105.767456
v -78.442566 1.463285 107.767456
v -78.442566 1.458212 109.767456
v -78.442566 1.394156 111.767456
v -78.442566 1.164118 113.767456
v -78.442566 0.628912 115.767456
v -78.442566 0.208052 117.767456
v -76.442566 0.316013 61.767456
v -76.442566 0.055832 63.767456
v -76.442566 0.006075 65.767456
v -76.442566 0.229494 67.767456
v -76.442566 0.543497 69.767456
v -76.442566 0.553988 71.767456
v -76.442566 0.588142 73.767456
v -76.442566 0.514463 75.767456
v -76.442566 0.319115 77.767456
v -76.442566 0.357885 79.767456
v -76.442566 0.489801 81.767456
v -76.442566 0.813152 83.767456
v -76.442566 1.111263 85.767456
v -76.442566 1.185129 87.767456
v -76.442566 1.217178 89.767456
v -76.442566 1.283424 91.767456
v -76.442566 1.315176 93.767456
v -76.442566 1.360847 95.767456
v -76.442566 1.371187 97.767456
v -76.442566 1.389175 99.767456
v -76.442566 1.424608 101.767456
v -76.442566 1.513365 103.767456
v -76.442566 1.517323 105.767456
v -76.442566 1.494867 107.767456
v -76.442566 1.452322 109.767456
v -76.442566 1.386095 111.767456
v -76.442566 1.291052 113.767456
v -76.442566 0.835070 115.767456
v -76.442566 0.293972 117.767456
v -74.442566 0.182161 57.767456
v -74.442566 0.273529 59.767456
v -74.442566 0.263693 61.767456
v -74.442566 0.003550 63.767456
v -74.442566 0.001890 65.767456
v -74.442566 0.241388 67.767456
v -74.442566 0.482025 69.767456
v -74.442566 0.449335 71.767456
v -74.442566 0.523733 73.767456
v -74.442566 0.464325 75.767456
v -74.442566 0.322956 77.767456
v -74.442566 0.324797 79.767456
v -74.442566 0.445641 81.767456
v -74.442566 0.676992 83.767456
v -74.442566 0.993811 85.767456
v -74.442566 1.133013 87.767456
v -74.442566 1.186382 89.767456
v -74.442566 1.261677 91.767456
v -74.442566 1.299856 93.767456
v -74.442566 1.360022 95.767456
v -74.442566 1.428431 97.767456
v -74.442566 1.416088 99.767456
v -74.442566 1.437174 101.767456
v -74.442566 1.469559 103.767456
v -74.442566 1.515882 105.767456
v -74.442566 1.488684 107.767456
v -74.442566 1.451178 109.767456
v -74.442566 1.376350 111.767456
v -74.442566 1.331938 113.767456
v -74.442566 1.015348 115.767456
v -74.442566 0.428623 117.767456
v -72.442566 0.177530 55.767456
v -72.442566 0.207569 57.767456
v -72.442566 0.279301 59.767456
v -72.442566 0.261848 61.767456
v -72.442566 0.028568 63.767456
v -72.442566 0.024498 65.767456
v -72.442566 0.235727 67.767456
v -72.442566 0.440065 69.767456
v -72.442566 0.378075 71.767456
v -72.442566 0.435322 73.767456
v -72.442566 0.416775 75.767456
v -72.442566 0.325390 77.767456
v -72.442566 0.300901 79.767456
v -72.442566 0.395382 81.767456
v -72.442566 0.615973 83.767456
v -72.442566 0.890841 85.767456
v -72.442566 1.082861 87.767456
v -72.442566 1.147255 89.767456
v -72.442566 1.233461 91.767456
v -72.442566 1.308458 93.767456
v -72.442566 1.376553 95.767456
v -72.442566 1.423080 97.767456
v -72.442566 1.438023 99.767456
v -72.442566 1.401314 101.767456
v -72.442566 1.396645 103.767456
v -72.442566 1.458059 105.767456
v -72.442566 1.484140 107.767456
v -72.442566 1.454863 109.767456
v -72.442566 1.355253 111.767456
v -72.442566 1.342093 113.767456
v -72.442566 1.094749 115.767456
v -70.442566 0.140055 53.767456
v -70.442566 0.166193 55.767456
v -70.442566 0.215069 57.767456
v -70.442566 0.243422 59.767456
v -70.442566 0.192673 61.767456
v -70.442566 0.041971 63.767456
v -70.442566 0.057055 65.767456
v -70.442566 0.271278 67.767456
v -70.442566 0.411674 69.767456
v -70.442566 0.358948 71.767456
v -70.442566 0.425201 73.767456
v -70.442566 0.384081 75.767456
v -70.442566 0.323198 77.767456
v -70.442566 0.324144 79.767456
v -70.442566 0.448744 81.767456
v -70.442566 0.576305 83.767456
v -70.442566 0.819494 85.767456
v -70.442566 1.034044 87.767456
v -70.442566 1.127005 89.767456
v -70.442566 1.224386 91.767456
v -70.442566 1.351305 93.767456
v -70.442566 1.375145 95.767456
v -70.442566 1.400841 97.767456
v -70.442566 1.387909 99.767456
v -70.442566 1.362003 101.767456
v -70.442566 1.323936 103.767456
v -70.442566 1.352995 105.767456
v -70.442566 1.444086 107.767456
v -70.442566 1.453596 109.767456
v -70.442566 1.382414 111.767456
v -70.442566 1.323534 113.767456
v -68.442566 0.156570 51.767456
v -68.442566 0.142601 53.767456
v -68.442566 0.150557 55.767456
v -68.442566 0.171659 57.767456
v -68.442566 0.216639 59.767456
v -68.442566 0.167465 61.767456
v -68.442566 0.020718 63.767456
v -68.442566 0.094162 65.767456
v -68.442566 0.327700 67.767456
v -68.442566 0.399649 69.767456
v -68.442566 0.340149 71.767456
v -68.442566 0.400717 73.767456
v -68.442566 0.385468 75.767456
v -68.442566 0.305922 77.767456
v -68.442566 0.381485 79.767456
v -68.442566 0.533237 81.767456
v -68.442566 0.724846 83.767456
v -68.442566 0.902899 85.767456
v -68.442566 1.035652 87.767456
v -68.442566 1.115938 89.767456
v -68.442566 1.262318 91.767456
v -68.442566 1.348173 93.767456
v -68.442566 1.388639 95.767456
v -68.442566 1.378519 97.767456
v -68.442566 1.382339 99.767456
v -68.442566 1.364872 101.767456
v -68.442566 1.346701 103.767456
v -68.442566 1.342125 105.767456
v -68.442566 1.460558 107.767456
v -68.442566 1.440855 109.767456
v -68.442566 1.354687 111.767456
v -68.442566 1.364279 113.767456
v -66.442566 0.120947 49.767456
v -66.442566 0.161253 51.767456
v -66.442566 0.150452 53.767456
v -66.442566 0.142921 55.767456
v -66.442566 0.188051 57.767456
v -66.442566 0.244684 59.767456
v -66.442566 0.119774 61.767456
v -66.442566 0.023783 63.767456
v -66.442566 0.152338 65.767456
v -66.442566 0.403502 67.767456
v -66.442566 0.380281 69.767456
v -66.442566 0.346720 71.767456
v -66.442566 0.383127 73.767456
v -66.442566 0.371363 75.767456
v -66.442566 0.330410 77.767456
v -66.442566 0.445696 79.767456
v -66.442566 0.675856 81.767456
v -66.442566 0.913881 83.767456
v -66.442566 0.990492 85.767456
v -66.442566 1.057497 87.767456
v -66.442566 1.134670 89.767456
v -66.442566 1.231922 91.767456
v -66.442566 1.315821 93.767456
v -66.442566 1.364727 95.767456
v -66.442566 1.389816 97.767456
v -66.442566 1.414457 99.767456
v -66.442566 1.442076 101.767456
v -66.442566 1.459269 103.767456
v -66.442566 1.467226 105.767456
v -66.442566 1.462332 107.767456
v -66.442566 1.426283 109.767456
v -66.442566 1.307365 111.767456
v -64.442566 0.129822 47.767456
v -64.442566 0.107681 49.767456
v -64.442566 0.134789 51.767456
v -64.442566 0.146877 53.767456
v -64.442566 0.160343 55.767456
v -64.442566 0.209265 57.767456
v -64.442566 0.204611 59.767456
v -64.442566 0.122980 61.767456
v -64.442566 0.103441 63.767456
v -64.442566 0.205305 65.767456
v -64.442566 0.438698 67.767456
v -64.442566 0.387173 69.767456
v -64.442566 0.351622 71.767456
v -64.442566 0.404091 73.767456
v -64.442566 0.373667 75.767456
v -64.442566 0.334108 77.767456
v -64.442566 0.450104 79.767456
v -64.442566 0.750570 81.767456
v -64.442566 0.936928 83.767456
v -64.442566 1.001770 85.767456
v -64.442566 1.041563 87.767456
v -64.442566 1.112976 89.767456
v -64.442566 1.193953 91.767456
v -64.442566 1.254391 93.767456
v -64.442566 1.360287 95.767456
v -64.442566 1.394636 97.767456
v -64.442566 1.446785 99.767456
v -64.442566 1.462168 101.767456
v -64.442566 1.431089 103.767456
v -64.442566 1.434669 105.767456
v -64.442566 1.397078 107.767456
v -64.442566 1.361267 109.767456
v -64.442566 1.316589 111.767456
v -62.442566 -0.084774 45.767456
v -62.442566 0.107134 47.767456
v -62.442566 0.130920 49.767456
v -62.442566 0.117741 51.767456
v -62.442566 0.147495 53.767456
v -62.442566 0.174271 55.767456
v -62.442566 0.197771 57.767456
v -62.442566 0.241156 59.767456
v -62.442566 0.084661 61.767456
v -62.442566 0.079041 63.767456
v -62.442566 0.204390 65.767456
v -62.442566 0.420980 67.767456
v -62.442566 0.378195 69.767456
v -62.442566 0.359159 71.767456
v -62.442566 0.376472 73.767456
v -62.442566 0.303719 75.767456
v -62.442566 0.298609 77.767456
v -62.442566 0.433527 79.767456
v -62.442566 0.734930 81.767456
v -62.442566 0.914003 83.767456
v -62.442566 0.984510 85.767456
v -62.442566 1.054647 87.767456
v -62.442566 1.075279 89.767456
v -62.442566 1.145380 91.767456
v -62.442566 1.209696 93.767456
v -62.442566 1.323782 95.767456
v -62.442566 1.342869 97.767456
v -62.442566 1.391253 99.767456
v -62.442566 1.422966 101.767456
v -62.442566 1.318829 103.767456
v -62.442566 1.289040 105.767456
v -62.442566 1.289267 107.767456
v -62.442566 1.280685 109.767456
v -60.442566 -0.216621 43.767456
v -60.442566 -0.073570 45.767456
v -60.442566 0.115118 47.767456
v -60.442566 0.125221 49.767456
v -60.442566 0.157290 51.767456
v -60.442566 0.151537 53.767456
v -60.442566 0.155109 55.767456
v -60.442566 0.196672 57.767456
v -60.442566 0.277639 59.767456
v -60.442566 0.099104 61.767456
v -60.442566 0.060896 63.767456
v -60.442566 0.189613 65.767456
v -60.442566 0.422449 67.767456
v -60.442566 0.391232 69.767456
v -60.442566 0.364155 71.767456
v -60.442566 0.290977 73.767456
v -60.442566 0.183992 75.767456
v -60.442566 0.221252 77.767456
v -60.442566 0.383913 79.767456
v -60.442566 0.704628 81.767456
v -60.442566 0.886250 83.767456
v -60.442566 0.949537 85.767456
v -60.442566 1.042240 87.767456
v -60.442566 1.053532 89.767456
v -60.442566 1.098066 91.767456
v -60.442566 1.193665 93.767456
v -60.442566 1.290682 95.767456
v -60.442566 1.288054 97.767456
v -60.442566 1.284760 99.767456
v -60.442566 1.320551 101.767456
v -60.442566 1.177732 103.767456
v -60.442566 1.110178 105.767456
v -60.442566 1.122177 107.767456
v -58.442566 -0.217928 41.767456
v -58.442566 -0.235682 43.767456
v -58.442566 -0.022079 45.767456
v -58.442566 0.152266 47.767456
v -58.442566 0.128439 49.767456
v -58.442566 0.153021 51.767456
v -58.442566 0.163729 53.767456
v -58.442566 0.160442 55.767456
v -58.442566 0.220850 57.767456
v -58.442566 0.300997 59.767456
v -58.442566 0.200089 61.767456
v -58.442566 0.145563 63.767456
v -58.442566 0.290089 65.767456
v -58.442566 0.458471 67.767456
v -58.442566 0.414488 69.767456
v -58.442566 0.361361 71.767456
v -58.442566 0.211658 73.767456
v -58.442566 0.092056 75.767456
v -58.442566 0.182467 77.767456
v -58.442566 0.397188 79.767456
v -58.442566 0.698986 81.767456
v -58.442566 0.845968 83.767456
v -58.442566 0.908321 85.767456
v -58.442566 0.980375 87.767456
v -58.442566 1.061447 89.767456
v -58.442566 1.078926 91.767456
v -58.442566 1.151403 93.767456
v -58.442566 1.238316 95.767456
v -58.442566 1.224285 97.767456
v -58.442566 1.166422 99.767456
v -58.442566 1.108799 101.767456
v -58.442566 1.057343 103.767456
v -58.442566 0.929335 105.767456
v -56.442566 -0.268341 37.767456
v -56.442566 -0.255121 39.767456
v -56.442566 -0.133320 41.767456
v -56.442566 -0.127792 43.767456
v -56.442566 0.038366 45.767456
v -56.442566 0.138393 47.767456
v -56.442566 0.139206 49.767456
v -56.442566 0.161802 51.767456
v -56.442566 0.162432 53.767456
v -56.442566 0.188248 55.767456
v -56.442566 0.266943 57.767456
v -56.442566 0.285566 59.767456
v -56.442566 0.168621 61.767456
v -56.442566 0.175474 63.767456
v -56.442566 0.324366 65.767456
v -56.442566 0.454229 67.767456
v -56.442566 0.407087 69.767456
v -56.442566 0.366814 71.767456
v -56.442566 0.184639 73.767456
v -56.442566 0.044895 75.767456
v -56.442566 0.132879 77.767456
v -56.442566 0.402340 79.767456
v -56.442566 0.737192 81.767456
v -56.442566 0.851646 83.767456
v -56.442566 0.913416 85.767456
v -56.442566 0.980383 87.767456
v -56.442566 1.015139 89.767456
v -56.442566 0.998026 91.767456
v -56.442566 1.016243 93.767456
v -56.442566 1.071419 95.767456
v -56.442566 1.131533 97.767456
v -56.442566 1.058678 99.767456
v -56.442566 0.995657 101.767456
v -56.442566 0.942570 103.767456
v -54.442566 -0.115297 35.767456
v -54.442566 -0.129002 37.767456
v -54.442566 -0.126875 39.767456
v -54.442566 -0.065908 41.767456
v -54.442566 -0.039852 43.767456
v -54.442566 0.071957 45.767456
v -54.442566 0.108007 47.767456
v -54.442566 0.114029 49.767456
v -54.442566 0.178745 51.767456
v -54.442566 0.173893 53.767456
v -54.442566 0.213198 55.767456
v -54.442566 0.267136 57.767456
v -54.442566 0.282528 59.767456
v -54.442566 0.174433 61.767456
v -54.442566 0.224485 63.767456
v -54.442566 0.354515 65.767456
v -54.442566 0.477106 67.767456
v -54.442566 0.406517 69.767456
v -54.442566 0.351311 71.767456
v -54.442566 0.134726 73.767456
v -54.442566 0.008533 75.767456
v -54.442566 0.098425 77.767456
v -54.442566 0.404575 79.767456
v -54.442566 0.771208 81.767456
v -54.442566 0.916546 83.767456
v -54.442566 0.960266 85.767456
v -54.442566 1.007114 87.767456
v -54.442566 0.975250 89.767456
v -54.442566 0.888971 91.767456
v -54.442566 0.898972 93.767456
v -54.442566 0.961807 95.767456
v -54.442566 1.061464 97.767456
v -54.442566 1.038273 99.767456
v -52.442566 -0.432261 31.767456
v -52.442566 -0.322731 33.767456
v -52.442566 -0.175068 35.767456
v -52.442566 -0.097120 37.767456
v -52.442566 -0.073172 39.767456
v -52.442566 -0.050377 41.767456
v -52.442566 0.049992 43.767456
v -52.442566 0.101103 45.767456
v -52.442566 0.101681 47.767456
v -52.442566 0.144629 49.767456
v -52.442566 0.191418 51.767456
v -52.442566 0.187407 53.767456
v -52.442566 0.226318 55.767456
v -52.442566 0.273592 57.767456
v -52.442566 0.304976 59.767456
v -52.442566 0.244947 61.767456
v -52.442566 0.246319 63.767456
v -52.442566 0.364454 65.767456
v -52.442566 0.482244 67.767456
v -52.442566 0.411728 69.767456
v -52.442566 0.342548 71.767456
v -52.442566 0.108435 73.767456
v -52.442566 -0.040937 75.767456
v -52.442566 0.063860 77.767456
v -52.442566 0.404287 79.767456
v -52.442566 0.807329 81.767456
v -52.442566 0.890547 83.767456
v -52.442566 0.945704 85.767456
v -52.442566 0.961691 87.767456
v -52.442566 0.869215 89.767456
v -52.442566 0.823822 91.767456
v -52.442566 0.800816 93.767456
v -52.442566 0.888439 95.767456
v -52.442566 1.027407 97.767456
v -50.442566 -0.035484 29.767456
v -50.442566 -0.360233 31.767456
v -50.442566 -0.463764 33.767456
v -50.442566 -0.378847 35.767456
v -50.442566 -0.246250 37.767456
v -50.442566 -0.093554 39.767456
v -50.442566 -0.022982 41.767456
v -50.442566 0.044199 43.767456
v -50.442566 0.092693 45.767456
v -50.442566 0.138714 47.767456
v -50.442566 0.120750 49.767456
v -50.442566 0.154255 51.767456
v -50.442566 0.182320 53.767456
v -50.442566 0.271057 55.767456
v -50.442566 0.315788 57.767456
v -50.442566 0.357771 59.767456
v -50.442566 0.274155 61.767456
v -50.442566 0.285810 63.767456
v -50.442566 0.430405 65.767456
v -50.442566 0.506983 67.767456
v -50.442566 0.434870 69.767456
v -50.442566 0.402929 71.767456
v -50.442566 0.092882 73.767456
v -50.442566 -0.075663 75.767456
v -50.442566 0.057852 77.767456
v -50.442566 0.466818 79.767456
v -50.442566 0.833664 81.767456
v -50.442566 0.897223 83.767456
v -50.442566 0.939421 85.767456
v -50.442566 0.882053 87.767456
v -50.442566 0.727499 89.767456
v -50.442566 0.764378 91.767456
v -50.442566 0.723721 93.767456
v -48.442566 0.095861 27.767456
v -48.442566 0.074827 29.767456
v -48.442566 -0.245113 31.767456
v -48.442566 -0.500746 33.767456
v -48.442566 -0.478867 35.767456
v -48.442566 -0.407192 37.767456
v -48.442566 -0.165735 39.767456
v -48.442566 0.070810 41.767456
v -48.442566 0.049910 43.767456
v -48.442566 0.080034 45.767456
v -48.442566 0.114065 47.767456
v -48.442566 0.118822 49.767456
v -48.442566 0.139725 51.767456
v -48.442566 0.220276 53.767456
v -48.442566 0.275578 55.767456
v -48.442566 0.383692 57.767456
v -48.442566 0.434164 59.767456
v -48.442566 0.324564 61.767456
v -48.442566 0.347803 63.767456
v -48.442566 0.521030 65.767456
v -48.442566 0.491810 67.767456
v -48.442566 0.391886 69.767456
v -48.442566 0.342524 71.767456
v -48.442566 0.084398 73.767456
v -48.442566 -0.093512 75.767456
v -48.442566 0.057360 77.767456
v -48.442566 0.481506 79.767456
v -48.442566 0.847456 81.767456
v -48.442566 0.939138 83.767456
v -48.442566 0.930269 85.767456
v -48.442566 0.820229 87.767456
v -48.442566 0.700916 89.767456
v -46.442566 0.046801 25.767456
v -46.442566 0.060774 27.767456
v -46.442566 0.055309 29.767456
v -46.442566 -0.078835 31.767456
v -46.442566 -0.346243 33.767456
v -46.442566 -0.411324 35.767456
v -46.442566 -0.325939 37.767456
v -46.442566 -0.118010 39.767456
v -46.442566 0.073610 41.767456
v -46.442566 0.063507 43.767456
v -46.442566 0.075308 45.767456
v -46.442566 0.132111 47.767456
v -46.442566 0.123192 49.767456
v -46.442566 0.138605 51.767456
v -46.442566 0.205133 53.767456
v -46.442566 0.286163 55.767456
v -46.442566 0.381819 57.767456
v -46.442566 0.504631 59.767456
v -46.442566 0.405186 61.767456
v -46.442566 0.412790 63.767456
v -46.442566 0.539055 65.767456
v -46.442566 0.517614 67.767456
v -46.442566 0.432671 69.767456
v -46.442566 0.299397 71.767456
v -46.442566 0.036808 73.767456
v -46.442566 -0.103027 75.767456
v -46.442566 0.074238 77.767456
v -46.442566 0.511343 79.767456
v -46.442566 0.868261 81.767456
v -46.442566 0.876146 83.767456
v -46.442566 0.796917 85.767456
v -44.442566 0.044559 21.767456
v -44.442566 0.032074 23.767456
v -44.442566 0.029810 25.767456
v -44.442566 0.060417 27.767456
v -44.442566 0.049471 29.767456
v -44.442566 0.031952 31.767456
v -44.442566 -0.094839 33.767456
v -44.442566 -0.169216 35.767456
v -44.442566 -0.160002 37.767456
v -44.442566 0.001585 39.767456
v -44.442566 0.069094 41.767456
v -44.442566 0.060356 43.767456
v -44.442566 0.103952 45.767456
v -44.442566 0.128313 47.767456
v -44.442566 0.133446 49.767456
v -44.442566 0.164389 51.767456
v -44.442566 0.188498 53.767456
v -44.442566 0.314928 55.767456
v -44.442566 0.427078 57.767456
v -44.442566 0.511194 59.767456
v -44.442566 0.440929 61.767456
v -44.442566 0.467955 63.767456
v -44.442566 0.569458 65.767456
v -44.442566 0.496248 67.767456
v -44.442566 0.430862 69.767456
v -44.442566 0.292492 71.767456
v -44.442566 -0.013983 73.767456
v -44.442566 -0.076754 75.767456
v -44.442566 0.139223 77.767456
v -44.442566 0.530289 79.767456
v -44.442566 0.817902 81.767456
v -44.442566 0.788921 83.767456
v -42.442566 0.113508 19.767456
v -42.442566 0.072206 21.767456
v -42.442566 0.024618 23.767456
v -42.442566 0.022648 25.767456
v -42.442566 0.033369 27.767456
v -42.442566 0.025713 29.767456
v -42.442566 0.046858 31.767456
v -42.442566 0.039761 33.767456
v -42.442566 0.037804 35.767456
v -42.442566 0.077848 37.767456
v -42.442566 0.133770 39.767456
v -42.442566 0.122171 41.767456
v -42.442566 0.094332 43.767456
v -42.442566 0.112778 45.767456
v -42.442566 0.139309 47.767456
v -42.442566 0.156206 49.767456
v -42.442566 0.167580 51.767456
v -42.442566 0.213779 53.767456
v -42.442566 0.303867 55.767456
v -42.442566 0.440449 57.767456
v -42.442566 0.545633 59.767456
v -42.442566 0.497692 61.767456
v -42.442566 0.542841 63.767456
v -42.442566 0.597034 65.767456
v -42.442566 0.480057 67.767456
v -42.442566 0.440207 69.767456
v -42.442566 0.255682 71.767456
v -42.442566 -0.019011 73.767456
v -42.442566 -0.015205 75.767456
v -42.442566 0.210918 77.767456
v -42.442566 0.581131 79.767456
v -40.442566 0.142134 17.767456
v -40.442566 0.144522 19.767456
v -40.442566 0.120653 21.767456
v -40.442566 0.084267 23.767456
v -40.442566 0.044254 25.767456
v -40.442566 0.038500 27.767456
v -40.442566 0.007725 29.767456
v -40.442566 0.050585 31.767456
v -40.442566 0.046324 33.767456
v -40.442566 0.075453 35.767456
v -40.442566 0.133577 37.767456
v -40.442566 0.187359 39.767456
v -40.442566 0.190014 41.767456
v -40.442566 0.168741 43.767456
v -40.442566 0.136425 45.767456
v -40.442566 0.128839 47.767456
v -40.442566 0.172550 49.767456
v -40.442566 0.194422 51.767456
v -40.442566 0.233305 53.767456
v -40.442566 0.295618 55.767456
v -40.442566 0.429350 57.767456
v -40.442566 0.581087 59.767456
v -40.442566 0.504686 61.767456
v -40.442566 0.543301 63.767456
v -40.442566 0.589584 65.767456
v -40.442566 0.511372 67.767456
v -40.442566 0.473848 69.767456
v -40.442566 0.231739 71.767456
v -40.442566 -0.015850 73.767456
v -40.442566 -0.013435 75.767456
v -40.442566 0.311596 77.767456
v -38.442566 -0.037333 15.767456
v -38.442566 -0.002050 17.767456
v -38.442566 0.078257 19.767456
v -38.442566 0.159781 21.767456
v -38.442566 0.117943 23.767456
v -38.442566 0.090673 25.767456
v -38.442566 0.076826 27.767456
v -38.442566 0.057947 29.767456
v -38.442566 0.087521 31.767456
v -38.442566 0.071466 33.767456
v -38.442566 0.089924 35.767456
v -38.442566 0.152609 37.767456
v -38.442566 0.235411 39.767456
v -38.442566 0.294245 41.767456
v -38.442566 0.229294 43.767456
v -38.442566 0.171671 45.767456
v -38.442566 0.167585 47.767456
v -38.442566 0.167912 49.767456
v -38.442566 0.162130 51.767456
v -38.442566 0.258507 53.767456
v -38.442566 0.357643 55.767456
v -38.442566 0.485212 57.767456
v -38.442566 0.594961 59.767456
v -38.442566 0.522413 61.767456
v -38.442566 0.535414 63.767456
v -38.442566 0.552841 65.767456
v -38.442566 0.481987 67.767456
v -38.442566 0.456907 69.767456
v -38.442566 0.151398 71.767456
v -38.442566 -0.139828 73.767456
v -38.442566 0.047260 75.767456
v -36.442566 -0.042925 11.767456
v -36.442566 -0.165533 13.767456
v -36.442566 -0.237730 15.767456
v -36.442566 -0.243727 17.767456
v -36.442566 -0.146858 19.767456
v -36.442566 0.013767 21.767456
v -36.442566 0.125895 23.767456
v -36.442566 0.140678 25.767456
v -36.442566 0.123314 27.767456
v -36.442566 0.106380 29.767456
v -36.442566 0.103525 31.767456
v -36.442566 0.151711 33.767456
v -36.442566 0.180000 35.767456
v -36.442566 0.228479 37.767456
v -36.442566 0.269983 39.767456
v -36.442566 0.266039 41.767456
v -36.442566 0.269997 43.767456
v -36.442566 0.237234 45.767456
v -36.442566 0.191944 47.767456
v -36.442566 0.196022 49.767456
v -36.442566 0.194378 51.767456
v -36.442566 0.249889 53.767456
v -36.442566 0.381498 55.767456
v -36.442566 0.527229 57.767456
v -36.442566 0.634321 59.767456
v -36.442566 0.541645 61.767456
v -36.442566 0.578121 63.767456
v -36.442566 0.594309 65.767456
v -36.442566 0.499805 67.767456
v -36.442566 0.360916 69.767456
v -36.442566 0.049042 71.767456
v -36.442566 -0.141752 73.767456
v -34.442566 -0.094576 9.767456
v -34.442566 -0.092201 11.767456
v -34.442566 -0.181086 13.767456
v -34.442566 -0.308811 15.767456
v -34.442566 -0.343313 17.767456
v -34.442566 -0.301247 19.767456
v -34.442566 -0.111372 21.767456
v -34.442566 0.127388 23.767456
v -34.442566 0.177496 25.767456
v -34.442566 0.167059 27.767456
v -34.442566 0.161602 29.767456
v -34.442566 0.147184 31.767456
v -34.442566 0.168180 33.767456
v -34.442566 0.215014 35.767456
v -34.442566 0.259420 37.767456
v -34.442566 0.283060 39.767456
v -34.442566 0.266026 41.767456
v -34.442566 0.283302 43.767456
v -34.442566 0.269562 45.767456
v -34.442566 0.216040 47.767456
v -34.442566 0.184875 49.767456
v -34.442566 0.221291 51.767456
v -34.442566 0.274715 53.767456
v -34.442566 0.400215 55.767456
v -34.442566 0.546528 57.767456
v -34.442566 0.672581 59.767456
v -34.442566 0.552477 61.767456
v -34.442566 0.598696 63.767456
v -34.442566 0.601662 65.767456
v -34.442566 0.551056 67.767456
v -34.442566 0.355648 69.767456
v -34.442566 -0.003016 71.767456
v -32.442566 -0.051672 5.767456
v -32.442566 -0.195492 7.767456
v -32.442566 -0.210785 9.767456
v -32.442566 -0.168875 11.767456
v -32.442566 -0.208994 13.767456
v -32.442566 -0.326962 15.767456
v -32.442566 -0.389105 17.767456
v -32.442566 -0.270882 19.767456
v -32.442566 -0.105801 21.767456
v -32.442566 0.058039 23.767456
v -32.442566 0.122879 25.767456
v -32.442566 0.171192 27.767456
v -32.442566 0.178083 29.767456
v -32.442566 0.173660 31.767456
v -32.442566 0.203140 33.767456
v -32.442566 0.195299 35.767456
v -32.442566 0.229916 37.767456
v -32.442566 0.255146 39.767456
v -32.442566 0.291403 41.767456
v -32.442566 0.300455 43.767456
v -32.442566 0.282143 45.767456
v -32.442566 0.243084 47.767456
v -32.442566 0.223398 49.767456
v -32.442566 0.241459 51.767456
v -32.442566 0.315414 53.767456
v -32.442566 0.404001 55.767456
v -32.442566 0.564781 57.767456
v -32.442566 0.690416 59.767456
v -32.442566 0.565485 61.767456
v -32.442566 0.558420 63.767456
v -32.442566 0.522472 65.767456
v -32.442566 0.492231 67.767456
v -32.442566 0.360682 69.767456
v -30.442566 0.157085 -0.232544
v -30.442566 0.131996 1.767456
v -30.442566 0.100801 3.767456
v -30.442566 -0.095373 5.767456
v -30.442566 -0.279369 7.767456
v -30.442566 -0.304146 9.767456
v -30.442566 -0.202164 11.767456
v -30.442566 -0.213331 13.767456
v -30.442566 -0.243813 15.767456
v -30.442566 -0.245646 17.767456
v -30.442566 -0.124376 19.767456
v -30.442566 -0.007151 21.767456
v -30.442566 0.042097 23.767456
v -30.442566 0.092857 25.767456
v -30.442566 0.166929 27.767456
v -30.442566 0.190313 29.767456
v -30.442566 0.181076 31.767456
v -30.442566 0.183290 33.767456
v -30.442566 0.202787 35.767456
v -30.442566 0.223526 37.767456
v -30.442566 0.237848 39.767456
v -30.442566 0.275686 41.767456
v -30.442566 0.301611 43.767456
v -30.442566 0.277624 45.767456
v -30.442566 0.268553 47.767456
v -30.442566 0.257311 49.767456
v -30.442566 0.298433 51.767456
v -30.442566 0.353279 53.767456
v -30.442566 0.440123 55.767456
v -30.442566 0.580786 57.767456
v -30.442566 0.667439 59.767456
v -30.442566 0.577517 61.767456
v -30.442566 0.532730 63.767456
v -30.442566 0.498472 65.767456
v -30.442566 0.449564 67.767456
v -28.442566 -0.127678 -8.232544
v -28.442566 -0.168966 -6.232544
v -28.442566 0.021675 -4.232544
v -28.442566 0.165735 -2.232544
v -28.442566 0.213310 -0.232544
v -28.442566 0.165094 1.767456
v -28.442566 0.126221 3.767456
v -28.442566 -0.133413 5.767456
v -28.442566 -0.283745 7.767456
v -28.442566 -0.305965 9.767456
v -28.442566 -0.204475 11.767456
v -28.442566 -0.148346 13.767456
v -28.442566 -0.111746 15.767456
v -28.442566 -0.074690 17.767456
v -28.442566 -0.005575 19.767456
v -28.442566 0.062660 21.767456
v -28.442566 0.082367 23.767456
v -28.442566 0.160404 25.767456
v -28.442566 0.201790 27.767456
v -28.442566 0.207228 29.767456
v -28.442566 0.208941 31.767456
v -28.442566 0.201323 33.767456
v -28.442566 0.174854 35.767456
v -28.442566 0.202307 37.767456
v -28.442566 0.249676 39.767456
v -28.442566 0.259817 41.767456
v -28.442566 0.288322 43.767456
v -28.442566 0.289835 45.767456
v -28.442566 0.276278 47.767456
v -28.442566 0.286558 49.767456
v -28.442566 0.354271 51.767456
v -28.442566 0.370275 53.767456
v -28.442566 0.476711 55.767456
v -28.442566 0.619932 57.767456
v -28.442566 0.639671 59.767456
v -28.442566 0.547091 61.767456
v -28.442566 0.512503 63.767456
v -28.442566 0.483564 65.767456
v -26.442566 -0.003344 -14.232544
v -26.442566 -0.033136 -12.232544
v -26.442566 -0.057262 -10.232544
v -26.442566 -0.081440 -8.232544
v -26.442566 0.036564 -6.232544
v -26.442566 0.152784 -4.232544
v -26.442566 0.208954 -2.232544
v -26.442566 0.194523 -0.232544
v -26.442566 0.172987 1.767456
v -26.442566 0.137609 3.767456
v -26.442566 -0.072565 5.767456
v -26.442566 -0.284037 7.767456
v -26.442566 -0.333485 9.767456
v -26.442566 -0.253056 11.767456
v -26.442566 -0.143383 13.767456
v -26.442566 -0.050545 15.767456
v -26.442566 -0.010548 17.767456
v -26.442566 0.061331 19.767456
v -26.442566 0.055840 21.767456
v -26.442566 0.127893 23.767456
v -26.442566 0.193710 25.767456
v -26.442566 0.206127 27.767456
v -26.442566 0.186153 29.767456
v -26.442566 0.201412 31.767456
v -26.442566 0.183052 33.767456
v -26.442566 0.183403 35.767456
v -26.442566 0.176504 37.767456
v -26.442566 0.218189 39.767456
v -26.442566 0.265472 41.767456
v -26.442566 0.321285 43.767456
v -26.442566 0.299742 45.767456
v -26.442566 0.310860 47.767456
v -26.442566 0.331940 49.767456
v -26.442566 0.366652 51.767456
v -26.442566 0.468313 53.767456
v -26.442566 0.522430 55.767456
v -26.442566 0.654415 57.767456
v -26.442566 0.624575 59.767456
v -26.442566 0.519041 61.767456
v -26.442566 0.507029 63.767456
v -24.442566 0.004330 -18.232544
v -24.442566 0.013863 -16.232544
v -24.442566 0.027180 -14.232544
v -24.442566 -0.022022 -12.232544
v -24.442566 -0.041468 -10.232544
v -24.442566 -0.005182 -8.232544
v -24.442566 0.124773 -6.232544
v -24.442566 0.226065 -4.232544
v -24.442566 0.271156 -2.232544
v -24.442566 0.203434 -0.232544
v -24.442566 0.177633 1.767456
v -24.442566 0.139496 3.767456
v -24.442566 -0.054979 5.767456
v -24.442566 -0.335501 7.767456
v -24.442566 -0.415583 9.767456
v -24.442566 -0.341499 11.767456
v -24.442566 -0.201822 13.767456
v -24.442566 -0.108826 15.767456
v -24.442566 -0.023697 17.767456
v -24.442566 0.008684 19.767456
v -24.442566 -0.045092 21.767456
v -24.442566 0.071507 23.767456
v -24.442566 0.253010 25.767456
v -24.442566 0.254320 27.767456
v -24.442566 0.196005 29.767456
v -24.442566 0.193394 31.767456
v -24.442566 0.182953 33.767456
v -24.442566 0.145689 35.767456
v -24.442566 0.154419 37.767456
v -24.442566 0.181047 39.767456
v -24.442566 0.231743 41.767456
v -24.442566 0.295746 43.767456
v -24.442566 0.318521 45.767456
v -24.442566 0.313761 47.767456
v -24.442566 0.332533 49.767456
v -24.442566 0.375051 51.767456
v -24.442566 0.496836 53.767456
v -24.442566 0.576990 55.767456
v -24.442566 0.687454 57.767456
v -24.442566 0.619274 59.767456
v -24.442566 0.489870 61.767456
v -24.442566 0.491819 63.767456
v -22.442566 0.086180 -20.232544
v -22.442566 0.063103 -18.232544
v -22.442566 0.055441 -16.232544
v -22.442566 0.048965 -14.232544
v -22.442566 0.048275 -12.232544
v -22.442566 0.024334 -10.232544
v -22.442566 0.067492 -8.232544
v -22.442566 0.130157 -6.232544
v -22.442566 0.211128 -4.232544
v -22.442566 0.271961 -2.232544
v -22.442566 0.228441 -0.232544
v -22.442566 0.198433 1.767456
v -22.442566 0.169712 3.767456
v -22.442566 -0.015692 5.767456
v -22.442566 -0.326891 7.767456
v -22.442566 -0.429489 9.767456
v -22.442566 -0.433458 11.767456
v -22.442566 -0.313387 13.767456
v -22.442566 -0.182346 15.767456
v -22.442566 -0.064589 17.767456
v -22.442566 -0.091007 19.767456
v -22.442566 -0.134176 21.767456
v -22.442566 0.022623 23.767456
v -22.442566 0.290703 25.767456
v -22.442566 0.286318 27.767456
v -22.442566 0.207682 29.767456
v -22.442566 0.200987 31.767456
v -22.442566 0.166178 33.767456
v -22.442566 0.152355 35.767456
v -22.442566 0.148891 37.767456
v -22.442566 0.183851 39.767456
v -22.442566 0.217726 41.767456
v -22.442566 0.268543 43.767456
v -22.442566 0.283342 45.767456
v -22.442566 0.307775 47.767456
v -22.442566 0.351921 49.767456
v -22.442566 0.419012 51.767456
v -22.442566 0.455685 53.767456
v -22.442566 0.606762 55.767456
v -22.442566 0.708807 57.767456
v -22.442566 0.591608 59.767456
v -22.442566 0.585203 61.767456
v -22.442566 0.531563 63.767456
v -20.442566 0.228622 -22.232544
v -20.442566 0.201870 -20.232544
v -20.442566 0.132175 -18.232544
v -20.442566 0.066158 -16.232544
v -20.442566 0.088535 -14.232544
v -20.442566 0.098520 -12.232544
v -20.442566 0.093534 -10.232544
v -20.442566 0.119139 -8.232544
v -20.442566 0.139528 -6.232544
v -20.442566 0.178598 -4.232544
v -20.442566 0.196230 -2.232544
v -20.442566 0.182676 -0.232544
v -20.442566 0.176294 1.767456
v -20.442566 0.172976 3.767456
v -20.442566 0.070663 5.767456
v -20.442566 -0.165558 7.767456
v -20.442566 -0.352741 9.767456
v -20.442566 -0.491289 11.767456
v -20.442566 -0.399179 13.767456
v -20.442566 -0.253952 15.767456
v -20.442566 -0.167908 17.767456
v -20.442566 -0.140144 19.767456
v -20.442566 -0.150688 21.767456
v -20.442566 0.079178 23.767456
v -20.442566 0.278828 25.767456
v -20.442566 0.276335 27.767456
v -20.442566 0.205711 29.767456
v -20.442566 0.186348 31.767456
v -20.442566 0.177465 33.767456
v -20.442566 0.155966 35.767456
v -20.442566 0.133373 37.767456
v -20.442566 0.150045 39.767456
v -20.442566 0.220011 41.767456
v -20.442566 0.240091 43.767456
v -20.442566 0.275326 45.767456
v -20.442566 0.318407 47.767456
v -20.442566 0.388559 49.767456
v -20.442566 0.445362 51.767456
v -20.442566 0.062811 53.767456
v -20.442566 0.165533 55.767456
v -20.442566 0.700586 57.767456
v -20.442566 0.641069 59.767456
v -20.442566 0.610857 61.767456
v -20.442566 0.615294 63.767456
v -18.442566 0.418989 -24.232544
v -18.442566 0.378895 -22.232544
v -18.442566 0.272884 -20.232544
v -18.442566 0.061625 -18.232544
v -18.442566 -0.318224 -16.232544
v -18.442566 -0.145050 -14.232544
v -18.442566 0.088255 -12.232544
v -18.442566 0.133963 -10.232544
v -18.442566 0.119034 -8.232544
v -18.442566 0.136570 -6.232544
v -18.442566 0.145931 -4.232544
v -18.442566 0.121655 -2.232544
v -18.442566 0.123466 -0.232544
v -18.442566 0.134428 1.767456
v -18.442566 0.161217 3.767456
v -18.442566 0.186460 5.767456
v -18.442566 -0.007593 7.767456
v -18.442566 -0.241774 9.767456
v -18.442566 -0.422602 11.767456
v -18.442566 -0.444599 13.767456
v -18.442566 -0.344936 15.767456
v -18.442566 -0.251741 17.767456
v -18.442566 -0.239805 19.767456
v -18.442566 -0.105385 21.767456
v -18.442566 0.111080 23.767456
v -18.442566 0.244919 25.767456
v -18.442566 0.262239 27.767456
v -18.442566 0.224096 29.767456
v -18.442566 0.187111 31.767456
v -18.442566 0.149538 33.767456
v -18.442566 0.155857 35.767456
v -18.442566 0.102760 37.767456
v -18.442566 0.133121 39.767456
v -18.442566 0.144878 41.767456
v -18.442566 0.200603 43.767456
v -18.442566 0.250294 45.767456
v -18.442566 0.292351 47.767456
v -18.442566 0.435118 49.767456
v -18.442566 0.327482 51.767456
v -18.442566 -0.160486 53.767456
v -18.442566 -0.144356 55.767456
v -18.442566 0.523142 57.767456
v -18.442566 0.678312 59.767456
v -18.442566 0.680933 61.767456
v -16.442566 0.651134 -24.232544
v -16.442566 0.704647 -22.232544
v -16.442566 0.577377 -20.232544
v -16.442566 0.113607 -18.232544
v -16.442566 -0.406780 -16.232544
v -16.442566 -0.395895 -14.232544
v -16.442566 0.033283 -12.232544
v -16.442566 0.228922 -10.232544
v -16.442566 0.072189 -8.232544
v -16.442566 0.059391 -6.232544
v -16.442566 0.098818 -4.232544
v -16.442566 0.105495 -2.232544
v -16.442566 0.096313 -0.232544
v -16.442566 0.113251 1.767456
v -16.442566 0.145086 3.767456
v -16.442566 0.182266 5.767456
v -16.442566 0.155785 7.767456
v -16.442566 -0.030794 9.767456
v -16.442566 -0.252319 11.767456
v -16.442566 -0.380386 13.767456
v -16.442566 -0.393808 15.767456
v -16.442566 -0.339907 17.767456
v -16.442566 -0.268230 19.767456
v -16.442566 -0.119820 21.767456
v -16.442566 0.132668 23.767456
v -16.442566 0.227814 25.767456
v -16.442566 0.219984 27.767456
v -16.442566 0.215174 29.767456
v -16.442566 0.172665 31.767456
v -16.442566 0.162693 33.767456
v -16.442566 0.129452 35.767456
v -16.442566 0.095448 37.767456
v -16.442566 0.090508 39.767456
v -16.442566 0.152624 41.767456
v -16.442566 0.171700 43.767456
v -16.442566 0.261547 45.767456
v -16.442566 0.317232 47.767456
v -16.442566 0.392416 49.767456
v -16.442566 0.409710 51.767456
v -16.442566 0.028656 53.767456
v -16.442566 0.063320 55.767456
v -16.442566 0.548143 57.767456
v -16.442566 0.748060 59.767456
v -16.442566 0.665531 61.767456
v -14.442566 0.778027 -26.232544
v -14.442566 0.864634 -24.232544
v -14.442566 0.993053 -22.232544
v -14.442566 0.940397 -20.232544
v -14.442566 0.765652 -18.232544
v -14.442566 0.032484 -16.232544
v -14.442566 0.113417 -14.232544
v -14.442566 0.374544 -12.232544
v -14.442566 0.405396 -10.232544
v -14.442566 0.173965 -8.232544
v -14.442566 0.114340 -6.232544
v -14.442566 0.083008 -4.232544
v -14.442566 0.080759 -2.232544
v -14.442566 0.076477 -0.232544
v -14.442566 0.071253 1.767456
v -14.442566 0.112112 3.767456
v -14.442566 0.135361 5.767456
v -14.442566 0.151033 7.767456
v -14.442566 0.131742 9.767456
v -14.442566 0.000069 11.767456
v -14.442566 -0.194660 13.767456
v -14.442566 -0.331631 15.767456
v -14.442566 -0.349535 17.767456
v -14.442566 -0.286736 19.767456
v -14.442566 -0.143461 21.767456
v -14.442566 0.120478 23.767456
v -14.442566 0.240320 25.767456
v -14.442566 0.193722 27.767456
v -14.442566 0.213495 29.767456
v -14.442566 0.170109 31.767456
v -14.442566 0.096626 33.767456
v -14.442566 0.075855 35.767456
v -14.442566 0.092146 37.767456
v -14.442566 0.093683 39.767456
v -14.442566 0.148890 41.767456
v -14.442566 0.173342 43.767456
v -14.442566 0.223091 45.767456
v -14.442566 0.334686 47.767456
v -14.442566 0.396179 49.767456
v -14.442566 0.491873 51.767456
v -14.442566 0.544018 53.767456
v -14.442566 0.620564 55.767456
v -14.442566 0.724091 57.767456
v -14.442566 0.791901 59.767456
v -12.442566 0.645496 -26.232544
v -12.442566 0.910686 -24.232544
v -12.442566 1.133068 -22.232544
v -12.442566 1.296638 -20.232544
v -12.442566 1.236948 -18.232544
v -12.442566 0.917114 -16.232544
v -12.442566 0.577726 -14.232544
v -12.442566 0.714680 -12.232544
v -12.442566 0.594917 -10.232544
v -12.442566 0.387167 -8.232544
v -12.442566 0.253366 -6.232544
v -12.442566 0.183142 -4.232544
v -12.442566 0.120419 -2.232544
v -12.442566 0.095703 -0.232544
v -12.442566 0.084427 1.767456
v -12.442566 0.117409 3.767456
v -12.442566 0.126896 5.767456
v -12.442566 0.138212 7.767456
v -12.442566 0.200396 9.767456
v -12.442566 0.170284 11.767456
v -12.442566 0.032476 13.767456
v -12.442566 -0.150106 15.767456
v -12.442566 -0.237982 17.767456
v -12.442566 -0.190369 19.767456
v -12.442566 -0.065235 21.767456
v -12.442566 0.177898 23.767456
v -12.442566 0.249712 25.767456
v -12.442566 0.235340 27.767456
v -12.442566 0.198387 29.767456
v -12.442566 0.164236 31.767456
v -12.442566 0.116585 33.767456
v -12.442566 0.071089 35.767456
v -12.442566 0.081564 37.767456
v -12.442566 0.098213 39.767456
v -12.442566 0.130966 41.767456
v -12.442566 0.157522 43.767456
v -12.442566 0.228958 45.767456
v -12.442566 0.311451 47.767456
v -12.442566 0.397446 49.767456
v -12.442566 0.494450 51.767456
v -12.442566 0.626022 53.767456
v -12.442566 0.763184 55.767456
v -12.442566 0.805328 57.767456
v -10.442566 0.630720 -26.232544
v -10.442566 0.915636 -24.232544
v -10.442566 1.090595 -22.232544
v -10.442566 1.184441 -20.232544
v -10.442566 1.347788 -18.232544
v -10.442566 1.321905 -16.232544
v -10.442566 1.044445 -14.232544
v -10.442566 0.905302 -12.232544
v -10.442566 0.721746 -10.232544
v -10.442566 0.590042 -8.232544
v -10.442566 0.416632 -6.232544
v -10.442566 0.273624 -4.232544
v -10.442566 0.197443 -2.232544
v -10.442566 0.187424 -0.232544
v -10.442566 0.158705 1.767456
v -10.442566 0.163879 3.767456
v -10.442566 0.146500 5.767456
v -10.442566 0.165562 7.767456
v -10.442566 0.205990 9.767456
v -10.442566 0.252447 11.767456
v -10.442566 0.238087 13.767456
v -10.442566 0.110495 15.767456
v -10.442566 0.012741 17.767456
v -10.442566 0.015955 19.767456
v -10.442566 0.138636 21.767456
v -10.442566 0.289459 23.767456
v -10.442566 0.292068 25.767456
v -10.442566 0.234419 27.767456
v -10.442566 0.201033 29.767456
v -10.442566 0.165600 31.767456
v -10.442566 0.145054 33.767456
v -10.442566 0.094364 35.767456
v -10.442566 0.090996 37.767456
v -10.442566 0.104557 39.767456
v -10.442566 0.103333 41.767456
v -10.442566 0.197784 43.767456
v -10.442566 0.254564 45.767456
v -10.442566 0.317245 47.767456
v -10.442566 0.377686 49.767456
v -10.442566 0.485472 51.767456
v -10.442566 0.611799 53.767456
v -8.442566 0.232323 -28.232544
v -8.442566 0.529879 -26.232544
v -8.442566 0.693613 -24.232544
v -8.442566 0.646294 -22.232544
v -8.442566 0.899191 -20.232544
v -8.442566 1.101255 -18.232544
v -8.442566 1.257713 -16.232544
v -8.442566 1.177109 -14.232544
v -8.442566 1.013697 -12.232544
v -8.442566 0.863169 -10.232544
v -8.442566 0.770006 -8.232544
v -8.442566 0.584898 -6.232544
v -8.442566 0.435221 -4.232544
v -8.442566 0.356535 -2.232544
v -8.442566 0.274843 -0.232544
v -8.442566 0.281057 1.767456
v -8.442566 0.243349 3.767456
v -8.442566 0.181248 5.767456
v -8.442566 0.213556 7.767456
v -8.442566 0.232332 9.767456
v -8.442566 0.277872 11.767456
v -8.442566 0.346569 13.767456
v -8.442566 0.316860 15.767456
v -8.442566 0.255629 17.767456
v -8.442566 0.239536 19.767456
v -8.442566 0.266514 21.767456
v -8.442566 0.333298 23.767456
v -8.442566 0.343077 25.767456
v -8.442566 0.283346 27.767456
v -8.442566 0.233261 29.767456
v -8.442566 0.208267 31.767456
v -8.442566 0.149744 33.767456
v -8.442566 0.131884 35.767456
v -8.442566 0.104509 37.767456
v -8.442566 0.102238 39.767456
v -8.442566 0.115620 41.767456
v -8.442566 0.172785 43.767456
v -8.442566 0.244078 45.767456
v -8.442566 0.316151 47.767456
v -8.442566 0.404682 49.767456
v -8.442566 0.500801 51.767456
v -6.442566 0.060122 -30.232544
v -6.442566 0.105839 -28.232544
v -6.442566 0.162859 -26.232544
v -6.442566 0.163534 -24.232544
v -6.442566 -0.113869 -22.232544
v -6.442566 0.172087 -20.232544
v -6.442566 0.782267 -18.232544
v -6.442566 1.051439 -16.232544
v -6.442566 1.172136 -14.232544
v -6.442566 1.166925 -12.232544
v -6.442566 1.029545 -10.232544
v -6.442566 0.907034 -8.232544
v -6.442566 0.808092 -6.232544
v -6.442566 0.639980 -4.232544
v -6.442566 0.555361 -2.232544
v -6.442566 0.415125 -0.232544
v -6.442566 0.386929 1.767456
v -6.442566 0.344324 3.767456
v -6.442566 0.296097 5.767456
v -6.442566 0.294870 7.767456
v -6.442566 0.289808 9.767456
v -6.442566 0.342485 11.767456
v -6.442566 0.395899 13.767456
v -6.442566 0.404535 15.767456
v -6.442566 0.348417 17.767456
v -6.442566 0.339066 19.767456
v -6.442566 0.344578 21.767456
v -6.442566 0.363354 23.767456
v -6.442566 0.336918 25.767456
v -6.442566 0.305490 27.767456
v -6.442566 0.265562 29.767456
v -6.442566 0.215055 31.767456
v -6.442566 0.154964 33.767456
v -6.442566 0.116100 35.767456
v -6.442566 0.134504 37.767456
v -6.442566 0.130501 39.767456
v -6.442566 0.188322 41.767456
v -6.442566 0.205351 43.767456
v -6.442566 0.295685 45.767456
v -6.442566 0.390318 47.767456
v -4.442566 -0.002796 -30.232544
v -4.442566 -0.036715 -28.232544
v -4.442566 -0.006742 -26.232544
v -4.442566 -0.180988 -24.232544
v -4.442566 -0.713789 -22.232544
v -4.442566 -0.643011 -20.232544
v -4.442566 0.351154 -18.232544
v -4.442566 0.834242 -16.232544
v -4.442566 1.107346 -14.232544
v -4.442566 1.255152 -12.232544
v -4.442566 1.221844 -10.232544
v -4.442566 1.091412 -8.232544
v -4.442566 0.997915 -6.232544
v -4.442566 0.890553 -4.232544
v -4.442566 0.813812 -2.232544
v -4.442566 0.706127 -0.232544
v -4.442566 0.552803 1.767456
v -4.442566 0.486856 3.767456
v -4.442566 0.448092 5.767456
v -4.442566 0.395861 7.767456
v -4.442566 0.374632 9.767456
v -4.442566 0.391264 11.767456
v -4.442566 0.453794 13.767456
v -4.442566 0.466938 15.767456
v -4.442566 0.438387 17.767456
v -4.442566 0.414314 19.767456
v -4.442566 0.375902 21.767456
v -4.442566 0.354088 23.767456
v -4.442566 0.344185 25.767456
v -4.442566 0.355986 27.767456
v -4.442566 0.321218 29.767456
v -4.442566 0.246584 31.767456
v -4.442566 0.164139 33.767456
v -4.442566 0.160294 35.767456
v -4.442566 0.144445 37.767456
v -4.442566 0.178692 39.767456
v -4.442566 0.206539 41.767456
v -2.442566 0.111385 -32.232544
v -2.442566 0.001640 -30.232544
v -2.442566 -0.071621 -28.232544
v -2.442566 -0.110022 -26.232544
v -2.442566 -0.156612 -24.232544
v -2.442566 -0.534504 -22.232544
v -2.442566 -0.716251 -20.232544
v -2.442566 0.098717 -18.232544
v -2.442566 0.628136 -16.232544
v -2.442566 0.953999 -14.232544
v -2.442566 1.139217 -12.232544
v -2.442566 1.200161 -10.232544
v -2.442566 1.174572 -8.232544
v -2.442566 1.167994 -6.232544
v -2.442566 1.138739 -4.232544
v -2.442566 1.008804 -2.232544
v -2.442566 0.944946 -0.232544
v -2.442566 0.805187 1.767456
v -2.442566 0.694407 3.767456
v -2.442566 0.638420 5.767456
v -2.442566 0.539227 7.767456
v -2.442566 0.526377 9.767456
v -2.442566 0.531609 11.767456
v -2.442566 0.565359 13.767456
v -2.442566 0.543949 15.767456
v -2.442566 0.526974 17.767456
v -2.442566 0.458035 19.767456
v -2.442566 0.401154 21.767456
v -2.442566 0.364260 23.767456
v -2.442566 0.362623 25.767456
v -2.442566 0.384161 27.767456
v -2.442566 0.351395 29.767456
v -2.442566 0.281473 31.767456
v -2.442566 0.204145 33.767456
v -2.442566 0.197424 35.767456
v -2.442566 0.188480 37.767456
v -2.442566 0.189442 39.767456
v -0.442566 0.086926 -32.232544
v -0.442566 0.000507 -30.232544
v -0.442566 -0.075060 -28.232544
v -0.442566 -0.132895 -26.232544
v -0.442566 -0.176254 -24.232544
v -0.442566 -0.212097 -22.232544
v -0.442566 -0.291542 -20.232544
v -0.442566 0.112097 -18.232544
v -0.442566 0.484467 -16.232544
v -0.442566 0.749935 -14.232544
v -0.442566 0.858315 -12.232544
v -0.442566 1.024902 -10.232544
v -0.442566 1.066654 -8.232544
v -0.442566 1.208879 -6.232544
v -0.442566 1.276361 -4.232544
v -0.442566 1.212761 -2.232544
v -0.442566 1.159023 -0.232544
v -0.442566 1.069191 1.767456
v -0.442566 0.931042 3.767456
v -0.442566 0.811893 5.767456
v -0.442566 0.712637 7.767456
v -0.442566 0.680027 9.767456
v -0.442566 0.703505 11.767456
v -0.442566 0.665970 13.767456
v -0.442566 0.621914 15.767456
v -0.442566 0.584780 17.767456
v -0.442566 0.559681 19.767456
v -0.442566 0.475155 21.767456
v -0.442566 0.444460 23.767456
v -0.442566 0.418850 25.767456
v -0.442566 0.441046 27.767456
v -0.442566 0.409492 29.767456
v -0.442566 0.301279 31.767456
v -0.442566 0.289104 33.767456
v -0.442566 0.236292 35.767456
v 1.557434 0.143787 -34.232544
v 1.557434 0.113205 -32.232544
v 1.557434 0.036373 -30.232544
v 1.557434 -0.068174 -28.232544
v 1.557434 -0.148912 -26.232544
v 1.557434 -0.176678 -24.232544
v 1.557434 -0.179720 -22.232544
v 1.557434 -0.114706 -20.232544
v 1.557434 0.083296 -18.232544
v 1.557434 0.308136 -16.232544
v 1.557434 0.469578 -14.232544
v 1.557434 0.547314 -12.232544
v 1.557434 0.728525 -10.232544
v 1.557434 0.870287 -8.232544
v 1.557434 1.033039 -6.232544
v 1.557434 1.224470 -4.232544
v 1.557434 1.247389 -2.232544
v 1.557434 1.253870 -0.232544
v 1.557434 1.240362 1.767456
v 1.557434 1.164627 3.767456
v 1.557434 1.023195 5.767456
v 1.557434 0.928999 7.767456
v 1.557434 0.830957 9.767456
v 1.557434 0.799940 11.767456
v 1.557434 0.783659 13.767456
v 1.557434 0.687050 15.767456
v 1.557434 0.670773 17.767456
v 1.557434 0.645027 19.767456
v 1.557434 0.549543 21.767456
v 1.557434 0.515060 23.767456
v 1.557434 0.525356 25.767456
v 1.557434 0.465574 27.767456
v 1.557434 0.438658 29.767456
v 1.557434 0.419529 31.767456
v 3.557434 0.175215 -36.232544
v 3.557434 0.145447 -34.232544
v 3.557434 0.126993 -32.232544
v 3.557434 0.073967 -30.232544
v 3.557434 -0.082216 -28.232544
v 3.557434 -0.186382 -26.232544
v 3.557434 -0.202816 -24.232544
v 3.557434 -0.190174 -22.232544
v 3.557434 -0.141943 -20.232544
v 3.557434 -0.062622 -18.232544
v 3.557434 0.072298 -16.232544
v 3.557434 0.181080 -14.232544
v 3.557434 0.274012 -12.232544
v 3.557434 0.421322 -10.232544
v 3.557434 0.591959 -8.232544
v 3.557434 0.755987 -6.232544
v 3.557434 0.905563 -4.232544
v 3.557434 1.064898 -2.232544
v 3.557434 1.142075 -0.232544
v 3.557434 1.253042 1.767456
v 3.557434 1.298199 3.767456
v 3.557434 1.240450 5.767456
v 3.557434 1.144028 7.767456
v 3.557434 1.094465 9.767456
v 3.557434 0.944683 11.767456
v 3.557434 0.889030 13.767456
v 3.557434 0.798130 15.767456
v 3.557434 0.757778 17.767456
v 3.557434 0.730772 19.767456
v 3.557434 0.629492 21.767456
v 3.557434 0.575245 23.767456
v 3.557434 0.548460 25.767456
v 3.557434 0.519951 27.767456
v 3.557434 0.450954 29.767456
v 5.557434 0.143875 -38.232544
v 5.557434 0.141785 -36.232544
v 5.557434 0.174932 -34.232544
v 5.557434 0.140242 -32.232544
v 5.557434 0.078644 -30.232544
v 5.557434 -0.037956 -28.232544
v 5.557434 -0.160009 -26.232544
v 5.557434 -0.199776 -24.232544
v 5.557434 -0.201338 -22.232544
v 5.557434 -0.200907 -20.232544
v 5.557434 -0.172447 -18.232544
v 5.557434 -0.117594 -16.232544
v 5.557434 -0.014534 -14.232544
v 5.557434 0.013073 -12.232544
v 5.557434 0.070137 -10.232544
v 5.557434 0.250174 -8.232544
v 5.557434 0.402588 -6.232544
v 5.557434 0.605984 -4.232544
v 5.557434 0.785305 -2.232544
v 5.557434 0.996857 -0.232544
v 5.557434 1.160633 1.767456
v 5.557434 1.198774 3.767456
v 5.557434 1.328739 5.767456
v 5.557434 1.348661 7.767456
v 5.557434 1.257128 9.767456
v 5.557434 1.118258 11.767456
v 5.557434 0.998493 13.767456
v 5.557434 0.892162 15.767456
v 5.557434 0.815634 17.767456
v 5.557434 0.821577 19.767456
v 5.557434 0.736153 21.767456
v 5.557434 0.698349 23.767456
v 5.557434 0.637527 25.767456
v 5.557434 0.500551 27.767456
v 7.557434 0.141960 -40.232544
v 7.557434 0.163332 -38.232544
v 7.557434 0.164526 -36.232544
v 7.557434 0.140635 -34.232544
v 7.557434 0.121885 -32.232544
v 7.557434 0.047140 -30.232544
v 7.557434 -0.041576 -28.232544
v 7.557434 -0.145773 -26.232544
v 7.557434 -0.188295 -24.232544
v 7.557434 -0.223820 -22.232544
v 7.557434 -0.235147 -20.232544
v 7.557434 -0.231634 -18.232544
v 7.557434 -0.226149 -16.232544
v 7.557434 -0.176586 -14.232544
v 7.557434 -0.159803 -12.232544
v 7.557434 -0.159784 -10.232544
v 7.557434 -0.027575 -8.232544
v 7.557434 0.107714 -6.232544
v 7.557434 0.310566 -4.232544
v 7.557434 0.523418 -2.232544
v 7.557434 0.667030 -0.232544
v 7.557434 0.837997 1.767456
v 7.557434 0.970299 3.767456
v 7.557434 1.170435 5.767456
v 7.557434 1.346298 7.767456
v 7.557434 1.335264 9.767456
v 7.557434 1.287579 11.767456
v 7.557434 1.150167 13.767456
v 7.557434 1.050903 15.767456
v 7.557434 0.943523 17.767456
v 7.557434 0.887928 19.767456
v 7.557434 0.860357 21.767456
v 7.557434 0.796120 23.767456
v 7.557434 0.742508 25.767456
v 9.557434 0.167475 -42.232544
v 9.557434 0.202820 -40.232544
v 9.557434 0.191648 -38.232544
v 9.557434 0.166046 -36.232544
v 9.557434 0.147396 -34.232544
v 9.557434 0.135271 -32.232544
v 9.557434 0.050980 -30.232544
v 9.557434 -0.048368 -28.232544
v 9.557434 -0.162512 -26.232544
v 9.557434 -0.195251 -24.232544
v 9.557434 -0.225237 -22.232544
v 9.557434 -0.244986 -20.232544
v 9.557434 -0.272480 -18.232544
v 9.557434 -0.292524 -16.232544
v 9.557434 -0.274971 -14.232544
v 9.557434 -0.284010 -12.232544
v 9.557434 -0.259823 -10.232544
v 9.557434 -0.232117 -8.232544
v 9.557434 -0.135437 -6.232544
v 9.557434 0.066938 -4.232544
v 9.557434 0.224169 -2.232544
v 9.557434 0.363817 -0.232544
v 9.557434 0.511530 1.767456
v 9.557434 0.704268 3.767456
v 9.557434 0.947052 5.767456
v 9.557434 1.225451 7.767456
v 9.557434 1.370619 9.767456
v 9.557434 1.300623 11.767456
v 9.557434 1.233082 13.767456
v 9.557434 1.180950 15.767456
v 9.557434 1.080999 17.767456
v 9.557434 1.049376 19.767456
v 9.557434 0.976576 21.767456
v 9.557434 0.885973 23.767456
v 11.557434 0.205284 -44.232544
v 11.557434 0.198051 -42.232544
v 11.557434 0.163206 -40.232544
v 11.557434 0.158747 -38.232544
v 11.557434 0.168289 -36.232544
v 11.557434 0.150328 -34.232544
v 11.557434 0.123468 -32.232544
v 11.557434 0.049961 -30.232544
v 11.557434 -0.070913 -28.232544
v 11.557434 -0.157053 -26.232544
v 11.557434 -0.216509 -24.232544
v 11.557434 -0.251312 -22.232544
v 11.557434 -0.283783 -20.232544
v 11.557434 -0.301920 -18.232544
v 11.557434 -0.334053 -16.232544
v 11.557434 -0.322729 -14.232544
v 11.557434 -0.308828 -12.232544
v 11.557434 -0.324293 -10.232544
v 11.557434 -0.299202 -8.232544
v 11.557434 -0.279486 -6.232544
v 11.557434 -0.162548 -4.232544
v 11.557434 -0.042915 -2.232544
v 11.557434 0.082035 -0.232544
v 11.557434 0.273476 1.767456
v 11.557434 0.475061 3.767456
v 11.557434 0.770103 5.767456
v 11.557434 1.094645 7.767456
v 11.557434 1.402584 9.767456
v 11.557434 1.350588 11.767456
v 11.557434 1.145584 13.767456
v 11.557434 1.099394 15.767456
v 11.557434 1.074028 17.767456
v 11.557434 1.152937 19.767456
v 11.557434 1.111443 21.767456
v 13.557434 0.227867 -46.232544
v 13.557434 0.218014 -44.232544
v 13.557434 0.231785 -42.232544
v 13.557434 0.207249 -40.232544
v 13.557434 0.183056 -38.232544
v 13.557434 0.174425 -36.232544
v 13.557434 0.159241 -34.232544
v 13.557434 0.114840 -32.232544
v 13.557434 0.022179 -30.232544
v 13.557434 -0.085567 -28.232544
v 13.557434 -0.143944 -26.232544
v 13.557434 -0.212425 -24.232544
v 13.557434 -0.251944 -22.232544
v 13.557434 -0.313435 -20.232544
v 13.557434 -0.338776 -18.232544
v 13.557434 -0.326855 -16.232544
v 13.557434 -0.333021 -14.232544
v 13.557434 -0.341433 -12.232544
v 13.557434 -0.341957 -10.232544
v 13.557434 -0.338764 -8.232544
v 13.557434 -0.321186 -6.232544
v 13.557434 -0.241615 -4.232544
v 13.557434 -0.155563 -2.232544
v 13.557434 -0.090994 -0.232544
v 13.557434 0.050917 1.767456
v 13.557434 0.260481 3.767456
v 13.557434 0.449739 5.767456
v 13.557434 0.695786 7.767456
v 13.557434 1.217335 9.767456
v 13.557434 1.294140 11.767456
v 13.557434 1.120680 13.767456
v 13.557434 0.941423 15.767456
v 13.557434 0.836843 17.767456
v 13.557434 0.971348 19.767456
v 13.557434 1.145229 21.767456
v 15.557434 0.261227 -48.232544
v 15.557434 0.231779 -46.232544
v 15.557434 0.212208 -44.232544
v 15.557434 0.197657 -42.232544
v 15.557434 0.200006 -40.232544
v 15.557434 0.209705 -38.232544
v 15.557434 0.199127 -36.232544
v 15.557434 0.163839 -34.232544
v 15.557434 0.143185 -32.232544
v 15.557434 0.056206 -30.232544
v 15.557434 -0.090326 -28.232544
v 15.557434 -0.181208 -26.232544
v 15.557434 -0.236433 -24.232544
v 15.557434 -0.295431 -22.232544
v 15.557434 -0.324364 -20.232544
v 15.557434 -0.331600 -18.232544
v 15.557434 -0.325796 -16.232544
v 15.557434 -0.335278 -14.232544
v 15.557434 -0.349062 -12.232544
v 15.557434 -0.340778 -10.232544
v 15.557434 -0.315496 -8.232544
v 15.557434 -0.316483 -6.232544
v 15.557434 -0.280619 -4.232544
v 15.557434 -0.224640 -2.232544
v 15.557434 -0.117479 -0.232544
v 15.557434 -0.072454 1.767456
v 15.557434 0.050940 3.767456
v 15.557434 -0.108791 5.767456
v 15.557434 -0.015924 7.767456
v 15.557434 0.708942 9.767456
v 15.557434 1.159544 11.767456
v 15.557434 1.075331 13.767456
v 15.557434 0.950748 15.767456
v 15.557434 0.695229 17.767456
v 15.557434 0.692896 19.767456
v 17.557434 0.256041 -50.232544
v 17.557434 0.257593 -48.232544
v 17.557434 0.246204 -46.232544
v 17.557434 0.236261 -44.232544
v 17.557434 0.211597 -42.232544
v 17.557434 0.202265 -40.232544
v 17.557434 0.214235 -38.232544
v 17.557434 0.226828 -36.232544
v 17.557434 0.207197 -34.232544
v 17.557434 0.137535 -32.232544
v 17.557434 0.096523 -30.232544
v 17.557434 -0.053728 -28.232544
v 17.557434 -0.220371 -26.232544
v 17.557434 -0.275494 -24.232544
v 17.557434 -0.334461 -22.232544
v 17.557434 -0.349449 -20.232544
v 17.557434 -0.354982 -18.232544
v 17.557434 -0.345100 -16.232544
v 17.557434 -0.352909 -14.232544
v 17.557434 -0.337812 -12.232544
v 17.557434 -0.330452 -10.232544
v 17.557434 -0.308929 -8.232544
v 17.557434 -0.275597 -6.232544
v 17.557434 -0.276360 -4.232544
v 17.557434 -0.243450 -2.232544
v 17.557434 -0.147146 -0.232544
v 17.557434 -0.048750 1.767456
v 17.557434 -0.054457 3.767456
v 17.557434 -0.335522 5.767456
v 17.557434 -0.345480 7.767456
v 17.557434 0.470528 9.767456
v 17.557434 1.027872 11.767456
v 17.557434 1.058699 13.767456
v 17.557434 0.976385 15.767456
v 17.557434 0.765654 17.767456
v 17.557434 0.575386 19.767456
v 19.557434 0.275225 -52.232544
v 19.557434 0.264158 -50.232544
v 19.557434 0.260477 -48.232544
v 19.557434 0.252884 -46.232544
v 19.557434 0.267189 -44.232544
v 19.557434 0.243929 -42.232544
v 19.557434 0.225761 -40.232544
v 19.557434 0.231850 -38.232544
v 19.557434 0.230486 -36.232544
v 19.557434 0.222206 -34.232544
v 19.557434 0.190260 -32.232544
v 19.557434 0.135056 -30.232544
v 19.557434 -0.017269 -28.232544
v 19.557434 -0.187990 -26.232544
v 19.557434 -0.278797 -24.232544
v 19.557434 -0.350899 -22.232544
v 19.557434 -0.377808 -20.232544
v 19.557434 -0.359861 -18.232544
v 19.557434 -0.326199 -16.232544
v 19.557434 -0.332869 -14.232544
v 19.557434 -0.318592 -12.232544
v 19.557434 -0.294813 -10.232544
v 19.557434 -0.285446 -8.232544
v 19.557434 -0.262787 -6.232544
v 19.557434 -0.254595 -4.232544
v 19.557434 -0.225716 -2.232544
v 19.557434 -0.173098 -0.232544
v 19.557434 -0.043743 1.767456
v 19.557434 0.023560 3.767456
v 19.557434 0.020235 5.767456
v 19.557434 -0.046581 7.767456
v 19.557434 0.602610 9.767456
v 19.557434 1.012510 11.767456
v 19.557434 1.084225 13.767456
v 19.557434 1.004126 15.767456
v 19.557434 0.944767 17.767456
v 21.557434 0.291613 -54.232544
v 21.557434 0.276110 -52.232544
v 21.557434 0.258186 -50.232544
v 21.557434 0.287132 -48.232544
v 21.557434 0.264608 -46.232544
v 21.557434 0.281128 -44.232544
v 21.557434 0.264904 -42.232544
v 21.557434 0.257248 -40.232544
v 21.557434 0.261835 -38.232544
v 21.557434 0.249638 -36.232544
v 21.557434 0.236540 -34.232544
v 21.557434 0.184242 -32.232544
v 21.557434 0.122637 -30.232544
v 21.557434 0.036997 -28.232544
v 21.557434 -0.139282 -26.232544
v 21.557434 -0.249763 -24.232544
v 21.557434 -0.350676 -22.232544
v 21.557434 -0.394749 -20.232544
v 21.557434 -0.347466 -18.232544
v 21.557434 -0.332899 -16.232544
v 21.557434 -0.307718 -14.232544
v 21.557434 -0.266521 -12.232544
v 21.557434 -0.271658 -10.232544
v 21.557434 -0.263409 -8.232544
v 21.557434 -0.244312 -6.232544
v 21.557434 -0.228571 -4.232544
v 21.557434 -0.211466 -2.232544
v 21.557434 -0.155012 -0.232544
v 21.557434 -0.002069 1.767456
v 21.557434 0.083685 3.767456
v 21.557434 0.184982 5.767456
v 21.557434 0.374800 7.767456
v 21.557434 0.726040 9.767456
v 21.557434 1.035921 11.767456
v 21.557434 1.085848 13.767456
v 21.557434 0.996347 15.767456
v 23.557434 0.300083 -56.232544
v 23.557434 0.307810 -54.232544
v 23.557434 0.304047 -52.232544
v 23.557434 0.284731 -50.232544
v 23.557434 0.267273 -48.232544
v 23.557434 0.303967 -46.232544
v 23.557434 0.279037 -44.232544
v 23.557434 0.249022 -42.232544
v 23.557434 0.268402 -40.232544
v 23.557434 0.255421 -38.232544
v 23.557434 0.233446 -36.232544
v 23.557434 0.256369 -34.232544
v 23.557434 0.213961 -32.232544
v 23.557434 0.176147 -30.232544
v 23.557434 0.061222 -28.232544
v 23.557434 -0.104824 -26.232544
v 23.557434 -0.186918 -24.232544
v 23.557434 -0.292641 -22.232544
v 23.557434 -0.344336 -20.232544
v 23.557434 -0.314850 -18.232544
v 23.557434 -0.282515 -16.232544
v 23.557434 -0.257456 -14.232544
v 23.557434 -0.241940 -12.232544
v 23.557434 -0.205328 -10.232544
v 23.557434 -0.214958 -8.232544
v 23.557434 -0.197977 -6.232544
v 23.557434 -0.190882 -4.232544
v 23.557434 -0.136873 -2.232544
v 23.557434 -0.080408 -0.232544
v 23.557434 -0.011967 1.767456
v 23.557434 0.110481 3.767456
v 23.557434 0.229353 5.767456
v 23.557434 0.454195 7.767456
v 23.557434 0.709024 9.767456
v 23.557434 0.910839 11.767456
v 23.557434 0.967535 13.767456
v 25.557434 0.279047 -58.232544
v 25.557434 0.268904 -56.232544
v 25.557434 0.281996 -54.232544
v 25.557434 0.340912 -52.232544
v 25.557434 0.338478 -50.232544
v 25.557434 0.311178 -48.232544
v 25.557434 0.314976 -46.232544
v 25.557434 0.304670 -44.232544
v 25.557434 0.309134 -42.232544
v 25.557434 0.302191 -40.232544
v 25.557434 0.268793 -38.232544
v 25.557434 0.250399 -36.232544
v 25.557434 0.260489 -34.232544
v 25.557434 0.247650 -32.232544
v 25.557434 0.202438 -30.232544
v 25.557434 0.112564 -28.232544
v 25.557434 -0.025982 -26.232544
v 25.557434 -0.127050 -24.232544
v 25.557434 -0.193302 -22.232544
v 25.557434 -0.247665 -20.232544
v 25.557434 -0.248913 -18.232544
v 25.557434 -0.157227 -16.232544
v 25.557434 -0.216169 -14.232544
v 25.557434 -0.191959 -12.232544
v 25.557434 -0.151756 -10.232544
v 25.557434 -0.165648 -8.232544
v 25.557434 -0.144526 -6.232544
v 25.557434 -0.152845 -4.232544
v 25.557434 -0.078259 -2.232544
v 25.557434 -0.037615 -0.232544
v 25.557434 0.007454 1.767456
v 25.557434 0.119705 3.767456
v 25.557434 0.236162 5.767456
v 25.557434 0.388615 7.767456
v 25.557434 0.621147 9.767456
v 25.557434 0.778076 11.767456
v 27.557434 0.246288 -60.232544
v 27.557434 0.275793 -58.232544
v 27.557434 0.264853 -56.232544
v 27.557434 0.283501 -54.232544
v 27.557434 0.331339 -52.232544
v 27.557434 0.352005 -50.232544
v 27.557434 0.353001 -48.232544
v 27.557434 0.338657 -46.232544
v 27.557434 0.341778 -44.232544
v 27.557434 0.320826 -42.232544
v 27.557434 0.335758 -40.232544
v 27.557434 0.282190 -38.232544
v 27.557434 0.264362 -36.232544
v 27.557434 0.264685 -34.232544
v 27.557434 0.236263 -32.232544
v 27.557434 0.208391 -30.232544
v 27.557434 0.117607 -28.232544
v 27.557434 0.047598 -26.232544
v 27.557434 -0.059906 -24.232544
v 27.557434 -0.155693 -22.232544
v 27.557434 -0.161352 -20.232544
v 27.557434 -0.186127 -18.232544
v 27.557434 -0.058609 -16.232544
v 27.557434 0.018658 -14.232544
v 27.557434 -0.066721 -12.232544
v 27.557434 -0.084902 -10.232544
v 27.557434 -0.107899 -8.232544
v 27.557434 -0.077221 -6.232544
v 27.557434 -0.058605 -4.232544
v 27.557434 -0.015423 -2.232544
v 27.557434 0.036032 -0.232544
v 27.557434 0.089779 1.767456
v 27.557434 0.159931 3.767456
v 27.557434 0.275366 5.767456
v 27.557434 0.437740 7.767456
v 27.557434 0.590910 9.767456
v 29.557434 0.262556 -64.232544
v 29.557434 0.268335 -62.232544
v 29.557434 0.253651 -60.232544
v 29.557434 0.279005 -58.232544
v 29.557434 0.255703 -56.232544
v 29.557434 0.289991 -54.232544
v 29.557434 0.304531 -52.232544
v 29.557434 0.336466 -50.232544
v 29.557434 0.370766 -48.232544
v 29.557434 0.387991 -46.232544
v 29.557434 0.353048 -44.232544
v 29.557434 0.354532 -42.232544
v 29.557434 0.345575 -40.232544
v 29.557434 0.300097 -38.232544
v 29.557434 0.272968 -36.232544
v 29.557434 0.246063 -34.232544
v 29.557434 0.224150 -32.232544
v 29.557434 0.200363 -30.232544
v 29.557434 0.138510 -28.232544
v 29.557434 0.063425 -26.232544
v 29.557434 -0.009329 -24.232544
v 29.557434 -0.065022 -22.232544
v 29.557434 -0.079201 -20.232544
v 29.557434 -0.137747 -18.232544
v 29.557434 -0.009075 -16.232544
v 29.557434 0.159636 -14.232544
v 29.557434 0.145493 -12.232544
v 29.557434 0.022516 -10.232544
v 29.557434 -0.022257 -8.232544
v 29.557434 -0.017508 -6.232544
v 29.557434 -0.009529 -4.232544
v 29.557434 0.011530 -2.232544
v 29.557434 0.100338 -0.232544
v 29.557434 0.164753 1.767456
v 29.557434 0.243038 3.767456
v 29.557434 0.366993 5.767456
v 29.557434 0.494915 7.767456
v 31.557434 0.332243 -70.232544
v 31.557434 0.280983 -68.232544
v 31.557434 0.271774 -66.232544
v 31.557434 0.256748 -64.232544
v 31.557434 0.242844 -62.232544
v 31.557434 0.268532 -60.232544
v 31.557434 0.278959 -58.232544
v 31.557434 0.301237 -56.232544
v 31.557434 0.319849 -54.232544
v 31.557434 0.329041 -52.232544
v 31.557434 0.372831 -50.232544
v 31.557434 0.406900 -48.232544
v 31.557434 0.386171 -46.232544
v 31.557434 0.374189 -44.232544
v 31.557434 0.388874 -42.232544
v 31.557434 0.366827 -40.232544
v 31.557434 0.324242 -38.232544
v 31.557434 0.309858 -36.232544
v 31.557434 0.278965 -34.232544
v 31.557434 0.256979 -32.232544
v 31.557434 0.225927 -30.232544
v 31.557434 0.157293 -28.232544
v 31.557434 0.088276 -26.232544
v 31.557434 0.020197 -24.232544
v 31.557434 -0.005735 -22.232544
v 31.557434 -0.010744 -20.232544
v 31.557434 -0.032768 -18.232544
v 31.557434 0.085093 -16.232544
v 31.557434 0.239626 -14.232544
v 31.557434 0.258316 -12.232544
v 31.557434 0.191771 -10.232544
v 31.557434 0.059240 -8.232544
v 31.557434 0.017492 -6.232544
v 31.557434 0.030285 -4.232544
v 31.557434 0.086067 -2.232544
v 31.557434 0.172714 -0.232544
v 31.557434 0.227299 1.767456
v 31.557434 0.334677 3.767456
v 31.557434 0.427675 5.767456
v 33.557434 0.360252 -78.232544
v 33.557434 0.395937 -76.232544
v 33.557434 0.394884 -74.232544
v 33.557434 0.357918 -72.232544
v 33.557434 0.317385 -70.232544
v 33.557434 0.290083 -68.232544
v 33.557434 0.263027 -66.232544
v 33.557434 0.261908 -64.232544
v 33.557434 0.257423 -62.232544
v 33.557434 0.257574 -60.232544
v 33.557434 0.269510 -58.232544
v 33.557434 0.287716 -56.232544
v 33.557434 0.354650 -54.232544
v 33.557434 0.423061 -52.232544
v 33.557434 0.381031 -50.232544
v 33.557434 0.371073 -48.232544
v 33.557434 0.392647 -46.232544
v 33.557434 0.392197 -44.232544
v 33.557434 0.398905 -42.232544
v 33.557434 0.359453 -40.232544
v 33.557434 0.341253 -38.232544
v 33.557434 0.326551 -36.232544
v 33.557434 0.295912 -34.232544
v 33.557434 0.272709 -32.232544
v 33.557434 0.243904 -30.232544
v 33.557434 0.186798 -28.232544
v 33.557434 0.119741 -26.232544
v 33.557434 0.026533 -24.232544
v 33.557434 0.000450 -22.232544
v 33.557434 0.035885 -20.232544
v 33.557434 0.099989 -18.232544
v 33.557434 0.193666 -16.232544
v 33.557434 0.285042 -14.232544
v 33.557434 0.299862 -12.232544
v 33.557434 0.257383 -10.232544
v 33.557434 0.152145 -8.232544
v 33.557434 0.070522 -6.232544
v 33.557434 0.082308 -4.232544
v 33.557434 0.117474 -2.232544
v 33.557434 0.227997 -0.232544
v 33.557434 0.348183 1.767456
v 33.557434 0.423611 3.767456
v 35.557434 0.334425 -84.232544
v 35.557434 0.329367 -82.232544
v 35.557434 0.349792 -80.232544
v 35.557434 0.351086 -78.232544
v 35.557434 0.363672 -76.232544
v 35.557434 0.406126 -74.232544
v 35.557434 0.383144 -72.232544
v 35.557434 0.318403 -70.232544
v 35.557434 0.262108 -68.232544
v 35.557434 0.267490 -66.232544
v 35.557434 0.247444 -64.232544
v 35.557434 0.255716 -62.232544
v 35.557434 0.246668 -60.232544
v 35.557434 0.239128 -58.232544
v 35.557434 0.269287 -56.232544
v 35.557434 0.335871 -54.232544
v 35.557434 0.413834 -52.232544
v 35.557434 0.469650 -50.232544
v 35.557434 0.430517 -48.232544
v 35.557434 0.408945 -46.232544
v 35.557434 0.385857 -44.232544
v 35.557434 0.392502 -42.232544
v 35.557434 0.380310 -40.232544
v 35.557434 0.334322 -38.232544
v 35.557434 0.326754 -36.232544
v 35.557434 0.285168 -34.232544
v 35.557434 0.276293 -32.232544
v 35.557434 0.260044 -30.232544
v 35.557434 0.232666 -28.232544
v 35.557434 0.136166 -26.232544
v 35.557434 0.034840 -24.232544
v 35.557434 0.012642 -22.232544
v 35.557434 0.044872 -20.232544
v 35.557434 0.114532 -18.232544
v 35.557434 0.214371 -16.232544
v 35.557434 0.304604 -14.232544
v 35.557434 0.343555 -12.232544
v 35.557434 0.282038 -10.232544
v 35.557434 0.230675 -8.232544
v 35.557434 0.159739 -6.232544
v 35.557434 0.154026 -4.232544
v 35.557434 0.208920 -2.232544
v 35.557434 0.304663 -0.232544
v 35.557434 0.413834 1.767456
v 37.557434 0.269241 -88.232544
v 37.557434 0.294350 -86.232544
v 37.557434 0.337254 -84.232544
v 37.557434 0.317980 -82.232544
v 37.557434 0.312771 -80.232544
v 37.557434 0.334751 -78.232544
v 37.557434 0.361450 -76.232544
v 37.557434 0.375349 -74.232544
v 37.557434 0.361084 -72.232544
v 37.557434 0.319111 -70.232544
v 37.557434 0.256966 -68.232544
v 37.557434 0.230696 -66.232544
v 37.557434 0.221535 -64.232544
v 37.557434 0.211403 -62.232544
v 37.557434 0.240871 -60.232544
v 37.557434 0.246006 -58.232544
v 37.557434 0.282812 -56.232544
v 37.557434 0.338905 -54.232544
v 37.557434 0.398314 -52.232544
v 37.557434 0.456856 -50.232544
v 37.557434 0.478340 -48.232544
v 37.557434 0.499262 -46.232544
v 37.557434 0.417767 -44.232544
v 37.557434 0.374243 -42.232544
v 37.557434 0.355154 -40.232544
v 37.557434 0.330410 -38.232544
v 37.557434 0.336849 -36.232544
v 37.557434 0.296055 -34.232544
v 37.557434 0.281565 -32.232544
v 37.557434 0.294498 -30.232544
v 37.557434 0.285292 -28.232544
v 37.557434 0.203341 -26.232544
v 37.557434 0.115311 -24.232544
v 37.557434 0.068327 -22.232544
v 37.557434 0.073750 -20.232544
v 37.557434 0.120567 -18.232544
v 37.557434 0.195482 -16.232544
v 37.557434 0.289274 -14.232544
v 37.557434 0.357939 -12.232544
v 37.557434 0.335615 -10.232544
v 37.557434 0.288242 -8.232544
v 37.557434 0.273382 -6.232544
v 37.557434 0.266010 -4.232544
v 37.557434 0.289619 -2.232544
v 37.557434 0.393337 -0.232544
v 39.557434 0.184698 -92.232544
v 39.557434 0.246187 -90.232544
v 39.557434 0.279369 -88.232544
v 39.557434 0.301441 -86.232544
v 39.557434 0.340590 -84.232544
v 39.557434 0.297741 -82.232544
v 39.557434 0.175089 -80.232544
v 39.557434 0.165842 -78.232544
v 39.557434 0.280775 -76.232544
v 39.557434 0.368374 -74.232544
v 39.557434 0.361525 -72.232544
v 39.557434 0.343826 -70.232544
v 39.557434 0.295687 -68.232544
v 39.557434 0.255583 -66.232544
v 39.557434 0.216982 -64.232544
v 39.557434 0.217035 -62.232544
v 39.557434 0.230808 -60.232544
v 39.557434 0.251316 -58.232544
v 39.557434 0.325262 -56.232544
v 39.557434 0.370737 -54.232544
v 39.557434 0.419447 -52.232544
v 39.557434 0.449535 -50.232544
v 39.557434 0.464708 -48.232544
v 39.557434 0.470980 -46.232544
v 39.557434 0.449436 -44.232544
v 39.557434 0.389736 -42.232544
v 39.557434 0.335079 -40.232544
v 39.557434 0.301380 -38.232544
v 39.557434 0.300247 -36.232544
v 39.557434 0.307051 -34.232544
v 39.557434 0.296410 -32.232544
v 39.557434 0.299067 -30.232544
v 39.557434 0.316339 -28.232544
v 39.557434 0.278456 -26.232544
v 39.557434 0.205105 -24.232544
v 39.557434 0.146227 -22.232544
v 39.557434 0.112965 -20.232544
v 39.557434 0.130930 -18.232544
v 39.557434 0.191145 -16.232544
v 39.557434 0.263807 -14.232544
v 39.557434 0.341413 -12.232544
v 39.557434 0.371794 -10.232544
v 39.557434 0.357386 -8.232544
v 39.557434 0.340174 -6.232544
v 39.557434 0.344292 -4.232544
v 39.557434 0.356577 -2.232544
v 41.557434 0.104471 -96.232544
v 41.557434 0.122801 -94.232544
v 41.557434 0.152283 -92.232544
v 41.557434 0.193872 -90.232544
v 41.557434 0.267595 -88.232544
v 41.557434 0.347435 -86.232544
v 41.557434 0.395432 -84.232544
v 41.557434 0.335596 -82.232544
v 41.557434 0.188494 -80.232544
v 41.557434 0.154963 -78.232544
v 41.557434 0.238073 -76.232544
v 41.557434 0.339300 -74.232544
v 41.557434 0.376009 -72.232544
v 41.557434 0.357006 -70.232544
v 41.557434 0.308094 -68.232544
v 41.557434 0.270233 -66.232544
v 41.557434 0.260456 -64.232544
v 41.557434 0.236263 -62.232544
v 41.557434 0.251444 -60.232544
v 41.557434 0.260437 -58.232544
v 41.557434 0.331316 -56.232544
v 41.557434 0.397160 -54.232544
v 41.557434 0.444838 -52.232544
v 41.557434 0.484755 -50.232544
v 41.557434 0.449768 -48.232544
v 41.557434 0.442743 -46.232544
v 41.557434 0.419237 -44.232544
v 41.557434 0.362705 -42.232544
v 41.557434 0.331612 -40.232544
v 41.557434 0.322678 -38.232544
v 41.557434 0.283352 -36.232544
v 41.557434 0.278994 -34.232544
v 41.557434 0.287140 -32.232544
v 41.557434 0.294447 -30.232544
v 41.557434 0.312454 -28.232544
v 41.557434 0.294828 -26.232544
v 41.557434 0.254200 -24.232544
v 41.557434 0.221024 -22.232544
v 41.557434 0.170416 -20.232544
v 41.557434 0.175375 -18.232544
v 41.557434 0.225031 -16.232544
v 41.557434 0.273493 -14.232544
v 41.557434 0.353817 -12.232544
v 41.557434 0.379705 -10.232544
v 41.557434 0.385538 -8.232544
v 41.557434 0.388950 -6.232544
v 43.557434 0.078335 -98.232544
v 43.557434 0.116020 -96.232544
v 43.557434 0.129904 -94.232544
v 43.557434 0.051828 -92.232544
v 43.557434 0.040388 -90.232544
v 43.557434 0.199150 -88.232544
v 43.557434 0.377834 -86.232544
v 43.557434 0.483217 -84.232544
v 43.557434 0.455889 -82.232544
v 43.557434 0.304800 -80.232544
v 43.557434 0.229742 -78.232544
v 43.557434 0.293884 -76.232544
v 43.557434 0.378149 -74.232544
v 43.557434 0.357288 -72.232544
v 43.557434 0.348974 -70.232544
v 43.557434 0.328064 -68.232544
v 43.557434 0.304956 -66.232544
v 43.557434 0.257830 -64.232544
v 43.557434 0.265575 -62.232544
v 43.557434 0.306316 -60.232544
v 43.557434 0.307102 -58.232544
v 43.557434 0.334026 -56.232544
v 43.557434 0.394089 -54.232544
v 43.557434 0.451269 -52.232544
v 43.557434 0.490305 -50.232544
v 43.557434 0.470686 -48.232544
v 43.557434 0.444735 -46.232544
v 43.557434 0.422777 -44.232544
v 43.557434 0.360498 -42.232544
v 43.557434 0.311043 -40.232544
v 43.557434 0.322855 -38.232544
v 43.557434 0.329702 -36.232544
v 43.557434 0.333704 -34.232544
v 43.557434 0.309135 -32.232544
v 43.557434 0.289711 -30.232544
v 43.557434 0.305141 -28.232544
v 43.557434 0.295403 -26.232544
v 43.557434 0.298073 -24.232544
v 43.557434 0.303387 -22.232544
v 43.557434 0.286011 -20.232544
v 43.557434 0.253590 -18.232544
v 43.557434 0.272440 -16.232544
v 43.557434 0.325598 -14.232544
v 43.557434 0.374750 -12.232544
v 43.557434 0.405937 -10.232544
v 43.557434 0.414366 -8.232544
v 45.557434 0.052341 -100.232544
v 45.557434 0.057421 -98.232544
v 45.557434 0.092903 -96.232544
v 45.557434 0.110144 -94.232544
v 45.557434 0.049593 -92.232544
v 45.557434 0.052574 -90.232544
v 45.557434 0.223864 -88.232544
v 45.557434 0.456663 -86.232544
v 45.557434 0.625082 -84.232544
v 45.557434 0.633463 -82.232544
v 45.557434 0.462257 -80.232544
v 45.557434 0.346176 -78.232544
v 45.557434 0.386486 -76.232544
v 45.557434 0.477560 -74.232544
v 45.557434 0.404205 -72.232544
v 45.557434 0.351030 -70.232544
v 45.557434 0.322672 -68.232544
v 45.557434 0.317699 -66.232544
v 45.557434 0.331556 -64.232544
v 45.557434 0.330999 -62.232544
v 45.557434 0.325432 -60.232544
v 45.557434 0.329576 -58.232544
v 45.557434 0.380064 -56.232544
v 45.557434 0.441832 -54.232544
v 45.557434 0.455996 -52.232544
v 45.557434 0.471083 -50.232544
v 45.557434 0.483265 -48.232544
v 45.557434 0.447979 -46.232544
v 45.557434 0.396761 -44.232544
v 45.557434 0.326843 -42.232544
v 45.557434 0.290972 -40.232544
v 45.557434 0.297344 -38.232544
v 45.557434 0.327755 -36.232544
v 45.557434 0.345476 -34.232544
v 45.557434 0.354809 -32.232544
v 45.557434 0.334270 -30.232544
v 45.557434 0.306202 -28.232544
v 45.557434 0.328629 -26.232544
v 45.557434 0.336214 -24.232544
v 45.557434 0.331406 -22.232544
v 45.557434 0.353893 -20.232544
v 45.557434 0.365509 -18.232544
v 45.557434 0.372450 -16.232544
v 45.557434 0.376575 -14.232544
v 45.557434 0.409897 -12.232544
v 45.557434 0.434515 -10.232544
v 47.557434 0.089211 -102.232544
v 47.557434 0.061481 -100.232544
v 47.557434 0.027504 -98.232544
v 47.557434 0.061491 -96.232544
v 47.557434 0.117495 -94.232544
v 47.557434 0.141602 -92.232544
v 47.557434 0.187521 -90.232544
v 47.557434 0.363007 -88.232544
v 47.557434 0.570503 -86.232544
v 47.557434 0.709778 -84.232544
v 47.557434 0.667816 -82.232544
v 47.557434 0.513477 -80.232544
v 47.557434 0.403933 -78.232544
v 47.557434 0.398489 -76.232544
v 47.557434 0.459299 -74.232544
v 47.557434 0.428818 -72.232544
v 47.557434 0.351503 -70.232544
v 47.557434 0.343584 -68.232544
v 47.557434 0.344343 -66.232544
v 47.557434 0.343111 -64.232544
v 47.557434 0.364302 -62.232544
v 47.557434 0.369061 -60.232544
v 47.557434 0.370749 -58.232544
v 47.557434 0.394829 -56.232544
v 47.557434 0.456156 -54.232544
v 47.557434 0.498285 -52.232544
v 47.557434 0.475002 -50.232544
v 47.557434 0.455544 -48.232544
v 47.557434 0.417313 -46.232544
v 47.557434 0.389490 -44.232544
v 47.557434 0.333181 -42.232544
v 47.557434 0.289408 -40.232544
v 47.557434 0.293369 -38.232544
v 47.557434 0.297754 -36.232544
v 47.557434 0.327246 -34.232544
v 47.557434 0.332592 -32.232544
v 47.557434 0.353888 -30.232544
v 47.557434 0.371614 -28.232544
v 47.557434 0.354240 -26.232544
v 47.557434 0.347414 -24.232544
v 47.557434 0.374586 -22.232544
v 47.557434 0.397890 -20.232544
v 47.557434 0.492077 -18.232544
v 47.557434 0.510864 -16.232544
v 47.557434 0.485075 -14.232544
v 47.557434 0.506863 -12.232544
v 49.557434 0.145161 -104.232544
v 49.557434 0.143642 -102.232544
v 49.557434 -0.025484 -100.232544
v 49.557434 -0.151461 -98.232544
v 49.557434 -0.019794 -96.232544
v 49.557434 0.195518 -94.232544
v 49.557434 0.383492 -92.232544
v 49.557434 0.497356 -90.232544
v 49.557434 0.586798 -88.232544
v 49.557434 0.674669 -86.232544
v 49.557434 0.669657 -84.232544
v 49.557434 0.534292 -82.232544
v 49.557434 0.417536 -80.232544
v 49.557434 0.350105 -78.232544
v 49.557434 0.345098 -76.232544
v 49.557434 0.394396 -74.232544
v 49.557434 0.381176 -72.232544
v 49.557434 0.359161 -70.232544
v 49.557434 0.341892 -68.232544
v 49.557434 0.331974 -66.232544
v 49.557434 0.332317 -64.232544
v 49.557434 0.352604 -62.232544
v 49.557434 0.380878 -60.232544
v 49.557434 0.394251 -58.232544
v 49.557434 0.436434 -56.232544
v 49.557434 0.468033 -54.232544
v 49.557434 0.482042 -52.232544
v 49.557434 0.487593 -50.232544
v 49.557434 0.440126 -48.232544
v 49.557434 0.384777 -46.232544
v 49.557434 0.365282 -44.232544
v 49.557434 0.321945 -42.232544
v 49.557434 0.275705 -40.232544
v 49.557434 0.274300 -38.232544
v 49.557434 0.300806 -36.232544
v 49.557434 0.324360 -34.232544
v 49.557434 0.327900 -32.232544
v 49.557434 0.335705 -30.232544
v 49.557434 0.364891 -28.232544
v 49.557434 0.388800 -26.232544
v 49.557434 0.372734 -24.232544
v 49.557434 0.449284 -22.232544
v 49.557434 0.575111 -20.232544
v 49.557434 0.682802 -18.232544
v 49.557434 0.757879 -16.232544
v 49.557434 0.746239 -14.232544
v 51.557434 0.196325 -104.232544
v 51.557434 0.204174 -102.232544
v 51.557434 0.028286 -100.232544
v 51.557434 -0.148911 -98.232544
v 51.557434 -0.025732 -96.232544
v 51.557434 0.328590 -94.232544
v 51.557434 0.675993 -92.232544
v 51.557434 0.744619 -90.232544
v 51.557434 0.723587 -88.232544
v 51.557434 0.636169 -86.232544
v 51.557434 0.493896 -84.232544
v 51.557434 0.372423 -82.232544
v 51.557434 0.308659 -80.232544
v 51.557434 0.276325 -78.232544
v 51.557434 0.274813 -76.232544
v 51.557434 0.311476 -74.232544
v 51.557434 0.338673 -72.232544
v 51.557434 0.337366 -70.232544
v 51.557434 0.330143 -68.232544
v 51.557434 0.311886 -66.232544
v 51.557434 0.332014 -64.232544
v 51.557434 0.365723 -62.232544
v 51.557434 0.379066 -60.232544
v 51.557434 0.369734 -58.232544
v 51.557434 0.431662 -56.232544
v 51.557434 0.474392 -54.232544
v 51.557434 0.464672 -52.232544
v 51.557434 0.471638 -50.232544
v 51.557434 0.440193 -48.232544
v 51.557434 0.371103 -46.232544
v 51.557434 0.320503 -44.232544
v 51.557434 0.287081 -42.232544
v 51.557434 0.274149 -40.232544
v 51.557434 0.259748 -38.232544
v 51.557434 0.290150 -36.232544
v 51.557434 0.315933 -34.232544
v 51.557434 0.317780 -32.232544
v 51.557434 0.331593 -30.232544
v 51.557434 0.342113 -28.232544
v 51.557434 0.357126 -26.232544
v 51.557434 0.446415 -24.232544
v 51.557434 0.669941 -22.232544
v 51.557434 0.785673 -20.232544
v 51.557434 0.768311 -18.232544
v 51.557434 0.796705 -16.232544
v 53.557434 0.172943 -106.232544
v 53.557434 0.310593 -104.232544
v 53.557434 0.372368 -102.232544
v 53.557434 0.286760 -100.232544
v 53.557434 0.133965 -98.232544
v 53.557434 0.204676 -96.232544
v 53.557434 0.533371 -94.232544
v 53.557434 0.740582 -92.232544
v 53.557434 0.773792 -90.232544
v 53.557434 0.705782 -88.232544
v 53.557434 0.533257 -86.232544
v 53.557434 0.377535 -84.232544
v 53.557434 0.291857 -82.232544
v 53.557434 0.251730 -80.232544
v 53.557434 0.244307 -78.232544
v 53.557434 0.243158 -76.232544
v 53.557434 0.254030 -74.232544
v 53.557434 0.287191 -72.232544
v 53.557434 0.319290 -70.232544
v 53.557434 0.315426 -68.232544
v 53.557434 0.326744 -66.232544
v 53.557434 0.343868 -64.232544
v 53.557434 0.345179 -62.232544
v 53.557434 0.372961 -60.232544
v 53.557434 0.400238 -58.232544
v 53.557434 0.442709 -56.232544
v 53.557434 0.481169 -54.232544
v 53.557434 0.456434 -52.232544
v 53.557434 0.451666 -50.232544
v 53.557434 0.428751 -48.232544
v 53.557434 0.376894 -46.232544
v 53.557434 0.345507 -44.232544
v 53.557434 0.310223 -42.232544
v 53.557434 0.285881 -40.232544
v 53.557434 0.267979 -38.232544
v 53.557434 0.277311 -36.232544
v 53.557434 0.301655 -34.232544
v 53.557434 0.316730 -32.232544
v 53.557434 0.337784 -30.232544
v 53.557434 0.358002 -28.232544
v 53.557434 0.367561 -26.232544
v 53.557434 0.448111 -24.232544
v 53.557434 0.680557 -22.232544
v 53.557434 0.676422 -20.232544
v 53.557434 0.454649 -18.232544
v 55.557434 0.231230 -108.232544
v 55.557434 0.379232 -106.232544
v 55.557434 0.519014 -104.232544
v 55.557434 0.630852 -102.232544
v 55.557434 0.618507 -100.232544
v 55.557434 0.555899 -98.232544
v 55.557434 0.554583 -96.232544
v 55.557434 0.682236 -94.232544
v 55.557434 0.741491 -92.232544
v 55.557434 0.721691 -90.232544
v 55.557434 0.633654 -88.232544
v 55.557434 0.498936 -86.232544
v 55.557434 0.371408 -84.232544
v 55.557434 0.281727 -82.232544
v 55.557434 0.228531 -80.232544
v 55.557434 0.213243 -78.232544
v 55.557434 0.237841 -76.232544
v 55.557434 0.242096 -74.232544
v 55.557434 0.260881 -72.232544
v 55.557434 0.279827 -70.232544
v 55.557434 0.315058 -68.232544
v 55.557434 0.334686 -66.232544
v 55.557434 0.362593 -64.232544
v 55.557434 0.361376 -62.232544
v 55.557434 0.362726 -60.232544
v 55.557434 0.389523 -58.232544
v 55.557434 0.427162 -56.232544
v 55.557434 0.449116 -54.232544
v 55.557434 0.443155 -52.232544
v 55.557434 0.422152 -50.232544
v 55.557434 0.406557 -48.232544
v 55.557434 0.376493 -46.232544
v 55.557434 0.339155 -44.232544
v 55.557434 0.313124 -42.232544
v 55.557434 0.305527 -40.232544
v 55.557434 0.321114 -38.232544
v 55.557434 0.293575 -36.232544
v 55.557434 0.341856 -34.232544
v 55.557434 0.342352 -32.232544
v 55.557434 0.315235 -30.232544
v 55.557434 0.355152 -28.232544
v 55.557434 0.379168 -26.232544
v 55.557434 0.386229 -24.232544
v 55.557434 0.476320 -22.232544
v 55.557434 0.329802 -20.232544
v 57.557434 0.171452 -108.232544
v 57.557434 0.327209 -106.232544
v 57.557434 0.520138 -104.232544
v 57.557434 0.719751 -102.232544
v 57.557434 0.837185 -100.232544
v 57.557434 0.797579 -98.232544
v 57.557434 0.726471 -96.232544
v 57.557434 0.697805 -94.232544
v 57.557434 0.658012 -92.232544
v 57.557434 0.573061 -90.232544
v 57.557434 0.519747 -88.232544
v 57.557434 0.460157 -86.232544
v 57.557434 0.372355 -84.232544
v 57.557434 0.280260 -82.232544
v 57.557434 0.227047 -80.232544
v 57.557434 0.212803 -78.232544
v 57.557434 0.193922 -76.232544
v 57.557434 0.220034 -74.232544
v 57.557434 0.248529 -72.232544
v 57.557434 0.256786 -70.232544
v 57.557434 0.269640 -68.232544
v 57.557434 0.305870 -66.232544
v 57.557434 0.333044 -64.232544
v 57.557434 0.349054 -62.232544
v 57.557434 0.361143 -60.232544
v 57.557434 0.375956 -58.232544
v 57.557434 0.413294 -56.232544
v 57.557434 0.419333 -54.232544
v 57.557434 0.402861 -52.232544
v 57.557434 0.374441 -50.232544
v 57.557434 0.406960 -48.232544
v 57.557434 0.392897 -46.232544
v 57.557434 0.372833 -44.232544
v 57.557434 0.353819 -42.232544
v 57.557434 0.341228 -40.232544
v 57.557434 0.339327 -38.232544
v 57.557434 0.321529 -36.232544
v 57.557434 0.336071 -34.232544
v 57.557434 0.341801 -32.232544
v 57.557434 0.335463 -30.232544
v 57.557434 0.359238 -28.232544
v 57.557434 0.368177 -26.232544
v 57.557434 0.366182 -24.232544
v 57.557434 0.383883 -22.232544
v 59.557434 0.075922 -108.232544
v 59.557434 0.071329 -106.232544
v 59.557434 0.246878 -104.232544
v 59.557434 0.552237 -102.232544
v 59.557434 0.844641 -100.232544
v 59.557434 0.849318 -98.232544
v 59.557434 0.750360 -96.232544
v 59.557434 0.609512 -94.232544
v 59.557434 0.439909 -92.232544
v 59.557434 0.324381 -90.232544
v 59.557434 0.354916 -88.232544
v 59.557434 0.388071 -86.232544
v 59.557434 0.343149 -84.232544
v 59.557434 0.261768 -82.232544
v 59.557434 0.230127 -80.232544
v 59.557434 0.224934 -78.232544
v 59.557434 0.230009 -76.232544
v 59.557434 0.225082 -74.232544
v 59.557434 0.226496 -72.232544
v 59.557434 0.242346 -70.232544
v 59.557434 0.268427 -68.232544
v 59.557434 0.292284 -66.232544
v 59.557434 0.301405 -64.232544
v 59.557434 0.330723 -62.232544
v 59.557434 0.336590 -60.232544
v 59.557434 0.377508 -58.232544
v 59.557434 0.397390 -56.232544
v 59.557434 0.380085 -54.232544
v 59.557434 0.361502 -52.232544
v 59.557434 0.378258 -50.232544
v 59.557434 0.400331 -48.232544
v 59.557434 0.403269 -46.232544
v 59.557434 0.399792 -44.232544
v 59.557434 0.395517 -42.232544
v 59.557434 0.384733 -40.232544
v 59.557434 0.364546 -38.232544
v 59.557434 0.354481 -36.232544
v 59.557434 0.346169 -34.232544
v 59.557434 0.360584 -32.232544
v 59.557434 0.346939 -30.232544
v 59.557434 0.366346 -28.232544
v 59.557434 0.353003 -26.232544
v 59.557434 0.371319 -24.232544
v 61.557434 0.115919 -110.232544
v 61.557434 0.039394 -108.232544
v 61.557434 -0.082661 -106.232544
v 61.557434 -0.016338 -104.232544
v 61.557434 0.299931 -102.232544
v 61.557434 0.696108 -100.232544
v 61.557434 0.800346 -98.232544
v 61.557434 0.732084 -96.232544
v 61.557434 0.523203 -94.232544
v 61.557434 0.268888 -92.232544
v 61.557434 0.161583 -90.232544
v 61.557434 0.226353 -88.232544
v 61.557434 0.325836 -86.232544
v 61.557434 0.307112 -84.232544
v 61.557434 0.255541 -82.232544
v 61.557434 0.234352 -80.232544
v 61.557434 0.213848 -78.232544
v 61.557434 0.231142 -76.232544
v 61.557434 0.257029 -74.232544
v 61.557434 0.251251 -72.232544
v 61.557434 0.239895 -70.232544
v 61.557434 0.247772 -68.232544
v 61.557434 0.266600 -66.232544
v 61.557434 0.305931 -64.232544
v 61.557434 0.322182 -62.232544
v 61.557434 0.307415 -60.232544
v 61.557434 0.361544 -58.232544
v 61.557434 0.377821 -56.232544
v 61.557434 0.376501 -54.232544
v 61.557434 0.364676 -52.232544
v 61.557434 0.388643 -50.232544
v 61.557434 0.378647 -48.232544
v 61.557434 0.409922 -46.232544
v 61.557434 0.436798 -44.232544
v 61.557434 0.433929 -42.232544
v 61.557434 0.426210 -40.232544
v 61.557434 0.407042 -38.232544
v 61.557434 0.391382 -36.232544
v 61.557434 0.365723 -34.232544
v 61.557434 0.345694 -32.232544
v 61.557434 0.361765 -30.232544
v 61.557434 0.358505 -28.232544
v 61.557434 0.346571 -26.232544
v 63.557434 0.143118 -110.232544
v 63.557434 0.081322 -108.232544
v 63.557434 -0.034903 -106.232544
v 63.557434 -0.020258 -104.232544
v 63.557434 0.286766 -102.232544
v 63.557434 0.603403 -100.232544
v 63.557434 0.755224 -98.232544
v 63.557434 0.727127 -96.232544
v 63.557434 0.530401 -94.232544
v 63.557434 0.284979 -92.232544
v 63.557434 0.147572 -90.232544
v 63.557434 0.196877 -88.232544
v 63.557434 0.306566 -86.232544
v 63.557434 0.266958 -84.232544
v 63.557434 0.225874 -82.232544
v 63.557434 0.232973 -80.232544
v 63.557434 0.236061 -78.232544
v 63.557434 0.255987 -76.232544
v 63.557434 0.275227 -74.232544
v 63.557434 0.235363 -72.232544
v 63.557434 0.264544 -70.232544
v 63.557434 0.229954 -68.232544
v 63.557434 0.233749 -66.232544
v 63.557434 0.251814 -64.232544
v 63.557434 0.295454 -62.232544
v 63.557434 0.335363 -60.232544
v 63.557434 0.368488 -58.232544
v 63.557434 0.373245 -56.232544
v 63.557434 0.361160 -54.232544
v 63.557434 0.344740 -52.232544
v 63.557434 0.374643 -50.232544
v 63.557434 0.392973 -48.232544
v 63.557434 0.416649 -46.232544
v 63.557434 0.434603 -44.232544
v 63.557434 0.458490 -42.232544
v 63.557434 0.465120 -40.232544
v 63.557434 0.451210 -38.232544
v 63.557434 0.409140 -36.232544
v 63.557434 0.394878 -34.232544
v 63.557434 0.403095 -32.232544
v 63.557434 0.371727 -30.232544
v 63.557434 0.376583 -28.232544
v 65.557434 0.137663 -110.232544
v 65.557434 0.120594 -108.232544
v 65.557434 0.086403 -106.232544
v 65.557434 0.140474 -104.232544
v 65.557434 0.343641 -102.232544
v 65.557434 0.572048 -100.232544
v 65.557434 0.745844 -98.232544
v 65.557434 0.748837 -96.232544
v 65.557434 0.577618 -94.232544
v 65.557434 0.374439 -92.232544
v 65.557434 0.287523 -90.232544
v 65.557434 0.252239 -88.232544
v 65.557434 0.260838 -86.232544
v 65.557434 0.239021 -84.232544
v 65.557434 0.231781 -82.232544
v 65.557434 0.228415 -80.232544
v 65.557434 0.254475 -78.232544
v 65.557434 0.248966 -76.232544
v 65.557434 0.259859 -74.232544
v 65.557434 0.231794 -72.232544
v 65.557434 0.230352 -70.232544
v 65.557434 0.239185 -68.232544
v 65.557434 0.223900 -66.232544
v 65.557434 0.245632 -64.232544
v 65.557434 0.290686 -62.232544
v 65.557434 0.340424 -60.232544
v 65.557434 0.387188 -58.232544
v 65.557434 0.410936 -56.232544
v 65.557434 0.382147 -54.232544
v 65.557434 0.358330 -52.232544
v 65.557434 0.394876 -50.232544
v 65.557434 0.434795 -48.232544
v 65.557434 0.458637 -46.232544
v 65.557434 0.459641 -44.232544
v 65.557434 0.477812 -42.232544
v 65.557434 0.474709 -40.232544
v 65.557434 0.476736 -38.232544
v 65.557434 0.456532 -36.232544
v 65.557434 0.429857 -34.232544
v 65.557434 0.428919 -32.232544
v 65.557434 0.416191 -30.232544
v 67.557434 0.139883 -112.232544
v 67.557434 0.162457 -110.232544
v 67.557434 0.152000 -108.232544
v 67.557434 0.147692 -106.232544
v 67.557434 0.206106 -104.232544
v 67.557434 0.344181 -102.232544
v 67.557434 0.511448 -100.232544
v 67.557434 0.676653 -98.232544
v 67.557434 0.724998 -96.232544
v 67.557434 0.575134 -94.232544
v 67.557434 0.380459 -92.232544
v 67.557434 0.278402 -90.232544
v 67.557434 0.241348 -88.232544
v 67.557434 0.214010 -86.232544
v 67.557434 0.235346 -84.232544
v 67.557434 0.236410 -82.232544
v 67.557434 0.246405 -80.232544
v 67.557434 0.259644 -78.232544
v 67.557434 0.261299 -76.232544
v 67.557434 0.257029 -74.232544
v 67.557434 0.239096 -72.232544
v 67.557434 0.222780 -70.232544
v 67.557434 0.236595 -68.232544
v 67.557434 0.235319 -66.232544
v 67.557434 0.272615 -64.232544
v 67.557434 0.316526 -62.232544
v 67.557434 0.363811 -60.232544
v 67.557434 0.377460 -58.232544
v 67.557434 0.389124 -56.232544
v 67.557434 0.399712 -54.232544
v 67.557434 0.406088 -52.232544
v 67.557434 0.397888 -50.232544
v 67.557434 0.440439 -48.232544
v 67.557434 0.474495 -46.232544
v 67.557434 0.478952 -44.232544
v 67.557434 0.499907 -42.232544
v 67.557434 0.526567 -40.232544
v 67.557434 0.487368 -38.232544
v 67.557434 0.485155 -36.232544
v 67.557434 0.456238 -34.232544
v 69.557434 0.180628 -112.232544
v 69.557434 0.177773 -110.232544
v 69.557434 0.178200 -108.232544
v 69.557434 0.164715 -106.232544
v 69.557434 0.203659 -104.232544
v 69.557434 0.298222 -102.232544
v 69.557434 0.404255 -100.232544
v 69.557434 0.495941 -98.232544
v 69.557434 0.567225 -96.232544
v 69.557434 0.510874 -94.232544
v 69.557434 0.369085 -92.232544
v 69.557434 0.264828 -90.232544
v 69.557434 0.221720 -88.232544
v 69.557434 0.213215 -86.232544
v 69.557434 0.221684 -84.232544
v 69.557434 0.238594 -82.232544
v 69.557434 0.246143 -80.232544
v 69.557434 0.256790 -78.232544
v 69.557434 0.283085 -76.232544
v 69.557434 0.297766 -74.232544
v 69.557434 0.277859 -72.232544
v 69.557434 0.240351 -70.232544
v 69.557434 0.244753 -68.232544
v 69.557434 0.265867 -66.232544
v 69.557434 0.294163 -64.232544
v 69.557434 0.332605 -62.232544
v 69.557434 0.378176 -60.232544
v 69.557434 0.384808 -58.232544
v 69.557434 0.379845 -56.232544
v 69.557434 0.381071 -54.232544
v 69.557434 0.430820 -52.232544
v 69.557434 0.449171 -50.232544
v 69.557434 0.457899 -48.232544
v 69.557434 0.479740 -46.232544
v 69.557434 0.514135 -44.232544
v 69.557434 0.528254 -42.232544
v 69.557434 0.533758 -40.232544
v 69.557434 0.513481 -38.232544
v 69.557434 0.508919 -36.232544
v 71.557434 0.187063 -114.232544
v 71.557434 0.193602 -112.232544
v 71.557434 0.202127 -110.232544
v 71.557434 0.199352 -108.232544
v 71.557434 0.186979 -106.232544
v 71.557434 0.181793 -104.232544
v 71.557434 0.237846 -102.232544
v 71.557434 0.306650 -100.232544
v 71.557434 0.349209 -98.232544
v 71.557434 0.397007 -96.232544
v 71.557434 0.412973 -94.232544
v 71.557434 0.370964 -92.232544
v 71.557434 0.285486 -90.232544
v 71.557434 0.218813 -88.232544
v 71.557434 0.221956 -86.232544
v 71.557434 0.240072 -84.232544
v 71.557434 0.261196 -82.232544
v 71.557434 0.257532 -80.232544
v 71.557434 0.262457 -78.232544
v 71.557434 0.260027 -76.232544
v 71.557434 0.304741 -74.232544
v 71.557434 0.313662 -72.232544
v 71.557434 0.289417 -70.232544
v 71.557434 0.291912 -68.232544
v 71.557434 0.295004 -66.232544
v 71.557434 0.321012 -64.232544
v 71.557434 0.353819 -62.232544
v 71.557434 0.376839 -60.232544
v 71.557434 0.382582 -58.232544
v 71.557434 0.406301 -56.232544
v 71.557434 0.400980 -54.232544
v 71.557434 0.430964 -52.232544
v 71.557434 0.480953 -50.232544
v 71.557434 0.500267 -48.232544
v 71.557434 0.537861 -46.232544
v 71.557434 0.528837 -44.232544
v 71.557434 0.549938 -42.232544
v 71.557434 0.508907 -40.232544
v 71.557434 0.509785 -38.232544
v 73.557434 0.207668 -114.232544
v 73.557434 0.249378 -112.232544
v 73.557434 0.245876 -110.232544
v 73.557434 0.226822 -108.232544
v 73.557434 0.171324 -106.232544
v 73.557434 0.151756 -104.232544
v 73.557434 0.178732 -102.232544
v 73.557434 0.228642 -100.232544
v 73.557434 0.294617 -98.232544
v 73.557434 0.331139 -96.232544
v 73.557434 0.336067 -94.232544
v 73.557434 0.348822 -92.232544
v 73.557434 0.282446 -90.232544
v 73.557434 0.250156 -88.232544
v 73.557434 0.250729 -86.232544
v 73.557434 0.245129 -84.232544
v 73.557434 0.226912 -82.232544
v 73.557434 0.247612 -80.232544
v 73.557434 0.264416 -78.232544
v 73.557434 0.277092 -76.232544
v 73.557434 0.285685 -74.232544
v 73.557434 0.293100 -72.232544
v 73.557434 0.313395 -70.232544
v 73.557434 0.343403 -68.232544
v 73.557434 0.342230 -66.232544
v 73.557434 0.376862 -64.232544
v 73.557434 0.408966 -62.232544
v 73.557434 0.401043 -60.232544
v 73.557434 0.394419 -58.232544
v 73.557434 0.411806 -56.232544
v 73.557434 0.455408 -54.232544
v 73.557434 0.465191 -52.232544
v 73.557434 0.491247 -50.232544
v 73.557434 0.493900 -48.232544
v 73.557434 0.549669 -46.232544
v 73.557434 0.550571 -44.232544
v 73.557434 0.552668 -42.232544
v 73.557434 0.483801 -40.232544
v 75.557434 0.255566 -116.232544
v 75.557434 0.258844 -114.232544
v 75.557434 0.273943 -112.232544
v 75.557434 0.279814 -110.232544
v 75.557434 0.240965 -108.232544
v 75.557434 0.203093 -106.232544
v 75.557434 0.181269 -104.232544
v 75.557434 0.171553 -102.232544
v 75.557434 0.217930 -100.232544
v 75.557434 0.264238 -98.232544
v 75.557434 0.314451 -96.232544
v 75.557434 0.330427 -94.232544
v 75.557434 0.344534 -92.232544
v 75.557434 0.316681 -90.232544
v 75.557434 0.287251 -88.232544
v 75.557434 0.275921 -86.232544
v 75.557434 0.251469 -84.232544
v 75.557434 0.251467 -82.232544
v 75.557434 0.249279 -80.232544
v 75.557434 0.261446 -78.232544
v 75.557434 0.281013 -76.232544
v 75.557434 0.313538 -74.232544
v 75.557434 0.315769 -72.232544
v 75.557434 0.345716 -70.232544
v 75.557434 0.358646 -68.232544
v 75.557434 0.395142 -66.232544
v 75.557434 0.403406 -64.232544
v 75.557434 0.423515 -62.232544
v 75.557434 0.419670 -60.232544
v 75.557434 0.413576 -58.232544
v 75.557434 0.426060 -56.232544
v 75.557434 0.453613 -54.232544
v 75.557434 0.475250 -52.232544
v 75.557434 0.500889 -50.232544
v 75.557434 0.532009 -48.232544
v 75.557434 0.519165 -46.232544
v 75.557434 0.532478 -44.232544
v 75.557434 0.513174 -42.232544
v 77.557434 0.278709 -118.232544
v 77.557434 0.303659 -116.232544
v 77.557434 0.307051 -114.232544
v 77.557434 0.301222 -112.232544
v 77.557434 0.286587 -110.232544
v 77.557434 0.251699 -108.232544
v 77.557434 0.227497 -106.232544
v 77.557434 0.195395 -104.232544
v 77.557434 0.197733 -102.232544
v 77.557434 0.226519 -100.232544
v 77.557434 0.268196 -98.232544
v 77.557434 0.283464 -96.232544
v 77.557434 0.318785 -94.232544
v 77.557434 0.331135 -92.232544
v 77.557434 0.310875 -90.232544
v 77.557434 0.330221 -88.232544
v 77.557434 0.313467 -86.232544
v 77.557434 0.302788 -84.232544
v 77.557434 0.268000 -82.232544
v 77.557434 0.249454 -80.232544
v 77.557434 0.255325 -78.232544
v 77.557434 0.285139 -76.232544
v 77.557434 0.327330 -74.232544
v 77.557434 0.350607 -72.232544
v 77.557434 0.364204 -70.232544
v 77.557434 0.397429 -68.232544
v 77.557434 0.404865 -66.232544
v 77.557434 0.427240 -64.232544
v 77.557434 0.449966 -62.232544
v 77.557434 0.445236 -60.232544
v 77.557434 0.467951 -58.232544
v 77.557434 0.452049 -56.232544
v 77.557434 0.482960 -54.232544
v 77.557434 0.525925 -52.232544
v 77.557434 0.526194 -50.232544
v 77.557434 0.527567 -48.232544
v 77.557434 0.505775 -46.232544
v 79.557434 0.282352 -118.232544
v 79.557434 0.307508 -116.232544
v 79.557434 0.310333 -114.232544
v 79.557434 0.307161 -112.232544
v 79.557434 0.290764 -110.232544
v 79.557434 0.250265 -108.232544
v 79.557434 0.229303 -106.232544
v 79.557434 0.215521 -104.232544
v 79.557434 0.215231 -102.232544
v 79.557434 0.237555 -100.232544
v 79.557434 0.259813 -98.232544
v 79.557434 0.279247 -96.232544
v 79.557434 0.310484 -94.232544
v 79.557434 0.331627 -92.232544
v 79.557434 0.330992 -90.232544
v 79.557434 0.333052 -88.232544
v 79.557434 0.340322 -86.232544
v 79.557434 0.313065 -84.232544
v 79.557434 0.315714 -82.232544
v 79.557434 0.297724 -80.232544
v 79.557434 0.289932 -78.232544
v 79.557434 0.307161 -76.232544
v 79.557434 0.370312 -74.232544
v 79.557434 0.382339 -72.232544
v 79.557434 0.396803 -70.232544
v 79.557434 0.428728 -68.232544
v 79.557434 0.458147 -66.232544
v 79.557434 0.470938 -64.232544
v 79.557434 0.459076 -62.232544
v 79.557434 0.462896 -60.232544
v 79.557434 0.502577 -58.232544
v 79.557434 0.514528 -56.232544
v 79.557434 0.536152 -54.232544
v 79.557434 0.543158 -52.232544
v 79.557434 0.521738 -50.232544
v 79.557434 0.518967 -48.232544
v 81.557434 0.259254 -120.232544
v 81.557434 0.278421 -118.232544
v 81.557434 0.282454 -116.232544
v 81.557434 0.288473 -114.232544
v 81.557434 0.303007 -112.232544
v 81.557434 0.270952 -110.232544
v 81.557434 0.243979 -108.232544
v 81.557434 0.232018 -106.232544
v 81.557434 0.235937 -104.232544
v 81.557434 0.241556 -102.232544
v 81.557434 0.230463 -100.232544
v 81.557434 0.244942 -98.232544
v 81.557434 0.281929 -96.232544
v 81.557434 0.322197 -94.232544
v 81.557434 0.327703 -92.232544
v 81.557434 0.359497 -90.232544
v 81.557434 0.372440 -88.232544
v 81.557434 0.349901 -86.232544
v 81.557434 0.342785 -84.232544
v 81.557434 0.337955 -82.232544
v 81.557434 0.349895 -80.232544
v 81.557434 0.334917 -78.232544
v 81.557434 0.346182 -76.232544
v 81.557434 0.396206 -74.232544
v 81.557434 0.419258 -72.232544
v 81.557434 0.426962 -70.232544
v 81.557434 0.475275 -68.232544
v 81.557434 0.498005 -66.232544
v 81.557434 0.488369 -64.232544
v 81.557434 0.490482 -62.232544
v 81.557434 0.490223 -60.232544
v 81.557434 0.481796 -58.232544
v 81.557434 0.536530 -56.232544
v 81.557434 0.561363 -54.232544
v 81.557434 0.560709 -52.232544
v 81.557434 0.518242 -50.232544
v 83.557434 0.282953 -122.232544
v 83.557434 0.281416 -120.232544
v 83.557434 0.279264 -118.232544
v 83.557434 0.281347 -116.232544
v 83.557434 0.262939 -114.232544
v 83.557434 0.250265 -112.232544
v 83.557434 0.243252 -110.232544
v 83.557434 0.237804 -108.232544
v 83.557434 0.237587 -106.232544
v 83.557434 0.253853 -104.232544
v 83.557434 0.267347 -102.232544
v 83.557434 0.266275 -100.232544
v 83.557434 0.261694 -98.232544
v 83.557434 0.295744 -96.232544
v 83.557434 0.311262 -94.232544
v 83.557434 0.320425 -92.232544
v 83.557434 0.362967 -90.232544
v 83.557434 0.406797 -88.232544
v 83.557434 0.397383 -86.232544
v 83.557434 0.360907 -84.232544
v 83.557434 0.388420 -82.232544
v 83.557434 0.387522 -80.232544
v 83.557434 0.380371 -78.232544
v 83.557434 0.387211 -76.232544
v 83.557434 0.418703 -74.232544
v 83.557434 0.443743 -72.232544
v 83.557434 0.475508 -70.232544
v 83.557434 0.506306 -68.232544
v 83.557434 0.519346 -66.232544
v 83.557434 0.511457 -64.232544
v 83.557434 0.496964 -62.232544
v 83.557434 0.518547 -60.232544
v 83.557434 0.563931 -58.232544
v 83.557434 0.572083 -56.232544
v 83.557434 0.565594 -54.232544
v 83.557434 0.523834 -52.232544
v 85.557434 0.300795 -124.232544
v 85.557434 0.281210 -122.232544
v 85.557434 0.295553 -120.232544
v 85.557434 0.283504 -118.232544
v 85.557434 0.250471 -116.232544
v 85.557434 0.235058 -114.232544
v 85.557434 0.239500 -112.232544
v 85.557434 0.217823 -110.232544
v 85.557434 0.217983 -108.232544
v 85.557434 0.244448 -106.232544
v 85.557434 0.251322 -104.232544
v 85.557434 0.267534 -102.232544
v 85.557434 0.275276 -100.232544
v 85.557434 0.285965 -98.232544
v 85.557434 0.306118 -96.232544
v 85.557434 0.318237 -94.232544
v 85.557434 0.333490 -92.232544
v 85.557434 0.354696 -90.232544
v 85.557434 0.386618 -88.232544
v 85.557434 0.385021 -86.232544
v 85.557434 0.380409 -84.232544
v 85.557434 0.356003 -82.232544
v 85.557434 0.367102 -80.232544
v 85.557434 0.389587 -78.232544
v 85.557434 0.417871 -76.232544
v 85.557434 0.442087 -74.232544
v 85.557434 0.483135 -72.232544
v 85.557434 0.513351 -70.232544
v 85.557434 0.552868 -68.232544
v 85.557434 0.544724 -66.232544
v 85.557434 0.529860 -64.232544
v 85.557434 0.553873 -62.232544
v 85.557434 0.545433 -60.232544
v 85.557434 0.565750 -58.232544
v 85.557434 0.582359 -56.232544
v 85.557434 0.561977 -54.232544
v 87.557434 0.335300 -126.232544
v 87.557434 0.300400 -124.232544
v 87.557434 0.276413 -122.232544
v 87.557434 0.305323 -120.232544
v 87.557434 0.296925 -118.232544
v 87.557434 0.250172 -116.232544
v 87.557434 0.226002 -114.232544
v 87.557434 0.191854 -112.232544
v 87.557434 0.218218 -110.232544
v 87.557434 0.226051 -108.232544
v 87.557434 0.218246 -106.232544
v 87.557434 0.230976 -104.232544
v 87.557434 0.285946 -102.232544
v 87.557434 0.296730 -100.232544
v 87.557434 0.318510 -98.232544
v 87.557434 0.310810 -96.232544
v 87.557434 0.318789 -94.232544
v 87.557434 0.361120 -92.232544
v 87.557434 0.383396 -90.232544
v 87.557434 0.365393 -88.232544
v 87.557434 0.367479 -86.232544
v 87.557434 0.376614 -84.232544
v 87.557434 0.387077 -82.232544
v 87.557434 0.371698 -80.232544
v 87.557434 0.395393 -78.232544
v 87.557434 0.422644 -76.232544
v 87.557434 0.455282 -74.232544
v 87.557434 0.494699 -72.232544
v 87.557434 0.533323 -70.232544
v 87.557434 0.538321 -68.232544
v 87.557434 0.539421 -66.232544
v 87.557434 0.545135 -64.232544
v 87.557434 0.585201 -62.232544
v 87.557434 0.577496 -60.232544
v 87.557434 0.577547 -58.232544
v 87.557434 0.588724 -56.232544
v 89.557434 0.338434 -126.232544
v 89.557434 0.340033 -124.232544
v 89.557434 0.327021 -122.232544
v 89.557434 0.340839 -120.232544
v 89.557434 0.298721 -118.232544
v 89.557434 0.251978 -116.232544
v 89.557434 0.229616 -114.232544
v 89.557434 0.221436 -112.232544
v 89.557434 0.215561 -110.232544
v 89.557434 0.220089 -108.232544
v 89.557434 0.229654 -106.232544
v 89.557434 0.248690 -104.232544
v 89.557434 0.252193 -102.232544
v 89.557434 0.279381 -100.232544
v 89.557434 0.316488 -98.232544
v 89.557434 0.335379 -96.232544
v 89.557434 0.328602 -94.232544
v 89.557434 0.357243 -92.232544
v 89.557434 0.372652 -90.232544
v 89.557434 0.384676 -88.232544
v 89.557434 0.366030 -86.232544
v 89.557434 0.378269 -84.232544
v 89.557434 0.388153 -82.232544
v 89.557434 0.409365 -80.232544
v 89.557434 0.419468 -78.232544
v 89.557434 0.427691 -76.232544
v 89.557434 0.477169 -74.232544
v 89.557434 0.511995 -72.232544
v 89.557434 0.530605 -70.232544
v 89.557434 0.535358 -68.232544
v 89.557434 0.531750 -66.232544
v 89.557434 0.549984 -64.232544
v 89.557434 0.583492 -62.232544
v 89.557434 0.585825 -60.232544
v 89.557434 0.596193 -58.232544
v 91.557434 0.361755 -128.232544
v 91.557434 0.360954 -126.232544
v 91.557434 0.378738 -124.232544
v 91.557434 0.356819 -122.232544
v 91.557434 0.315407 -120.232544
v 91.557434 0.289574 -118.232544
v 91.557434 0.263594 -116.232544
v 91.557434 0.242273 -114.232544
v 91.557434 0.244661 -112.232544
v 91.557434 0.216915 -110.232544
v 91.557434 0.218710 -108.232544
v 91.557434 0.238249 -106.232544
v 91.557434 0.244137 -104.232544
v 91.557434 0.245764 -102.232544
v 91.557434 0.278854 -100.232544
v 91.557434 0.315010 -98.232544
v 91.557434 0.315598 -96.232544
v 91.557434 0.346163 -94.232544
v 91.557434 0.368647 -92.232544
v 91.557434 0.362442 -90.232544
v 91.557434 0.388231 -88.232544
v 91.557434 0.376467 -86.232544
v 91.557434 0.385294 -84.232544
v 91.557434 0.390837 -82.232544
v 91.557434 0.412691 -80.232544
v 91.557434 0.437855 -78.232544
v 91.557434 0.471640 -76.232544
v 91.557434 0.506292 -74.232544
v 91.557434 0.519335 -72.232544
v 91.557434 0.527214 -70.232544
v 91.557434 0.535948 -68.232544
v 91.557434 0.529209 -66.232544
v 91.557434 0.539318 -64.232544
v 91.557434 0.579515 -62.232544
v 93.557434 0.424023 -128.232544
v 93.557434 0.391104 -126.232544
v 93.557434 0.376228 -124.232544
v 93.557434 0.352213 -122.232544
v 93.557434 0.332266 -120.232544
v 93.557434 0.303104 -118.232544
v 93.557434 0.281805 -116.232544
v 93.557434 0.263126 -114.232544
v 93.557434 0.230680 -112.232544
v 93.557434 0.231543 -110.232544
v 93.557434 0.244764 -108.232544
v 93.557434 0.244413 -106.232544
v 93.557434 0.246897 -104.232544
v 93.557434 0.252163 -102.232544
v 93.557434 0.274126 -100.232544
v 93.557434 0.289442 -98.232544
v 93.557434 0.299498 -96.232544
v 93.557434 0.300940 -94.232544
v 93.557434 0.331497 -92.232544
v 93.557434 0.375711 -90.232544
v 93.557434 0.393688 -88.232544
v 93.557434 0.377016 -86.232544
v 93.557434 0.387316 -84.232544
v 93.557434 0.402559 -82.232544
v 93.557434 0.420111 -80.232544
v 93.557434 0.445578 -78.232544
v 93.557434 0.496712 -76.232544
v 93.557434 0.549969 -74.232544
v 93.557434 0.597450 -72.232544
v 93.557434 0.564257 -70.232544
v 93.557434 0.557043 -68.232544
v 93.557434 0.584482 -66.232544
v 93.557434 0.568737 -64.232544
v 95.557434 0.442499 -128.232544
v 95.557434 0.424364 -126.232544
v 95.557434 0.382990 -124.232544
v 95.557434 0.394932 -122.232544
v 95.557434 0.334417 -120.232544
v 95.557434 0.319433 -118.232544
v 95.557434 0.312201 -116.232544
v 95.557434 0.275715 -114.232544
v 95.557434 0.288294 -112.232544
v 95.557434 0.275692 -110.232544
v 95.557434 0.244665 -108.232544
v 95.557434 0.259306 -106.232544
v 95.557434 0.266792 -104.232544
v 95.557434 0.279575 -102.232544
v 95.557434 0.280897 -100.232544
v 95.557434 0.275053 -98.232544
v 95.557434 0.303259 -96.232544
v 95.557434 0.317261 -94.232544
v 95.557434 0.317717 -92.232544
v 95.557434 0.354992 -90.232544
v 95.557434 0.378992 -88.232544
v 95.557434 0.390427 -86.232544
v 95.557434 0.409779 -84.232544
v 95.557434 0.421980 -82.232544
v 95.557434 0.460361 -80.232544
v 95.557434 0.489017 -78.232544
v 95.557434 0.524080 -76.232544
v 95.557434 0.584892 -74.232544
v 95.557434 0.594278 -72.232544
v 95.557434 0.616215 -70.232544
v 95.557434 0.571211 -68.232544
v 95.557434 0.528925 -66.232544
v 97.557434 0.480091 -128.232544
v 97.557434 0.438053 -126.232544
v 97.557434 0.418400 -124.232544
v 97.557434 0.405687 -122.232544
v 97.557434 0.359280 -120.232544
v 97.557434 0.336752 -118.232544
v 97.557434 0.328091 -116.232544
v 97.557434 0.324814 -114.232544
v 97.557434 0.331139 -112.232544
v 97.557434 0.317373 -110.232544
v 97.557434 0.265284 -108.232544
v 97.557434 0.275702 -106.232544
v 97.557434 0.290758 -104.232544
v 97.557434 0.299356 -102.232544
v 97.557434 0.305643 -100.232544
v 97.557434 0.291439 -98.232544
v 97.557434 0.305630 -96.232544
v 97.557434 0.341803 -94.232544
v 97.557434 0.342808 -92.232544
v 97.557434 0.341688 -90.232544
v 97.557434 0.362257 -88.232544
v 97.557434 0.380739 -86.232544
v 97.557434 0.418930 -84.232544
v 97.557434 0.456791 -82.232544
v 97.557434 0.489740 -80.232544
v 97.557434 0.501593 -78.232544
v 97.557434 0.535786 -76.232544
v 97.557434 0.581068 -74.232544
v 97.557434 0.614607 -72.232544
v 97.557434 0.596230 -70.232544
v 97.557434 0.566410 -68.232544
v 99.557434 0.475492 -128.232544
v 99.557434 0.464434 -126.232544
v 99.557434 0.438128 -124.232544
v 99.557434 0.402998 -122.232544
v 99.557434 0.399099 -120.232544
v 99.557434 0.402058 -118.232544
v 99.557434 0.395325 -116.232544
v 99.557434 0.370216 -114.232544
v 99.557434 0.365028 -112.232544
v 99.557434 0.359098 -110.232544
v 99.557434 0.341640 -108.232544
v 99.557434 0.332300 -106.232544
v 99.557434 0.331455 -104.232544
v 99.557434 0.331432 -102.232544
v 99.557434 0.325285 -100.232544
v 99.557434 0.341661 -98.232544
v 99.557434 0.345827 -96.232544
v 99.557434 0.350918 -94.232544
v 99.557434 0.359272 -92.232544
v 99.557434 0.330894 -90.232544
v 99.557434 0.353775 -88.232544
v 99.557434 0.383581 -86.232544
v 99.557434 0.425793 -84.232544
v 99.557434 0.444902 -82.232544
v 99.557434 0.499994 -80.232544
v 99.557434 0.527546 -78.232544
v 99.557434 0.549065 -76.232544
v 99.557434 0.591976 -74.232544
v 99.557434 0.637375 -72.232544
v 99.557434 0.592014 -70.232544
v 101.557434 0.506792 -128.232544
v 101.557434 0.517855 -126.232544
v 101.557434 0.527956 -124.232544
v 101.557434 0.504272 -122.232544
v 101.557434 0.504980 -120.232544
v 101.557434 0.555481 -118.232544
v 101.557434 0.586851 -116.232544
v 101.557434 0.516056 -114.232544
v 101.557434 0.483559 -112.232544
v 101.557434 0.453510 -110.232544
v 101.557434 0.436007 -108.232544
v 101.557434 0.431213 -106.232544
v 101.557434 0.421190 -104.232544
v 101.557434 0.407246 -102.232544
v 101.557434 0.395477 -100.232544
v 101.557434 0.395943 -98.232544
v 101.557434 0.390377 -96.232544
v 101.557434 0.384480 -94.232544
v 101.557434 0.371904 -92.232544
v 101.557434 0.356731 -90.232544
v 101.557434 0.368675 -88.232544
v 101.557434 0.403490 -86.232544
v 101.557434 0.439480 -84.232544
v 101.557434 0.448349 -82.232544
v 101.557434 0.490999 -80.232544
v 101.557434 0.565657 -78.232544
v 101.557434 0.603098 -76.232544
v 101.557434 0.632469 -74.232544
v 101.557434 0.621092 -72.232544
v 103.557434 0.659163 -128.232544
v 103.557434 0.697937 -126.232544
v 103.557434 0.726931 -124.232544
v 103.557434 0.725302 -122.232544
v 103.557434 0.768999 -120.232544
v 103.557434 0.835438 -118.232544
v 103.557434 0.875641 -116.232544
v 103.557434 0.764208 -114.232544
v 103.557434 0.696611 -112.232544
v 103.557434 0.656012 -110.232544
v 103.557434 0.670670 -108.232544
v 103.557434 0.655743 -106.232544
v 103.557434 0.646683 -104.232544
v 103.557434 0.555521 -102.232544
v 103.557434 0.507868 -100.232544
v 103.557434 0.492682 -98.232544
v 103.557434 0.457790 -96.232544
v 103.557434 0.406176 -94.232544
v 103.557434 0.392513 -92.232544
v 103.557434 0.384327 -90.232544
v 103.557434 0.383024 -88.232544
v 103.557434 0.397305 -86.232544
v 103.557434 0.415949 -84.232544
v 103.557434 0.464125 -82.232544
v 103.557434 0.501188 -80.232544
v 103.557434 0.562601 -78.232544
v 103.557434 0.616026 -76.232544
v 103.557434 0.651228 -74.232544
v 105.557434 0.741770 -126.232544
v 105.557434 0.784441 -124.232544
v 105.557434 0.862257 -122.232544
v 105.557434 0.919199 -120.232544
v 105.557434 0.919601 -118.232544
v 105.557434 0.998978 -116.232544
v 105.557434 0.948580 -114.232544
v 105.557434 0.857487 -112.232544
v 105.557434 0.801228 -110.232544
v 105.557434 0.749596 -108.232544
v 105.557434 0.746950 -106.232544
v 105.557434 0.756504 -104.232544
v 105.557434 0.722170 -102.232544
v 105.557434 0.715607 -100.232544
v 105.557434 0.701763 -98.232544
v 105.557434 0.564722 -96.232544
v 105.557434 0.460966 -94.232544
v 105.557434 0.421463 -92.232544
v 105.557434 0.418638 -90.232544
v 105.557434 0.405249 -88.232544
v 105.557434 0.416943 -86.232544
v 105.557434 0.448296 -84.232544
v 105.557434 0.510561 -82.232544
v 105.557434 0.539351 -80.232544
v 105.557434 0.576220 -78.232544
v 107.557434 0.671734 -126.232544
v 107.557434 0.678398 -124.232544
v 107.557434 0.726204 -122.232544
v 107.557434 0.752258 -120.232544
v 107.557434 0.818138 -118.232544
v 107.557434 0.800314 -116.232544
v 107.557434 0.870796 -114.232544
v 107.557434 0.799238 -112.232544
v 107.557434 0.688658 -110.232544
v 107.557434 0.639488 -108.232544
v 107.557434 0.639271 -106.232544
v 107.557434 0.675083 -104.232544
v 107.557434 0.715481 -102.232544
v 107.557434 0.768213 -100.232544
v 107.557434 0.797979 -98.232544
v 107.557434 0.673275 -96.232544
v 107.557434 0.536133 -94.232544
v 107.557434 0.485315 -92.232544
v 107.557434 0.448727 -90.232544
v 107.557434 0.461107 -88.232544
v 107.557434 0.463219 -86.232544
v 107.557434 0.499228 -84.232544
v 107.557434 0.526852 -82.232544
v 107.557434 0.571419 -80.232544
v 109.557434 0.510653 -126.232544
v 109.557434 0.486361 -124.232544
v 109.557434 0.479858 -122.232544
v 109.557434 0.491199 -120.232544
v 109.557434 0.620949 -118.232544
v 109.557434 0.600363 -116.232544
v 109.557434 0.601210 -114.232544
v 109.557434 0.554853 -112.232544
v 109.557434 0.490343 -110.232544
v 109.557434 0.456587 -108.232544
v 109.557434 0.466375 -106.232544
v 109.557434 0.527393 -104.232544
v 109.557434 0.638786 -102.232544
v 109.557434 0.760517 -100.232544
v 109.557434 0.848873 -98.232544
v 109.557434 0.802721 -96.232544
v 109.557434 0.596388 -94.232544
v 109.557434 0.529215 -92.232544
v 109.557434 0.501392 -90.232544
v 109.557434 0.505445 -88.232544
v 109.557434 0.526978 -86.232544
v 109.557434 0.554031 -84.232544
v 109.557434 0.547808 -82.232544
v 111.557434 0.347670 -124.232544
v 111.557434 0.375723 -122.232544
v 111.557434 0.410326 -120.232544
v 111.557434 0.472536 -118.232544
v 111.557434 0.458342 -116.232544
v 111.557434 0.391529 -114.232544
v 111.557434 0.364162 -112.232544
v 111.557434 0.356236 -110.232544
v 111.557434 0.330187 -108.232544
v 111.557434 0.332129 -106.232544
v 111.557434 0.406487 -104.232544
v 111.557434 0.557846 -102.232544
v 111.557434 0.748152 -100.232544
v 111.557434 0.906656 -98.232544
v 111.557434 0.920567 -96.232544
v 111.557434 0.702711 -94.232544
v 111.557434 0.565329 -92.232544
v 111.557434 0.564314 -90.232544
v 111.557434 0.572203 -88.232544
v 111.557434 0.563904 -86.232544
v 113.557434 0.398869 -122.232544
v 113.557434 0.425972 -120.232544
v 113.557434 0.502468 -118.232544
v 113.557434 0.468504 -116.232544
v 113.557434 0.381790 -114.232544
v 113.557434 0.330940 -112.232544
v 113.557434 0.354860 -110.232544
v 113.557434 0.338123 -108.232544
v 113.557434 0.315859 -106.232544
v 113.557434 0.360521 -104.232544
v 113.557434 0.513990 -102.232544
v 113.557434 0.760511 -100.232544
v 113.557434 0.992971 -98.232544
v 113.557434 1.014160 -96.232544
v 113.557434 0.812174 -94.232544
v 113.557434 0.653187 -92.232544
v 113.557434 0.615622 -90.232544
v 115.557434 0.584185 -116.232544
v 115.557434 0.543123 -114.232544
v 115.557434 0.487129 -112.232544
v 115.557434 0.464029 -110.232544
v 115.557434 0.485390 -108.232544
v 115.557434 0.450768 -106.232544
v 115.557434 0.437450 -104.232544
v 115.557434 0.524458 -102.232544
v 115.557434 0.748419 -100.232544
v 115.557434 1.015417 -98.232544
v 115.557434 0.989531 -96.232544
v 115.557434 0.829887 -94.232544
v 115.557434 0.729805 -92.232544
v 117.557434 0.550240 -108.232544
v 117.557434 0.557938 -106.232544
v 117.557434 0.577579 -104.232544
v 117.557434 0.588676 -102.232544
v 117.557434 0.747162 -100.232544
v 117.557434 0.978197 -98.232544
v -90.095764 1.107786 94.805298
v -90.242493 1.089680 93.935913
v -90.392029 1.039642 93.126099
v -90.518616 0.961206 92.332275
v -90.590149 0.828390 91.521606
v -90.571655 0.569309 90.675537
v -90.448242 0.281481 89.819458
v -90.243835 0.105146 88.989868
v -89.982971 -0.009026 88.188110
v -89.688049 -0.039358 87.414307
v -89.377014 -0.045143 86.661499
v -89.044312 -0.038116 85.911987
v -88.675659 -0.022638 85.162842
v -88.273315 -0.010164 84.425415
v -87.837280 -0.006218 83.706543
v -87.366638 -0.015568 83.011230
v -86.856018 -0.010256 82.346191
v -86.311157 -0.001381 81.714111
v -85.745361 0.082811 81.111694
v -85.168945 0.180410 80.533447
v -84.584839 0.301208 79.966187
v -83.980225 0.381062 79.411011
v -83.356995 0.430920 78.878906
v -82.733215 0.447315 78.366821
v -82.118713 0.524492 77.864014
v -81.515686 0.597521 77.355103
v -80.911926 0.629971 76.835938
v -80.305725 0.651144 76.316528
v -79.708557 0.631756 75.797729
v -79.125854 0.666548 75.274780
v -78.561584 0.647785 74.741821
v -78.013855 0.618683 74.191895
v -77.475891 0.587795 73.624512
v -76.942871 0.561159 73.043335
v -76.410950 0.544884 72.452881
v -75.879456 0.536926 71.860840
v -75.354980 0.519255 71.268311
v -74.836548 0.510099 70.667725
v -74.315796 0.472982 70.060059
v -73.787781 0.473289 69.450073
v -73.249451 0.395908 68.844360
v -72.703735 0.320255 68.248291
v -72.154968 0.219328 67.659668
v -71.603149 0.143518 67.075684
v -71.049377 0.096165 66.495850
v -70.492554 0.061932 65.916504
v -69.928284 0.046995 65.339844
v -69.359863 0.036573 64.771118
v -68.795837 0.026112 64.208008
v -68.241333 0.020039 63.646240
v -67.698364 0.020161 63.077271
v -67.161133 0.033630 62.498535
v -66.627869 0.103828 61.914429
v -66.103821 0.173418 61.326660
v -65.591431 0.225277 60.733154
v -65.093201 0.217087 60.131958
v -64.609314 0.214840 59.519165
v -64.135925 0.216564 58.892822
v -63.669189 0.216455 58.255005
v -63.206116 0.198164 57.609131
v -62.744751 0.187510 56.959351
v -62.286316 0.183258 56.309326
v -61.833374 0.168463 55.657593
v -61.386963 0.155779 55.002930
v -60.948364 0.149931 54.345337
v -60.519775 0.152092 53.685059
v -60.104919 0.154152 53.018799
v -59.699463 0.155939 52.340942
v -59.295166 0.155521 51.652954
v -58.885376 0.137917 50.959229
v -58.465027 0.125708 50.266602
v -58.036560 0.134304 49.581299
v -57.605225 0.153563 48.902100
v -57.171692 0.157074 48.226318
v -56.737122 0.145468 47.552979
v -56.302795 0.109560 46.881470
v -55.869995 0.093948 46.209717
v -55.436462 0.052603 45.536011
v -54.998779 0.004997 44.861084
v -54.554688 -0.036072 44.187134
v -54.101685 -0.024569 43.516113
v -53.639282 -0.027782 42.851562
v -53.170959 -0.029932 42.194824
v -52.699951 -0.053640 41.543823
v -52.228943 -0.071667 40.897339
v -51.760925 -0.082737 40.253296
v -51.296814 -0.088140 39.606812
v -50.832214 -0.126009 38.955322
v -50.362183 -0.206451 38.301392
v -49.882690 -0.312458 37.649292
v -49.392395 -0.400015 37.006104
v -48.895935 -0.445330 36.373657
v -48.393921 -0.480606 35.747314
v -47.881104 -0.491945 35.125977
v -47.354248 -0.454536 34.512207
v -46.807800 -0.384577 33.905029
v -46.235352 -0.278730 33.314697
v -45.648743 -0.153097 32.750000
v -45.065430 -0.043430 32.203247
v -44.497009 0.034552 31.663696
v -43.950745 0.049593 31.115723
v -43.418884 0.040184 30.547485
v -42.890930 0.033609 29.962402
v -42.365173 0.021551 29.366577
v -41.838684 0.010271 28.764404
v -41.310852 0.024080 28.163208
v -40.787537 0.035957 27.563599
v -40.267944 0.045607 26.958984
v -39.744202 0.053394 26.349854
v -39.211731 0.072462 25.740479
v -38.665771 0.083843 25.135132
v -38.105347 0.105087 24.542114
v -37.538696 0.126740 23.963745
v -36.974426 0.133074 23.395508
v -36.419312 0.092558 22.831543
v -35.878052 0.018707 22.263428
v -35.347351 -0.078056 21.683960
v -34.820557 -0.172073 21.094604
v -34.294739 -0.256933 20.498169
v -33.766663 -0.301302 19.898071
v -33.234497 -0.324936 19.298096
v -32.700073 -0.354767 18.701172
v -32.166138 -0.364668 18.105713
v -31.631897 -0.365667 17.510376
v -31.097961 -0.307781 16.915527
v -30.564819 -0.260849 16.320801
v -30.032593 -0.201668 15.725342
v -29.500549 -0.184183 15.128906
v -28.967773 -0.165277 14.531738
v -28.433411 -0.144939 13.934814
v -27.897217 -0.149023 13.338867
v -27.359619 -0.184528 12.744507
v -26.821106 -0.223337 12.151367
v -26.281494 -0.267242 11.559204
v -25.740662 -0.318581 10.968262
v -25.197693 -0.373537 10.377808
v -24.650513 -0.412109 9.789795
v -24.101501 -0.417685 9.206787
v -23.555664 -0.412769 8.627319
v -23.016724 -0.367756 8.049072
v -22.486694 -0.301317 7.467163
v -21.963928 -0.182699 6.878906
v -21.445496 -0.064711 6.285522
v -20.930725 0.049454 5.687988
v -20.418091 0.137831 5.086060
v -19.907776 0.174696 4.481445
v -19.402527 0.174877 3.872803
v -18.900818 0.156389 3.256470
v -18.397095 0.142712 2.633789
v -17.888184 0.134027 2.008911
v -17.372070 0.124166 1.386963
v -16.850220 0.103703 0.771606
v -16.325989 0.091612 0.161499
v -15.799927 0.087212 -0.445312
v -15.273315 0.085436 -1.049194
v -14.747620 0.081320 -1.651489
v -14.222839 0.081213 -2.254150
v -13.696777 0.094507 -2.858276
v -13.167542 0.125868 -3.462402
v -12.633545 0.169115 -4.064697
v -12.093750 0.219784 -4.662354
v -11.549988 0.273453 -5.253662
v -11.003174 0.349159 -5.839966
v -10.452271 0.429184 -6.422485
v -9.897156 0.527718 -7.000610
v -9.337891 0.635933 -7.574463
v -8.774536 0.735706 -8.144165
v -8.207092 0.814957 -8.709839
v -7.635193 0.876682 -9.271484
v -7.058838 0.940464 -9.828491
v -6.477112 1.035229 -10.381958
v -5.888245 1.150015 -10.930176
v -5.294495 1.239635 -11.471069
v -4.699768 1.257790 -12.005859
v -4.106750 1.249622 -12.536743
v -3.516663 1.180737 -13.067749
v -2.927124 1.092867 -13.600220
v -2.336792 0.957521 -14.132935
v -1.746460 0.841270 -14.665283
v -1.156433 0.711361 -15.196533
v -0.566345 0.578852 -15.727905
v 0.024902 0.440592 -16.257812
v 0.615662 0.319805 -16.784668
v 1.203552 0.212465 -17.310059
v 1.787231 0.107727 -17.836426
v 2.370911 0.010975 -18.371582
v 2.965759 -0.061150 -18.909668
v 3.561462 -0.121187 -19.438477
v 4.136658 -0.157145 -19.963135
v 4.678040 -0.180077 -20.493530
v 5.174316 -0.197712 -21.040649
v 5.626221 -0.200384 -21.624756
v 6.053589 -0.204729 -22.254272
v 6.473267 -0.215719 -22.919800
v 6.900757 -0.215029 -23.607544
v 7.346680 -0.187250 -24.293579
v 7.801758 -0.173126 -24.962769
v 8.254272 -0.171984 -25.624268
v 8.707886 -0.156147 -26.284790
v 9.162292 -0.135357 -26.943970
v 9.617493 -0.088137 -27.603271
v 10.075500 -0.042345 -28.262085
v 10.535095 -0.017866 -28.918213
v 10.993103 0.004669 -29.572144
v 11.447571 0.050718 -30.225098
v 11.896912 0.075893 -30.879883
v 12.342163 0.095909 -31.538452
v 12.784912 0.113113 -32.199951
v 13.225159 0.130239 -32.863525
v 13.663086 0.152342 -33.529053
v 14.098755 0.162823 -34.196045
v 14.531555 0.171555 -34.864502
v 14.961792 0.182276 -35.535278
v 15.390198 0.196270 -36.208252
v 15.817688 0.211906 -36.882935
v 16.244446 0.217085 -37.557983
v 16.669678 0.213646 -38.233521
v 17.093323 0.207081 -38.910156
v 17.516235 0.202074 -39.588135
v 17.939209 0.205145 -40.266968
v 18.359802 0.214643 -40.941650
v 18.769653 0.227947 -41.617798
v 19.174927 0.238262 -42.306274
v 19.591919 0.253138 -43.005127
v 20.033630 0.275040 -43.704712
v 20.511780 0.278690 -44.392334
v 21.025879 0.270226 -45.051880
v 21.561035 0.260126 -45.682495
v 22.105652 0.277462 -46.291016
v 22.649170 0.285431 -46.884399
v 23.184998 0.282429 -47.474243
v 23.719482 0.267975 -48.068726
v 24.259949 0.275272 -48.664062
v 24.805359 0.292168 -49.257080
v 25.356873 0.326740 -49.846069
v 25.914978 0.353371 -50.430298
v 26.479309 0.364893 -51.008301
v 27.048645 0.357353 -51.580566
v 27.622925 0.331583 -52.147949
v 28.201721 0.308479 -52.709961
v 28.785400 0.300009 -53.267944
v 29.376099 0.295830 -53.820312
v 29.971863 0.292778 -54.364746
v 30.568298 0.295864 -54.903076
v 31.163269 0.302130 -55.437622
v 31.755127 0.306217 -55.972412
v 32.346313 0.295725 -56.509644
v 32.938660 0.275723 -57.047607
v 33.531189 0.268167 -57.585327
v 34.123596 0.260479 -58.122803
v 34.715820 0.249979 -58.660156
v 35.307800 0.237394 -59.197632
v 35.899780 0.235968 -59.735596
v 36.492432 0.244413 -60.273804
v 37.085754 0.236567 -60.811768
v 37.679260 0.226049 -61.348267
v 38.271118 0.216648 -61.884644
v 38.863281 0.215096 -62.423096
v 39.459045 0.216116 -62.962158
v 40.060730 0.228283 -63.499512
v 40.669678 0.243559 -64.032227
v 41.285522 0.264027 -64.556885
v 41.904846 0.266207 -65.073730
v 42.525146 0.279392 -65.584595
v 43.144165 0.293135 -66.091919
v 43.760437 0.314598 -66.598511
v 44.374817 0.320055 -67.107666
v 44.990479 0.319971 -67.619263
v 45.609497 0.321215 -68.131348
v 46.233704 0.338182 -68.641357
v 46.864380 0.337845 -69.146851
v 47.500671 0.346748 -69.644653
v 48.139709 0.352205 -70.135254
v 48.779724 0.370995 -70.620361
v 49.419189 0.377926 -71.101807
v 50.059082 0.359913 -71.584106
v 50.703674 0.352627 -72.064941
v 51.349792 0.342676 -72.539795
v 51.990845 0.323700 -73.011719
v 52.623047 0.288218 -73.484741
v 53.244202 0.265457 -73.965088
v 53.856628 0.245277 -74.457886
v 54.465454 0.239929 -74.962280
v 55.073364 0.241039 -75.474976
v 55.682922 0.241447 -75.992554
v 56.294861 0.216614 -76.510132
v 56.906311 0.195267 -77.025635
v 57.515930 0.200733 -77.541504
v 58.125000 0.216366 -78.058716
v 58.733826 0.228701 -78.576538
v 59.342773 0.237356 -79.095581
v 59.952820 0.229193 -79.614136
v 60.562317 0.228531 -80.131714
v 61.169312 0.238827 -80.649048
v 61.772278 0.250351 -81.167236
v 62.370789 0.244287 -81.689941
v 62.967834 0.234785 -82.217041
v 63.562744 0.232327 -82.746094
v 64.152527 0.236940 -83.277588
v 64.735840 0.240875 -83.812744
v 65.313904 0.244261 -84.356079
v 65.893127 0.240929 -84.905151
v 66.469116 0.240072 -85.453979
v 67.030518 0.226732 -86.003784
v 67.570312 0.208870 -86.559814
v 68.083923 0.209507 -87.129395
v 68.575684 0.224310 -87.719727
v 69.051758 0.235233 -88.329346
v 69.512451 0.240746 -88.954712
v 69.958862 0.247980 -89.593384
v 70.391724 0.277275 -90.242188
v 70.810547 0.312494 -90.900269
v 71.214294 0.346451 -91.569214
v 71.602417 0.370649 -92.248047
v 71.973694 0.380894 -92.935303
v 72.326965 0.375780 -93.629150
v 72.662720 0.365671 -94.330811
v 72.981812 0.348557 -95.041382
v 73.283630 0.337360 -95.759644
v 73.567749 0.331402 -96.484375
v 73.832947 0.320374 -97.212646
v 74.074280 0.299036 -97.946167
v 74.294128 0.264967 -98.692383
v 74.500916 0.238300 -99.452148
v 74.701965 0.216974 -100.222290
v 74.902893 0.200127 -100.992798
v 75.095337 0.177406 -101.758545
v 75.276306 0.165451 -102.530273
v 75.457581 0.174734 -103.312866
v 75.649475 0.183128 -104.103149
v 75.859436 0.188059 -104.888184
v 76.075378 0.194490 -105.665161
v 76.293945 0.219976 -106.449585
v 76.533936 0.242535 -107.243774
v 76.812012 0.249865 -108.038940
v 77.144592 0.253580 -108.822876
v 77.538269 0.271471 -109.576294
v 77.974487 0.288002 -110.291260
v 78.432495 0.303495 -110.974487
v 78.894409 0.304445 -111.634766
v 79.347778 0.306927 -112.287231
v 79.799561 0.307137 -112.946411
v 80.262451 0.305113 -113.609863
v 80.737244 0.299294 -114.270752
v 81.226013 0.289370 -114.925415
v 81.728149 0.283117 -115.566284
v 82.237061 0.277851 -116.196899
v 82.756775 0.278362 -116.826904
v 83.298584 0.279577 -117.451416
v 83.869812 0.280478 -118.061035
v 84.475037 0.287886 -118.642822
v 85.110840 0.293684 -119.189087
v 85.770020 0.295843 -119.705078
v 86.448914 0.291655 -120.192383
v 87.142273 0.286291 -120.651611
v 87.840210 0.297609 -121.080933
v 88.546509 0.314850 -121.498779
v 89.278809 0.321064 -121.913330
v 90.044250 0.340475 -122.303101
v 90.843933 0.354704 -122.639648
v 91.665466 0.367554 -122.889404
v 92.500610 0.365717 -123.051270
v 93.353149 0.362581 -123.144653
v 94.217529 0.363876 -123.161499
v 95.078308 0.376440 -123.089722
v 95.918457 0.393293 -122.914795
v 96.726318 0.418358 -122.621460
v 97.495239 0.406626 -122.225708
v 98.217712 0.391981 -121.758057
v 98.892334 0.391497 -121.242554
v 99.522766 0.397369 -120.695801
v 100.114075 0.403889 -120.101318
v 100.662537 0.440210 -119.451904
v 101.165833 0.481745 -118.770508
v 101.629028 0.572788 -118.072266
v 102.059326 0.659948 -117.366333
v 102.459900 0.733837 -116.642212
v 102.826843 0.758961 -115.892822
v 103.159668 0.764835 -115.129028
v 103.460327 0.759495 -114.356445
v 103.730774 0.752565 -113.579590
v 103.973633 0.751225 -112.794678
v 104.188171 0.754105 -111.996460
v 104.371704 0.758518 -111.187988
v 104.521790 0.763538 -110.371338
v 104.636047 0.763250 -109.545654
v 104.704529 0.756323 -108.710449
v 104.727905 0.744743 -107.875854
v 104.721191 0.742287 -107.051758
v 104.699524 0.746862 -106.240356
v 104.676514 0.754047 -105.433594
v 104.642761 0.751469 -104.620239
v 104.589172 0.732161 -103.809692
v 104.530701 0.699541 -103.013184
v 104.481018 0.661497 -102.229858
v 104.452881 0.633688 -101.457520
v 104.454346 0.615919 -100.683960
v 104.476562 0.605129 -99.899048
v 104.507263 0.600796 -99.100708
v 104.533447 0.599560 -98.289307
v 104.541504 0.578985 -97.477661
v 104.543701 0.538708 -96.672485
v 104.548889 0.489491 -95.858032
v 104.538269 0.457697 -95.027588
v 104.491577 0.429337 -94.186646
v 104.388733 0.403379 -93.351074
v 104.231201 0.392799 -92.535889
v 104.032532 0.397030 -91.736938
v 103.791565 0.390799 -90.949829
v 103.508362 0.383347 -90.176514
v 103.180847 0.382984 -89.414795
v 102.798889 0.376904 -88.668213
v 102.368774 0.376272 -87.946289
v 101.909912 0.387287 -87.251221
v 101.437927 0.399673 -86.578735
v 100.963013 0.405504 -85.918701
v 100.474182 0.408968 -85.264160
v 99.965149 0.423611 -84.622070
v 99.447388 0.429100 -83.994995
v 98.927368 0.441160 -83.378784
v 98.410583 0.446836 -82.768677
v 97.896484 0.461849 -82.156982
v 97.376953 0.470596 -81.541260
v 96.846680 0.472130 -80.926514
v 96.300598 0.467690 -80.317261
v 95.732239 0.475584 -79.717773
v 95.137878 0.476635 -79.139771
v 94.530334 0.465094 -78.588989
v 93.925232 0.456072 -78.057373
v 93.333618 0.460966 -77.533691
v 92.764343 0.468672 -77.005859
v 92.214417 0.477331 -76.457520
v 91.667664 0.484276 -75.886963
v 91.112671 0.481148 -75.303345
v 90.538696 0.477888 -74.717896
v 89.932739 0.481909 -74.141479
v 89.289734 0.490242 -73.598022
v 88.635986 0.488987 -73.095337
v 88.000732 0.486238 -72.616699
v 87.404175 0.497517 -72.141479
v 86.858582 0.505106 -71.645874
v 86.353210 0.512403 -71.104980
v 85.864563 0.514835 -70.520508
v 85.381714 0.516338 -69.903809
v 84.892029 0.518671 -69.267334
v 84.388428 0.520016 -68.632568
v 83.882385 0.516556 -68.009766
v 83.381165 0.511101 -67.388428
v 82.877075 0.507849 -66.764404
v 82.367188 0.500568 -66.140015
v 81.849121 0.496653 -65.518311
v 81.322449 0.488964 -64.903442
v 80.791321 0.484802 -64.296753
v 80.260010 0.482759 -63.696045
v 79.731995 0.470222 -63.098511
v 79.209167 0.460735 -62.499756
v 78.689941 0.451746 -61.896606
v 78.171204 0.451527 -61.290283
v 77.652832 0.448999 -60.682007
v 77.134033 0.439217 -60.072754
v 76.614563 0.431103 -59.464111
v 76.096191 0.425438 -58.855957
v 75.578247 0.413864 -58.246460
v 75.058533 0.405437 -57.635986
v 74.535339 0.402475 -57.025757
v 74.007141 0.413767 -56.417236
v 73.473572 0.420956 -55.812866
v 72.937073 0.435589 -55.213867
v 72.400818 0.427320 -54.619019
v 71.866821 0.410542 -54.025879
v 71.333923 0.398895 -53.429443
v 70.795898 0.407335 -52.831909
v 70.256348 0.427034 -52.240479
v 69.726807 0.441931 -51.653320
v 69.214111 0.441498 -51.064941
v 68.722717 0.427738 -50.466431
v 68.248108 0.411413 -49.850952
v 67.784668 0.409761 -49.220947
v 67.333069 0.429552 -48.579956
v 66.892517 0.448158 -47.929199
v 66.465393 0.459263 -47.275391
v 66.060364 0.462645 -46.614258
v 65.671631 0.462246 -45.934204
v 65.283081 0.455397 -45.236084
v 64.882385 0.450125 -44.527954
v 64.460999 0.445076 -43.826050
v 64.027039 0.449970 -43.138794
v 63.587463 0.459112 -42.458496
v 63.135681 0.453159 -41.781616
v 62.668884 0.443098 -41.111328
v 62.182068 0.443819 -40.447388
v 61.668762 0.427603 -39.799072
v 61.138733 0.409872 -39.174194
v 60.608765 0.390835 -38.568481
v 60.091370 0.374432 -37.971924
v 59.595947 0.360262 -37.373413
v 59.120911 0.348156 -36.757690
v 58.651611 0.339237 -36.121948
v 58.177734 0.330320 -35.473267
v 57.689026 0.329212 -34.820068
v 57.178162 0.333721 -34.175659
v 56.650208 0.346064 -33.549927
v 56.113953 0.351332 -32.939453
v 55.570190 0.344931 -32.339478
v 55.021667 0.333414 -31.748047
v 54.468689 0.336866 -31.161011
v 53.907227 0.336323 -30.578125
v 53.338013 0.336609 -30.003418
v 52.767090 0.340883 -29.436768
v 52.197815 0.347198 -28.874146
v 51.631409 0.343151 -28.311646
v 51.064819 0.343468 -27.746704
v 50.496338 0.363613 -27.182373
v 49.929077 0.385195 -26.619385
v 49.363708 0.386095 -26.056396
v 48.799988 0.363838 -25.490967
v 48.234863 0.343206 -24.923950
v 47.670044 0.345005 -24.358765
v 47.110596 0.354881 -23.794434
v 46.559692 0.354172 -23.228027
v 46.019409 0.338604 -22.656128
v 45.489075 0.332056 -22.074463
v 44.964539 0.332956 -21.483398
v 44.443787 0.324821 -20.884644
v 43.924438 0.301884 -20.280396
v 43.405640 0.264690 -19.674194
v 42.889282 0.228167 -19.067505
v 42.376709 0.204195 -18.458618
v 41.865906 0.191088 -17.846680
v 41.356445 0.194332 -17.232422
v 40.847412 0.196550 -16.616821
v 40.339600 0.208748 -16.000854
v 39.833313 0.224041 -15.383911
v 39.328979 0.245300 -14.766113
v 38.826660 0.276110 -14.146851
v 38.326355 0.317717 -13.525757
v 37.826843 0.347269 -12.903076
v 37.328979 0.355844 -12.280151
v 36.834534 0.357285 -11.656616
v 36.344727 0.338465 -11.031616
v 35.859192 0.295151 -10.402344
v 35.374451 0.258898 -9.769775
v 34.892273 0.239920 -9.137939
v 34.418762 0.209114 -8.506104
v 33.957703 0.146917 -7.871704
v 33.512024 0.087835 -7.230347
v 33.079773 0.061489 -6.577515
v 32.657593 0.042858 -5.914062
v 32.245300 0.032164 -5.242432
v 31.842346 0.029388 -4.563721
v 31.450378 0.034967 -3.883667
v 31.077515 0.041510 -3.198975
v 30.719116 0.038980 -2.498901
v 30.360413 0.056253 -1.783691
v 29.989868 0.074341 -1.059692
v 29.597900 0.098238 -0.338745
v 29.187317 0.114954 0.367920
v 28.767761 0.125025 1.062134
v 28.341736 0.119768 1.747803
v 27.913269 0.119919 2.427124
v 27.487000 0.129797 3.099976
v 27.067871 0.148752 3.775146
v 26.647644 0.170671 4.460815
v 26.213257 0.201859 5.152710
v 25.754089 0.241552 5.840942
v 25.267578 0.281874 6.504883
v 24.767517 0.329512 7.152344
v 24.248901 0.421629 7.804688
v 23.689941 0.547733 8.448975
v 23.075623 0.638435 9.058594
v 22.390320 0.718754 9.602905
v 21.637695 0.774435 10.041260
v 20.856934 0.809923 10.376343
v 20.079407 0.856796 10.644287
v 19.323792 0.888849 10.882080
v 18.585083 0.913076 11.129883
v 17.828674 0.956066 11.386597
v 17.057251 1.026279 11.625610
v 16.299561 1.118750 11.857666
v 15.563843 1.153193 12.098267
v 14.851257 1.168322 12.364624
v 14.148315 1.191099 12.664917
v 13.445679 1.185345 12.990479
v 12.746460 1.169367 13.335693
v 12.049744 1.136751 13.696655
v 11.356873 1.137846 14.067505
v 10.670593 1.182486 14.447754
v 9.991211 1.213976 14.839844
v 9.317871 1.216841 15.244141
v 8.651123 1.148479 15.659546
v 7.991943 1.067606 16.084961
v 7.340454 0.992153 16.520386
v 6.696167 0.918461 16.966309
v 6.059387 0.847420 17.422729
v 5.430054 0.808090 17.889648
v 4.809326 0.794018 18.366333
v 4.198608 0.781090 18.854614
v 3.595093 0.745354 19.357300
v 2.995422 0.701124 19.871704
v 2.398010 0.648201 20.394409
v 1.801086 0.602125 20.922485
v 1.204529 0.553633 21.451294
v 0.612549 0.506176 21.979980
v 0.030212 0.472919 22.511353
v -0.539062 0.442766 23.048828
v -1.091614 0.417854 23.595093
v -1.626526 0.389351 24.157471
v -2.151123 0.358610 24.738281
v -2.672852 0.355175 25.334106
v -3.197510 0.352749 25.939209
v -3.727966 0.352905 26.543579
v -4.258606 0.351469 27.142822
v -4.786499 0.355404 27.742065
v -5.315125 0.333534 28.342773
v -5.845947 0.299822 28.944092
v -6.379395 0.272173 29.543945
v -6.914612 0.249836 30.141479
v -7.450928 0.227915 30.737183
v -7.988647 0.213091 31.331665
v -8.527466 0.204575 31.924927
v -9.067261 0.183596 32.516357
v -9.606628 0.164309 33.107178
v -10.146973 0.146786 33.698853
v -10.690979 0.134054 34.290405
v -11.240479 0.102385 34.880493
v -11.798401 0.073132 35.467896
v -12.367188 0.069332 36.047485
v -12.941162 0.072187 36.615967
v -13.511780 0.079948 37.176025
v -14.073059 0.090425 37.733765
v -14.622253 0.094612 38.296997
v -15.164185 0.091082 38.870728
v -15.702637 0.084194 39.450806
v -16.235107 0.090565 40.035278
v -16.761169 0.114937 40.625000
v -17.279419 0.144304 41.218384
v -17.786316 0.151417 41.818970
v -18.285950 0.155891 42.431030
v -18.786011 0.186960 43.052612
v -19.291748 0.224686 43.679077
v -19.807007 0.239870 44.302979
v -20.328552 0.252512 44.919067
v -20.851990 0.276529 45.529541
v -21.377014 0.285912 46.136475
v -21.902588 0.286331 46.741211
v -22.429626 0.296661 47.346802
v -22.962463 0.312674 47.951294
v -23.497986 0.320543 48.549561
v -24.028503 0.318350 49.143555
v -24.548401 0.333317 49.736816
v -25.055115 0.341322 50.336426
v -25.553162 0.343845 50.946289
v -26.045166 0.359222 51.562744
v -26.528137 0.394678 52.184204
v -27.000916 0.408060 52.811523
v -27.461365 0.403086 53.444214
v -27.906677 0.398346 54.085938
v -28.341003 0.419289 54.741089
v -28.771240 0.451265 55.407715
v -29.202576 0.486300 56.081909
v -29.638000 0.527632 56.755371
v -30.071472 0.562693 57.424561
v -30.501587 0.610785 58.095947
v -30.935059 0.652884 58.770874
v -31.376099 0.692610 59.446777
v -31.830139 0.683090 60.122314
v -32.302002 0.642689 60.789429
v -32.782837 0.581535 61.441162
v -33.258911 0.548050 62.080933
v -33.719543 0.540056 62.715454
v -34.154419 0.571142 63.351074
v -34.559082 0.610094 64.003784
v -34.949158 0.623684 64.683472
v -35.343384 0.619331 65.384521
v -35.758850 0.592766 66.095093
v -36.210022 0.548145 66.797485
v -36.694031 0.509861 67.473389
v -37.193909 0.494658 68.123413
v -37.701050 0.466059 68.755249
v -38.206604 0.471420 69.375366
v -38.705139 0.442671 69.993286
v -39.201660 0.395901 70.615601
v -39.702271 0.298481 71.238770
v -40.204956 0.212837 71.859863
v -40.710205 0.140574 72.479614
v -41.221191 0.061243 73.101562
v -41.745728 -0.001957 73.720581
v -42.276123 -0.041676 74.328003
v -42.796448 -0.056961 74.926147
v -43.295593 -0.051228 75.521729
v -43.765320 -0.049395 76.124634
v -44.209351 0.006409 76.745361
v -44.638000 0.064974 77.383545
v -45.055298 0.154844 78.035889
v -45.466492 0.271496 78.699951
v -45.874268 0.419371 79.369263
v -46.273499 0.578611 80.041138
v -46.662598 0.726210 80.721191
v -47.047913 0.818098 81.410278
v -47.433350 0.875681 82.106201
v -47.822815 0.923946 82.805420
v -48.217651 0.936253 83.503052
v -48.613037 0.941586 84.197021
v -49.002991 0.949871 84.888428
v -49.382751 0.949072 85.578979
v -49.745972 0.937759 86.268555
v -50.085266 0.907507 86.965942
v -50.410034 0.886473 87.682739
v -50.737366 0.851290 88.416870
v -51.082214 0.802568 89.161011
v -51.458862 0.799429 89.903076
v -51.870056 0.790710 90.625854
v -52.299377 0.822464 91.324097
v -52.732178 0.836599 92.004150
v -53.155579 0.851376 92.672974
v -53.559082 0.861528 93.340698
v -53.944153 0.891304 94.020996
v -54.322815 0.904392 94.715698
v -54.702209 0.953594 95.419922
v -55.090271 1.010382 96.129517
v -55.492676 1.059326 96.835449
v -55.905090 1.106125 97.531250
v -56.322815 1.121658 98.221191
v -56.748047 1.105047 98.906860
v -57.181396 1.090265 99.588623
v -57.622437 1.105036 100.264038
v -58.068420 1.113277 100.935181
v -58.521301 1.119530 101.605591
v -58.986145 1.154945 102.273926
v -59.467102 1.145187 102.936646
v -59.965515 1.147167 103.586304
v -60.477234 1.156921 104.222534
v -61.002136 1.176109 104.850708
v -61.544983 1.210361 105.469360
v -62.107971 1.257170 106.074097
v -62.690002 1.320061 106.656494
v -63.286133 1.354380 107.221558
v -63.901001 1.375393 107.777710
v -64.542664 1.389027 108.317749
v -65.214722 1.408756 108.829712
v -65.921021 1.431774 109.300659
v -66.659851 1.434841 109.716064
v -67.417480 1.427664 110.077393
v -68.180603 1.399675 110.397705
v -68.940491 1.390715 110.691284
v -69.688965 1.398884 110.971313
v -70.438965 1.399878 111.257324
v -71.211914 1.374811 111.546997
v -72.011230 1.356194 111.818604
v -72.836670 1.349003 112.046875
v -73.677124 1.357721 112.203003
v -74.520813 1.361492 112.283813
v -75.368591 1.366493 112.306396
v -76.217712 1.370092 112.269775
v -77.058105 1.375711 112.170898
v -77.877747 1.385996 112.007080
v -78.676514 1.391357 111.775391
v -79.458496 1.399099 111.478638
v -80.217651 1.385469 111.122314
v -80.947388 1.371368 110.710938
v -81.646606 1.369064 110.245728
v -82.309570 1.372660 109.712280
v -82.927673 1.362089 109.119385
v -83.502991 1.314316 108.495483
v -84.044067 1.281099 107.861816
v -84.565979 1.257515 107.229858
v -85.072449 1.225616 106.583252
v -85.553589 1.191786 105.915039
v -86.011108 1.184017 105.242920
v -86.453674 1.192619 104.574463
v -86.883423 1.187733 103.926636
v -87.320923 1.162781 103.324585
v -87.786133 1.131943 102.729370
v -88.266418 1.135159 102.073486
v -88.724426 1.135725 101.311523
v -89.115784 1.128443 100.409302
v -89.413147 1.135361 99.344971
v -89.636475 1.152582 98.172241
v -89.811584 1.146044 96.969482
v -89.958801 1.123343 95.818115
v -5.119812 -0.201609 -23.880615
v -4.945068 -0.186430 -24.036743
v -4.772644 -0.176849 -24.163574
v -4.599121 -0.166872 -24.265503
v -4.421692 -0.153238 -24.346436
v -4.236145 -0.143703 -24.412231
v -4.039551 -0.139563 -24.457886
v -3.836731 -0.118080 -24.479858
v -3.632202 -0.122879 -24.485229
v -3.429138 -0.132265 -24.482178
v -3.229187 -0.141666 -24.477783
v -3.029053 -0.151043 -24.473755
v -2.826172 -0.149921 -24.465088
v -2.622803 -0.143980 -24.449341
v -2.420593 -0.152718 -24.424194
v -2.222107 -0.161606 -24.387085
v -2.026367 -0.170668 -24.338623
v -1.832092 -0.179913 -24.280396
v -1.640991 -0.179726 -24.211548
v -1.455566 -0.179407 -24.131592
v -1.278564 -0.179487 -24.040039
v -1.109009 -0.179949 -23.936646
v -0.945251 -0.180775 -23.821655
v -0.789185 -0.182186 -23.695679
v -0.642761 -0.184208 -23.559082
v -0.508240 -0.186813 -23.412354
v -0.383850 -0.189806 -23.253906
v -0.268494 -0.193401 -23.083496
v -0.164612 -0.197367 -22.903809
v -0.075439 -0.201672 -22.717163
v -0.004211 -0.206245 -22.526978
v 0.049133 -0.207062 -22.331055
v 0.086426 -0.207264 -22.128052
v 0.107605 -0.207628 -21.921387
v 0.112366 -0.208155 -21.714600
v 0.100342 -0.217232 -21.511597
v 0.071960 -0.223230 -21.309204
v 0.027527 -0.219917 -21.104248
v -0.033997 -0.217716 -20.902344
v -0.112976 -0.223469 -20.708374
v -0.210938 -0.248323 -20.527832
v -0.333130 -0.275732 -20.364502
v -0.477173 -0.294827 -20.217041
v -0.633362 -0.297409 -20.081787
v -0.793213 -0.306280 -19.953735
v -0.949707 -0.327072 -19.827759
v -1.105408 -0.347818 -19.702759
v -1.265259 -0.348330 -19.581665
v -1.427979 -0.327961 -19.464478
v -1.592285 -0.308863 -19.350830
v -1.757324 -0.290724 -19.239990
v -1.923279 -0.270187 -19.130371
v -2.091187 -0.243908 -19.022461
v -2.261353 -0.219376 -18.917969
v -2.434021 -0.197351 -18.818848
v -2.608887 -0.165688 -18.727661
v -2.785278 -0.121086 -18.642578
v -2.964172 -0.075521 -18.561890
v -3.145935 -0.018456 -18.488281
v -3.330750 0.034420 -18.425171
v -3.517334 0.086260 -18.376343
v -3.707520 0.133448 -18.336548
v -3.903442 0.177794 -18.303223
v -4.102600 0.229689 -18.284424
v -4.301086 0.296253 -18.289185
v -4.494202 0.323828 -18.326782
v -4.679504 0.333248 -18.403931
v -4.856995 0.327883 -18.512939
v -5.025757 0.311800 -18.643066
v -5.184082 0.292265 -18.783936
v -5.331177 0.279400 -18.927124
v -5.468689 0.261656 -19.074951
v -5.597412 0.240574 -19.233765
v -5.716675 0.219635 -19.400635
v -5.825317 0.193468 -19.572876
v -5.923096 0.162836 -19.748047
v -6.011475 0.127850 -19.927368
v -6.091125 0.088066 -20.112427
v -6.159790 0.030228 -20.302612
v -6.214966 0.002275 -20.496460
v -6.254333 -0.033783 -20.692871
v -6.274963 -0.079199 -20.892578
v -6.278320 -0.133659 -21.095093
v -6.268799 -0.194424 -21.298218
v -6.250366 -0.223047 -21.499756
v -6.227356 -0.225613 -21.697510
v -6.207275 -0.227100 -21.889160
v -6.187134 -0.228672 -22.079346
v -6.154968 -0.235525 -22.274170
v -6.098938 -0.240366 -22.477417
v -6.007629 -0.233633 -22.692261
v -5.871643 -0.237797 -22.929810
v -5.699097 -0.236547 -23.186523
v -5.505798 -0.209290 -23.443848
v -5.307495 -0.202271 -23.681763
v -17.610413 0.051794 -18.363037
v -17.422791 0.094471 -18.505127
v -17.234741 0.131973 -18.604980
v -17.046875 0.165569 -18.672607
v -16.860046 0.197573 -18.718994
v -16.671570 0.251535 -18.755859
v -16.477173 0.302460 -18.781006
v -16.278625 0.347258 -18.787109
v -16.080200 0.407831 -18.777832
v -15.883484 0.470343 -18.757568
v -15.690247 0.519922 -18.729980
v -15.498047 0.561687 -18.695557
v -15.305420 0.600815 -18.651367
v -15.114380 0.637445 -18.597046
v -14.926575 0.683527 -18.531982
v -14.744141 0.724583 -18.455444
v -14.565918 0.760906 -18.367065
v -14.391052 0.792864 -18.267090
v -14.221130 0.820349 -18.156982
v -14.058167 0.839436 -18.037231
v -13.904358 0.853401 -17.909302
v -13.759216 0.864983 -17.772217
v -13.621277 0.869322 -17.625854
v -13.491516 0.866306 -17.470947
v -13.370972 0.856153 -17.309204
v -13.260437 0.839272 -17.142578
v -13.158447 0.815439 -16.968750
v -13.064392 0.813786 -16.786865
v -12.980347 0.808922 -16.599609
v -12.908508 0.797548 -16.409180
v -12.851440 0.772512 -16.219116
v -12.806946 0.742775 -16.028320
v -12.773315 0.708368 -15.834595
v -12.753967 0.670763 -15.638550
v -12.752502 0.642595 -15.442383
v -12.772766 0.609613 -15.248047
v -12.817444 0.571081 -15.055054
v -12.883972 0.527569 -14.863403
v -12.967529 0.487616 -14.675781
v -13.063782 0.465092 -14.494873
v -13.168823 0.439619 -14.322510
v -13.285034 0.410482 -14.158081
v -13.414734 0.394503 -14.000000
v -13.554626 0.395103 -13.849365
v -13.701416 0.393192 -13.706787
v -13.852173 0.386572 -13.573486
v -14.007751 0.375189 -13.447144
v -14.170532 0.338692 -13.327271
v -14.339661 0.297928 -13.216187
v -14.514343 0.254093 -13.115601
v -14.693481 0.216164 -13.028076
v -14.878052 0.179983 -12.951416
v -15.069336 0.140490 -12.883545
v -15.265747 0.095762 -12.828613
v -15.465271 0.052546 -12.790649
v -15.665588 0.017736 -12.774170
v -15.866821 -0.023752 -12.782837
v -16.068909 -0.071203 -12.813843
v -16.269165 -0.114332 -12.861572
v -16.465637 -0.123747 -12.920044
v -16.656555 -0.134863 -12.984497
v -16.846375 -0.148502 -13.053345
v -17.037598 -0.164825 -13.130615
v -17.225525 -0.183878 -13.218872
v -17.405212 -0.194162 -13.321167
v -17.571350 -0.189329 -13.439819
v -17.720764 -0.192591 -13.578003
v -17.855408 -0.192410 -13.732666
v -17.978149 -0.191143 -13.897705
v -18.092041 -0.192308 -14.067383
v -18.200378 -0.194630 -14.237183
v -18.306030 -0.197712 -14.408569
v -18.407593 -0.202440 -14.585693
v -18.501709 -0.205471 -14.768188
v -18.585083 -0.203169 -14.955200
v -18.654480 -0.206245 -15.145752
v -18.711548 -0.213396 -15.341187
v -18.758728 -0.223991 -15.542236
v -18.792786 -0.238764 -15.747070
v -18.810181 -0.246075 -15.952271
v -18.807373 -0.247974 -16.154297
v -18.786987 -0.241161 -16.347168
v -18.751282 -0.233818 -16.533569
v -18.696106 -0.230278 -16.721191
v -18.617798 -0.230768 -16.916260
v -18.512878 -0.211582 -17.126343
v -18.372253 -0.154301 -17.369019
v -18.198425 -0.090593 -17.640015
v -18.004944 -0.024420 -17.913208
v -17.804626 0.024864 -18.162964
v -20.874268 0.100954 54.336792
v -20.951599 0.130985 54.134766
v -20.986694 0.147682 53.934204
v -20.992249 0.153719 53.737061
v -20.981140 0.181143 53.543823
v -20.965515 0.224663 53.351685
v -20.943665 0.268541 53.155640
v -20.907898 0.311892 52.956421
v -20.860352 0.328238 52.757812
v -20.803162 0.346516 52.562622
v -20.738464 0.373152 52.372925
v -20.667358 0.399635 52.185669
v -20.588074 0.414392 51.998413
v -20.498657 0.437376 51.815063
v -20.397095 0.440821 51.639648
v -20.281860 0.432663 51.477051
v -20.152466 0.424139 51.325195
v -20.009827 0.421532 51.181152
v -19.855286 0.425875 51.048584
v -19.690491 0.429838 50.932495
v -19.517151 0.430119 50.837524
v -19.333191 0.428379 50.764893
v -19.138489 0.436049 50.711914
v -18.937805 0.441793 50.677124
v -18.735352 0.445662 50.659668
v -18.535278 0.447638 50.658447
v -18.335938 0.449867 50.676392
v -18.135437 0.451458 50.713867
v -17.936768 0.451218 50.766113
v -17.742065 0.449554 50.829102
v -17.553040 0.447020 50.897949
v -17.367371 0.443647 50.972900
v -17.183350 0.445024 51.056885
v -17.003052 0.445978 51.150513
v -16.828674 0.445293 51.254395
v -16.662354 0.442757 51.369141
v -16.502930 0.438229 51.495239
v -16.348938 0.430510 51.632080
v -16.202637 0.425236 51.778687
v -16.066711 0.430557 51.934448
v -15.944214 0.427649 52.097046
v -15.835144 0.419722 52.268555
v -15.737976 0.407015 52.449707
v -15.652832 0.390238 52.636841
v -15.579712 0.369778 52.827881
v -15.518555 0.367571 53.019775
v -15.468811 0.369608 53.213867
v -15.430359 0.368690 53.412476
v -15.404236 0.364691 53.613403
v -15.391174 0.347435 53.815308
v -15.392395 0.322153 54.015259
v -15.406860 0.324459 54.216797
v -15.433960 0.322515 54.421509
v -15.475220 0.315672 54.624878
v -15.532532 0.299089 54.821899
v -15.607300 0.272549 55.006958
v -15.700806 0.246872 55.182007
v -15.812012 0.221521 55.350098
v -15.938660 0.192593 55.507446
v -16.078857 0.161398 55.649658
v -16.230469 0.123852 55.771973
v -16.396179 0.089188 55.872314
v -16.575806 0.054771 55.952881
v -16.764282 0.026327 56.016113
v -16.957153 -0.005827 56.064697
v -17.151001 -0.040508 56.101074
v -17.348572 -0.076910 56.123657
v -17.552002 -0.075445 56.130737
v -17.757324 -0.075968 56.125122
v -17.961487 -0.078459 56.109619
v -18.161804 -0.082346 56.086914
v -18.360413 -0.087509 56.057861
v -18.559937 -0.089024 56.020874
v -18.758118 -0.082521 55.973755
v -18.952393 -0.074490 55.915527
v -19.139893 -0.070868 55.843994
v -19.317017 -0.071350 55.761841
v -19.485535 -0.075563 55.669678
v -19.649963 -0.075356 55.564819
v -19.814392 -0.072950 55.444092
v -19.982727 -0.074654 55.305054
v -20.168701 -0.079266 55.141235
v -20.370300 -0.044968 54.953491
v -20.568420 0.003704 54.750977
v -20.743103 0.054548 54.542725
v -98.219299 1.322233 102.628052
v -99.869385 1.324169 101.418945
v -101.226501 1.341087 100.299438
v -102.583679 1.347807 99.179932
v -103.940735 1.315102 98.060303
v -105.297791 1.335373 96.940796
v -106.654907 1.326584 95.821289
v -108.156067 1.184570 94.427002
v -107.035217 1.184097 92.944092
v -106.010193 1.217539 91.756470
v -104.985107 1.232889 90.568726
v -103.960022 1.193148 89.380981
v -102.934937 1.125103 88.193237
v -101.909912 1.151680 87.005615
v -100.618164 1.030890 85.680908
v -98.989319 1.044325 86.847778
v -97.647339 1.016823 87.927979
v -96.305420 1.043264 89.008179
v -94.963501 1.025507 90.088257
v -93.621582 1.007336 91.168457
v -92.279602 1.071129 92.248657
v -90.790588 1.100271 93.599731
v -91.889526 1.194170 95.121704
v -92.899414 1.233963 96.348755
v -93.909302 1.244633 97.575806
v -94.919250 1.261311 98.802856
v -95.929138 1.263725 100.029907
v -96.939026 1.302822 101.256958
v -108.367371 -0.318180 123.219727
v -109.893250 -0.338182 121.721436
v -111.137695 -0.347469 120.353882
v -112.382080 -0.294874 118.986206
v -113.626526 -0.278725 117.618652
v -114.870911 -0.280220 116.250977
v -116.115356 -0.292875 114.883423
v -117.463318 -0.659073 113.268066
v -116.637939 -0.559465 111.984741
v -115.888916 -0.555157 110.958862
v -115.139893 -0.509932 109.932861
v -114.390869 -0.448225 108.906982
v -113.641846 -0.433327 107.880981
v -112.892822 -0.366402 106.855103
v -111.861206 -0.324484 105.666992
v -110.011902 -0.184265 107.168091
v -108.472046 -0.180492 108.567261
v -106.932190 -0.166746 109.966431
v -105.392273 -0.167282 111.365723
v -103.852417 -0.203035 112.764893
v -102.312561 -0.224659 114.164062
v -100.641724 -0.251932 115.854614
v -101.810364 -0.272934 117.143311
v -102.854797 -0.286249 118.137695
v -103.899292 -0.300255 119.132080
v -104.943787 -0.274286 120.126465
v -105.988281 -0.255299 121.120850
v -107.032715 -0.259680 122.115234
v -88.716187 0.717476 120.548340
v -90.245056 0.731495 118.716919
v -91.526917 0.706219 117.036621
v -92.808838 0.711496 115.356323
v -94.090698 0.739628 113.675903
v -95.372559 0.746336 111.995605
v -96.654419 0.773623 110.315308
v -98.012573 0.811069 108.325073
v -96.616455 0.796141 107.256470
v -95.395203 0.769718 106.455078
v -94.173889 0.764830 105.653564
v -92.952576 0.722244 104.852173
v -91.731262 0.702120 104.050659
v -90.510010 0.744339 103.249268
v -88.996094 1.023216 102.388916
v -87.499268 1.073917 104.284424
v -86.254333 1.055712 106.019897
v -85.009399 1.135899 107.755249
v -83.764465 1.183172 109.490601
v -82.519531 1.154585 111.225952
v -81.274597 1.055580 112.961426
v -79.962097 0.751232 115.006714
v -81.325806 0.654478 116.014648
v -82.510132 0.672895 116.761108
v -83.694519 0.671415 117.507446
v -84.878845 0.690474 118.253906
v -86.063232 0.723686 119.000244
v -87.247559 0.724991 119.746704
v 59.911194 0.334417 -91.436157
v 59.997742 0.340189 -91.637817
v 60.111389 0.341305 -91.813354
v 60.238464 0.339375 -91.970581
v 60.367615 0.341675 -92.119385
v 60.488342 0.344170 -92.271240
v 60.600037 0.351614 -92.436035
v 60.711426 0.361835 -92.609863
v 60.828064 0.371536 -92.782715
v 60.956299 0.382355 -92.943604
v 61.101257 0.390228 -93.080933
v 61.263062 0.393766 -93.192017
v 61.436951 0.397587 -93.283691
v 61.620239 0.402815 -93.356201
v 61.808960 0.405468 -93.408936
v 62.000427 0.405666 -93.441528
v 62.197205 0.402842 -93.450806
v 62.399841 0.396801 -93.437378
v 62.603882 0.395533 -93.406128
v 62.804871 0.395781 -93.361450
v 62.999268 0.394867 -93.308594
v 63.192078 0.392876 -93.246948
v 63.386719 0.389521 -93.173462
v 63.576904 0.384684 -93.087891
v 63.756775 0.381706 -92.989624
v 63.919067 0.376394 -92.878906
v 64.067749 0.368942 -92.755859
v 64.207642 0.359489 -92.619385
v 64.332214 0.347734 -92.469971
v 64.434082 0.333921 -92.307617
v 64.504639 0.322594 -92.132935
v 64.538269 0.308250 -91.943604
v 64.540039 0.291321 -91.742065
v 64.517212 0.272833 -91.536133
v 64.476074 0.253349 -91.333130
v 64.422485 0.236542 -91.139282
v 64.352295 0.224121 -90.953613
v 64.262146 0.210850 -90.772339
v 64.158508 0.197107 -90.596924
v 64.046997 0.182848 -90.426758
v 63.933228 0.168747 -90.262329
v 63.818176 0.155155 -90.097900
v 63.697266 0.150208 -89.932007
v 63.567261 0.142675 -89.770996
v 63.425476 0.142111 -89.621216
v 63.269165 0.141392 -89.490112
v 63.096375 0.141558 -89.379761
v 62.909668 0.143623 -89.286377
v 62.714905 0.145512 -89.208496
v 62.517822 0.147202 -89.145386
v 62.323730 0.152271 -89.096313
v 62.131409 0.160353 -89.060303
v 61.936584 0.168190 -89.037842
v 61.740784 0.175688 -89.030396
v 61.545227 0.182796 -89.038330
v 61.351196 0.189571 -89.062866
v 61.153625 0.201649 -89.105103
v 60.951660 0.213469 -89.164551
v 60.753296 0.224709 -89.239502
v 60.566650 0.234871 -89.328613
v 60.400879 0.243404 -89.430054
v 60.252930 0.250612 -89.539185
v 60.115295 0.263853 -89.658569
v 59.993225 0.275167 -89.796265
v 59.894348 0.283213 -89.957886
v 59.826721 0.289448 -90.148438
v 59.793518 0.302317 -90.379761
v 59.789429 0.312778 -90.646240
v 59.809875 0.319960 -90.925781
v 59.851257 0.324284 -91.196411
v 40.296814 0.131639 -79.512085
v 40.297913 0.138401 -79.768555
v 40.328247 0.145309 -80.009033
v 40.382751 0.156593 -80.231812
v 40.456299 0.171938 -80.436768
v 40.544128 0.186466 -80.624512
v 40.649841 0.200264 -80.794800
v 40.776184 0.214066 -80.946289
v 40.917603 0.227390 -81.079590
v 41.069519 0.239855 -81.196655
v 41.228333 0.252060 -81.300293
v 41.397766 0.263552 -81.391602
v 41.580200 0.278868 -81.469238
v 41.770691 0.293636 -81.531860
v 41.965027 0.307407 -81.578491
v 42.158936 0.319818 -81.608398
v 42.353821 0.330084 -81.619873
v 42.551758 0.340199 -81.613770
v 42.750183 0.353191 -81.592163
v 42.946899 0.365154 -81.557983
v 43.139648 0.376116 -81.513794
v 43.335388 0.386631 -81.460571
v 43.536682 0.396591 -81.396484
v 43.734619 0.407257 -81.319336
v 43.919739 0.416971 -81.226807
v 44.082031 0.421450 -81.116821
v 44.217773 0.421749 -80.986572
v 44.331787 0.418598 -80.839233
v 44.426575 0.412680 -80.680054
v 44.504883 0.404718 -80.514404
v 44.569397 0.395355 -80.346802
v 44.621338 0.384979 -80.174194
v 44.659241 0.375187 -79.993530
v 44.681641 0.364370 -79.807495
v 44.687500 0.352011 -79.618286
v 44.675049 0.338152 -79.428467
v 44.643005 0.322470 -79.235229
v 44.592285 0.306364 -79.037476
v 44.525696 0.296148 -78.840332
v 44.445496 0.285549 -78.648315
v 44.354309 0.274479 -78.467041
v 44.252075 0.264750 -78.291626
v 44.136658 0.257799 -78.117920
v 44.007751 0.250235 -77.952515
v 43.864929 0.245808 -77.802979
v 43.707947 0.242126 -77.677246
v 43.534485 0.238150 -77.579834
v 43.346558 0.233444 -77.507080
v 43.150818 0.227831 -77.453857
v 42.952637 0.221762 -77.414429
v 42.757080 0.215727 -77.384399
v 42.561890 0.209545 -77.359131
v 42.361816 0.203545 -77.341919
v 42.157654 0.197149 -77.338745
v 41.950317 0.190134 -77.355469
v 41.743774 0.183701 -77.398926
v 41.529785 0.176298 -77.460938
v 41.303894 0.169075 -77.538818
v 41.078674 0.162079 -77.643799
v 40.870300 0.153614 -77.787354
v 40.696960 0.144878 -77.979614
v 40.562866 0.138039 -78.237549
v 40.457458 0.130369 -78.550903
v 40.378418 0.122490 -78.888428
v 40.324890 0.124472 -79.218872
v 43.057495 0.050514 -90.848999
v 43.081848 0.042280 -91.062256
v 43.132202 0.036734 -91.262817
v 43.203186 0.041891 -91.451050
v 43.289734 0.044907 -91.628540
v 43.387207 0.045345 -91.798340
v 43.498047 0.044725 -91.964478
v 43.625305 0.043068 -92.125732
v 43.766418 0.048201 -92.277344
v 43.918701 0.053343 -92.414429
v 44.079773 0.058846 -92.532471
v 44.251526 0.062943 -92.630371
v 44.434875 0.064640 -92.710938
v 44.625732 0.063162 -92.774902
v 44.820496 0.064539 -92.822998
v 45.015625 0.069490 -92.856323
v 45.213989 0.073704 -92.874390
v 45.418152 0.074287 -92.876953
v 45.623657 0.072786 -92.864502
v 45.826477 0.070860 -92.836792
v 46.022583 0.076448 -92.794312
v 46.213196 0.081888 -92.736328
v 46.401184 0.086773 -92.662720
v 46.583862 0.091038 -92.574707
v 46.758850 0.094629 -92.473389
v 46.923218 0.097219 -92.360107
v 47.080078 0.108574 -92.232788
v 47.230835 0.122152 -92.090332
v 47.371338 0.135283 -91.936279
v 47.497437 0.147606 -91.773682
v 47.604309 0.157209 -91.606445
v 47.694824 0.165245 -91.432861
v 47.772278 0.172026 -91.249756
v 47.831970 0.184441 -91.060059
v 47.868225 0.196444 -90.866089
v 47.875366 0.205732 -90.671509
v 47.850281 0.212109 -90.474121
v 47.796997 0.214079 -90.273071
v 47.720093 0.211866 -90.074707
v 47.623657 0.216492 -89.885498
v 47.511169 0.218004 -89.711670
v 47.375732 0.215347 -89.552124
v 47.216064 0.208469 -89.403809
v 47.043335 0.198961 -89.269165
v 46.867737 0.193041 -89.149414
v 46.698486 0.191275 -89.046753
v 46.537781 0.189789 -88.963013
v 46.378967 0.188431 -88.896851
v 46.218750 0.185257 -88.845337
v 46.053162 0.180462 -88.804688
v 45.877563 0.172688 -88.771240
v 45.684937 0.169930 -88.743774
v 45.478027 0.167734 -88.724731
v 45.266235 0.164341 -88.715698
v 45.058838 0.159796 -88.717896
v 44.864868 0.152977 -88.733276
v 44.687195 0.146317 -88.761108
v 44.519653 0.142721 -88.800781
v 44.359009 0.137833 -88.852905
v 44.202393 0.131575 -88.918213
v 44.048035 0.123926 -88.997070
v 43.888672 0.117655 -89.084717
v 43.723328 0.110699 -89.182129
v 43.560974 0.104433 -89.297729
v 43.413086 0.099197 -89.439209
v 43.292664 0.090467 -89.613037
v 43.201721 0.077444 -89.828857
v 43.132812 0.060863 -90.080444
v 43.085327 0.058266 -90.347534
v 43.059875 0.056671 -90.610229
v 48.993774 -0.110319 -99.020264
v 49.035522 -0.100554 -99.232056
v 49.111572 -0.088821 -99.422241
v 49.210571 -0.078451 -99.594849
v 49.322021 -0.067530 -99.755737
v 49.436951 -0.056410 -99.912109
v 49.557861 -0.044115 -100.070190
v 49.691589 -0.029518 -100.226562
v 49.836731 -0.015800 -100.375732
v 49.992615 0.000898 -100.511719
v 50.157898 0.019428 -100.629272
v 50.334534 0.037598 -100.727905
v 50.522583 0.058304 -100.811523
v 50.718323 0.075460 -100.878906
v 50.917664 0.088974 -100.929199
v 51.116516 0.099932 -100.960938
v 51.317932 0.108475 -100.974487
v 51.524536 0.125845 -100.970947
v 51.731567 0.141460 -100.949707
v 51.934326 0.152071 -100.909790
v 52.127319 0.160122 -100.851196
v 52.313416 0.165573 -100.771606
v 52.495789 0.169344 -100.671753
v 52.669250 0.184551 -100.554565
v 52.828857 0.196177 -100.422852
v 52.969238 0.203617 -100.279175
v 53.092712 0.206882 -100.119995
v 53.202820 0.208691 -99.943604
v 53.295105 0.207432 -99.756104
v 53.364990 0.202223 -99.562866
v 53.407043 0.192705 -99.369873
v 53.416138 0.178045 -99.176270
v 53.395752 0.153748 -98.980347
v 53.353210 0.133263 -98.786499
v 53.295837 0.110596 -98.596802
v 53.230042 0.086847 -98.413452
v 53.153748 0.061897 -98.232788
v 53.062500 0.035696 -98.053467
v 52.959351 0.007721 -97.878906
v 52.846741 -0.009716 -97.711548
v 52.727600 -0.025803 -97.554932
v 52.602844 -0.038233 -97.405273
v 52.469849 -0.051083 -97.259644
v 52.326477 -0.059288 -97.122925
v 52.171082 -0.067806 -97.000366
v 52.002808 -0.074629 -96.898193
v 51.819336 -0.083828 -96.815918
v 51.622009 -0.094505 -96.750244
v 51.415771 -0.103674 -96.702515
v 51.206299 -0.102282 -96.675049
v 50.999207 -0.101320 -96.670288
v 50.790894 -0.103790 -96.689575
v 50.578003 -0.109394 -96.731079
v 50.366882 -0.115364 -96.793091
v 50.164429 -0.114883 -96.873901
v 49.977600 -0.111727 -96.971313
v 49.803528 -0.110222 -97.083862
v 49.636597 -0.110142 -97.213257
v 49.481689 -0.111931 -97.362549
v 49.344421 -0.115986 -97.533813
v 49.231018 -0.122765 -97.729004
v 49.139709 -0.125643 -97.960693
v 49.066650 -0.117849 -98.226318
v 49.015259 -0.112747 -98.505127
v 48.989441 -0.110733 -98.776367
v 59.707336 0.089571 -105.554077
v 59.736389 0.071537 -105.790527
v 59.794800 0.053402 -105.992432
v 59.874939 0.039030 -106.169067
v 59.968628 0.026236 -106.331299
v 60.069519 0.012760 -106.492432
v 60.180664 -0.001825 -106.658081
v 60.306885 -0.008780 -106.820923
v 60.445251 -0.008497 -106.975220
v 60.593994 -0.009476 -107.117188
v 60.750610 -0.011801 -107.242798
v 60.916870 -0.009495 -107.350342
v 61.093262 -0.005510 -107.442261
v 61.276733 -0.002947 -107.519897
v 61.464417 0.001570 -107.585083
v 61.653870 0.007195 -107.639771
v 61.847656 0.011618 -107.685181
v 62.047729 0.015179 -107.720215
v 62.251404 0.017714 -107.743164
v 62.455933 0.019058 -107.752197
v 62.658691 0.025867 -107.745239
v 62.860046 0.029985 -107.719604
v 63.060913 0.032942 -107.677124
v 63.259338 0.034937 -107.621460
v 63.453552 0.036177 -107.556519
v 63.642151 0.038698 -107.485962
v 63.828369 0.043961 -107.411499
v 64.014404 0.048742 -107.330200
v 64.196716 0.052067 -107.239258
v 64.371643 0.052731 -107.135132
v 64.534668 0.052423 -107.015137
v 64.684326 0.051090 -106.876953
v 64.822205 0.051817 -106.723511
v 64.949219 0.057789 -106.559570
v 65.065918 0.063280 -106.389404
v 65.173340 0.067888 -106.218018
v 65.275879 0.071323 -106.043701
v 65.373962 0.074322 -105.862183
v 65.461243 0.076477 -105.674316
v 65.531555 0.085188 -105.480469
v 65.577637 0.095108 -105.282104
v 65.596863 0.103437 -105.078247
v 65.593445 0.110422 -104.869873
v 65.571045 0.115345 -104.660767
v 65.533447 0.120775 -104.454956
v 65.483826 0.132801 -104.257080
v 65.423889 0.143982 -104.059937
v 65.350708 0.154402 -103.859497
v 65.261658 0.168375 -103.664795
v 65.153503 0.180019 -103.484741
v 65.022217 0.188341 -103.329102
v 64.862061 0.192226 -103.209595
v 64.680054 0.200321 -103.123291
v 64.488953 0.193197 -103.055786
v 64.298828 0.185404 -102.993530
v 64.117920 0.179546 -102.923218
v 63.942627 0.186235 -102.838135
v 63.764343 0.197195 -102.745850
v 63.582458 0.207941 -102.654053
v 63.395752 0.214458 -102.570557
v 63.204285 0.220915 -102.504395
v 63.008850 0.225756 -102.454956
v 62.810120 0.228056 -102.417114
v 62.608765 0.227537 -102.392090
v 62.407104 0.229292 -102.381470
v 62.206726 0.237844 -102.387085
v 62.007385 0.242201 -102.411499
v 61.808594 0.243233 -102.453125
v 61.612244 0.241451 -102.508545
v 61.420166 0.237562 -102.573975
v 61.233765 0.244698 -102.645508
v 61.046143 0.257664 -102.721924
v 60.854614 0.269690 -102.806274
v 60.667908 0.277666 -102.901611
v 60.495056 0.281223 -103.010864
v 60.346741 0.278469 -103.136719
v 60.230286 0.270432 -103.271118
v 60.139587 0.260166 -103.411377
v 60.067200 0.251173 -103.567993
v 60.005188 0.237803 -103.749023
v 59.944763 0.219706 -103.966064
v 59.878235 0.194918 -104.243286
v 59.810730 0.164560 -104.574097
v 59.752686 0.135855 -104.924927
v 59.714600 0.111626 -105.262573
v 108.705872 0.577255 -104.626831
v 108.710876 0.572414 -104.826050
v 108.731323 0.564743 -105.027710
v 108.766785 0.555740 -105.229370
v 108.817200 0.545475 -105.429077
v 108.882202 0.534033 -105.624756
v 108.963257 0.524105 -105.819824
v 109.060669 0.512396 -106.015747
v 109.171936 0.499947 -106.206909
v 109.294983 0.486631 -106.388184
v 109.427307 0.472120 -106.553833
v 109.569580 0.456770 -106.706909
v 109.723816 0.442307 -106.851807
v 109.889221 0.427258 -106.983276
v 110.064697 0.410614 -107.095215
v 110.249207 0.396547 -107.181885
v 110.445190 0.383482 -107.239746
v 110.651733 0.369869 -107.272461
v 110.862549 0.356838 -107.283936
v 111.071777 0.344112 -107.277710
v 111.274536 0.333042 -107.257690
v 111.472046 0.327080 -107.220459
v 111.667236 0.321218 -107.164185
v 111.858093 0.315506 -107.093628
v 112.044067 0.309956 -107.013062
v 112.224548 0.305105 -106.926636
v 112.403625 0.302338 -106.833740
v 112.582275 0.303272 -106.731201
v 112.755859 0.305021 -106.619385
v 112.919739 0.306717 -106.499023
v 113.068970 0.308310 -106.370728
v 113.203979 0.309805 -106.235474
v 113.328125 0.311232 -106.092773
v 113.440002 0.312582 -105.940918
v 113.537720 0.316372 -105.779785
v 113.619080 0.320015 -105.609253
v 113.687744 0.324600 -105.426758
v 113.745056 0.330536 -105.231812
v 113.785583 0.337008 -105.028320
v 113.803101 0.343122 -104.820557
v 113.791199 0.348593 -104.613892
v 113.745605 0.354734 -104.406982
v 113.671143 0.363060 -104.198120
v 113.574463 0.373922 -103.992188
v 113.461670 0.384260 -103.794067
v 113.338745 0.395884 -103.608032
v 113.201538 0.409342 -103.429810
v 113.046082 0.427784 -103.256714
v 112.878418 0.446089 -103.094238
v 112.703796 0.462835 -102.947632
v 112.527344 0.477093 -102.822510
v 112.348999 0.489271 -102.721191
v 112.165894 0.503374 -102.640381
v 111.979004 0.515465 -102.577637
v 111.788879 0.525097 -102.529663
v 111.595581 0.533878 -102.493530
v 111.395264 0.541952 -102.468872
v 111.187744 0.550098 -102.458008
v 110.977844 0.559717 -102.460571
v 110.769897 0.567148 -102.477539
v 110.568542 0.573280 -102.509155
v 110.372498 0.578154 -102.555420
v 110.178223 0.581949 -102.615845
v 109.988464 0.587925 -102.691162
v 109.805969 0.593674 -102.781372
v 109.633789 0.597656 -102.887085
v 109.468140 0.599966 -103.010132
v 109.306641 0.600809 -103.150146
v 109.155823 0.599945 -103.304443
v 109.022217 0.598845 -103.469971
v 108.913147 0.600203 -103.644043
v 108.831665 0.598948 -103.828369
v 108.773499 0.595304 -104.023926
v 108.735535 0.589779 -104.224976
v 108.714111 0.582853 -104.427246

vt 1.000000 0.000000
vt 1.000000 0.000000
vt 1.000000 0.000000
vt 1.000000 0.000000
vt 1.000000 0.000000
vt 1.000000 0.000000
vt 1.000000 0.000000
vt 1.000000 0.000000
vt 1.000000 0.000000
vt 1.000000 0.000000
vt 1.000000 0.000000
vt 1.000000 0.000000
vt 1.000000 0.000000
vt 1.000000 0.000000
vt 1.000000 0.000000
vt 1.000000 0.000000
vt 1.000000 0.000000
vt 1.000000 0.000000
vt 1.000000 0.000000
vt 1.000000 0.000000
vt 1.000000 0.000000
vt 1.000000 0.000000
vt 1.000000 0.000000
vt 1.000000 0.000000
vt 1.000000 0.000000
vt 1.000000 0.000000
vt 1.000000 0.000000
vt 1.000000 0.000000
vt 1.000000 0.000000
vt 1.000000 0.000000
vt 1.000000 0.000000
vt 1.000000 0.000000
vt 1.000000 0.000000
vt 1.000000 0.000000
vt 1.000000 0.000000
vt 1.000000 0.000000
vt 1.000000 0.000000
vt 1.000000 0.000000
vt 1.000000 0.000000
vt 1.000000 0.000000
vt 1.000000 0.000000
vt 1.000000 0.000000
vt 1.000000 0.000000
vt 1.000000 0.000000
vt 1.000000 0.000000
vt 1.000000 0.000000
vt 1.000000 0.000000
vt 1.000000 0.000000
vt 1.000000 0.000000
vt 1.000000 0.000000
vt 1.000000 0.000000
vt 1.000000 0.000000
vt 1.000000 0.000000
vt 1.000000 0.000000
vt 1.000000 0.000000
vt 1.000000 0.000000
vt 1.000000 0.000000
vt 1.000000 0.000000
vt 1.000000 0.000000
vt 1.000000 0.000000
vt 1.000000 0.000000
vt 1.000000 0.000000
vt 1.000000 0.000000
vt 1.000000 0.000000
vt 1.000000 0.000000
vt 1.000000 0.000000
vt 1.000000 0.000000
vt 1.000000 0.000000
vt 1.000000 0.000000
vt 1.000000 0.000000
vt 1.000000 0.000000
vt 1.000000 0.000000
vt 1.000000 0.000000
vt 1.000000 0.000000
vt 1.000000 0.000000
vt 1.000000 0.000000
vt 1.000000 0.000000
vt 1.000000 0.000000
vt 1.000000 0.000000
vt 1.000000 0.000000
vt 1.000000 0.000000
vt 1.000000 0.000000
vt 1.000000 0.000000
vt 1.000000 0.000000
vt 1.000000 0.000000
vt 1.000000 0.000000
vt 1.000000 0.000000
vt 1.000000 0.000000
vt 1.000000 0.000000
vt 1.000000 0.000000
vt 1.000000 0.000000
vt 1.000000 0.000000
vt 1.000000 0.000000
vt 1.000000 0.000000
vt 1.000000 0.000000
vt 1.000000 0.000000
vt 1.000000 0.000000
vt 1.000000 0.000000
vt 1.000000 0.000000
vt 1.000000 0.000000
vt 1.000000 0.000000
vt 1.000000 0.000000
vt 1.000000 0.000000
vt 1.000000 0.000000
vt 1.000000 0.000000
vt 1.000000 0.000000
vt 1.000000 0.000000
vt 1.000000 0.000000
vt 1.000000 0.000000
vt 1.000000 0.000000
vt 1.000000 0.000000
vt 1.000000 0.000000
vt 1.000000 0.000000
vt 1.000000 0.000000
vt 1.000000 0.000000
vt 1.000000 0.000000
vt 1.000000 0.000000
vt 1.000000 0.000000
vt 1.000000 0.000000
vt 1.000000 0.000000
vt 1.000000 0.000000
vt 1.000000 0.000000
vt 1.000000 0.000000
vt 1.000000 0.000000
vt 1.000000 0.000000
vt 1.000000 0.000000
vt 1.000000 0.000000
vt 1.000000 0.000000
vt 1.000000 0.000000
vt 1.000000 0.000000
vt 1.000000 0.000000
vt 1.000000 0.000000
vt 1.000000 0.000000
vt 1.000000 0.000000
vt 1.000000 0.000000
vt 1.000000 0.000000
vt 1.000000 0.000000
vt 1.000000 0.000000
vt 1.000000 0.000000
vt 1.000000 0.000000
vt 1.000000 0.000000
vt 1.000000 0.000000
vt 1.000000 0.000000
vt 1.000000 0.000000
vt 1.000000 0.000000
vt 1.000000 0.000000
vt 1.000000 0.000000
vt 1.000000 0.000000
vt 1.000000 0.000000
vt 1.000000 0.000000
vt 1.000000 0.000000
vt 1.000000 0.000000
vt 1.000000 0.000000
vt 1.000000 0.000000
vt 1.000000 0.000000
vt 1.000000 0.000000
vt 1.000000 0.000000
vt 1.000000 0.000000
vt 1.000000 0.000000
vt 1.000000 0.000000
vt 1.000000 0.000000
vt 1.000000 0.000000
vt 1.000000 0.000000
vt 1.000000 0.000000
vt 1.000000 0.000000
vt 1.000000 0.000000
vt 1.000000 0.000000
vt 1.000000 0.000000
vt 1.000000 0.000000
vt 1.000000 0.000000
vt 1.000000 0.000000
vt 1.000000 0.000000
vt 1.000000 0.000000
vt 1.000000 0.000000
vt 1.000000 0.000000
vt 1.000000 0.000000
vt 1.000000 0.000000
vt 1.000000 0.000000
vt 1.000000 0.000000
vt 1.000000 0.000000
vt 1.000000 0.000000
vt 1.000000 0.000000
vt 1.000000 0.000000
vt 1.000000 0.000000
vt 1.000000 0.000000
vt 1.000000 0.000000
vt 1.000000 0.000000
vt 1.000000 0.000000
vt 1.000000 0.000000
vt 1.000000 0.000000
vt 1.000000 0.000000
vt 1.000000 0.000000
vt 1.000000 0.000000
vt 1.000000 0.000000
vt 1.000000 0.000000
vt 1.000000 0.000000
vt 1.000000 0.000000
vt 1.000000 0.000000
vt 1.000000 0.000000
vt 1.000000 0.000000
vt 1.000000 0.000000
vt 1.000000 0.000000
vt 1.000000 0.000000
vt 1.000000 0.000000
vt 1.000000 0.000000
vt 1.000000 0.000000
vt 1.000000 0.000000
vt 1.000000 0.000000
vt 1.000000 0.000000
vt 1.000000 0.000000
vt 1.000000 0.000000
vt 1.000000 0.000000
vt 1.000000 0.000000
vt 1.000000 0.000000
vt 1.000000 0.000000
vt 1.000000 0.000000
vt 1.000000 0.000000
vt 1.000000 0.000000
vt 1.000000 0.000000
vt 1.000000 0.000000
vt 1.000000 0.000000
vt 1.000000 0.000000
vt 1.000000 0.000000
vt 1.000000 0.000000
vt 1.000000 0.000000
vt 1.000000 0.000000
vt 1.000000 0.000000
vt 1.000000 0.000000
vt 1.000000 0.000000
vt 1.000000 0.000000
vt 1.000000 0.000000
vt 1.000000 0.000000
vt 1.000000 0.000000
vt 1.000000 0.000000
vt 1.000000 0.000000
vt 1.000000 0.000000
vt 1.000000 0.000000
vt 1.000000 0.000000
vt 1.000000 0.000000
vt 1.000000 0.000000
vt 1.000000 0.000000
vt 1.000000 0.000000
vt 1.000000 0.000000
vt 1.000000 0.000000
vt 1.000000 0.000000
vt 1.000000 0.000000
vt 1.000000 0.000000
vt 1.000000 0.000000
vt 1.000000 0.000000
vt 1.000000 0.000000
vt 1.000000 0.000000
vt 1.000000 0.000000
vt 1.000000 0.000000
vt 1.000000 0.000000
vt 1.000000 0.000000
vt 1.000000 0.000000
vt 1.000000 0.000000
vt 1.000000 0.000000
vt 1.000000 0.000000
vt 1.000000 0.000000
vt 1.000000 0.000000
vt 1.000000 0.000000
vt 1.000000 0.000000
vt 1.000000 0.000000
vt 1.000000 0.000000
vt 1.000000 0.000000
vt 1.000000 0.000000
vt 1.000000 0.000000
vt 1.000000 0.000000
vt 1.000000 0.000000
vt 1.000000 0.000000
vt 1.000000 0.000000
vt 1.000000 0.000000
vt 1.000000 0.000000
vt 1.000000 0.000000
vt 1.000000 0.000000
vt 1.000000 0.000000
vt 1.000000 0.000000
vt 1.000000 0.000000
vt 1.000000 0.000000
vt 1.000000 0.000000
vt 1.000000 0.000000
vt 1.000000 0.000000
vt 1.000000 0.000000
vt 1.000000 0.000000
vt 1.000000 0.000000
vt 1.000000 0.000000
vt 1.000000 0.000000
vt 1.000000 0.000000
vt 1.000000 0.000000
vt 1.000000 0.000000
vt 1.000000 0.000000
vt 1.000000 0.000000
vt 1.000000 0.000000
vt 1.000000 0.000000
vt 1.000000 0.000000
vt 1.000000 0.000000
vt 1.000000 0.000000
vt 1.000000 0.000000
vt 1.000000 0.000000
vt 1.000000 0.000000
vt 1.000000 0.000000
vt 1.000000 0.000000
vt 1.000000 0.000000
vt 1.000000 0.000000
vt 1.000000 0.000000
vt 1.000000 0.000000
vt 1.000000 0.000000
vt 1.000000 0.000000
vt 1.000000 0.000000
vt 1.000000 0.000000
vt 1.000000 0.000000
vt 1.000000 0.000000
vt 1.000000 0.000000
vt 1.000000 0.000000
vt 1.000000 0.000000
vt 1.000000 0.000000
vt 1.000000 0.000000
vt 1.000000 0.000000
vt 1.000000 0.000000
vt 1.000000 0.000000
vt 1.000000 0.000000
vt 1.000000 0.000000
vt 1.000000 0.000000
vt 1.000000 0.000000
vt 1.000000 0.000000
vt 1.000000 0.000000
vt 1.000000 0.000000
vt 1.000000 0.000000
vt 1.000000 0.000000
vt 1.000000 0.000000
vt 1.000000 0.000000
vt 1.000000 0.000000
vt 1.000000 0.000000
vt 1.000000 0.000000
vt 1.000000 0.000000
vt 1.000000 0.000000
vt 1.000000 0.000000
vt 1.000000 0.000000
vt 1.000000 0.000000
vt 1.000000 0.000000
vt 1.000000 0.000000
vt 1.000000 0.000000
vt 1.000000 0.000000
vt 1.000000 0.000000
vt 1.000000 0.000000
vt 1.000000 0.000000
vt 1.000000 0.000000
vt 1.000000 0.000000
vt 1.000000 0.000000
vt 1.000000 0.000000
vt 1.000000 0.000000
vt 1.000000 0.000000
vt 1.000000 0.000000
vt 1.000000 0.000000
vt 1.000000 0.000000
vt 1.000000 0.000000
vt 1.000000 0.000000
vt 1.000000 0.000000
vt 1.000000 0.000000
vt 1.000000 0.000000
vt 1.000000 0.000000
vt 1.000000 0.000000
vt 1.000000 0.000000
vt 1.000000 0.000000
vt 1.000000 0.000000
vt 1.000000 0.000000
vt 1.000000 0.000000
vt 1.000000 0.000000
vt 1.000000 0.000000
vt 1.000000 0.000000
vt 1.000000 0.000000
vt 1.000000 0.000000
vt 1.000000 0.000000
vt 1.000000 0.000000
vt 1.000000 0.000000
vt 1.000000 0.000000
vt 1.000000 0.000000
vt 1.000000 0.000000
vt 1.000000 0.000000
vt 1.000000 0.000000
vt 1.000000 0.000000
vt 1.000000 0.000000
vt 1.000000 0.000000
vt 1.000000 0.000000
vt 1.000000 0.000000
vt 1.000000 0.000000
vt 1.000000 0.000000
vt 1.000000 0.000000
vt 1.000000 0.000000
vt 1.000000 0.000000
vt 1.000000 0.000000
vt 1.000000 0.000000
vt 1.000000 0.000000
vt 1.000000 0.000000
vt 1.000000 0.000000
vt 1.000000 0.000000
vt 1.000000 0.000000
vt 1.000000 0.000000
vt 1.000000 0.000000
vt 1.000000 0.000000
vt 1.000000 0.000000
vt 1.000000 0.000000
vt 1.000000 0.000000
vt 1.000000 0.000000
vt 1.000000 0.000000
vt 1.000000 0.000000
vt 1.000000 0.000000
vt 1.000000 0.000000
vt 1.000000 0.000000
vt 1.000000 0.000000
vt 1.000000 0.000000
vt 1.000000 0.000000
vt 1.000000 0.000000
vt 1.000000 0.000000
vt 1.000000 0.000000
vt 1.000000 0.000000
vt 1.000000 0.000000
vt 1.000000 0.000000
vt 1.000000 0.000000
vt 1.000000 0.000000
vt 1.000000 0.000000
vt 1.000000 0.000000
vt 1.000000 0.000000
vt 1.000000 0.000000
vt 1.000000 0.000000
vt 1.000000 0.000000
vt 1.000000 0.000000
vt 1.000000 0.000000
vt 1.000000 0.000000
vt 1.000000 0.000000
vt 1.000000 0.000000
vt 1.000000 0.000000
vt 1.000000 0.000000
vt 1.000000 0.000000
vt 1.000000 0.000000
vt 1.000000 0.000000
vt 1.000000 0.000000
vt 1.000000 0.000000
vt 1.000000 0.000000
vt 1.000000 0.000000
vt 1.000000 0.000000
vt 1.000000 0.000000
vt 1.000000 0.000000
vt 1.000000 0.000000
vt 1.000000 0.000000
vt 1.000000 0.000000
vt 1.000000 0.000000
vt 1.000000 0.000000
vt 1.000000 0.000000
vt 1.000000 0.000000
vt 1.000000 0.000000
vt 1.000000 0.000000
vt 1.000000 0.000000
vt 1.000000 0.000000
vt 1.000000 0.000000
vt 1.000000 0.000000
vt 1.000000 0.000000
vt 1.000000 0.000000
vt 1.000000 0.000000
vt 1.000000 0.000000
vt 1.000000 0.000000
vt 1.000000 0.000000
vt 1.000000 0.000000
vt 1.000000 0.000000
vt 1.000000 0.000000
vt 1.000000 0.000000
vt 1.000000 0.000000
vt 1.000000 0.000000
vt 1.000000 0.000000
vt 1.000000 0.000000
vt 1.000000 0.000000
vt 1.000000 0.000000
vt 1.000000 0.000000
vt 1.000000 0.000000
vt 1.000000 0.000000
vt 1.000000 0.000000
vt 1.000000 0.000000
vt 1.000000 0.000000
vt 1.000000 0.000000
vt 1.000000 0.000000
vt 1.000000 0.000000
vt 1.000000 0.000000
vt 1.000000 0.000000
vt 1.000000 0.000000
vt 1.000000 0.000000
vt 1.000000 0.000000
vt 1.000000 0.000000
vt 1.000000 0.000000
vt 1.000000 0.000000
vt 1.000000 0.000000
vt 1.000000 0.000000
vt 1.000000 0.000000
vt 1.000000 0.000000
vt 1.000000 0.000000
vt 1.000000 0.000000
vt 1.000000 0.000000
vt 1.000000 0.000000
vt 1.000000 0.000000
vt 1.000000 0.000000
vt 1.000000 0.000000
vt 1.000000 0.000000
vt 1.000000 0.000000
vt 1.000000 0.000000
vt 1.000000 0.000000
vt 1.000000 0.000000
vt 1.000000 0.000000
vt 1.000000 0.000000
vt 1.000000 0.000000
vt 1.000000 0.000000
vt 1.000000 0.000000
vt 1.000000 0.000000
vt 1.000000 0.000000
vt 1.000000 0.000000
vt 1.000000 0.000000
vt 1.000000 0.000000
vt 1.000000 0.000000
vt 1.000000 0.000000
vt 1.000000 0.000000
vt 1.000000 0.000000
vt 1.000000 0.000000
vt 1.000000 0.000000
vt 1.000000 0.000000
vt 1.000000 0.000000
vt 1.000000 0.000000
vt 1.000000 0.000000
vt 1.000000 0.000000
vt 1.000000 0.000000
vt 1.000000 0.000000
vt 1.000000 0.000000
vt 1.000000 0.000000
vt 1.000000 0.000000
vt 1.000000 0.000000
vt 1.000000 0.000000
vt 1.000000 0.000000
vt 1.000000 0.000000
vt 1.000000 0.000000
vt 1.000000 0.000000
vt 1.000000 0.000000
vt 1.000000 0.000000
vt 1.000000 0.000000
vt 1.000000 0.000000
vt 1.000000 0.000000
vt 1.000000 0.000000
vt 1.000000 0.000000
vt 1.000000 0.000000
vt 1.000000 0.000000
vt 1.000000 0.000000
vt 1.000000 0.000000
vt 1.000000 0.000000
vt 1.000000 0.000000
vt 1.000000 0.000000
vt 1.000000 0.000000
vt 1.000000 0.000000
vt 1.000000 0.000000
vt 1.000000 0.000000
vt 1.000000 0.000000
vt 1.000000 0.000000
vt 1.000000 0.000000
vt 1.000000 0.000000
vt 1.000000 0.000000
vt 1.000000 0.000000
vt 1.000000 0.000000
vt 1.000000 0.000000
vt 1.000000 0.000000
vt 1.000000 0.000000
vt 1.000000 0.000000
vt 1.000000 0.000000
vt 1.000000 0.000000
vt 1.000000 0.000000
vt 1.000000 0.000000
vt 1.000000 0.000000
vt 1.000000 0.000000
vt 1.000000 0.000000
vt 1.000000 0.000000
vt 1.000000 0.000000
vt 1.000000 0.000000
vt 1.000000 0.000000
vt 1.000000 0.000000
vt 1.000000 0.000000
vt 1.000000 0.000000
vt 1.000000 0.000000
vt 1.000000 0.000000
vt 1.000000 0.000000
vt 1.000000 0.000000
vt 1.000000 0.000000
vt 1.000000 0.000000
vt 1.000000 0.000000
vt 1.000000 0.000000
vt 1.000000 0.000000
vt 1.000000 0.000000
vt 1.000000 0.000000
vt 1.000000 0.000000
vt 1.000000 0.000000
vt 1.000000 0.000000
vt 1.000000 0.000000
vt 1.000000 0.000000
vt 1.000000 0.000000
vt 1.000000 0.000000
vt 1.000000 0.000000
vt 1.000000 0.000000
vt 1.000000 0.000000
vt 1.000000 0.000000
vt 1.000000 0.000000
vt 1.000000 0.000000
vt 1.000000 0.000000
vt 1.000000 0.000000
vt 1.000000 0.000000
vt 1.000000 0.000000
vt 1.000000 0.000000
vt 1.000000 0.000000
vt 1.000000 0.000000
vt 1.000000 0.000000
vt 1.000000 0.000000
vt 1.000000 0.000000
vt 1.000000 0.000000
vt 1.000000 0.000000
vt 1.000000 0.000000
vt 1.000000 0.000000
vt 1.000000 0.000000
vt 1.000000 0.000000
vt 1.000000 0.000000
vt 1.000000 0.000000
vt 1.000000 0.000000
vt 1.000000 0.000000
vt 1.000000 0.000000
vt 1.000000 0.000000
vt 1.000000 0.000000
vt 1.000000 0.000000
vt 1.000000 0.000000
vt 1.000000 0.000000
vt 1.000000 0.000000
vt 1.000000 0.000000
vt 1.000000 0.000000
vt 1.000000 0.000000
vt 1.000000 0.000000
vt 1.000000 0.000000
vt 1.000000 0.000000
vt 1.000000 0.000000
vt 1.000000 0.000000
vt 1.000000 0.000000
vt 1.000000 0.000000
vt 1.000000 0.000000
vt 1.000000 0.000000
vt 1.000000 0.000000
vt 1.000000 0.000000
vt 1.000000 0.000000
vt 1.000000 0.000000
vt 1.000000 0.000000
vt 1.000000 0.000000
vt 1.000000 0.000000
vt 1.000000 0.000000
vt 1.000000 0.000000
vt 1.000000 0.000000
vt 1.000000 0.000000
vt 1.000000 0.000000
vt 1.000000 0.000000
vt 1.000000 0.000000
vt 1.000000 0.000000
vt 1.000000 0.000000
vt 1.000000 0.000000
vt 1.000000 0.000000
vt 1.000000 0.000000
vt 1.000000 0.000000
vt 1.000000 0.000000
vt 1.000000 0.000000
vt 1.000000 0.000000
vt 1.000000 0.000000
vt 1.000000 0.000000
vt 1.000000 0.000000
vt 1.000000 0.000000
vt 1.000000 0.000000
vt 1.000000 0.000000
vt 1.000000 0.000000
vt 1.000000 0.000000
vt 1.000000 0.000000
vt 1.000000 0.000000
vt 1.000000 0.000000
vt 1.000000 0.000000
vt 1.000000 0.000000
vt 1.000000 0.000000
vt 1.000000 0.000000
vt 1.000000 0.000000
vt 1.000000 0.000000
vt 1.000000 0.000000
vt 1.000000 0.000000
vt 1.000000 0.000000
vt 1.000000 0.000000
vt 1.000000 0.000000
vt 1.000000 0.000000
vt 1.000000 0.000000
vt 1.000000 0.000000
vt 1.000000 0.000000
vt 1.000000 0.000000
vt 1.000000 0.000000
vt 1.000000 0.000000
vt 1.000000 0.000000
vt 1.000000 0.000000
vt 1.000000 0.000000
vt 1.000000 0.000000
vt 1.000000 0.000000
vt 1.000000 0.000000
vt 1.000000 0.000000
vt 1.000000 0.000000
vt 1.000000 0.000000
vt 1.000000 0.000000
vt 1.000000 0.000000
vt 1.000000 0.000000
vt 1.000000 0.000000
vt 1.000000 0.000000
vt 1.000000 0.000000
vt 1.000000 0.000000
vt 1.000000 0.000000
vt 1.000000 0.000000
vt 1.000000 0.000000
vt 1.000000 0.000000
vt 1.000000 0.000000
vt 1.000000 0.000000
vt 1.000000 0.000000
vt 1.000000 0.000000
vt 1.000000 0.000000
vt 1.000000 0.000000
vt 1.000000 0.000000
vt 1.000000 0.000000
vt 1.000000 0.000000
vt 1.000000 0.000000
vt 1.000000 0.000000
vt 1.000000 0.000000
vt 1.000000 0.000000
vt 1.000000 0.000000
vt 1.000000 0.000000
vt 1.000000 0.000000
vt 1.000000 0.000000
vt 1.000000 0.000000
vt 1.000000 0.000000
vt 1.000000 0.000000
vt 1.000000 0.000000
vt 1.000000 0.000000
vt 1.000000 0.000000
vt 1.000000 0.000000
vt 1.000000 0.000000
vt 1.000000 0.000000
vt 1.000000 0.000000
vt 1.000000 0.000000
vt 1.000000 0.000000
vt 1.000000 0.000000
vt 1.000000 0.000000
vt 1.000000 0.000000
vt 1.000000 0.000000
vt 1.000000 0.000000
vt 1.000000 0.000000
vt 1.000000 0.000000
vt 1.000000 0.000000
vt 1.000000 0.000000
vt 1.000000 0.000000
vt 1.000000 0.000000
vt 1.000000 0.000000
vt 1.000000 0.000000
vt 1.000000 0.000000
vt 1.000000 0.000000
vt 1.000000 0.000000
vt 1.000000 0.000000
vt 1.000000 0.000000
vt 1.000000 0.000000
vt 1.000000 0.000000
vt 1.000000 0.000000
vt 1.000000 0.000000
vt 1.000000 0.000000
vt 1.000000 0.000000
vt 1.000000 0.000000
vt 1.000000 0.000000
vt 1.000000 0.000000
vt 1.000000 0.000000
vt 1.000000 0.000000
vt 1.000000 0.000000
vt 1.000000 0.000000
vt 1.000000 0.000000
vt 1.000000 0.000000
vt 1.000000 0.000000
vt 1.000000 0.000000
vt 1.000000 0.000000
vt 1.000000 0.000000
vt 1.000000 0.000000
vt 1.000000 0.000000
vt 1.000000 0.000000
vt 1.000000 0.000000
vt 1.000000 0.000000
vt 1.000000 0.000000
vt 1.000000 0.000000
vt 1.000000 0.000000
vt 1.000000 0.000000
vt 1.000000 0.000000
vt 1.000000 0.000000
vt 1.000000 0.000000
vt 1.000000 0.000000
vt 1.000000 0.000000
vt 1.000000 0.000000
vt 1.000000 0.000000
vt 1.000000 0.000000
vt 1.000000 0.000000
vt 1.000000 0.000000
vt 1.000000 0.000000
vt 1.000000 0.000000
vt 1.000000 0.000000
vt 1.000000 0.000000
vt 1.000000 0.000000
vt 1.000000 0.000000
vt 1.000000 0.000000
vt 1.000000 0.000000
vt 1.000000 0.000000
vt 1.000000 0.000000
vt 1.000000 0.000000
vt 1.000000 0.000000
vt 1.000000 0.000000
vt 1.000000 0.000000
vt 1.000000 0.000000
vt 1.000000 0.000000
vt 1.000000 0.000000
vt 1.000000 0.000000
vt 1.000000 0.000000
vt 1.000000 0.000000
vt 1.000000 0.000000
vt 1.000000 0.000000
vt 1.000000 0.000000
vt 1.000000 0.000000
vt 1.000000 0.000000
vt 1.000000 0.000000
vt 1.000000 0.000000
vt 1.000000 0.000000
vt 1.000000 0.000000
vt 1.000000 0.000000
vt 1.000000 0.000000
vt 1.000000 0.000000
vt 1.000000 0.000000
vt 1.000000 0.000000
vt 1.000000 0.000000
vt 1.000000 0.000000
vt 1.000000 0.000000
vt 1.000000 0.000000
vt 1.000000 0.000000
vt 1.000000 0.000000
vt 1.000000 0.000000
vt 1.000000 0.000000
vt 1.000000 0.000000
vt 1.000000 0.000000
vt 1.000000 0.000000
vt 1.000000 0.000000
vt 1.000000 0.000000
vt 1.000000 0.000000
vt 1.000000 0.000000
vt 1.000000 0.000000
vt 1.000000 0.000000
vt 1.000000 0.000000
vt 1.000000 0.000000
vt 1.000000 0.000000
vt 1.000000 0.000000
vt 1.000000 0.000000
vt 1.000000 0.000000
vt 1.000000 0.000000
vt 1.000000 0.000000
vt 1.000000 0.000000
vt 1.000000 0.000000
vt 1.000000 0.000000
vt 1.000000 0.000000
vt 1.000000 0.000000
vt 1.000000 0.000000
vt 1.000000 0.000000
vt 1.000000 0.000000
vt 1.000000 0.000000
vt 1.000000 0.000000
vt 1.000000 0.000000
vt 1.000000 0.000000
vt 1.000000 0.000000
vt 1.000000 0.000000
vt 1.000000 0.000000
vt 1.000000 0.000000
vt 1.000000 0.000000
vt 1.000000 0.000000
vt 1.000000 0.000000
vt 1.000000 0.000000
vt 1.000000 0.000000
vt 1.000000 0.000000
vt 1.000000 0.000000
vt 1.000000 0.000000
vt 1.000000 0.000000
vt 1.000000 0.000000
vt 1.000000 0.000000
vt 1.000000 0.000000
vt 1.000000 0.000000
vt 1.000000 0.000000
vt 1.000000 0.000000
vt 1.000000 0.000000
vt 1.000000 0.000000
vt 1.000000 0.000000
vt 1.000000 0.000000
vt 1.000000 0.000000
vt 1.000000 0.000000
vt 1.000000 0.000000
vt 1.000000 0.000000
vt 1.000000 0.000000
vt 1.000000 0.000000
vt 1.000000 0.000000
vt 1.000000 0.000000
vt 1.000000 0.000000
vt 1.000000 0.000000
vt 1.000000 0.000000
vt 1.000000 0.000000
vt 1.000000 0.000000
vt 1.000000 0.000000
vt 1.000000 0.000000
vt 1.000000 0.000000
vt 1.000000 0.000000
vt 1.000000 0.000000
vt 1.000000 0.000000
vt 1.000000 0.000000
vt 1.000000 0.000000
vt 1.000000 0.000000
vt 1.000000 0.000000
vt 1.000000 0.000000
vt 1.000000 0.000000
vt 1.000000 0.000000
vt 1.000000 0.000000
vt 1.000000 0.000000
vt 1.000000 0.000000
vt 1.000000 0.000000
vt 1.000000 0.000000
vt 1.000000 0.000000
vt 1.000000 0.000000
vt 1.000000 0.000000
vt 1.000000 0.000000
vt 1.000000 0.000000
vt 1.000000 0.000000
vt 1.000000 0.000000
vt 1.000000 0.000000
vt 1.000000 0.000000
vt 1.000000 0.000000
vt 1.000000 0.000000
vt 1.000000 0.000000
vt 1.000000 0.000000
vt 1.000000 0.000000
vt 1.000000 0.000000
vt 1.000000 0.000000
vt 1.000000 0.000000
vt 1.000000 0.000000
vt 1.000000 0.000000
vt 1.000000 0.000000
vt 1.000000 0.000000
vt 1.000000 0.000000
vt 1.000000 0.000000
vt 1.000000 0.000000
vt 1.000000 0.000000
vt 1.000000 0.000000
vt 1.000000 0.000000
vt 1.000000 0.000000
vt 1.000000 0.000000
vt 1.000000 0.000000
vt 1.000000 0.000000
vt 1.000000 0.000000
vt 1.000000 0.000000
vt 1.000000 0.000000
vt 1.000000 0.000000
vt 1.000000 0.000000
vt 1.000000 0.000000
vt 1.000000 0.000000
vt 1.000000 0.000000
vt 1.000000 0.000000
vt 1.000000 0.000000
vt 1.000000 0.000000
vt 1.000000 0.000000
vt 1.000000 0.000000
vt 1.000000 0.000000
vt 1.000000 0.000000
vt 1.000000 0.000000
vt 1.000000 0.000000
vt 1.000000 0.000000
vt 1.000000 0.000000
vt 1.000000 0.000000
vt 1.000000 0.000000
vt 1.000000 0.000000
vt 1.000000 0.000000
vt 1.000000 0.000000
vt 1.000000 0.000000
vt 1.000000 0.000000
vt 1.000000 0.000000
vt 1.000000 0.000000
vt 1.000000 0.000000
vt 1.000000 0.000000
vt 1.000000 0.000000
vt 1.000000 0.000000
vt 1.000000 0.000000
vt 1.000000 0.000000
vt 1.000000 0.000000
vt 1.000000 0.000000
vt 1.000000 0.000000
vt 1.000000 0.000000
vt 1.000000 0.000000
vt 1.000000 0.000000
vt 1.000000 0.000000
vt 1.000000 0.000000
vt 1.000000 0.000000
vt 1.000000 0.000000
vt 1.000000 0.000000
vt 1.000000 0.000000
vt 1.000000 0.000000
vt 1.000000 0.000000
vt 1.000000 0.000000
vt 1.000000 0.000000
vt 1.000000 0.000000
vt 1.000000 0.000000
vt 1.000000 0.000000
vt 1.000000 0.000000
vt 1.000000 0.000000
vt 1.000000 0.000000
vt 1.000000 0.000000
vt 1.000000 0.000000
vt 1.000000 0.000000
vt 1.000000 0.000000
vt 1.000000 0.000000
vt 1.000000 0.000000
vt 1.000000 0.000000
vt 1.000000 0.000000
vt 1.000000 0.000000
vt 1.000000 0.000000
vt 1.000000 0.000000
vt 1.000000 0.000000
vt 1.000000 0.000000
vt 1.000000 0.000000
vt 1.000000 0.000000
vt 1.000000 0.000000
vt 1.000000 0.000000
vt 1.000000 0.000000
vt 1.000000 0.000000
vt 1.000000 0.000000
vt 1.000000 0.000000
vt 1.000000 0.000000
vt 1.000000 0.000000
vt 1.000000 0.000000
vt 1.000000 0.000000
vt 1.000000 0.000000
vt 1.000000 0.000000
vt 1.000000 0.000000
vt 1.000000 0.000000
vt 1.000000 0.000000
vt 1.000000 0.000000
vt 1.000000 0.000000
vt 1.000000 0.000000
vt 1.000000 0.000000
vt 1.000000 0.000000
vt 1.000000 0.000000
vt 1.000000 0.000000
vt 1.000000 0.000000
vt 1.000000 0.000000
vt 1.000000 0.000000
vt 1.000000 0.000000
vt 1.000000 0.000000
vt 1.000000 0.000000
vt 1.000000 0.000000
vt 1.000000 0.000000
vt 1.000000 0.000000
vt 1.000000 0.000000
vt 1.000000 0.000000
vt 1.000000 0.000000
vt 1.000000 0.000000
vt 1.000000 0.000000
vt 1.000000 0.000000
vt 1.000000 0.000000
vt 1.000000 0.000000
vt 1.000000 0.000000
vt 1.000000 0.000000
vt 1.000000 0.000000
vt 1.000000 0.000000
vt 1.000000 0.000000
vt 1.000000 0.000000
vt 1.000000 0.000000
vt 1.000000 0.000000
vt 1.000000 0.000000
vt 1.000000 0.000000
vt 1.000000 0.000000
vt 1.000000 0.000000
vt 1.000000 0.000000
vt 1.000000 0.000000
vt 1.000000 0.000000
vt 1.000000 0.000000
vt 1.000000 0.000000
vt 1.000000 0.000000
vt 1.000000 0.000000
vt 1.000000 0.000000
vt 1.000000 0.000000
vt 1.000000 0.000000
vt 1.000000 0.000000
vt 1.000000 0.000000
vt 1.000000 0.000000
vt 1.000000 0.000000
vt 1.000000 0.000000
vt 1.000000 0.000000
vt 1.000000 0.000000
vt 1.000000 0.000000
vt 1.000000 0.000000
vt 1.000000 0.000000
vt 1.000000 0.000000
vt 1.000000 0.000000
vt 1.000000 0.000000
vt 1.000000 0.000000
vt 1.000000 0.000000
vt 1.000000 0.000000
vt 1.000000 0.000000
vt 1.000000 0.000000
vt 1.000000 0.000000
vt 1.000000 0.000000
vt 1.000000 0.000000
vt 1.000000 0.000000
vt 1.000000 0.000000
vt 1.000000 0.000000
vt 1.000000 0.000000
vt 1.000000 0.000000
vt 1.000000 0.000000
vt 1.000000 0.000000
vt 1.000000 0.000000
vt 1.000000 0.000000
vt 1.000000 0.000000
vt 1.000000 0.000000
vt 1.000000 0.000000
vt 1.000000 0.000000
vt 1.000000 0.000000
vt 1.000000 0.000000
vt 1.000000 0.000000
vt 1.000000 0.000000
vt 1.000000 0.000000
vt 1.000000 0.000000
vt 1.000000 0.000000
vt 1.000000 0.000000
vt 1.000000 0.000000
vt 1.000000 0.000000
vt 1.000000 0.000000
vt 1.000000 0.000000
vt 1.000000 0.000000
vt 1.000000 0.000000
vt 1.000000 0.000000
vt 1.000000 0.000000
vt 1.000000 0.000000
vt 1.000000 0.000000
vt 1.000000 0.000000
vt 1.000000 0.000000
vt 1.000000 0.000000
vt 1.000000 0.000000
vt 1.000000 0.000000
vt 1.000000 0.000000
vt 1.000000 0.000000
vt 1.000000 0.000000
vt 1.000000 0.000000
vt 1.000000 0.000000
vt 1.000000 0.000000
vt 1.000000 0.000000
vt 1.000000 0.000000
vt 1.000000 0.000000
vt 1.000000 0.000000
vt 1.000000 0.000000
vt 1.000000 0.000000
vt 1.000000 0.000000
vt 1.000000 0.000000
vt 1.000000 0.000000
vt 1.000000 0.000000
vt 1.000000 0.000000
vt 1.000000 0.000000
vt 1.000000 0.000000
vt 1.000000 0.000000
vt 1.000000 0.000000
vt 1.000000 0.000000
vt 1.000000 0.000000
vt 1.000000 0.000000
vt 1.000000 0.000000
vt 1.000000 0.000000
vt 1.000000 0.000000
vt 1.000000 0.000000
vt 1.000000 0.000000
vt 1.000000 0.000000
vt 1.000000 0.000000
vt 1.000000 0.000000
vt 1.000000 0.000000
vt 1.000000 0.000000
vt 1.000000 0.000000
vt 1.000000 0.000000
vt 1.000000 0.000000
vt 1.000000 0.000000
vt 1.000000 0.000000
vt 1.000000 0.000000
vt 1.000000 0.000000
vt 1.000000 0.000000
vt 1.000000 0.000000
vt 1.000000 0.000000
vt 1.000000 0.000000
vt 1.000000 0.000000
vt 1.000000 0.000000
vt 1.000000 0.000000
vt 1.000000 0.000000
vt 1.000000 0.000000
vt 1.000000 0.000000
vt 1.000000 0.000000
vt 1.000000 0.000000
vt 1.000000 0.000000
vt 1.000000 0.000000
vt 1.000000 0.000000
vt 1.000000 0.000000
vt 1.000000 0.000000
vt 1.000000 0.000000
vt 1.000000 0.000000
vt 1.000000 0.000000
vt 1.000000 0.000000
vt 1.000000 0.000000
vt 1.000000 0.000000
vt 1.000000 0.000000
vt 1.000000 0.000000
vt 1.000000 0.000000
vt 1.000000 0.000000
vt 1.000000 0.000000
vt 1.000000 0.000000
vt 1.000000 0.000000
vt 1.000000 0.000000
vt 1.000000 0.000000
vt 1.000000 0.000000
vt 1.000000 0.000000
vt 1.000000 0.000000
vt 1.000000 0.000000
vt 1.000000 0.000000
vt 1.000000 0.000000
vt 1.000000 0.000000
vt 1.000000 0.000000
vt 1.000000 0.000000
vt 1.000000 0.000000
vt 1.000000 0.000000
vt 1.000000 0.000000
vt 1.000000 0.000000
vt 1.000000 0.000000
vt 1.000000 0.000000
vt 1.000000 0.000000
vt 1.000000 0.000000
vt 1.000000 0.000000
vt 1.000000 0.000000
vt 1.000000 0.000000
vt 1.000000 0.000000
vt 1.000000 0.000000
vt 1.000000 0.000000
vt 1.000000 0.000000
vt 1.000000 0.000000
vt 1.000000 0.000000
vt 1.000000 0.000000
vt 1.000000 0.000000
vt 1.000000 0.000000
vt 1.000000 0.000000
vt 1.000000 0.000000
vt 1.000000 0.000000
vt 1.000000 0.000000
vt 1.000000 0.000000
vt 1.000000 0.000000
vt 1.000000 0.000000
vt 1.000000 0.000000
vt 1.000000 0.000000
vt 1.000000 0.000000
vt 1.000000 0.000000
vt 1.000000 0.000000
vt 1.000000 0.000000
vt 1.000000 0.000000
vt 1.000000 0.000000
vt 1.000000 0.000000
vt 1.000000 0.000000
vt 1.000000 0.000000
vt 1.000000 0.000000
vt 1.000000 0.000000
vt 1.000000 0.000000
vt 1.000000 0.000000
vt 1.000000 0.000000
vt 1.000000 0.000000
vt 1.000000 0.000000
vt 1.000000 0.000000
vt 1.000000 0.000000
vt 1.000000 0.000000
vt 1.000000 0.000000
vt 1.000000 0.000000
vt 1.000000 0.000000
vt 1.000000 0.000000
vt 1.000000 0.000000
vt 1.000000 0.000000
vt 1.000000 0.000000
vt 1.000000 0.000000
vt 1.000000 0.000000
vt 1.000000 0.000000
vt 1.000000 0.000000
vt 1.000000 0.000000
vt 1.000000 0.000000
vt 1.000000 0.000000
vt 1.000000 0.000000
vt 1.000000 0.000000
vt 1.000000 0.000000
vt 1.000000 0.000000
vt 1.000000 0.000000
vt 1.000000 0.000000
vt 1.000000 0.000000
vt 1.000000 0.000000
vt 1.000000 0.000000
vt 1.000000 0.000000
vt 1.000000 0.000000
vt 1.000000 0.000000
vt 1.000000 0.000000
vt 1.000000 0.000000
vt 1.000000 0.000000
vt 1.000000 0.000000
vt 1.000000 0.000000
vt 1.000000 0.000000
vt 1.000000 0.000000
vt 1.000000 0.000000
vt 1.000000 0.000000
vt 1.000000 0.000000
vt 1.000000 0.000000
vt 1.000000 0.000000
vt 1.000000 0.000000
vt 1.000000 0.000000
vt 1.000000 0.000000
vt 1.000000 0.000000
vt 1.000000 0.000000
vt 1.000000 0.000000
vt 1.000000 0.000000
vt 1.000000 0.000000
vt 1.000000 0.000000
vt 1.000000 0.000000
vt 1.000000 0.000000
vt 1.000000 0.000000
vt 1.000000 0.000000
vt 1.000000 0.000000
vt 1.000000 0.000000
vt 1.000000 0.000000
vt 1.000000 0.000000
vt 1.000000 0.000000
vt 1.000000 0.000000
vt 1.000000 0.000000
vt 1.000000 0.000000
vt 1.000000 0.000000
vt 1.000000 0.000000
vt 1.000000 0.000000
vt 1.000000 0.000000
vt 1.000000 0.000000
vt 1.000000 0.000000
vt 1.000000 0.000000
vt 1.000000 0.000000
vt 1.000000 0.000000
vt 1.000000 0.000000
vt 1.000000 0.000000
vt 1.000000 0.000000
vt 1.000000 0.000000
vt 1.000000 0.000000
vt 1.000000 0.000000
vt 1.000000 0.000000
vt 1.000000 0.000000
vt 1.000000 0.000000
vt 1.000000 0.000000
vt 1.000000 0.000000
vt 1.000000 0.000000
vt 1.000000 0.000000
vt 1.000000 0.000000
vt 1.000000 0.000000
vt 1.000000 0.000000
vt 1.000000 0.000000
vt 1.000000 0.000000
vt 1.000000 0.000000
vt 1.000000 0.000000
vt 1.000000 0.000000
vt 1.000000 0.000000
vt 1.000000 0.000000
vt 1.000000 0.000000
vt 1.000000 0.000000
vt 1.000000 0.000000
vt 1.000000 0.000000
vt 1.000000 0.000000
vt 1.000000 0.000000
vt 1.000000 0.000000
vt 1.000000 0.000000
vt 1.000000 0.000000
vt 1.000000 0.000000
vt 1.000000 0.000000
vt 1.000000 0.000000
vt 1.000000 0.000000
vt 1.000000 0.000000
vt 1.000000 0.000000
vt 1.000000 0.000000
vt 1.000000 0.000000
vt 1.000000 0.000000
vt 1.000000 0.000000
vt 1.000000 0.000000
vt 1.000000 0.000000
vt 1.000000 0.000000
vt 1.000000 0.000000
vt 1.000000 0.000000
vt 1.000000 0.000000
vt 1.000000 0.000000
vt 1.000000 0.000000
vt 1.000000 0.000000
vt 1.000000 0.000000
vt 1.000000 0.000000
vt 1.000000 0.000000
vt 1.000000 0.000000
vt 1.000000 0.000000
vt 1.000000 0.000000
vt 1.000000 0.000000
vt 1.000000 0.000000
vt 1.000000 0.000000
vt 1.000000 0.000000
vt 1.000000 0.000000
vt 1.000000 0.000000
vt 1.000000 0.000000
vt 1.000000 0.000000
vt 1.000000 0.000000
vt 1.000000 0.000000
vt 1.000000 0.000000
vt 1.000000 0.000000
vt 1.000000 0.000000
vt 1.000000 0.000000
vt 1.000000 0.000000
vt 1.000000 0.000000
vt 1.000000 0.000000
vt 1.000000 0.000000
vt 1.000000 0.000000
vt 1.000000 0.000000
vt 1.000000 0.000000
vt 1.000000 0.000000
vt 1.000000 0.000000
vt 1.000000 0.000000
vt 1.000000 0.000000
vt 1.000000 0.000000
vt 1.000000 0.000000
vt 1.000000 0.000000
vt 1.000000 0.000000
vt 1.000000 0.000000
vt 1.000000 0.000000
vt 1.000000 0.000000
vt 1.000000 0.000000
vt 1.000000 0.000000
vt 1.000000 0.000000
vt 1.000000 0.000000
vt 1.000000 0.000000
vt 1.000000 0.000000
vt 1.000000 0.000000
vt 1.000000 0.000000
vt 1.000000 0.000000
vt 1.000000 0.000000
vt 1.000000 0.000000
vt 1.000000 0.000000
vt 1.000000 0.000000
vt 1.000000 0.000000
vt 1.000000 0.000000
vt 1.000000 0.000000
vt 1.000000 0.000000
vt 1.000000 0.000000
vt 1.000000 0.000000
vt 1.000000 0.000000
vt 1.000000 0.000000
vt 1.000000 0.000000
vt 1.000000 0.000000
vt 1.000000 0.000000
vt 1.000000 0.000000
vt 1.000000 0.000000
vt 1.000000 0.000000
vt 1.000000 0.000000
vt 1.000000 0.000000
vt 1.000000 0.000000
vt 1.000000 0.000000
vt 1.000000 0.000000
vt 1.000000 0.000000
vt 1.000000 0.000000
vt 1.000000 0.000000
vt 1.000000 0.000000
vt 1.000000 0.000000
vt 1.000000 0.000000
vt 1.000000 0.000000
vt 1.000000 0.000000
vt 1.000000 0.000000
vt 1.000000 0.000000
vt 1.000000 0.000000
vt 1.000000 0.000000
vt 1.000000 0.000000
vt 1.000000 0.000000
vt 1.000000 0.000000
vt 1.000000 0.000000
vt 1.000000 0.000000
vt 1.000000 0.000000
vt 1.000000 0.000000
vt 1.000000 0.000000
vt 1.000000 0.000000
vt 1.000000 0.000000
vt 1.000000 0.000000
vt 1.000000 0.000000
vt 1.000000 0.000000
vt 1.000000 0.000000
vt 1.000000 0.000000
vt 1.000000 0.000000
vt 1.000000 0.000000
vt 1.000000 0.000000
vt 1.000000 0.000000
vt 1.000000 0.000000
vt 1.000000 0.000000
vt 1.000000 0.000000
vt 1.000000 0.000000
vt 1.000000 0.000000
vt 1.000000 0.000000
vt 1.000000 0.000000
vt 1.000000 0.000000
vt 1.000000 0.000000
vt 1.000000 0.000000
vt 1.000000 0.000000
vt 1.000000 0.000000
vt 1.000000 0.000000
vt 1.000000 0.000000
vt 1.000000 0.000000
vt 1.000000 0.000000
vt 1.000000 0.000000
vt 1.000000 0.000000
vt 1.000000 0.000000
vt 1.000000 0.000000
vt 1.000000 0.000000
vt 1.000000 0.000000
vt 1.000000 0.000000
vt 1.000000 0.000000
vt 1.000000 0.000000
vt 1.000000 0.000000
vt 1.000000 0.000000
vt 1.000000 0.000000
vt 1.000000 0.000000
vt 1.000000 0.000000
vt 1.000000 0.000000
vt 1.000000 0.000000
vt 1.000000 0.000000
vt 1.000000 0.000000
vt 1.000000 0.000000
vt 1.000000 0.000000
vt 1.000000 0.000000
vt 1.000000 0.000000
vt 1.000000 0.000000
vt 1.000000 0.000000
vt 1.000000 0.000000
vt 1.000000 0.000000
vt 1.000000 0.000000
vt 1.000000 0.000000
vt 1.000000 0.000000
vt 1.000000 0.000000
vt 1.000000 0.000000
vt 1.000000 0.000000
vt 1.000000 0.000000
vt 1.000000 0.000000
vt 1.000000 0.000000
vt 1.000000 0.000000
vt 1.000000 0.000000
vt 1.000000 0.000000
vt 1.000000 0.000000
vt 1.000000 0.000000
vt 1.000000 0.000000
vt 1.000000 0.000000
vt 1.000000 0.000000
vt 1.000000 0.000000
vt 1.000000 0.000000
vt 1.000000 0.000000
vt 1.000000 0.000000
vt 1.000000 0.000000
vt 1.000000 0.000000
vt 1.000000 0.000000
vt 1.000000 0.000000
vt 1.000000 0.000000
vt 1.000000 0.000000
vt 1.000000 0.000000
vt 1.000000 0.000000
vt 1.000000 0.000000
vt 1.000000 0.000000
vt 1.000000 0.000000
vt 1.000000 0.000000
vt 1.000000 0.000000
vt 1.000000 0.000000
vt 1.000000 0.000000
vt 1.000000 0.000000
vt 1.000000 0.000000
vt 1.000000 0.000000
vt 1.000000 0.000000
vt 1.000000 0.000000
vt 1.000000 0.000000
vt 1.000000 0.000000
vt 1.000000 0.000000
vt 1.000000 0.000000
vt 1.000000 0.000000
vt 1.000000 0.000000
vt 1.000000 0.000000
vt 1.000000 0.000000
vt 1.000000 0.000000
vt 1.000000 0.000000
vt 1.000000 0.000000
vt 1.000000 0.000000
vt 1.000000 0.000000
vt 1.000000 0.000000
vt 1.000000 0.000000
vt 1.000000 0.000000
vt 1.000000 0.000000
vt 1.000000 0.000000
vt 1.000000 0.000000
vt 1.000000 0.000000
vt 1.000000 0.000000
vt 1.000000 0.000000
vt 1.000000 0.000000
vt 1.000000 0.000000
vt 1.000000 0.000000
vt 1.000000 0.000000
vt 1.000000 0.000000
vt 1.000000 0.000000
vt 1.000000 0.000000
vt 1.000000 0.000000
vt 1.000000 0.000000
vt 1.000000 0.000000
vt 1.000000 0.000000
vt 1.000000 0.000000
vt 1.000000 0.000000
vt 1.000000 0.000000
vt 1.000000 0.000000
vt 1.000000 0.000000
vt 1.000000 0.000000
vt 1.000000 0.000000
vt 1.000000 0.000000
vt 1.000000 0.000000
vt 1.000000 0.000000
vt 1.000000 0.000000
vt 1.000000 0.000000
vt 1.000000 0.000000
vt 1.000000 0.000000
vt 1.000000 0.000000
vt 1.000000 0.000000
vt 1.000000 0.000000
vt 1.000000 0.000000
vt 1.000000 0.000000
vt 1.000000 0.000000
vt 1.000000 0.000000
vt 1.000000 0.000000
vt 1.000000 0.000000
vt 1.000000 0.000000
vt 1.000000 0.000000
vt 1.000000 0.000000
vt 1.000000 0.000000
vt 1.000000 0.000000
vt 1.000000 0.000000
vt 1.000000 0.000000
vt 1.000000 0.000000
vt 1.000000 0.000000
vt 1.000000 0.000000
vt 1.000000 0.000000
vt 1.000000 0.000000
vt 1.000000 0.000000
vt 1.000000 0.000000
vt 1.000000 0.000000
vt 1.000000 0.000000
vt 1.000000 0.000000
vt 1.000000 0.000000
vt 1.000000 0.000000
vt 1.000000 0.000000
vt 1.000000 0.000000
vt 1.000000 0.000000
vt 1.000000 0.000000
vt 1.000000 0.000000
vt 1.000000 0.000000
vt 1.000000 0.000000
vt 1.000000 0.000000
vt 1.000000 0.000000
vt 1.000000 0.000000
vt 1.000000 0.000000
vt 1.000000 0.000000
vt 1.000000 0.000000
vt 1.000000 0.000000
vt 1.000000 0.000000
vt 1.000000 0.000000
vt 1.000000 0.000000
vt 1.000000 0.000000
vt 1.000000 0.000000
vt 1.000000 0.000000
vt 1.000000 0.000000
vt 1.000000 0.000000
vt 1.000000 0.000000
vt 1.000000 0.000000
vt 1.000000 0.000000
vt 1.000000 0.000000
vt 1.000000 0.000000
vt 1.000000 0.000000
vt 1.000000 0.000000
vt 1.000000 0.000000
vt 1.000000 0.000000
vt 1.000000 0.000000
vt 1.000000 0.000000
vt 1.000000 0.000000
vt 1.000000 0.000000
vt 1.000000 0.000000
vt 1.000000 0.000000
vt 1.000000 0.000000
vt 1.000000 0.000000
vt 1.000000 0.000000
vt 1.000000 0.000000
vt 1.000000 0.000000
vt 1.000000 0.000000
vt 1.000000 0.000000
vt 1.000000 0.000000
vt 1.000000 0.000000
vt 1.000000 0.000000
vt 1.000000 0.000000
vt 1.000000 0.000000
vt 1.000000 0.000000
vt 1.000000 0.000000
vt 1.000000 0.000000
vt 1.000000 0.000000
vt 1.000000 0.000000
vt 1.000000 0.000000
vt 1.000000 0.000000
vt 1.000000 0.000000
vt 1.000000 0.000000
vt 1.000000 0.000000
vt 1.000000 0.000000
vt 1.000000 0.000000
vt 1.000000 0.000000
vt 1.000000 0.000000
vt 1.000000 0.000000
vt 1.000000 0.000000
vt 1.000000 0.000000
vt 1.000000 0.000000
vt 1.000000 0.000000
vt 1.000000 0.000000
vt 1.000000 0.000000
vt 1.000000 0.000000
vt 1.000000 0.000000
vt 1.000000 0.000000
vt 1.000000 0.000000
vt 1.000000 0.000000
vt 1.000000 0.000000
vt 1.000000 0.000000
vt 1.000000 0.000000
vt 1.000000 0.000000
vt 1.000000 0.000000
vt 1.000000 0.000000
vt 1.000000 0.000000
vt 1.000000 0.000000
vt 1.000000 0.000000
vt 1.000000 0.000000
vt 1.000000 0.000000
vt 1.000000 0.000000
vt 1.000000 0.000000
vt 1.000000 0.000000
vt 1.000000 0.000000
vt 1.000000 0.000000
vt 1.000000 0.000000
vt 1.000000 0.000000
vt 1.000000 0.000000
vt 1.000000 0.000000
vt 1.000000 0.000000
vt 1.000000 0.000000
vt 1.000000 0.000000
vt 1.000000 0.000000
vt 1.000000 0.000000
vt 1.000000 0.000000
vt 1.000000 0.000000
vt 1.000000 0.000000
vt 1.000000 0.000000
vt 1.000000 0.000000
vt 1.000000 0.000000
vt 1.000000 0.000000
vt 1.000000 0.000000
vt 1.000000 0.000000
vt 1.000000 0.000000
vt 1.000000 0.000000
vt 1.000000 0.000000
vt 1.000000 0.000000
vt 1.000000 0.000000
vt 1.000000 0.000000
vt 1.000000 0.000000
vt 1.000000 0.000000
vt 1.000000 0.000000
vt 1.000000 0.000000
vt 1.000000 0.000000
vt 1.000000 0.000000
vt 1.000000 0.000000
vt 1.000000 0.000000
vt 1.000000 0.000000
vt 1.000000 0.000000
vt 1.000000 0.000000
vt 1.000000 0.000000
vt 1.000000 0.000000
vt 1.000000 0.000000
vt 1.000000 0.000000
vt 1.000000 0.000000
vt 1.000000 0.000000
vt 1.000000 0.000000
vt 1.000000 0.000000
vt 1.000000 0.000000
vt 1.000000 0.000000
vt 1.000000 0.000000
vt 1.000000 0.000000
vt 1.000000 0.000000
vt 1.000000 0.000000
vt 1.000000 0.000000
vt 1.000000 0.000000
vt 1.000000 0.000000
vt 1.000000 0.000000
vt 1.000000 0.000000
vt 1.000000 0.000000
vt 1.000000 0.000000
vt 1.000000 0.000000
vt 1.000000 0.000000
vt 1.000000 0.000000
vt 1.000000 0.000000
vt 1.000000 0.000000
vt 1.000000 0.000000
vt 1.000000 0.000000
vt 1.000000 0.000000
vt 1.000000 0.000000
vt 1.000000 0.000000
vt 1.000000 0.000000
vt 1.000000 0.000000
vt 1.000000 0.000000
vt 1.000000 0.000000
vt 1.000000 0.000000
vt 1.000000 0.000000
vt 1.000000 0.000000
vt 1.000000 0.000000
vt 1.000000 0.000000
vt 1.000000 0.000000
vt 1.000000 0.000000
vt 1.000000 0.000000
vt 1.000000 0.000000
vt 1.000000 0.000000
vt 1.000000 0.000000
vt 1.000000 0.000000
vt 1.000000 0.000000
vt 1.000000 0.000000
vt 1.000000 0.000000
vt 1.000000 0.000000
vt 1.000000 0.000000
vt 1.000000 0.000000
vt 1.000000 0.000000
vt 1.000000 0.000000
vt 1.000000 0.000000
vt 1.000000 0.000000
vt 1.000000 0.000000
vt 1.000000 0.000000
vt 1.000000 0.000000
vt 1.000000 0.000000
vt 1.000000 0.000000
vt 1.000000 0.000000
vt 1.000000 0.000000
vt 1.000000 0.000000
vt 1.000000 0.000000
vt 1.000000 0.000000
vt 1.000000 0.000000
vt 1.000000 0.000000
vt 1.000000 0.000000
vt 1.000000 0.000000
vt 1.000000 0.000000
vt 1.000000 0.000000
vt 1.000000 0.000000
vt 1.000000 0.000000
vt 1.000000 0.000000
vt 1.000000 0.000000
vt 1.000000 0.000000
vt 1.000000 0.000000
vt 1.000000 0.000000
vt 1.000000 0.000000
vt 1.000000 0.000000
vt 1.000000 0.000000
vt 1.000000 0.000000
vt 1.000000 0.000000
vt 1.000000 0.000000
vt 1.000000 0.000000
vt 1.000000 0.000000
vt 1.000000 0.000000
vt 1.000000 0.000000
vt 1.000000 0.000000
vt 1.000000 0.000000
vt 1.000000 0.000000
vt 1.000000 0.000000
vt 1.000000 0.000000
vt 1.000000 0.000000
vt 1.000000 0.000000
vt 1.000000 0.000000
vt 1.000000 0.000000
vt 1.000000 0.000000
vt 1.000000 0.000000
vt 1.000000 0.000000
vt 1.000000 0.000000
vt 1.000000 0.000000
vt 1.000000 0.000000
vt 1.000000 0.000000
vt 1.000000 0.000000
vt 1.000000 0.000000
vt 1.000000 0.000000
vt 1.000000 0.000000
vt 1.000000 0.000000
vt 1.000000 0.000000
vt 1.000000 0.000000
vt 1.000000 0.000000
vt 1.000000 0.000000
vt 1.000000 0.000000
vt 1.000000 0.000000
vt 1.000000 0.000000
vt 1.000000 0.000000
vt 1.000000 0.000000
vt 1.000000 0.000000
vt 1.000000 0.000000
vt 1.000000 0.000000
vt 1.000000 0.000000
vt 1.000000 0.000000
vt 1.000000 0.000000
vt 1.000000 0.000000
vt 1.000000 0.000000
vt 1.000000 0.000000
vt 1.000000 0.000000
vt 1.000000 0.000000
vt 1.000000 0.000000
vt 1.000000 0.000000
vt 1.000000 0.000000
vt 1.000000 0.000000
vt 1.000000 0.000000
vt 1.000000 0.000000
vt 1.000000 0.000000
vt 1.000000 0.000000
vt 1.000000 0.000000
vt 1.000000 0.000000
vt 1.000000 0.000000
vt 1.000000 0.000000
vt 1.000000 0.000000
vt 1.000000 0.000000
vt 1.000000 0.000000
vt 1.000000 0.000000
vt 1.000000 0.000000
vt 1.000000 0.000000
vt 1.000000 0.000000
vt 1.000000 0.000000
vt 1.000000 0.000000
vt 1.000000 0.000000
vt 1.000000 0.000000
vt 1.000000 0.000000
vt 1.000000 0.000000
vt 1.000000 0.000000
vt 1.000000 0.000000
vt 1.000000 0.000000
vt 1.000000 0.000000
vt 1.000000 0.000000
vt 1.000000 0.000000
vt 1.000000 0.000000
vt 1.000000 0.000000
vt 1.000000 0.000000
vt 1.000000 0.000000
vt 1.000000 0.000000
vt 1.000000 0.000000
vt 1.000000 0.000000
vt 1.000000 0.000000
vt 1.000000 0.000000
vt 1.000000 0.000000
vt 1.000000 0.000000
vt 1.000000 0.000000
vt 1.000000 0.000000
vt 1.000000 0.000000
vt 1.000000 0.000000
vt 1.000000 0.000000
vt 1.000000 0.000000
vt 1.000000 0.000000
vt 1.000000 0.000000
vt 1.000000 0.000000
vt 1.000000 0.000000
vt 1.000000 0.000000
vt 1.000000 0.000000
vt 1.000000 0.000000
vt 1.000000 0.000000
vt 1.000000 0.000000
vt 1.000000 0.000000
vt 1.000000 0.000000
vt 1.000000 0.000000
vt 1.000000 0.000000
vt 1.000000 0.000000
vt 1.000000 0.000000
vt 1.000000 0.000000
vt 1.000000 0.000000
vt 1.000000 0.000000
vt 1.000000 0.000000
vt 1.000000 0.000000
vt 1.000000 0.000000
vt 1.000000 0.000000
vt 1.000000 0.000000
vt 1.000000 0.000000
vt 1.000000 0.000000
vt 1.000000 0.000000
vt 1.000000 0.000000
vt 1.000000 0.000000
vt 1.000000 0.000000
vt 1.000000 0.000000
vt 1.000000 0.000000
vt 1.000000 0.000000
vt 1.000000 0.000000
vt 1.000000 0.000000
vt 1.000000 0.000000
vt 1.000000 0.000000
vt 1.000000 0.000000
vt 1.000000 0.000000
vt 1.000000 0.000000
vt 1.000000 0.000000
vt 1.000000 0.000000
vt 1.000000 0.000000
vt 1.000000 0.000000
vt 1.000000 0.000000
vt 1.000000 0.000000
vt 1.000000 0.000000
vt 1.000000 0.000000
vt 1.000000 0.000000
vt 1.000000 0.000000
vt 1.000000 0.000000
vt 1.000000 0.000000
vt 1.000000 0.000000
vt 1.000000 0.000000
vt 1.000000 0.000000
vt 1.000000 0.000000
vt 1.000000 0.000000
vt 1.000000 0.000000
vt 1.000000 0.000000
vt 1.000000 0.000000
vt 1.000000 0.000000
vt 1.000000 0.000000
vt 1.000000 0.000000
vt 1.000000 0.000000
vt 1.000000 0.000000
vt 1.000000 0.000000
vt 1.000000 0.000000
vt 1.000000 0.000000
vt 1.000000 0.000000
vt 1.000000 0.000000
vt 1.000000 0.000000
vt 1.000000 0.000000
vt 1.000000 0.000000
vt 1.000000 0.000000
vt 1.000000 0.000000
vt 1.000000 0.000000
vt 1.000000 0.000000
vt 1.000000 0.000000
vt 1.000000 0.000000
vt 1.000000 0.000000
vt 1.000000 0.000000
vt 1.000000 0.000000
vt 1.000000 0.000000
vt 1.000000 0.000000
vt 1.000000 0.000000
vt 1.000000 0.000000
vt 1.000000 0.000000
vt 1.000000 0.000000
vt 1.000000 0.000000
vt 1.000000 0.000000
vt 1.000000 0.000000
vt 1.000000 0.000000
vt 1.000000 0.000000
vt 1.000000 0.000000
vt 1.000000 0.000000
vt 1.000000 0.000000
vt 1.000000 0.000000
vt 1.000000 0.000000
vt 1.000000 0.000000
vt 1.000000 0.000000
vt 1.000000 0.000000
vt 1.000000 0.000000
vt 1.000000 0.000000
vt 1.000000 0.000000
vt 1.000000 0.000000
vt 1.000000 0.000000
vt 1.000000 0.000000
vt 1.000000 0.000000
vt 1.000000 0.000000
vt 1.000000 0.000000
vt 1.000000 0.000000
vt 1.000000 0.000000
vt 1.000000 0.000000
vt 1.000000 0.000000
vt 1.000000 0.000000
vt 1.000000 0.000000
vt 1.000000 0.000000
vt 1.000000 0.000000
vt 1.000000 0.000000
vt 1.000000 0.000000
vt 1.000000 0.000000
vt 1.000000 0.000000
vt 1.000000 0.000000
vt 1.000000 0.000000
vt 1.000000 0.000000
vt 1.000000 0.000000
vt 1.000000 0.000000
vt 1.000000 0.000000
vt 1.000000 0.000000
vt 1.000000 0.000000
vt 1.000000 0.000000
vt 1.000000 0.000000
vt 1.000000 0.000000
vt 1.000000 0.000000
vt 1.000000 0.000000
vt 1.000000 0.000000
vt 1.000000 0.000000
vt 1.000000 0.000000
vt 1.000000 0.000000
vt 1.000000 0.000000
vt 1.000000 0.000000
vt 1.000000 0.000000
vt 1.000000 0.000000
vt 1.000000 0.000000
vt 1.000000 0.000000
vt 1.000000 0.000000
vt 1.000000 0.000000
vt 1.000000 0.000000
vt 1.000000 0.000000
vt 1.000000 0.000000
vt 1.000000 0.000000
vt 1.000000 0.000000
vt 1.000000 0.000000
vt 1.000000 0.000000
vt 1.000000 0.000000
vt 1.000000 0.000000
vt 1.000000 0.000000
vt 1.000000 0.000000
vt 1.000000 0.000000
vt 1.000000 0.000000
vt 1.000000 0.000000
vt 1.000000 0.000000
vt 1.000000 0.000000
vt 1.000000 0.000000
vt 1.000000 0.000000
vt 1.000000 0.000000
vt 1.000000 0.000000
vt 1.000000 0.000000
vt 1.000000 0.000000
vt 1.000000 0.000000
vt 1.000000 0.000000
vt 1.000000 0.000000
vt 1.000000 0.000000
vt 1.000000 0.000000
vt 1.000000 0.000000
vt 1.000000 0.000000
vt 1.000000 0.000000
vt 1.000000 0.000000
vt 1.000000 0.000000
vt 1.000000 0.000000
vt 1.000000 0.000000
vt 1.000000 0.000000
vt 1.000000 0.000000
vt 1.000000 0.000000
vt 1.000000 0.000000
vt 1.000000 0.000000
vt 1.000000 0.000000
vt 1.000000 0.000000
vt 1.000000 0.000000
vt 1.000000 0.000000
vt 1.000000 0.000000
vt 1.000000 0.000000
vt 1.000000 0.000000
vt 1.000000 0.000000
vt 1.000000 0.000000
vt 1.000000 0.000000
vt 1.000000 0.000000
vt 1.000000 0.000000
vt 1.000000 0.000000
vt 1.000000 0.000000
vt 1.000000 0.000000
vt 1.000000 0.000000
vt 1.000000 0.000000
vt 1.000000 0.000000
vt 1.000000 0.000000
vt 1.000000 0.000000
vt 1.000000 0.000000
vt 1.000000 0.000000
vt 1.000000 0.000000
vt 1.000000 0.000000
vt 1.000000 0.000000
vt 1.000000 0.000000
vt 1.000000 0.000000
vt 1.000000 0.000000
vt 1.000000 0.000000
vt 1.000000 0.000000
vt 1.000000 0.000000
vt 1.000000 0.000000
vt 1.000000 0.000000
vt 1.000000 0.000000
vt 1.000000 0.000000
vt 1.000000 0.000000
vt 1.000000 0.000000
vt 1.000000 0.000000
vt 1.000000 0.000000
vt 1.000000 0.000000
vt 1.000000 0.000000
vt 1.000000 0.000000
vt 1.000000 0.000000
vt 1.000000 0.000000
vt 1.000000 0.000000
vt 1.000000 0.000000
vt 1.000000 0.000000
vt 1.000000 0.000000
vt 1.000000 0.000000
vt 1.000000 0.000000
vt 1.000000 0.000000
vt 1.000000 0.000000
vt 1.000000 0.000000
vt 1.000000 0.000000
vt 1.000000 0.000000
vt 1.000000 0.000000
vt 1.000000 0.000000
vt 1.000000 0.000000
vt 1.000000 0.000000
vt 1.000000 0.000000
vt 1.000000 0.000000
vt 1.000000 0.000000
vt 1.000000 0.000000
vt 1.000000 0.000000
vt 1.000000 0.000000
vt 1.000000 0.000000
vt 1.000000 0.000000
vt 1.000000 0.000000
vt 1.000000 0.000000
vt 1.000000 0.000000
vt 1.000000 0.000000
vt 1.000000 0.000000
vt 1.000000 0.000000
vt 1.000000 0.000000
vt 1.000000 0.000000
vt 1.000000 0.000000
vt 1.000000 0.000000
vt 1.000000 0.000000
vt 1.000000 0.000000
vt 1.000000 0.000000
vt 1.000000 0.000000
vt 1.000000 0.000000
vt 1.000000 0.000000
vt 1.000000 0.000000
vt 1.000000 0.000000
vt 1.000000 0.000000
vt 1.000000 0.000000
vt 1.000000 0.000000
vt 1.000000 0.000000
vt 1.000000 0.000000
vt 1.000000 0.000000
vt 1.000000 0.000000
vt 1.000000 0.000000
vt 1.000000 0.000000
vt 1.000000 0.000000
vt 1.000000 0.000000
vt 1.000000 0.000000
vt 1.000000 0.000000
vt 1.000000 0.000000
vt 1.000000 0.000000
vt 1.000000 0.000000
vt 1.000000 0.000000
vt 1.000000 0.000000
vt 1.000000 0.000000
vt 1.000000 0.000000
vt 1.000000 0.000000
vt 1.000000 0.000000
vt 1.000000 0.000000
vt 1.000000 0.000000
vt 1.000000 0.000000
vt 1.000000 0.000000
vt 1.000000 0.000000
vt 1.000000 0.000000
vt 1.000000 0.000000
vt 1.000000 0.000000
vt 1.000000 0.000000
vt 1.000000 0.000000
vt 1.000000 0.000000
vt 1.000000 0.000000
vt 1.000000 0.000000
vt 1.000000 0.000000
vt 1.000000 0.000000
vt 1.000000 0.000000
vt 1.000000 0.000000
vt 1.000000 0.000000
vt 1.000000 0.000000
vt 1.000000 0.000000
vt 1.000000 0.000000
vt 1.000000 0.000000
vt 1.000000 0.000000
vt 1.000000 0.000000
vt 1.000000 0.000000
vt 1.000000 0.000000
vt 1.000000 0.000000
vt 1.000000 0.000000
vt 1.000000 0.000000
vt 1.000000 0.000000
vt 1.000000 0.000000
vt 1.000000 0.000000
vt 1.000000 0.000000
vt 1.000000 0.000000
vt 1.000000 0.000000
vt 1.000000 0.000000
vt 1.000000 0.000000
vt 1.000000 0.000000
vt 1.000000 0.000000
vt 1.000000 0.000000
vt 1.000000 0.000000
vt 1.000000 0.000000
vt 1.000000 0.000000
vt 1.000000 0.000000
vt 1.000000 0.000000
vt 1.000000 0.000000
vt 1.000000 0.000000
vt 1.000000 0.000000
vt 1.000000 0.000000
vt 1.000000 0.000000
vt 1.000000 0.000000
vt 1.000000 0.000000
vt 1.000000 0.000000
vt 1.000000 0.000000
vt 1.000000 0.000000
vt 1.000000 0.000000
vt 1.000000 0.000000
vt 1.000000 0.000000
vt 1.000000 0.000000
vt 1.000000 0.000000
vt 1.000000 0.000000
vt 1.000000 0.000000
vt 1.000000 0.000000
vt 1.000000 0.000000
vt 1.000000 0.000000
vt 1.000000 0.000000
vt 1.000000 0.000000
vt 1.000000 0.000000
vt 1.000000 0.000000
vt 1.000000 0.000000
vt 1.000000 0.000000
vt 1.000000 0.000000
vt 1.000000 0.000000
vt 1.000000 0.000000
vt 1.000000 0.000000
vt 1.000000 0.000000
vt 1.000000 0.000000
vt 1.000000 0.000000
vt 1.000000 0.000000
vt 1.000000 0.000000
vt 1.000000 0.000000
vt 1.000000 0.000000
vt 1.000000 0.000000
vt 1.000000 0.000000
vt 1.000000 0.000000
vt 1.000000 0.000000
vt 1.000000 0.000000
vt 1.000000 0.000000
vt 1.000000 0.000000
vt 1.000000 0.000000
vt 1.000000 0.000000
vt 1.000000 0.000000
vt 1.000000 0.000000
vt 1.000000 0.000000
vt 1.000000 0.000000
vt 1.000000 0.000000
vt 1.000000 0.000000
vt 1.000000 0.000000
vt 1.000000 0.000000
vt 1.000000 0.000000
vt 1.000000 0.000000
vt 1.000000 0.000000
vt 1.000000 0.000000
vt 1.000000 0.000000
vt 1.000000 0.000000
vt 1.000000 0.000000
vt 1.000000 0.000000
vt 1.000000 0.000000
vt 1.000000 0.000000
vt 1.000000 0.000000
vt 1.000000 0.000000
vt 1.000000 0.000000
vt 1.000000 0.000000
vt 1.000000 0.000000
vt 1.000000 0.000000
vt 1.000000 0.000000
vt 1.000000 0.000000
vt 1.000000 0.000000
vt 1.000000 0.000000
vt 1.000000 0.000000
vt 1.000000 0.000000
vt 1.000000 0.000000
vt 1.000000 0.000000
vt 1.000000 0.000000
vt 1.000000 0.000000
vt 1.000000 0.000000
vt 1.000000 0.000000
vt 1.000000 0.000000
vt 1.000000 0.000000
vt 1.000000 0.000000
vt 1.000000 0.000000
vt 1.000000 0.000000
vt 1.000000 0.000000
vt 1.000000 0.000000
vt 1.000000 0.000000
vt 1.000000 0.000000
vt 1.000000 0.000000
vt 1.000000 0.000000
vt 1.000000 0.000000
vt 1.000000 0.000000
vt 1.000000 0.000000
vt 1.000000 0.000000
vt 1.000000 0.000000
vt 1.000000 0.000000
vt 1.000000 0.000000
vt 1.000000 0.000000
vt 1.000000 0.000000
vt 1.000000 0.000000
vt 1.000000 0.000000
vt 1.000000 0.000000
vt 1.000000 0.000000
vt 1.000000 0.000000
vt 1.000000 0.000000
vt 1.000000 0.000000
vt 1.000000 0.000000
vt 1.000000 0.000000
vt 1.000000 0.000000
vt 1.000000 0.000000
vt 1.000000 0.000000
vt 1.000000 0.000000
vt 1.000000 0.000000
vt 1.000000 0.000000
vt 1.000000 0.000000
vt 1.000000 0.000000
vt 1.000000 0.000000
vt 1.000000 0.000000
vt 1.000000 0.000000
vt 1.000000 0.000000
vt 1.000000 0.000000
vt 1.000000 0.000000
vt 1.000000 0.000000
vt 1.000000 0.000000
vt 1.000000 0.000000
vt 1.000000 0.000000
vt 1.000000 0.000000
vt 1.000000 0.000000
vt 1.000000 0.000000
vt 1.000000 0.000000
vt 1.000000 0.000000
vt 1.000000 0.000000
vt 1.000000 0.000000
vt 1.000000 0.000000
vt 1.000000 0.000000
vt 1.000000 0.000000
vt 1.000000 0.000000
vt 1.000000 0.000000
vt 1.000000 0.000000
vt 1.000000 0.000000
vt 1.000000 0.000000
vt 1.000000 0.000000
vt 1.000000 0.000000
vt 1.000000 0.000000
vt 1.000000 0.000000
vt 1.000000 0.000000
vt 1.000000 0.000000
vt 1.000000 0.000000
vt 1.000000 0.000000
vt 1.000000 0.000000
vt 1.000000 0.000000
vt 1.000000 0.000000
vt 1.000000 0.000000
vt 1.000000 0.000000
vt 1.000000 0.000000
vt 1.000000 0.000000
vt 1.000000 0.000000
vt 1.000000 0.000000
vt 1.000000 0.000000
vt 1.000000 0.000000
vt 1.000000 0.000000
vt 1.000000 0.000000
vt 1.000000 0.000000
vt 1.000000 0.000000
vt 1.000000 0.000000
vt 1.000000 0.000000
vt 1.000000 0.000000
vt 1.000000 0.000000
vt 1.000000 0.000000
vt 1.000000 0.000000
vt 1.000000 0.000000
vt 1.000000 0.000000
vt 1.000000 0.000000
vt 1.000000 0.000000
vt 1.000000 0.000000
vt 1.000000 0.000000
vt 1.000000 0.000000
vt 1.000000 0.000000
vt 1.000000 0.000000
vt 1.000000 0.000000
vt 1.000000 0.000000
vt 1.000000 0.000000
vt 1.000000 0.000000
vt 1.000000 0.000000
vt 1.000000 0.000000
vt 1.000000 0.000000
vt 1.000000 0.000000
vt 1.000000 0.000000
vt 1.000000 0.000000
vt 1.000000 0.000000
vt 1.000000 0.000000
vt 1.000000 0.000000
vt 1.000000 0.000000
vt 1.000000 0.000000
vt 1.000000 0.000000
vt 1.000000 0.000000
vt 1.000000 0.000000
vt 1.000000 0.000000
vt 1.000000 0.000000
vt 1.000000 0.000000
vt 1.000000 0.000000
vt 1.000000 0.000000
vt 1.000000 0.000000
vt 1.000000 0.000000
vt 1.000000 0.000000
vt 1.000000 0.000000
vt 1.000000 0.000000
vt 1.000000 0.000000
vt 1.000000 0.000000
vt 1.000000 0.000000
vt 1.000000 0.000000
vt 1.000000 0.000000
vt 1.000000 0.000000
vt 1.000000 0.000000
vt 1.000000 0.000000
vt 1.000000 0.000000
vt 1.000000 0.000000
vt 1.000000 0.000000
vt 1.000000 0.000000
vt 1.000000 0.000000
vt 1.000000 0.000000
vt 1.000000 0.000000
vt 1.000000 0.000000
vt 1.000000 0.000000
vt 1.000000 0.000000
vt 1.000000 0.000000
vt 1.000000 0.000000
vt 1.000000 0.000000
vt 1.000000 0.000000
vt 1.000000 0.000000
vt 1.000000 0.000000
vt 1.000000 0.000000
vt 1.000000 0.000000
vt 1.000000 0.000000
vt 1.000000 0.000000
vt 1.000000 0.000000
vt 1.000000 0.000000
vt 1.000000 0.000000
vt 1.000000 0.000000
vt 1.000000 0.000000
vt 1.000000 0.000000
vt 1.000000 0.000000
vt 1.000000 0.000000
vt 1.000000 0.000000
vt 1.000000 0.000000
vt 1.000000 0.000000
vt 1.000000 0.000000
vt 1.000000 0.000000
vt 1.000000 0.000000
vt 1.000000 0.000000
vt 1.000000 0.000000
vt 1.000000 0.000000
vt 1.000000 0.000000
vt 1.000000 0.000000
vt 1.000000 0.000000
vt 1.000000 0.000000
vt 1.000000 0.000000
vt 1.000000 0.000000
vt 1.000000 0.000000
vt 1.000000 0.000000
vt 1.000000 0.000000
vt 1.000000 0.000000
vt 1.000000 0.000000
vt 1.000000 0.000000
vt 1.000000 0.000000
vt 1.000000 0.000000
vt 1.000000 0.000000
vt 1.000000 0.000000
vt 1.000000 0.000000
vt 1.000000 0.000000
vt 1.000000 0.000000
vt 1.000000 0.000000
vt 1.000000 0.000000
vt 1.000000 0.000000
vt 1.000000 0.000000
vt 1.000000 0.000000
vt 1.000000 0.000000
vt 1.000000 0.000000
vt 1.000000 0.000000
vt 1.000000 0.000000
vt 1.000000 0.000000
vt 1.000000 0.000000
vt 1.000000 0.000000
vt 1.000000 0.000000
vt 1.000000 0.000000
vt 1.000000 0.000000
vt 1.000000 0.000000
vt 1.000000 0.000000
vt 1.000000 0.000000
vt 1.000000 0.000000
vt 1.000000 0.000000
vt 1.000000 0.000000
vt 1.000000 0.000000
vt 1.000000 0.000000
vt 1.000000 0.000000
vt 1.000000 0.000000
vt 1.000000 0.000000
vt 1.000000 0.000000
vt 1.000000 0.000000
vt 1.000000 0.000000
vt 1.000000 0.000000
vt 1.000000 0.000000
vt 1.000000 0.000000
vt 1.000000 0.000000
vt 1.000000 0.000000
vt 1.000000 0.000000
vt 1.000000 0.000000
vt 1.000000 0.000000
vt 1.000000 0.000000
vt 1.000000 0.000000
vt 1.000000 0.000000
vt 1.000000 0.000000
vt 1.000000 0.000000
vt 1.000000 0.000000
vt 1.000000 0.000000
vt 1.000000 0.000000
vt 1.000000 0.000000
vt 1.000000 0.000000
vt 1.000000 0.000000
vt 1.000000 0.000000
vt 1.000000 0.000000
vt 1.000000 0.000000
vt 1.000000 0.000000
vt 1.000000 0.000000
vt 1.000000 0.000000
vt 1.000000 0.000000
vt 1.000000 0.000000
vt 1.000000 0.000000
vt 1.000000 0.000000
vt 1.000000 0.000000
vt 1.000000 0.000000
vt 1.000000 0.000000
vt 1.000000 0.000000
vt 1.000000 0.000000
vt 1.000000 0.000000
vt 1.000000 0.000000
vt 1.000000 0.000000
vt 1.000000 0.000000
vt 1.000000 0.000000
vt 1.000000 0.000000
vt 1.000000 0.000000
vt 1.000000 0.000000
vt 1.000000 0.000000
vt 1.000000 0.000000
vt 1.000000 0.000000
vt 1.000000 0.000000
vt 1.000000 0.000000
vt 1.000000 0.000000
vt 1.000000 0.000000
vt 1.000000 0.000000
vt 1.000000 0.000000
vt 1.000000 0.000000
vt 1.000000 0.000000
vt 1.000000 0.000000
vt 1.000000 0.000000
vt 1.000000 0.000000
vt 1.000000 0.000000
vt 1.000000 0.000000
vt 1.000000 0.000000
vt 1.000000 0.000000
vt 1.000000 0.000000
vt 1.000000 0.000000
vt 1.000000 0.000000
vt 1.000000 0.000000
vt 1.000000 0.000000
vt 1.000000 0.000000
vt 1.000000 0.000000
vt 1.000000 0.000000
vt 1.000000 0.000000
vt 1.000000 0.000000
vt 1.000000 0.000000
vt 1.000000 0.000000
vt 1.000000 0.000000
vt 1.000000 0.000000
vt 1.000000 0.000000
vt 1.000000 0.000000
vt 1.000000 0.000000
vt 1.000000 0.000000
vt 1.000000 0.000000
vt 1.000000 0.000000
vt 1.000000 0.000000
vt 1.000000 0.000000
vt 1.000000 0.000000
vt 1.000000 0.000000
vt 1.000000 0.000000
vt 1.000000 0.000000
vt 1.000000 0.000000
vt 1.000000 0.000000
vt 1.000000 0.000000
vt 1.000000 0.000000
vt 1.000000 0.000000
vt 1.000000 0.000000
vt 1.000000 0.000000
vt 1.000000 0.000000
vt 1.000000 0.000000
vt 1.000000 0.000000
vt 1.000000 0.000000
vt 1.000000 0.000000
vt 1.000000 0.000000
vt 1.000000 0.000000
vt 1.000000 0.000000
vt 1.000000 0.000000
vt 1.000000 0.000000
vt 1.000000 0.000000
vt 1.000000 0.000000
vt 1.000000 0.000000
vt 1.000000 0.000000
vt 1.000000 0.000000
vt 1.000000 0.000000
vt 1.000000 0.000000
vt 1.000000 0.000000
vt 1.000000 0.000000
vt 1.000000 0.000000
vt 1.000000 0.000000
vt 1.000000 0.000000
vt 1.000000 0.000000
vt 1.000000 0.000000
vt 1.000000 0.000000
vt 1.000000 0.000000
vt 1.000000 0.000000
vt 1.000000 0.000000
vt 1.000000 0.000000
vt 1.000000 0.000000
vt 1.000000 0.000000
vt 1.000000 0.000000
vt 1.000000 0.000000
vt 1.000000 0.000000
vt 1.000000 0.000000
vt 1.000000 0.000000
vt 1.000000 0.000000
vt 1.000000 0.000000
vt 1.000000 0.000000
vt 1.000000 0.000000
vt 1.000000 0.000000
vt 1.000000 0.000000
vt 1.000000 0.000000
vt 1.000000 0.000000
vt 1.000000 0.000000
vt 1.000000 0.000000
vt 1.000000 0.000000
vt 1.000000 0.000000
vt 1.000000 0.000000
vt 1.000000 0.000000
vt 1.000000 0.000000
vt 1.000000 0.000000
vt 1.000000 0.000000
vt 1.000000 0.000000
vt 1.000000 0.000000
vt 1.000000 0.000000
vt 1.000000 0.000000
vt 1.000000 0.000000
vt 1.000000 0.000000
vt 1.000000 0.000000
vt 1.000000 0.000000
vt 1.000000 0.000000
vt 1.000000 0.000000
vt 1.000000 0.000000
vt 1.000000 0.000000
vt 1.000000 0.000000
vt 1.000000 0.000000
vt 1.000000 0.000000
vt 1.000000 0.000000
vt 1.000000 0.000000
vt 1.000000 0.000000
vt 1.000000 0.000000
vt 1.000000 0.000000
vt 1.000000 0.000000
vt 1.000000 0.000000
vt 1.000000 0.000000
vt 1.000000 0.000000
vt 1.000000 0.000000
vt 1.000000 0.000000
vt 1.000000 0.000000
vt 1.000000 0.000000
vt 1.000000 0.000000
vt 1.000000 0.000000
vt 1.000000 0.000000
vt 1.000000 0.000000
vt 1.000000 0.000000
vt 1.000000 0.000000
vt 1.000000 0.000000
vt 1.000000 0.000000
vt 1.000000 0.000000
vt 1.000000 0.000000
vt 1.000000 0.000000
vt 1.000000 0.000000
vt 1.000000 0.000000
vt 1.000000 0.000000
vt 1.000000 0.000000
vt 1.000000 0.000000
vt 1.000000 0.000000
vt 1.000000 0.000000
vt 1.000000 0.000000
vt 1.000000 0.000000
vt 1.000000 0.000000
vt 1.000000 0.000000
vt 1.000000 0.000000
vt 1.000000 0.000000
vt 1.000000 0.000000
vt 1.000000 0.000000
vt 1.000000 0.000000
vt 1.000000 0.000000
vt 1.000000 0.000000
vt 1.000000 0.000000
vt 1.000000 0.000000
vt 1.000000 0.000000
vt 1.000000 0.000000
vt 1.000000 0.000000
vt 1.000000 0.000000
vt 1.000000 0.000000
vt 1.000000 0.000000
vt 1.000000 0.000000
vt 1.000000 0.000000
vt 1.000000 0.000000
vt 1.000000 0.000000
vt 1.000000 0.000000
vt 1.000000 0.000000
vt 1.000000 0.000000
vt 1.000000 0.000000
vt 1.000000 0.000000
vt 1.000000 0.000000
vt 1.000000 0.000000
vt 1.000000 0.000000
vt 1.000000 0.000000
vt 1.000000 0.000000
vt 1.000000 0.000000
vt 1.000000 0.000000
vt 1.000000 0.000000
vt 1.000000 0.000000
vt 1.000000 0.000000
vt 1.000000 0.000000
vt 1.000000 0.000000
vt 1.000000 0.000000
vt 1.000000 0.000000
vt 1.000000 0.000000
vt 1.000000 0.000000
vt 1.000000 0.000000
vt 1.000000 0.000000
vt 1.000000 0.000000
vt 1.000000 0.000000
vt 1.000000 0.000000
vt 1.000000 0.000000
vt 1.000000 0.000000
vt 1.000000 0.000000
vt 1.000000 0.000000
vt 1.000000 0.000000
vt 1.000000 0.000000
vt 1.000000 0.000000
vt 1.000000 0.000000
vt 1.000000 0.000000
vt 1.000000 0.000000
vt 1.000000 0.000000
vt 1.000000 0.000000
vt 1.000000 0.000000
vt 1.000000 0.000000
vt 1.000000 0.000000
vt 1.000000 0.000000
vt 1.000000 0.000000
vt 1.000000 0.000000
vt 1.000000 0.000000
vt 1.000000 0.000000
vt 1.000000 0.000000
vt 1.000000 0.000000
vt 1.000000 0.000000
vt 1.000000 0.000000
vt 1.000000 0.000000
vt 1.000000 0.000000
vt 1.000000 0.000000
vt 1.000000 0.000000
vt 1.000000 0.000000
vt 1.000000 0.000000
vt 1.000000 0.000000
vt 1.000000 0.000000
vt 1.000000 0.000000
vt 1.000000 0.000000
vt 1.000000 0.000000
vt 1.000000 0.000000
vt 1.000000 0.000000
vt 1.000000 0.000000
vt 1.000000 0.000000
vt 1.000000 0.000000
vt 1.000000 0.000000
vt 1.000000 0.000000
vt 1.000000 0.000000
vt 1.000000 0.000000
vt 1.000000 0.000000
vt 1.000000 0.000000
vt 1.000000 0.000000
vt 1.000000 0.000000
vt 1.000000 0.000000
vt 1.000000 0.000000
vt 1.000000 0.000000
vt 1.000000 0.000000
vt 1.000000 0.000000
vt 1.000000 0.000000
vt 1.000000 0.000000
vt 1.000000 0.000000
vt 1.000000 0.000000
vt 1.000000 0.000000
vt 1.000000 0.000000
vt 1.000000 0.000000
vt 1.000000 0.000000
vt 1.000000 0.000000
vt 1.000000 0.000000
vt 1.000000 0.000000
vt 1.000000 0.000000
vt 1.000000 0.000000
vt 1.000000 0.000000
vt 1.000000 0.000000
vt 1.000000 0.000000
vt 1.000000 0.000000
vt 1.000000 0.000000
vt 1.000000 0.000000
vt 1.000000 0.000000
vt 1.000000 0.000000
vt 1.000000 0.000000
vt 1.000000 0.000000
vt 1.000000 0.000000
vt 1.000000 0.000000
vt 1.000000 0.000000
vt 1.000000 0.000000
vt 1.000000 0.000000
vt 1.000000 0.000000
vt 1.000000 0.000000
vt 1.000000 0.000000
vt 1.000000 0.000000
vt 1.000000 0.000000
vt 1.000000 0.000000
vt 1.000000 0.000000
vt 1.000000 0.000000
vt 1.000000 0.000000
vt 1.000000 0.000000
vt 1.000000 0.000000
vt 1.000000 0.000000
vt 1.000000 0.000000
vt 1.000000 0.000000
vt 1.000000 0.000000
vt 1.000000 0.000000
vt 1.000000 0.000000
vt 1.000000 0.000000
vt 1.000000 0.000000
vt 1.000000 0.000000
vt 1.000000 0.000000
vt 1.000000 0.000000
vt 1.000000 0.000000
vt 1.000000 0.000000
vt 1.000000 0.000000
vt 1.000000 0.000000
vt 1.000000 0.000000
vt 1.000000 0.000000
vt 1.000000 0.000000
vt 1.000000 0.000000
vt 1.000000 0.000000
vt 1.000000 0.000000
vt 1.000000 0.000000
vt 1.000000 0.000000
vt 1.000000 0.000000
vt 1.000000 0.000000
vt 1.000000 0.000000
vt 1.000000 0.000000
vt 1.000000 0.000000
vt 1.000000 0.000000
vt 1.000000 0.000000
vt 1.000000 0.000000
vt 1.000000 0.000000
vt 1.000000 0.000000
vt 1.000000 0.000000
vt 1.000000 0.000000
vt 1.000000 0.000000
vt 1.000000 0.000000
vt 1.000000 0.000000
vt 1.000000 0.000000
vt 1.000000 0.000000
vt 1.000000 0.000000
vt 1.000000 0.000000
vt 1.000000 0.000000
vt 1.000000 0.000000
vt 1.000000 0.000000
vt 1.000000 0.000000
vt 1.000000 0.000000
vt 1.000000 0.000000
vt 1.000000 0.000000
vt 1.000000 0.000000
vt 1.000000 0.000000
vt 1.000000 0.000000
vt 1.000000 0.000000
vt 1.000000 0.000000
vt 1.000000 0.000000
vt 1.000000 0.000000
vt 1.000000 0.000000
vt 1.000000 0.000000
vt 1.000000 0.000000
vt 1.000000 0.000000
vt 1.000000 0.000000
vt 1.000000 0.000000
vt 1.000000 0.000000
vt 1.000000 0.000000
vt 1.000000 0.000000
vt 1.000000 0.000000
vt 1.000000 0.000000
vt 1.000000 0.000000
vt 1.000000 0.000000
vt 1.000000 0.000000
vt 1.000000 0.000000
vt 1.000000 0.000000
vt 1.000000 0.000000
vt 1.000000 0.000000
vt 1.000000 0.000000
vt 1.000000 0.000000
vt 1.000000 0.000000
vt 1.000000 0.000000
vt 1.000000 0.000000
vt 1.000000 0.000000
vt 1.000000 0.000000
vt 1.000000 0.000000
vt 1.000000 0.000000
vt 1.000000 0.000000
vt 1.000000 0.000000
vt 1.000000 0.000000
vt 1.000000 0.000000
vt 1.000000 0.000000
vt 1.000000 0.000000
vt 1.000000 0.000000
vt 1.000000 0.000000
vt 1.000000 0.000000
vt 1.000000 0.000000
vt 1.000000 0.000000
vt 1.000000 0.000000
vt 1.000000 0.000000
vt 1.000000 0.000000
vt 1.000000 0.000000
vt 1.000000 0.000000
vt 1.000000 0.000000
vt 1.000000 0.000000
vt 1.000000 0.000000
vt 1.000000 0.000000
vt 1.000000 0.000000
vt 1.000000 0.000000
vt 1.000000 0.000000
vt 1.000000 0.000000
vt 1.000000 0.000000
vt 1.000000 0.000000
vt 1.000000 0.000000
vt 1.000000 0.000000
vt 1.000000 0.000000
vt 1.000000 0.000000
vt 1.000000 0.000000
vt 1.000000 0.000000
vt 1.000000 0.000000
vt 1.000000 0.000000
vt 1.000000 0.000000
vt 1.000000 0.000000
vt 1.000000 0.000000
vt 1.000000 0.000000
vt 1.000000 0.000000
vt 1.000000 0.000000
vt 1.000000 0.000000
vt 1.000000 0.000000
vt 1.000000 0.000000
vt 1.000000 0.000000
vt 1.000000 0.000000
vt 1.000000 0.000000
vt 1.000000 0.000000
vt 1.000000 0.000000
vt 1.000000 0.000000
vt 1.000000 0.000000
vt 1.000000 0.000000
vt 1.000000 0.000000
vt 1.000000 0.000000
vt 1.000000 0.000000
vt 1.000000 0.000000
vt 1.000000 0.000000
vt 1.000000 0.000000
vt 1.000000 0.000000
vt 1.000000 0.000000
vt 1.000000 0.000000
vt 1.000000 0.000000
vt 1.000000 0.000000
vt 1.000000 0.000000
vt 1.000000 0.000000
vt 1.000000 0.000000
vt 1.000000 0.000000
vt 1.000000 0.000000
vt 1.000000 0.000000
vt 1.000000 0.000000
vt 1.000000 0.000000
vt 1.000000 0.000000
vt 1.000000 0.000000
vt 1.000000 0.000000
vt 1.000000 0.000000
vt 1.000000 0.000000
vt 1.000000 0.000000
vt 1.000000 0.000000
vt 1.000000 0.000000
vt 1.000000 0.000000
vt 1.000000 0.000000
vt 1.000000 0.000000
vt 1.000000 0.000000
vt 1.000000 0.000000
vt 1.000000 0.000000
vt 1.000000 0.000000
vt 1.000000 0.000000
vt 1.000000 0.000000
vt 1.000000 0.000000
vt 1.000000 0.000000
vt 1.000000 0.000000
vt 1.000000 0.000000
vt 1.000000 0.000000
vt 1.000000 0.000000
vt 1.000000 0.000000
vt 1.000000 0.000000
vt 1.000000 0.000000
vt 1.000000 0.000000
vt 1.000000 0.000000
vt 1.000000 0.000000
vt 1.000000 0.000000
vt 1.000000 0.000000
vt 1.000000 0.000000
vt 1.000000 0.000000
vt 1.000000 0.000000
vt 1.000000 0.000000
vt 1.000000 0.000000
vt 1.000000 0.000000
vt 1.000000 0.000000
vt 1.000000 0.000000
vt 1.000000 0.000000
vt 1.000000 0.000000
vt 1.000000 0.000000
vt 1.000000 0.000000
vt 1.000000 0.000000
vt 1.000000 0.000000
vt 1.000000 0.000000
vt 1.000000 0.000000
vt 1.000000 0.000000
vt 1.000000 0.000000
vt 1.000000 0.000000
vt 1.000000 0.000000
vt 1.000000 0.000000
vt 1.000000 0.000000
vt 1.000000 0.000000
vt 1.000000 0.000000
vt 1.000000 0.000000
vt 1.000000 0.000000
vt 1.000000 0.000000
vt 1.000000 0.000000
vt 1.000000 0.000000
vt 1.000000 0.000000
vt 1.000000 0.000000
vt 1.000000 0.000000
vt 1.000000 0.000000
vt 1.000000 0.000000
vt 1.000000 0.000000
vt 1.000000 0.000000
vt 1.000000 0.000000
vt 1.000000 0.000000
vt 1.000000 0.000000
vt 1.000000 0.000000
vt 1.000000 0.000000
vt 1.000000 0.000000
vt 1.000000 0.000000
vt 1.000000 0.000000
vt 1.000000 0.000000
vt 1.000000 0.000000
vt 1.000000 0.000000
vt 1.000000 0.000000
vt 1.000000 0.000000
vt 1.000000 0.000000
vt 1.000000 0.000000
vt 1.000000 0.000000
vt 1.000000 0.000000
vt 1.000000 0.000000
vt 1.000000 0.000000
vt 1.000000 0.000000
vt 1.000000 0.000000
vt 1.000000 0.000000
vt 1.000000 0.000000
vt 1.000000 0.000000
vt 1.000000 0.000000
vt 1.000000 0.000000
vt 1.000000 0.000000
vt 1.000000 0.000000
vt 1.000000 0.000000
vt 1.000000 0.000000
vt 1.000000 0.000000
vt 1.000000 0.000000
vt 1.000000 0.000000
vt 1.000000 0.000000
vt 1.000000 0.000000
vt 1.000000 0.000000
vt 1.000000 0.000000
vt 1.000000 0.000000
vt 1.000000 0.000000
vt 1.000000 0.000000
vt 1.000000 0.000000
vt 1.000000 0.000000
vt 1.000000 0.000000
vt 1.000000 0.000000
vt 1.000000 0.000000
vt 1.000000 0.000000
vt 1.000000 0.000000
vt 1.000000 0.000000
vt 1.000000 0.000000
vt 1.000000 0.000000
vt 1.000000 0.000000
vt 1.000000 0.000000
vt 1.000000 0.000000
vt 1.000000 0.000000
vt 1.000000 0.000000
vt 1.000000 0.000000
vt 1.000000 0.000000
vt 1.000000 0.000000
vt 1.000000 0.000000
vt 1.000000 0.000000
vt 1.000000 0.000000
vt 1.000000 0.000000
vt 1.000000 0.000000
vt 1.000000 0.000000
vt 1.000000 0.000000
vt 1.000000 0.000000
vt 1.000000 0.000000
vt 1.000000 0.000000
vt 1.000000 0.000000
vt 1.000000 0.000000
vt 1.000000 0.000000
vt 1.000000 0.000000
vt 1.000000 0.000000
vt 1.000000 0.000000
vt 1.000000 0.000000
vt 1.000000 0.000000
vt 1.000000 0.000000
vt 1.000000 0.000000
vt 1.000000 0.000000
vt 1.000000 0.000000
vt 1.000000 0.000000
vt 1.000000 0.000000
vt 1.000000 0.000000
vt 1.000000 0.000000
vt 1.000000 0.000000
vt 1.000000 0.000000
vt 1.000000 0.000000
vt 1.000000 0.000000
vt 1.000000 0.000000
vt 1.000000 0.000000
vt 1.000000 0.000000
vt 1.000000 0.000000
vt 1.000000 0.000000
vt 1.000000 0.000000
vt 1.000000 0.000000
vt 1.000000 0.000000
vt 1.000000 0.000000
vt 1.000000 0.000000
vt 1.000000 0.000000
vt 1.000000 0.000000
vt 1.000000 0.000000
vt 1.000000 0.000000
vt 1.000000 0.000000
vt 1.000000 0.000000
vt 1.000000 0.000000
vt 1.000000 0.000000
vt 1.000000 0.000000
vt 1.000000 0.000000
vt 1.000000 0.000000
vt 1.000000 0.000000
vt 1.000000 0.000000
vt 1.000000 0.000000
vt 1.000000 0.000000
vt 1.000000 0.000000
vt 1.000000 0.000000
vt 1.000000 0.000000
vt 1.000000 0.000000
vt 1.000000 0.000000
vt 1.000000 0.000000
vt 1.000000 0.000000
vt 1.000000 0.000000
vt 1.000000 0.000000
vt 1.000000 0.000000
vt 1.000000 0.000000
vt 1.000000 0.000000
vt 1.000000 0.000000
vt 1.000000 0.000000
vt 1.000000 0.000000
vt 1.000000 0.000000
vt 1.000000 0.000000
vt 1.000000 0.000000
vt 1.000000 0.000000
vt 1.000000 0.000000
vt 1.000000 0.000000
vt 1.000000 0.000000
vt 1.000000 0.000000
vt 1.000000 0.000000
vt 1.000000 0.000000
vt 1.000000 0.000000
vt 1.000000 0.000000
vt 1.000000 0.000000
vt 1.000000 0.000000
vt 1.000000 0.000000
vt 1.000000 0.000000
vt 1.000000 0.000000
vt 1.000000 0.000000
vt 1.000000 0.000000
vt 1.000000 0.000000
vt 1.000000 0.000000
vt 1.000000 0.000000
vt 1.000000 0.000000
vt 1.000000 0.000000
vt 1.000000 0.000000
vt 1.000000 0.000000
vt 1.000000 0.000000
vt 1.000000 0.000000
vt 1.000000 0.000000
vt 1.000000 0.000000
vt 1.000000 0.000000
vt 1.000000 0.000000
vt 1.000000 0.000000
vt 1.000000 0.000000
vt 1.000000 0.000000
vt 1.000000 0.000000
vt 1.000000 0.000000
vt 1.000000 0.000000
vt 1.000000 0.000000
vt 1.000000 0.000000
vt 1.000000 0.000000
vt 1.000000 0.000000
vt 1.000000 0.000000
vt 1.000000 0.000000
vt 1.000000 0.000000
vt 1.000000 0.000000
vt 1.000000 0.000000
vt 1.000000 0.000000
vt 1.000000 0.000000
vt 1.000000 0.000000
vt 1.000000 0.000000
vt 1.000000 0.000000
vt 1.000000 0.000000
vt 1.000000 0.000000
vt 1.000000 0.000000
vt 1.000000 0.000000
vt 1.000000 0.000000
vt 1.000000 0.000000
vt 1.000000 0.000000
vt 1.000000 0.000000
vt 1.000000 0.000000
vt 1.000000 0.000000
vt 1.000000 0.000000
vt 1.000000 0.000000
vt 1.000000 0.000000
vt 1.000000 0.000000
vt 1.000000 0.000000
vt 1.000000 0.000000
vt 1.000000 0.000000
vt 1.000000 0.000000
vt 1.000000 0.000000
vt 1.000000 0.000000
vt 1.000000 0.000000
vt 1.000000 0.000000
vt 1.000000 0.000000
vt 1.000000 0.000000
vt 1.000000 0.000000
vt 1.000000 0.000000
vt 1.000000 0.000000
vt 1.000000 0.000000
vt 1.000000 0.000000
vt 1.000000 0.000000
vt 1.000000 0.000000
vt 1.000000 0.000000
vt 1.000000 0.000000
vt 1.000000 0.000000
vt 1.000000 0.000000
vt 1.000000 0.000000
vt 1.000000 0.000000
vt 1.000000 0.000000
vt 1.000000 0.000000
vt 1.000000 0.000000
vt 1.000000 0.000000
vt 1.000000 0.000000
vt 1.000000 0.000000
vt 1.000000 0.000000
vt 1.000000 0.000000
vt 1.000000 0.000000
vt 1.000000 0.000000
vt 1.000000 0.000000
vt 1.000000 0.000000
vt 1.000000 0.000000
vt 1.000000 0.000000
vt 1.000000 0.000000
vt 1.000000 0.000000
vt 1.000000 0.000000
vt 1.000000 0.000000
vt 1.000000 0.000000
vt 1.000000 0.000000
vt 1.000000 0.000000
vt 1.000000 0.000000
vt 1.000000 0.000000
vt 1.000000 0.000000
vt 1.000000 0.000000
vt 1.000000 0.000000
vt 1.000000 0.000000
vt 1.000000 0.000000
vt 1.000000 0.000000
vt 1.000000 0.000000
vt 1.000000 0.000000
vt 1.000000 0.000000
vt 1.000000 0.000000
vt 1.000000 0.000000
vt 1.000000 0.000000
vt 1.000000 0.000000
vt 1.000000 0.000000
vt 1.000000 0.000000
vt 1.000000 0.000000
vt 1.000000 0.000000
vt 1.000000 0.000000
vt 1.000000 0.000000
vt 1.000000 0.000000
vt 1.000000 0.000000
vt 1.000000 0.000000
vt 1.000000 0.000000
vt 1.000000 0.000000
vt 1.000000 0.000000
vt 1.000000 0.000000
vt 1.000000 0.000000
vt 1.000000 0.000000
vt 1.000000 0.000000
vt 1.000000 0.000000
vt 1.000000 0.000000
vt 1.000000 0.000000
vt 1.000000 0.000000
vt 1.000000 0.000000
vt 1.000000 0.000000
vt 1.000000 0.000000
vt 1.000000 0.000000
vt 1.000000 0.000000
vt 1.000000 0.000000
vt 1.000000 0.000000
vt 1.000000 0.000000
vt 1.000000 0.000000
vt 1.000000 0.000000
vt 1.000000 0.000000
vt 1.000000 0.000000
vt 1.000000 0.000000
vt 1.000000 0.000000
vt 1.000000 0.000000
vt 1.000000 0.000000
vt 1.000000 0.000000
vt 1.000000 0.000000
vt 1.000000 0.000000
vt 1.000000 0.000000
vt 1.000000 0.000000
vt 1.000000 0.000000
vt 1.000000 0.000000
vt 1.000000 0.000000
vt 1.000000 0.000000
vt 1.000000 0.000000
vt 1.000000 0.000000
vt 1.000000 0.000000
vt 1.000000 0.000000
vt 1.000000 0.000000
vt 1.000000 0.000000
vt 1.000000 0.000000
vt 1.000000 0.000000
vt 1.000000 0.000000
vt 1.000000 0.000000
vt 1.000000 0.000000
vt 1.000000 0.000000
vt 1.000000 0.000000
vt 1.000000 0.000000
vt 1.000000 0.000000
vt 1.000000 0.000000
vt 1.000000 0.000000
vt 1.000000 0.000000
vt 1.000000 0.000000
vt 1.000000 0.000000
vt 1.000000 0.000000
vt 1.000000 0.000000
vt 1.000000 0.000000
vt 1.000000 0.000000
vt 1.000000 0.000000
vt 1.000000 0.000000
vt 1.000000 0.000000
vt 1.000000 0.000000
vt 1.000000 0.000000
vt 1.000000 0.000000
vt 1.000000 0.000000
vt 1.000000 0.000000
vt 1.000000 0.000000
vt 1.000000 0.000000
vt 1.000000 0.000000
vt 1.000000 0.000000
vt 1.000000 0.000000
vt 1.000000 0.000000
vt 1.000000 0.000000
vt 1.000000 0.000000
vt 1.000000 0.000000
vt 1.000000 0.000000
vt 1.000000 0.000000
vt 1.000000 0.000000
vt 1.000000 0.000000
vt 1.000000 0.000000
vt 1.000000 0.000000
vt 1.000000 0.000000
vt 1.000000 0.000000
vt 1.000000 0.000000
vt 1.000000 0.000000
vt 1.000000 0.000000
vt 1.000000 0.000000
vt 1.000000 0.000000
vt 1.000000 0.000000
vt 1.000000 0.000000
vt 1.000000 0.000000
vt 1.000000 0.000000
vt 1.000000 0.000000
vt 1.000000 0.000000
vt 1.000000 0.000000
vt 1.000000 0.000000
vt 1.000000 0.000000
vt 1.000000 0.000000
vt 1.000000 0.000000
vt 1.000000 0.000000
vt 1.000000 0.000000
vt 1.000000 0.000000
vt 1.000000 0.000000
vt 1.000000 0.000000
vt 1.000000 0.000000
vt 1.000000 0.000000
vt 1.000000 0.000000
vt 1.000000 0.000000
vt 1.000000 0.000000
vt 1.000000 0.000000
vt 1.000000 0.000000
vt 1.000000 0.000000
vt 1.000000 0.000000
vt 1.000000 0.000000
vt 1.000000 0.000000
vt 1.000000 0.000000
vt 1.000000 0.000000
vt 1.000000 0.000000
vt 1.000000 0.000000
vt 1.000000 0.000000
vt 1.000000 0.000000
vt 1.000000 0.000000
vt 1.000000 0.000000
vt 1.000000 0.000000
vt 1.000000 0.000000
vt 1.000000 0.000000
vt 1.000000 0.000000
vt 1.000000 0.000000
vt 1.000000 0.000000
vt 1.000000 0.000000
vt 1.000000 0.000000
vt 1.000000 0.000000
vt 1.000000 0.000000
vt 1.000000 0.000000
vt 1.000000 0.000000
vt 1.000000 0.000000
vt 1.000000 0.000000
vt 1.000000 0.000000
vt 1.000000 0.000000
vt 1.000000 0.000000
vt 1.000000 0.000000
vt 1.000000 0.000000
vt 1.000000 0.000000
vt 1.000000 0.000000
vt 1.000000 0.000000
vt 1.000000 0.000000
vt 1.000000 0.000000
vt 1.000000 0.000000
vt 1.000000 0.000000
vt 1.000000 0.000000
vt 1.000000 0.000000
vt 1.000000 0.000000
vt 1.000000 0.000000
vt 1.000000 0.000000
vt 1.000000 0.000000
vt 1.000000 0.000000
vt 1.000000 0.000000
vt 1.000000 0.000000
vt 1.000000 0.000000
vt 1.000000 0.000000
vt 1.000000 0.000000
vt 1.000000 0.000000
vt 1.000000 0.000000
vt 1.000000 0.000000
vt 1.000000 0.000000
vt 1.000000 0.000000
vt 1.000000 0.000000
vt 1.000000 0.000000
vt 1.000000 0.000000
vt 1.000000 0.000000
vt 1.000000 0.000000
vt 1.000000 0.000000
vt 1.000000 0.000000
vt 1.000000 0.000000
vt 1.000000 0.000000
vt 1.000000 0.000000
vt 1.000000 0.000000
vt 1.000000 0.000000
vt 1.000000 0.000000
vt 1.000000 0.000000
vt 1.000000 0.000000
vt 1.000000 0.000000
vt 1.000000 0.000000
vt 1.000000 0.000000
vt 1.000000 0.000000
vt 1.000000 0.000000
vt 1.000000 0.000000
vt 1.000000 0.000000
vt 1.000000 0.000000
vt 1.000000 0.000000
vt 1.000000 0.000000
vt 1.000000 0.000000
vt 1.000000 0.000000
vt 1.000000 0.000000
vt 1.000000 0.000000
vt 1.000000 0.000000
vt 1.000000 0.000000
vt 1.000000 0.000000
vt 1.000000 0.000000
vt 1.000000 0.000000
vt 1.000000 0.000000
vt 1.000000 0.000000
vt 1.000000 0.000000
vt 1.000000 0.000000
vt 1.000000 0.000000
vt 1.000000 0.000000
vt 1.000000 0.000000
vt 1.000000 0.000000
vt 1.000000 0.000000
vt 1.000000 0.000000
vt 1.000000 0.000000
vt 1.000000 0.000000
vt 1.000000 0.000000
vt 1.000000 0.000000
vt 1.000000 0.000000
vt 1.000000 0.000000
vt 1.000000 0.000000
vt 1.000000 0.000000
vt 1.000000 0.000000
vt 1.000000 0.000000
vt 1.000000 0.000000
vt 1.000000 0.000000
vt 1.000000 0.000000
vt 1.000000 0.000000
vt 1.000000 0.000000
vt 1.000000 0.000000
vt 1.000000 0.000000
vt 1.000000 0.000000
vt 1.000000 0.000000
vt 1.000000 0.000000
vt 1.000000 0.000000
vt 1.000000 0.000000
vt 1.000000 0.000000
vt 1.000000 0.000000
vt 1.000000 0.000000
vt 1.000000 0.000000
vt 1.000000 0.000000
vt 1.000000 0.000000
vt 1.000000 0.000000
vt 1.000000 0.000000
vt 1.000000 0.000000
vt 1.000000 0.000000
vt 1.000000 0.000000
vt 1.000000 0.000000
vt 1.000000 0.000000
vt 1.000000 0.000000
vt 1.000000 0.000000
vt 1.000000 0.000000
vt 1.000000 0.000000
vt 1.000000 0.000000
vt 1.000000 0.000000
vt 1.000000 0.000000
vt 1.000000 0.000000
vt 1.000000 0.000000
vt 1.000000 0.000000
vt 1.000000 0.000000
vt 1.000000 0.000000
vt 1.000000 0.000000
vt 1.000000 0.000000
vt 1.000000 0.000000
vt 1.000000 0.000000
vt 1.000000 0.000000
vt 1.000000 0.000000
vt 1.000000 0.000000
vt 1.000000 0.000000
vt 1.000000 0.000000
vt 1.000000 0.000000
vt 1.000000 0.000000
vt 1.000000 0.000000
vt 1.000000 0.000000
vt 1.000000 0.000000
vt 1.000000 0.000000
vt 1.000000 0.000000
vt 1.000000 0.000000
vt 1.000000 0.000000
vt 1.000000 0.000000
vt 1.000000 0.000000
vt 1.000000 0.000000
vt 1.000000 0.000000
vt 1.000000 0.000000
vt 1.000000 0.000000
vt 1.000000 0.000000
vt 1.000000 0.000000
vt 1.000000 0.000000
vt 1.000000 0.000000
vt 1.000000 0.000000
vt 1.000000 0.000000
vt 1.000000 0.000000
vt 1.000000 0.000000
vt 1.000000 0.000000
vt 1.000000 0.000000
vt 1.000000 0.000000
vt 1.000000 0.000000
vt 1.000000 0.000000
vt 1.000000 0.000000
vt 1.000000 0.000000
vt 1.000000 0.000000
vt 1.000000 0.000000
vt 1.000000 0.000000
vt 1.000000 0.000000
vt 1.000000 0.000000
vt 1.000000 0.000000
vt 1.000000 0.000000
vt 1.000000 0.000000
vt 1.000000 0.000000
vt 1.000000 0.000000
vt 1.000000 0.000000
vt 1.000000 0.000000
vt 1.000000 0.000000
vt 1.000000 0.000000
vt 1.000000 0.000000
vt 1.000000 0.000000
vt 1.000000 0.000000
vt 1.000000 0.000000
vt 1.000000 0.000000
vt 1.000000 0.000000
vt 1.000000 0.000000
vt 1.000000 0.000000
vt 1.000000 0.000000
vt 1.000000 0.000000
vt 1.000000 0.000000
vt 1.000000 0.000000
vt 1.000000 0.000000
vt 1.000000 0.000000
vt 1.000000 0.000000
vt 1.000000 0.000000
vt 1.000000 0.000000
vt 1.000000 0.000000
vt 1.000000 0.000000
vt 1.000000 0.000000
vt 1.000000 0.000000
vt 1.000000 0.000000
vt 1.000000 0.000000
vt 1.000000 0.000000
vt 1.000000 0.000000
vt 1.000000 0.000000
vt 1.000000 0.000000
vt 1.000000 0.000000
vt 1.000000 0.000000
vt 1.000000 0.000000
vt 1.000000 0.000000
vt 1.000000 0.000000
vt 1.000000 0.000000
vt 1.000000 0.000000
vt 1.000000 0.000000
vt 1.000000 0.000000
vt 1.000000 0.000000
vt 1.000000 0.000000
vt 1.000000 0.000000
vt 1.000000 0.000000
vt 1.000000 0.000000
vt 1.000000 0.000000
vt 1.000000 0.000000
vt 1.000000 0.000000
vt 1.000000 0.000000
vt 1.000000 0.000000
vt 1.000000 0.000000
vt 1.000000 0.000000
vt 1.000000 0.000000
vt 1.000000 0.000000
vt 1.000000 0.000000
vt 1.000000 0.000000
vt 1.000000 0.000000
vt 1.000000 0.000000
vt 1.000000 0.000000
vt 1.000000 0.000000
vt 1.000000 0.000000
vt 1.000000 0.000000
vt 1.000000 0.000000
vt 1.000000 0.000000
vt 1.000000 0.000000
vt 1.000000 0.000000
vt 1.000000 0.000000
vt 1.000000 0.000000
vt 1.000000 0.000000
vt 1.000000 0.000000
vt 1.000000 0.000000
vt 1.000000 0.000000
vt 1.000000 0.000000
vt 1.000000 0.000000
vt 1.000000 0.000000
vt 1.000000 0.000000
vt 1.000000 0.000000
vt 1.000000 0.000000
vt 1.000000 0.000000
vt 1.000000 0.000000
vt 1.000000 0.000000
vt 1.000000 0.000000
vt 1.000000 0.000000
vt 1.000000 0.000000
vt 1.000000 0.000000
vt 1.000000 0.000000
vt 1.000000 0.000000
vt 1.000000 0.000000
vt 1.000000 0.000000
vt 1.000000 0.000000
vt 1.000000 0.000000
vt 1.000000 0.000000
vt 1.000000 0.000000
vt 1.000000 0.000000
vt 1.000000 0.000000
vt 1.000000 0.000000
vt 1.000000 0.000000
vt 1.000000 0.000000
vt 1.000000 0.000000
vt 1.000000 0.000000
vt 1.000000 0.000000
vt 1.000000 0.000000
vt 1.000000 0.000000
vt 1.000000 0.000000
vt 1.000000 0.000000
vt 1.000000 0.000000
vt 1.000000 0.000000
vt 1.000000 0.000000
vt 1.000000 0.000000
vt 1.000000 0.000000
vt 1.000000 0.000000
vt 1.000000 0.000000
vt 1.000000 0.000000
vt 1.000000 0.000000
vt 1.000000 0.000000
vt 1.000000 0.000000
vt 1.000000 0.000000
vt 1.000000 0.000000
vt 1.000000 0.000000
vt 1.000000 0.000000
vt 1.000000 0.000000
vt 1.000000 0.000000
vt 1.000000 0.000000
vt 1.000000 0.000000
vt 1.000000 0.000000
vt 1.000000 0.000000
vt 1.000000 0.000000
vt 1.000000 0.000000
vt 1.000000 0.000000
vt 1.000000 0.000000
vt 1.000000 0.000000
vt 1.000000 0.000000
vt 1.000000 0.000000
vt 1.000000 0.000000
vt 1.000000 0.000000
vt 1.000000 0.000000
vt 1.000000 0.000000
vt 1.000000 0.000000
vt 1.000000 0.000000
vt 1.000000 0.000000
vt 1.000000 0.000000
vt 1.000000 0.000000
vt 1.000000 0.000000
vt 1.000000 0.000000
vt 1.000000 0.000000
vt 1.000000 0.000000
vt 1.000000 0.000000
vt 1.000000 0.000000
vt 1.000000 0.000000
vt 1.000000 0.000000
vt 1.000000 0.000000
vt 1.000000 0.000000
vt 1.000000 0.000000
vt 1.000000 0.000000
vt 1.000000 0.000000
vt 1.000000 0.000000
vt 1.000000 0.000000
vt 1.000000 0.000000
vt 1.000000 0.000000
vt 1.000000 0.000000
vt 1.000000 0.000000
vt 1.000000 0.000000
vt 1.000000 0.000000
vt 1.000000 0.000000
vt 1.000000 0.000000
vt 1.000000 0.000000
vt 1.000000 0.000000
vt 1.000000 0.000000
vt 1.000000 0.000000
vt 1.000000 0.000000
vt 1.000000 0.000000
vt 1.000000 0.000000
vt 1.000000 0.000000
vt 1.000000 0.000000
vt 1.000000 0.000000
vt 1.000000 0.000000
vt 1.000000 0.000000
vt 1.000000 0.000000
vt 1.000000 0.000000
vt 1.000000 0.000000
vt 1.000000 0.000000
vt 1.000000 0.000000
vt 1.000000 0.000000
vt 1.000000 0.000000
vt 1.000000 0.000000
vt 1.000000 0.000000
vt 1.000000 0.000000
vt 1.000000 0.000000
vt 1.000000 0.000000
vt 1.000000 0.000000
vt 1.000000 0.000000
vt 1.000000 0.000000
vt 1.000000 0.000000
vt 1.000000 0.000000
vt 1.000000 0.000000
vt 1.000000 0.000000
vt 1.000000 0.000000
vt 1.000000 0.000000
vt 1.000000 0.000000
vt 1.000000 0.000000
vt 1.000000 0.000000
vt 1.000000 0.000000
vt 1.000000 0.000000
vt 1.000000 0.000000
vt 1.000000 0.000000
vt 1.000000 0.000000
vt 1.000000 0.000000
vt 1.000000 0.000000
vt 1.000000 0.000000
vt 1.000000 0.000000
vt 1.000000 0.000000
vt 1.000000 0.000000
vt 1.000000 0.000000
vt 1.000000 0.000000
vt 1.000000 0.000000
vt 1.000000 0.000000
vt 1.000000 0.000000
vt 1.000000 0.000000
vt 1.000000 0.000000
vt 1.000000 0.000000
vt 1.000000 0.000000
vt 1.000000 0.000000
vt 1.000000 0.000000
vt 1.000000 0.000000
vt 1.000000 0.000000
vt 1.000000 0.000000
vt 1.000000 0.000000
vt 1.000000 0.000000
vt 1.000000 0.000000
vt 1.000000 0.000000
vt 1.000000 0.000000
vt 1.000000 0.000000
vt 1.000000 0.000000
vt 1.000000 0.000000
vt 1.000000 0.000000
vt 1.000000 0.000000
vt 1.000000 0.000000
vt 1.000000 0.000000
vt 1.000000 0.000000
vt 1.000000 0.000000
vt 1.000000 0.000000
vt 1.000000 0.000000
vt 1.000000 0.000000
vt 1.000000 0.000000
vt 1.000000 0.000000
vt 1.000000 0.000000
vt 1.000000 0.000000
vt 1.000000 0.000000
vt 1.000000 0.000000
vt 1.000000 0.000000
vt 1.000000 0.000000
vt 1.000000 0.000000
vt 1.000000 0.000000
vt 1.000000 0.000000
vt 1.000000 0.000000
vt 1.000000 0.000000
vt 1.000000 0.000000
vt 1.000000 0.000000
vt 1.000000 0.000000
vt 1.000000 0.000000
vt 1.000000 0.000000
vt 1.000000 0.000000
vt 1.000000 0.000000
vt 1.000000 0.000000
vt 1.000000 0.000000
vt 1.000000 0.000000
vt 1.000000 0.000000
vt 1.000000 0.000000
vt 1.000000 0.000000
vt 1.000000 0.000000
vt 1.000000 0.000000
vt 1.000000 0.000000
vt 1.000000 0.000000
vt 1.000000 0.000000
vt 1.000000 0.000000
vt 1.000000 0.000000
vt 1.000000 0.000000
vt 1.000000 0.000000
vt 1.000000 0.000000
vt 1.000000 0.000000
vt 1.000000 0.000000
vt 1.000000 0.000000
vt 1.000000 0.000000
vt 1.000000 0.000000
vt 1.000000 0.000000
vt 1.000000 0.000000
vt 1.000000 0.000000
vt 1.000000 0.000000
vt 1.000000 0.000000
vt 1.000000 0.000000
vt 1.000000 0.000000
vt 1.000000 0.000000
vt 1.000000 0.000000
vt 1.000000 0.000000
vt 1.000000 0.000000
vt 1.000000 0.000000
vt 1.000000 0.000000
vt 1.000000 0.000000
vt 1.000000 0.000000
vt 1.000000 0.000000
vt 1.000000 0.000000
vt 1.000000 0.000000
vt 1.000000 0.000000
vt 1.000000 0.000000
vt 1.000000 0.000000
vt 1.000000 0.000000
vt 1.000000 0.000000
vt 1.000000 0.000000
vt 1.000000 0.000000
vt 1.000000 0.000000
vt 1.000000 0.000000
vt 1.000000 0.000000
vt 1.000000 0.000000
vt 1.000000 0.000000
vt 1.000000 0.000000
vt 1.000000 0.000000
vt 1.000000 0.000000
vt 1.000000 0.000000
vt 1.000000 0.000000
vt 1.000000 0.000000
vt 1.000000 0.000000
vt 1.000000 0.000000
vt 1.000000 0.000000
vt 1.000000 0.000000
vt 1.000000 0.000000
vt 1.000000 0.000000
vt 1.000000 0.000000
vt 1.000000 0.000000
vt 1.000000 0.000000
vt 1.000000 0.000000
vt 1.000000 0.000000
vt 1.000000 0.000000
vt 1.000000 0.000000
vt 1.000000 0.000000
vt 1.000000 0.000000
vt 1.000000 0.000000
vt 1.000000 0.000000
vt 1.000000 0.000000
vt 1.000000 0.000000
vt 1.000000 0.000000
vt 1.000000 0.000000
vt 1.000000 0.000000
vt 1.000000 0.000000
vt 1.000000 0.000000
vt 1.000000 0.000000
vt 1.000000 0.000000
vt 1.000000 0.000000
vt 1.000000 0.000000
vt 1.000000 0.000000
vt 1.000000 0.000000
vt 1.000000 0.000000
vt 1.000000 0.000000
vt 1.000000 0.000000
vt 1.000000 0.000000
vt 1.000000 0.000000
vt 1.000000 0.000000
vt 1.000000 0.000000
vt 1.000000 0.000000
vt 1.000000 0.000000
vt 1.000000 0.000000
vt 1.000000 0.000000
vt 1.000000 0.000000
vt 1.000000 0.000000
vt 1.000000 0.000000
vt 1.000000 0.000000
vt 1.000000 0.000000
vt 1.000000 0.000000
vt 1.000000 0.000000
vt 1.000000 0.000000
vt 1.000000 0.000000
vt 1.000000 0.000000
vt 1.000000 0.000000
vt 1.000000 0.000000
vt 1.000000 0.000000
vt 1.000000 0.000000
vt 1.000000 0.000000
vt 1.000000 0.000000
vt 1.000000 0.000000
vt 1.000000 0.000000
vt 1.000000 0.000000
vt 1.000000 0.000000
vt 1.000000 0.000000
vt 1.000000 0.000000
vt 1.000000 0.000000
vt 1.000000 0.000000
vt 1.000000 0.000000
vt 1.000000 0.000000
vt 1.000000 0.000000
vt 1.000000 0.000000
vt 1.000000 0.000000
vt 1.000000 0.000000
vt 1.000000 0.000000
vt 1.000000 0.000000
vt 1.000000 0.000000
vt 1.000000 0.000000
vt 1.000000 0.000000
vt 1.000000 0.000000
vt 1.000000 0.000000
vt 1.000000 0.000000
vt 1.000000 0.000000
vt 1.000000 0.000000
vt 1.000000 0.000000
vt 1.000000 0.000000
vt 1.000000 0.000000
vt 1.000000 0.000000
vt 1.000000 0.000000
vt 1.000000 0.000000
vt 1.000000 0.000000
vt 1.000000 0.000000
vt 1.000000 0.000000
vt 1.000000 0.000000
vt 1.000000 0.000000
vt 1.000000 0.000000
vt 1.000000 0.000000
vt 1.000000 0.000000
vt 1.000000 0.000000
vt 1.000000 0.000000
vt 1.000000 0.000000
vt 1.000000 0.000000
vt 1.000000 0.000000
vt 1.000000 0.000000
vt 1.000000 0.000000
vt 1.000000 0.000000
vt 1.000000 0.000000
vt 1.000000 0.000000
vt 1.000000 0.000000
vt 1.000000 0.000000
vt 1.000000 0.000000
vt 1.000000 0.000000
vt 1.000000 0.000000
vt 1.000000 0.000000
vt 1.000000 0.000000
vt 1.000000 0.000000
vt 1.000000 0.000000
vt 1.000000 0.000000
vt 1.000000 0.000000
vt 1.000000 0.000000
vt 1.000000 0.000000
vt 1.000000 0.000000
vt 1.000000 0.000000
vt 1.000000 0.000000
vt 1.000000 0.000000
vt 1.000000 0.000000
vt 1.000000 0.000000
vt 1.000000 0.000000
vt 1.000000 0.000000
vt 1.000000 0.000000
vt 1.000000 0.000000
vt 1.000000 0.000000
vt 1.000000 0.000000
vt 1.000000 0.000000
vt 1.000000 0.000000
vt 1.000000 0.000000
vt 1.000000 0.000000
vt 1.000000 0.000000
vt 1.000000 0.000000
vt 1.000000 0.000000
vt 1.000000 0.000000
vt 1.000000 0.000000
vt 1.000000 0.000000
vt 1.000000 0.000000
vt 1.000000 0.000000
vt 1.000000 0.000000
vt 1.000000 0.000000
vt 1.000000 0.000000
vt 1.000000 0.000000
vt 1.000000 0.000000
vt 1.000000 0.000000
vt 1.000000 0.000000
vt 1.000000 0.000000
vt 1.000000 0.000000
vt 1.000000 0.000000
vt 1.000000 0.000000
vt 1.000000 0.000000
vt 1.000000 0.000000
vt 1.000000 0.000000
vt 1.000000 0.000000
vt 1.000000 0.000000
vt 1.000000 0.000000
vt 1.000000 0.000000
vt 1.000000 0.000000
vt 1.000000 0.000000
vt 1.000000 0.000000
vt 1.000000 0.000000
vt 1.000000 0.000000
vt 1.000000 0.000000
vt 1.000000 0.000000
vt 1.000000 0.000000
vt 1.000000 0.000000
vt 1.000000 0.000000
vt 1.000000 0.000000
vt 1.000000 0.000000
vt 1.000000 0.000000
vt 1.000000 0.000000
vt 1.000000 0.000000
vt 1.000000 0.000000
vt 1.000000 0.000000
vt 1.000000 0.000000
vt 1.000000 0.000000
vt 1.000000 0.000000
vt 1.000000 0.000000
vt 1.000000 0.000000
vt 1.000000 0.000000
vt 1.000000 0.000000
vt 1.000000 0.000000
vt 1.000000 0.000000
vt 1.000000 0.000000
vt 1.000000 0.000000
vt 1.000000 0.000000
vt 1.000000 0.000000
vt 1.000000 0.000000
vt 1.000000 0.000000
vt 1.000000 0.000000
vt 1.000000 0.000000
vt 1.000000 0.000000
vt 1.000000 0.000000
vt 1.000000 0.000000
vt 1.000000 0.000000
vt 1.000000 0.000000
vt 1.000000 0.000000
vt 1.000000 0.000000
vt 1.000000 0.000000
vt 1.000000 0.000000
vt 1.000000 0.000000
vt 1.000000 0.000000
vt 1.000000 0.000000
vt 1.000000 0.000000
vt 1.000000 0.000000
vt 1.000000 0.000000
vt 1.000000 0.000000
vt 1.000000 0.000000
vt 1.000000 0.000000
vt 1.000000 0.000000
vt 1.000000 0.000000
vt 1.000000 0.000000
vt 1.000000 0.000000
vt 1.000000 0.000000
vt 1.000000 0.000000
vt 1.000000 0.000000
vt 1.000000 0.000000
vt 1.000000 0.000000
vt 1.000000 0.000000
vt 1.000000 0.000000
vt 1.000000 0.000000
vt 1.000000 0.000000
vt 1.000000 0.000000
vt 1.000000 0.000000
vt 1.000000 0.000000
vt 1.000000 0.000000
vt 1.000000 0.000000
vt 1.000000 0.000000
vt 1.000000 0.000000
vt 1.000000 0.000000
vt 1.000000 0.000000
vt 1.000000 0.000000
vt 1.000000 0.000000
vt 1.000000 0.000000
vt 1.000000 0.000000
vt 1.000000 0.000000
vt 1.000000 0.000000
vt 1.000000 0.000000
vt 1.000000 0.000000
vt 1.000000 0.000000
vt 1.000000 0.000000
vt 1.000000 0.000000
vt 1.000000 0.000000
vt 1.000000 0.000000
vt 1.000000 0.000000
vt 1.000000 0.000000
vt 1.000000 0.000000
vt 1.000000 0.000000
vt 1.000000 0.000000
vt 1.000000 0.000000
vt 1.000000 0.000000
vt 1.000000 0.000000
vt 1.000000 0.000000
vt 1.000000 0.000000
vt 1.000000 0.000000
vt 1.000000 0.000000
vt 1.000000 0.000000
vt 1.000000 0.000000
vt 1.000000 0.000000
vt 1.000000 0.000000
vt 1.000000 0.000000
vt 1.000000 0.000000
vt 1.000000 0.000000
vt 1.000000 0.000000
vt 1.000000 0.000000
vt 1.000000 0.000000
vt 1.000000 0.000000
vt 1.000000 0.000000
vt 1.000000 0.000000
vt 1.000000 0.000000
vt 1.000000 0.000000
vt 1.000000 0.000000
vt 1.000000 0.000000
vt 1.000000 0.000000
vt 1.000000 0.000000
vt 1.000000 0.000000
vt 1.000000 0.000000
vt 1.000000 0.000000
vt 1.000000 0.000000
vt 1.000000 0.000000
vt 1.000000 0.000000
vt 1.000000 0.000000
vt 1.000000 0.000000
vt 1.000000 0.000000
vt 1.000000 0.000000
vt 1.000000 0.000000
vt 1.000000 0.000000
vt 1.000000 0.000000
vt 1.000000 0.000000
vt 1.000000 0.000000
vt 1.000000 0.000000
vt 1.000000 0.000000
vt 1.000000 0.000000
vt 1.000000 0.000000
vt 1.000000 0.000000
vt 1.000000 0.000000
vt 1.000000 0.000000
vt 1.000000 0.000000
vt 1.000000 0.000000
vt 1.000000 0.000000
vt 1.000000 0.000000
vt 1.000000 0.000000
vt 1.000000 0.000000
vt 1.000000 0.000000
vt 1.000000 0.000000
vt 1.000000 0.000000
vt 1.000000 0.000000
vt 1.000000 0.000000
vt 1.000000 0.000000
vt 1.000000 0.000000
vt 1.000000 0.000000
vt 1.000000 0.000000
vt 1.000000 0.000000
vt 1.000000 0.000000
vt 1.000000 0.000000
vt 1.000000 0.000000
vt 1.000000 0.000000
vt 1.000000 0.000000
vt 1.000000 0.000000
vt 1.000000 0.000000
vt 1.000000 0.000000
vt 1.000000 0.000000
vt 1.000000 0.000000
vt 1.000000 0.000000
vt 1.000000 0.000000
vt 1.000000 0.000000
vt 1.000000 0.000000
vt 1.000000 0.000000
vt 1.000000 0.000000
vt 1.000000 0.000000
vt 1.000000 0.000000
vt 1.000000 0.000000
vt 1.000000 0.000000
vt 1.000000 0.000000
vt 1.000000 0.000000
vt 1.000000 0.000000
vt 1.000000 0.000000
vt 1.000000 0.000000
vt 1.000000 0.000000
vt 1.000000 0.000000
vt 1.000000 0.000000
vt 1.000000 0.000000
vt 1.000000 0.000000
vt 1.000000 0.000000
vt 1.000000 0.000000
vt 1.000000 0.000000
vt 1.000000 0.000000
vt 1.000000 0.000000
vt 1.000000 0.000000
vt 1.000000 0.000000
vt 1.000000 0.000000
vt 1.000000 0.000000
vt 1.000000 0.000000
vt 1.000000 0.000000
vt 1.000000 0.000000
vt 1.000000 0.000000
vt 1.000000 0.000000
vt 1.000000 0.000000
vt 1.000000 0.000000
vt 1.000000 0.000000
vt 1.000000 0.000000
vt 1.000000 0.000000
vt 1.000000 0.000000
vt 1.000000 0.000000
vt 1.000000 0.000000
vt 1.000000 0.000000
vt 1.000000 0.000000
vt 1.000000 0.000000
vt 1.000000 0.000000
vt 1.000000 0.000000
vt 1.000000 0.000000
vt 1.000000 0.000000
vt 1.000000 0.000000
vt 1.000000 0.000000
vt 1.000000 0.000000
vt 1.000000 0.000000
vt 1.000000 0.000000
vt 1.000000 0.000000
vt 1.000000 0.000000
vt 1.000000 0.000000
vt 1.000000 0.000000
vt 1.000000 0.000000
vt 1.000000 0.000000
vt 1.000000 0.000000
vt 1.000000 0.000000
vt 1.000000 0.000000
vt 1.000000 0.000000
vt 1.000000 0.000000
vt 1.000000 0.000000
vt 1.000000 0.000000
vt 1.000000 0.000000
vt 1.000000 0.000000
vt 1.000000 0.000000
vt 1.000000 0.000000
vt 1.000000 0.000000
vt 1.000000 0.000000
vt 1.000000 0.000000
vt 1.000000 0.000000
vt 1.000000 0.000000
vt 1.000000 0.000000
vt 1.000000 0.000000
vt 1.000000 0.000000
vt 1.000000 0.000000
vt 1.000000 0.000000
vt 1.000000 0.000000
vt 1.000000 0.000000
vt 1.000000 0.000000
vt 1.000000 0.000000
vt 1.000000 0.000000
vt 1.000000 0.000000
vt 1.000000 0.000000
vt 1.000000 0.000000
vt 1.000000 0.000000
vt 1.000000 0.000000
vt 1.000000 0.000000
vt 1.000000 0.000000
vt 1.000000 0.000000
vt 1.000000 0.000000
vt 1.000000 0.000000
vt 1.000000 0.000000
vt 1.000000 0.000000
vt 1.000000 0.000000
vt 1.000000 0.000000
vt 1.000000 0.000000
vt 1.000000 0.000000
vt 1.000000 0.000000
vt 1.000000 0.000000
vt 1.000000 0.000000
vt 1.000000 0.000000
vt 1.000000 0.000000
vt 1.000000 0.000000
vt 1.000000 0.000000
vt 1.000000 0.000000
vt 1.000000 0.000000
vt 1.000000 0.000000
vt 1.000000 0.000000
vt 1.000000 0.000000
vt 1.000000 0.000000
vt 1.000000 0.000000
vt 1.000000 0.000000
vt 1.000000 0.000000
vt 1.000000 0.000000
vt 1.000000 0.000000
vt 1.000000 0.000000
vt 1.000000 0.000000
vt 1.000000 0.000000
vt 1.000000 0.000000
vt 1.000000 0.000000
vt 1.000000 0.000000
vt 1.000000 0.000000
vt 1.000000 0.000000
vt 1.000000 0.000000
vt 1.000000 0.000000
vt 1.000000 0.000000
vt 1.000000 0.000000
vt 1.000000 0.000000
vt 1.000000 0.000000
vt 1.000000 0.000000
vt 1.000000 0.000000
vt 1.000000 0.000000
vt 1.000000 0.000000
vt 1.000000 0.000000
vt 1.000000 0.000000
vt 1.000000 0.000000
vt 1.000000 0.000000
vt 1.000000 0.000000
vt 1.000000 0.000000
vt 1.000000 0.000000
vt 1.000000 0.000000
vt 1.000000 0.000000
vt 1.000000 0.000000
vt 1.000000 0.000000
vt 1.000000 0.000000
vt 1.000000 0.000000
vt 1.000000 0.000000
vt 1.000000 0.000000
vt 1.000000 0.000000
vt 1.000000 0.000000
vt 1.000000 0.000000
vt 1.000000 0.000000
vt 1.000000 0.000000
vt 1.000000 0.000000
vt 1.000000 0.000000
vt 1.000000 0.000000
vt 1.000000 0.000000
vt 1.000000 0.000000
vt 1.000000 0.000000
vt 1.000000 0.000000
vt 1.000000 0.000000
vt 1.000000 0.000000
vt 1.000000 0.000000
vt 1.000000 0.000000
vt 1.000000 0.000000
vt 1.000000 0.000000
vt 1.000000 0.000000
vt 1.000000 0.000000
vt 1.000000 0.000000
vt 1.000000 0.000000
vt 1.000000 0.000000
vt 1.000000 0.000000
vt 1.000000 0.000000
vt 1.000000 0.000000
vt 1.000000 0.000000
vt 1.000000 0.000000
vt 1.000000 0.000000
vt 1.000000 0.000000
vt 1.000000 0.000000
vt 1.000000 0.000000
vt 1.000000 0.000000
vt 1.000000 0.000000
vt 1.000000 0.000000
vt 1.000000 0.000000
vt 1.000000 0.000000
vt 1.000000 0.000000
vt 1.000000 0.000000
vt 1.000000 0.000000
vt 1.000000 0.000000
vt 1.000000 0.000000
vt 1.000000 0.000000
vt 1.000000 0.000000
vt 1.000000 0.000000
vt 1.000000 0.000000
vt 1.000000 0.000000
vt 1.000000 0.000000
vt 1.000000 0.000000
vt 1.000000 0.000000
vt 1.000000 0.000000
vt 1.000000 0.000000
vt 1.000000 0.000000
vt 1.000000 0.000000
vt 1.000000 0.000000
vt 1.000000 0.000000
vt 1.000000 0.000000
vt 1.000000 0.000000
vt 1.000000 0.000000
vt 1.000000 0.000000
vt 1.000000 0.000000
vt 1.000000 0.000000
vt 1.000000 0.000000
vt 1.000000 0.000000
vt 1.000000 0.000000
vt 1.000000 0.000000
vt 1.000000 0.000000
vt 1.000000 0.000000
vt 1.000000 0.000000
vt 1.000000 0.000000
vt 1.000000 0.000000
vt 1.000000 0.000000
vt 1.000000 0.000000
vt 1.000000 0.000000
vt 1.000000 0.000000
vt 1.000000 0.000000
vt 1.000000 0.000000
vt 1.000000 0.000000
vt 1.000000 0.000000
vt 1.000000 0.000000
vt 1.000000 0.000000
vt 1.000000 0.000000
vt 1.000000 0.000000
vt 1.000000 0.000000
vt 1.000000 0.000000
vt 1.000000 0.000000
vt 1.000000 0.000000
vt 1.000000 0.000000
vt 1.000000 0.000000
vt 1.000000 0.000000
vt 1.000000 0.000000
vt 1.000000 0.000000
vt 1.000000 0.000000
vt 1.000000 0.000000
vt 1.000000 0.000000
vt 1.000000 0.000000
vt 1.000000 0.000000
vt 1.000000 0.000000
vt 1.000000 0.000000
vt 1.000000 0.000000
vt 1.000000 0.000000
vt 1.000000 0.000000
vt 1.000000 0.000000
vt 1.000000 0.000000
vt 1.000000 0.000000
vt 1.000000 0.000000
vt 1.000000 0.000000
vt 1.000000 0.000000
vt 1.000000 0.000000
vt 1.000000 0.000000
vt 1.000000 0.000000
vt 1.000000 0.000000
vt 1.000000 0.000000
vt 1.000000 0.000000
vt 1.000000 0.000000
vt 1.000000 0.000000
vt 1.000000 0.000000
vt 1.000000 0.000000
vt 1.000000 0.000000
vt 1.000000 0.000000
vt 1.000000 0.000000
vt 1.000000 0.000000
vt 1.000000 0.000000
vt 1.000000 0.000000
vt 1.000000 0.000000
vt 1.000000 0.000000
vt 1.000000 0.000000
vt 1.000000 0.000000
vt 1.000000 0.000000
vt 1.000000 0.000000
vt 1.000000 0.000000
vt 1.000000 0.000000
vt 1.000000 0.000000
vt 1.000000 0.000000
vt 1.000000 0.000000
vt 1.000000 0.000000
vt 1.000000 0.000000
vt 1.000000 0.000000
vt 1.000000 0.000000
vt 1.000000 0.000000
vt 1.000000 0.000000
vt 1.000000 0.000000
vt 1.000000 0.000000
vt 1.000000 0.000000
vt 1.000000 0.000000
vt 1.000000 0.000000
vt 1.000000 0.000000
vt 1.000000 0.000000
vt 1.000000 0.000000
vt 1.000000 0.000000
vt 1.000000 0.000000
vt 1.000000 0.000000
vt 1.000000 0.000000
vt 1.000000 0.000000
vt 1.000000 0.000000
vt 1.000000 0.000000
vt 1.000000 0.000000
vt 1.000000 0.000000
vt 1.000000 0.000000
vt 1.000000 0.000000
vt 1.000000 0.000000
vt 1.000000 0.000000
vt 1.000000 0.000000
vt 1.000000 0.000000
vt 1.000000 0.000000
vt 1.000000 0.000000
vt 1.000000 0.000000
vt 1.000000 0.000000
vt 1.000000 0.000000
vt 1.000000 0.000000
vt 1.000000 0.000000
vt 1.000000 0.000000
vt 1.000000 0.000000
vt 1.000000 0.000000
vt 1.000000 0.000000
vt 1.000000 0.000000
vt 1.000000 0.000000
vt 1.000000 0.000000
vt 1.000000 0.000000
vt 1.000000 0.000000
vt 1.000000 0.000000
vt 1.000000 0.000000
vt 1.000000 0.000000
vt 1.000000 0.000000
vt 1.000000 0.000000
vt 1.000000 0.000000
vt 1.000000 0.000000
vt 1.000000 0.000000
vt 1.000000 0.000000
vt 1.000000 0.000000
vt 1.000000 0.000000
vt 1.000000 0.000000
vt 1.000000 0.000000
vt 1.000000 0.000000
vt 1.000000 0.000000
vt 1.000000 0.000000
vt 1.000000 0.000000
vt 1.000000 0.000000
vt 1.000000 0.000000
vt 1.000000 0.000000
vt 1.000000 0.000000
vt 1.000000 0.000000
vt 1.000000 0.000000
vt 1.000000 0.000000
vt 1.000000 0.000000
vt 1.000000 0.000000
vt 1.000000 0.000000
vt 1.000000 0.000000
vt 1.000000 0.000000
vt 1.000000 0.000000
vt 1.000000 0.000000
vt 1.000000 0.000000
vt 1.000000 0.000000
vt 1.000000 0.000000
vt 1.000000 0.000000
vt 1.000000 0.000000
vt 1.000000 0.000000
vt 1.000000 0.000000
vt 1.000000 0.000000
vt 1.000000 0.000000
vt 1.000000 0.000000
vt 1.000000 0.000000
vt 1.000000 0.000000
vt 1.000000 0.000000
vt 1.000000 0.000000
vt 1.000000 0.000000
vt 1.000000 0.000000
vt 1.000000 0.000000
vt 1.000000 0.000000
vt 1.000000 0.000000
vt 1.000000 0.000000
vt 1.000000 0.000000
vt 1.000000 0.000000
vt 1.000000 0.000000
vt 1.000000 0.000000
vt 1.000000 0.000000
vt 1.000000 0.000000
vt 1.000000 0.000000
vt 1.000000 0.000000
vt 1.000000 0.000000
vt 1.000000 0.000000
vt 1.000000 0.000000
vt 1.000000 0.000000
vt 1.000000 0.000000
vt 1.000000 0.000000
vt 1.000000 0.000000
vt 1.000000 0.000000
vt 1.000000 0.000000
vt 1.000000 0.000000
vt 1.000000 0.000000
vt 1.000000 0.000000
vt 1.000000 0.000000
vt 1.000000 0.000000
vt 1.000000 0.000000
vt 1.000000 0.000000
vt 1.000000 0.000000
vt 1.000000 0.000000
vt 1.000000 0.000000
vt 1.000000 0.000000
vt 1.000000 0.000000
vt 1.000000 0.000000
vt 1.000000 0.000000
vt 1.000000 0.000000
vt 1.000000 0.000000
vt 1.000000 0.000000
vt 1.000000 0.000000
vt 1.000000 0.000000
vt 1.000000 0.000000
vt 1.000000 0.000000
vt 1.000000 0.000000
vt 1.000000 0.000000
vt 1.000000 0.000000
vt 1.000000 0.000000
vt 1.000000 0.000000
vt 1.000000 0.000000
vt 1.000000 0.000000
vt 1.000000 0.000000
vt 1.000000 0.000000
vt 1.000000 0.000000
vt 1.000000 0.000000
vt 1.000000 0.000000
vt 1.000000 0.000000
vt 1.000000 0.000000
vt 1.000000 0.000000
vt 1.000000 0.000000
vt 1.000000 0.000000
vt 1.000000 0.000000
vt 1.000000 0.000000
vt 1.000000 0.000000
vt 1.000000 0.000000
vt 1.000000 0.000000
vt 1.000000 0.000000
vt 1.000000 0.000000
vt 1.000000 0.000000
vt 1.000000 0.000000
vt 1.000000 0.000000
vt 1.000000 0.000000
vt 1.000000 0.000000
vt 1.000000 0.000000
vt 1.000000 0.000000
vt 1.000000 0.000000
vt 1.000000 0.000000
vt 1.000000 0.000000
vt 1.000000 0.000000
vt 1.000000 0.000000
vt 1.000000 0.000000
vt 1.000000 0.000000
vt 1.000000 0.000000
vt 1.000000 0.000000
vt 1.000000 0.000000
vt 1.000000 0.000000
vt 1.000000 0.000000
vt 1.000000 0.000000
vt 1.000000 0.000000
vt 1.000000 0.000000
vt 1.000000 0.000000
vt 1.000000 0.000000
vt 1.000000 0.000000
vt 1.000000 0.000000
vt 1.000000 0.000000
vt 1.000000 0.000000
vt 1.000000 0.000000
vt 1.000000 0.000000
vt 1.000000 0.000000
vt 1.000000 0.000000
vt 1.000000 0.000000
vt 1.000000 0.000000
vt 1.000000 0.000000
vt 1.000000 0.000000
vt 1.000000 0.000000
vt 1.000000 0.000000
vt 1.000000 0.000000
vt 1.000000 0.000000
vt 1.000000 0.000000
vt 1.000000 0.000000
vt 1.000000 0.000000
vt 1.000000 0.000000
vt 1.000000 0.000000
vt 1.000000 0.000000
vt 1.000000 0.000000
vt 1.000000 0.000000
vt 1.000000 0.000000
vt 1.000000 0.000000
vt 1.000000 0.000000
vt 1.000000 0.000000
vt 1.000000 0.000000
vt 1.000000 0.000000
vt 1.000000 0.000000
vt 1.000000 0.000000
vt 1.000000 0.000000
vt 1.000000 0.000000
vt 1.000000 0.000000
vt 1.000000 0.000000
vt 1.000000 0.000000
vt 1.000000 0.000000
vt 1.000000 0.000000
vt 1.000000 0.000000
vt 1.000000 0.000000
vt 1.000000 0.000000
vt 1.000000 0.000000
vt 1.000000 0.000000
vt 1.000000 0.000000
vt 1.000000 0.000000
vt 1.000000 0.000000
vt 1.000000 0.000000
vt 1.000000 0.000000
vt 1.000000 0.000000
vt 1.000000 0.000000
vt 1.000000 0.000000
vt 1.000000 0.000000
vt 1.000000 0.000000
vt 1.000000 0.000000
vt 1.000000 0.000000
vt 1.000000 0.000000
vt 1.000000 0.000000
vt 1.000000 0.000000
vt 1.000000 0.000000
vt 1.000000 0.000000
vt 1.000000 0.000000
vt 1.000000 0.000000
vt 1.000000 0.000000
vt 1.000000 0.000000
vt 1.000000 0.000000
vt 1.000000 0.000000
vt 1.000000 0.000000
vt 1.000000 0.000000
vt 1.000000 0.000000
vt 1.000000 0.000000
vt 1.000000 0.000000
vt 1.000000 0.000000
vt 1.000000 0.000000
vt 1.000000 0.000000
vt 1.000000 0.000000
vt 1.000000 0.000000
vt 1.000000 0.000000
vt 1.000000 0.000000
vt 1.000000 0.000000
vt 1.000000 0.000000
vt 1.000000 0.000000
vt 1.000000 0.000000
vt 1.000000 0.000000
vt 1.000000 0.000000
vt 1.000000 0.000000
vt 1.000000 0.000000
vt 1.000000 0.000000
vt 1.000000 0.000000
vt 1.000000 0.000000
vt 1.000000 0.000000
vt 1.000000 0.000000
vt 1.000000 0.000000
vt 1.000000 0.000000
vt 1.000000 0.000000
vt 1.000000 0.000000
vt 1.000000 0.000000
vt 1.000000 0.000000
vt 1.000000 0.000000
vt 1.000000 0.000000
vt 1.000000 0.000000
vt 1.000000 0.000000
vt 1.000000 0.000000
vt 1.000000 0.000000
vt 1.000000 0.000000
vt 1.000000 0.000000
vt 1.000000 0.000000
vt 1.000000 0.000000
vt 1.000000 0.000000
vt 1.000000 0.000000
vt 1.000000 0.000000
vt 1.000000 0.000000
vt 1.000000 0.000000
vt 1.000000 0.000000
vt 1.000000 0.000000
vt 1.000000 0.000000
vt 1.000000 0.000000
vt 1.000000 0.000000
vt 1.000000 0.000000
vt 1.000000 0.000000
vt 1.000000 0.000000
vt 1.000000 0.000000
vt 1.000000 0.000000
vt 1.000000 0.000000
vt 1.000000 0.000000
vt 1.000000 0.000000
vt 1.000000 0.000000
vt 1.000000 0.000000
vt 1.000000 0.000000
vt 1.000000 0.000000
vt 1.000000 0.000000
vt 1.000000 0.000000
vt 1.000000 0.000000
vt 1.000000 0.000000
vt 1.000000 0.000000
vt 1.000000 0.000000
vt 1.000000 0.000000
vt 1.000000 0.000000
vt 1.000000 0.000000
vt 1.000000 0.000000
vt 1.000000 0.000000
vt 1.000000 0.000000
vt 1.000000 0.000000
vt 1.000000 0.000000
vt 1.000000 0.000000
vt 1.000000 0.000000
vt 1.000000 0.000000
vt 1.000000 0.000000
vt 1.000000 0.000000
vt 1.000000 0.000000
vt 1.000000 0.000000
vt 1.000000 0.000000
vt 1.000000 0.000000
vt 1.000000 0.000000
vt 1.000000 0.000000
vt 1.000000 0.000000
vt 1.000000 0.000000
vt 1.000000 0.000000
vt 1.000000 0.000000
vt 1.000000 0.000000
vt 1.000000 0.000000
vt 1.000000 0.000000
vt 1.000000 0.000000
vt 1.000000 0.000000
vt 1.000000 0.000000
vt 1.000000 0.000000
vt 1.000000 0.000000
vt 1.000000 0.000000
vt 1.000000 0.000000
vt 1.000000 0.000000
vt 1.000000 0.000000
vt 1.000000 0.000000
vt 1.000000 0.000000
vt 1.000000 0.000000
vt 1.000000 0.000000
vt 1.000000 0.000000
vt 1.000000 0.000000
vt 1.000000 0.000000
vt 1.000000 0.000000
vt 1.000000 0.000000
vt 1.000000 0.000000
vt 1.000000 0.000000
vt 1.000000 0.000000
vt 1.000000 0.000000
vt 1.000000 0.000000
vt 1.000000 0.000000
vt 1.000000 0.000000
vt 1.000000 0.000000
vt 1.000000 0.000000
vt 1.000000 0.000000
vt 1.000000 0.000000
vt 1.000000 0.000000
vt 1.000000 0.000000
vt 1.000000 0.000000
vt 1.000000 0.000000
vt 1.000000 0.000000
vt 1.000000 0.000000
vt 1.000000 0.000000
vt 1.000000 0.000000
vt 1.000000 0.000000
vt 1.000000 0.000000
vt 1.000000 0.000000
vt 1.000000 0.000000
vt 1.000000 0.000000
vt 1.000000 0.000000
vt 1.000000 0.000000
vt 1.000000 0.000000
vt 1.000000 0.000000
vt 1.000000 0.000000
vt 1.000000 0.000000
vt 1.000000 0.000000
vt 1.000000 0.000000
vt 1.000000 0.000000
vt 1.000000 0.000000
vt 1.000000 0.000000
vt 1.000000 0.000000
vt 1.000000 0.000000
vt 1.000000 0.000000
vt 1.000000 0.000000
vt 1.000000 0.000000
vt 1.000000 0.000000
vt 1.000000 0.000000
vt 1.000000 0.000000
vt 1.000000 0.000000
vt 1.000000 0.000000
vt 1.000000 0.000000
vt 1.000000 0.000000
vt 1.000000 0.000000
vt 1.000000 0.000000
vt 1.000000 0.000000
vt 1.000000 0.000000
vt 1.000000 0.000000
vt 1.000000 0.000000
vt 1.000000 0.000000
vt 1.000000 0.000000
vt 1.000000 0.000000
vt 1.000000 0.000000
vt 1.000000 0.000000
vt 1.000000 0.000000
vt 1.000000 0.000000
vt 1.000000 0.000000
vt 1.000000 0.000000
vt 1.000000 0.000000
vt 1.000000 0.000000
vt 1.000000 0.000000
vt 1.000000 0.000000
vt 1.000000 0.000000
vt 1.000000 0.000000
vt 1.000000 0.000000
vt 1.000000 0.000000
vt 1.000000 0.000000
vt 1.000000 0.000000
vt 1.000000 0.000000
vt 1.000000 0.000000
vt 1.000000 0.000000
vt 1.000000 0.000000
vt 1.000000 0.000000
vt 1.000000 0.000000
vt 1.000000 0.000000
vt 1.000000 0.000000
vt 1.000000 0.000000
vt 1.000000 0.000000
vt 1.000000 0.000000
vt 1.000000 0.000000
vt 1.000000 0.000000
vt 1.000000 0.000000
vt 1.000000 0.000000
vt 1.000000 0.000000
vt 1.000000 0.000000
vt 1.000000 0.000000
vt 1.000000 0.000000
vt 1.000000 0.000000
vt 1.000000 0.000000
vt 1.000000 0.000000
vt 1.000000 0.000000
vt 1.000000 0.000000
vt 1.000000 0.000000
vt 1.000000 0.000000
vt 1.000000 0.000000
vt 1.000000 0.000000
vt 1.000000 0.000000
vt 1.000000 0.000000
vt 1.000000 0.000000
vt 1.000000 0.000000
vt 1.000000 0.000000
vt 1.000000 0.000000
vt 1.000000 0.000000
vt 1.000000 0.000000
vt 1.000000 0.000000
vt 1.000000 0.000000
vt 1.000000 0.000000
vt 1.000000 0.000000
vt 1.000000 0.000000
vt 1.000000 0.000000
vt 1.000000 0.000000
vt 1.000000 0.000000
vt 1.000000 0.000000
vt 1.000000 0.000000
vt 1.000000 0.000000
vt 1.000000 0.000000
vt 1.000000 0.000000
vt 1.000000 0.000000
vt 1.000000 0.000000
vt 1.000000 0.000000
vt 1.000000 0.000000
vt 1.000000 0.000000
vt 1.000000 0.000000
vt 1.000000 0.000000
vt 1.000000 0.000000
vt 1.000000 0.000000
vt 1.000000 0.000000
vt 1.000000 0.000000
vt 1.000000 0.000000
vt 1.000000 0.000000
vt 1.000000 0.000000
vt 1.000000 0.000000
vt 1.000000 0.000000
vt 1.000000 0.000000
vt 1.000000 0.000000
vt 1.000000 0.000000
vt 1.000000 0.000000
vt 1.000000 0.000000
vt 1.000000 0.000000
vt 1.000000 0.000000
vt 1.000000 0.000000
vt 1.000000 0.000000
vt 1.000000 0.000000
vt 1.000000 0.000000
vt 1.000000 0.000000
vt 1.000000 0.000000
vt 1.000000 0.000000
vt 1.000000 0.000000
vt 1.000000 0.000000
vt 1.000000 0.000000
vt 1.000000 0.000000
vt 1.000000 0.000000
vt 1.000000 0.000000
vt 1.000000 0.000000
vt 1.000000 0.000000
vt 1.000000 0.000000
vt 1.000000 0.000000
vt 1.000000 0.000000
vt 1.000000 0.000000
vt 1.000000 0.000000
vt 1.000000 0.000000
vt 1.000000 0.000000
vt 1.000000 0.000000
vt 1.000000 0.000000
vt 1.000000 0.000000
vt 1.000000 0.000000
vt 1.000000 0.000000
vt 1.000000 0.000000
vt 1.000000 0.000000
vt 1.000000 0.000000
vt 1.000000 0.000000
vt 1.000000 0.000000
vt 1.000000 0.000000
vt 1.000000 0.000000
vt 1.000000 0.000000
vt 1.000000 0.000000
vt 1.000000 0.000000
vt 1.000000 0.000000
vt 1.000000 0.000000
vt 1.000000 0.000000
vt 1.000000 0.000000
vt 1.000000 0.000000
vt 1.000000 0.000000
vt 1.000000 0.000000
vt 1.000000 0.000000
vt 1.000000 0.000000
vt 1.000000 0.000000
vt 1.000000 0.000000
vt 1.000000 0.000000
vt 1.000000 0.000000
vt 1.000000 0.000000
vt 1.000000 0.000000
vt 1.000000 0.000000
vt 1.000000 0.000000
vt 1.000000 0.000000
vt 1.000000 0.000000
vt 1.000000 0.000000
vt 1.000000 0.000000
vt 1.000000 0.000000
vt 1.000000 0.000000
vt 1.000000 0.000000
vt 1.000000 0.000000
vt 1.000000 0.000000
vt 1.000000 0.000000
vt 1.000000 0.000000
vt 1.000000 0.000000
vt 1.000000 0.000000
vt 1.000000 0.000000
vt 1.000000 0.000000
vt 1.000000 0.000000
vt 1.000000 0.000000
vt 1.000000 0.000000
vt 1.000000 0.000000
vt 1.000000 0.000000
vt 1.000000 0.000000
vt 1.000000 0.000000
vt 1.000000 0.000000
vt 1.000000 0.000000
vt 1.000000 0.000000
vt 1.000000 0.000000
vt 1.000000 0.000000
vt 1.000000 0.000000
vt 1.000000 0.000000
vt 1.000000 0.000000
vt 1.000000 0.000000
vt 1.000000 0.000000
vt 1.000000 0.000000
vt 1.000000 0.000000
vt 1.000000 0.000000
vt 1.000000 0.000000
vt 1.000000 0.000000
vt 1.000000 0.000000
vt 1.000000 0.000000
vt 1.000000 0.000000
vt 1.000000 0.000000
vt 1.000000 0.000000
vt 1.000000 0.000000
vt 1.000000 0.000000
vt 1.000000 0.000000
vt 1.000000 0.000000
vt 1.000000 0.000000
vt 1.000000 0.000000
vt 1.000000 0.000000
vt 1.000000 0.000000
vt 1.000000 0.000000
vt 1.000000 0.000000
vt 1.000000 0.000000
vt 1.000000 0.000000
vt 1.000000 0.000000
vt 1.000000 0.000000
vt 1.000000 0.000000
vt 1.000000 0.000000
vt 1.000000 0.000000
vt 1.000000 0.000000
vt 1.000000 0.000000
vt 1.000000 0.000000
vt 1.000000 0.000000
vt 1.000000 0.000000
vt 1.000000 0.000000
vt 1.000000 0.000000
vt 1.000000 0.000000
vt 1.000000 0.000000
vt 1.000000 0.000000
vt 1.000000 0.000000
vt 1.000000 0.000000
vt 1.000000 0.000000
vt 1.000000 0.000000
vt 1.000000 0.000000
vt 1.000000 0.000000
vt 1.000000 0.000000
vt 1.000000 0.000000
vt 1.000000 0.000000
vt 1.000000 0.000000
vt 1.000000 0.000000
vt 1.000000 0.000000
vt 1.000000 0.000000
vt 1.000000 0.000000
vt 1.000000 0.000000
vt 1.000000 0.000000
vt 1.000000 0.000000
vt 1.000000 0.000000
vt 1.000000 0.000000
vt 1.000000 0.000000
vt 1.000000 0.000000
vt 1.000000 0.000000
vt 1.000000 0.000000
vt 1.000000 0.000000
vt 1.000000 0.000000
vt 1.000000 0.000000
vt 1.000000 0.000000
vt 1.000000 0.000000
vt 1.000000 0.000000
vt 1.000000 0.000000
vt 1.000000 0.000000
vt 1.000000 0.000000
vt 1.000000 0.000000
vt 1.000000 0.000000
vt 1.000000 0.000000
vt 1.000000 0.000000
vt 1.000000 0.000000
vt 1.000000 0.000000
vt 1.000000 0.000000
vt 1.000000 0.000000
vt 1.000000 0.000000
vt 1.000000 0.000000
vt 1.000000 0.000000
vt 1.000000 0.000000
vt 1.000000 0.000000
vt 1.000000 0.000000
vt 1.000000 0.000000
vt 1.000000 0.000000
vt 1.000000 0.000000
vt 1.000000 0.000000
vt 1.000000 0.000000
vt 1.000000 0.000000
vt 1.000000 0.000000
vt 1.000000 0.000000
vt 1.000000 0.000000
vt 1.000000 0.000000
vt 1.000000 0.000000
vt 1.000000 0.000000
vt 1.000000 0.000000
vt 1.000000 0.000000
vt 1.000000 0.000000
vt 1.000000 0.000000
vt 1.000000 0.000000
vt 1.000000 0.000000
vt 1.000000 0.000000
vt 1.000000 0.000000
vt 1.000000 0.000000
vt 1.000000 0.000000
vt 1.000000 0.000000
vt 1.000000 0.000000
vt 1.000000 0.000000
vt 1.000000 0.000000
vt 1.000000 0.000000
vt 1.000000 0.000000
vt 1.000000 0.000000
vt 1.000000 0.000000
vt 1.000000 0.000000
vt 1.000000 0.000000
vt 1.000000 0.000000
vt 1.000000 0.000000
vt 1.000000 0.000000
vt 1.000000 0.000000
vt 1.000000 0.000000
vt 1.000000 0.000000
vt 1.000000 0.000000
vt 1.000000 0.000000
vt 1.000000 0.000000
vt 1.000000 0.000000
vt 1.000000 0.000000
vt 1.000000 0.000000
vt 1.000000 0.000000
vt 1.000000 0.000000
vt 1.000000 0.000000
vt 1.000000 0.000000
vt 1.000000 0.000000
vt 1.000000 0.000000
vt 1.000000 0.000000
vt 1.000000 0.000000
vt 1.000000 0.000000
vt 1.000000 0.000000
vt 1.000000 0.000000
vt 1.000000 0.000000
vt 1.000000 0.000000
vt 1.000000 0.000000
vt 1.000000 0.000000
vt 1.000000 0.000000
vt 1.000000 0.000000
vt 1.000000 0.000000
vt 1.000000 0.000000
vt 1.000000 0.000000
vt 1.000000 0.000000
vt 1.000000 0.000000
vt 1.000000 0.000000
vt 1.000000 0.000000
vt 1.000000 0.000000
vt 1.000000 0.000000
vt 1.000000 0.000000
vt 1.000000 0.000000
vt 1.000000 0.000000
vt 1.000000 0.000000
vt 1.000000 0.000000
vt 1.000000 0.000000
vt 1.000000 0.000000
vt 1.000000 0.000000
vt 1.000000 0.000000
vt 1.000000 0.000000
vt 1.000000 0.000000
vt 1.000000 0.000000
vt 1.000000 0.000000
vt 1.000000 0.000000
vt 1.000000 0.000000
vt 1.000000 0.000000
vt 1.000000 0.000000
vt 1.000000 0.000000
vt 1.000000 0.000000
vt 1.000000 0.000000
vt 1.000000 0.000000
vt 1.000000 0.000000
vt 1.000000 0.000000
vt 1.000000 0.000000
vt 1.000000 0.000000
vt 1.000000 0.000000
vt 1.000000 0.000000
vt 1.000000 0.000000
vt 1.000000 0.000000
vt 1.000000 0.000000
vt 1.000000 0.000000
vt 1.000000 0.000000
vt 1.000000 0.000000
vt 1.000000 0.000000
vt 1.000000 0.000000
vt 1.000000 0.000000
vt 1.000000 0.000000
vt 1.000000 0.000000
vt 1.000000 0.000000
vt 1.000000 0.000000
vt 1.000000 0.000000
vt 1.000000 0.000000
vt 1.000000 0.000000
vt 1.000000 0.000000
vt 1.000000 0.000000
vt 1.000000 0.000000
vt 1.000000 0.000000
vt 1.000000 0.000000
vt 1.000000 0.000000
vt 1.000000 0.000000
vt 1.000000 0.000000
vt 1.000000 0.000000
vt 1.000000 0.000000
vt 1.000000 0.000000
vt 1.000000 0.000000
vt 1.000000 0.000000
vt 1.000000 0.000000
vt 1.000000 0.000000
vt 1.000000 0.000000
vt 1.000000 0.000000
vt 1.000000 0.000000
vt 1.000000 0.000000
vt 1.000000 0.000000
vt 1.000000 0.000000
vt 1.000000 0.000000
vt 1.000000 0.000000
vt 1.000000 0.000000
vt 1.000000 0.000000
vt 1.000000 0.000000
vt 1.000000 0.000000
vt 1.000000 0.000000
vt 1.000000 0.000000
vt 1.000000 0.000000
vt 1.000000 0.000000
vt 1.000000 0.000000
vt 1.000000 0.000000
vt 1.000000 0.000000
vt 1.000000 0.000000
vt 1.000000 0.000000
vt 1.000000 0.000000
vt 1.000000 0.000000
vt 1.000000 0.000000
vt 1.000000 0.000000
vt 1.000000 0.000000
vt 1.000000 0.000000
vt 1.000000 0.000000
vt 1.000000 0.000000
vt 1.000000 0.000000
vt 1.000000 0.000000
vt 1.000000 0.000000
vt 1.000000 0.000000
vt 1.000000 0.000000
vt 1.000000 0.000000
vt 1.000000 0.000000
vt 1.000000 0.000000
vt 1.000000 0.000000
vt 1.000000 0.000000
vt 1.000000 0.000000
vt 1.000000 0.000000
vt 1.000000 0.000000
vt 1.000000 0.000000
vt 1.000000 0.000000
vt 1.000000 0.000000
vt 1.000000 0.000000
vt 1.000000 0.000000
vt 1.000000 0.000000
vt 1.000000 0.000000
vt 1.000000 0.000000
vt 1.000000 0.000000
vt 1.000000 0.000000
vt 1.000000 0.000000
vt 1.000000 0.000000
vt 1.000000 0.000000
vt 1.000000 0.000000
vt 1.000000 0.000000
vt 1.000000 0.000000
vt 1.000000 0.000000
vt 1.000000 0.000000
vt 1.000000 0.000000
vt 1.000000 0.000000
vt 1.000000 0.000000
vt 1.000000 0.000000
vt 1.000000 0.000000
vt 1.000000 0.000000
vt 1.000000 0.000000
vt 1.000000 0.000000
vt 1.000000 0.000000
vt 1.000000 0.000000
vt 1.000000 0.000000
vt 1.000000 0.000000
vt 1.000000 0.000000
vt 1.000000 0.000000
vt 1.000000 0.000000
vt 1.000000 0.000000
vt 1.000000 0.000000
vt 1.000000 0.000000
vt 1.000000 0.000000
vt 1.000000 0.000000
vt 1.000000 0.000000
vt 1.000000 0.000000
vt 1.000000 0.000000
vt 1.000000 0.000000
vt 1.000000 0.000000
vt 1.000000 0.000000
vt 1.000000 0.000000
vt 1.000000 0.000000
vt 1.000000 0.000000
vt 1.000000 0.000000
vt 1.000000 0.000000
vt 1.000000 0.000000
vt 1.000000 0.000000
vt 1.000000 0.000000
vt 1.000000 0.000000
vt 1.000000 0.000000
vt 1.000000 0.000000
vt 1.000000 0.000000
vt 1.000000 0.000000
vt 1.000000 0.000000
vt 1.000000 0.000000
vt 1.000000 0.000000
vt 1.000000 0.000000
vt 1.000000 0.000000
vt 1.000000 0.000000
vt 1.000000 0.000000
vt 1.000000 0.000000
vt 1.000000 0.000000
vt 1.000000 0.000000
vt 1.000000 0.000000
vt 1.000000 0.000000
vt 1.000000 0.000000
vt 1.000000 0.000000
vt 1.000000 0.000000
vt 1.000000 0.000000
vt 1.000000 0.000000
vt 1.000000 0.000000
vt 1.000000 0.000000
vt 1.000000 0.000000
vt 1.000000 0.000000
vt 1.000000 0.000000
vt 1.000000 0.000000
vt 1.000000 0.000000
vt 1.000000 0.000000
vt 1.000000 0.000000
vt 1.000000 0.000000
vt 1.000000 0.000000
vt 1.000000 0.000000
vt 1.000000 0.000000
vt 1.000000 0.000000
vt 1.000000 0.000000
vt 1.000000 0.000000
vt 1.000000 0.000000
vt 1.000000 0.000000
vt 1.000000 0.000000
vt 1.000000 0.000000
vt 1.000000 0.000000
vt 1.000000 0.000000
vt 1.000000 0.000000
vt 1.000000 0.000000
vt 1.000000 0.000000
vt 1.000000 0.000000
vt 1.000000 0.000000
vt 1.000000 0.000000
vt 1.000000 0.000000
vt 1.000000 0.000000
vt 1.000000 0.000000
vt 1.000000 0.000000
vt 1.000000 0.000000
vt 1.000000 0.000000
vt 1.000000 0.000000
vt 1.000000 0.000000
vt 1.000000 0.000000
vt 1.000000 0.000000
vt 1.000000 0.000000
vt 1.000000 0.000000
vt 1.000000 0.000000
vt 1.000000 0.000000
vt 1.000000 0.000000
vt 1.000000 0.000000
vt 1.000000 0.000000
vt 1.000000 0.000000
vt 1.000000 0.000000
vt 1.000000 0.000000
vt 1.000000 0.000000
vt 1.000000 0.000000
vt 1.000000 0.000000
vt 1.000000 0.000000
vt 1.000000 0.000000
vt 1.000000 0.000000
vt 1.000000 0.000000
vt 1.000000 0.000000
vt 1.000000 0.000000
vt 1.000000 0.000000
vt 1.000000 0.000000
vt 1.000000 0.000000
vt 1.000000 0.000000
vt 1.000000 0.000000
vt 1.000000 0.000000
vt 1.000000 0.000000
vt 1.000000 0.000000
vt 1.000000 0.000000
vt 1.000000 0.000000
vt 1.000000 0.000000
vt 1.000000 0.000000
vt 1.000000 0.000000
vt 1.000000 0.000000
vt 1.000000 0.000000
vt 1.000000 0.000000
vt 1.000000 0.000000
vt 1.000000 0.000000
vt 1.000000 0.000000
vt 1.000000 0.000000
vt 1.000000 0.000000
vt 1.000000 0.000000
vt 1.000000 0.000000
vt 1.000000 0.000000
vt 1.000000 0.000000
vt 1.000000 0.000000
vt 1.000000 0.000000
vt 1.000000 0.000000
vt 1.000000 0.000000
vt 1.000000 0.000000
vt 1.000000 0.000000
vt 1.000000 0.000000
vt 1.000000 0.000000
vt 1.000000 0.000000
vt 1.000000 0.000000
vt 1.000000 0.000000
vt 1.000000 0.000000
vt 1.000000 0.000000
vt 1.000000 0.000000
vt 1.000000 0.000000
vt 1.000000 0.000000
vt 1.000000 0.000000
vt 1.000000 0.000000
vt 1.000000 0.000000
vt 1.000000 0.000000
vt 1.000000 0.000000
vt 1.000000 0.000000
vt 1.000000 0.000000
vt 1.000000 0.000000
vt 1.000000 0.000000
vt 1.000000 0.000000
vt 1.000000 0.000000
vt 1.000000 0.000000
vt 1.000000 0.000000
vt 1.000000 0.000000
vt 1.000000 0.000000
vt 1.000000 0.000000
vt 1.000000 0.000000
vt 1.000000 0.000000
vt 1.000000 0.000000
vt 1.000000 0.000000
vt 1.000000 0.000000
vt 1.000000 0.000000
vt 1.000000 0.000000
vt 1.000000 0.000000
vt 1.000000 0.000000
vt 1.000000 0.000000
vt 1.000000 0.000000
vt 1.000000 0.000000
vt 1.000000 0.000000
vt 1.000000 0.000000
vt 1.000000 0.000000
vt 1.000000 0.000000
vt 1.000000 0.000000
vt 1.000000 0.000000
vt 1.000000 0.000000
vt 1.000000 0.000000
vt 1.000000 0.000000
vt 1.000000 0.000000
vt 1.000000 0.000000
vt 1.000000 0.000000
vt 1.000000 0.000000
vt 1.000000 0.000000
vt 1.000000 0.000000
vt 1.000000 0.000000
vt 1.000000 0.000000
vt 1.000000 0.000000
vt 1.000000 0.000000
vt 1.000000 0.000000
vt 1.000000 0.000000
vt 1.000000 0.000000
vt 1.000000 0.000000
vt 1.000000 0.000000
vt 1.000000 0.000000
vt 1.000000 0.000000
vt 1.000000 0.000000
vt 1.000000 0.000000
vt 1.000000 0.000000
vt 1.000000 0.000000
vt 1.000000 0.000000
vt 1.000000 0.000000
vt 1.000000 0.000000
vt 1.000000 0.000000
vt 1.000000 0.000000
vt 1.000000 0.000000
vt 1.000000 0.000000
vt 1.000000 0.000000
vt 1.000000 0.000000
vt 1.000000 0.000000
vt 1.000000 0.000000
vt 1.000000 0.000000
vt 1.000000 0.000000
vt 1.000000 0.000000
vt 1.000000 0.000000
vt 1.000000 0.000000
vt 1.000000 0.000000
vt 1.000000 0.000000
vt 1.000000 0.000000
vt 1.000000 0.000000
vt 1.000000 0.000000
vt 1.000000 0.000000
vt 1.000000 0.000000
vt 1.000000 0.000000
vt 1.000000 0.000000
vt 1.000000 0.000000
vt 1.000000 0.000000
vt 1.000000 0.000000
vt 1.000000 0.000000
vt 1.000000 0.000000
vt 1.000000 0.000000
vt 1.000000 0.000000
vt 1.000000 0.000000
vt 1.000000 0.000000
vt 1.000000 0.000000
vt 1.000000 0.000000
vt 1.000000 0.000000
vt 1.000000 0.000000
vt 1.000000 0.000000
vt 1.000000 0.000000
vt 1.000000 0.000000
vt 1.000000 0.000000
vt 1.000000 0.000000
vt 1.000000 0.000000
vt 1.000000 0.000000
vt 1.000000 0.000000
vt 1.000000 0.000000
vt 1.000000 0.000000
vt 1.000000 0.000000
vt 1.000000 0.000000
vt 1.000000 0.000000
vt 1.000000 0.000000
vt 1.000000 0.000000
vt 1.000000 0.000000
vt 1.000000 0.000000
vt 1.000000 0.000000
vt 1.000000 0.000000
vt 1.000000 0.000000
vt 1.000000 0.000000
vt 1.000000 0.000000
vt 1.000000 0.000000
vt 1.000000 0.000000
vt 1.000000 0.000000
vt 1.000000 0.000000
vt 1.000000 0.000000
vt 1.000000 0.000000
vt 1.000000 0.000000
vt 1.000000 0.000000
vt 1.000000 0.000000
vt 1.000000 0.000000
vt 1.000000 0.000000
vt 1.000000 0.000000
vt 1.000000 0.000000
vt 1.000000 0.000000
vt 1.000000 0.000000
vt 1.000000 0.000000
vt 1.000000 0.000000
vt 1.000000 0.000000
vt 1.000000 0.000000
vt 1.000000 0.000000
vt 1.000000 0.000000
vt 1.000000 0.000000
vt 1.000000 0.000000
vt 1.000000 0.000000
vt 1.000000 0.000000
vt 1.000000 0.000000
vt 1.000000 0.000000
vt 1.000000 0.000000
vt 1.000000 0.000000
vt 1.000000 0.000000
vt 1.000000 0.000000
vt 1.000000 0.000000
vt 1.000000 0.000000
vt 1.000000 0.000000
vt 1.000000 0.000000
vt 1.000000 0.000000
vt 1.000000 0.000000
vt 1.000000 0.000000
vt 1.000000 0.000000
vt 1.000000 0.000000
vt 1.000000 0.000000
vt 1.000000 0.000000
vt 1.000000 0.000000
vt 1.000000 0.000000
vt 1.000000 0.000000
vt 1.000000 0.000000
vt 1.000000 0.000000
vt 1.000000 0.000000
vt 1.000000 0.000000
vt 1.000000 0.000000
vt 1.000000 0.000000
vt 1.000000 0.000000
vt 1.000000 0.000000
vt 1.000000 0.000000
vt 1.000000 0.000000
vt 1.000000 0.000000
vt 1.000000 0.000000
vt 1.000000 0.000000
vt 1.000000 0.000000
vt 1.000000 0.000000
vt 1.000000 0.000000
vt 1.000000 0.000000
vt 1.000000 0.000000
vt 1.000000 0.000000
vt 1.000000 0.000000
vt 1.000000 0.000000
vt 1.000000 0.000000
vt 1.000000 0.000000
vt 1.000000 0.000000
vt 1.000000 0.000000
vt 1.000000 0.000000
vt 1.000000 0.000000
vt 1.000000 0.000000
vt 1.000000 0.000000
vt 1.000000 0.000000
vt 1.000000 0.000000
vt 1.000000 0.000000
vt 1.000000 0.000000
vt 1.000000 0.000000
vt 1.000000 0.000000
vt 1.000000 0.000000
vt 1.000000 0.000000
vt 1.000000 0.000000
vt 1.000000 0.000000
vt 1.000000 0.000000
vt 1.000000 0.000000
vt 1.000000 0.000000
vt 1.000000 0.000000
vt 1.000000 0.000000
vt 1.000000 0.000000
vt 1.000000 0.000000
vt 1.000000 0.000000
vt 1.000000 0.000000
vt 1.000000 0.000000
vt 1.000000 0.000000
vt 1.000000 0.000000
vt 1.000000 0.000000
vt 1.000000 0.000000
vt 1.000000 0.000000
vt 1.000000 0.000000
vt 1.000000 0.000000
vt 1.000000 0.000000
vt 1.000000 0.000000
vt 1.000000 0.000000
vt 1.000000 0.000000
vt 1.000000 0.000000
vt 1.000000 0.000000
vt 1.000000 0.000000
vt 1.000000 0.000000
vt 1.000000 0.000000
vt 1.000000 0.000000
vt 1.000000 0.000000
vt 1.000000 0.000000
vt 1.000000 0.000000
vt 1.000000 0.000000
vt 1.000000 0.000000
vt 1.000000 0.000000
vt 1.000000 0.000000
vt 1.000000 0.000000
vt 1.000000 0.000000
vt 1.000000 0.000000
vt 1.000000 0.000000
vt 1.000000 0.000000
vt 1.000000 0.000000
vt 1.000000 0.000000
vt 1.000000 0.000000
vt 1.000000 0.000000
vt 1.000000 0.000000
vt 1.000000 0.000000
vt 1.000000 0.000000
vt 1.000000 0.000000
vt 1.000000 0.000000
vt 1.000000 0.000000
vt 1.000000 0.000000
vt 1.000000 0.000000
vt 1.000000 0.000000
vt 1.000000 0.000000
vt 1.000000 0.000000
vt 1.000000 0.000000
vt 1.000000 0.000000
vt 1.000000 0.000000
vt 1.000000 0.000000
vt 1.000000 0.000000
vt 1.000000 0.000000
vt 1.000000 0.000000
vt 1.000000 0.000000
vt 1.000000 0.000000
vt 1.000000 0.000000
vt 1.000000 0.000000
vt 1.000000 0.000000
vt 1.000000 0.000000
vt 1.000000 0.000000
vt 1.000000 0.000000
vt 1.000000 0.000000
vt 1.000000 0.000000
vt 1.000000 0.000000
vt 1.000000 0.000000
vt 1.000000 0.000000
vt 1.000000 0.000000
vt 1.000000 0.000000
vt 1.000000 0.000000
vt 1.000000 0.000000
vt 1.000000 0.000000
vt 1.000000 0.000000
vt 1.000000 0.000000
vt 1.000000 0.000000
vt 1.000000 0.000000
vt 1.000000 0.000000
vt 1.000000 0.000000
vt 1.000000 0.000000
vt 1.000000 0.000000
vt 1.000000 0.000000
vt 1.000000 0.000000
vt 1.000000 0.000000
vt 1.000000 0.000000
vt 1.000000 0.000000
vt 1.000000 0.000000
vt 1.000000 0.000000
vt 1.000000 0.000000
vt 1.000000 0.000000
vt 1.000000 0.000000
vt 1.000000 0.000000
vt 1.000000 0.000000
vt 1.000000 0.000000
vt 1.000000 0.000000
vt 1.000000 0.000000
vt 1.000000 0.000000
vt 1.000000 0.000000
vt 1.000000 0.000000
vt 1.000000 0.000000
vt 1.000000 0.000000
vt 1.000000 0.000000
vt 1.000000 0.000000
vt 1.000000 0.000000
vt 1.000000 0.000000
vt 1.000000 0.000000
vt 1.000000 0.000000
vt 1.000000 0.000000
vt 1.000000 0.000000
vt 1.000000 0.000000
vt 1.000000 0.000000
vt 1.000000 0.000000
vt 1.000000 0.000000
vt 1.000000 0.000000
vt 1.000000 0.000000
vt 1.000000 0.000000
vt 1.000000 0.000000
vt 1.000000 0.000000
vt 1.000000 0.000000
vt 1.000000 0.000000
vt 1.000000 0.000000
vt 1.000000 0.000000
vt 1.000000 0.000000
vt 1.000000 0.000000
vt 1.000000 0.000000
vt 1.000000 0.000000
vt 1.000000 0.000000
vt 1.000000 0.000000
vt 1.000000 0.000000
vt 1.000000 0.000000
vt 1.000000 0.000000
vt 1.000000 0.000000
vt 1.000000 0.000000
vt 1.000000 0.000000
vt 1.000000 0.000000
vt 1.000000 0.000000
vt 1.000000 0.000000
vt 1.000000 0.000000
vt 1.000000 0.000000
vt 1.000000 0.000000
vt 1.000000 0.000000
vt 1.000000 0.000000
vt 1.000000 0.000000
vt 1.000000 0.000000
vt 1.000000 0.000000
vt 1.000000 0.000000
vt 1.000000 0.000000
vt 1.000000 0.000000
vt 1.000000 0.000000
vt 1.000000 0.000000
vt 1.000000 0.000000
vt 1.000000 0.000000
vt 1.000000 0.000000
vt 1.000000 0.000000
vt 1.000000 0.000000
vt 1.000000 0.000000
vt 1.000000 0.000000
vt 1.000000 0.000000
vt 1.000000 0.000000
vt 1.000000 0.000000
vt 1.000000 0.000000
vt 1.000000 0.000000
vt 1.000000 0.000000
vt 1.000000 0.000000
vt 1.000000 0.000000
vt 1.000000 0.000000
vt 1.000000 0.000000
vt 1.000000 0.000000
vt 1.000000 0.000000
vt 1.000000 0.000000
vt 1.000000 0.000000
vt 1.000000 0.000000
vt 1.000000 0.000000
vt 1.000000 0.000000
vt 1.000000 0.000000
vt 1.000000 0.000000
vt 1.000000 0.000000
vt 1.000000 0.000000
vt 1.000000 0.000000
vt 1.000000 0.000000
vt 1.000000 0.000000
vt 1.000000 0.000000
vt 1.000000 0.000000
vt 1.000000 0.000000
vt 1.000000 0.000000
vt 1.000000 0.000000
vt 1.000000 0.000000
vt 1.000000 0.000000
vt 1.000000 0.000000
vt 1.000000 0.000000
vt 1.000000 0.000000
vt 1.000000 0.000000
vt 1.000000 0.000000
vt 1.000000 0.000000
vt 1.000000 0.000000
vt 1.000000 0.000000
vt 1.000000 0.000000
vt 1.000000 0.000000
vt 1.000000 0.000000
vt 1.000000 0.000000
vt 1.000000 0.000000
vt 1.000000 0.000000
vt 1.000000 0.000000
vt 1.000000 0.000000
vt 1.000000 0.000000
vt 1.000000 0.000000
vt 1.000000 0.000000
vt 1.000000 0.000000
vt 1.000000 0.000000
vt 1.000000 0.000000
vt 1.000000 0.000000
vt 1.000000 0.000000
vt 1.000000 0.000000
vt 1.000000 0.000000
vt 1.000000 0.000000
vt 1.000000 0.000000
vt 1.000000 0.000000
vt 1.000000 0.000000
vt 1.000000 0.000000
vt 1.000000 0.000000
vt 1.000000 0.000000
vt 1.000000 0.000000
vt 1.000000 0.000000
vt 1.000000 0.000000
vt 1.000000 0.000000
vt 1.000000 0.000000
vt 1.000000 0.000000
vt 1.000000 0.000000
vt 1.000000 0.000000
vt 1.000000 0.000000
vt 1.000000 0.000000
vt 1.000000 0.000000
vt 1.000000 0.000000
vt 1.000000 0.000000
vt 1.000000 0.000000
vt 1.000000 0.000000
vt 1.000000 0.000000
vt 1.000000 0.000000
vt 1.000000 0.000000
vt 1.000000 0.000000
vt 1.000000 0.000000
vt 1.000000 0.000000
vt 1.000000 0.000000
vt 1.000000 0.000000
vt 1.000000 0.000000
vt 1.000000 0.000000
vt 1.000000 0.000000
vt 1.000000 0.000000
vt 1.000000 0.000000
vt 1.000000 0.000000
vt 1.000000 0.000000
vt 1.000000 0.000000
vt 1.000000 0.000000
vt 1.000000 0.000000
vt 1.000000 0.000000
vt 1.000000 0.000000
vt 1.000000 0.000000
vt 1.000000 0.000000
vt 1.000000 0.000000
vt 1.000000 0.000000
vt 1.000000 0.000000
vt 1.000000 0.000000
vt 1.000000 0.000000
vt 1.000000 0.000000
vt 1.000000 0.000000
vt 1.000000 0.000000
vt 1.000000 0.000000
vt 1.000000 0.000000
vt 1.000000 0.000000
vt 1.000000 0.000000
vt 1.000000 0.000000
vt 1.000000 0.000000
vt 1.000000 0.000000
vt 1.000000 0.000000
vt 1.000000 0.000000
vt 1.000000 0.000000
vt 1.000000 0.000000
vt 1.000000 0.000000
vt 1.000000 0.000000
vt 1.000000 0.000000
vt 1.000000 0.000000
vt 1.000000 0.000000
vt 1.000000 0.000000
vt 1.000000 0.000000
vt 1.000000 0.000000
vt 1.000000 0.000000
vt 1.000000 0.000000
vt 1.000000 0.000000
vt 1.000000 0.000000
vt 1.000000 0.000000
vt 1.000000 0.000000
vt 1.000000 0.000000
vt 1.000000 0.000000
vt 1.000000 0.000000
vt 1.000000 0.000000
vt 1.000000 0.000000
vt 1.000000 0.000000
vt 1.000000 0.000000
vt 1.000000 0.000000
vt 1.000000 0.000000
vt 1.000000 0.000000
vt 1.000000 0.000000
vt 1.000000 0.000000
vt 1.000000 0.000000
vt 1.000000 0.000000
vt 1.000000 0.000000
vt 1.000000 0.000000
vt 1.000000 0.000000
vt 1.000000 0.000000
vt 1.000000 0.000000
vt 1.000000 0.000000
vt 1.000000 0.000000
vt 1.000000 0.000000
vt 1.000000 0.000000
vt 1.000000 0.000000
vt 1.000000 0.000000
vt 1.000000 0.000000
vt 1.000000 0.000000
vt 1.000000 0.000000
vt 1.000000 0.000000
vt 1.000000 0.000000
vt 1.000000 0.000000
vt 1.000000 0.000000
vt 1.000000 0.000000
vt 1.000000 0.000000
vt 1.000000 0.000000
vt 1.000000 0.000000
vt 1.000000 0.000000
vt 1.000000 0.000000
vt 1.000000 0.000000
vt 1.000000 0.000000
vt 1.000000 0.000000
vt 1.000000 0.000000
vt 1.000000 0.000000
vt 1.000000 0.000000
vt 1.000000 0.000000
vt 1.000000 0.000000
vt 1.000000 0.000000
vt 1.000000 0.000000
vt 1.000000 0.000000
vt 1.000000 0.000000
vt 1.000000 0.000000
vt 1.000000 0.000000
vt 1.000000 0.000000
vt 1.000000 0.000000
vt 1.000000 0.000000
vt 1.000000 0.000000
vt 1.000000 0.000000
vt 1.000000 0.000000
vt 1.000000 0.000000
vt 1.000000 0.000000
vt 1.000000 0.000000
vt 1.000000 0.000000
vt 1.000000 0.000000
vt 1.000000 0.000000
vt 1.000000 0.000000
vt 1.000000 0.000000
vt 1.000000 0.000000
vt 1.000000 0.000000
vt 1.000000 0.000000
vt 1.000000 0.000000
vt 1.000000 0.000000
vt 1.000000 0.000000
vt 1.000000 0.000000
vt 1.000000 0.000000
vt 1.000000 0.000000
vt 1.000000 0.000000
vt 1.000000 0.000000
vt 1.000000 0.000000
vt 1.000000 0.000000
vt 1.000000 0.000000
vt 1.000000 0.000000
vt 1.000000 0.000000
vt 1.000000 0.000000
vt 1.000000 0.000000
vt 1.000000 0.000000
vt 1.000000 0.000000
vt 1.000000 0.000000
vt 1.000000 0.000000
vt 1.000000 0.000000
vt 1.000000 0.000000
vt 1.000000 0.000000
vt 1.000000 0.000000
vt 1.000000 0.000000
vt 1.000000 0.000000
vt 1.000000 0.000000
vt 1.000000 0.000000
vt 1.000000 0.000000
vt 1.000000 0.000000
vt 1.000000 0.000000
vt 1.000000 0.000000
vt 1.000000 0.000000
vt 1.000000 0.000000
vt 1.000000 0.000000
vt 1.000000 0.000000
vt 1.000000 0.000000
vt 1.000000 0.000000
vt 1.000000 0.000000
vt 1.000000 0.000000
vt 1.000000 0.000000
vt 1.000000 0.000000
vt 1.000000 0.000000
vt 1.000000 0.000000
vt 1.000000 0.000000
vt 1.000000 0.000000
vt 1.000000 0.000000
vt 1.000000 0.000000
vt 1.000000 0.000000
vt 1.000000 0.000000
vt 1.000000 0.000000
vt 1.000000 0.000000
vt 1.000000 0.000000
vt 1.000000 0.000000
vt 1.000000 0.000000
vt 1.000000 0.000000
vt 1.000000 0.000000
vt 1.000000 0.000000
vt 1.000000 0.000000
vt 1.000000 0.000000
vt 1.000000 0.000000
vt 1.000000 0.000000
vt 1.000000 0.000000
vt 1.000000 0.000000
vt 1.000000 0.000000
vt 1.000000 0.000000
vt 1.000000 0.000000
vt 1.000000 0.000000
vt 1.000000 0.000000
vt 1.000000 0.000000
vt 1.000000 0.000000
vt 1.000000 0.000000
vt 1.000000 0.000000
vt 1.000000 0.000000
vt 1.000000 0.000000
vt 1.000000 0.000000
vt 1.000000 0.000000
vt 1.000000 0.000000
vt 1.000000 0.000000
vt 1.000000 0.000000
vt 1.000000 0.000000
vt 1.000000 0.000000
vt 1.000000 0.000000
vt 1.000000 0.000000
vt 1.000000 0.000000
vt 1.000000 0.000000
vt 1.000000 0.000000
vt 1.000000 0.000000
vt 1.000000 0.000000
vt 1.000000 0.000000
vt 1.000000 0.000000
vt 1.000000 0.000000
vt 1.000000 0.000000
vt 1.000000 0.000000
vt 1.000000 0.000000
vt 1.000000 0.000000
vt 1.000000 0.000000
vt 1.000000 0.000000
vt 1.000000 0.000000
vt 1.000000 0.000000
vt 1.000000 0.000000
vt 1.000000 0.000000
vt 1.000000 0.000000
vt 1.000000 0.000000
vt 1.000000 0.000000
vt 1.000000 0.000000
vt 1.000000 0.000000
vt 1.000000 0.000000
vt 1.000000 0.000000
vt 1.000000 0.000000
vt 1.000000 0.000000
vt 1.000000 0.000000
vt 1.000000 0.000000
vt 1.000000 0.000000
vt 1.000000 0.000000
vt 1.000000 0.000000
vt 1.000000 0.000000
vt 1.000000 0.000000
vt 1.000000 0.000000
vt 1.000000 0.000000
vt 1.000000 0.000000
vt 1.000000 0.000000
vt 1.000000 0.000000
vt 1.000000 0.000000
vt 1.000000 0.000000
vt 1.000000 0.000000
vt 1.000000 0.000000
vt 1.000000 0.000000
vt 1.000000 0.000000
vt 1.000000 0.000000
vt 1.000000 0.000000
vt 1.000000 0.000000
vt 1.000000 0.000000
vt 1.000000 0.000000
vt 1.000000 0.000000
vt 1.000000 0.000000
vt 1.000000 0.000000
vt 1.000000 0.000000
vt 1.000000 0.000000
vt 1.000000 0.000000
vt 1.000000 0.000000
vt 1.000000 0.000000
vt 1.000000 0.000000
vt 1.000000 0.000000
vt 1.000000 0.000000
vt 1.000000 0.000000
vt 1.000000 0.000000
vt 1.000000 0.000000
vt 1.000000 0.000000
vt 1.000000 0.000000
vt 1.000000 0.000000
vt 1.000000 0.000000
vt 1.000000 0.000000
vt 1.000000 0.000000
vt 1.000000 0.000000
vt 1.000000 0.000000
vt 1.000000 0.000000
vt 1.000000 0.000000
vt 1.000000 0.000000
vt 1.000000 0.000000
vt 1.000000 0.000000
vt 1.000000 0.000000
vt 1.000000 0.000000
vt 1.000000 0.000000
vt 1.000000 0.000000
vt 1.000000 0.000000
vt 1.000000 0.000000
vt 1.000000 0.000000
vt 1.000000 0.000000
vt 1.000000 0.000000
vt 1.000000 0.000000
vt 1.000000 0.000000
vt 1.000000 0.000000
vt 1.000000 0.000000
vt 1.000000 0.000000
vt 1.000000 0.000000
vt 1.000000 0.000000
vt 1.000000 0.000000
vt 1.000000 0.000000
vt 1.000000 0.000000
vt 1.000000 0.000000
vt 1.000000 0.000000
vt 1.000000 0.000000
vt 1.000000 0.000000
vt 1.000000 0.000000
vt 1.000000 0.000000
vt 1.000000 0.000000
vt 1.000000 0.000000
vt 1.000000 0.000000
vt 1.000000 0.000000
vt 1.000000 0.000000
vt 1.000000 0.000000
vt 1.000000 0.000000
vt 1.000000 0.000000
vt 1.000000 0.000000
vt 1.000000 0.000000
vt 1.000000 0.000000
vt 1.000000 0.000000
vt 1.000000 0.000000
vt 1.000000 0.000000
vt 1.000000 0.000000
vt 1.000000 0.000000
vt 1.000000 0.000000
vt 1.000000 0.000000
vt 1.000000 0.000000
vt 1.000000 0.000000
vt 1.000000 0.000000
vt 1.000000 0.000000
vt 1.000000 0.000000
vt 1.000000 0.000000
vt 1.000000 0.000000
vt 1.000000 0.000000
vt 1.000000 0.000000
vt 1.000000 0.000000
vt 1.000000 0.000000
vt 1.000000 0.000000
vt 1.000000 0.000000
vt 1.000000 0.000000
vt 1.000000 0.000000
vt 1.000000 0.000000
vt 1.000000 0.000000
vt 1.000000 0.000000
vt 1.000000 0.000000
vt 1.000000 0.000000
vt 1.000000 0.000000
vt 1.000000 0.000000
vt 1.000000 0.000000
vt 1.000000 0.000000
vt 1.000000 0.000000
vt 1.000000 0.000000
vt 1.000000 0.000000
vt 1.000000 0.000000
vt 1.000000 0.000000
vt 1.000000 0.000000
vt 1.000000 0.000000
vt 1.000000 0.000000
vt 1.000000 0.000000
vt 1.000000 0.000000
vt 1.000000 0.000000
vt 1.000000 0.000000
vt 1.000000 0.000000
vt 1.000000 0.000000
vt 1.000000 0.000000
vt 1.000000 0.000000
vt 1.000000 0.000000
vt 1.000000 0.000000
vt 1.000000 0.000000
vt 1.000000 0.000000
vt 1.000000 0.000000
vt 1.000000 0.000000
vt 1.000000 0.000000
vt 1.000000 0.000000
vt 1.000000 0.000000
vt 1.000000 0.000000
vt 1.000000 0.000000
vt 1.000000 0.000000
vt 1.000000 0.000000
vt 1.000000 0.000000
vt 1.000000 0.000000
vt 1.000000 0.000000
vt 1.000000 0.000000
vt 1.000000 0.000000
vt 1.000000 0.000000
vt 1.000000 0.000000
vt 1.000000 0.000000
vt 1.000000 0.000000
vt 1.000000 0.000000
vt 1.000000 0.000000
vt 1.000000 0.000000
vt 1.000000 0.000000
vt 1.000000 0.000000
vt 1.000000 0.000000
vt 1.000000 0.000000
vt 1.000000 0.000000
vt 1.000000 0.000000
vt 1.000000 0.000000
vt 1.000000 0.000000
vt 1.000000 0.000000
vt 1.000000 0.000000
vt 1.000000 0.000000
vt 1.000000 0.000000
vt 1.000000 0.000000
vt 1.000000 0.000000
vt 1.000000 0.000000
vt 1.000000 0.000000
vt 1.000000 0.000000
vt 1.000000 0.000000
vt 1.000000 0.000000
vt 1.000000 0.000000
vt 1.000000 0.000000
vt 1.000000 0.000000
vt 1.000000 0.000000
vt 1.000000 0.000000
vt 1.000000 0.000000
vt 1.000000 0.000000
vt 1.000000 0.000000
vt 1.000000 0.000000
vt 1.000000 0.000000
vt 1.000000 0.000000
vt 1.000000 0.000000
vt 1.000000 0.000000
vt 1.000000 0.000000
vt 1.000000 0.000000
vt 1.000000 0.000000
vt 1.000000 0.000000
vt 1.000000 0.000000
vt 1.000000 0.000000
vt 1.000000 0.000000
vt 1.000000 0.000000
vt 1.000000 0.000000
vt 1.000000 0.000000
vt 1.000000 0.000000
vt 1.000000 0.000000
vt 1.000000 0.000000
vt 1.000000 0.000000
vt 1.000000 0.000000
vt 1.000000 0.000000
vt 1.000000 0.000000
vt 1.000000 0.000000
vt 1.000000 0.000000
vt 1.000000 0.000000
vt 1.000000 0.000000
vt 1.000000 0.000000
vt 1.000000 0.000000
vt 1.000000 0.000000
vt 1.000000 0.000000
vt 1.000000 0.000000
vt 1.000000 0.000000
vt 1.000000 0.000000
vt 1.000000 0.000000
vt 1.000000 0.000000
vt 1.000000 0.000000
vt 1.000000 0.000000
vt 1.000000 0.000000
vt 1.000000 0.000000
vt 1.000000 0.000000
vt 1.000000 0.000000
vt 1.000000 0.000000
vt 1.000000 0.000000
vt 1.000000 0.000000
vt 1.000000 0.000000
vt 1.000000 0.000000
vt 1.000000 0.000000
vt 1.000000 0.000000
vt 1.000000 0.000000
vt 1.000000 0.000000
vt 1.000000 0.000000
vt 1.000000 0.000000
vt 1.000000 0.000000
vt 1.000000 0.000000
vt 1.000000 0.000000
vt 1.000000 0.000000
vt 1.000000 0.000000
vt 1.000000 0.000000
vt 1.000000 0.000000
vt 1.000000 0.000000
vt 1.000000 0.000000
vt 1.000000 0.000000
vt 1.000000 0.000000
vt 1.000000 0.000000
vt 1.000000 0.000000
vt 1.000000 0.000000
vt 1.000000 0.000000
vt 1.000000 0.000000
vt 1.000000 0.000000
vt 1.000000 0.000000
vt 1.000000 0.000000
vt 1.000000 0.000000
vt 1.000000 0.000000
vt 1.000000 0.000000
vt 1.000000 0.000000
vt 1.000000 0.000000
vt 1.000000 0.000000
vt 1.000000 0.000000
vt 1.000000 0.000000
vt 1.000000 0.000000
vt 1.000000 0.000000
vt 1.000000 0.000000
vt 1.000000 0.000000
vt 1.000000 0.000000
vt 1.000000 0.000000
vt 1.000000 0.000000
vt 1.000000 0.000000
vt 1.000000 0.000000
vt 1.000000 0.000000
vt 1.000000 0.000000
vt 1.000000 0.000000
vt 1.000000 0.000000
vt 1.000000 0.000000
vt 1.000000 0.000000
vt 1.000000 0.000000
vt 1.000000 0.000000
vt 1.000000 0.000000
vt 1.000000 0.000000
vt 1.000000 0.000000
vt 1.000000 0.000000
vt 1.000000 0.000000
vt 1.000000 0.000000
vt 1.000000 0.000000
vt 1.000000 0.000000
vt 1.000000 0.000000
vt 1.000000 0.000000
vt 1.000000 0.000000
vt 1.000000 0.000000
vt 1.000000 0.000000
vt 1.000000 0.000000
vt 1.000000 0.000000
vt 1.000000 0.000000
vt 1.000000 0.000000
vt 1.000000 0.000000
vt 1.000000 0.000000
vt 1.000000 0.000000
vt 1.000000 0.000000
vt 1.000000 0.000000
vt 1.000000 0.000000
vt 1.000000 0.000000
vt 1.000000 0.000000
vt 1.000000 0.000000
vt 1.000000 0.000000
vt 1.000000 0.000000
vt 1.000000 0.000000
vt 1.000000 0.000000
vt 1.000000 0.000000
vt 1.000000 0.000000
vt 1.000000 0.000000
vt 1.000000 0.000000
vt 1.000000 0.000000
vt 1.000000 0.000000
vt 1.000000 0.000000
vt 1.000000 0.000000
vt 1.000000 0.000000
vt 1.000000 0.000000
vt 1.000000 0.000000
vt 1.000000 0.000000
vt 1.000000 0.000000
vt 1.000000 0.000000
vt 1.000000 0.000000
vt 1.000000 0.000000
vt 1.000000 0.000000
vt 1.000000 0.000000
vt 1.000000 0.000000
vt 1.000000 0.000000
vt 1.000000 0.000000
vt 1.000000 0.000000
vt 1.000000 0.000000
vt 1.000000 0.000000
vt 1.000000 0.000000
vt 1.000000 0.000000
vt 1.000000 0.000000
vt 1.000000 0.000000
vt 1.000000 0.000000
vt 1.000000 0.000000
vt 1.000000 0.000000
vt 1.000000 0.000000
vt 1.000000 0.000000
vt 1.000000 0.000000
vt 1.000000 0.000000
vt 1.000000 0.000000
vt 1.000000 0.000000
vt 1.000000 0.000000
vt 1.000000 0.000000
vt 1.000000 0.000000
vt 1.000000 0.000000
vt 1.000000 0.000000
vt 1.000000 0.000000
vt 1.000000 0.000000
vt 1.000000 0.000000
vt 1.000000 0.000000
vt 1.000000 0.000000
vt 1.000000 0.000000
vt 1.000000 0.000000
vt 1.000000 0.000000
vt 1.000000 0.000000
vt 1.000000 0.000000
vt 1.000000 0.000000
vt 1.000000 0.000000
vt 1.000000 0.000000
vt 1.000000 0.000000
vt 1.000000 0.000000
vt 1.000000 0.000000
vt 1.000000 0.000000
vt 1.000000 0.000000
vt 1.000000 0.000000
vt 1.000000 0.000000
vt 1.000000 0.000000
vt 1.000000 0.000000
vt 1.000000 0.000000
vt 1.000000 0.000000
vt 1.000000 0.000000
vt 1.000000 0.000000
vt 1.000000 0.000000
vt 1.000000 0.000000
vt 1.000000 0.000000
vt 1.000000 0.000000
vt 1.000000 0.000000
vt 1.000000 0.000000
vt 1.000000 0.000000
vt 1.000000 0.000000
vt 1.000000 0.000000
vt 1.000000 0.000000
vt 1.000000 0.000000
vt 1.000000 0.000000
vt 1.000000 0.000000
vt 1.000000 0.000000
vt 1.000000 0.000000
vt 1.000000 0.000000
vt 1.000000 0.000000
vt 1.000000 0.000000
vt 1.000000 0.000000
vt 1.000000 0.000000
vt 1.000000 0.000000
vt 1.000000 0.000000
vt 1.000000 0.000000
vt 1.000000 0.000000
vt 1.000000 0.000000
vt 1.000000 0.000000
vt 1.000000 0.000000
vt 1.000000 0.000000
vt 1.000000 0.000000
vt 1.000000 0.000000
vt 1.000000 0.000000
vt 1.000000 0.000000
vt 1.000000 0.000000
vt 1.000000 0.000000
vt 1.000000 0.000000
vt 1.000000 0.000000
vt 1.000000 0.000000
vt 1.000000 0.000000
vt 1.000000 0.000000
vt 1.000000 0.000000
vt 1.000000 0.000000
vt 1.000000 0.000000
vt 1.000000 0.000000
vt 1.000000 0.000000
vt 1.000000 0.000000
vt 1.000000 0.000000
vt 1.000000 0.000000
vt 1.000000 0.000000
vt 1.000000 0.000000
vt 1.000000 0.000000
vt 1.000000 0.000000
vt 1.000000 0.000000
vt 1.000000 0.000000
vt 1.000000 0.000000
vt 1.000000 0.000000
vt 1.000000 0.000000
vt 1.000000 0.000000
vt 1.000000 0.000000
vt 1.000000 0.000000
vt 1.000000 0.000000
vt 1.000000 0.000000
vt 1.000000 0.000000
vt 1.000000 0.000000
vt 1.000000 0.000000
vt 1.000000 0.000000
vt 1.000000 0.000000
vt 1.000000 0.000000
vt 1.000000 0.000000
vt 1.000000 0.000000
vt 1.000000 0.000000
vt 1.000000 0.000000
vt 1.000000 0.000000
vt 1.000000 0.000000
vt 1.000000 0.000000
vt 1.000000 0.000000
vt 1.000000 0.000000
vt 1.000000 0.000000
vt 1.000000 0.000000
vt 1.000000 0.000000
vt 1.000000 0.000000
vt 1.000000 0.000000
vt 1.000000 0.000000
vt 1.000000 0.000000
vt 1.000000 0.000000
vt 1.000000 0.000000
vt 1.000000 0.000000
vt 1.000000 0.000000
vt 1.000000 0.000000
vt 1.000000 0.000000
vt 1.000000 0.000000
vt 1.000000 0.000000
vt 1.000000 0.000000
vt 1.000000 0.000000
vt 1.000000 0.000000
vt 1.000000 0.000000
vt 1.000000 0.000000
vt 1.000000 0.000000
vt 1.000000 0.000000
vt 1.000000 0.000000
vt 1.000000 0.000000
vt 1.000000 0.000000
vt 1.000000 0.000000
vt 1.000000 0.000000
vt 1.000000 0.000000
vt 1.000000 0.000000
vt 1.000000 0.000000
vt 1.000000 0.000000
vt 1.000000 0.000000
vt 1.000000 0.000000
vt 1.000000 0.000000
vt 1.000000 0.000000
vt 1.000000 0.000000
vt 1.000000 0.000000
vt 1.000000 0.000000
vt 1.000000 0.000000
vt 1.000000 0.000000
vt 1.000000 0.000000
vt 1.000000 0.000000
vt 1.000000 0.000000
vt 1.000000 0.000000
vt 1.000000 0.000000
vt 1.000000 0.000000
vt 1.000000 0.000000
vt 1.000000 0.000000
vt 1.000000 0.000000
vt 1.000000 0.000000
vt 1.000000 0.000000
vt 1.000000 0.000000
vt 1.000000 0.000000
vt 1.000000 0.000000
vt 1.000000 0.000000
vt 1.000000 0.000000
vt 1.000000 0.000000
vt 1.000000 0.000000
vt 1.000000 0.000000
vt 1.000000 0.000000
vt 1.000000 0.000000
vt 1.000000 0.000000
vt 1.000000 0.000000
vt 1.000000 0.000000
vt 1.000000 0.000000
vt 1.000000 0.000000
vt 1.000000 0.000000
vt 1.000000 0.000000
vt 1.000000 0.000000
vt 1.000000 0.000000
vt 1.000000 0.000000
vt 1.000000 0.000000
vt 1.000000 0.000000
vt 1.000000 0.000000
vt 1.000000 0.000000
vt 1.000000 0.000000
vt 1.000000 0.000000
vt 1.000000 0.000000
vt 1.000000 0.000000
vt 1.000000 0.000000
vt 1.000000 0.000000
vt 1.000000 0.000000
vt 1.000000 0.000000
vt 1.000000 0.000000
vt 1.000000 0.000000
vt 1.000000 0.000000
vt 1.000000 0.000000
vt 1.000000 0.000000
vt 1.000000 0.000000
vt 1.000000 0.000000
vt 1.000000 0.000000
vt 1.000000 0.000000
vt 1.000000 0.000000
vt 1.000000 0.000000
vt 1.000000 0.000000
vt 1.000000 0.000000
vt 1.000000 0.000000
vt 1.000000 0.000000
vt 1.000000 0.000000
vt 1.000000 0.000000
vt 1.000000 0.000000
vt 1.000000 0.000000
vt 1.000000 0.000000
vt 1.000000 0.000000
vt 1.000000 0.000000
vt 1.000000 0.000000
vt 1.000000 0.000000
vt 1.000000 0.000000
vt 1.000000 0.000000
vt 1.000000 0.000000
vt 1.000000 0.000000
vt 1.000000 0.000000
vt 1.000000 0.000000
vt 1.000000 0.000000
vt 1.000000 0.000000
vt 1.000000 0.000000
vt 1.000000 0.000000
vt 1.000000 0.000000
vt 1.000000 0.000000
vt 1.000000 0.000000
vt 1.000000 0.000000
vt 1.000000 0.000000
vt 1.000000 0.000000
vt 1.000000 0.000000
vt 1.000000 0.000000
vt 1.000000 0.000000
vt 1.000000 0.000000
vt 1.000000 0.000000
vt 1.000000 0.000000
vt 1.000000 0.000000
vt 1.000000 0.000000
vt 1.000000 0.000000
vt 1.000000 0.000000
vt 1.000000 0.000000
vt 1.000000 0.000000
vt 1.000000 0.000000
vt 1.000000 0.000000
vt 1.000000 0.000000
vt 1.000000 0.000000
vt 1.000000 0.000000
vt 1.000000 0.000000
vt 1.000000 0.000000
vt 1.000000 0.000000
vt 1.000000 0.000000
vt 1.000000 0.000000
vt 1.000000 0.000000
vt 1.000000 0.000000
vt 1.000000 0.000000
vt 1.000000 0.000000
vt 1.000000 0.000000
vt 1.000000 0.000000
vt 1.000000 0.000000
vt 1.000000 0.000000
vt 1.000000 0.000000
vt 1.000000 0.000000
vt 1.000000 0.000000
vt 1.000000 0.000000
vt 1.000000 0.000000
vt 1.000000 0.000000
vt 1.000000 0.000000
vt 1.000000 0.000000
vt 1.000000 0.000000
vt 1.000000 0.000000
vt 1.000000 0.000000
vt 1.000000 0.000000
vt 1.000000 0.000000
vt 1.000000 0.000000
vt 1.000000 0.000000
vt 1.000000 0.000000
vt 1.000000 0.000000
vt 1.000000 0.000000
vt 1.000000 0.000000
vt 1.000000 0.000000
vt 1.000000 0.000000
vt 1.000000 0.000000
vt 1.000000 0.000000
vt 1.000000 0.000000
vt 1.000000 0.000000
vt 1.000000 0.000000
vt 1.000000 0.000000
vt 1.000000 0.000000
vt 1.000000 0.000000
vt 1.000000 0.000000
vt 1.000000 0.000000
vt 1.000000 0.000000
vt 1.000000 0.000000
vt 1.000000 0.000000
vt 1.000000 0.000000
vt 1.000000 0.000000
vt 1.000000 0.000000
vt 1.000000 0.000000
vt 1.000000 0.000000
vt 1.000000 0.000000
vt 1.000000 0.000000
vt 1.000000 0.000000
vt 1.000000 0.000000
vt 1.000000 0.000000
vt 1.000000 0.000000
vt 1.000000 0.000000
vt 1.000000 0.000000
vt 1.000000 0.000000
vt 1.000000 0.000000
vt 1.000000 0.000000
vt 1.000000 0.000000
vt 1.000000 0.000000
vt 1.000000 0.000000
vt 1.000000 0.000000
vt 1.000000 0.000000
vt 1.000000 0.000000
vt 1.000000 0.000000
vt 1.000000 0.000000
vt 1.000000 0.000000
vt 1.000000 0.000000
vt 1.000000 0.000000
vt 1.000000 0.000000
vt 1.000000 0.000000
vt 1.000000 0.000000
vt 1.000000 0.000000
vt 1.000000 0.000000
vt 1.000000 0.000000
vt 1.000000 0.000000
vt 1.000000 0.000000
vt 1.000000 0.000000
vt 1.000000 0.000000
vt 1.000000 0.000000
vt 1.000000 0.000000
vt 1.000000 0.000000
vt 1.000000 0.000000
vt 1.000000 0.000000
vt 1.000000 0.000000
vt 1.000000 0.000000
vt 1.000000 0.000000
vt 1.000000 0.000000
vt 1.000000 0.000000
vt 1.000000 0.000000
vt 1.000000 0.000000
vt 1.000000 0.000000
vt 1.000000 0.000000
vt 1.000000 0.000000
vt 1.000000 0.000000
vt 1.000000 0.000000
vt 1.000000 0.000000
vt 1.000000 0.000000
vt 1.000000 0.000000
vt 1.000000 0.000000
vt 1.000000 0.000000
vt 1.000000 0.000000
vt 1.000000 0.000000
vt 1.000000 0.000000
vt 1.000000 0.000000
vt 1.000000 0.000000
vt 1.000000 0.000000
vt 1.000000 0.000000
vt 1.000000 0.000000
vt 1.000000 0.000000
vt 1.000000 0.000000
vt 1.000000 0.000000
vt 1.000000 0.000000
vt 1.000000 0.000000
vt 1.000000 0.000000
vt 1.000000 0.000000
vt 1.000000 0.000000
vt 1.000000 0.000000
vt 1.000000 0.000000
vt 1.000000 0.000000
vt 1.000000 0.000000
vt 1.000000 0.000000
vt 1.000000 0.000000
vt 1.000000 0.000000
vt 1.000000 0.000000
vt 1.000000 0.000000
vt 1.000000 0.000000
vt 1.000000 0.000000
vt 1.000000 0.000000
vt 1.000000 0.000000
vt 1.000000 0.000000
vt 1.000000 0.000000
vt 1.000000 0.000000
vt 1.000000 0.000000
vt 1.000000 0.000000
vt 1.000000 0.000000
vt 1.000000 0.000000
vt 1.000000 0.000000
vt 1.000000 0.000000
vt 1.000000 0.000000
vt 1.000000 0.000000
vt 1.000000 0.000000
vt 1.000000 0.000000
vt 1.000000 0.000000
vt 1.000000 0.000000
vt 1.000000 0.000000
vt 1.000000 0.000000
vt 1.000000 0.000000
vt 1.000000 0.000000
vt 1.000000 0.000000
vt 1.000000 0.000000
vt 1.000000 0.000000
vt 1.000000 0.000000
vt 1.000000 0.000000
vt 1.000000 0.000000
vt 1.000000 0.000000
vt 1.000000 0.000000
vt 1.000000 0.000000
vt 1.000000 0.000000
vt 1.000000 0.000000
vt 1.000000 0.000000
vt 1.000000 0.000000
vt 1.000000 0.000000
vt 1.000000 0.000000
vt 1.000000 0.000000
vt 1.000000 0.000000
vt 1.000000 0.000000
vt 1.000000 0.000000
vt 1.000000 0.000000
vt 1.000000 0.000000
vt 1.000000 0.000000
vt 1.000000 0.000000
vt 1.000000 0.000000
vt 1.000000 0.000000
vt 1.000000 0.000000
vt 1.000000 0.000000
vt 1.000000 0.000000
vt 1.000000 0.000000
vt 1.000000 0.000000
vt 1.000000 0.000000
vt 1.000000 0.000000
vt 1.000000 0.000000
vt 1.000000 0.000000
vt 1.000000 0.000000
vt 1.000000 0.000000
vt 1.000000 0.000000
vt 1.000000 0.000000

vn -0.013077 0.999856 0.010796
vn -0.007951 0.999927 0.009129
vn -0.003338 0.999942 0.010199
vn -0.001421 0.999976 0.006840
vn -0.000380 0.999998 0.002225
vn -0.001157 0.999987 0.004972
vn -0.003355 0.999822 0.018591
vn -0.006956 0.999275 0.037424
vn -0.010242 0.998461 0.054512
vn -0.013236 0.997754 0.065673
vn -0.015419 0.997115 0.074317
vn -0.019852 0.996472 0.081548
vn -0.031345 0.995962 0.084129
vn -0.042218 0.995213 0.088137
vn -0.055159 0.994352 0.090673
vn -0.089879 0.991551 0.093527
vn -0.195293 0.977352 0.081503
vn -0.229669 0.973112 0.017493
vn -0.178750 0.983439 -0.029951
vn -0.115901 0.992046 -0.049119
vn -0.078647 0.996722 -0.018968
vn -0.029514 0.999559 -0.003346
vn -0.011088 0.999314 0.035349
vn 0.061880 0.996577 0.054822
vn 0.149591 0.987359 0.052386
vn 0.126533 0.990859 0.046781
vn 0.085760 0.994366 0.062299
vn 0.110141 0.988445 -0.104143
vn 0.114809 0.966238 -0.230656
vn 0.103664 0.974980 -0.196639
vn 0.082118 0.992468 -0.090902
vn 0.041405 0.999055 -0.013237
vn -0.001597 0.999983 0.005662
vn -0.004963 0.999835 0.017447
vn 0.006771 0.999922 0.010545
vn 0.001641 0.999989 0.004413
vn -0.023738 0.999628 0.013448
vn -0.037994 0.998887 0.027950
vn -0.045704 0.997541 0.053141
vn -0.063801 0.995644 0.067990
vn -0.059573 0.997147 0.046354
vn -0.030113 0.999170 0.027426
vn -0.006143 0.999344 0.035694
vn -0.014682 0.999868 0.007017
vn -0.012919 0.995041 -0.098624
vn -0.013522 0.988204 -0.152545
vn -0.011439 0.986921 -0.160799
vn -0.007534 0.990700 -0.135853
vn 0.008790 0.998125 -0.060577
vn 0.029093 0.998654 0.042933
vn 0.048277 0.993107 0.106805
vn 0.033532 0.993499 0.108790
vn 0.015529 0.998190 0.058101
vn 0.001291 0.999994 -0.003228
vn 0.000210 0.999145 -0.041354
vn -0.004684 0.999294 -0.037284
vn -0.006022 0.999748 -0.021626
vn -0.004139 0.999924 -0.011642
vn -0.008538 0.999835 -0.016057
vn -0.008846 0.999689 -0.023301
vn -0.004949 0.999782 -0.020287
vn -0.006866 0.999847 -0.016079
vn -0.020207 0.999731 -0.011420
vn -0.020780 0.999751 -0.008088
vn -0.002488 0.999826 -0.018490
vn -0.000587 0.999900 -0.014143
vn -0.005701 0.999912 -0.012008
vn 0.003772 0.997993 -0.063212
vn 0.023298 0.988331 -0.150531
vn -0.020590 0.990498 -0.135979
vn -0.046776 0.998113 -0.039790
vn -0.027330 0.999485 -0.016803
vn -0.009742 0.998975 -0.044196
vn -0.014113 0.998157 -0.059014
vn -0.026829 0.998258 -0.052543
vn -0.029633 0.999148 -0.028718
vn -0.037720 0.999251 0.008620
vn -0.053167 0.998101 0.031111
vn -0.053722 0.998207 0.026391
vn -0.025452 0.999612 0.011334
vn 0.035085 0.998850 -0.032662
vn 0.092682 0.993214 -0.070253
vn 0.055974 0.998408 0.006916
vn -0.024445 0.991389 0.128644
vn -0.049293 0.986144 0.158402
vn -0.014807 0.997151 0.073965
vn 0.007567 0.999886 0.013070
vn 0.010852 0.999929 0.004994
vn 0.020485 0.999790 0.000153
vn 0.023484 0.999671 0.010281
vn 0.024821 0.999617 0.012219
vn 0.026248 0.999610 0.009546
vn 0.012320 0.999866 0.010765
vn -0.011374 0.999911 0.006940
vn -0.024629 0.999688 0.004167
vn -0.023854 0.999709 0.003605
vn -0.002516 0.999963 -0.008192
vn 0.020017 0.999684 -0.015232
vn 0.049359 0.998769 -0.004880
vn 0.064853 0.997810 0.012989
vn 0.062093 0.997868 0.020090
vn 0.034376 0.999205 0.020183
vn 0.021154 0.999775 -0.001830
vn 0.020133 0.999785 -0.004911
vn 0.027063 0.999612 0.006599
vn 0.037969 0.998912 0.027081
vn 0.028182 0.997650 0.062446
vn 0.010972 0.997944 0.063150
vn 0.003020 0.999747 0.022274
vn -0.003869 0.999985 0.003931
vn -0.014392 0.999834 0.011181
vn -0.025508 0.999674 0.001421
vn -0.039981 0.998651 -0.033139
vn -0.052358 0.995487 -0.079143
vn -0.058105 0.993180 -0.101076
vn -0.051536 0.994531 -0.090841
vn -0.048008 0.997959 -0.042102
vn -0.058686 0.997962 0.025052
vn -0.052984 0.997543 0.045823
vn -0.029897 0.998877 0.036762
vn -0.001477 0.999884 0.015127
vn 0.009356 0.999907 0.009884
vn 0.007112 0.999870 0.014486
vn 0.002197 0.999953 0.009434
vn 0.001839 0.999993 0.003124
vn 0.007310 0.999968 -0.003292
vn -0.003942 0.999991 0.001447
vn -0.015769 0.999846 0.007694
vn -0.021473 0.999767 -0.002426
vn -0.049644 0.998670 0.013939
vn -0.064958 0.997455 0.029406
vn -0.053339 0.998368 0.020420
vn -0.084956 0.995926 0.030230
vn -0.099284 0.994518 0.032807
vn -0.080384 0.996299 0.030431
vn -0.057164 0.998146 0.020896
vn 0.033611 0.998727 -0.037618
vn 0.081610 0.993358 -0.081112
vn 0.070711 0.993405 -0.090263
vn 0.047285 0.995317 -0.084305
vn 0.035571 0.998147 -0.049362
vn 0.029924 0.999374 -0.018875
vn 0.050592 0.998717 0.002004
vn 0.051447 0.998596 0.012600
vn 0.017810 0.999535 0.024771
vn -0.024881 0.999061 0.035480
vn -0.021513 0.999306 0.030407
vn -0.005460 0.999626 0.026816
vn 0.002131 0.999784 0.020700
vn 0.015453 0.999866 0.005353
vn 0.010834 0.999919 0.006740
vn -0.002521 0.999970 0.007338
vn 0.009658 0.999936 -0.005840
vn 0.011498 0.999929 -0.003004
vn 0.008769 0.999960 0.001869
vn 0.000968 0.999905 0.013762
vn -0.008027 0.999813 0.017618
vn 0.002567 0.999995 0.001555
vn 0.002770 0.999996 0.000348
vn -0.010511 0.999849 0.013853
vn -0.010597 0.999803 0.016767
vn 0.000181 0.999986 0.005199
vn -0.001594 0.999986 -0.005017
vn -0.012817 0.999918 -0.000041
vn -0.014280 0.999897 0.001168
vn -0.005797 0.999968 0.005443
vn 0.000191 0.999990 0.004497
vn -0.005157 0.999981 0.003291
vn -0.004952 0.999981 0.003726
vn 0.004138 0.999976 0.005624
vn -0.002338 0.999962 0.008356
vn -0.007900 0.999896 0.012041
vn 0.003646 0.999993 0.000382
vn 0.014894 0.999869 -0.006356
vn 0.006916 0.999973 0.002407
vn 0.003502 0.999972 0.006660
vn 0.015113 0.999885 0.001318
vn 0.004386 0.999968 0.006646
vn 0.000502 0.999997 0.002579
vn 0.009199 0.999954 -0.002644
vn 0.007818 0.999962 -0.003868
vn 0.002948 0.999992 -0.002715
vn 0.001666 0.999967 0.008007
vn 0.002011 0.999699 0.024442
vn 0.001716 0.999641 0.026734
vn 0.001108 0.999864 0.016459
vn 0.005065 0.999904 0.012891
vn 0.000809 0.999947 0.010282
vn -0.010316 0.999945 0.001932
vn -0.009508 0.999946 -0.004225
vn 0.002263 0.999940 -0.010685
vn 0.006125 0.999940 -0.009042
vn 0.000635 0.999876 -0.015748
vn -0.008803 0.999850 -0.014943
vn -0.008104 0.999963 0.002906
vn -0.005267 0.999986 0.000386
vn -0.010713 0.999922 -0.006513
vn -0.006486 0.999769 -0.020499
vn 0.005855 0.999717 -0.023050
vn 0.001100 0.999981 -0.006058
vn 0.000799 0.999791 -0.020437
vn 0.001058 0.999734 -0.023050
vn 0.007779 0.999623 -0.026317
vn 0.012270 0.999563 -0.026906
vn 0.005927 0.999772 -0.020515
vn -0.003874 0.999880 -0.015020
vn -0.010548 0.999832 -0.014973
vn -0.005760 0.999764 -0.020929
vn 0.003093 0.999627 -0.027150
vn -0.004301 0.999870 -0.015535
vn -0.019347 0.999813 0.000389
vn -0.018370 0.999831 0.001133
vn -0.017737 0.999836 0.003575
vn -0.020259 0.999780 0.005423
vn -0.022030 0.999757 0.001262
vn -0.026948 0.999632 0.003169
vn -0.013108 0.999903 -0.004742
vn 0.001501 0.999961 -0.008667
vn -0.010823 0.999938 -0.002608
vn -0.021144 0.999633 -0.016955
vn -0.007084 0.999505 -0.030662
vn 0.016203 0.999630 -0.021871
vn 0.022982 0.999732 0.002812
vn 0.011705 0.999693 0.021838
vn 0.001490 0.999598 0.028324
vn -0.001152 0.999857 0.016897
vn 0.003263 0.999986 0.004170
vn -0.002559 0.999993 0.002815
vn 0.001920 0.999992 0.003426
vn 0.004486 0.999989 0.001563
vn -0.015201 0.999883 -0.001517
vn -0.015242 0.999842 -0.009200
vn -0.012207 0.999868 -0.010700
vn -0.015551 0.999870 0.004396
vn -0.015647 0.999809 0.011689
vn -0.013951 0.999881 0.006595
vn -0.011121 0.999933 0.003269
vn -0.007602 0.999961 -0.004584
vn -0.004224 0.999881 -0.014815
vn -0.010425 0.999903 -0.009246
vn -0.009354 0.999954 0.002041
vn 0.000443 0.999924 0.012322
vn 0.005259 0.999916 0.011877
vn 0.000859 0.999982 0.006026
vn -0.005118 0.999929 0.010748
vn 0.000800 0.999845 0.017613
vn 0.004819 0.999869 0.015456
vn -0.002859 0.999926 0.011848
vn -0.007424 0.999852 0.015516
vn 0.001242 0.999880 0.015461
vn 0.005242 0.999888 0.013990
vn -0.018608 0.999197 0.035497
vn -0.025283 0.998389 0.050805
vn -0.004781 0.998810 0.048541
vn -0.001134 0.998971 0.045348
vn -0.004627 0.999480 0.031925
vn 0.010777 0.999871 0.011875
vn 0.019535 0.999809 -0.000336
vn 0.005294 0.999984 -0.002067
vn -0.042562 0.999091 -0.002379
vn -0.086058 0.996285 -0.003211
vn -0.083034 0.996401 0.017067
vn -0.015497 0.999346 0.032677
vn 0.040915 0.999035 0.015974
vn 0.074157 0.997244 -0.002118
vn 0.079113 0.996859 -0.003559
vn 0.073659 0.997118 0.018138
vn 0.036410 0.999145 0.019568
vn 0.001110 0.999996 -0.002554
vn -0.000355 0.999848 -0.017462
vn 0.009810 0.999815 -0.016564
vn 0.013279 0.999639 -0.023356
vn 0.009478 0.999089 -0.041622
vn 0.021273 0.998253 -0.055117
vn 0.031807 0.998997 -0.031520
vn 0.027597 0.999469 -0.017344
vn 0.018127 0.999749 -0.013178
vn 0.006766 0.999977 -0.000092
vn -0.001645 0.999979 0.006255
vn -0.003489 0.999994 -0.000169
vn 0.005611 0.999978 0.003597
vn 0.003462 0.999990 0.002990
vn 0.000047 0.999984 -0.005736
vn 0.003785 0.999883 -0.014801
vn -0.004021 0.999862 -0.016139
vn -0.021137 0.999301 -0.030834
vn -0.029992 0.997665 -0.061361
vn -0.019531 0.995487 -0.092866
vn -0.003183 0.994717 -0.102606
vn -0.005913 0.998689 -0.050851
vn -0.013639 0.999782 0.015828
vn -0.029809 0.997832 0.058667
vn -0.041005 0.996949 0.066425
vn -0.034919 0.998165 0.049471
vn -0.027622 0.999069 0.033129
vn -0.022560 0.999662 0.012916
vn -0.016647 0.999852 0.004284
vn -0.015532 0.999737 0.016896
vn -0.017623 0.999844 -0.000846
vn -0.015465 0.999662 -0.020891
vn -0.016206 0.999827 -0.009134
vn -0.021633 0.999760 0.003346
vn -0.020869 0.999779 -0.002462
vn -0.010239 0.999808 -0.016695
vn -0.005439 0.999882 -0.014352
vn -0.008341 0.999962 -0.002592
vn -0.002157 0.999995 -0.002308
vn -0.001256 0.999958 -0.009101
vn 0.002709 0.999859 -0.016594
vn 0.014453 0.999705 -0.019497
vn 0.007604 0.999944 -0.007334
vn -0.009437 0.999876 0.012639
vn -0.009442 0.999753 0.020118
vn 0.003412 0.999942 0.010224
vn -0.011450 0.999900 0.008330
vn -0.012704 0.999918 -0.001730
vn -0.013780 0.999904 0.001324
vn -0.016924 0.999744 0.015015
vn -0.002683 0.999966 0.007765
vn 0.012004 0.999925 0.002430
vn 0.011410 0.999873 0.011149
vn 0.013281 0.999909 0.002394
vn 0.016156 0.999805 -0.011383
vn 0.012998 0.999823 -0.013614
vn 0.003729 0.999940 -0.010304
vn -0.003508 0.999980 -0.005254
vn -0.002263 0.999995 -0.002273
vn -0.001443 0.999998 0.001459
vn -0.000174 0.999999 -0.001346
vn -0.009226 0.999957 0.000822
vn -0.019660 0.999806 -0.000871
vn -0.023991 0.999711 0.001346
vn -0.010367 0.999900 -0.009641
vn -0.009930 0.999920 -0.007808
vn -0.012196 0.999925 0.000900
vn -0.005535 0.999979 -0.003261
vn -0.009628 0.999925 0.007614
vn -0.008700 0.999822 0.016751
vn 0.002212 0.999970 0.007443
vn 0.005325 0.999966 0.006330
vn 0.012481 0.999901 0.006540
vn 0.017361 0.999820 0.007627
vn 0.009466 0.999881 0.012208
vn 0.002937 0.999943 0.010310
vn 0.005148 0.999977 -0.004322
vn 0.000054 0.999999 -0.001183
vn 0.005404 0.999982 0.002677
vn 0.005152 0.999952 0.008353
vn 0.001760 0.999931 0.011656
vn -0.005905 0.999946 0.008535
vn -0.013013 0.999893 0.006704
vn -0.005283 0.999984 0.002128
vn -0.008891 0.999956 0.003155
vn -0.011961 0.999920 0.004236
vn -0.016031 0.999857 0.005418
vn -0.015082 0.999886 -0.000221
vn -0.019956 0.999800 -0.001452
vn -0.017537 0.999823 -0.006805
vn -0.008983 0.999903 -0.010656
vn -0.002325 0.999938 -0.010900
vn 0.000383 0.999979 -0.006436
vn -0.001037 0.999940 -0.010956
vn -0.016563 0.999832 -0.007823
vn -0.028519 0.997133 0.070091
vn 0.052149 0.991237 0.121367
vn 0.150341 0.982540 0.109603
vn 0.190850 0.979282 0.067696
vn 0.185926 0.982564 -0.000513
vn 0.151973 0.986367 -0.063114
vn 0.036075 0.996629 -0.073685
vn -0.146055 0.988850 -0.029057
vn -0.170390 0.985213 -0.017985
vn -0.128889 0.991410 -0.022216
vn -0.086990 0.996047 -0.017998
vn -0.054003 0.998528 -0.005120
vn -0.031059 0.999511 -0.003539
vn -0.017473 0.999731 -0.015256
vn -0.013414 0.999708 -0.020118
vn -0.018430 0.999808 -0.006668
vn -0.029251 0.999572 0.001106
vn -0.029663 0.999559 -0.001554
vn -0.027623 0.999557 -0.011069
vn -0.028788 0.999308 -0.023554
vn -0.020286 0.999106 -0.037094
vn -0.016249 0.999070 -0.039938
vn -0.018672 0.999428 -0.028202
vn -0.016240 0.999533 -0.025889
vn -0.011669 0.999421 -0.031955
vn -0.020626 0.999478 -0.024873
vn -0.022658 0.999419 -0.025460
vn -0.020688 0.999286 -0.031602
vn -0.019391 0.999234 -0.033984
vn -0.009536 0.999379 -0.033921
vn -0.010162 0.999466 -0.031054
vn -0.000905 0.999250 -0.038720
vn 0.015640 0.998795 -0.046515
vn 0.032363 0.998179 -0.050905
vn 0.053417 0.997511 -0.046021
vn 0.061058 0.998031 -0.014377
vn 0.049534 0.998474 0.024407
vn 0.043413 0.998631 0.029190
vn 0.042262 0.999094 0.005119
vn 0.016000 0.999871 0.000995
vn -0.034933 0.998394 0.044593
vn -0.086697 0.992453 0.086727
vn -0.072490 0.995272 0.064642
vn 0.015995 0.999814 -0.010803
vn 0.115022 0.990416 -0.076463
vn 0.144712 0.984434 -0.099745
vn 0.049690 0.997581 -0.048615
vn -0.058083 0.997992 0.025270
vn -0.067271 0.996907 0.040638
vn -0.057754 0.997438 0.042223
vn -0.043379 0.998159 0.042402
vn -0.038575 0.998091 0.048236
vn -0.054075 0.996765 0.059465
vn -0.052733 0.997570 0.045528
vn -0.027560 0.999342 0.023594
vn -0.003465 0.999797 0.019865
vn 0.006415 0.999920 0.010863
vn -0.006285 0.999804 0.018793
vn -0.026058 0.998791 0.041672
vn -0.014998 0.999551 0.025941
vn -0.019722 0.999520 0.023886
vn -0.025242 0.999610 0.011978
vn -0.028161 0.999415 -0.019396
vn -0.039044 0.999185 -0.010244
vn -0.038182 0.999155 -0.015213
vn -0.026802 0.999106 -0.032687
vn -0.023560 0.999266 -0.030207
vn -0.018251 0.999352 -0.031026
vn -0.023645 0.999397 -0.025417
vn -0.024735 0.998687 -0.044862
vn -0.030072 0.997669 -0.061258
vn -0.041090 0.997764 -0.052706
vn -0.040945 0.998706 -0.030182
vn -0.026774 0.999290 -0.026518
vn -0.013699 0.998857 -0.045787
vn -0.016600 0.997408 -0.070011
vn -0.019887 0.994166 -0.106016
vn -0.020883 0.995519 -0.092225
vn -0.033676 0.998964 -0.030597
vn -0.032222 0.999318 -0.018045
vn -0.036141 0.999108 -0.021827
vn -0.026111 0.999655 -0.002781
vn -0.061916 0.997353 0.038113
vn -0.020628 0.999482 0.024707
vn 0.001772 0.999897 0.014269
vn -0.018785 0.999374 0.029969
vn -0.031650 0.998291 0.049118
vn -0.029334 0.998640 0.043100
vn -0.031927 0.998746 0.038572
vn -0.007705 0.999174 0.039895
vn 0.005625 0.999193 0.039766
vn 0.009776 0.999261 0.037170
vn 0.015750 0.999723 0.017456
vn 0.015150 0.999875 -0.004561
vn -0.004496 0.999916 0.012191
vn -0.013349 0.997992 0.061917
vn -0.013136 0.994120 0.107485
vn -0.012304 0.989331 0.145165
vn -0.019429 0.989851 0.140777
vn -0.006447 0.996728 0.080569
vn 0.002181 0.999990 0.003963
vn -0.017575 0.996354 -0.083487
vn -0.037810 0.984827 -0.169371
vn -0.050126 0.977865 -0.203146
vn -0.062222 0.976500 -0.206342
vn -0.085874 0.977965 -0.190292
vn -0.075224 0.985057 -0.154932
vn -0.029716 0.992912 -0.115081
vn 0.002409 0.998707 -0.050775
vn 0.014182 0.999897 0.002414
vn 0.023295 0.999700 0.007567
vn 0.017209 0.999828 0.007001
vn 0.008230 0.999836 0.016109
vn 0.007663 0.999835 0.016447
vn -0.000813 0.999797 0.020149
vn -0.005877 0.999748 0.021670
vn -0.007571 0.999969 -0.002302
vn -0.006624 0.999977 0.001321
vn 0.002300 0.999985 -0.004882
vn -0.007767 0.999019 -0.043589
vn -0.018896 0.995098 -0.097071
vn -0.029724 0.992279 -0.120414
vn -0.049105 0.993198 -0.105573
vn -0.062596 0.995337 -0.073382
vn -0.070821 0.996995 -0.031385
vn -0.069879 0.997535 0.006327
vn -0.050970 0.998508 0.019615
vn -0.017645 0.999629 0.020756
vn 0.009088 0.999590 0.027160
vn 0.013372 0.999723 0.019377
vn 0.010655 0.999905 0.008702
vn 0.060862 0.998091 -0.010523
vn 0.083868 0.996453 -0.006960
vn 0.083448 0.996505 -0.003654
vn 0.077816 0.996957 0.004621
vn 0.064684 0.997849 0.010633
vn 0.047505 0.998870 0.001246
vn 0.011025 0.999875 0.011371
vn 0.003426 0.999660 0.025859
vn 0.019205 0.998880 0.043241
vn 0.022675 0.996319 0.082673
vn -0.015083 0.995180 0.096899
vn -0.026865 0.996527 0.078812
vn -0.063753 0.988011 0.140604
vn -0.106680 0.971316 0.212519
vn -0.099387 0.962564 0.252177
vn -0.064667 0.964490 0.256081
vn -0.054662 0.971075 0.232431
vn -0.088932 0.964210 0.249782
vn -0.039275 0.957189 0.286788
vn 0.104467 0.952134 0.287276
vn 0.191041 0.945511 0.263652
vn 0.198937 0.950040 0.240519
vn 0.207239 0.954648 0.213774
vn 0.210225 0.954681 0.210687
vn 0.204323 0.956476 0.208341
vn 0.169553 0.959879 0.223349
vn 0.100197 0.969762 0.222534
vn -0.009963 0.981006 0.193724
vn -0.114105 0.981591 0.153164
vn -0.141544 0.981837 0.126342
vn -0.123741 0.988633 0.085400
vn -0.087544 0.995482 0.036768
vn -0.027360 0.999620 0.003245
vn -0.011607 0.999923 0.004448
vn -0.015678 0.999864 0.005209
vn -0.014876 0.999882 -0.003782
vn -0.014922 0.999845 -0.009331
vn -0.016463 0.999833 -0.007909
vn -0.014486 0.999875 -0.006271
vn -0.022971 0.999705 -0.007924
vn -0.037873 0.999206 -0.012344
vn -0.014814 0.999852 -0.008725
vn 0.019923 0.999793 -0.004120
vn 0.043675 0.998854 0.019559
vn 0.026043 0.999285 0.027406
vn -0.009575 0.999708 0.022164
vn -0.011464 0.999440 0.031450
vn 0.022799 0.999077 0.036416
vn 0.033597 0.999301 0.016415
vn 0.020244 0.999788 0.003909
vn 0.010888 0.999941 0.000023
vn 0.002067 0.999997 0.000842
vn -0.022240 0.999749 -0.002604
vn -0.011852 0.999928 0.002127
vn -0.010823 0.999849 0.013568
vn -0.026910 0.999599 0.008825
vn -0.014072 0.999886 0.005403
vn -0.019009 0.999801 0.005988
vn -0.024506 0.999699 -0.001246
vn -0.011036 0.999932 -0.003775
vn -0.003207 0.999989 0.003570
vn -0.003679 0.999822 0.018511
vn -0.007061 0.999285 0.037148
vn -0.014402 0.998522 0.052409
vn -0.016194 0.997853 0.063459
vn -0.016104 0.997133 0.073943
vn -0.027779 0.996263 0.081787
vn -0.036588 0.995848 0.083355
vn -0.052214 0.995017 0.084944
vn -0.072302 0.993669 0.085988
vn -0.120409 0.988457 0.091952
vn -0.233928 0.968618 0.084001
vn -0.257475 0.966073 0.020218
vn -0.158771 0.986887 -0.029069
vn -0.080092 0.995408 -0.052427
vn -0.062095 0.997813 -0.022672
vn -0.028679 0.999492 -0.013927
vn -0.001308 0.999815 0.019180
vn 0.037105 0.999150 0.017974
vn 0.083944 0.996454 0.005757
vn 0.071364 0.997368 0.012831
vn 0.024321 0.999342 0.026901
vn 0.059790 0.993698 -0.094812
vn 0.104795 0.968952 -0.223941
vn 0.112125 0.967102 -0.228344
vn 0.084252 0.988802 -0.123176
vn 0.032142 0.998655 -0.040680
vn -0.002552 0.999992 -0.003214
vn -0.001559 0.999938 0.011075
vn 0.003357 0.999941 0.010306
vn -0.001495 0.999975 0.006884
vn -0.021787 0.999645 0.015332
vn -0.028447 0.999068 0.032462
vn -0.037249 0.997465 0.060637
vn -0.065330 0.994871 0.077227
vn -0.068711 0.996883 0.038758
vn -0.034433 0.999356 0.010076
vn -0.014842 0.999501 0.027889
vn -0.015663 0.999758 0.015462
vn -0.011937 0.997902 -0.063624
vn -0.014428 0.990761 -0.134847
vn -0.028891 0.985092 -0.169586
vn -0.022759 0.986231 -0.163801
vn -0.003057 0.994428 -0.105369
vn 0.018314 0.999826 -0.003592
vn 0.028698 0.996467 0.078928
vn 0.025740 0.992981 0.115443
vn 0.012492 0.996191 0.086297
vn 0.001150 0.999875 0.015749
vn -0.002870 0.999166 -0.040721
vn -0.011087 0.998916 -0.045213
vn -0.010489 0.999472 -0.030754
vn -0.006532 0.999912 -0.011567
vn -0.009162 0.999869 -0.013320
vn -0.008124 0.999709 -0.022699
vn -0.003487 0.999778 -0.020777
vn -0.006762 0.999864 -0.015017
vn -0.017037 0.999819 -0.008455
vn -0.016601 0.999835 -0.007431
vn -0.001615 0.999823 -0.018754
vn -0.000490 0.999845 -0.017604
vn -0.009860 0.999950 -0.001656
vn 0.002552 0.998865 -0.047567
vn 0.014547 0.991157 -0.131894
vn -0.019060 0.991093 -0.131799
vn -0.040154 0.997289 -0.061666
vn -0.017707 0.999646 -0.019842
vn -0.001459 0.999595 -0.028434
vn -0.012744 0.998732 -0.048704
vn -0.030308 0.997710 -0.060468
vn -0.033618 0.998512 -0.042942
vn -0.042250 0.999107 -0.000390
vn -0.056964 0.997997 0.027520
vn -0.050255 0.998475 0.022855
vn -0.015268 0.999850 0.008173
vn 0.050105 0.998061 -0.036936
vn 0.086967 0.993874 -0.068195
vn 0.050777 0.998698 0.004966
vn -0.035436 0.991801 0.122779
vn -0.059568 0.987357 0.146891
vn -0.027220 0.996883 0.074055
vn 0.000578 0.999864 0.016467
vn 0.014356 0.999881 0.005688
vn 0.023484 0.999724 0.000739
vn 0.024838 0.999656 0.008460
vn 0.024065 0.999650 0.011005
vn 0.019928 0.999770 0.007936
vn 0.003452 0.999915 0.012563
vn -0.017129 0.999792 0.011121
vn -0.029103 0.999565 0.004844
vn -0.023624 0.999721 0.000924
vn 0.001811 0.999931 -0.011605
vn 0.033805 0.999289 -0.016686
vn 0.065331 0.997853 -0.004731
vn 0.082217 0.996475 0.016661
vn 0.063712 0.997540 0.029240
vn 0.031559 0.999102 0.028282
vn 0.016202 0.999859 0.004424
vn 0.020904 0.999765 -0.005723
vn 0.031266 0.999510 0.001659
vn 0.042350 0.998830 0.023343
vn 0.031068 0.997454 0.064192
vn 0.014195 0.997042 0.075538
vn 0.001142 0.999509 0.031300
vn -0.012424 0.999919 0.002662
vn -0.023702 0.999661 0.010825
vn -0.033789 0.999411 0.005961
vn -0.045035 0.998696 -0.024038
vn -0.048559 0.996461 -0.068608
vn -0.057846 0.993592 -0.097103
vn -0.057437 0.993190 -0.101365
vn -0.058256 0.997014 -0.050690
vn -0.059988 0.998044 0.017565
vn -0.041081 0.998282 0.041773
vn -0.017202 0.999364 0.031219
vn 0.001322 0.999921 0.012533
vn 0.004187 0.999946 0.009471
vn -0.000935 0.999913 0.013195
vn -0.004124 0.999957 0.008304
vn -0.000718 0.999999 0.001282
vn 0.003932 0.999988 -0.002751
vn -0.006374 0.999974 0.003257
vn -0.019334 0.999781 0.008016
vn -0.028639 0.999590 -0.000778
vn -0.052485 0.998593 0.007564
vn -0.065307 0.997502 0.026913
vn -0.061270 0.997932 0.019441
vn -0.093736 0.995372 0.021173
vn -0.106363 0.994170 0.017666
vn -0.088306 0.996061 0.008080
vn -0.066066 0.997762 0.010351
vn 0.018696 0.998689 -0.047646
vn 0.072934 0.992841 -0.094591
vn 0.055001 0.992623 -0.108047
vn 0.036940 0.993208 -0.110336
vn 0.035809 0.996322 -0.077845
vn 0.033240 0.999022 -0.029172
vn 0.057942 0.998305 -0.005402
vn 0.051942 0.998566 0.012986
vn 0.014123 0.999556 0.026243
vn -0.020673 0.999061 0.038086
vn -0.013981 0.999100 0.040043
vn 0.001114 0.999363 0.035677
vn 0.006339 0.999564 0.028844
vn 0.018076 0.999767 0.011817
vn 0.012099 0.999869 0.010739
vn -0.003678 0.999932 0.011037
vn 0.012685 0.999914 -0.003244
vn 0.012859 0.999914 -0.002420
vn 0.007208 0.999965 -0.004194
vn -0.005686 0.999935 0.009847
vn -0.011314 0.999856 0.012670
vn 0.000505 0.999999 0.001251
vn 0.002643 0.999996 0.001059
vn -0.013062 0.999839 0.012320
vn -0.014688 0.999805 0.013236
vn -0.001966 0.999977 0.006473
vn -0.002469 0.999994 -0.002644
vn -0.012471 0.999922 0.000950
vn -0.014509 0.999895 0.000303
vn -0.005563 0.999984 0.000600
vn -0.000554 0.999995 0.003213
vn -0.006794 0.999967 0.004481
vn -0.002729 0.999995 0.001494
vn 0.001660 0.999993 0.003492
vn -0.005082 0.999966 0.006454
vn -0.010272 0.999900 0.009727
vn 0.005680 0.999983 0.001304
vn 0.015068 0.999864 -0.006642
vn 0.004681 0.999989 0.000853
vn 0.005048 0.999978 0.004226
vn 0.015926 0.999872 0.001645
vn 0.003789 0.999929 0.011254
vn 0.002677 0.999990 0.003668
vn 0.008129 0.999964 -0.002297
vn 0.005385 0.999979 -0.003608
vn -0.001502 0.999996 -0.002622
vn -0.004908 0.999983 0.003222
vn -0.002744 0.999764 0.021534
vn -0.002624 0.999651 0.026278
vn 0.000587 0.999860 0.016701
vn 0.004870 0.999909 0.012567
vn -0.000079 0.999898 0.014274
vn -0.009072 0.999937 0.006690
vn -0.005635 0.999967 -0.005883
vn 0.005818 0.999899 -0.012968
vn 0.008059 0.999933 -0.008346
vn -0.000089 0.999928 -0.012025
vn -0.008095 0.999881 -0.013153
vn -0.006428 0.999979 0.000432
vn -0.002371 0.999994 0.002552
vn -0.007858 0.999966 -0.002609
vn -0.002021 0.999786 -0.020599
vn 0.007939 0.999719 -0.022348
vn 0.001319 0.999979 -0.006315
vn 0.000182 0.999850 -0.017320
vn 0.001024 0.999731 -0.023184
vn 0.011572 0.999569 -0.026998
vn 0.012506 0.999581 -0.026105
vn 0.005014 0.999794 -0.019688
vn -0.003757 0.999911 -0.012795
vn -0.009006 0.999876 -0.012954
vn -0.003294 0.999796 -0.019935
vn 0.005522 0.999657 -0.025596
vn -0.004758 0.999883 -0.014543
vn -0.018467 0.999829 -0.001234
vn -0.018211 0.999834 0.000969
vn -0.017477 0.999846 0.001749
vn -0.023865 0.999708 0.003905
vn -0.026386 0.999651 -0.001065
vn -0.026780 0.999641 0.001217
vn -0.009657 0.999944 -0.004368
vn 0.004021 0.999951 -0.009001
vn -0.019069 0.999786 -0.008054
vn -0.035717 0.999040 -0.025380
vn -0.015196 0.998795 -0.046671
vn 0.024816 0.999180 -0.031988
vn 0.031434 0.999506 0.000061
vn 0.015523 0.999641 0.021858
vn -0.000563 0.999572 0.029246
vn -0.006625 0.999799 0.018909
vn 0.001159 0.999996 0.002655
vn -0.002224 0.999993 0.003120
vn 0.001923 0.999994 0.002875
vn -0.000954 0.999996 -0.002777
vn -0.017231 0.999843 -0.004125
vn -0.014579 0.999871 -0.006813
vn -0.011088 0.999899 -0.008869
vn -0.014298 0.999897 -0.001459
vn -0.015819 0.999827 0.009805
vn -0.013936 0.999867 0.008463
vn -0.013337 0.999906 0.003068
vn -0.012352 0.999906 -0.005934
vn -0.007527 0.999850 -0.015607
vn -0.008464 0.999888 -0.012349
vn -0.005221 0.999985 -0.001616
vn 0.001584 0.999957 0.009169
vn 0.003351 0.999920 0.012232
vn 0.000237 0.999969 0.007933
vn -0.002971 0.999953 0.009279
vn 0.003788 0.999849 0.016944
vn 0.004576 0.999855 0.016425
vn -0.004152 0.999881 0.014845
vn -0.003650 0.999837 0.017672
vn 0.006888 0.999790 0.019279
vn 0.007056 0.999820 0.017637
vn -0.018537 0.999332 0.031488
vn -0.026133 0.998719 0.043324
vn -0.005013 0.999013 0.044147
vn -0.004324 0.999173 0.040439
vn -0.011943 0.999529 0.028256
vn 0.003265 0.999949 0.009566
vn 0.017400 0.999848 -0.000759
vn 0.005248 0.999985 -0.001844
vn -0.038064 0.999245 -0.007831
vn -0.080347 0.996717 -0.009985
vn -0.077094 0.997010 0.005260
vn -0.019016 0.999666 0.017522
vn 0.029891 0.999516 0.008624
vn 0.065638 0.997843 -0.001327
vn 0.079023 0.996872 0.001527
vn 0.083953 0.996270 0.019946
vn 0.043941 0.998902 0.016242
vn 0.005045 0.999969 -0.006110
vn -0.002062 0.999792 -0.020283
vn 0.007346 0.999789 -0.019171
vn 0.010348 0.999691 -0.022594
vn 0.002270 0.999070 -0.043068
vn 0.003261 0.998712 -0.050627
vn 0.010000 0.999753 -0.019833
vn -0.002059 0.999995 -0.002497
vn -0.011790 0.999930 -0.000757
vn -0.019424 0.999761 0.010022
vn -0.025025 0.999591 0.013819
vn -0.023861 0.999714 0.001718
vn -0.008511 0.999955 0.004109
vn 0.000617 0.999983 0.005788
vn -0.004305 0.999974 -0.005881
vn -0.005183 0.999886 -0.014202
vn -0.011025 0.999869 -0.011824
vn -0.024746 0.999387 -0.024747
vn -0.033570 0.997647 -0.059786
vn -0.024618 0.994791 -0.098917
vn -0.007993 0.994189 -0.107351
vn -0.001500 0.998573 -0.053387
vn -0.013390 0.999771 0.016687
vn -0.036855 0.997490 0.060461
vn -0.039292 0.996972 0.067110
vn -0.031900 0.998224 0.050322
vn -0.025290 0.999023 0.036254
vn -0.023419 0.999587 0.016651
vn -0.018243 0.999827 0.003714
vn -0.016806 0.999767 0.013582
vn -0.018135 0.999828 0.003906
vn -0.016341 0.999707 -0.017884
vn -0.015890 0.999810 -0.011254
vn -0.023637 0.999717 0.002611
vn -0.020131 0.999793 -0.003047
vn -0.006848 0.999839 -0.016576
vn -0.006016 0.999872 -0.014826
vn -0.008462 0.999946 -0.006044
vn -0.002023 0.999989 -0.004252
vn -0.003112 0.999964 -0.007869
vn 0.006448 0.999846 -0.016316
vn 0.015008 0.999701 -0.019282
vn 0.005423 0.999950 -0.008463
vn -0.012367 0.999879 0.009386
vn -0.006429 0.999856 0.015721
vn 0.003251 0.999900 0.013802
vn -0.010323 0.999810 0.016541
vn -0.008207 0.999956 0.004498
vn -0.007566 0.999967 0.003050
vn -0.010305 0.999798 0.017251
vn 0.005195 0.999932 0.010458
vn 0.018590 0.999810 0.005804
vn 0.019982 0.999686 0.015143
vn 0.017453 0.999810 0.008693
vn 0.018843 0.999812 -0.004590
vn 0.014902 0.999856 -0.008083
vn 0.004749 0.999962 -0.007334
vn -0.001611 0.999987 -0.004896
vn -0.002351 0.999994 -0.002702
vn -0.005088 0.999986 -0.001264
vn -0.003089 0.999990 -0.003284
vn -0.014269 0.999897 0.001621
vn -0.019730 0.999804 0.001750
vn -0.017846 0.999834 0.003630
vn -0.007398 0.999965 -0.003996
vn -0.008434 0.999938 -0.007244
vn -0.013077 0.999914 -0.001036
vn -0.007647 0.999951 -0.006324
vn -0.011179 0.999936 0.001917
vn -0.008409 0.999845 0.015473
vn 0.001988 0.999979 0.006167
vn 0.004276 0.999980 0.004636
vn 0.014692 0.999881 0.004743
vn 0.018883 0.999788 0.008241
vn 0.011409 0.999823 0.014940
vn 0.005051 0.999873 0.015103
vn 0.005766 0.999983 0.000635
vn 0.004348 0.999989 -0.001917
vn 0.009477 0.999951 0.003014
vn 0.010207 0.999898 0.009940
vn 0.003419 0.999864 0.016119
vn -0.004815 0.999877 0.014941
vn -0.008975 0.999905 0.010479
vn -0.003445 0.999985 0.004201
vn -0.009094 0.999948 0.004625
vn -0.012030 0.999914 0.005290
vn -0.016515 0.999849 0.005442
vn -0.014584 0.999893 0.001260
vn -0.015734 0.999872 0.002849
vn -0.012614 0.999920 -0.000931
vn -0.002062 0.999969 -0.007631
vn 0.001837 0.999944 -0.010422
vn 0.001894 0.999984 -0.005361
vn 0.000351 0.999971 -0.007558
vn -0.001378 0.999999 -0.000955
vn 0.007207 0.998188 0.059738
vn 0.088063 0.988764 0.120791
vn 0.176306 0.977288 0.117574
vn 0.189620 0.978577 0.080198
vn 0.173194 0.984692 0.019617
vn 0.120326 0.991774 -0.043662
vn -0.002983 0.998359 -0.057188
vn -0.144479 0.989330 -0.018753
vn -0.159092 0.987193 -0.011858
vn -0.105951 0.994186 -0.019214
vn -0.068500 0.997508 -0.016875
vn -0.043022 0.999043 -0.007920
vn -0.024490 0.999696 -0.003006
vn -0.012472 0.999874 -0.009776
vn -0.011087 0.999765 -0.018644
vn -0.023076 0.999688 -0.009580
vn -0.031805 0.999493 -0.001774
vn -0.029951 0.999551 -0.000753
vn -0.025949 0.999646 -0.005836
vn -0.028856 0.999389 -0.019718
vn -0.024234 0.998930 -0.039390
vn -0.021865 0.998570 -0.048785
vn -0.026451 0.999018 -0.035549
vn -0.020201 0.999339 -0.030226
vn -0.018312 0.999213 -0.035182
vn -0.027519 0.999171 -0.030007
vn -0.031744 0.998970 -0.032430
vn -0.029083 0.998876 -0.037423
vn -0.024946 0.998809 -0.041932
vn -0.014985 0.998951 -0.043268
vn -0.012380 0.999322 -0.034672
vn -0.000593 0.999160 -0.040977
vn 0.017935 0.998665 -0.048445
vn 0.036434 0.998036 -0.050960
vn 0.057602 0.996720 -0.056838
vn 0.065311 0.997568 -0.024351
vn 0.056013 0.998093 0.025944
vn 0.049927 0.998065 0.037067
vn 0.040449 0.998980 0.020093
vn 0.014286 0.999850 0.009780
vn -0.033315 0.998434 0.044939
vn -0.089466 0.991226 0.097295
vn -0.068742 0.994618 0.077519
vn 0.024990 0.999679 0.004272
vn 0.121684 0.990447 -0.064870
vn 0.147878 0.984299 -0.096371
vn 0.058144 0.997103 -0.049037
vn -0.057909 0.997859 0.030402
vn -0.064710 0.996888 0.045012
vn -0.056311 0.997622 0.039755
vn -0.042305 0.998369 0.038332
vn -0.038392 0.998258 0.044808
vn -0.054148 0.996599 0.062121
vn -0.050547 0.997340 0.052520
vn -0.016971 0.999563 0.024221
vn -0.002021 0.999789 0.020433
vn 0.005730 0.999935 0.009861
vn -0.010423 0.999767 0.018884
vn -0.027067 0.998945 0.037107
vn -0.020411 0.999452 0.026077
vn -0.021792 0.999454 0.024858
vn -0.028950 0.999488 0.013663
vn -0.028238 0.999532 -0.011760
vn -0.037093 0.999289 -0.006727
vn -0.030484 0.999445 -0.013452
vn -0.019464 0.999333 -0.030905
vn -0.023438 0.999238 -0.031206
vn -0.017999 0.999223 -0.035054
vn -0.026526 0.999378 -0.023247
vn -0.024379 0.998889 -0.040330
vn -0.028421 0.998094 -0.054786
vn -0.038534 0.997951 -0.051074
vn -0.039784 0.998568 -0.035762
vn -0.025995 0.999167 -0.031469
vn -0.012217 0.998943 -0.044317
vn -0.013653 0.998229 -0.057895
vn -0.019948 0.995123 -0.096605
vn -0.024309 0.994796 -0.098947
vn -0.036352 0.998618 -0.037944
vn -0.033348 0.999261 -0.019123
vn -0.034100 0.999141 -0.023554
vn -0.033560 0.999388 -0.009838
vn -0.058871 0.997776 0.031278
vn -0.015940 0.999597 0.023504
vn 0.002530 0.999867 0.016109
vn -0.015609 0.999510 0.027137
vn -0.030423 0.998571 0.043935
vn -0.033521 0.998617 0.040505
vn -0.032488 0.998796 0.036771
vn -0.007945 0.999264 0.037542
vn 0.006420 0.999319 0.036325
vn 0.012187 0.999090 0.040869
vn 0.024641 0.999160 0.032734
vn 0.022730 0.999690 0.010169
vn 0.001027 0.999812 0.019365
vn -0.004328 0.998879 0.047129
vn 0.006156 0.994214 0.107246
vn -0.000521 0.988408 0.151820
vn -0.013439 0.987849 0.154831
vn -0.002003 0.993909 0.110186
vn 0.004882 0.998751 0.049732
vn -0.017478 0.999154 -0.037231
vn -0.036596 0.990683 -0.131178
vn -0.038981 0.983480 -0.176768
vn -0.060176 0.978996 -0.194797
vn -0.078562 0.978705 -0.189645
vn -0.071189 0.982727 -0.170821
vn -0.025489 0.988675 -0.147895
vn -0.001476 0.996620 -0.082133
vn 0.015082 0.999839 -0.009724
vn 0.025870 0.999602 0.011277
vn 0.025272 0.999607 0.012098
vn 0.020528 0.999546 0.022076
vn 0.019859 0.999493 0.024893
vn 0.017356 0.999488 0.026869
vn 0.010883 0.999380 0.033497
vn 0.002177 0.999976 0.006557
vn 0.009606 0.999949 0.003114
vn 0.016675 0.999855 0.003465
vn 0.015150 0.999720 -0.018202
vn 0.002782 0.997337 -0.072873
vn -0.005405 0.994686 -0.102809
vn -0.019741 0.995740 -0.090067
vn -0.033866 0.997572 -0.060853
vn -0.041320 0.998943 -0.020152
vn -0.049608 0.998655 0.015077
vn -0.033098 0.999239 0.020652
vn -0.000188 0.999810 0.019475
vn 0.023364 0.999206 0.032271
vn 0.023803 0.999215 0.031658
vn 0.030532 0.999380 0.017509
vn 0.071479 0.997428 -0.005379
vn 0.088169 0.996056 -0.009893
vn 0.074819 0.997168 -0.007562
vn 0.070497 0.997507 -0.003079
vn 0.052022 0.998627 0.006103
vn 0.033707 0.999426 -0.003293
vn 0.004731 0.999973 0.005666
vn -0.002405 0.999975 0.006599
vn 0.017023 0.999761 0.013718
vn 0.013638 0.998674 0.049644
vn -0.026109 0.995657 0.089366
vn -0.020852 0.995708 0.090173
vn -0.046515 0.989817 0.134530
vn -0.084617 0.973361 0.213094
vn -0.082024 0.962959 0.256871
vn -0.062498 0.963154 0.261590
vn -0.063289 0.971263 0.229439
vn -0.083072 0.966611 0.242409
vn -0.013199 0.956637 0.290983
vn 0.116786 0.949088 0.292562
vn 0.193992 0.937503 0.288887
vn 0.195131 0.944897 0.262857
vn 0.211049 0.949737 0.231209
vn 0.206483 0.954726 0.214154
vn 0.197235 0.959993 0.198776
vn 0.151175 0.968201 0.199333
vn 0.058528 0.975213 0.213387
vn -0.061546 0.981414 0.181765
vn -0.141705 0.977992 0.153138
vn -0.150155 0.979597 0.133576
vn -0.127461 0.987554 0.092148
vn -0.088279 0.994924 0.048306
vn -0.019863 0.999789 0.005281
vn -0.003470 0.999940 0.010357
vn -0.015197 0.999771 0.015070
vn -0.015693 0.999865 0.004977
vn -0.015368 0.999879 -0.002527
vn -0.016268 0.999858 -0.004464
vn -0.014435 0.999891 -0.002957
vn -0.022887 0.999734 -0.002981
vn -0.039651 0.999212 0.001695
vn -0.028427 0.999543 0.010323
vn 0.003707 0.999734 0.022758
vn 0.030642 0.998523 0.044873
vn 0.013123 0.998611 0.051038
vn -0.026244 0.998545 0.047099
vn -0.038653 0.997537 0.058533
vn -0.002809 0.998981 0.045046
vn 0.025171 0.999484 0.019953
vn 0.020209 0.999790 0.003461
vn 0.010589 0.999939 0.003250
vn 0.002432 0.999993 0.002883
vn -0.015383 0.999879 -0.002327
vn -0.015696 0.999877 0.000070
vn -0.020470 0.999649 0.016842
vn -0.026910 0.999599 0.008825
vn -0.014072 0.999886 0.005403
vn -0.019009 0.999801 0.005988
vn -0.024506 0.999699 -0.001246
vn -0.011036 0.999932 -0.003775
vn -0.003207 0.999989 0.003570
vn -0.003679 0.999822 0.018511
vn -0.007061 0.999285 0.037148
vn -0.014402 0.998522 0.052409
vn -0.016194 0.997853 0.063459
vn -0.016104 0.997133 0.073943
vn -0.027779 0.996263 0.081787
vn -0.036588 0.995848 0.083355
vn -0.052214 0.995017 0.084944
vn -0.072302 0.993669 0.085988
vn -0.120409 0.988457 0.091952
vn -0.233928 0.968618 0.084001
vn -0.257475 0.966073 0.020218
vn -0.158771 0.986887 -0.029069
vn -0.080092 0.995408 -0.052427
vn -0.062095 0.997813 -0.022672
vn -0.028679 0.999492 -0.013927
vn -0.001308 0.999815 0.019180
vn 0.037105 0.999150 0.017974
vn 0.083944 0.996454 0.005757
vn 0.071364 0.997368 0.012831
vn 0.024321 0.999342 0.026901
vn 0.059790 0.993698 -0.094812
vn 0.104795 0.968952 -0.223941
vn 0.112125 0.967102 -0.228344
vn 0.084252 0.988802 -0.123176
vn 0.032142 0.998655 -0.040680
vn -0.002552 0.999992 -0.003214
vn -0.001559 0.999938 0.011075
vn 0.003357 0.999941 0.010306
vn -0.001495 0.999975 0.006884
vn -0.021787 0.999645 0.015332
vn -0.028447 0.999068 0.032462
vn -0.037249 0.997465 0.060637
vn -0.065330 0.994871 0.077227
vn -0.068711 0.996883 0.038758
vn -0.034433 0.999356 0.010076
vn -0.014842 0.999501 0.027889
vn -0.015663 0.999758 0.015462
vn -0.011937 0.997902 -0.063624
vn -0.014428 0.990761 -0.134847
vn -0.028891 0.985092 -0.169586
vn -0.022759 0.986231 -0.163801
vn -0.003057 0.994428 -0.105369
vn 0.018314 0.999826 -0.003592
vn 0.028698 0.996467 0.078928
vn 0.025740 0.992981 0.115443
vn 0.012492 0.996191 0.086297
vn 0.001150 0.999875 0.015749
vn -0.002870 0.999166 -0.040721
vn -0.011087 0.998916 -0.045213
vn -0.010489 0.999472 -0.030754
vn -0.006532 0.999912 -0.011567
vn -0.009162 0.999869 -0.013320
vn -0.008124 0.999709 -0.022699
vn -0.003487 0.999778 -0.020777
vn -0.006762 0.999864 -0.015017
vn -0.017037 0.999819 -0.008455
vn -0.016601 0.999835 -0.007431
vn -0.001615 0.999823 -0.018754
vn -0.000490 0.999845 -0.017604
vn -0.009860 0.999950 -0.001656
vn 0.002552 0.998865 -0.047567
vn 0.014547 0.991157 -0.131894
vn -0.019060 0.991093 -0.131799
vn -0.040154 0.997289 -0.061666
vn -0.017707 0.999646 -0.019842
vn -0.001459 0.999595 -0.028434
vn -0.012744 0.998732 -0.048704
vn -0.030308 0.997710 -0.060468
vn -0.033618 0.998512 -0.042942
vn -0.042250 0.999107 -0.000390
vn -0.056964 0.997997 0.027520
vn -0.050255 0.998475 0.022855
vn -0.015268 0.999850 0.008173
vn 0.050105 0.998061 -0.036936
vn 0.086967 0.993874 -0.068195
vn 0.050777 0.998698 0.004966
vn -0.035436 0.991801 0.122779
vn -0.059568 0.987357 0.146891
vn -0.027220 0.996883 0.074055
vn 0.000578 0.999864 0.016467
vn 0.014356 0.999881 0.005688
vn 0.023484 0.999724 0.000739
vn 0.024838 0.999656 0.008460
vn 0.024065 0.999650 0.011005
vn 0.019928 0.999770 0.007936
vn 0.003452 0.999915 0.012563
vn -0.017129 0.999792 0.011121
vn -0.029103 0.999565 0.004844
vn -0.023624 0.999721 0.000924
vn 0.001811 0.999931 -0.011605
vn 0.033805 0.999289 -0.016686
vn 0.065331 0.997853 -0.004731
vn 0.082217 0.996475 0.016661
vn 0.063712 0.997540 0.029240
vn 0.031559 0.999102 0.028282
vn 0.016202 0.999859 0.004424
vn 0.020904 0.999765 -0.005723
vn 0.031266 0.999510 0.001659
vn 0.042350 0.998830 0.023343
vn 0.031068 0.997454 0.064192
vn 0.014195 0.997042 0.075538
vn 0.001142 0.999509 0.031300
vn -0.012424 0.999919 0.002662
vn -0.023702 0.999661 0.010825
vn -0.033789 0.999411 0.005961
vn -0.045035 0.998696 -0.024038
vn -0.048559 0.996461 -0.068608
vn -0.057846 0.993592 -0.097103
vn -0.057437 0.993190 -0.101365
vn -0.058256 0.997014 -0.050690
vn -0.059988 0.998044 0.017565
vn -0.041081 0.998282 0.041773
vn -0.017202 0.999364 0.031219
vn 0.001322 0.999921 0.012533
vn 0.004187 0.999946 0.009471
vn -0.000935 0.999913 0.013195
vn -0.004124 0.999957 0.008304
vn -0.000718 0.999999 0.001282
vn 0.003932 0.999988 -0.002751
vn -0.006374 0.999974 0.003257
vn -0.019334 0.999781 0.008016
vn -0.028639 0.999590 -0.000778
vn -0.052485 0.998593 0.007564
vn -0.065307 0.997502 0.026913
vn -0.061270 0.997932 0.019441
vn -0.093736 0.995372 0.021173
vn -0.106363 0.994170 0.017666
vn -0.088306 0.996061 0.008080
vn -0.066066 0.997762 0.010351
vn 0.018696 0.998689 -0.047646
vn 0.072934 0.992841 -0.094591
vn 0.055001 0.992623 -0.108047
vn 0.036940 0.993208 -0.110336
vn 0.035809 0.996322 -0.077845
vn 0.033240 0.999022 -0.029172
vn 0.057942 0.998305 -0.005402
vn 0.051942 0.998566 0.012986
vn 0.014123 0.999556 0.026243
vn -0.020673 0.999061 0.038086
vn -0.013981 0.999100 0.040043
vn 0.001114 0.999363 0.035677
vn 0.006339 0.999564 0.028844
vn 0.018076 0.999767 0.011817
vn 0.012099 0.999869 0.010739
vn -0.003678 0.999932 0.011037
vn 0.012685 0.999914 -0.003244
vn 0.012859 0.999914 -0.002420
vn 0.007208 0.999965 -0.004194
vn -0.005686 0.999935 0.009847
vn -0.011314 0.999856 0.012670
vn 0.000505 0.999999 0.001251
vn 0.002643 0.999996 0.001059
vn -0.013062 0.999839 0.012320
vn -0.014688 0.999805 0.013236
vn -0.001966 0.999977 0.006473
vn -0.002469 0.999994 -0.002644
vn -0.012471 0.999922 0.000950
vn -0.014509 0.999895 0.000303
vn -0.005563 0.999984 0.000600
vn -0.000554 0.999995 0.003213
vn -0.006794 0.999967 0.004481
vn -0.002729 0.999995 0.001494
vn 0.001660 0.999993 0.003492
vn -0.005082 0.999966 0.006454
vn -0.010272 0.999900 0.009727
vn 0.005680 0.999983 0.001304
vn 0.015068 0.999864 -0.006642
vn 0.004681 0.999989 0.000853
vn 0.005048 0.999978 0.004226
vn 0.015926 0.999872 0.001645
vn 0.003789 0.999929 0.011254
vn 0.002677 0.999990 0.003668
vn 0.008129 0.999964 -0.002297
vn 0.005385 0.999979 -0.003608
vn -0.001502 0.999996 -0.002622
vn -0.004908 0.999983 0.003222
vn -0.002744 0.999764 0.021534
vn -0.002624 0.999651 0.026278
vn 0.000587 0.999860 0.016701
vn 0.004870 0.999909 0.012567
vn -0.000079 0.999898 0.014274
vn -0.009072 0.999937 0.006690
vn -0.005635 0.999967 -0.005883
vn 0.005818 0.999899 -0.012968
vn 0.008059 0.999933 -0.008346
vn -0.000089 0.999928 -0.012025
vn -0.008095 0.999881 -0.013153
vn -0.006428 0.999979 0.000432
vn -0.002371 0.999994 0.002552
vn -0.007858 0.999966 -0.002609
vn -0.002021 0.999786 -0.020599
vn 0.007939 0.999719 -0.022348
vn 0.001319 0.999979 -0.006315
vn 0.000182 0.999850 -0.017320
vn 0.001024 0.999731 -0.023184
vn 0.011572 0.999569 -0.026998
vn 0.012506 0.999581 -0.026105
vn 0.005014 0.999794 -0.019688
vn -0.003757 0.999911 -0.012795
vn -0.009006 0.999876 -0.012954
vn -0.003294 0.999796 -0.019935
vn 0.005522 0.999657 -0.025596
vn -0.004758 0.999883 -0.014543
vn -0.018467 0.999829 -0.001234
vn -0.018211 0.999834 0.000969
vn -0.017477 0.999846 0.001749
vn -0.023865 0.999708 0.003905
vn -0.026386 0.999651 -0.001065
vn -0.026780 0.999641 0.001217
vn -0.009657 0.999944 -0.004368
vn 0.004021 0.999951 -0.009001
vn -0.019069 0.999786 -0.008054
vn -0.035717 0.999040 -0.025380
vn -0.015196 0.998795 -0.046671
vn 0.024816 0.999180 -0.031988
vn 0.031434 0.999506 0.000061
vn 0.015523 0.999641 0.021858
vn -0.000563 0.999572 0.029246
vn -0.006625 0.999799 0.018909
vn 0.001159 0.999996 0.002655
vn -0.002224 0.999993 0.003120
vn 0.001923 0.999994 0.002875
vn -0.000954 0.999996 -0.002777
vn -0.017231 0.999843 -0.004125
vn -0.014579 0.999871 -0.006813
vn -0.011088 0.999899 -0.008869
vn -0.014298 0.999897 -0.001459
vn -0.015819 0.999827 0.009805
vn -0.013936 0.999867 0.008463
vn -0.013337 0.999906 0.003068
vn -0.012352 0.999906 -0.005934
vn -0.007527 0.999850 -0.015607
vn -0.008464 0.999888 -0.012349
vn -0.005221 0.999985 -0.001616
vn 0.001584 0.999957 0.009169
vn 0.003351 0.999920 0.012232
vn 0.000237 0.999969 0.007933
vn -0.002971 0.999953 0.009279
vn 0.003788 0.999849 0.016944
vn 0.004576 0.999855 0.016425
vn -0.004152 0.999881 0.014845
vn -0.003650 0.999837 0.017672
vn 0.006888 0.999790 0.019279
vn 0.007056 0.999820 0.017637
vn -0.018537 0.999332 0.031488
vn -0.026133 0.998719 0.043324
vn -0.005013 0.999013 0.044147
vn -0.004324 0.999173 0.040439
vn -0.011943 0.999529 0.028256
vn 0.003265 0.999949 0.009566
vn 0.017400 0.999848 -0.000759
vn 0.005248 0.999985 -0.001844
vn -0.038064 0.999245 -0.007831
vn -0.080347 0.996717 -0.009985
vn -0.077094 0.997010 0.005260
vn -0.019016 0.999666 0.017522
vn 0.029891 0.999516 0.008624
vn 0.065638 0.997843 -0.001327
vn 0.079023 0.996872 0.001527
vn 0.083953 0.996270 0.019946
vn 0.043941 0.998902 0.016242
vn 0.005045 0.999969 -0.006110
vn -0.002062 0.999792 -0.020283
vn 0.007346 0.999789 -0.019171
vn 0.010348 0.999691 -0.022594
vn 0.002270 0.999070 -0.043068
vn 0.003261 0.998712 -0.050627
vn 0.010000 0.999753 -0.019833
vn -0.002059 0.999995 -0.002497
vn -0.011790 0.999930 -0.000757
vn -0.019424 0.999761 0.010022
vn -0.025025 0.999591 0.013819
vn -0.023861 0.999714 0.001718
vn -0.008511 0.999955 0.004109
vn 0.000617 0.999983 0.005788
vn -0.004305 0.999974 -0.005881
vn -0.005183 0.999886 -0.014202
vn -0.011025 0.999869 -0.011824
vn -0.024746 0.999387 -0.024747
vn -0.033570 0.997647 -0.059786
vn -0.024618 0.994791 -0.098917
vn -0.007993 0.994189 -0.107351
vn -0.001500 0.998573 -0.053387
vn -0.013390 0.999771 0.016687
vn -0.036855 0.997490 0.060461
vn -0.039292 0.996972 0.067110
vn -0.031900 0.998224 0.050322
vn -0.025290 0.999023 0.036254
vn -0.023419 0.999587 0.016651
vn -0.018243 0.999827 0.003714
vn -0.016806 0.999767 0.013582
vn -0.018135 0.999828 0.003906
vn -0.016341 0.999707 -0.017884
vn -0.015890 0.999810 -0.011254
vn -0.023637 0.999717 0.002611
vn -0.020131 0.999793 -0.003047
vn -0.006848 0.999839 -0.016576
vn -0.006016 0.999872 -0.014826
vn -0.008462 0.999946 -0.006044
vn -0.002023 0.999989 -0.004252
vn -0.003112 0.999964 -0.007869
vn 0.006448 0.999846 -0.016316
vn 0.015008 0.999701 -0.019282
vn 0.005423 0.999950 -0.008463
vn -0.012367 0.999879 0.009386
vn -0.006429 0.999856 0.015721
vn 0.003251 0.999900 0.013802
vn -0.010323 0.999810 0.016541
vn -0.008207 0.999956 0.004498
vn -0.007566 0.999967 0.003050
vn -0.010305 0.999798 0.017251
vn 0.005195 0.999932 0.010458
vn 0.018590 0.999810 0.005804
vn 0.019982 0.999686 0.015143
vn 0.017453 0.999810 0.008693
vn 0.018843 0.999812 -0.004590
vn 0.014902 0.999856 -0.008083
vn 0.004749 0.999962 -0.007334
vn -0.001611 0.999987 -0.004896
vn -0.002351 0.999994 -0.002702
vn -0.005088 0.999986 -0.001264
vn -0.003089 0.999990 -0.003284
vn -0.014269 0.999897 0.001621
vn -0.019730 0.999804 0.001750
vn -0.017846 0.999834 0.003630
vn -0.007398 0.999965 -0.003996
vn -0.008434 0.999938 -0.007244
vn -0.013077 0.999914 -0.001036
vn -0.007647 0.999951 -0.006324
vn -0.011179 0.999936 0.001917
vn -0.008409 0.999845 0.015473
vn 0.001988 0.999979 0.006167
vn 0.004276 0.999980 0.004636
vn 0.014692 0.999881 0.004743
vn 0.018883 0.999788 0.008241
vn 0.011409 0.999823 0.014940
vn 0.005051 0.999873 0.015103
vn 0.005766 0.999983 0.000635
vn 0.004348 0.999989 -0.001917
vn 0.009477 0.999951 0.003014
vn 0.010207 0.999898 0.009940
vn 0.003419 0.999864 0.016119
vn -0.004815 0.999877 0.014941
vn -0.008975 0.999905 0.010479
vn -0.003445 0.999985 0.004201
vn -0.009094 0.999948 0.004625
vn -0.012030 0.999914 0.005290
vn -0.016515 0.999849 0.005442
vn -0.014584 0.999893 0.001260
vn -0.015734 0.999872 0.002849
vn -0.012614 0.999920 -0.000931
vn -0.002062 0.999969 -0.007631
vn 0.001837 0.999944 -0.010422
vn 0.001894 0.999984 -0.005361
vn 0.000351 0.999971 -0.007558
vn -0.001378 0.999999 -0.000955
vn 0.007207 0.998188 0.059738
vn 0.088063 0.988764 0.120791
vn 0.176306 0.977288 0.117574
vn 0.189620 0.978577 0.080198
vn 0.173194 0.984692 0.019617
vn 0.120326 0.991774 -0.043662
vn -0.002983 0.998359 -0.057188
vn -0.144479 0.989330 -0.018753
vn -0.159092 0.987193 -0.011858
vn -0.105951 0.994186 -0.019214
vn -0.068500 0.997508 -0.016875
vn -0.043022 0.999043 -0.007920
vn -0.024490 0.999696 -0.003006
vn -0.012472 0.999874 -0.009776
vn -0.011087 0.999765 -0.018644
vn -0.023076 0.999688 -0.009580
vn -0.031805 0.999493 -0.001774
vn -0.029951 0.999551 -0.000753
vn -0.025949 0.999646 -0.005836
vn -0.028856 0.999389 -0.019718
vn -0.024234 0.998930 -0.039390
vn -0.021865 0.998570 -0.048785
vn -0.026451 0.999018 -0.035549
vn -0.020201 0.999339 -0.030226
vn -0.018312 0.999213 -0.035182
vn -0.027519 0.999171 -0.030007
vn -0.031744 0.998970 -0.032430
vn -0.029083 0.998876 -0.037423
vn -0.024946 0.998809 -0.041932
vn -0.014985 0.998951 -0.043268
vn -0.012380 0.999322 -0.034672
vn -0.000593 0.999160 -0.040977
vn 0.017935 0.998665 -0.048445
vn 0.036434 0.998036 -0.050960
vn 0.057602 0.996720 -0.056838
vn 0.065311 0.997568 -0.024351
vn 0.056013 0.998093 0.025944
vn 0.049927 0.998065 0.037067
vn 0.040449 0.998980 0.020093
vn 0.014286 0.999850 0.009780
vn -0.033315 0.998434 0.044939
vn -0.089466 0.991226 0.097295
vn -0.068742 0.994618 0.077519
vn 0.024990 0.999679 0.004272
vn 0.121684 0.990447 -0.064870
vn 0.147878 0.984299 -0.096371
vn 0.058144 0.997103 -0.049037
vn -0.057909 0.997859 0.030402
vn -0.064710 0.996888 0.045012
vn -0.056311 0.997622 0.039755
vn -0.042305 0.998369 0.038332
vn -0.038392 0.998258 0.044808
vn -0.054148 0.996599 0.062121
vn -0.050547 0.997340 0.052520
vn -0.016971 0.999563 0.024221
vn -0.002021 0.999789 0.020433
vn 0.005730 0.999935 0.009861
vn -0.010423 0.999767 0.018884
vn -0.027067 0.998945 0.037107
vn -0.020411 0.999452 0.026077
vn -0.021792 0.999454 0.024858
vn -0.028950 0.999488 0.013663
vn -0.028238 0.999532 -0.011760
vn -0.037093 0.999289 -0.006727
vn -0.030484 0.999445 -0.013452
vn -0.019464 0.999333 -0.030905
vn -0.023438 0.999238 -0.031206
vn -0.017999 0.999223 -0.035054
vn -0.026526 0.999378 -0.023247
vn -0.024379 0.998889 -0.040330
vn -0.028421 0.998094 -0.054786
vn -0.038534 0.997951 -0.051074
vn -0.039784 0.998568 -0.035762
vn -0.025995 0.999167 -0.031469
vn -0.012217 0.998943 -0.044317
vn -0.013653 0.998229 -0.057895
vn -0.019948 0.995123 -0.096605
vn -0.024309 0.994796 -0.098947
vn -0.036352 0.998618 -0.037944
vn -0.033348 0.999261 -0.019123
vn -0.034100 0.999141 -0.023554
vn -0.033560 0.999388 -0.009838
vn -0.058871 0.997776 0.031278
vn -0.015940 0.999597 0.023504
vn 0.002530 0.999867 0.016109
vn -0.015609 0.999510 0.027137
vn -0.030423 0.998571 0.043935
vn -0.033521 0.998617 0.040505
vn -0.032488 0.998796 0.036771
vn -0.007945 0.999264 0.037542
vn 0.006420 0.999319 0.036325
vn 0.012187 0.999090 0.040869
vn 0.024641 0.999160 0.032734
vn 0.022730 0.999690 0.010169
vn 0.001027 0.999812 0.019365
vn -0.004328 0.998879 0.047129
vn 0.006156 0.994214 0.107246
vn -0.000521 0.988408 0.151820
vn -0.013439 0.987849 0.154831
vn -0.002003 0.993909 0.110186
vn 0.004882 0.998751 0.049732
vn -0.017478 0.999154 -0.037231
vn -0.036596 0.990683 -0.131178
vn -0.038981 0.983480 -0.176768
vn -0.060176 0.978996 -0.194797
vn -0.078562 0.978705 -0.189645
vn -0.071189 0.982727 -0.170821
vn -0.025489 0.988675 -0.147895
vn -0.001476 0.996620 -0.082133
vn 0.015082 0.999839 -0.009724
vn 0.025870 0.999602 0.011277
vn 0.025272 0.999607 0.012098
vn 0.020528 0.999546 0.022076
vn 0.019859 0.999493 0.024893
vn 0.017356 0.999488 0.026869
vn 0.010883 0.999380 0.033497
vn 0.002177 0.999976 0.006557
vn 0.009606 0.999949 0.003114
vn 0.016675 0.999855 0.003465
vn 0.015150 0.999720 -0.018202
vn 0.002782 0.997337 -0.072873
vn -0.005405 0.994686 -0.102809
vn -0.019741 0.995740 -0.090067
vn -0.033866 0.997572 -0.060853
vn -0.041320 0.998943 -0.020152
vn -0.049608 0.998655 0.015077
vn -0.033098 0.999239 0.020652
vn -0.000188 0.999810 0.019475
vn 0.023364 0.999206 0.032271
vn 0.023803 0.999215 0.031658
vn 0.030532 0.999380 0.017509
vn 0.071479 0.997428 -0.005379
vn 0.088169 0.996056 -0.009893
vn 0.074819 0.997168 -0.007562
vn 0.070497 0.997507 -0.003079
vn 0.052022 0.998627 0.006103
vn 0.033707 0.999426 -0.003293
vn 0.004731 0.999973 0.005666
vn -0.002405 0.999975 0.006599
vn 0.017023 0.999761 0.013718
vn 0.013638 0.998674 0.049644
vn -0.026109 0.995657 0.089366
vn -0.020852 0.995708 0.090173
vn -0.046515 0.989817 0.134530
vn -0.084617 0.973361 0.213094
vn -0.082024 0.962959 0.256871
vn -0.062498 0.963154 0.261590
vn -0.063289 0.971263 0.229439
vn -0.083072 0.966611 0.242409
vn -0.013199 0.956637 0.290983
vn 0.116786 0.949088 0.292562
vn 0.193992 0.937503 0.288887
vn 0.195131 0.944897 0.262857
vn 0.211049 0.949737 0.231209
vn 0.206483 0.954726 0.214154
vn 0.197235 0.959993 0.198776
vn 0.151175 0.968201 0.199333
vn 0.058528 0.975213 0.213387
vn -0.061546 0.981414 0.181765
vn -0.141705 0.977992 0.153138
vn -0.150155 0.979597 0.133576
vn -0.127461 0.987554 0.092148
vn -0.088279 0.994924 0.048306
vn -0.019863 0.999789 0.005281
vn -0.003470 0.999940 0.010357
vn -0.015197 0.999771 0.015070
vn -0.015693 0.999865 0.004977
vn -0.015368 0.999879 -0.002527
vn -0.016268 0.999858 -0.004464
vn -0.014435 0.999891 -0.002957
vn -0.022887 0.999734 -0.002981
vn -0.039651 0.999212 0.001695
vn -0.028427 0.999543 0.010323
vn 0.003707 0.999734 0.022758
vn 0.030642 0.998523 0.044873
vn 0.013123 0.998611 0.051038
vn -0.026244 0.998545 0.047099
vn -0.038653 0.997537 0.058533
vn -0.002809 0.998981 0.045046
vn 0.025171 0.999484 0.019953
vn 0.020209 0.999790 0.003461
vn 0.010589 0.999939 0.003250
vn 0.002432 0.999993 0.002883
vn -0.015383 0.999879 -0.002327
vn -0.015696 0.999877 0.000070
vn -0.020470 0.999649 0.016842
vn -0.022792 0.998656 0.046541
vn -0.031873 0.999304 0.019360
vn -0.049746 0.998671 -0.013492
vn -0.112696 0.992583 -0.045593
vn -0.172219 0.984552 -0.031576
vn -0.156534 0.986668 0.044523
vn -0.079981 0.993895 0.076003
vn -0.018822 0.999770 0.010331
vn 0.004989 0.999977 0.004566
vn -0.048451 0.995352 0.083227
vn -0.062414 0.994887 0.079395
vn -0.055824 0.996483 0.062485
vn -0.060345 0.997607 0.033761
vn -0.077937 0.996958 -0.000718
vn -0.105056 0.993511 -0.043579
vn -0.088952 0.993698 -0.068206
vn -0.033002 0.999390 -0.011460
vn -0.045875 0.998172 0.039340
vn -0.109971 0.988888 0.100039
vn -0.074563 0.993488 0.086153
vn 0.003814 0.999708 0.023850
vn -0.124115 0.988373 0.087835
vn -0.124969 0.989476 0.072943
vn -0.084212 0.992100 0.092981
vn -0.035666 0.994299 0.100487
vn -0.044490 0.999001 0.004190
vn -0.091915 0.995429 -0.025935
vn -0.067570 0.997437 -0.023527
vn -0.010395 0.999852 -0.013691
vn 0.007492 0.999968 0.002811
vn 0.001107 0.999988 -0.004836
vn -0.039635 0.998121 0.046734
vn -0.092906 0.987295 0.128905
vn -0.059650 0.993805 0.093775
vn 0.014008 0.999351 0.033182
vn -0.260469 0.965252 0.021077
vn -0.288633 0.949984 0.119256
vn -0.146330 0.974411 0.170618
vn -0.016441 0.981330 0.191629
vn 0.015103 0.997176 0.073573
vn -0.028923 0.998951 -0.035513
vn -0.014442 0.999714 -0.019036
vn -0.007309 0.999954 0.006257
vn -0.010100 0.999825 0.015723
vn 0.001142 0.999966 0.008151
vn 0.011359 0.999884 -0.010187
vn 0.000822 0.999998 0.001972
vn -0.053948 0.996964 0.056154
vn -0.151790 0.982112 0.111424
vn -0.132571 0.984339 0.116196
vn -0.070681 0.996293 -0.049044
vn -0.087101 0.995782 -0.028824
vn -0.090713 0.985262 0.145016
vn -0.092160 0.956715 0.276049
vn -0.080644 0.972447 0.218732
vn -0.066008 0.994955 0.075542
vn -0.015089 0.999772 -0.015106
vn 0.003954 0.999956 -0.008461
vn -0.003757 0.999993 -0.000616
vn -0.006831 0.999812 0.018157
vn -0.002583 0.999895 0.014246
vn -0.002130 0.999976 -0.006580
vn 0.008191 0.999961 -0.003389
vn 0.000651 0.999997 0.002572
vn -0.028918 0.998718 0.041550
vn -0.047821 0.985750 0.161275
vn -0.030517 0.992094 0.121733
vn 0.025131 0.998371 0.051233
vn -0.037209 0.999092 -0.020740
vn -0.049432 0.998146 -0.035508
vn -0.015953 0.999788 -0.012995
vn -0.041408 0.994072 0.100528
vn -0.122230 0.962954 0.240371
vn -0.122830 0.962878 0.240370
vn -0.100725 0.988056 0.116616
vn -0.076917 0.996895 0.016868
vn -0.043080 0.999000 0.011956
vn -0.005198 0.999980 0.003507
vn -0.004217 0.999862 0.016088
vn -0.008028 0.999908 0.010902
vn -0.005466 0.999981 0.002923
vn 0.002994 0.999983 0.005007
vn 0.016032 0.999867 0.002849
vn 0.051100 0.996865 0.060412
vn 0.071602 0.987765 0.138541
vn 0.021719 0.993399 0.112633
vn -0.015310 0.997773 0.064912
vn 0.010018 0.999580 -0.027201
vn -0.020996 0.999568 -0.020570
vn 0.008784 0.999934 -0.007379
vn 0.016416 0.999857 -0.003985
vn -0.012555 0.999476 0.029822
vn -0.094111 0.981847 0.164678
vn -0.160448 0.955615 0.247095
vn -0.151194 0.978779 0.138316
vn -0.140561 0.989467 0.034596
vn -0.129489 0.990411 0.048155
vn -0.087664 0.995102 0.045683
vn -0.014682 0.999252 0.035771
vn 0.002577 0.999924 0.012101
vn 0.001605 0.999992 0.003664
vn 0.011979 0.999682 0.022190
vn 0.070278 0.996215 0.051145
vn 0.121620 0.987948 0.095744
vn 0.063441 0.995549 0.069692
vn -0.002095 0.997532 0.070180
vn -0.022363 0.998850 0.042423
vn -0.033533 0.999435 0.002475
vn -0.051908 0.997770 -0.041964
vn -0.019023 0.998880 -0.043328
vn 0.015133 0.999875 0.004669
vn 0.011906 0.999898 -0.007932
vn -0.001149 0.999963 -0.008581
vn -0.006167 0.999906 -0.012240
vn -0.061180 0.995551 0.071660
vn -0.148255 0.966165 0.211058
vn -0.178373 0.973101 0.145797
vn -0.182901 0.982746 0.027532
vn -0.172838 0.982797 0.065090
vn -0.153767 0.981837 0.111136
vn -0.085005 0.990580 0.107361
vn -0.025260 0.999413 0.023131
vn 0.007689 0.999881 0.013364
vn 0.047325 0.996534 0.068417
vn 0.106010 0.986206 0.127123
vn 0.096088 0.994100 0.050323
vn 0.022545 0.999690 -0.010524
vn -0.013612 0.999024 0.042011
vn -0.018609 0.998961 0.041598
vn -0.014156 0.999900 0.000750
vn 0.072819 0.979504 -0.187802
vn 0.006181 0.998490 -0.054585
vn -0.002054 0.999993 0.003174
vn 0.007638 0.999969 0.001687
vn 0.005806 0.999919 -0.011316
vn 0.011502 0.999894 -0.008895
vn 0.008904 0.999817 -0.016964
vn 0.006516 0.999974 0.003131
vn -0.076791 0.992893 0.090920
vn -0.173086 0.971031 0.164739
vn -0.116721 0.991446 0.058412
vn -0.116898 0.991918 0.049323
vn -0.144961 0.983672 0.106658
vn -0.169474 0.971931 0.163182
vn -0.121680 0.988538 0.089365
vn -0.038076 0.996242 0.077791
vn 0.037614 0.992695 0.114640
vn 0.036986 0.991107 0.127821
vn 0.020476 0.999761 0.007702
vn 0.021368 0.999014 -0.038916
vn -0.009102 0.999783 0.018742
vn -0.018940 0.998743 0.046409
vn -0.015669 0.999877 0.000402
vn 0.099966 0.981830 -0.161299
vn 0.182525 0.962066 -0.202768
vn 0.135778 0.981161 -0.137435
vn 0.036897 0.998922 -0.028177
vn -0.002471 0.999990 -0.003870
vn -0.000397 0.999983 -0.005872
vn 0.014963 0.999887 -0.001737
vn 0.020365 0.999716 -0.012384
vn 0.015306 0.999829 -0.010388
vn -0.007854 0.999933 0.008529
vn -0.009541 0.987022 0.160299
vn -0.002479 0.995678 0.092843
vn -0.030350 0.999486 0.010366
vn -0.073999 0.994916 0.068316
vn -0.123135 0.983648 0.131432
vn -0.154299 0.979141 0.132193
vn -0.134833 0.982417 0.129140
vn -0.127274 0.981303 0.144382
vn -0.112253 0.986506 0.119183
vn -0.062942 0.995648 0.068731
vn 0.004868 0.998890 -0.046857
vn -0.002822 0.999943 -0.010280
vn -0.019159 0.998652 0.048238
vn -0.001456 0.999990 -0.004269
vn 0.047527 0.997583 -0.050694
vn 0.124351 0.978790 -0.162809
vn 0.129216 0.968003 -0.215112
vn 0.078528 0.992282 -0.095964
vn 0.032357 0.999221 -0.022575
vn 0.007996 0.999945 -0.006809
vn 0.002003 0.999989 0.004351
vn 0.004808 0.999932 -0.010628
vn 0.016666 0.999859 -0.001898
vn 0.074772 0.996822 0.027472
vn 0.093673 0.982938 0.158295
vn 0.029985 0.997899 0.057427
vn -0.000125 0.999872 -0.016010
vn -0.016299 0.999273 0.034462
vn -0.063366 0.995848 0.065352
vn -0.124766 0.987327 0.098071
vn -0.173138 0.976936 0.124980
vn -0.172608 0.973891 0.147453
vn -0.151818 0.976480 0.153097
vn -0.132852 0.984940 0.110653
vn -0.077697 0.996173 0.040023
vn 0.013448 0.999899 -0.004692
vn 0.011002 0.999628 0.024969
vn -0.002761 0.999988 0.003939
vn 0.021963 0.999739 0.006244
vn 0.078423 0.992404 -0.094784
vn 0.165811 0.965995 -0.198394
vn 0.161816 0.973980 -0.158677
vn 0.064543 0.993827 -0.090238
vn 0.013484 0.999739 -0.018419
vn 0.007982 0.999964 0.003023
vn 0.009102 0.999937 -0.006579
vn 0.049689 0.997314 0.053810
vn 0.139794 0.982356 0.124232
vn 0.115128 0.991467 0.061152
vn 0.021811 0.999749 -0.005173
vn 0.004823 0.999886 -0.014319
vn 0.006374 0.999903 0.012375
vn -0.017378 0.999618 0.021505
vn -0.051136 0.997960 0.038220
vn -0.098936 0.991093 0.089138
vn -0.139283 0.979192 0.147589
vn -0.162891 0.974466 0.154540
vn -0.153209 0.979214 0.132918
vn -0.125680 0.986500 0.104983
vn -0.091272 0.994182 0.057196
vn -0.039240 0.999017 0.020601
vn -0.010488 0.999901 0.009370
vn -0.000067 0.999985 0.005545
vn 0.004442 0.999439 0.033200
vn 0.051552 0.998636 -0.008255
vn 0.154808 0.983213 -0.096572
vn 0.176347 0.953010 -0.246321
vn 0.079226 0.980778 -0.178318
vn 0.043919 0.998337 -0.037344
vn 0.018205 0.999769 -0.011404
vn 0.021195 0.999600 0.018733
vn 0.047605 0.993430 0.104071
vn 0.032280 0.990271 0.135358
vn 0.006390 0.999969 -0.004569
vn 0.008883 0.999727 -0.021616
vn 0.016468 0.999776 -0.013302
vn 0.007238 0.999950 0.006854
vn 0.006285 0.999969 0.004694
vn -0.001152 0.999781 0.020895
vn -0.028268 0.999114 0.031170
vn -0.097155 0.991408 0.087589
vn -0.161432 0.978087 0.131471
vn -0.178275 0.971940 0.153463
vn -0.183271 0.977497 0.104460
vn -0.148907 0.983042 0.107024
vn -0.017206 0.998693 0.048126
vn 0.022002 0.999419 0.026045
vn 0.021803 0.999675 0.013248
vn 0.021454 0.999153 0.035123
vn 0.011743 0.999505 0.029192
vn -0.019337 0.997871 -0.062294
vn -0.049094 0.961148 -0.271632
vn -0.000654 0.981682 -0.190526
vn 0.043062 0.997968 -0.046962
vn 0.048993 0.998474 -0.025463
vn 0.029633 0.999430 0.016152
vn -0.030013 0.996727 0.075068
vn -0.101663 0.990074 0.097049
vn -0.068525 0.997002 0.035925
vn 0.006017 0.999981 -0.001620
vn 0.017439 0.999786 -0.011147
vn 0.019326 0.999803 -0.004564
vn 0.013337 0.999898 0.005060
vn 0.001024 0.999996 0.002769
vn -0.008241 0.999903 0.011274
vn -0.034609 0.999350 0.010126
vn -0.098311 0.992423 0.073700
vn -0.174223 0.977974 0.114947
vn -0.186749 0.972967 0.135867
vn -0.069314 0.994683 0.076166
vn -0.031154 0.992867 0.115088
vn -0.001127 0.999418 0.034104
vn 0.023348 0.999665 0.011205
vn 0.016076 0.999699 0.018535
vn -0.042636 0.999065 -0.007219
vn -0.117042 0.985421 -0.123475
vn -0.121629 0.957630 -0.261057
vn -0.042683 0.993898 -0.101707
vn -0.004581 0.999713 -0.023530
vn 0.007385 0.999690 -0.023788
vn 0.004764 0.999729 -0.022788
vn -0.033410 0.999441 0.000959
vn -0.087724 0.994857 0.050646
vn -0.133255 0.987663 0.082252
vn -0.105809 0.992561 0.060219
vn -0.015732 0.999544 0.025792
vn 0.021945 0.999756 -0.002326
vn 0.011963 0.999859 -0.011755
vn 0.002081 0.999992 -0.003541
vn -0.004748 0.999988 -0.001384
vn -0.004564 0.999980 0.004356
vn -0.004495 0.999788 0.020074
vn -0.026128 0.997278 0.068946
vn 0.016902 0.979409 0.201176
vn -0.027207 0.999598 -0.007985
vn -0.062828 0.996437 0.056264
vn -0.088352 0.987832 0.127996
vn -0.067972 0.994349 0.081543
vn -0.036722 0.998643 0.036922
vn -0.066157 0.996082 -0.058688
vn -0.221668 0.963074 -0.152814
vn -0.291712 0.946877 -0.135377
vn -0.174746 0.977413 -0.118856
vn -0.056462 0.996926 -0.054318
vn -0.054756 0.998275 -0.021194
vn -0.040482 0.999149 0.007921
vn -0.011131 0.999691 -0.022210
vn -0.002537 0.999702 -0.024291
vn -0.022457 0.999737 -0.004660
vn -0.079341 0.996483 0.026943
vn -0.133098 0.987006 0.090021
vn -0.139208 0.986800 0.082745
vn -0.070551 0.996244 0.050213
vn 0.001041 0.999955 -0.009474
vn 0.016938 0.999850 -0.003624
vn 0.015042 0.999879 -0.003933
vn 0.018324 0.999805 0.007356
vn 0.040730 0.998335 0.040841
vn 0.133197 0.981746 0.135773
vn -0.006215 0.999903 0.012491
vn -0.011999 0.999632 -0.024342
vn -0.024056 0.999336 0.027347
vn -0.039078 0.992642 0.114605
vn -0.079601 0.994802 0.063504
vn -0.141288 0.989796 0.018466
vn -0.183943 0.975936 -0.117108
vn -0.173142 0.958934 -0.224651
vn -0.118644 0.989891 -0.077718
vn -0.066441 0.997705 -0.013036
vn -0.043140 0.998747 -0.025379
vn -0.032042 0.999190 -0.024339
vn -0.030212 0.999366 0.018840
vn -0.021944 0.999757 0.001960
vn -0.004786 0.999852 -0.016529
vn -0.005184 0.999469 -0.032183
vn -0.029074 0.999274 -0.024612
vn -0.095442 0.995309 0.015808
vn -0.156952 0.984389 0.079648
vn -0.171899 0.978514 0.113842
vn -0.095871 0.991812 0.084368
vn 0.002442 0.999916 0.012706
vn 0.019467 0.999800 -0.004511
vn 0.032173 0.999091 0.027954
vn 0.117853 0.984397 0.130661
vn 0.207487 0.953890 0.216894
vn -0.043831 0.988697 -0.143377
vn 0.001459 0.999318 0.036902
vn 0.006099 0.999396 -0.034209
vn 0.000072 0.999823 0.018801
vn -0.000497 0.994217 0.107391
vn -0.010060 0.999835 0.015112
vn -0.075645 0.994619 -0.070782
vn -0.167029 0.974077 -0.152564
vn -0.109641 0.984429 -0.137396
vn -0.039292 0.998843 -0.027712
vn -0.035712 0.999326 -0.008468
vn -0.034396 0.999313 -0.013775
vn -0.015374 0.999839 -0.009307
vn -0.018547 0.999743 0.013054
vn -0.029966 0.999516 0.008322
vn -0.024402 0.999663 -0.008864
vn -0.022579 0.998995 -0.038728
vn -0.022142 0.999013 -0.038500
vn -0.016512 0.999329 -0.032689
vn -0.057625 0.998153 0.019241
vn -0.109763 0.988932 0.099830
vn -0.147166 0.978692 0.143191
vn -0.085781 0.989394 0.117225
vn 0.006865 0.999911 0.011425
vn 0.073181 0.993192 0.090637
vn 0.160947 0.956542 0.243153
vn 0.017523 0.999841 -0.003352
vn 0.004545 0.983098 -0.183024
vn 0.026088 0.993365 -0.112009
vn 0.033275 0.998157 0.050745
vn 0.010066 0.998830 -0.047305
vn 0.036890 0.998574 0.038580
vn 0.051733 0.994584 0.090142
vn 0.005998 0.999920 -0.011111
vn -0.019987 0.990305 -0.137462
vn -0.018352 0.987580 -0.156039
vn -0.016618 0.995911 -0.088795
vn -0.009830 0.999843 -0.014768
vn -0.013359 0.999786 -0.015789
vn -0.019202 0.999813 -0.002268
vn -0.024197 0.999644 -0.011234
vn -0.028042 0.999599 0.003810
vn -0.029815 0.999542 0.005137
vn -0.038113 0.999166 -0.014689
vn -0.041472 0.998711 -0.029280
vn -0.030111 0.998970 -0.033961
vn -0.022602 0.999593 -0.017390
vn -0.002851 0.999906 -0.013421
vn -0.026409 0.998226 0.053363
vn -0.074017 0.992323 0.099078
vn -0.091686 0.974695 0.203870
vn 0.005889 0.993830 0.110761
vn 0.116547 0.974515 0.191669
vn 0.182346 0.941420 0.283687
vn 0.016823 0.993667 0.111096
vn -0.003164 0.999521 -0.030777
vn -0.000821 0.988392 -0.151927
vn 0.015121 0.993615 -0.111809
vn 0.009172 0.999417 0.032872
vn 0.012556 0.998941 -0.044253
vn 0.030110 0.996374 0.079579
vn 0.035266 0.996958 0.069498
vn 0.017163 0.998588 -0.050279
vn 0.012934 0.991284 -0.131104
vn 0.014997 0.985795 -0.167279
vn 0.009724 0.997108 -0.075372
vn 0.012755 0.999753 -0.018225
vn 0.008299 0.999648 -0.025211
vn -0.005378 0.999911 -0.012234
vn -0.009845 0.999870 -0.012806
vn -0.014689 0.999869 -0.006830
vn -0.021941 0.999732 0.007444
vn -0.022898 0.999610 -0.016008
vn -0.025242 0.999216 -0.030514
vn -0.025422 0.999184 -0.031394
vn -0.017171 0.999851 -0.002015
vn -0.000581 0.999960 0.008978
vn 0.007705 0.999766 0.020193
vn -0.013105 0.998016 0.061576
vn -0.065327 0.977824 0.198978
vn -0.030256 0.974952 0.220348
vn 0.022983 0.972501 0.231763
vn 0.013625 0.998785 0.047350
vn 0.025449 0.995205 0.094438
vn 0.009694 0.999070 -0.042003
vn -0.001523 0.988085 -0.153905
vn 0.015096 0.996005 -0.088018
vn 0.028187 0.999359 0.022055
vn 0.023350 0.999289 -0.029594
vn 0.036996 0.995040 0.092334
vn 0.016033 0.998746 0.047421
vn 0.006880 0.998347 -0.057059
vn 0.034694 0.994782 -0.095939
vn 0.055220 0.982747 -0.176519
vn 0.045207 0.994935 -0.089781
vn 0.024641 0.999527 -0.018403
vn 0.021788 0.999298 -0.030482
vn 0.013577 0.999646 -0.022865
vn 0.006804 0.999835 -0.016825
vn -0.002532 0.999850 -0.017132
vn -0.017110 0.999845 -0.004191
vn -0.020294 0.999718 -0.012298
vn -0.009619 0.999438 -0.032118
vn -0.007563 0.999624 -0.026347
vn -0.001341 0.999978 0.006545
vn -0.001568 0.999882 0.015265
vn 0.000710 0.999664 0.025899
vn 0.002275 0.999286 0.037700
vn -0.050046 0.991807 0.117532
vn -0.101341 0.958674 0.265847
vn -0.073912 0.968871 0.236276
vn -0.008481 0.999714 -0.022348
vn -0.016017 0.998980 -0.042221
vn 0.009808 0.995588 0.093316
vn 0.012158 0.997445 0.070390
vn -0.005376 0.998448 -0.055425
vn -0.003298 0.988927 -0.148369
vn 0.026866 0.998590 -0.045780
vn 0.045978 0.998931 0.004838
vn 0.040344 0.998980 -0.020269
vn 0.024086 0.997305 0.069307
vn 0.001577 0.999405 0.034466
vn 0.020147 0.999290 -0.031837
vn 0.029036 0.995785 -0.087003
vn 0.047636 0.987123 -0.152704
vn 0.047502 0.992300 -0.114384
vn 0.027821 0.998949 -0.036424
vn 0.014983 0.999352 -0.032726
vn 0.015162 0.999451 -0.029464
vn 0.007644 0.999651 -0.025302
vn -0.008355 0.999459 -0.031824
vn -0.017273 0.999745 -0.014539
vn -0.013735 0.999906 0.000455
vn 0.006076 0.999888 -0.013719
vn 0.025687 0.999358 -0.024986
vn 0.011957 0.999927 -0.001568
vn -0.001000 0.999931 0.011723
vn 0.001037 0.999456 0.032954
vn 0.006182 0.999481 0.031608
vn -0.009559 0.998369 0.056291
vn -0.047853 0.969001 0.242377
vn -0.071010 0.961656 0.264907
vn -0.007113 0.999794 -0.019027
vn -0.011366 0.999637 -0.024434
vn 0.009919 0.999549 -0.028340
vn 0.008376 0.995959 0.089415
vn -0.017308 0.997958 0.061482
vn -0.011690 0.998538 -0.052768
vn -0.000605 0.991061 -0.133407
vn 0.020741 0.999674 -0.014909
vn 0.026979 0.999633 -0.002549
vn 0.028818 0.999468 -0.015248
vn 0.013034 0.999297 0.035146
vn -0.004970 0.999404 0.034164
vn -0.002790 0.999829 -0.018270
vn 0.000273 0.996784 -0.080142
vn 0.026137 0.991525 -0.127257
vn 0.052127 0.991208 -0.121608
vn 0.028719 0.997792 -0.059885
vn 0.016657 0.999257 -0.034764
vn 0.004275 0.999232 -0.038955
vn -0.015177 0.999140 -0.038587
vn 0.001152 0.999614 -0.027779
vn 0.009988 0.999826 -0.015784
vn 0.011017 0.999916 0.006894
vn 0.023148 0.999589 0.016911
vn 0.044844 0.998754 -0.021906
vn 0.041344 0.998948 -0.019829
vn 0.017190 0.999839 -0.005162
vn -0.001179 0.999336 0.036410
vn -0.000645 0.999479 0.032253
vn -0.000432 0.999242 0.038933
vn -0.042926 0.981515 0.186511
vn -0.002746 0.999931 -0.011418
vn 0.010887 0.999758 -0.019133
vn 0.019217 0.999614 -0.020053
vn 0.019282 0.999798 -0.005630
vn 0.021519 0.997533 0.066823
vn 0.002710 0.999107 0.042165
vn -0.018703 0.998201 -0.056972
vn -0.017197 0.993136 -0.115695
vn -0.002167 0.999997 -0.000701
vn -0.004813 0.999954 -0.008248
vn 0.004278 0.999955 -0.008425
vn 0.019693 0.999395 0.028683
vn 0.016230 0.999638 0.021445
vn -0.018957 0.999234 -0.034249
vn -0.026552 0.997242 -0.069300
vn -0.014981 0.995384 -0.094792
vn -0.012822 0.992522 -0.121391
vn 0.010524 0.997559 -0.069029
vn 0.014369 0.999067 -0.040726
vn -0.005345 0.997913 -0.064347
vn -0.015955 0.999213 -0.036307
vn -0.011384 0.999896 -0.008889
vn 0.013204 0.999890 -0.006742
vn 0.017200 0.999801 0.010080
vn 0.013401 0.999719 0.019542
vn 0.014380 0.999892 0.003219
vn 0.038649 0.998717 -0.032735
vn 0.010547 0.999369 -0.033921
vn 0.005346 0.999530 0.030181
vn -0.002895 0.999602 0.028077
vn -0.000645 0.998132 0.061098
vn -0.012150 0.999919 -0.003842
vn -0.006585 0.999972 0.003583
vn 0.006044 0.999948 -0.008252
vn 0.003006 0.999817 -0.018896
vn -0.000843 0.999910 -0.013398
vn 0.028172 0.995822 0.086858
vn 0.018240 0.999724 0.014785
vn -0.021953 0.996160 -0.084754
vn -0.032551 0.994920 -0.095257
vn 0.011235 0.999712 0.021221
vn 0.016375 0.999793 -0.012046
vn 0.004447 0.999930 -0.010962
vn -0.005706 0.999496 0.031222
vn -0.011336 0.999918 0.006021
vn -0.031330 0.997386 -0.065119
vn -0.071419 0.993342 -0.090392
vn -0.103809 0.990431 -0.090938
vn -0.050121 0.995471 -0.080783
vn -0.018020 0.998640 -0.048923
vn -0.014048 0.998664 -0.049732
vn -0.002586 0.997570 -0.069630
vn 0.012016 0.999569 -0.026787
vn 0.009394 0.999929 -0.007328
vn -0.000899 0.999997 0.002234
vn -0.002956 0.999995 0.000876
vn -0.026818 0.999624 0.005674
vn -0.041333 0.999063 0.012863
vn -0.044287 0.998529 -0.031264
vn -0.011966 0.999349 -0.034040
vn 0.002433 0.999068 0.043088
vn 0.016867 0.999666 0.019592
vn -0.001945 0.999514 0.031120
vn 0.002060 0.999884 -0.015064
vn 0.008734 0.999939 -0.006763
vn 0.004201 0.999970 0.006578
vn -0.005190 0.999924 -0.011215
vn -0.009109 0.999638 -0.025322
vn 0.001584 0.999998 -0.001148
vn -0.011122 0.996024 0.088388
vn -0.028589 0.999577 -0.005286
vn -0.030133 0.993455 -0.110181
vn -0.032612 0.996876 -0.071941
vn -0.011527 0.998864 0.046232
vn -0.004220 0.999784 -0.020352
vn 0.000597 0.999968 -0.007933
vn 0.001363 0.999693 0.024727
vn -0.007813 0.999923 -0.009594
vn -0.022569 0.995643 -0.090474
vn -0.051407 0.989760 -0.133160
vn -0.047863 0.996396 -0.070028
vn -0.024929 0.999092 -0.034536
vn -0.000685 0.999261 -0.038436
vn 0.004120 0.999184 -0.040177
vn 0.017148 0.998391 -0.054041
vn 0.024422 0.999276 -0.029160
vn 0.007547 0.999767 -0.020249
vn -0.008875 0.999915 -0.009557
vn -0.026043 0.999560 -0.014200
vn -0.025635 0.999655 -0.005711
vn -0.029691 0.999547 -0.004924
vn -0.024874 0.999681 -0.004421
vn 0.012360 0.999911 0.004968
vn 0.023175 0.998890 0.041003
vn 0.014448 0.999434 0.030388
vn 0.004730 0.999098 -0.042207
vn 0.000268 0.999982 0.005974
vn 0.010708 0.999829 -0.015063
vn -0.002018 0.999995 -0.002237
vn -0.006669 0.999847 -0.016178
vn -0.002347 0.999836 -0.017975
vn 0.008688 0.999817 0.017034
vn 0.016330 0.998660 0.049106
vn -0.014290 0.999806 -0.013567
vn -0.018282 0.994203 -0.105950
vn 0.003739 0.998462 -0.055310
vn 0.009451 0.998482 0.054258
vn -0.002448 0.999645 -0.026543
vn -0.000462 0.999998 -0.001759
vn 0.011440 0.999587 0.026346
vn 0.008418 0.999850 -0.015157
vn 0.003347 0.994376 -0.105852
vn -0.007994 0.989505 -0.144280
vn 0.004423 0.998745 -0.049879
vn 0.004896 0.999594 -0.028066
vn 0.003018 0.999641 -0.026627
vn 0.016370 0.999210 -0.036222
vn 0.022451 0.999036 -0.037717
vn 0.022408 0.998891 -0.041411
vn 0.009166 0.999308 -0.036056
vn 0.010913 0.999823 -0.015306
vn 0.007838 0.999688 -0.023731
vn 0.008150 0.999923 0.009377
vn 0.040740 0.999150 0.006296
vn 0.050353 0.998705 0.007275
vn 0.041394 0.999018 0.015803
vn 0.033347 0.999073 0.027212
vn 0.004014 0.999980 0.004976
vn -0.019947 0.992873 -0.117497
vn -0.001287 0.998860 -0.047723
vn -0.005147 0.999970 0.005735
vn -0.007650 0.999917 -0.010395
vn 0.000239 0.999963 -0.008658
vn 0.001701 0.999920 -0.012521
vn 0.000911 0.999755 -0.022120
vn -0.019242 0.999566 0.022307
vn -0.000425 0.998098 0.061653
vn 0.022427 0.999431 -0.025211
vn 0.019775 0.994456 -0.103277
vn 0.003973 0.998679 -0.051232
vn -0.009590 0.999105 0.041190
vn -0.000607 0.999773 -0.021291
vn 0.026316 0.999408 0.022166
vn 0.044750 0.998559 0.029612
vn 0.031407 0.999039 -0.030590
vn 0.015033 0.993416 -0.113576
vn 0.014217 0.989920 -0.140909
vn 0.014065 0.998912 -0.044461
vn 0.012318 0.999123 -0.040032
vn 0.002804 0.999780 -0.020773
vn 0.010856 0.999681 -0.022819
vn 0.025548 0.999215 -0.030281
vn 0.023294 0.998410 -0.051328
vn 0.021549 0.999057 -0.037685
vn 0.028784 0.999574 -0.004902
vn 0.042217 0.998721 -0.027826
vn 0.037264 0.999208 0.013964
vn 0.054297 0.997509 0.045034
vn 0.081751 0.996640 0.005024
vn 0.079582 0.996815 0.005142
vn 0.057403 0.998325 0.007176
vn 0.005939 0.999709 -0.023386
vn -0.005943 0.993800 -0.111024
vn -0.008322 0.999178 -0.039688
vn -0.003063 0.999982 -0.005078
vn -0.007106 0.999953 -0.006638
vn -0.002091 0.999998 -0.000224
vn -0.000180 0.999936 -0.011357
vn -0.005749 0.999433 -0.033166
vn -0.007915 0.999927 0.009164
vn -0.025083 0.996157 0.083919
vn -0.030839 0.999214 -0.024894
vn -0.033279 0.993734 -0.106700
vn -0.013075 0.998433 -0.054416
vn -0.004548 0.999277 0.037757
vn 0.004175 0.999933 0.010764
vn 0.053799 0.997047 0.054807
vn 0.056897 0.998167 0.020634
vn 0.033915 0.998181 -0.049834
vn 0.017656 0.991715 -0.127241
vn 0.010876 0.990465 -0.137339
vn 0.014142 0.998745 -0.048049
vn 0.014010 0.999141 -0.039004
vn 0.019878 0.999397 -0.028477
vn 0.011540 0.999875 -0.010826
vn 0.005238 0.999347 -0.035756
vn 0.000650 0.998699 -0.050986
vn 0.019977 0.999434 -0.027079
vn 0.030221 0.999498 0.009536
vn 0.047507 0.998760 -0.014859
vn 0.081681 0.996314 0.026201
vn 0.092076 0.993711 0.063730
vn 0.083741 0.996442 0.009570
vn 0.073765 0.997252 -0.006920
vn -0.033052 0.999158 -0.024321
vn -0.029849 0.998861 -0.037222
vn -0.033162 0.992652 -0.116368
vn -0.014962 0.999473 -0.028812
vn -0.005029 0.999968 0.006180
vn 0.000185 0.999933 -0.011603
vn -0.003558 0.999993 0.001274
vn -0.002482 0.999881 -0.015231
vn -0.013410 0.999131 -0.039474
vn -0.009047 0.999936 0.006809
vn -0.015065 0.998297 0.056362
vn -0.025007 0.999495 -0.019583
vn -0.023774 0.994442 -0.102571
vn -0.002756 0.999718 -0.023583
vn 0.001872 0.999661 0.025954
vn -0.006444 0.999095 0.042044
vn 0.007125 0.996540 0.082809
vn 0.032410 0.999408 0.011547
vn 0.017710 0.996846 -0.077354
vn -0.001948 0.990713 -0.135957
vn -0.002788 0.991404 -0.130805
vn 0.014263 0.999203 -0.037281
vn 0.017837 0.999225 -0.035086
vn 0.010771 0.999275 -0.036508
vn 0.011945 0.999748 -0.018988
vn 0.028120 0.999296 -0.024851
vn 0.041311 0.998251 -0.042295
vn 0.046193 0.998760 -0.018575
vn 0.049210 0.998628 0.017919
vn 0.067975 0.997434 0.022460
vn 0.069631 0.997209 0.026961
vn 0.050012 0.997178 0.055992
vn 0.064494 0.997717 0.020015
vn -0.058006 0.998078 0.021824
vn -0.054702 0.997413 -0.046643
vn -0.040770 0.999016 -0.017458
vn -0.041118 0.998067 -0.046602
vn -0.023256 0.996473 -0.080621
vn 0.016167 0.999797 -0.012001
vn 0.011763 0.999907 -0.006972
vn -0.005888 0.999968 -0.005372
vn -0.006308 0.999959 -0.006526
vn -0.015642 0.999646 -0.021515
vn -0.015429 0.999039 -0.041024
vn -0.000739 0.999347 0.036134
vn 0.003905 0.999560 0.029404
vn -0.016098 0.999471 -0.028244
vn -0.018479 0.995231 -0.095779
vn -0.014925 0.999847 -0.009178
vn -0.002135 0.999670 0.025619
vn 0.015362 0.998846 0.045518
vn 0.025708 0.994394 0.102561
vn 0.018435 0.999738 0.013535
vn 0.017069 0.995420 -0.094062
vn -0.005980 0.987721 -0.156115
vn -0.022085 0.990904 -0.132743
vn -0.027031 0.999355 -0.023629
vn -0.017220 0.999190 -0.036371
vn -0.006282 0.999603 -0.027456
vn 0.015029 0.999887 0.000925
vn 0.049445 0.998776 0.000946
vn 0.078753 0.996730 -0.018080
vn 0.075550 0.996502 -0.035734
vn 0.045046 0.998976 0.004136
vn 0.036634 0.998600 0.038148
vn 0.050037 0.998549 0.019901
vn 0.036482 0.998599 0.038339
vn -0.007308 0.999971 -0.002102
vn -0.049041 0.998792 0.002932
vn -0.049426 0.998521 -0.022660
vn -0.030945 0.999399 -0.015622
vn -0.045371 0.998050 -0.042863
vn -0.013505 0.998988 -0.042901
vn 0.002164 0.999998 0.000343
vn -0.006604 0.999652 -0.025535
vn -0.008593 0.999946 -0.005828
vn -0.006834 0.999919 -0.010735
vn -0.007484 0.999734 -0.021837
vn 0.002389 0.999523 -0.030792
vn 0.002254 0.999237 0.038998
vn -0.017126 0.999827 0.007283
vn -0.020851 0.999344 -0.029608
vn -0.008743 0.996083 -0.087987
vn -0.000384 0.999994 -0.003402
vn 0.000373 0.999355 0.035910
vn -0.001339 0.998490 0.054925
vn 0.016168 0.993752 0.110437
vn 0.022173 0.999698 0.010559
vn 0.017765 0.994645 -0.101811
vn 0.006146 0.984391 -0.175891
vn -0.011841 0.989113 -0.146680
vn -0.010357 0.999699 -0.022261
vn -0.011223 0.999529 -0.028557
vn 0.001177 0.999956 -0.009276
vn 0.033991 0.998716 0.037573
vn 0.042986 0.998975 0.014196
vn 0.042658 0.999059 -0.007872
vn 0.040418 0.997781 -0.052905
vn 0.022886 0.999524 -0.020692
vn -0.006516 0.999568 0.028657
vn 0.026249 0.998851 0.040100
vn 0.077022 0.994221 -0.074775
vn 0.063335 0.996992 -0.044672
vn 0.033164 0.999019 -0.029347
vn 0.004506 0.999939 -0.010064
vn -0.004068 0.999412 -0.034045
vn -0.015206 0.999088 -0.039897
vn -0.008529 0.999837 -0.015916
vn -0.006530 0.999960 -0.006185
vn -0.001032 0.999701 -0.024441
vn 0.006123 0.999973 -0.003972
vn -0.002583 0.999857 -0.016714
vn -0.010678 0.999781 -0.017998
vn -0.011725 0.999496 -0.029512
vn -0.025490 0.999445 0.021428
vn -0.027369 0.999606 0.006298
vn -0.010951 0.999822 -0.015378
vn -0.012172 0.996147 -0.086855
vn -0.013264 0.999912 0.000855
vn -0.009219 0.999403 0.033312
vn -0.000092 0.997819 0.066017
vn 0.006403 0.992574 0.121471
vn 0.017834 0.999724 0.015306
vn 0.009909 0.993195 -0.116037
vn -0.019212 0.979791 -0.199099
vn -0.016029 0.991433 -0.129632
vn 0.009622 0.999794 -0.017890
vn 0.015652 0.999585 -0.024202
vn 0.038143 0.999072 0.020025
vn 0.058782 0.997040 0.049554
vn 0.040701 0.999170 0.001707
vn 0.046529 0.998917 -0.000259
vn 0.031307 0.997097 -0.069404
vn -0.000700 0.998505 -0.054651
vn -0.065543 0.990102 0.124107
vn -0.057637 0.988987 0.136317
vn 0.049435 0.998609 -0.018357
vn 0.094138 0.994306 -0.049942
vn 0.084283 0.993995 -0.069794
vn 0.023509 0.998165 -0.055811
vn -0.023837 0.998953 -0.039037
vn 0.000587 0.999669 -0.025725
vn 0.007447 0.999679 -0.024235
vn 0.000741 0.999991 -0.004129
vn 0.012711 0.999914 -0.003248
vn 0.007701 0.999738 -0.021572
vn -0.010986 0.999564 -0.027409
vn -0.017783 0.999397 -0.029814
vn -0.031422 0.998986 -0.032244
vn -0.028054 0.999397 0.020446
vn -0.021966 0.999676 0.012873
vn -0.030585 0.999235 -0.024373
vn -0.040042 0.995830 -0.081976
vn -0.006756 0.999815 0.018035
vn 0.001793 0.999596 0.028366
vn -0.006472 0.997320 0.072880
vn 0.012552 0.990109 0.139741
vn 0.011173 0.999865 0.012053
vn -0.003901 0.990315 -0.138784
vn -0.013798 0.976819 -0.213620
vn -0.007920 0.994486 -0.104571
vn -0.017776 0.999663 -0.018937
vn -0.002814 0.999995 -0.001525
vn 0.039368 0.997495 0.058777
vn 0.043529 0.998362 0.037122
vn 0.028164 0.999563 -0.009012
vn 0.024486 0.999681 -0.006188
vn 0.015463 0.999830 0.010034
vn -0.008628 0.998077 0.061378
vn -0.058304 0.981908 0.180159
vn -0.043324 0.997935 0.047427
vn 0.000285 0.999524 -0.030840
vn 0.021139 0.997514 -0.067218
vn 0.013155 0.990078 -0.139899
vn -0.027473 0.999000 -0.035268
vn -0.009317 0.999955 0.001816
vn 0.005295 0.999703 -0.023779
vn -0.001830 0.999964 -0.008350
vn -0.003407 0.999985 0.004354
vn 0.009910 0.999342 -0.034888
vn 0.001981 0.999486 -0.032004
vn -0.003508 0.999268 -0.038105
vn -0.015941 0.998575 -0.050926
vn -0.040013 0.998981 0.020860
vn -0.030976 0.999144 0.027416
vn -0.037615 0.997975 -0.051288
vn -0.022729 0.998433 -0.051133
vn 0.006396 0.998897 0.046522
vn 0.004099 0.999731 0.022831
vn 0.014863 0.996330 0.084290
vn 0.021341 0.990464 0.136112
vn 0.011026 0.999932 0.003691
vn 0.002830 0.988932 -0.148344
vn -0.011668 0.975486 -0.219752
vn -0.011871 0.994371 -0.105285
vn 0.001665 0.999908 -0.013464
vn 0.033994 0.998844 0.033972
vn 0.030931 0.997670 0.060810
vn 0.012805 0.999632 0.023920
vn 0.018759 0.999824 -0.000108
vn 0.007899 0.999968 -0.001432
vn -0.007233 0.999762 0.020595
vn -0.062733 0.990069 0.125808
vn -0.090473 0.992964 0.076396
vn -0.077954 0.996951 -0.003411
vn -0.062530 0.995611 -0.069638
vn -0.047052 0.991758 -0.119177
vn 0.001522 0.999481 -0.032184
vn 0.002144 0.999983 0.005360
vn -0.007306 0.999709 -0.023013
vn -0.003238 0.999913 -0.012798
vn -0.008006 0.999959 0.004172
vn -0.009015 0.999762 -0.019856
vn 0.005109 0.999193 -0.039829
vn -0.006271 0.999105 -0.041828
vn -0.012793 0.997827 -0.064638
vn -0.012491 0.999906 0.005581
vn -0.024890 0.999213 0.030875
vn -0.022226 0.998591 -0.048191
vn -0.017938 0.999298 -0.032888
vn -0.011815 0.998896 0.045461
vn -0.004596 0.999491 0.031561
vn 0.013361 0.993880 0.109651
vn 0.008808 0.992398 0.122755
vn -0.003625 0.999954 -0.008930
vn -0.017991 0.987292 -0.157893
vn -0.010402 0.975281 -0.220723
vn 0.007002 0.996936 -0.077910
vn 0.049024 0.998678 0.015458
vn 0.043246 0.998390 0.036715
vn 0.001694 0.999907 0.013522
vn 0.012397 0.999884 0.008878
vn 0.009232 0.999926 -0.007952
vn 0.004751 0.999958 -0.007856
vn 0.005222 0.999966 0.006421
vn -0.038638 0.998248 0.044816
vn -0.108744 0.992637 0.053348
vn -0.124480 0.992157 0.011380
vn -0.113427 0.992359 -0.048550
vn -0.064397 0.995709 -0.066464
vn -0.014931 0.999876 -0.004954
vn -0.010015 0.999940 -0.004430
vn -0.008636 0.999719 -0.022076
vn -0.001922 0.999986 -0.005001
vn -0.002677 0.999970 -0.007266
vn -0.005840 0.999935 -0.009847
vn -0.003848 0.999195 -0.039928
vn -0.009801 0.998257 -0.058196
vn -0.013399 0.998192 -0.058592
vn -0.015834 0.999875 0.000355
vn -0.027440 0.999410 0.020667
vn -0.035268 0.998181 -0.048889
vn -0.012560 0.999891 -0.007750
vn 0.011724 0.998564 0.052274
vn 0.001626 0.999649 0.026456
vn 0.015045 0.990560 0.136253
vn 0.021371 0.994516 0.102375
vn -0.021077 0.999020 -0.038923
vn -0.037442 0.986510 -0.159359
vn -0.019510 0.980493 -0.195585
vn 0.025524 0.999019 -0.036185
vn 0.026869 0.999594 0.009496
vn -0.024843 0.999643 0.009855
vn -0.016544 0.999609 0.022530
vn -0.015853 0.999767 0.014628
vn -0.009140 0.999926 -0.008074
vn 0.008701 0.999951 0.004707
vn 0.014340 0.999895 -0.002172
vn 0.001703 0.999966 -0.008099
vn -0.023502 0.999637 0.013150
vn -0.055791 0.998423 -0.006229
vn -0.068376 0.997095 -0.033550
vn -0.047871 0.998781 -0.012014
vn -0.036808 0.999317 0.003271
vn -0.024804 0.999648 0.009453
vn -0.006380 0.999872 -0.014665
vn -0.004332 0.999961 -0.007696
vn -0.014570 0.999837 -0.010656
vn -0.010956 0.999891 -0.009938
vn -0.007072 0.999518 -0.030221
vn 0.008084 0.998159 -0.060106
vn 0.001616 0.997923 -0.064394
vn -0.015572 0.999717 -0.017991
vn -0.015899 0.999604 0.023205
vn -0.014476 0.998852 -0.045663
vn -0.004606 0.999822 0.018289
vn -0.005857 0.998799 0.048643
vn -0.007228 0.999596 0.027483
vn 0.001230 0.988337 0.152279
vn -0.011805 0.997103 0.075138
vn -0.019879 0.997896 -0.061717
vn -0.029062 0.987008 -0.158019
vn -0.018095 0.985951 -0.166050
vn 0.020985 0.999659 -0.015520
vn 0.003139 0.999933 0.011166
vn -0.026031 0.999632 0.007673
vn -0.023980 0.999452 0.022816
vn -0.013580 0.999888 0.006262
vn -0.015358 0.999838 0.009445
vn -0.013731 0.999906 -0.000655
vn -0.008510 0.999876 -0.013250
vn -0.004255 0.999990 -0.001636
vn -0.005879 0.999776 -0.020353
vn -0.007600 0.999407 -0.033584
vn -0.021331 0.999696 -0.012342
vn -0.036952 0.999314 0.002349
vn -0.035990 0.999177 0.018701
vn -0.017640 0.999803 0.009086
vn -0.001823 0.999942 -0.010635
vn 0.000455 0.999854 -0.017056
vn 0.001030 0.999976 -0.006879
vn -0.011466 0.999533 -0.028318
vn -0.015102 0.998634 -0.050023
vn -0.013690 0.996679 -0.080268
vn -0.009655 0.999852 -0.014266
vn -0.001557 0.999705 0.024239
vn 0.003425 0.999298 -0.037296
vn 0.004607 0.999871 0.015363
vn -0.004696 0.999365 0.035325
vn -0.004226 0.998906 0.046582
vn 0.023567 0.988365 0.150264
vn 0.021825 0.997000 0.074263
vn -0.012889 0.995459 -0.094311
vn -0.073755 0.980452 -0.182411
vn 0.110400 0.993881 0.003459
vn 0.112937 0.993039 -0.033457
vn 0.069700 0.996764 -0.040034
vn 0.020902 0.999679 -0.014347
vn -0.011099 0.999705 0.021602
vn -0.020931 0.999770 0.004756
vn -0.016884 0.999802 0.010517
vn -0.022348 0.999750 -0.000489
vn -0.018633 0.999783 -0.009324
vn -0.025128 0.999678 0.003687
vn -0.027207 0.999292 -0.026008
vn -0.027608 0.999113 -0.031802
vn -0.026491 0.999052 -0.034544
vn -0.021367 0.999770 0.001726
vn -0.028043 0.999192 0.028789
vn -0.027168 0.999454 0.018804
vn -0.018523 0.999826 -0.002215
vn -0.002941 0.999993 -0.002186
vn -0.003860 0.999875 -0.015363
vn -0.008292 0.998776 -0.048754
vn -0.020881 0.998372 -0.053081
vn -0.020081 0.997177 -0.072350
vn -0.014123 0.999876 -0.006977
vn -0.011722 0.999408 0.032336
vn -0.000311 0.999568 -0.029378
vn 0.007169 0.999785 0.019468
vn 0.001781 0.999659 0.026066
vn 0.029590 0.996954 0.072157
vn 0.059771 0.982551 0.176129
vn 0.047080 0.998124 0.039152
vn -0.037002 0.984309 -0.172532
vn 0.018191 0.999623 0.020548
vn 0.041230 0.997594 0.055741
vn 0.057204 0.998165 0.019870
vn 0.086067 0.996117 -0.018517
vn 0.110491 0.991314 -0.071336
vn 0.078972 0.994384 -0.070460
vn 0.008341 0.999670 -0.024298
vn -0.027340 0.999625 -0.001818
vn -0.026515 0.999567 0.012738
vn -0.021282 0.999750 0.006871
vn -0.016357 0.999757 -0.014746
vn -0.028657 0.999470 -0.015466
vn -0.036427 0.999091 -0.022148
vn -0.032242 0.999166 -0.025063
vn -0.010567 0.999883 -0.011096
vn 0.006622 0.999975 0.002610
vn -0.007391 0.999958 0.005519
vn -0.023676 0.999428 0.024151
vn -0.014516 0.999854 0.009009
vn -0.008685 0.999961 0.001655
vn -0.010014 0.999798 -0.017400
vn -0.003421 0.998987 -0.044873
vn -0.010999 0.997581 -0.068637
vn -0.020033 0.997181 -0.072305
vn -0.022375 0.999739 -0.004581
vn -0.016723 0.999128 0.038262
vn -0.023616 0.999142 -0.034027
vn -0.018680 0.999470 0.026661
vn -0.008200 0.999030 0.043268
vn 0.028110 0.991756 0.125022
vn 0.035264 0.988361 0.147987
vn -0.013936 0.999699 -0.020190
vn 0.036674 0.999284 -0.009330
vn 0.034772 0.999133 0.022906
vn 0.017551 0.998195 0.057428
vn 0.025789 0.998826 0.041011
vn 0.037487 0.999297 -0.000082
vn 0.030921 0.997517 -0.063277
vn 0.029562 0.992711 -0.116839
vn 0.010390 0.997762 -0.066054
vn 0.004873 0.999971 -0.005890
vn -0.012087 0.999917 0.004545
vn -0.024205 0.999691 0.005691
vn -0.021996 0.999738 -0.006285
vn -0.010253 0.999825 -0.015647
vn 0.001099 0.999793 -0.020327
vn 0.005367 0.999760 -0.021260
vn 0.003293 0.999989 0.003300
vn -0.007568 0.999944 -0.007460
vn -0.010507 0.999944 -0.000947
vn -0.009364 0.999782 0.018689
vn -0.010883 0.999677 0.022963
vn -0.004925 0.999987 -0.001069
vn -0.009907 0.999703 -0.022248
vn -0.015434 0.998996 -0.042048
vn -0.006451 0.997515 -0.070159
vn -0.006149 0.997028 -0.076790
vn -0.008423 0.999963 -0.001666
vn 0.000879 0.999087 0.042709
vn 0.007671 0.999493 -0.030908
vn 0.014066 0.999623 0.023564
vn -0.003450 0.999149 0.041115
vn -0.008278 0.987971 0.154416
vn 0.000018 0.990721 0.135914
vn 0.021746 0.996130 0.085161
vn 0.047387 0.998160 0.037832
vn 0.058524 0.998143 -0.016915
vn 0.031439 0.999505 0.001276
vn 0.004556 0.999275 0.037798
vn -0.010671 0.998521 0.053307
vn -0.025672 0.999497 -0.018620
vn -0.047930 0.996177 -0.073029
vn -0.031104 0.995530 -0.089179
vn 0.025319 0.998160 -0.055088
vn 0.027656 0.999410 -0.020351
vn 0.007328 0.999812 -0.017963
vn -0.000632 0.999991 0.004301
vn -0.003782 0.999968 -0.007116
vn -0.004995 0.999982 -0.003281
vn 0.002109 0.999933 -0.011354
vn 0.009362 0.999851 -0.014503
vn 0.012180 0.999869 -0.010647
vn -0.002931 0.999863 -0.016293
vn -0.004359 0.999989 0.002016
vn -0.003720 0.999876 0.015316
vn -0.012795 0.999759 0.017852
vn -0.019391 0.999812 -0.000847
vn -0.022231 0.999426 -0.025559
vn -0.019674 0.999023 -0.039569
vn -0.010381 0.998198 -0.059099
vn -0.009069 0.996394 -0.084359
vn -0.006708 0.999969 0.004246
vn -0.010231 0.998904 0.045683
vn 0.019200 0.999815 0.001186
vn 0.037930 0.999076 0.020223
vn 0.035844 0.999000 0.026713
vn 0.011073 0.991156 0.132236
vn -0.039954 0.999200 -0.001791
vn -0.032730 0.999380 0.012974
vn -0.015522 0.998827 0.045873
vn 0.014464 0.993395 0.113828
vn 0.025817 0.998555 0.047140
vn 0.019279 0.999501 -0.025030
vn 0.003030 0.999566 -0.029305
vn -0.014196 0.999746 0.017490
vn -0.066130 0.997763 0.009746
vn -0.091967 0.995508 -0.022495
vn -0.070348 0.994866 -0.072750
vn -0.036096 0.998676 -0.036643
vn -0.013154 0.999484 -0.029312
vn -0.010077 0.999510 -0.029626
vn -0.009290 0.999601 -0.026665
vn -0.012251 0.999922 -0.002315
vn -0.011269 0.999930 0.003741
vn 0.005535 0.999985 -0.000091
vn 0.006098 0.999904 -0.012432
vn 0.005736 0.999953 -0.007844
vn 0.000583 0.999882 -0.015329
vn 0.011993 0.999819 -0.014792
vn 0.007256 0.999967 -0.003544
vn -0.002576 0.999930 0.011556
vn -0.008152 0.999942 0.007048
vn -0.018894 0.999786 -0.008434
vn -0.020411 0.999484 -0.024816
vn -0.015365 0.999328 -0.033280
vn -0.020558 0.998079 -0.058437
vn -0.010900 0.997442 -0.070649
vn 0.016027 0.999813 0.010848
vn 0.008581 0.999217 0.038615
vn 0.006047 0.999725 0.022654
vn -0.000685 0.999837 0.018019
vn 0.000267 0.999667 0.025793
vn -0.043286 0.998259 0.040078
vn -0.078329 0.995993 -0.043150
vn -0.064990 0.993589 -0.092501
vn -0.024832 0.998794 -0.042350
vn -0.005980 0.999981 0.001698
vn -0.005531 0.999823 0.017958
vn -0.001377 0.997723 0.067438
vn 0.000975 0.992655 0.120976
vn -0.009866 0.999114 0.040914
vn -0.002330 0.999726 -0.023279
vn 0.008266 0.999041 -0.042993
vn -0.026047 0.999456 -0.020241
vn -0.044703 0.998792 -0.020426
vn -0.050559 0.998519 -0.020075
vn -0.048349 0.997770 -0.046019
vn -0.031746 0.999400 -0.013848
vn -0.029833 0.999132 -0.029061
vn -0.033756 0.998997 -0.029437
vn -0.016688 0.999780 -0.012744
vn -0.002329 0.999995 0.002162
vn -0.002642 0.999993 -0.002684
vn -0.006948 0.999879 0.013947
vn 0.004188 0.999974 -0.005811
vn 0.007344 0.999865 -0.014715
vn 0.002173 0.999820 -0.018833
vn -0.003217 0.999952 -0.009297
vn -0.004317 0.999951 -0.008886
vn -0.002964 0.999981 0.005404
vn -0.013795 0.999905 -0.000089
vn -0.017135 0.999764 -0.013391
vn -0.023640 0.999390 -0.025720
vn -0.023076 0.999252 -0.031047
vn -0.015480 0.997992 -0.061415
vn -0.008337 0.998617 -0.051908
vn 0.011342 0.999386 0.033166
vn 0.017272 0.999687 0.018113
vn -0.001369 0.999671 0.025617
vn 0.020055 0.999585 0.020669
vn -0.009650 0.999878 0.012309
vn 0.001685 0.999897 0.014260
vn 0.006549 0.999803 0.018761
vn -0.027585 0.999411 -0.020427
vn -0.070820 0.995440 -0.063907
vn -0.059112 0.996953 -0.050887
vn -0.030734 0.999490 -0.008729
vn 0.003221 0.999867 0.016005
vn 0.000990 0.999965 0.008301
vn -0.005241 0.998201 0.059725
vn -0.015540 0.992655 0.119980
vn 0.015951 0.997641 0.066776
vn 0.036982 0.999186 -0.016133
vn 0.031500 0.998322 -0.048595
vn 0.015887 0.998489 -0.052614
vn 0.000335 0.999565 -0.029484
vn -0.013875 0.999468 -0.029504
vn -0.001315 0.999848 -0.017356
vn 0.027534 0.999573 -0.009760
vn 0.010510 0.999087 -0.041407
vn -0.010174 0.999490 -0.030254
vn -0.004672 0.999918 0.011950
vn 0.013300 0.999911 0.000823
vn 0.008290 0.999960 -0.003459
vn 0.006598 0.999943 0.008351
vn 0.005545 0.999984 0.001351
vn 0.017810 0.999825 -0.005756
vn 0.021596 0.999382 -0.027730
vn 0.006218 0.999665 -0.025145
vn -0.004236 0.999939 -0.010166
vn -0.009265 0.999936 0.006454
vn -0.007937 0.999913 -0.010498
vn -0.011724 0.999902 -0.007617
vn -0.007324 0.999101 -0.041747
vn -0.030083 0.999007 -0.032878
vn -0.029437 0.998108 -0.053976
vn -0.030154 0.998711 -0.040834
vn -0.001952 0.998034 0.062644
vn 0.018443 0.999806 0.006920
vn 0.015982 0.999536 0.025945
vn -0.013343 0.999904 0.003805
vn -0.009513 0.999920 -0.008350
vn -0.010434 0.999872 0.012107
vn -0.020367 0.999664 0.016039
vn -0.027208 0.999608 0.006688
vn -0.038769 0.998071 -0.048493
vn -0.022655 0.998056 -0.058058
vn -0.010875 0.999153 -0.039699
vn -0.015472 0.999869 0.004851
vn -0.015885 0.999418 0.030181
vn -0.010485 0.999925 0.006342
vn -0.013203 0.998610 0.051030
vn -0.009747 0.991190 0.132085
vn 0.012833 0.995104 0.097997
vn 0.025356 0.999650 -0.007486
vn 0.043575 0.997466 -0.056237
vn 0.041947 0.997402 -0.058571
vn 0.033993 0.998438 -0.044336
vn 0.022135 0.999143 -0.034970
vn 0.042182 0.998982 0.016004
vn 0.051877 0.998634 -0.006291
vn 0.023917 0.995626 -0.090314
vn -0.028391 0.998244 -0.051996
vn -0.029773 0.999144 0.028725
vn -0.020345 0.999752 0.009030
vn -0.004422 0.999970 0.006425
vn 0.004760 0.999940 0.009889
vn 0.010576 0.999912 0.008002
vn 0.004225 0.999962 -0.007630
vn 0.006699 0.999775 -0.020121
vn 0.017688 0.999279 -0.033610
vn 0.012028 0.999724 -0.020182
vn 0.007406 0.999973 0.000437
vn 0.001599 0.999969 -0.007749
vn -0.001479 0.999890 -0.014769
vn -0.012051 0.999126 -0.040016
vn -0.013239 0.998665 -0.049937
vn -0.025546 0.998266 -0.053024
vn -0.002334 0.999772 -0.021232
vn 0.007020 0.996912 0.078207
vn -0.014541 0.999894 -0.000442
vn -0.004632 0.999555 0.029469
vn -0.043943 0.999034 0.000348
vn -0.036925 0.999223 0.013769
vn -0.023068 0.999734 -0.000648
vn -0.022012 0.999749 0.004200
vn -0.032620 0.999454 0.005300
vn -0.036697 0.999326 0.000655
vn -0.027571 0.999035 -0.034192
vn 0.001336 0.999502 -0.031540
vn 0.013517 0.999065 -0.041064
vn 0.017272 0.999850 0.000990
vn 0.006836 0.999756 0.020989
vn -0.000758 0.999955 0.009497
vn -0.007629 0.999142 0.040706
vn -0.023631 0.990306 0.136880
vn -0.037308 0.993848 0.104282
vn -0.008893 0.999555 0.028489
vn 0.037746 0.998608 -0.036837
vn 0.053483 0.996772 -0.059868
vn 0.040055 0.997111 -0.064532
vn 0.033637 0.998984 -0.029989
vn 0.035889 0.998844 0.031975
vn 0.026238 0.999454 -0.020061
vn 0.002290 0.991712 -0.128462
vn -0.000419 0.997765 -0.066816
vn 0.001622 0.999247 0.038768
vn 0.007519 0.999886 0.013089
vn 0.003317 0.999874 0.015519
vn 0.001760 0.999919 0.012585
vn -0.002556 0.999989 0.003929
vn 0.002730 0.999979 -0.005882
vn 0.005601 0.999843 -0.016841
vn 0.000290 0.999681 -0.025269
vn 0.016537 0.999679 -0.019170
vn 0.010096 0.999929 -0.006273
vn 0.000791 0.999843 -0.017683
vn -0.017355 0.999410 -0.029629
vn -0.007094 0.999848 -0.015932
vn 0.089941 0.995705 -0.021976
vn 0.078948 0.992638 -0.091857
vn -0.000770 0.999955 -0.009496
vn -0.006838 0.998425 0.055676
vn -0.029339 0.999535 -0.008297
vn -0.037973 0.998765 0.032050
vn -0.064580 0.997746 0.018206
vn -0.057242 0.998203 0.017717
vn 0.003044 0.998051 0.062322
vn 0.062352 0.998047 0.003744
vn 0.027306 0.999476 -0.017390
vn -0.009531 0.999916 -0.008740
vn -0.024086 0.999710 0.000590
vn -0.016186 0.999762 -0.014657
vn -0.009205 0.999822 -0.016488
vn 0.013853 0.999723 -0.019005
vn 0.039933 0.999186 0.005723
vn 0.035142 0.999369 0.005124
vn 0.020786 0.999782 0.001800
vn -0.005013 0.999901 0.013125
vn -0.058093 0.993618 0.096692
vn -0.085173 0.990965 0.103603
vn -0.054893 0.994428 0.090002
vn 0.000749 0.999983 0.005773
vn 0.023950 0.997668 -0.063920
vn 0.034204 0.997623 -0.059816
vn 0.049859 0.998286 -0.030629
vn 0.034561 0.999307 0.013799
vn -0.010063 0.998418 -0.055324
vn -0.029090 0.991264 -0.128641
vn 0.002900 0.999059 -0.043279
vn 0.003903 0.999728 0.022982
vn -0.008953 0.999616 0.026230
vn 0.004320 0.999970 0.006479
vn -0.000472 0.999975 0.007103
vn -0.001919 0.999938 0.010960
vn 0.011717 0.999926 0.003325
vn 0.011980 0.999645 -0.023789
vn 0.017393 0.999652 -0.019847
vn 0.010267 0.999837 -0.014859
vn 0.009528 0.999779 -0.018729
vn -0.003548 0.999604 -0.027901
vn -0.014321 0.999106 -0.039769
vn 0.033040 0.996999 0.070009
vn 0.178456 0.976035 0.124539
vn 0.209071 0.956268 -0.204552
vn 0.069995 0.991338 -0.111127
vn -0.023397 0.998529 0.048902
vn -0.023953 0.999472 -0.021971
vn -0.025522 0.999155 0.032227
vn -0.115336 0.993010 0.025084
vn -0.122541 0.992125 0.025918
vn -0.064335 0.995523 0.069250
vn 0.038950 0.981987 0.184892
vn 0.166760 0.984561 0.053210
vn 0.179253 0.977653 -0.109828
vn 0.046597 0.995832 -0.078402
vn -0.014546 0.999894 0.000623
vn 0.018846 0.999780 0.009155
vn 0.029909 0.999391 -0.017962
vn 0.025550 0.999656 0.005954
vn 0.021776 0.999752 0.004705
vn 0.011162 0.999934 -0.002631
vn 0.010728 0.999907 -0.008442
vn 0.006371 0.999808 -0.018536
vn -0.031287 0.998744 0.039140
vn -0.076293 0.991340 0.106885
vn -0.079342 0.989949 0.117076
vn -0.058307 0.997093 0.049054
vn 0.002538 0.999647 -0.026430
vn 0.042061 0.997924 -0.048766
vn 0.041301 0.998767 -0.027558
vn 0.029939 0.999405 -0.017155
vn -0.005642 0.994572 -0.103901
vn 0.000536 0.995376 -0.096056
vn 0.017598 0.999285 -0.033465
vn 0.010850 0.999905 0.008464
vn 0.003037 0.999705 0.024106
vn -0.004227 0.999879 0.014961
vn -0.003183 0.999992 0.002280
vn 0.006429 0.999807 0.018578
vn 0.012449 0.999886 0.008565
vn 0.016778 0.999691 -0.018314
vn 0.016297 0.999764 -0.014345
vn 0.019400 0.999355 -0.030218
vn 0.003123 0.999878 -0.015305
vn 0.009567 0.998797 -0.048086
vn -0.004601 0.999343 -0.035959
vn 0.025985 0.984022 0.176144
vn 0.042567 0.986001 0.161216
vn 0.043742 0.976183 -0.212493
vn 0.028732 0.972553 -0.230901
vn -0.020141 0.999658 0.016705
vn -0.006328 0.999974 0.003481
vn -0.106979 0.993779 -0.030970
vn -0.145351 0.988982 0.028078
vn -0.178117 0.980483 0.083227
vn -0.164506 0.942830 0.289843
vn -0.083618 0.988055 0.129445
vn -0.076486 0.987866 -0.135166
vn -0.069845 0.983699 -0.165704
vn -0.066581 0.997570 0.020536
vn -0.019029 0.998633 0.048689
vn 0.011156 0.999881 -0.010640
vn 0.019917 0.999791 -0.004671
vn 0.011696 0.999924 -0.003927
vn 0.017464 0.999833 0.005488
vn 0.017337 0.999740 -0.014826
vn 0.014886 0.999728 -0.017949
vn 0.010815 0.999929 -0.005071
vn -0.036923 0.997754 0.055881
vn -0.094814 0.990498 0.099623
vn -0.108180 0.990062 0.089855
vn -0.062885 0.997485 0.032686
vn -0.007702 0.999899 -0.011962
vn 0.024544 0.999279 -0.028961
vn 0.016018 0.999008 -0.041552
vn 0.007518 0.993272 -0.115563
vn -0.007076 0.995213 -0.097478
vn 0.000430 0.999936 -0.011320
vn 0.018346 0.999831 0.001069
vn 0.005844 0.999850 0.016335
vn 0.010179 0.999895 0.010317
vn 0.021506 0.999656 0.015007
vn 0.021526 0.999644 0.015793
vn 0.004051 0.999950 0.009133
vn 0.009520 0.999866 -0.013298
vn 0.002799 0.999630 -0.027065
vn 0.004400 0.999821 -0.018385
vn 0.007053 0.999101 -0.041814
vn -0.014427 0.999446 -0.029987
vn 0.010930 0.998931 -0.044910
vn -0.066436 0.990910 0.116976
vn -0.222393 0.970389 0.094268
vn -0.231120 0.961921 -0.145915
vn -0.077632 0.978761 -0.189735
vn -0.028265 0.999589 0.004732
vn -0.040436 0.998865 0.025162
vn 0.012950 0.998859 -0.045971
vn -0.066868 0.995217 -0.071220
vn -0.123393 0.992067 -0.024035
vn -0.193506 0.980725 0.027084
vn -0.277172 0.927532 0.250720
vn -0.334691 0.928296 0.162011
vn -0.275940 0.954701 -0.111373
vn -0.195417 0.977141 -0.083707
vn -0.103503 0.992754 0.061047
vn -0.076372 0.993446 0.085043
vn -0.053682 0.998471 0.013198
vn -0.027611 0.999579 0.008860
vn -0.004304 0.999983 0.003908
vn 0.002102 0.999988 0.004382
vn 0.009957 0.999913 -0.008692
vn 0.010832 0.999749 -0.019615
vn 0.016070 0.999851 -0.006272
vn 0.007092 0.999974 0.001320
vn -0.054547 0.997852 0.036273
vn -0.105457 0.990850 0.084229
vn -0.103467 0.991349 0.080753
vn -0.059339 0.997513 0.038035
vn -0.024701 0.999630 -0.011430
vn -0.015604 0.998732 -0.047860
vn -0.006072 0.993725 -0.111682
vn -0.000683 0.994607 -0.103716
vn -0.005384 0.999954 -0.007896
vn -0.006904 0.999916 0.010952
vn 0.001112 0.999999 0.000316
vn 0.001455 0.999419 0.034052
vn 0.015124 0.999619 0.023093
vn 0.013302 0.999909 0.002129
vn 0.005058 0.999981 -0.003623
vn -0.002324 0.999942 -0.010485
vn 0.004587 0.999647 -0.026160
vn 0.006905 0.999899 -0.012444
vn 0.004643 0.998916 -0.046310
vn 0.007866 0.999162 -0.040178
vn -0.006798 0.999252 -0.038064
vn -0.034951 0.998991 -0.028194
vn -0.138328 0.990207 -0.018872
vn -0.152668 0.986272 -0.062924
vn -0.071868 0.996078 -0.051617
vn -0.028652 0.999322 -0.023101
vn 0.045558 0.991657 -0.120589
vn -0.000544 0.992749 -0.120201
vn -0.025993 0.995956 -0.086003
vn -0.067669 0.997172 -0.032705
vn -0.172504 0.980335 0.095838
vn -0.291505 0.940577 0.174183
vn -0.215646 0.976189 0.023503
vn -0.117453 0.992867 -0.020508
vn -0.089558 0.991084 0.098655
vn -0.102356 0.990818 0.088337
vn -0.080928 0.995741 0.044172
vn -0.048655 0.998153 0.036377
vn -0.029374 0.999366 0.020113
vn -0.026408 0.999633 0.006087
vn -0.023215 0.999730 -0.001432
vn -0.015377 0.999718 -0.018077
vn -0.006770 0.999970 0.003753
vn -0.009903 0.999698 -0.022498
vn -0.021231 0.999692 -0.012818
vn -0.059854 0.997059 0.047866
vn -0.101297 0.991657 0.079722
vn -0.108974 0.991627 0.069293
vn -0.094501 0.995504 0.006389
vn -0.079447 0.995947 -0.042160
vn -0.073465 0.992407 -0.098648
vn -0.051066 0.994793 -0.088200
vn -0.017486 0.999847 -0.000739
vn -0.007332 0.999860 0.015013
vn 0.004206 0.999873 0.015398
vn 0.002981 0.999745 0.022370
vn -0.015679 0.999542 0.025880
vn -0.005518 0.999962 0.006736
vn -0.001083 0.999967 -0.008054
vn -0.002770 0.999922 -0.012180
vn 0.006217 0.999888 -0.013639
vn -0.004308 0.999659 -0.025750
vn -0.005410 0.999224 -0.039020
vn 0.000213 0.999173 -0.040653
vn 0.006805 0.998989 -0.044431
vn 0.008901 0.998592 -0.052291
vn -0.000191 0.997155 -0.075385
vn -0.028066 0.998561 -0.045691
vn -0.032585 0.999271 -0.019872
vn 0.003352 0.986966 -0.160893
vn 0.029935 0.993970 -0.105490
vn 0.102964 0.993043 -0.057135
vn 0.108345 0.990715 -0.082124
vn 0.051341 0.998155 -0.032418
vn -0.067330 0.993540 0.091352
vn -0.152326 0.983186 0.100707
vn -0.099219 0.993807 0.050028
vn -0.065802 0.993342 0.094557
vn -0.087138 0.993340 0.075381
vn -0.076385 0.994007 0.078205
vn -0.057635 0.996780 0.055746
vn -0.062587 0.997907 0.016265
vn -0.054745 0.998398 0.014273
vn -0.047373 0.998872 0.003274
vn -0.030735 0.999526 0.001758
vn -0.013260 0.999892 0.006354
vn -0.010135 0.999711 -0.021796
vn -0.002494 0.999862 -0.016432
vn -0.030219 0.999368 -0.018733
vn -0.086242 0.995190 0.046473
vn -0.126195 0.990552 0.053674
vn -0.134359 0.990552 0.027461
vn -0.117129 0.992518 -0.034480
vn -0.092727 0.992913 -0.074329
vn -0.043839 0.998047 -0.044489
vn -0.023321 0.999560 0.018313
vn -0.011678 0.999613 0.025256
vn -0.009550 0.999868 0.013178
vn -0.014738 0.999756 0.016458
vn -0.011153 0.999757 0.019025
vn -0.016785 0.999725 0.016403
vn -0.004618 0.999979 -0.004634
vn 0.002554 0.999976 -0.006507
vn 0.007026 0.999869 -0.014577
vn -0.007683 0.999050 -0.042887
vn -0.008107 0.999592 -0.027406
vn 0.003965 0.999462 -0.032543
vn 0.000908 0.998925 -0.046347
vn -0.004059 0.998911 -0.046472
vn -0.015971 0.994735 -0.101230
vn 0.054662 0.995141 -0.081896
vn 0.131906 0.981215 -0.140776
vn 0.212690 0.977110 -0.004323
vn 0.281780 0.958908 -0.033112
vn 0.241445 0.960772 -0.136460
vn 0.147784 0.983771 -0.101760
vn 0.077453 0.996803 -0.019614
vn 0.001164 0.998007 0.063087
vn -0.035478 0.995732 0.085202
vn -0.062824 0.996285 0.058900
vn -0.087918 0.994258 0.060996
vn -0.096275 0.990711 0.096034
vn -0.091407 0.994433 0.052412
vn -0.073939 0.996600 0.036356
vn -0.050428 0.998467 0.022814
vn -0.058423 0.998288 0.002679
vn -0.043983 0.998648 0.027713
vn -0.040017 0.999175 0.006931
vn -0.042859 0.998940 -0.016772
vn -0.029436 0.999542 -0.007070
vn -0.017118 0.998919 -0.043215
vn -0.027960 0.999609 0.000601
vn -0.057484 0.998038 0.024820
vn -0.072758 0.996995 0.026612
vn -0.071162 0.997445 -0.006345
vn -0.039142 0.998591 -0.035833
vn -0.018364 0.999596 -0.021682
vn -0.015041 0.999710 0.018794
vn -0.022689 0.999354 0.027869
vn -0.019353 0.999656 0.017700
vn -0.007028 0.999795 0.018969
vn 0.001486 0.999755 0.022099
vn -0.002878 0.999936 0.010975
vn -0.010434 0.999925 0.006396
vn -0.007911 0.999937 -0.007972
vn -0.022181 0.999691 -0.011259
vn 0.000251 0.999219 -0.039526
vn -0.003624 0.999480 -0.032044
vn -0.021547 0.999045 -0.038003
vn -0.018990 0.998669 -0.047960
vn -0.011477 0.998767 -0.048299
vn 0.057906 0.998282 0.008957
vn 0.075158 0.996575 -0.034477
vn 0.143830 0.988737 -0.041384
vn 0.246111 0.964916 0.091462
vn 0.364122 0.929912 0.051759
vn 0.353407 0.898083 -0.261822
vn 0.194159 0.956081 -0.219572
vn 0.103273 0.990844 -0.086963
vn 0.019723 0.999366 -0.029640
vn -0.075324 0.996464 0.037221
vn -0.101444 0.992668 0.065716
vn -0.076031 0.995832 0.050381
vn -0.102181 0.991780 0.077014
vn -0.121427 0.991064 0.055201
vn -0.121855 0.991041 0.054664
vn -0.105872 0.993635 0.038492
vn -0.068218 0.997441 0.021387
vn -0.058997 0.997896 0.026898
vn -0.056571 0.998338 0.011025
vn -0.036739 0.999325 0.000112
vn -0.032176 0.999438 -0.009460
vn -0.033449 0.999046 -0.028073
vn -0.030637 0.999341 -0.019478
vn -0.040454 0.999069 0.014973
vn -0.045466 0.998782 0.019155
vn -0.047329 0.998879 0.001240
vn -0.029569 0.999536 -0.007353
vn -0.008076 0.999959 -0.004069
vn 0.000526 0.999848 0.017427
vn -0.016053 0.999779 0.013573
vn -0.017780 0.999471 0.027220
vn -0.007083 0.999496 0.030933
vn -0.007947 0.999729 0.021876
vn -0.006017 0.999952 0.007764
vn -0.015336 0.999850 -0.008062
vn -0.019864 0.999801 -0.001868
vn -0.019163 0.999325 -0.031338
vn -0.031455 0.999257 -0.022253
vn -0.026979 0.998559 -0.046381
vn -0.039210 0.998165 -0.046137
vn 0.009097 0.999671 0.023991
vn 0.045681 0.998955 0.001197
vn 0.065262 0.997849 0.006214
vn 0.068678 0.982325 0.174130
vn 0.108004 0.980470 0.164357
vn 0.213030 0.934602 -0.284845
vn 0.187341 0.916374 -0.353784
vn 0.114923 0.980898 -0.156946
vn 0.050160 0.992441 -0.112006
vn 0.001709 0.999731 -0.023151
vn -0.046067 0.997792 0.047854
vn -0.080688 0.995272 0.054071
vn -0.096509 0.994357 0.044048
vn -0.117786 0.991647 0.052562
vn -0.118240 0.992142 0.040921
vn -0.131622 0.989019 0.067213
vn -0.104171 0.993179 0.052373
vn -0.094018 0.995329 0.021943
vn -0.090202 0.995574 0.026379
vn -0.068248 0.997526 0.016839
vn -0.056658 0.998394 -0.000586
vn -0.041680 0.998946 -0.019220
vn -0.039513 0.998967 -0.022459
vn -0.031446 0.999449 0.010654
vn -0.040737 0.999112 0.010723
vn -0.026459 0.999443 0.020342
vn -0.009170 0.999871 0.013168
vn 0.005926 0.999943 0.008848
vn -0.004514 0.999990 0.000105
vn -0.014842 0.999885 0.003164
vn -0.022049 0.999277 0.030986
vn -0.019614 0.998900 0.042601
vn -0.011146 0.999870 0.011683
vn -0.022719 0.999664 0.012456
vn -0.009173 0.999906 -0.010165
vn -0.013258 0.999881 -0.007877
vn -0.020389 0.999208 -0.034179
vn -0.006548 0.998970 0.044902
vn 0.000462 0.999169 0.040745
vn 0.005796 0.999610 0.027327
vn 0.024036 0.999563 0.017233
vn -0.021442 0.994591 0.101634
vn -0.152363 0.974184 0.166588
vn -0.124834 0.977711 -0.168812
vn 0.012766 0.935368 -0.353446
vn 0.069660 0.980314 -0.184750
vn 0.089491 0.988017 -0.125750
vn 0.101241 0.993419 -0.053570
vn 0.059781 0.998209 -0.002152
vn 0.011325 0.999876 0.010960
vn -0.052499 0.998616 0.003014
vn -0.097121 0.994622 0.035991
vn -0.101765 0.993602 0.048974
vn -0.108282 0.993103 0.044964
vn -0.132264 0.988753 0.069815
vn -0.109415 0.993313 0.036850
vn -0.086490 0.995407 0.041049
vn -0.078367 0.996450 0.030761
vn -0.079403 0.996841 -0.001942
vn -0.083682 0.996398 -0.013759
vn -0.059539 0.998224 -0.001855
vn -0.047581 0.998809 0.010845
vn -0.037764 0.999131 0.017632
vn -0.033513 0.998869 0.033727
vn -0.026566 0.999334 0.025013
vn -0.024243 0.999641 0.011437
vn -0.019451 0.999785 -0.007201
vn -0.024649 0.999694 -0.001884
vn -0.020314 0.999248 0.033022
vn -0.016527 0.999177 0.037048
vn -0.028939 0.999408 0.018622
vn -0.015105 0.999856 0.007731
vn -0.026137 0.999657 -0.001912
vn -0.024594 0.999527 -0.018467
vn 0.002631 0.998900 0.046820
vn -0.010110 0.999312 0.035679
vn -0.000953 0.999228 0.039278
vn 0.008738 0.999654 0.024796
vn -0.005009 0.999704 0.023798
vn -0.072253 0.996211 0.048408
vn -0.140004 0.987159 -0.076912
vn -0.010945 0.974750 -0.223032
vn 0.076574 0.984488 -0.157861
vn 0.117956 0.989445 -0.084173
vn 0.145481 0.987532 -0.060140
vn 0.117432 0.991355 -0.058528
vn 0.073092 0.996764 -0.033449
vn 0.024548 0.997608 -0.064620
vn -0.029159 0.999567 0.004001
vn -0.063517 0.997266 0.037754
vn -0.094449 0.995353 0.018736
vn -0.108563 0.992344 0.058883
vn -0.116246 0.991008 0.066265
vn -0.102953 0.993505 0.048463
vn -0.095519 0.994566 0.041414
vn -0.077118 0.997021 -0.001317
vn -0.064520 0.997916 0.000843
vn -0.050387 0.998550 0.018945
vn -0.029045 0.999316 0.022872
vn -0.031432 0.999410 0.013869
vn -0.046993 0.998546 0.026413
vn -0.040770 0.998532 0.035671
vn -0.044074 0.998991 0.008577
vn -0.043213 0.999063 0.002266
vn -0.019755 0.999805 0.000171
vn -0.020689 0.999040 0.038622
vn -0.030744 0.999197 0.025682
vn -0.034593 0.999211 0.019511
vn -0.031159 0.999385 0.016096
vn 0.011818 0.999861 0.011769
vn -0.013381 0.999533 0.027479
vn -0.007857 0.998729 0.049788
vn 0.005722 0.998810 0.048434
vn 0.010084 0.999564 0.027753
vn 0.007283 0.999950 0.006865
vn -0.012119 0.999878 -0.009897
vn -0.015934 0.997788 -0.064545
vn 0.046346 0.992235 -0.115425
vn 0.103963 0.989228 -0.103053
vn 0.147292 0.987644 -0.053512
vn 0.146820 0.987444 -0.058293
vn 0.152279 0.984531 -0.086657
vn 0.131887 0.989097 -0.065518
vn 0.122190 0.987900 -0.095517
vn 0.101618 0.993710 -0.047057
vn 0.044687 0.998998 -0.002614
vn 0.019350 0.999809 -0.002789
vn -0.045174 0.998830 0.017267
vn -0.094175 0.994071 0.054346
vn -0.106000 0.992655 0.058314
vn -0.106898 0.993339 0.043030
vn -0.099277 0.994489 0.033695
vn -0.059632 0.998185 0.008426
vn -0.051979 0.998097 0.033171
vn -0.052850 0.998177 0.029164
vn -0.053150 0.998572 0.005420
vn -0.042743 0.998559 0.032461
vn -0.035701 0.998419 0.043423
vn -0.025564 0.999668 -0.003081
vn -0.032832 0.999373 0.013227
vn -0.028888 0.999342 0.021933
vn -0.019351 0.999684 0.016036
vn -0.036668 0.998954 0.027315
vn 0.000585 0.999984 0.005710
vn -0.015866 0.999842 0.008034
vn -0.007137 0.999797 0.018860
vn -0.019084 0.998647 0.048373
vn -0.013310 0.997177 0.073900
vn 0.005825 0.999585 0.028222
vn 0.004105 0.999991 0.001066
vn 0.010734 0.999824 -0.015365
vn 0.031312 0.999077 -0.029398
vn 0.073317 0.995673 -0.057102
vn 0.114100 0.991175 -0.067477
vn 0.123135 0.991562 -0.040530
vn 0.134163 0.989144 -0.059957
vn 0.153997 0.985624 -0.069505
vn 0.153709 0.983962 -0.090513
vn 0.156182 0.984660 -0.077790
vn 0.154303 0.984871 -0.078867
vn 0.119340 0.991358 -0.054472
vn 0.055721 0.996968 -0.054310
vn 0.013318 0.999463 -0.029950
vn -0.021863 0.999757 0.002946
vn -0.078717 0.996150 0.038594
vn -0.112849 0.993154 0.030163
vn -0.110465 0.992244 0.057006
vn -0.084897 0.995313 0.046301
vn -0.057350 0.997681 0.036663
vn -0.041167 0.998388 0.039084
vn -0.030352 0.999520 0.006297
vn -0.044383 0.998422 0.034397
vn -0.043989 0.998110 0.042903
vn -0.046209 0.998823 0.014736
vn -0.020443 0.999665 0.015872
vn 0.001024 0.999506 0.031399
vn 0.001594 0.999830 0.018386
vn 0.002822 0.999986 -0.004524
vn 0.003840 0.999966 -0.007302
vn 0.007985 0.999963 0.003201
vn 0.003054 0.999724 0.023284
vn 0.009524 0.999205 0.038718
vn -0.005175 0.997208 0.074492
vn -0.017666 0.999349 0.031466
vn -0.003963 0.999913 0.012589
vn 0.009634 0.999945 -0.004077
vn 0.022380 0.999729 -0.006352
vn 0.039512 0.999016 -0.020129
vn 0.067020 0.996820 -0.043101
vn 0.083506 0.995866 -0.035737
vn 0.110911 0.993717 -0.015007
vn 0.149745 0.986876 -0.060432
vn 0.157973 0.983886 -0.083746
vn 0.167214 0.982688 -0.079775
vn 0.147503 0.983962 -0.100308
vn 0.131448 0.987562 -0.086271
vn 0.122043 0.987627 -0.098479
vn 0.111954 0.992840 -0.041649
vn 0.086530 0.995440 -0.040158
vn 0.016242 0.998952 -0.042787
vn -0.044619 0.998923 0.012715
vn -0.061388 0.996305 0.060066
vn -0.078724 0.994746 0.065442
vn -0.066425 0.996582 0.049112
vn -0.064615 0.996549 0.052098
vn -0.048964 0.998700 0.014192
vn -0.037877 0.999130 0.017474
vn -0.057968 0.997432 0.042065
vn -0.057464 0.998289 0.010782
vn -0.052263 0.997219 0.053137
vn -0.029827 0.998575 0.044261
vn -0.020087 0.999783 0.005581
vn -0.019421 0.999774 -0.008637
vn -0.007052 0.999914 0.011046
vn 0.003613 0.999985 0.004020
vn 0.003582 0.999717 0.023522
vn 0.006348 0.998953 0.045315
vn 0.004805 0.998482 0.054873
vn 0.005286 0.999418 0.033691
vn 0.000654 0.999789 0.020509
vn 0.004289 0.999977 0.005329
vn 0.011951 0.999922 0.003736
vn 0.026173 0.999657 -0.000192
vn 0.044895 0.998837 -0.017566
vn 0.069168 0.997427 -0.018866
vn 0.076450 0.997068 0.003204
vn 0.080990 0.996134 -0.034028
vn 0.116044 0.990999 -0.066746
vn 0.123694 0.988931 -0.081946
vn 0.129809 0.985499 -0.109278
vn 0.138807 0.986756 -0.083938
vn 0.160103 0.984193 -0.075702
vn 0.163168 0.984126 -0.069806
vn 0.130315 0.988395 -0.078061
vn 0.102874 0.989605 -0.100494
vn 0.042750 0.998113 -0.044086
vn -0.020820 0.999540 0.022056
vn -0.052717 0.997115 0.054618
vn -0.071294 0.996414 0.045575
vn -0.077901 0.995357 0.056526
vn -0.066082 0.997075 0.038409
vn -0.058420 0.998190 0.014252
vn -0.058334 0.997777 0.032215
vn -0.046579 0.998648 0.023088
vn -0.042181 0.997922 0.048714
vn 0.001651 0.999994 -0.003023
vn -0.001894 0.999982 -0.005726
vn 0.003246 0.999990 0.003045
vn -0.000039 0.999897 0.014350
vn -0.003634 0.999988 0.003366
vn -0.003578 0.999696 0.024395
vn -0.001157 0.998807 0.048810
vn 0.001170 0.998425 0.056093
vn 0.001696 0.999344 0.036187
vn 0.006690 0.999864 0.015107
vn 0.006966 0.999906 0.011803
vn 0.009129 0.999896 0.011131
vn 0.016117 0.999776 0.013708
vn 0.027710 0.999615 -0.001247
vn 0.031491 0.999482 -0.006587
vn 0.030589 0.999530 -0.001810
vn 0.040564 0.999146 -0.007836
vn 0.071776 0.996896 -0.032360
vn 0.105557 0.991520 -0.075798
vn 0.123205 0.988283 -0.090100
vn 0.144939 0.986729 -0.073200
vn 0.150112 0.986493 -0.065562
vn 0.140957 0.986393 -0.084614
vn 0.119298 0.987193 -0.105912
vn 0.095118 0.986980 -0.129701
vn 0.062003 0.991881 -0.111028
vn -0.011586 0.999424 -0.031895
vn -0.002299 0.997636 0.068685
vn 0.008776 0.999762 0.019965
vn -0.015640 0.998749 0.047488
vn -0.049392 0.998417 0.026906
vn -0.071203 0.997360 0.014277
vn -0.062029 0.997066 0.044864
vn -0.050052 0.997981 0.039092
vn -0.021654 0.999738 0.007386
vn -0.026557 0.999609 0.008703
vn -0.000185 0.999943 0.010664
vn 0.006758 0.999975 -0.001914
vn -0.000397 0.999992 0.004102
vn 0.000555 0.999943 0.010657
vn 0.008157 0.999706 0.022845
vn 0.010663 0.998314 0.057064
vn 0.012702 0.998804 0.047211
vn -0.001802 0.999266 0.038280
vn 0.002223 0.999766 0.021497
vn 0.008047 0.999853 0.015110
vn 0.020622 0.999641 0.017083
vn 0.015307 0.999845 0.008728
vn 0.009285 0.999907 0.010014
vn 0.017143 0.999781 -0.012040
vn 0.016264 0.999859 0.004148
vn 0.020618 0.999787 -0.001292
vn 0.020350 0.999739 -0.010366
vn 0.038710 0.998553 -0.037321
vn 0.073622 0.994907 -0.068847
vn 0.091162 0.994412 -0.053237
vn 0.109655 0.991486 -0.070230
vn 0.108075 0.989012 -0.100876
vn 0.102892 0.987527 -0.119183
vn 0.098119 0.984410 -0.145980
vn 0.076362 0.983525 -0.163855
vn 0.025503 0.996241 -0.082791
vn -0.008072 0.995436 0.095091
vn 0.029831 0.998260 0.050860
vn 0.071679 0.997012 0.028796
vn 0.070637 0.997486 -0.005579
vn 0.010735 0.999419 -0.032339
vn -0.055042 0.997436 0.045739
vn 0.000357 0.999994 0.003438
vn 0.010751 0.999942 -0.000472
vn 0.008031 0.999948 0.006364
vn -0.010465 0.999884 0.011024
vn -0.016213 0.999864 0.003214
vn -0.008583 0.999944 0.006219
vn -0.007967 0.999895 0.012108
vn -0.008190 0.999447 0.032236
vn -0.000991 0.998431 0.055987
vn 0.002266 0.999014 0.044336
vn 0.006302 0.999462 0.032178
vn 0.002861 0.999658 0.026008
vn 0.008017 0.999705 0.022938
vn 0.005961 0.999705 0.023541
vn 0.007703 0.999970 -0.000083
vn -0.003678 0.999991 0.001935
vn -0.002684 0.999996 0.000786
vn 0.010288 0.999932 0.005594
vn 0.003646 0.999979 -0.005350
vn 0.001141 0.999988 -0.004731
vn 0.011385 0.999754 -0.019016
vn 0.026636 0.998443 -0.049013
vn 0.043485 0.998439 -0.035050
vn 0.051745 0.997639 -0.045163
vn 0.097117 0.991127 -0.090754
vn 0.121552 0.986859 -0.106467
vn 0.216890 0.973658 -0.070345
vn 0.284418 0.938484 -0.195842
vn 0.187279 0.966587 -0.175031
vn 0.068756 0.996463 0.048316
vn 0.021501 0.997062 0.073519
vn 0.042046 0.995672 0.082878
vn 0.100323 0.994953 -0.001988
vn 0.127077 0.988642 -0.080242
vn 0.068769 0.996412 -0.049336
vn -0.011382 0.999934 0.001863
vn -0.008780 0.999876 0.013064
vn -0.007191 0.999944 0.007785
vn 0.001219 0.999999 0.000728
vn 0.001738 0.999993 0.003469
vn -0.007044 0.999969 -0.003626
vn -0.013085 0.999862 0.010205
vn -0.006667 0.999836 0.016861
vn -0.001750 0.999717 0.023736
vn -0.018477 0.997993 0.060568
vn -0.003501 0.997958 0.063784
vn 0.018049 0.999296 0.032894
vn 0.021849 0.999278 0.031093
vn 0.023717 0.999501 0.020853
vn 0.013351 0.999875 0.008523
vn 0.004657 0.999989 0.000090
vn 0.006565 0.999978 -0.000542
vn 0.006652 0.999953 0.007016
vn -0.001284 0.999998 0.001299
vn -0.004191 0.999938 -0.010342
vn -0.007251 0.999956 -0.006030
vn -0.011670 0.999890 -0.009148
vn 0.009416 0.999689 -0.023084
vn 0.020629 0.999019 -0.039188
vn 0.008836 0.999153 -0.040192
vn 0.012538 0.998671 -0.049993
vn 0.093431 0.995525 -0.014167
vn 0.231268 0.970161 0.072826
vn 0.270426 0.939347 -0.210945
vn 0.197963 0.925343 -0.323344
vn 0.075772 0.996114 -0.044895
vn 0.023435 0.998633 0.046726
vn 0.001140 0.994975 0.100120
vn 0.025689 0.997177 0.070551
vn 0.104508 0.993666 -0.041298
vn -0.002095 0.999988 0.004427
vn 0.005735 0.999981 0.002095
vn -0.002089 0.999981 0.005885
vn -0.010460 0.999912 0.008160
vn -0.010852 0.999920 0.006491
vn -0.006999 0.999970 0.003252
vn -0.003452 0.999959 -0.008332
vn -0.007931 0.999963 0.003259
vn -0.019235 0.999624 0.019528
vn -0.019885 0.999452 0.026461
vn -0.018960 0.998694 0.047455
vn -0.017579 0.995988 0.087749
vn 0.001327 0.998808 0.048800
vn 0.010782 0.999440 0.031673
vn 0.011293 0.999779 0.017753
vn 0.009903 0.999950 0.001574
vn 0.005123 0.999984 -0.002392
vn 0.001548 0.999998 0.000839
vn -0.000016 1.000000 0.000217
vn -0.006200 0.999960 -0.006421
vn -0.008884 0.999947 -0.005232
vn -0.007684 0.999836 -0.016405
vn -0.012176 0.999908 -0.005909
vn -0.009360 0.999931 -0.007037
vn -0.001252 0.999425 -0.033884
vn 0.013200 0.998682 -0.049607
vn 0.001166 0.999162 -0.040917
vn 0.001784 0.998097 0.061645
vn -0.037416 0.993005 0.111988
vn -0.019237 0.979724 -0.199425
vn 0.006467 0.923197 -0.384272
vn 0.027017 0.994281 -0.103323
vn -0.003439 0.999659 0.025876
vn -0.027747 0.997364 0.067052
vn -0.059880 0.992544 0.106163
vn -0.013348 0.998997 0.042743
vn 0.003610 0.999990 0.002663
vn 0.002012 0.999976 0.006570
vn -0.011563 0.999933 -0.000289
vn -0.009404 0.999956 0.000081
vn -0.014929 0.999888 0.000945
vn -0.017673 0.999790 0.010426
vn -0.013834 0.999896 0.004194
vn -0.015067 0.999880 -0.003640
vn -0.006437 0.999977 0.002175
vn -0.003006 0.999933 0.011148
vn -0.005675 0.999639 0.026253
vn -0.010441 0.999035 0.042672
vn -0.022107 0.995685 0.090129
vn -0.020893 0.997810 0.062751
vn -0.007122 0.999185 0.039735
vn 0.004806 0.999649 0.026054
vn 0.013879 0.999903 -0.000799
vn 0.007072 0.999906 -0.011769
vn -0.003803 0.999972 -0.006528
vn -0.013008 0.999915 -0.001074
vn -0.020383 0.999673 -0.015437
vn -0.020245 0.999794 -0.001400
vn -0.012821 0.999867 -0.010093
vn -0.006599 0.999949 -0.007610
vn -0.009608 0.999925 -0.007615
vn -0.004582 0.999820 -0.018393
vn -0.001297 0.998707 -0.050818
vn -0.013037 0.998509 -0.053009
vn -0.055604 0.998434 -0.006126
vn -0.159853 0.986502 0.035522
vn -0.191927 0.971822 -0.136846
vn -0.072659 0.947684 -0.310831
vn -0.013389 0.994055 -0.108051
vn -0.006794 0.999740 0.021761
vn -0.010638 0.999439 0.031774
vn -0.057260 0.995689 0.072966
vn -0.014364 0.999894 0.002506
vn -0.012463 0.999777 0.017068
vn -0.007862 0.999920 -0.009944
vn 0.000289 1.000000 -0.000049
vn -0.007408 0.999971 0.001897
vn 0.000971 0.999997 -0.002353
vn 0.004079 0.999891 0.014184
vn -0.014181 0.999858 -0.009088
vn -0.006341 0.999940 0.008992
vn -0.002697 0.999996 0.001305
vn -0.010734 0.999839 0.014359
vn -0.007854 0.999530 0.029640
vn -0.005134 0.999560 0.029211
vn -0.016538 0.996842 0.077664
vn -0.021387 0.997310 0.070112
vn -0.024156 0.998527 0.048577
vn -0.010426 0.999104 0.041023
vn -0.005164 0.999980 -0.003655
vn -0.016594 0.999689 -0.018598
vn -0.013112 0.999863 -0.010093
vn -0.019820 0.999710 -0.013654
vn -0.015586 0.999788 -0.013442
vn -0.013372 0.999907 0.002488
vn -0.014661 0.999878 -0.005441
vn -0.015578 0.999827 -0.010174
vn -0.015706 0.999863 -0.005255
vn -0.020069 0.999586 -0.020619
vn -0.024062 0.998392 -0.051324
vn -0.013780 0.998054 -0.060808
vn -0.016050 0.999059 -0.040303
vn -0.046824 0.996834 -0.064257
vn -0.111007 0.985872 -0.125437
vn -0.048933 0.980354 -0.191082
vn 0.018222 0.995694 -0.090896
vn 0.022359 0.999514 0.021703
vn 0.027203 0.999234 0.028120
vn 0.014230 0.999887 -0.004941
vn 0.006893 0.999968 -0.003971
vn -0.011488 0.999919 0.005490
vn -0.016799 0.999783 0.012347
vn -0.006527 0.999958 -0.006363
vn -0.009861 0.999942 -0.004313
vn -0.007653 0.999853 0.015329
vn -0.011295 0.999936 -0.000367
vn -0.002504 0.999994 -0.002468
vn 0.004079 0.999859 0.016284
vn 0.000875 0.999982 -0.006016
vn -0.004512 0.999974 0.005677
vn -0.017279 0.999569 0.023731
vn -0.028236 0.999220 0.027596
vn -0.023511 0.996579 0.079226
vn -0.025543 0.997694 0.062885
vn -0.030433 0.998629 0.042592
vn -0.047076 0.997874 0.045078
vn -0.043313 0.999058 0.002623
vn -0.028534 0.999386 -0.020333
vn -0.033144 0.999389 -0.011060
vn -0.018500 0.999794 -0.008325
vn -0.018763 0.999741 -0.012913
vn -0.031850 0.999472 -0.006499
vn -0.030067 0.999541 -0.003761
vn -0.025605 0.999668 -0.003010
vn -0.021493 0.999676 -0.013674
vn -0.033097 0.999077 -0.027368
vn -0.020414 0.999194 -0.034567
vn -0.000152 0.998902 -0.046852
vn -0.011197 0.998207 -0.058796
vn -0.005835 0.997007 -0.077087
vn 0.024634 0.991426 -0.128328
vn 0.050128 0.992571 -0.110859
vn 0.067714 0.993471 -0.091812
vn 0.059309 0.997998 0.021949
vn 0.001462 0.999999 0.000186
vn 0.002544 0.999997 0.000292
vn 0.003191 0.999876 -0.015440
vn -0.012126 0.999699 -0.021335
vn -0.023006 0.999607 0.016027
vn -0.023909 0.999704 0.004417
vn -0.013071 0.999912 -0.002267
vn -0.016970 0.999813 0.009258
vn -0.020595 0.999772 -0.005673
vn -0.021457 0.999713 0.010680
vn -0.013771 0.999765 0.016742
vn -0.009350 0.999955 -0.001733
vn -0.005469 0.999984 0.001386
vn -0.007610 0.999891 0.012670
vn -0.002110 0.999271 0.038123
vn -0.014209 0.998360 0.055463
vn -0.040433 0.997263 0.061909
vn -0.035710 0.998486 0.041835
vn -0.031287 0.999008 0.031677
vn -0.042902 0.999019 0.011017
vn -0.037834 0.999074 -0.020486
vn -0.061392 0.997902 -0.020558
vn -0.063351 0.997840 0.017406
vn -0.043485 0.998851 -0.020127
vn -0.028839 0.999584 0.000699
vn -0.022584 0.999729 -0.005569
vn -0.030969 0.999519 -0.001586
vn -0.035149 0.999245 -0.016559
vn -0.035070 0.998922 -0.030418
vn -0.034648 0.999188 -0.020563
vn -0.028076 0.998735 -0.041713
vn -0.010780 0.998429 -0.054986
vn -0.005055 0.997944 -0.063889
vn -0.000105 0.994590 -0.103877
vn 0.020331 0.995556 -0.091950
vn 0.057061 0.995793 -0.071690
vn 0.003105 0.999985 0.004589
vn 0.003238 0.999981 -0.005331
vn 0.008830 0.999958 0.002462
vn 0.001472 0.999795 -0.020194
vn 0.012315 0.999717 -0.020334
vn 0.006137 0.999981 -0.000332
vn -0.011726 0.999930 0.001816
vn -0.016763 0.999858 0.001897
vn -0.012878 0.999899 0.005977
vn -0.009169 0.999958 -0.000095
vn -0.007093 0.999914 0.011029
vn -0.004488 0.999749 0.021928
vn -0.001960 0.999998 0.000117
vn 0.005001 0.999954 0.008146
vn 0.010588 0.999882 0.011094
vn -0.001573 0.999384 0.035067
vn -0.007400 0.999243 0.038189
vn -0.016355 0.998773 0.046755
vn -0.026203 0.998415 0.049816
vn -0.031435 0.999174 0.025736
vn -0.038084 0.999261 0.005124
vn -0.026396 0.999594 -0.010760
vn -0.040531 0.996672 -0.070730
vn -0.098889 0.995053 0.009459
vn -0.088216 0.995911 0.019473
vn -0.046470 0.998709 0.020523
vn -0.038164 0.999240 -0.007956
vn -0.033601 0.999404 -0.007901
vn -0.034736 0.999285 -0.014908
vn -0.021960 0.999488 -0.023258
vn -0.031821 0.998946 -0.033072
vn -0.037893 0.998927 -0.026622
vn -0.030396 0.998441 -0.046818
vn -0.037841 0.996796 -0.070466
vn -0.026101 0.996223 -0.082818
vn 0.015160 0.998213 -0.057810
vn 0.004783 0.999987 -0.001931
vn 0.007868 0.999969 -0.000297
vn -0.001807 0.999998 -0.000508
vn -0.005025 0.999987 -0.000833
vn -0.015465 0.999876 -0.002829
vn -0.008617 0.999862 -0.014216
vn 0.002198 0.999961 -0.008523
vn -0.002579 0.999806 -0.019506
vn -0.013821 0.999810 -0.013739
vn -0.014635 0.999855 0.008731
vn -0.007960 0.999932 0.008510
vn -0.014607 0.999891 -0.002074
vn -0.010083 0.999849 0.014122
vn -0.011368 0.999703 0.021545
vn -0.009218 0.999904 0.010322
vn -0.002145 0.999944 0.010324
vn -0.005928 0.999879 0.014371
vn 0.001027 0.999797 0.020108
vn -0.008582 0.999266 0.037335
vn -0.014767 0.999287 0.034741
vn -0.025764 0.998923 0.038585
vn -0.043159 0.999008 0.010980
vn -0.038997 0.999010 0.021423
vn -0.035174 0.999352 -0.007711
vn -0.036944 0.994909 -0.093761
vn -0.050109 0.998190 -0.033266
vn -0.080196 0.996062 0.037801
vn -0.070305 0.996379 0.047815
vn -0.043180 0.999050 0.005887
vn -0.027274 0.999625 -0.002291
vn -0.020333 0.999767 -0.007261
vn -0.025929 0.999303 -0.026841
vn -0.033254 0.998511 -0.043249
vn -0.035790 0.998941 -0.028930
vn -0.048895 0.997432 -0.052330
vn -0.037156 0.997268 -0.063843
vn -0.019151 0.998417 -0.052891
vn -0.002090 0.999780 0.020862
vn -0.010753 0.999774 0.018333
vn -0.002724 0.999990 0.003481
vn 0.001115 0.999986 0.005180
vn 0.005304 0.999985 0.001440
vn 0.000474 0.999930 -0.011806
vn 0.001311 0.999981 -0.006091
vn -0.006375 0.999908 -0.012005
vn -0.021746 0.999711 -0.010226
vn -0.035047 0.999339 -0.009690
vn -0.018611 0.999666 -0.017923
vn -0.002454 0.999972 -0.007029
vn 0.004344 0.999926 0.011380
vn -0.009254 0.999956 -0.001574
vn -0.017844 0.999833 -0.004004
vn -0.010534 0.999660 0.023842
vn -0.013476 0.999816 0.013637
vn -0.018606 0.999771 0.010622
vn -0.020517 0.999698 0.013530
vn -0.013696 0.999807 0.014123
vn -0.017764 0.999569 0.023369
vn -0.010075 0.999378 0.033784
vn -0.008536 0.999362 0.034669
vn -0.003487 0.999586 0.028573
vn -0.009706 0.999950 0.002328
vn -0.031642 0.999440 0.010873
vn -0.059035 0.998082 -0.018619
vn -0.050640 0.995512 -0.079953
vn -0.033200 0.998416 -0.045424
vn -0.035335 0.999111 0.023005
vn -0.060138 0.997031 0.048092
vn -0.044543 0.998041 0.043936
vn -0.019701 0.999788 0.006028
vn -0.021532 0.999673 -0.013785
vn -0.026837 0.998987 -0.036111
vn -0.027933 0.998891 -0.037904
vn -0.039491 0.998326 -0.042267
vn -0.037366 0.998028 -0.050442
vn -0.034420 0.998266 -0.047751
vn 0.009164 0.999908 -0.009988
vn 0.004893 0.999913 -0.012247
vn -0.007089 0.999912 0.011259
vn -0.010949 0.999824 0.015242
vn 0.006249 0.999760 0.021005
vn 0.006473 0.999861 0.015364
vn 0.000799 0.999973 0.007301
vn -0.003073 0.999995 -0.001090
vn -0.010557 0.999928 0.005620
vn 0.001539 0.999959 -0.008883
vn 0.010992 0.999939 -0.000878
vn 0.011297 0.999665 -0.023273
vn -0.001583 0.999411 -0.034275
vn -0.019737 0.999727 -0.012532
vn -0.022538 0.999658 0.013254
vn 0.000821 1.000000 0.000232
vn -0.004033 0.999990 -0.001987
vn -0.005001 0.999984 -0.002722
vn 0.008591 0.999953 0.004575
vn 0.007611 0.999779 0.019572
vn 0.000073 0.999987 0.005147
vn -0.002427 0.999904 0.013645
vn 0.003979 0.999906 0.013116
vn -0.005228 0.999919 0.011647
vn -0.010328 0.999742 0.020237
vn -0.021780 0.999282 0.031000
vn -0.011787 0.998917 0.045009
vn -0.003132 0.999486 0.031897
vn -0.002676 0.999977 -0.006160
vn -0.014138 0.999728 -0.018559
vn -0.040849 0.998437 -0.038147
vn -0.038161 0.997751 -0.055113
vn -0.019436 0.999317 -0.031415
vn -0.021613 0.999690 0.012327
vn -0.021531 0.999236 0.032611
vn -0.037531 0.997582 0.058499
vn -0.033350 0.999358 0.013088
vn -0.031011 0.999421 -0.014030
vn -0.033914 0.998821 -0.034723
vn -0.043993 0.997087 -0.062302
vn -0.053317 0.997623 -0.043658
vn -0.045800 0.998154 -0.039900
vn -0.004237 0.999979 0.004827
vn 0.001657 0.999985 -0.005226
vn 0.000602 0.999970 -0.007679
vn 0.001148 0.999997 -0.002083
vn 0.010652 0.999841 -0.014322
vn 0.003830 0.999967 -0.007191
vn -0.001655 0.999697 0.024572
vn 0.002634 0.999417 0.034045
vn 0.011980 0.999854 0.012212
vn 0.006686 0.999976 0.001569
vn 0.013500 0.999885 0.006926
vn 0.018777 0.999806 -0.005983
vn 0.008096 0.999934 0.008203
vn 0.006608 0.999957 -0.006481
vn 0.003268 0.999721 -0.023401
vn 0.006481 0.999173 -0.040148
vn 0.007441 0.999599 -0.027339
vn -0.018242 0.999814 -0.006199
vn -0.040091 0.999124 0.011978
vn -0.030803 0.999495 0.007822
vn -0.004259 0.999918 0.012120
vn -0.000019 0.999994 -0.003457
vn -0.006794 0.999694 0.023770
vn 0.000016 0.999995 0.003273
vn -0.001342 0.999865 0.016408
vn -0.000277 0.999909 0.013487
vn -0.000101 0.999993 0.003804
vn -0.009647 0.999909 0.009392
vn -0.019779 0.999379 0.029171
vn -0.018787 0.998342 0.054402
vn -0.020949 0.999274 0.031836
vn -0.019932 0.999785 -0.005749
vn -0.008872 0.999706 -0.022563
vn -0.000465 0.999124 -0.041842
vn 0.005391 0.998782 -0.049045
vn -0.000050 0.999432 -0.033705
vn -0.012823 0.999917 0.001375
vn -0.019289 0.999047 0.039147
vn -0.030781 0.999103 0.029084
vn -0.051774 0.998474 0.019195
vn -0.049226 0.998703 -0.012990
vn -0.041903 0.998444 -0.036796
vn -0.037489 0.997460 -0.060561
vn -0.024974 0.998923 -0.039114
vn 0.000823 0.999987 -0.005057
vn 0.014151 0.999612 -0.024001
vn 0.006306 0.999979 0.001560
vn 0.011193 0.999917 0.006444
vn 0.046738 0.998902 0.003378
vn 0.046434 0.998836 -0.013054
vn 0.016702 0.999681 -0.018955
vn 0.012013 0.999914 -0.005240
vn 0.012216 0.999749 0.018795
vn -0.004773 0.999556 0.029423
vn -0.010187 0.999795 0.017507
vn 0.006932 0.999931 0.009485
vn 0.010727 0.999904 0.008804
vn 0.006278 0.999941 -0.008852
vn 0.003345 0.999989 -0.003388
vn -0.007270 0.999891 -0.012820
vn -0.014142 0.999635 -0.023031
vn -0.009483 0.999426 -0.032526
vn -0.001204 0.999670 -0.025663
vn 0.009101 0.999732 -0.021300
vn 0.001008 0.999980 -0.006239
vn -0.015842 0.999799 0.012274
vn -0.021094 0.999288 0.031277
vn 0.003441 0.999898 0.013835
vn 0.020898 0.999623 0.017782
vn 0.011261 0.999936 -0.001465
vn 0.004387 0.999936 0.010423
vn -0.006677 0.999886 0.013583
vn -0.008759 0.999962 0.000034
vn -0.015608 0.999872 -0.003589
vn -0.025736 0.999447 0.021042
vn -0.042111 0.998048 0.046116
vn -0.046678 0.998344 0.033616
vn -0.031933 0.999443 0.009715
vn -0.016872 0.999811 -0.009715
vn -0.003342 0.999402 -0.034421
vn 0.006354 0.999181 -0.039975
vn 0.008718 0.998933 -0.045342
vn -0.001264 0.999932 -0.011631
vn -0.022732 0.999411 0.025728
vn -0.038449 0.999187 0.012147
vn -0.047084 0.998852 0.008850
vn -0.048397 0.998816 -0.004899
vn -0.038936 0.998852 -0.027913
vn -0.030325 0.998151 -0.052672
vn 0.015139 0.999515 -0.027210
vn 0.009851 0.999576 -0.027413
vn -0.003965 0.999942 -0.010047
vn -0.018081 0.999622 -0.020718
vn -0.017742 0.999831 -0.004914
vn 0.002483 0.998910 0.046615
vn 0.039108 0.998509 0.038080
vn 0.055011 0.998075 -0.028625
vn 0.042416 0.997819 -0.050579
vn 0.011948 0.999779 -0.017323
vn -0.011635 0.999913 0.006144
vn -0.015396 0.999726 0.017616
vn -0.013600 0.999617 0.024122
vn -0.015707 0.999711 0.018190
vn -0.015584 0.999854 0.006970
vn -0.004486 0.999990 -0.000294
vn -0.000023 0.999958 -0.009132
vn -0.002798 0.999719 -0.023552
vn -0.014097 0.999455 -0.029852
vn -0.018676 0.999459 -0.027070
vn -0.014203 0.999738 -0.017949
vn -0.008375 0.999911 -0.010368
vn 0.002504 0.999974 -0.006834
vn 0.015416 0.999871 0.004566
vn 0.006830 0.999697 0.023645
vn -0.002991 0.999551 0.029832
vn -0.005073 0.999755 0.021561
vn 0.005591 0.999969 0.005499
vn 0.014944 0.999888 0.000128
vn 0.005571 0.999981 0.002572
vn 0.001102 0.999996 0.002702
vn 0.006887 0.999950 -0.007209
vn -0.005792 0.999983 0.000644
vn -0.019998 0.999165 0.035626
vn -0.030327 0.999091 0.029949
vn -0.036919 0.998992 0.025549
vn -0.022732 0.999742 -0.000439
vn -0.014027 0.999699 -0.020117
vn -0.006590 0.999372 -0.034823
vn 0.004773 0.999213 -0.039388
vn 0.007086 0.999689 -0.023898
vn -0.010075 0.999941 -0.004044
vn -0.019326 0.999709 0.014431
vn -0.022095 0.999755 -0.001419
vn -0.028490 0.999593 -0.001173
vn -0.028487 0.999355 -0.021865
vn -0.008117 0.999900 -0.011562
vn 0.001044 0.999917 -0.012878
vn 0.029175 0.999557 -0.005818
vn 0.063359 0.997485 -0.031773
vn 0.029500 0.998639 -0.043002
vn -0.013298 0.999167 -0.038586
vn -0.032130 0.999478 -0.003342
vn -0.039429 0.997393 0.060445
vn -0.038280 0.997807 0.054007
vn -0.024858 0.999557 -0.016391
vn -0.009245 0.998558 -0.052891
vn -0.001611 0.999417 -0.034119
vn 0.006123 0.999979 0.002090
vn 0.003849 0.999879 0.015059
vn -0.005232 0.999694 0.024173
vn -0.008661 0.999909 0.010386
vn -0.007091 0.999899 0.012326
vn -0.012533 0.999921 0.000964
vn -0.019043 0.999784 -0.008310
vn -0.011596 0.999760 -0.018576
vn 0.001723 0.999332 -0.036515
vn 0.001933 0.999699 -0.024440
vn -0.007560 0.999577 -0.028071
vn -0.012515 0.999909 0.004959
vn 0.008901 0.999934 0.007262
vn 0.007651 0.999957 0.005318
vn 0.006257 0.999773 0.020353
vn 0.012024 0.999617 0.024948
vn 0.009002 0.999915 0.009442
vn -0.009782 0.999870 0.012860
vn -0.009766 0.999927 0.007159
vn -0.001330 0.999999 -0.000872
vn -0.000810 0.999999 0.001202
vn -0.003956 0.999953 -0.008891
vn 0.003885 0.999988 -0.002839
vn -0.004495 0.999796 0.019706
vn -0.027053 0.999535 0.014078
vn -0.040211 0.998899 0.024177
vn -0.045701 0.998900 0.010542
vn -0.031216 0.999428 -0.013032
vn -0.020759 0.999463 -0.025370
vn -0.016565 0.999335 -0.032479
vn -0.015523 0.999476 -0.028402
vn -0.008087 0.999947 -0.006403
vn -0.019249 0.999815 -0.000726
vn -0.035063 0.999374 -0.004730
vn 0.009570 0.999676 -0.023581
vn 0.006206 0.999880 -0.014205
vn 0.006370 0.999953 0.007263
vn 0.032621 0.998704 0.039071
vn 0.025284 0.998749 -0.043148
vn 0.008485 0.996055 -0.088336
vn -0.025082 0.996902 -0.074554
vn -0.058112 0.998054 -0.022595
vn -0.077071 0.995669 0.052002
vn -0.071134 0.995114 0.068476
vn -0.049467 0.998775 0.000685
vn -0.040709 0.998100 -0.046250
vn -0.036630 0.999098 -0.021468
vn -0.011114 0.999693 0.022130
vn 0.000977 0.999983 0.005798
vn -0.005542 0.999919 0.011448
vn -0.011310 0.999827 0.014793
vn -0.018076 0.999775 0.011138
vn -0.026360 0.999568 -0.013018
vn -0.022516 0.999722 -0.006998
vn -0.017340 0.999828 -0.006529
vn -0.015405 0.999505 -0.027435
vn -0.013632 0.999540 -0.027109
vn -0.000193 0.999627 -0.027314
vn 0.003289 0.999991 0.002763
vn -0.018181 0.999801 0.008205
vn -0.009087 0.999899 0.010899
vn 0.001917 0.999759 0.021880
vn 0.008982 0.999387 0.033842
vn 0.011495 0.999921 0.005037
vn 0.007434 0.999955 -0.005958
vn -0.011697 0.999932 -0.000077
vn -0.026392 0.999652 -0.000170
vn -0.022253 0.999663 0.013373
vn -0.004334 0.999990 -0.000524
vn 0.004255 0.999991 0.000191
vn -0.005803 0.999983 0.000215
vn -0.017283 0.999851 0.000383
vn -0.029182 0.999569 0.003319
vn -0.043881 0.998913 0.015744
vn -0.042445 0.999098 0.001094
vn -0.036085 0.999145 -0.020182
vn -0.024760 0.999392 -0.024540
vn -0.011921 0.999680 -0.022309
vn -0.011038 0.999924 -0.005468
vn -0.009512 0.999823 -0.016227
vn -0.018899 0.999821 -0.000982
vn -0.006022 0.999929 -0.010264
vn 0.006803 0.999837 -0.016730
vn 0.005573 0.999929 0.010566
vn -0.019501 0.999510 0.024489
vn -0.030811 0.998496 -0.045341
vn -0.037444 0.993625 -0.106335
vn -0.050527 0.993517 -0.101839
vn -0.064507 0.996863 -0.045851
vn -0.065642 0.996472 0.052293
vn -0.061197 0.994966 0.079354
vn -0.051966 0.998446 0.020116
vn -0.035128 0.998486 -0.042325
vn -0.028654 0.999508 -0.012781
vn -0.020614 0.998635 0.048000
vn -0.003425 0.999932 0.011193
vn -0.002513 0.999951 0.009580
vn -0.011658 0.999932 -0.000396
vn -0.024804 0.999689 -0.002716
vn -0.024855 0.999687 -0.002732
vn -0.017477 0.999847 -0.000293
vn -0.016365 0.999847 -0.006195
vn -0.016079 0.999310 -0.033493
vn -0.015919 0.999682 -0.019540
vn -0.012614 0.999887 -0.008130
vn 0.003865 0.999965 -0.007474
vn 0.006621 0.999951 0.007371
vn 0.012559 0.999694 0.021303
vn 0.013039 0.999547 0.027112
vn 0.005226 0.999462 0.032384
vn 0.003622 0.999981 0.004931
vn 0.006984 0.999925 -0.010092
vn 0.009621 0.999896 -0.010713
vn 0.007173 0.999953 -0.006493
vn -0.006065 0.999979 0.002426
vn -0.022198 0.999644 0.014821
vn -0.021605 0.999763 -0.002886
vn -0.017328 0.999835 -0.005478
vn -0.014585 0.999893 -0.001216
vn -0.016852 0.999852 -0.003586
vn -0.027886 0.999596 -0.005438
vn -0.059018 0.998189 -0.011635
vn -0.057045 0.998371 -0.001095
vn -0.038409 0.999217 -0.009544
vn -0.029810 0.999406 -0.017308
vn -0.027468 0.999620 -0.002275
vn -0.019502 0.999801 0.004220
vn 0.024268 0.999264 0.029724
vn 0.059003 0.998257 0.000804
vn 0.034502 0.998937 -0.030565
vn -0.016979 0.999506 -0.026465
vn -0.075795 0.997016 -0.014630
vn -0.110278 0.992487 -0.052998
vn -0.098072 0.990237 -0.099057
vn -0.062589 0.994080 -0.088808
vn -0.014877 0.999633 -0.022645
vn 0.025869 0.997645 0.063520
vn 0.016955 0.997393 0.070140
vn 0.005487 0.999594 0.027939
vn 0.014993 0.999624 -0.022957
vn 0.028183 0.999517 -0.013130
vn 0.009228 0.999214 0.038544
vn -0.004211 0.999832 0.017855
vn -0.007156 0.999973 0.001596
vn -0.005420 0.999985 -0.000211
vn 0.004305 0.999989 -0.002126
vn -0.002201 0.999951 -0.009617
vn -0.013193 0.999912 -0.001712
vn -0.019778 0.999776 -0.007596
vn -0.013788 0.999643 -0.022886
vn -0.007901 0.999626 -0.026194
vn -0.007663 0.999971 -0.000015
vn -0.005466 0.999985 0.001125
vn 0.010092 0.999760 0.019456
vn 0.012566 0.999763 0.017782
vn 0.002560 0.999844 0.017455
vn 0.001680 0.999470 0.032511
vn 0.004075 0.999972 0.006299
vn 0.006297 0.999979 -0.001730
vn 0.007556 0.999888 -0.012912
vn 0.005742 0.999964 -0.006316
vn 0.010158 0.999917 -0.007974
vn 0.002858 0.999990 -0.003423
vn -0.017837 0.999809 -0.007969
vn -0.014798 0.999829 0.011132
vn -0.005331 0.999962 -0.006888
vn -0.018763 0.999754 -0.011815
vn -0.046667 0.998215 -0.037264
vn -0.075813 0.996638 -0.031060
vn -0.088590 0.996052 0.005732
vn -0.082736 0.996570 0.001730
vn -0.085136 0.996186 -0.019111
vn -0.027178 0.999629 -0.001911
vn -0.022707 0.999433 0.024848
vn 0.019769 0.994979 0.098115
vn 0.051261 0.998685 0.000025
vn 0.024112 0.995901 -0.087181
vn -0.057145 0.992526 -0.107823
vn -0.143953 0.986770 -0.074577
vn -0.151101 0.987552 -0.043705
vn -0.096900 0.994191 -0.046848
vn -0.021047 0.999413 -0.027022
vn 0.055161 0.997580 0.042332
vn 0.078601 0.994790 0.064917
vn 0.058682 0.997153 0.047359
vn 0.038631 0.999076 0.018850
vn 0.034398 0.999311 -0.013912
vn 0.031425 0.999387 -0.015408
vn 0.024112 0.999598 0.014929
vn 0.007598 0.999901 0.011859
vn 0.006093 0.999975 0.003636
vn 0.010418 0.999936 0.004383
vn 0.000005 0.999976 -0.006929
vn -0.002367 0.999913 -0.013013
vn -0.002550 0.999942 -0.010433
vn 0.002886 0.999976 -0.006282
vn -0.006295 0.999654 -0.025537
vn -0.005021 0.999886 -0.014246
vn 0.009251 0.999956 0.001800
vn 0.003194 0.999993 0.001986
vn 0.005841 0.999490 0.031409
vn 0.014278 0.999750 0.017204
vn 0.022927 0.999596 0.016799
vn 0.011517 0.999692 0.022004
vn 0.005016 0.999872 0.015223
vn 0.007676 0.999941 -0.007638
vn -0.001189 0.999879 -0.015539
vn 0.000155 0.999989 -0.004665
vn 0.000813 0.999996 -0.002657
vn 0.004222 0.999922 -0.011725
vn 0.013107 0.999826 -0.013260
vn -0.000072 0.999990 0.004428
vn -0.029035 0.999409 -0.018383
vn -0.079326 0.995269 -0.056094
vn -0.114245 0.991613 -0.060430
vn -0.096063 0.994710 -0.036396
vn -0.109147 0.993904 -0.015542
vn -0.158933 0.987227 -0.011138
vn -0.027817 0.999573 -0.008968
vn -0.048335 0.998573 0.022723
vn -0.075730 0.990958 0.110758
vn -0.070065 0.997332 0.020486
vn -0.059386 0.990388 -0.124918
vn -0.083397 0.980272 -0.179200
vn -0.083012 0.992111 -0.093944
vn -0.061950 0.998041 -0.008699
vn -0.019659 0.999579 0.021366
vn 0.049736 0.997278 0.054427
vn 0.081371 0.994274 0.069266
vn 0.064232 0.996904 0.045344
vn 0.041649 0.998832 0.024512
vn 0.028422 0.999559 0.008571
vn 0.028992 0.999544 -0.008508
vn 0.039746 0.999006 -0.020183
vn 0.023568 0.999722 0.000287
vn 0.010958 0.999940 0.000747
vn 0.009636 0.999930 0.006863
vn 0.004426 0.999990 -0.000258
vn 0.003246 0.999894 -0.014206
vn 0.003905 0.999915 -0.012479
vn 0.003977 0.999990 -0.001974
vn -0.002493 0.999949 -0.009814
vn -0.001527 0.999475 -0.032381
vn 0.002574 0.999986 -0.004604
vn 0.004646 0.999982 0.003779
vn 0.008018 0.999966 -0.001731
vn -0.002179 0.999523 0.030799
vn -0.001006 0.999616 0.027690
vn 0.001532 0.999795 0.020195
vn 0.004702 0.999945 0.009386
vn -0.001802 0.999892 0.014599
vn 0.000453 0.999976 -0.006859
vn 0.010621 0.999847 -0.013937
vn 0.012121 0.999911 -0.005637
vn 0.006613 0.999957 -0.006515
vn 0.002456 0.999972 -0.007012
vn 0.001322 0.999994 -0.003253
vn 0.004465 0.999831 -0.017829
vn -0.027915 0.997013 -0.072015
vn -0.069720 0.992475 -0.100655
vn -0.033123 0.999361 -0.013428
vn 0.058786 0.998063 0.020344
vn 0.096323 0.993694 -0.057395
vn -0.045040 0.998332 -0.036117
vn -0.088196 0.994679 -0.053242
vn -0.119488 0.992836 0.000348
vn -0.156839 0.985052 0.071232
vn -0.183730 0.982317 0.036010
vn -0.158585 0.981141 -0.110516
vn -0.095444 0.985202 -0.142366
vn -0.020432 0.998245 -0.055591
vn 0.009727 0.999896 0.010623
vn 0.025321 0.997933 0.059060
vn 0.031736 0.995838 0.085432
vn 0.025679 0.997838 0.060490
vn 0.018474 0.999354 0.030845
vn 0.017724 0.999749 0.013682
vn 0.011273 0.999936 0.000236
vn 0.008725 0.999962 -0.000731
vn 0.012901 0.999811 -0.014557
vn 0.020970 0.999703 -0.012404
vn 0.011550 0.999899 -0.008241
vn -0.004523 0.999990 -0.000742
vn -0.013270 0.999878 -0.008203
vn -0.012523 0.999909 -0.005014
vn -0.000590 0.999976 -0.006904
vn 0.004882 0.999921 -0.011617
vn -0.003904 0.999892 -0.014191
vn -0.002268 0.999635 -0.026940
vn 0.002695 0.999996 0.000794
vn 0.002419 0.999990 0.003889
vn 0.008584 0.999960 0.002689
vn 0.019296 0.999506 0.024804
vn 0.002695 0.999775 0.021024
vn -0.003255 0.999857 0.016593
vn -0.005267 0.999857 0.016081
vn -0.006179 0.999958 0.006724
vn -0.010540 0.999935 0.004408
vn -0.004982 0.999913 -0.012189
vn -0.014091 0.999854 -0.009647
vn -0.011129 0.999908 -0.007812
vn -0.001804 0.999989 -0.004257
vn -0.002770 0.999953 -0.009254
vn -0.007520 0.999867 -0.014482
vn 0.015490 0.996702 -0.079657
vn 0.067217 0.994826 -0.076181
vn 0.144166 0.986621 0.076119
vn 0.190558 0.978781 0.075340
vn -0.022112 0.998500 -0.050085
vn -0.064430 0.995188 -0.073819
vn -0.078325 0.994463 -0.070058
vn -0.103524 0.994263 -0.026903
vn -0.143718 0.989337 0.023608
vn -0.171634 0.984798 0.026751
vn -0.136455 0.989727 -0.042668
vn -0.047725 0.997396 -0.054067
vn 0.013899 0.999873 -0.007760
vn 0.043213 0.998702 0.026951
vn 0.043403 0.997467 0.056363
vn 0.016993 0.997579 0.067443
vn -0.001458 0.998569 0.053453
vn 0.000360 0.999380 0.035204
vn 0.005548 0.999859 0.015833
vn 0.012186 0.999926 0.000035
vn 0.011788 0.999899 -0.007905
vn 0.008419 0.999947 -0.005979
vn 0.009457 0.999905 -0.010054
vn 0.016646 0.999761 -0.014192
vn 0.016789 0.999810 -0.009938
vn 0.009323 0.999852 -0.014458
vn 0.001269 0.999974 -0.007049
vn -0.001900 0.999994 0.002789
vn -0.000459 0.999929 -0.011903
vn 0.006757 0.999887 -0.013457
vn 0.007004 0.999752 -0.021153
vn 0.012352 0.999921 0.002387
vn 0.017845 0.999829 0.004886
vn 0.021694 0.999696 0.011729
vn 0.000683 0.999953 0.009637
vn -0.005056 0.999882 0.014485
vn -0.008588 0.999812 0.017375
vn -0.012070 0.999884 0.009264
vn -0.014934 0.999881 -0.003893
vn -0.018584 0.999791 0.008542
vn -0.011592 0.999908 -0.007104
vn -0.004413 0.999876 -0.015092
vn -0.003783 0.999972 0.006517
vn 0.003261 0.999993 0.001889
vn -0.000907 0.999710 -0.024046
vn 0.003543 0.999992 0.001568
vn 0.032029 0.998838 -0.036019
vn 0.082235 0.996584 -0.007525
vn 0.101166 0.987802 0.118377
vn 0.053475 0.997785 -0.039575
vn 0.091714 0.992259 -0.083725
vn 0.077909 0.992233 -0.096979
vn 0.020958 0.995948 -0.087453
vn -0.051967 0.998418 -0.021486
vn -0.065679 0.997307 0.032618
vn -0.036742 0.999106 0.020918
vn 0.019885 0.999680 0.015604
vn 0.075814 0.996491 0.035476
vn 0.099679 0.994414 0.034701
vn 0.071277 0.997141 0.025073
vn 0.030732 0.998906 0.035238
vn 0.009169 0.998904 0.045897
vn 0.004672 0.999288 0.037446
vn -0.002064 0.999932 0.011523
vn -0.006412 0.999939 0.009030
vn 0.002363 0.999986 -0.004685
vn 0.007611 0.999939 -0.007968
vn 0.006812 0.999865 -0.014975
vn 0.006542 0.999976 -0.002497
vn 0.010045 0.999881 -0.011733
vn 0.011439 0.999786 -0.017216
vn 0.018721 0.999789 -0.008484
vn 0.011166 0.999926 -0.004763
vn 0.007793 0.999937 -0.008057
vn 0.004131 0.999890 -0.014255
vn 0.009982 0.999851 -0.014105
vn 0.019978 0.999768 0.008060
vn 0.020461 0.999748 0.009194
vn 0.011220 0.999935 -0.002091
vn 0.001496 0.999994 -0.003255
vn -0.006688 0.999933 0.009479
vn -0.013954 0.999846 0.010683
vn -0.021432 0.999757 0.005167
vn -0.020693 0.999774 0.004831
vn -0.011108 0.999924 0.005373
vn -0.013133 0.999912 0.002016
vn -0.006220 0.999922 -0.010820
vn -0.003572 0.999974 0.006253
vn -0.009071 0.999952 -0.003846
vn -0.003327 0.999911 -0.012927
vn 0.004992 0.999983 0.002929
vn 0.002834 0.999959 -0.008641
vn 0.006661 0.999973 -0.003041
vn 0.040378 0.999084 0.014136
vn 0.105035 0.993720 -0.038568
vn 0.141378 0.983257 -0.114972
vn 0.112291 0.980022 -0.164156
vn 0.046229 0.996360 -0.071621
vn 0.009130 0.999579 0.027546
vn 0.008706 0.998424 0.055448
vn 0.052583 0.995541 0.078317
vn 0.104961 0.991376 0.078466
vn 0.110099 0.993723 0.019804
vn 0.077087 0.996807 -0.020816
vn 0.038387 0.999260 0.002233
vn 0.018408 0.999201 0.035477
vn 0.007829 0.999512 0.030244
vn 0.000605 0.999990 0.004539
vn 0.000961 0.999979 0.006419
vn -0.010085 0.999938 -0.004731
vn -0.012590 0.999920 -0.000856
vn 0.002325 0.999985 -0.004995
vn 0.009523 0.999929 -0.007097
vn 0.004568 0.999915 -0.012224
vn 0.008803 0.999911 -0.010001
vn 0.003164 0.999930 -0.011399
vn 0.006143 0.999972 -0.004346
vn 0.010168 0.999845 -0.014382
vn 0.003246 0.999879 -0.015229
vn 0.007231 0.999965 -0.004209
vn 0.009428 0.999875 0.012684
vn 0.008269 0.999966 0.000485
vn -0.003654 0.999941 -0.010195
vn 0.004212 0.999982 -0.004277
vn -0.004345 0.999988 -0.002464
vn -0.017586 0.999839 0.003453
vn -0.020098 0.999797 0.001281
vn -0.018720 0.999768 0.010698
vn -0.018771 0.999800 0.006935
vn -0.016530 0.999853 0.004612
vn -0.004143 0.999991 -0.000107
vn -0.002657 0.999996 0.000563
vn -0.006993 0.999962 -0.005302
vn 0.000338 1.000000 -0.000674
vn 0.003866 0.999992 0.001089
vn 0.002851 0.999968 -0.007491
vn -0.010583 0.999574 0.027217
vn -0.001163 0.998586 0.053145
vn 0.031014 0.999361 0.017766
vn 0.071471 0.993292 -0.090897
vn 0.076035 0.975171 -0.207991
vn 0.065057 0.991510 -0.112585
vn 0.030379 0.999528 -0.004555
vn 0.011735 0.997640 0.067651
vn 0.024254 0.992277 0.121645
vn 0.037496 0.994777 0.094932
vn 0.040577 0.999102 0.012192
vn 0.036866 0.998038 -0.050606
vn 0.019424 0.999590 -0.021029
vn 0.016485 0.999411 0.030083
vn 0.007212 0.999891 0.012855
vn -0.002107 0.999951 0.009705
vn -0.003554 0.999988 0.003441
vn -0.006454 0.999856 -0.015694
vn -0.010381 0.999946 -0.000826
vn -0.008745 0.999924 0.008664
vn -0.008564 0.999945 -0.006028
vn 0.007137 0.999966 -0.004238
vn 0.013195 0.999831 -0.012813
vn 0.013925 0.999778 -0.015802
vn 0.009886 0.999951 0.000009
vn 0.007060 0.999883 -0.013578
vn 0.008505 0.999825 -0.016670
vn 0.008881 0.999951 -0.004293
vn 0.004252 0.999944 0.009696
vn -0.000519 0.999966 -0.008278
vn 0.004609 0.999989 -0.000564
vn 0.005662 0.999976 -0.003982
vn -0.001900 0.999837 -0.017982
vn -0.007252 0.999970 -0.002532
vn -0.014293 0.999897 0.001321
vn -0.022352 0.999747 0.002564
vn -0.020483 0.999710 0.012650
vn -0.013919 0.999869 0.008293
vn -0.015633 0.999814 0.011291
vn -0.007508 0.999971 -0.001558
vn -0.001881 0.999991 -0.003785
vn -0.000182 0.999971 0.007557
vn -0.001757 0.999992 -0.003572
vn -0.000146 0.999953 0.009750
vn -0.023842 0.998405 0.051185
vn -0.051814 0.998184 0.030734
vn -0.061169 0.995173 -0.076738
vn -0.027376 0.983524 -0.178694
vn 0.019083 0.992934 -0.117127
vn 0.010796 0.999419 -0.032329
vn -0.006365 0.998225 0.059210
vn -0.023043 0.992467 0.120326
vn -0.036387 0.994622 0.096966
vn -0.031344 0.999227 0.023736
vn -0.020452 0.998380 -0.053087
vn 0.011431 0.999859 -0.012334
vn 0.018159 0.999500 0.025896
vn 0.008756 0.999938 0.006859
vn 0.003637 0.999987 -0.003601
vn -0.009062 0.999955 -0.002855
vn -0.007146 0.999897 -0.012456
vn -0.000169 0.999992 0.003948
vn 0.006161 0.999947 0.008255
vn 0.005162 0.999981 -0.003249
vn 0.008358 0.999927 0.008792
vn 0.013533 0.999880 -0.007510
vn 0.016180 0.999744 -0.015808
vn 0.005749 0.999816 -0.018292
vn -0.013650 0.999711 -0.019798
vn -0.013115 0.999850 -0.011351
vn -0.010140 0.999949 -0.000507
vn -0.001039 0.999940 0.010868
vn 0.005025 0.999978 -0.004349
vn -0.006825 0.999874 -0.014357
vn -0.019579 0.999783 -0.007104
vn -0.015240 0.999785 -0.014069
vn -0.006998 0.999954 -0.006554
vn -0.009253 0.999944 -0.005073
vn -0.008460 0.999954 -0.004455
vn -0.020553 0.999671 0.015321
vn -0.018176 0.999710 0.015796
vn -0.013752 0.999905 0.000889
vn -0.024080 0.999685 0.007083
vn -0.018049 0.999834 0.002626
vn -0.014307 0.999894 0.002864
vn -0.006311 0.999972 0.004066
vn -0.019888 0.999611 0.019551
vn -0.047109 0.998886 0.002885
vn -0.054746 0.996189 -0.067899
vn -0.017242 0.992945 -0.117314
vn 0.015342 0.994486 -0.103738
vn 0.011503 0.998653 -0.050590
vn -0.003073 0.998885 0.047119
vn -0.013911 0.994496 0.103846
vn -0.028954 0.996240 0.081658
vn -0.041644 0.998844 0.023992
vn -0.004072 0.999987 -0.002956
vn 0.021856 0.999755 0.003612
vn 0.008484 0.999918 0.009633
vn -0.004412 0.999989 -0.001783
vn -0.007126 0.999969 -0.003358
vn -0.005424 0.999965 -0.006340
vn 0.001937 0.999998 -0.000736
vn 0.006338 0.999979 0.001699
vn 0.002059 0.999912 0.013097
vn 0.006493 0.999968 -0.004623
vn -0.003513 0.999990 0.002803
vn -0.003469 0.999993 -0.001347
vn -0.003861 0.999823 -0.018431
vn -0.003748 0.999693 -0.024476
vn -0.003754 0.999690 -0.024615
vn -0.002608 0.999887 -0.014780
vn -0.006530 0.999978 -0.001354
vn -0.009022 0.999811 0.017217
vn -0.013105 0.999898 -0.005667
vn -0.005403 0.999814 -0.018498
vn -0.010260 0.999795 -0.017440
vn -0.012737 0.999904 -0.005475
vn -0.012077 0.999912 -0.005434
vn -0.013398 0.999895 -0.005470
vn -0.016992 0.999855 -0.000943
vn -0.007779 0.999947 0.006727
vn -0.015090 0.999775 0.014893
vn -0.019376 0.999808 0.003066
vn -0.011061 0.999917 0.006579
vn -0.014871 0.999874 0.005621
vn -0.011946 0.999904 -0.006995
vn -0.012062 0.999927 0.000913
vn -0.014361 0.999874 0.006772
vn -0.016934 0.999815 -0.009146
vn -0.010191 0.998607 -0.051764
vn 0.013357 0.996724 -0.079763
vn 0.042896 0.995557 -0.083819
vn 0.060030 0.996460 -0.058854
vn 0.043195 0.998704 0.026904
vn 0.020087 0.995425 0.093415
vn 0.011185 0.997069 0.075679
vn 0.014441 0.999557 0.026013
vn 0.009365 0.999713 0.022037
vn 0.011051 0.999934 -0.003232
vn 0.004008 0.999988 -0.002967
vn 0.001453 0.999997 -0.002226
vn 0.000037 0.999972 -0.007451
vn -0.001909 0.999991 -0.003797
vn -0.008872 0.999961 -0.000448
vn -0.010486 0.999939 0.003357
vn -0.009240 0.999863 0.013741
vn -0.000775 0.999995 -0.003024
vn 0.000019 0.999999 -0.001107
vn -0.007828 0.999947 -0.006660
vn -0.014823 0.999628 -0.022910
vn -0.015206 0.999636 -0.022309
vn -0.010598 0.999798 -0.017077
vn 0.001726 0.999980 -0.006063
vn 0.011163 0.999927 -0.004586
vn -0.002313 0.999997 0.000658
vn -0.019224 0.999784 -0.007881
vn -0.013052 0.999907 -0.003976
vn -0.003908 0.999731 -0.022861
vn -0.005723 0.999960 -0.006892
vn -0.012473 0.999884 -0.008731
vn -0.012523 0.999896 -0.007126
vn -0.014262 0.999897 -0.001450
vn -0.010973 0.999861 0.012520
vn -0.015156 0.999868 0.005902
vn -0.008084 0.999888 0.012581
vn -0.008409 0.999963 0.001876
vn -0.006564 0.999975 -0.002677
vn -0.012181 0.999916 0.004375
vn -0.008155 0.999962 -0.003207
vn 0.007022 0.999357 -0.035149
vn 0.028234 0.998192 -0.053070
vn 0.056279 0.997109 -0.051063
vn 0.089166 0.995109 -0.042503
vn 0.090277 0.995906 -0.004716
vn 0.045713 0.997177 0.059574
vn 0.001813 0.998297 0.058312
vn -0.004489 0.999421 0.033716
vn 0.007082 0.999806 0.018359
vn -0.001453 0.999988 -0.004728
vn -0.001649 0.999973 -0.007105
vn -0.008758 0.999946 -0.005624
vn -0.006431 0.999974 -0.003304
vn 0.000572 0.999986 -0.005259
vn -0.002268 0.999924 -0.012090
vn -0.017811 0.999840 -0.001550
vn -0.021423 0.999582 0.019432
vn -0.018369 0.999820 0.004716
vn -0.014666 0.999876 -0.005681
vn -0.016198 0.999809 -0.010963
vn -0.009805 0.999773 -0.018927
vn -0.004799 0.999777 -0.020580
vn -0.000904 0.999938 -0.011136
vn -0.002750 0.999994 -0.002027
vn -0.005013 0.999987 0.000324
vn 0.003223 0.999954 -0.009032
vn -0.003066 0.999782 -0.020634
vn -0.022156 0.999734 -0.006447
vn -0.019726 0.999752 -0.010364
vn -0.012510 0.999859 -0.011185
vn -0.011071 0.999870 -0.011755
vn -0.011995 0.999915 -0.005213
vn -0.000161 0.999992 0.004064
vn -0.007375 0.999960 0.005164
vn -0.005617 0.999930 0.010442
vn -0.013467 0.999888 -0.006500
vn -0.022264 0.999752 -0.000191
vn -0.019336 0.999813 -0.000186
vn -0.010945 0.999937 0.002388
vn -0.001307 0.999937 0.011174
vn 0.015953 0.999727 -0.017078
vn 0.030667 0.998965 -0.033605
vn 0.042474 0.998692 -0.028454
vn 0.048964 0.998469 -0.025716
vn 0.053389 0.998446 -0.015944
vn 0.041338 0.999085 0.010955
vn 0.010776 0.999377 0.033614
vn -0.001213 0.999192 0.040171
vn -0.009799 0.999838 0.015119
vn -0.009604 0.999916 -0.008765
vn -0.007267 0.999960 -0.005223
vn 0.004940 0.999951 -0.008530
vn 0.002569 0.999993 0.002636
vn -0.002366 0.999994 -0.002375
vn 0.002130 0.999928 -0.011853
vn 0.011433 0.999866 -0.011757
vn -0.002924 0.999968 0.007514
vn -0.022170 0.999753 0.001540
vn -0.027419 0.999623 -0.001206
vn -0.020660 0.999758 -0.007531
vn -0.022377 0.999596 -0.017547
vn -0.017827 0.999787 -0.010381
vn -0.008276 0.999912 -0.010368
vn -0.003890 0.999986 -0.003677
vn -0.010171 0.999927 -0.006465
vn -0.021572 0.999761 -0.003552
vn -0.011273 0.999676 -0.022837
vn -0.006389 0.999885 -0.013776
vn -0.008684 0.999872 -0.013433
vn -0.024558 0.999639 -0.010871
vn -0.018011 0.999834 -0.002686
vn -0.004601 0.999984 0.003211
vn 0.012177 0.999849 0.012380
vn 0.012205 0.999926 -0.000084
vn -0.014971 0.999879 -0.004288
vn -0.015283 0.999827 -0.010563
vn -0.017317 0.999808 0.009180
vn -0.010145 0.999867 0.012808
vn -0.003260 0.999708 0.023928
vn 0.004443 0.999981 -0.004364
vn 0.019190 0.999562 -0.022524
vn 0.022411 0.999437 -0.024987
vn 0.015979 0.999413 -0.030309
vn 0.016510 0.999836 -0.007480
vn 0.016179 0.999832 -0.008648
vn 0.001556 0.999834 0.018175
vn -0.010468 0.999553 0.027996
vn -0.018254 0.999803 0.007788
vn -0.013169 0.999913 0.000393
vn -0.000848 0.999993 0.003605
vn -0.003284 0.999995 -0.000161
vn -0.000144 0.999961 -0.008807
vn 0.001771 0.999992 -0.003465
vn -0.002630 0.999946 -0.010027
vn -0.005984 0.999981 -0.001498
vn -0.000070 0.999937 -0.011261
vn -0.006001 0.999930 -0.010229
vn -0.014630 0.999879 -0.005251
vn -0.022519 0.999726 -0.006459
vn -0.021668 0.999564 -0.020041
vn -0.022377 0.999746 -0.002789
vn -0.012268 0.999924 -0.001016
vn -0.004821 0.999987 0.001760
vn -0.006729 0.999792 -0.019246
vn -0.014751 0.999849 -0.009223
vn -0.012643 0.999861 -0.010910
vn -0.010493 0.999876 -0.011732
vn -0.008549 0.999916 -0.009718
vn 0.012091 0.999776 -0.017403
vn 0.004458 0.999989 0.001534
vn 0.010243 0.999761 0.019329
vn 0.009130 0.999902 0.010594
vn -0.017729 0.999840 0.002457
vn -0.024755 0.999675 -0.006070
vn -0.017945 0.999809 -0.007730
vn -0.012404 0.999818 0.014494
vn -0.009368 0.999846 0.014810
vn -0.014742 0.999667 0.021164
vn -0.014320 0.999890 0.003793
vn -0.010203 0.999884 -0.011349
vn -0.000900 0.999790 -0.020452
vn 0.008552 0.999584 -0.027551
vn 0.009583 0.999869 -0.013058
vn 0.002382 0.999942 -0.010491
vn 0.006298 0.999945 0.008387
vn -0.005759 0.999870 0.015041
vn -0.016908 0.999838 0.006220
vn -0.018527 0.999799 0.007615
vn -0.014158 0.999845 0.010497
vn -0.001984 0.999995 -0.002282
vn 0.002805 0.999996 -0.000933
vn 0.001758 0.999975 -0.006791
vn -0.001936 0.999882 -0.015263
vn -0.009086 0.999924 -0.008283
vn -0.015881 0.999849 -0.007026
vn -0.016597 0.999769 -0.013685
vn -0.014577 0.999839 -0.010487
vn -0.015740 0.999822 -0.010452
vn -0.011900 0.999881 -0.009782
vn -0.007126 0.999966 -0.004262
vn -0.009334 0.999951 0.003378
vn -0.014432 0.999895 0.001264
vn -0.006102 0.999887 -0.013752
vn 0.000499 0.999933 -0.011596
vn -0.011469 0.999860 -0.012155
vn -0.005190 0.999886 -0.014151
vn -0.004190 0.999987 -0.002809
vn 0.006519 0.999979 -0.000685
vn 0.022063 0.999756 0.000587
vn 0.016232 0.999782 0.013138
vn -0.007945 0.999841 -0.015987
vn -0.015066 0.999865 -0.006575
vn -0.013198 0.999912 0.001564
vn -0.005838 0.999981 -0.002217
vn -0.002282 0.999806 0.019563
vn -0.001764 0.999940 0.010844
vn -0.004571 0.999810 0.018949
vn -0.008939 0.999956 0.002716
vn -0.009523 0.999927 -0.007494
vn -0.007710 0.999848 -0.015654
vn -0.002201 0.999844 -0.017504
vn 0.009803 0.999900 -0.010160
vn 0.010176 0.999836 -0.014990
vn 0.002106 0.999982 0.005559
vn -0.002358 0.999997 0.001064
vn -0.011814 0.999928 -0.002125
vn -0.015222 0.999851 0.008094
vn -0.017613 0.999777 0.011646
vn -0.022395 0.999714 0.008331
vn -0.014493 0.999884 0.004594
vn -0.006797 0.999962 -0.005453
vn -0.007392 0.999737 -0.021704
vn -0.013906 0.999792 -0.014919
vn -0.014863 0.999856 -0.008198
vn -0.012329 0.999819 -0.014509
vn -0.014142 0.999862 -0.008677
vn -0.013740 0.999869 -0.008563
vn -0.015818 0.999813 -0.011164
vn -0.011307 0.999935 -0.001200
vn -0.015614 0.999852 -0.007238
vn -0.029133 0.999573 -0.002272
vn -0.026661 0.999644 -0.000941
vn -0.028340 0.999364 -0.021646
vn -0.020166 0.999778 -0.006182
vn -0.008399 0.999962 -0.002552
vn 0.003843 0.999986 0.003580
vn 0.009733 0.999891 0.011085
vn 0.000114 0.999915 -0.013077
vn 0.006698 0.999956 -0.006628
vn 0.005481 0.999983 0.001957
vn 0.000391 0.999994 0.003364
vn 0.002242 0.999894 0.014409
vn 0.001575 0.999862 0.016563
vn -0.001421 0.999965 0.008240
vn -0.008263 0.999961 0.002960
vn -0.007564 0.999954 -0.005914
vn 0.002375 0.999954 -0.009267
vn 0.008768 0.999891 -0.011865
vn -0.000626 0.999924 -0.012316
vn -0.005049 0.999852 -0.016465
vn -0.001510 0.999997 -0.002154
vn -0.013681 0.999903 -0.002793
vn -0.009167 0.999957 -0.001616
vn -0.007347 0.999960 0.005073
vn -0.008073 0.999913 0.010456
vn -0.012526 0.999920 -0.001684
vn -0.023015 0.999693 0.009193
vn -0.021286 0.999773 0.000584
vn -0.017020 0.999553 -0.024578
vn -0.017344 0.999705 -0.017033
vn -0.018179 0.999809 -0.007218
vn -0.015836 0.999816 -0.010826
vn -0.021721 0.999610 -0.017571
vn -0.028315 0.999553 -0.009611
vn -0.017831 0.999839 -0.001875
vn -0.008037 0.999937 0.007827
vn -0.004129 0.999866 -0.015857
vn 0.000608 0.999957 -0.009233
vn -0.016520 0.999827 -0.008571
vn -0.016925 0.999758 -0.014089
vn -0.006136 0.999946 0.008413
vn 0.003535 0.999985 0.004139
vn -0.001760 0.999980 0.006109
vn 0.000802 1.000000 0.000557
vn 0.002131 0.999979 -0.006052
vn 0.009207 0.999956 -0.001822
vn 0.011074 0.999927 -0.004807
vn 0.014839 0.999846 0.009344
vn 0.013229 0.999863 0.009915
vn 0.005187 0.999895 0.013553
vn -0.003436 0.999994 -0.000950
vn -0.010320 0.999947 -0.000093
vn -0.015331 0.999876 -0.003676
vn -0.011659 0.999930 0.002254
vn -0.004126 0.999904 -0.013253
vn -0.001539 0.999825 -0.018629
vn 0.002363 0.999915 -0.012833
vn -0.000007 0.999987 -0.005047
vn -0.006551 0.999839 -0.016679
vn -0.018036 0.999832 0.003306
vn -0.013959 0.999857 0.009549
vn -0.014822 0.999888 0.001918
vn -0.025320 0.999671 -0.004066
vn -0.025526 0.999667 0.003816
vn -0.024088 0.999705 0.003222
vn -0.020351 0.999630 -0.018059
vn -0.015382 0.999685 -0.019844
vn -0.015045 0.999876 -0.004754
vn -0.019077 0.999719 -0.014076
vn -0.018599 0.999605 -0.021053
vn -0.008999 0.999958 -0.001565
vn -0.007590 0.999967 0.003056
vn -0.015522 0.999880 -0.000206
vn -0.018923 0.999820 0.000991
vn -0.014534 0.999788 -0.014620
vn -0.016523 0.999679 -0.019219
vn -0.010730 0.999933 -0.004305
vn -0.000577 0.999902 0.014008
vn -0.006001 0.999966 0.005654
vn -0.001951 0.999962 0.008533
vn -0.011931 0.999924 -0.003139
vn -0.004009 0.999990 0.001840
vn 0.004107 0.999983 0.004082
vn 0.014353 0.999880 0.005826
vn 0.014394 0.999885 0.004731
vn 0.012510 0.999903 0.006053
vn 0.005202 0.999985 0.001449
vn -0.004207 0.999978 -0.005069
vn -0.006472 0.999954 -0.007096
vn -0.003871 0.999991 -0.001842
vn -0.003640 0.999990 0.002712
vn -0.008343 0.999926 -0.008832
vn -0.008440 0.999854 -0.014843
vn -0.002037 0.999975 -0.006729
vn 0.002890 0.999976 -0.006257
vn -0.000015 0.999599 -0.028307
vn -0.007276 0.999964 -0.004255
vn -0.013323 0.999855 0.010587
vn -0.007492 0.999944 0.007485
vn 0.006377 0.999928 -0.010212
vn -0.003773 0.999991 -0.001887
vn -0.016831 0.999854 0.003051
vn -0.017589 0.999770 -0.012269
vn -0.008211 0.999843 -0.015708
vn -0.017261 0.999773 -0.012486
vn -0.025337 0.999529 -0.017301
vn -0.018808 0.999760 -0.011202
vn -0.013794 0.999904 0.000996
vn -0.008985 0.999950 0.004384
vn -0.006066 0.999980 -0.001534
vn -0.014177 0.999807 -0.013626
vn -0.028544 0.999484 -0.014713
vn -0.010690 0.999939 -0.002798
vn 0.008157 0.999912 0.010497
vn 0.005695 0.999959 0.007047
vn 0.004546 0.999837 0.017492
vn 0.004675 0.999989 0.001009
vn 0.002355 0.999988 -0.004390
vn 0.000699 0.999931 0.011709
vn 0.010606 0.999852 0.013531
vn 0.011801 0.999926 0.003041
vn 0.015665 0.999858 0.006303
vn 0.009897 0.999939 0.004958
vn 0.006692 0.999953 -0.007058
vn 0.007307 0.999943 -0.007783
vn 0.008124 0.999950 -0.005914
vn -0.004763 0.999964 -0.007022
vn -0.016459 0.999837 -0.007484
vn -0.016539 0.999856 -0.003792
vn -0.003350 0.999941 -0.010295
vn -0.002135 0.999985 -0.005006
vn -0.009489 0.999925 -0.007753
vn -0.002339 0.999777 -0.020978
vn 0.011442 0.999933 -0.001988
vn 0.009232 0.999957 -0.000423
vn -0.002977 0.999925 0.011893
vn -0.005982 0.999976 -0.003530
vn 0.005614 0.999976 -0.004078
vn 0.003322 0.999897 -0.013979
vn -0.006805 0.999926 -0.010075
vn -0.013031 0.999745 -0.018469
vn -0.014025 0.999707 -0.019759
vn -0.012358 0.999844 -0.012608
vn -0.011140 0.999879 -0.010889
vn -0.009096 0.999925 0.008254
vn -0.013991 0.999900 -0.002318
vn -0.028841 0.999552 -0.007975
vn -0.016089 0.999867 -0.002577
vn 0.005365 0.999941 -0.009464
vn -0.002289 0.999997 0.000296
vn -0.014623 0.999866 0.007296
vn -0.003315 0.999856 0.016620
vn -0.006709 0.999877 0.014159
vn -0.013866 0.999902 -0.001675
vn -0.018634 0.999798 -0.007543
vn -0.008056 0.999798 0.018408
vn -0.003468 0.999825 0.018360
vn -0.000767 0.999966 0.008204
vn 0.003955 0.999922 0.011870
vn -0.002159 0.999938 -0.010972
vn -0.004964 0.999984 -0.002781
vn 0.004104 0.999991 0.001152
vn 0.001426 0.999868 -0.016205
vn 0.001748 0.999827 -0.018548
vn 0.002629 0.999978 -0.006125
vn -0.003346 0.999980 -0.005370
vn -0.007769 0.999970 -0.000642
vn -0.001838 0.999958 -0.009018
vn -0.006172 0.999833 -0.017228
vn -0.008854 0.999940 -0.006456
vn 0.000352 0.999986 0.005278
vn 0.005987 0.999982 -0.001074
vn 0.001019 0.999985 -0.005470
vn -0.007424 0.999972 0.000806
vn -0.010791 0.999942 0.000042
vn -0.010001 0.999841 -0.014756
vn -0.003321 0.999904 -0.013427
vn -0.006417 0.999768 -0.020574
vn -0.005326 0.999814 -0.018523
vn -0.002619 0.999935 -0.011138
vn 0.006224 0.999980 -0.001296
vn 0.006231 0.999980 0.001079
vn -0.001814 0.999938 -0.010980
vn -0.001228 0.999918 -0.012715
vn -0.007222 0.999950 0.006882
vn -0.013967 0.999888 -0.005464
vn -0.006506 0.999967 -0.004887
vn -0.004105 0.999980 0.004766
vn -0.023896 0.999706 0.004053
vn -0.021073 0.999777 -0.001200
vn -0.001299 0.999993 0.003479
vn 0.003171 0.999677 0.025226
vn -0.000094 0.999857 0.016913
vn -0.002855 0.999979 0.005774
vn -0.014117 0.999878 0.006668
vn 0.000177 1.000000 -0.000566
vn 0.006234 0.999973 -0.003921
vn -0.005957 0.999970 -0.004865
vn -0.005153 0.999938 -0.009845
vn 0.010288 0.999911 -0.008459
vn 0.005130 0.999865 -0.015587
vn -0.002391 0.999916 -0.012745
vn -0.003217 0.999993 -0.001700
vn -0.009780 0.999928 -0.006932
vn -0.001732 0.999922 -0.012394
vn 0.009093 0.999938 -0.006479
vn -0.003255 0.999988 0.003606
vn -0.005194 0.999985 0.001785
vn -0.003096 0.999950 -0.009540
vn -0.000986 0.999999 -0.001023
vn -0.012490 0.999838 -0.012958
vn -0.011680 0.999929 -0.002295
vn -0.010195 0.999825 -0.015665
vn -0.010997 0.999709 -0.021470
vn -0.005217 0.999907 -0.012581
vn 0.000735 0.999967 -0.008054
vn 0.001134 0.999994 0.003157
vn 0.002600 0.999994 -0.002437
vn 0.000876 0.999893 -0.014572
vn -0.003717 0.999926 -0.011593
vn -0.003839 0.999991 -0.001696
vn -0.002561 0.999990 -0.003637
vn -0.023135 0.999540 0.019607
vn -0.019645 0.999783 -0.006926
vn -0.007704 0.999964 0.003430
vn -0.002193 0.999848 0.017270
vn 0.004354 0.999918 0.012078
vn 0.001347 0.999858 0.016823
vn -0.008274 0.999903 0.011242
vn -0.013089 0.999910 0.003103
vn -0.002133 0.999936 0.011140
vn -0.004896 0.999975 0.005017
vn -0.008897 0.999932 -0.007587
vn -0.002664 0.999978 -0.006026
vn 0.003862 0.999992 -0.000782
vn 0.002532 0.999967 -0.007677
vn 0.001196 0.999758 -0.021967
vn 0.008049 0.999950 -0.005990
vn 0.012587 0.999904 -0.005831
vn 0.009954 0.999868 -0.012861
vn 0.004179 0.999971 -0.006360
vn -0.002641 0.999988 -0.004161
vn -0.002800 0.999976 -0.006344
vn -0.002866 0.999982 0.005362
vn -0.001523 0.999971 -0.007445
vn -0.004588 0.999978 -0.004869
vn 0.001959 0.999888 -0.014821
vn -0.004910 0.999948 -0.008986
vn -0.020358 0.999557 -0.021722
vn -0.019585 0.999716 -0.013576
vn -0.017486 0.999830 -0.005887
vn -0.005791 0.999975 -0.003998
vn -0.006760 0.999977 -0.000286
vn -0.013325 0.999911 -0.000596
vn -0.005329 0.999901 -0.013002
vn 0.013593 0.999888 -0.006304
vn -0.014830 0.999730 0.017865
vn -0.011207 0.999895 0.009161
vn -0.002449 0.999936 0.011081
vn -0.004094 0.999902 0.013377
vn -0.009728 0.999897 0.010584
vn -0.012007 0.999839 0.013368
vn -0.009989 0.999910 0.009021
vn -0.001431 0.999949 0.010020
vn -0.008623 0.999913 0.009994
vn -0.014194 0.999894 -0.003201
vn -0.009680 0.999951 -0.002056
vn -0.006662 0.999976 -0.001719
vn -0.009905 0.999949 -0.001840
vn -0.013302 0.999896 -0.005518
vn -0.000519 0.999904 -0.013851
vn 0.010083 0.999947 -0.001923
vn 0.005109 0.999972 -0.005387
vn 0.009041 0.999918 -0.009051
vn 0.014230 0.999804 -0.013803
vn 0.002280 0.999845 -0.017446
vn -0.003191 0.999993 -0.001876
vn -0.003236 0.999984 0.004697
vn -0.003636 0.999948 -0.009507
vn -0.004216 0.999965 -0.007232
vn -0.015389 0.999823 -0.010833
vn -0.015186 0.999709 -0.018742
vn -0.015170 0.999524 -0.026872
vn -0.025248 0.999414 -0.023123
vn -0.024779 0.999692 -0.001002
vn -0.027637 0.999582 0.008459
vn -0.012690 0.999913 -0.003565
vn -0.003551 0.999993 -0.001539
vn 0.009592 0.999870 0.013003
vn -0.018084 0.999746 0.013479
vn -0.011700 0.999808 0.015720
vn -0.014310 0.999859 0.008794
vn -0.021104 0.999709 0.011712
vn -0.002579 0.999778 0.020920
vn -0.005875 0.999980 0.002528
vn -0.013285 0.999836 0.012341
vn -0.019665 0.999785 0.006565
vn -0.028172 0.999597 -0.003435
vn -0.019385 0.999740 0.011976
vn -0.002006 0.999973 0.007115
vn -0.003465 0.999951 -0.009221
vn -0.006441 0.999978 -0.001282
vn -0.009440 0.999910 -0.009517
vn -0.008239 0.999962 0.002735
vn -0.000845 0.999998 -0.001870
vn -0.004307 0.999890 -0.014178
vn -0.010454 0.999940 -0.003211
vn -0.002344 0.999976 -0.006542
vn 0.008187 0.999805 -0.017968
vn 0.012411 0.999895 -0.007444
vn 0.000724 0.999987 -0.005113
vn -0.011488 0.999874 -0.010937
vn -0.018195 0.999752 -0.012879
vn -0.015832 0.999720 -0.017585
vn -0.011558 0.999891 -0.009159
vn -0.005134 0.999552 -0.029479
vn -0.000176 0.999804 -0.019821
vn -0.002728 0.999994 -0.002243
vn -0.005490 0.999975 0.004410
vn 0.001997 0.999784 0.020685
vn 0.019605 0.999751 0.010689
vn -0.004331 0.999800 0.019543
vn -0.007434 0.999839 0.016329
vn -0.007366 0.999967 0.003446
vn 0.002476 0.999770 0.021286
vn -0.018057 0.999734 0.014343
vn -0.020334 0.999789 0.003080
vn -0.015968 0.999825 0.009703
vn -0.018834 0.999814 -0.004194
vn -0.015911 0.999870 0.002569
vn -0.020132 0.999651 0.017109
vn -0.024314 0.999649 0.010552
vn -0.021921 0.999717 -0.009282
vn -0.018378 0.999826 -0.003335
vn -0.011600 0.999921 -0.004855
vn -0.008071 0.999962 0.003185
vn -0.014724 0.999892 -0.000090
vn -0.011067 0.999839 -0.014116
vn -0.008420 0.999926 -0.008838
vn -0.011912 0.999926 0.002554
vn 0.004362 0.999979 -0.004829
vn 0.006212 0.999920 -0.011004
vn 0.002928 0.999917 -0.012564
vn -0.001913 0.999782 -0.020803
vn -0.007493 0.999803 -0.018395
vn -0.010912 0.999899 -0.009061
vn -0.009139 0.999904 -0.010379
vn -0.008030 0.999718 -0.022360
vn -0.006282 0.999756 -0.021204
vn -0.010166 0.999942 -0.003644
vn 0.008429 0.999827 0.016555
vn 0.001394 0.999904 0.013776
vn 0.001071 0.999987 0.005021
vn -0.017768 0.999829 0.005107
vn -0.022472 0.999619 0.016035
vn -0.022772 0.999694 0.009689
vn -0.026730 0.999636 0.003597
vn -0.043526 0.999040 -0.004868
vn -0.058693 0.998234 0.009214
vn -0.045383 0.998936 0.008178
vn -0.033683 0.999433 0.000301
vn -0.030922 0.999434 0.013255
vn -0.038552 0.999250 0.003667
vn -0.033886 0.999422 0.002737
vn -0.025941 0.999663 -0.000272
vn -0.024753 0.999693 0.000638
vn -0.023416 0.999726 0.000310
vn -0.027685 0.999593 -0.006929
vn -0.022076 0.999756 -0.001145
vn -0.010606 0.999928 -0.005619
vn -0.003682 0.999981 0.005065
vn -0.002139 0.999977 0.006419
vn -0.002998 0.999839 -0.017714
vn -0.007723 0.999856 -0.015146
vn -0.004605 0.999814 -0.018733
vn 0.007488 0.999852 -0.015499
vn 0.001822 0.999802 -0.019842
vn -0.015287 0.999796 -0.013191
vn -0.013212 0.999763 -0.017323
vn -0.009130 0.999716 -0.022033
vn -0.000720 1.000000 -0.000420
vn -0.006103 0.999683 0.024446
vn -0.049782 0.998686 -0.012161
vn -0.057183 0.998359 -0.003055
vn -0.070930 0.997472 0.004230
vn -0.085334 0.996348 0.002883
vn -0.101869 0.994767 -0.007776
vn -0.122224 0.992056 -0.029759
vn -0.126101 0.991920 0.013902
vn -0.103402 0.994085 0.033208
vn -0.086287 0.996213 0.010643
vn -0.078845 0.996828 0.010845
vn -0.079012 0.996858 0.005559
vn -0.079454 0.996835 0.002636
vn -0.080498 0.996735 0.006210
vn -0.056466 0.998296 0.014697
vn -0.043109 0.999070 -0.000006
vn -0.032197 0.999481 0.000599
vn -0.024174 0.999693 0.005487
vn -0.016997 0.999852 0.002588
vn -0.012727 0.999866 0.010303
vn -0.015608 0.999876 0.001928
vn -0.009450 0.999859 -0.013883
vn -0.002010 0.999888 -0.014816
vn -0.000678 0.999891 -0.014739
vn -0.009002 0.999925 -0.008317
vn -0.004502 0.999369 -0.035232
vn -0.011213 0.999641 -0.024329
vn -0.026100 0.999479 -0.018972
vn -0.020963 0.999749 -0.007936
vn -0.005481 0.999922 0.011254
vn -0.082920 0.996549 -0.003838
vn -0.074844 0.997044 -0.017380
vn -0.085379 0.996344 -0.003112
vn -0.102642 0.994540 -0.018858
vn -0.115982 0.993094 -0.017654
vn -0.106609 0.993484 -0.040301
vn -0.120115 0.992550 0.020425
vn -0.117586 0.991762 0.050815
vn -0.104887 0.994254 0.021398
vn -0.104927 0.994451 0.007638
vn -0.102547 0.994713 0.005521
vn -0.104550 0.994520 -0.000019
vn -0.102394 0.994533 0.020504
vn -0.097204 0.994660 0.034688
vn -0.088412 0.996005 0.012516
vn -0.080668 0.996687 0.010391
vn -0.049175 0.998397 0.028042
vn -0.017157 0.999696 0.017711
vn -0.006481 0.999970 0.004318
vn -0.011166 0.999936 0.001954
vn -0.004912 0.999984 -0.002762
vn -0.000894 0.999954 -0.009505
vn 0.001480 0.999820 -0.018929
vn -0.006872 0.999822 -0.017577
vn -0.011853 0.999515 -0.028809
vn 0.001280 0.999670 -0.025677
vn 0.016814 0.999641 -0.020878
vn 0.008730 0.999888 -0.012130
vn 0.009489 0.999866 -0.013310
vn 0.014944 0.999650 -0.021852
vn -0.000693 0.999102 -0.042356
vn 0.001859 0.999990 -0.004005
vn 0.018415 0.999510 -0.025318
vn 0.027294 0.999583 -0.009393
vn -0.028963 0.998857 0.038025
vn -0.034905 0.998715 0.036737
vn -0.003864 0.999602 0.027933
vn 0.014426 0.999810 0.013128
vn 0.014362 0.999878 -0.006105
vn 0.001122 0.999974 0.007106
vn -0.032799 0.999362 0.014151
vn -0.066603 0.997779 -0.000371
vn -0.074702 0.996757 0.029933
vn -0.050999 0.996348 0.068483
vn -0.033806 0.998952 0.030872
vn -0.028178 0.999567 0.008523
vn -0.018414 0.999820 0.004610
vn -0.021845 0.999761 -0.000129
vn -0.018625 0.999786 -0.009031
vn -0.025457 0.999368 -0.024799
vn -0.022717 0.999486 -0.022635
vn -0.014933 0.999732 -0.017717
vn -0.005890 0.999937 -0.009604
vn 0.062234 0.998061 -0.001517
vn 0.075378 0.997044 -0.014876
vn 0.109090 0.993977 -0.010433
vn 0.118610 0.992348 -0.034320
vn 0.079979 0.996766 -0.007755
vn 0.095836 0.995298 -0.014031
vn 0.099297 0.995056 -0.002094
vn 0.088970 0.994418 0.056711
vn 0.086534 0.995554 0.037218
vn 0.078970 0.996808 0.011699
vn 0.074457 0.997169 -0.010496
vn 0.059570 0.998035 -0.019432
vn 0.025118 0.999394 -0.024106
vn -0.005996 0.999669 -0.025017
vn -0.032947 0.999314 0.016920
vn -0.055015 0.995425 0.078115
vn -0.039235 0.998296 0.043201
vn -0.026245 0.999402 0.022537
vn -0.021942 0.999757 0.001925
vn -0.024843 0.999691 0.000446
vn -0.028590 0.999499 -0.013577
vn -0.021266 0.999679 -0.013782
vn -0.007451 0.999750 -0.021082
vn -0.009199 0.999868 -0.013420
vn 0.082739 0.996497 0.012135
vn 0.098399 0.995146 0.001174
vn 0.098648 0.995068 0.010390
vn 0.093581 0.994406 -0.048988
vn 0.101334 0.994594 -0.022667
vn 0.100225 0.994921 0.009305
vn 0.124230 0.992239 0.005433
vn 0.117574 0.992400 0.036324
vn 0.091598 0.995515 0.023651
vn 0.084518 0.996393 0.007608
vn 0.081900 0.996510 -0.016160
vn 0.070032 0.996596 -0.043492
vn 0.042909 0.997253 -0.060376
vn 0.007675 0.998418 -0.055707
vn -0.026985 0.999465 -0.018479
vn -0.054798 0.995932 0.071528
vn -0.038879 0.996490 0.074129
vn -0.019667 0.999529 0.023582
vn -0.028027 0.999602 -0.003114
vn -0.027814 0.999613 0.000876
vn -0.026238 0.999524 -0.016202
vn -0.027774 0.999604 -0.004458
vn -0.017552 0.999819 -0.007391
vn 0.022332 0.999740 -0.004621
vn 0.003768 0.999940 -0.010261
vn 0.005200 0.999533 -0.030106
vn 0.018456 0.999650 -0.018957
vn 0.031262 0.999175 0.025913
vn 0.055811 0.998101 0.026064
vn 0.055302 0.998440 0.007745
vn 0.035383 0.999328 0.009526
vn 0.031456 0.999465 0.008909
vn 0.038175 0.999147 -0.015755
vn 0.040751 0.997613 -0.055738
vn 0.029302 0.995662 -0.088311
vn -0.000884 0.995847 -0.091041
vn -0.035538 0.998003 -0.052215
vn -0.057763 0.996697 0.057086
vn -0.056421 0.993011 0.103665
vn -0.033134 0.998980 0.030681
vn -0.029896 0.999480 -0.012102
vn -0.027789 0.999557 0.010614
vn -0.017604 0.999743 -0.014307
vn 0.005180 0.999788 -0.019942
vn -0.004094 0.999641 -0.026496
vn -0.028130 0.999247 -0.026710
vn -0.039090 0.998390 0.041090
vn -0.043597 0.998490 0.033416
vn -0.035906 0.999354 0.001769
vn -0.035031 0.999385 -0.001346
vn -0.039760 0.999127 0.012793
vn -0.027723 0.999614 -0.001930
vn -0.005506 0.998908 -0.046390
vn 0.007737 0.994833 -0.101233
vn -0.009176 0.992052 -0.125493
vn -0.032370 0.996859 -0.072272
vn -0.016712 0.998070 0.059803
vn -0.024517 0.994921 0.097628
vn -0.045187 0.998002 0.044164
vn -0.026510 0.999648 0.000728
vn -0.015547 0.999859 0.006318
vn -0.065773 0.997624 0.020503
vn -0.076575 0.996855 0.020393
vn -0.065408 0.997836 -0.006653
vn -0.070680 0.997473 0.007185
vn -0.077809 0.996904 0.011368
vn -0.068939 0.997442 -0.018903
vn -0.023248 0.997166 -0.071549
vn 0.011735 0.990314 -0.138352
vn 0.017794 0.997499 -0.068403
vn -0.003486 0.998373 0.056909
vn -0.030211 0.996964 0.071770
vn -0.027368 0.998670 0.043686
vn -0.008703 0.999944 0.006116
vn -0.021097 0.999751 -0.007253
vn -0.031445 0.999481 -0.007026
vn -0.035631 0.998551 -0.040315
vn -0.017956 0.993507 -0.112345
vn -0.001356 0.997219 -0.074519
vn 0.043908 0.998633 -0.028347
vn 0.041899 0.998333 -0.039706
vn 0.034726 0.996826 -0.071633
vn 0.020764 0.990646 -0.134871
vn 0.000594 0.976000 -0.217771
vn -0.027284 0.955193 -0.294722
vn -0.048402 0.960593 -0.273712
vn -0.051935 0.977479 -0.204543
vn -0.043068 0.992237 -0.116663
vn -0.028086 0.998501 -0.046970
vn -0.018017 0.999783 -0.010461
vn -0.020414 0.999770 0.006586
vn -0.015046 0.999855 0.008022
vn -0.002039 0.999963 0.008320
vn 0.005639 0.999983 0.001602
vn 0.014279 0.999864 0.008287
vn -0.006411 0.999760 0.020934
vn -0.045843 0.998160 0.039683
vn -0.085270 0.994842 0.054949
vn -0.111145 0.991930 0.061007
vn -0.090853 0.993917 0.062243
vn -0.053283 0.996758 0.060283
vn -0.021691 0.997044 0.073706
vn -0.001033 0.995437 0.095419
vn 0.001376 0.994505 0.104677
vn 0.012852 0.993497 0.113128
vn 0.039501 0.995070 0.090971
vn 0.050430 0.995651 0.078334
vn 0.042029 0.997259 0.060891
vn 0.030035 0.999128 0.029005
vn 0.021982 0.999758 0.000048
vn 0.017029 0.999466 -0.027877
vn 0.012262 0.999365 -0.033443
vn 0.014204 0.999655 -0.022114
vn 0.025421 0.999659 -0.005893
vn 0.039330 0.999116 0.014855
vn 0.047065 0.998836 0.010575
vn 0.049505 0.998713 0.010989
vn 0.031394 0.999274 -0.021597
vn 0.018031 0.998360 -0.054329
vn 0.012117 0.995054 -0.098590
vn 0.006736 0.991058 -0.133266
vn -0.005452 0.991233 -0.132011
vn -0.016484 0.992396 -0.121980
vn -0.019097 0.995616 -0.091569
vn -0.019887 0.997723 -0.064452
vn -0.012762 0.999120 -0.039956
vn -0.002091 0.999816 -0.019077
vn 0.008566 0.999961 -0.001946
vn 0.019008 0.999646 0.018634
vn 0.013288 0.998942 0.044027
vn 0.003090 0.997808 0.066101
vn -0.007966 0.996386 0.084567
vn -0.010899 0.997371 0.071633
vn 0.011558 0.998790 0.047799
vn 0.018846 0.999558 0.022998
vn 0.008414 0.999943 0.006579
vn -0.000286 0.999999 -0.001214
vn -0.001580 0.999883 -0.015243
vn 0.001070 0.999831 -0.018341
vn 0.002486 0.999883 -0.015122
vn 0.004004 0.999912 -0.012692
vn 0.006799 0.999914 -0.011225
vn 0.004689 0.999944 -0.009479
vn 0.000502 0.999989 -0.004641
vn -0.002326 0.999997 -0.000288
vn -0.004356 0.999990 0.001124
vn -0.001816 0.999992 -0.003581
vn 0.002001 0.999944 -0.010359
vn 0.000388 0.999941 -0.010896
vn -0.003624 0.999990 -0.002677
vn -0.004291 0.999955 0.008437
vn 0.000683 0.999983 0.005715
vn 0.008696 0.999958 -0.002881
vn 0.010919 0.999728 -0.020626
vn 0.002681 0.999282 -0.037799
vn -0.010998 0.998416 -0.055176
vn -0.020580 0.997408 -0.068949
vn -0.029309 0.997035 -0.071143
vn -0.042358 0.997680 -0.053300
vn -0.045816 0.998306 -0.035870
vn -0.035531 0.998950 -0.028916
vn -0.016014 0.999395 -0.030862
vn -0.002519 0.999601 -0.028149
vn 0.000735 0.999814 -0.019281
vn 0.008554 0.999834 -0.016120
vn 0.022308 0.999354 -0.028187
vn 0.048830 0.997287 -0.055079
vn 0.075018 0.994370 -0.074842
vn 0.079043 0.994364 -0.070661
vn 0.063208 0.996340 -0.057541
vn 0.030541 0.998567 -0.043949
vn -0.002442 0.999549 -0.029917
vn -0.031348 0.999469 -0.008861
vn -0.063120 0.997513 0.031355
vn -0.084781 0.994152 0.066893
vn -0.090019 0.990927 0.099805
vn -0.088910 0.990560 0.104340
vn -0.071717 0.994226 0.079820
vn -0.036514 0.998367 0.043928
vn -0.009476 0.999899 0.010557
vn 0.007451 0.999970 -0.002132
vn 0.015529 0.999877 -0.002252
vn 0.014371 0.999895 0.001686
vn 0.008705 0.999917 0.009490
vn -0.002380 0.999918 0.012605
vn -0.010914 0.999908 0.008068
vn -0.015024 0.999879 0.004099
vn -0.020307 0.999792 0.002144
vn -0.021393 0.999750 0.006530
vn -0.019879 0.999757 0.009490
vn -0.015151 0.999797 0.013272
vn -0.002667 0.999954 0.009223
vn 0.018861 0.999681 -0.016823
vn 0.041276 0.997838 -0.051137
vn 0.055796 0.995199 -0.080413
vn 0.056810 0.993212 -0.101501
vn 0.046991 0.994020 -0.098569
vn 0.026198 0.996145 -0.083719
vn 0.002335 0.997804 -0.066199
vn -0.013839 0.998336 -0.055981
vn -0.024567 0.998411 -0.050719
vn -0.042317 0.998478 -0.035360
vn -0.063682 0.997887 -0.012891
vn -0.075115 0.997164 0.004607
vn -0.083452 0.996481 0.007821
vn -0.065977 0.997821 -0.000003
vn -0.057926 0.998248 -0.012042
vn -0.042036 0.999042 -0.012200
vn -0.029749 0.999360 -0.019854
vn -0.005210 0.999460 -0.032442
vn 0.014078 0.998905 -0.044626
vn 0.024748 0.998521 -0.048419
vn 0.034548 0.998265 -0.047680
vn 0.040995 0.998197 -0.043839
vn 0.041703 0.998658 -0.030697
vn 0.029770 0.999507 -0.009948
vn 0.014289 0.999718 0.018965
vn -0.000558 0.998823 0.048512
vn -0.015051 0.996172 0.086106
vn -0.036523 0.991956 0.121199
vn -0.050430 0.989526 0.135261
vn -0.054421 0.988648 0.140047
vn -0.051207 0.993037 0.106091
vn -0.039662 0.996992 0.066588
vn -0.019582 0.999565 0.022066
vn -0.001258 0.999976 -0.006837
vn 0.007885 0.999896 -0.012057
vn 0.009503 0.999883 -0.012028
vn 0.010821 0.999877 -0.011361
vn 0.013100 0.999866 -0.009788
vn 0.016938 0.999838 -0.006147
vn 0.018492 0.999829 0.001004
vn 0.014774 0.999870 0.006407
vn 0.011884 0.999921 0.004171
vn 0.005025 0.999981 0.003524
vn -0.009194 0.999942 0.005544
vn -0.024394 0.999618 0.012997
vn -0.038848 0.998970 0.023458
vn -0.047648 0.998309 0.033290
vn -0.052620 0.997705 0.042615
vn -0.061708 0.996684 0.053030
vn -0.070450 0.995368 0.065410
vn -0.078730 0.993684 0.079962
vn -0.087554 0.992076 0.090106
vn -0.090473 0.992583 0.081205
vn -0.089506 0.993861 0.065028
vn -0.080933 0.995316 0.052880
vn -0.074875 0.996082 0.047058
vn -0.085146 0.994828 0.055381
vn -0.101584 0.992678 0.065352
vn -0.091627 0.994207 0.056185
vn -0.059964 0.997691 0.031898
vn -0.016437 0.999842 -0.006806
vn 0.024347 0.998706 -0.044657
vn 0.059941 0.995226 -0.077016
vn 0.086288 0.990844 -0.103835
vn 0.092538 0.988505 -0.119560
vn 0.088262 0.986908 -0.134989
vn 0.086828 0.986391 -0.139622
vn 0.085881 0.985060 -0.149267
vn 0.080992 0.985841 -0.146824
vn 0.072060 0.988002 -0.136598
vn 0.066151 0.989859 -0.125709
vn 0.064137 0.991856 -0.110035
vn 0.061630 0.994290 -0.087120
vn 0.054451 0.996616 -0.061568
vn 0.046378 0.998145 -0.039431
vn 0.035095 0.999099 -0.023863
vn 0.024928 0.999607 -0.012800
vn 0.017346 0.999827 -0.006733
vn 0.013022 0.999912 -0.002379
vn 0.010540 0.999943 -0.001865
vn 0.006094 0.999969 0.004949
vn 0.001320 0.999854 0.017051
vn 0.000732 0.999768 0.021533
vn 0.003880 0.999765 0.021330
vn 0.009076 0.999690 0.023198
vn 0.006340 0.999329 0.036066
vn 0.001515 0.998592 0.053035
vn 0.000998 0.998457 0.055526
vn 0.004374 0.998495 0.054662
vn 0.008624 0.998608 0.052027
vn 0.009981 0.998481 0.054195
vn 0.010424 0.998321 0.056982
vn 0.010316 0.998847 0.046894
vn 0.009343 0.999250 0.037569
vn 0.002266 0.999571 0.029210
vn -0.005593 0.999727 0.022708
vn -0.009689 0.999830 0.015661
vn -0.006973 0.999899 0.012390
vn -0.006539 0.999909 0.011835
vn -0.010374 0.999873 0.012087
vn -0.012873 0.999865 0.010251
vn -0.012414 0.999907 0.005703
vn -0.007842 0.999967 -0.002359
vn -0.003882 0.999963 -0.007686
vn -0.002973 0.999968 -0.007451
vn -0.005386 0.999983 -0.002199
vn -0.009350 0.999948 0.004112
vn -0.012894 0.999901 0.005666
vn -0.015648 0.999848 0.007707
vn -0.020063 0.999762 0.008625
vn -0.018474 0.999785 0.009371
vn -0.015794 0.999866 0.004376
vn -0.009022 0.999943 -0.005712
vn -0.005295 0.999962 -0.006922
vn -0.008135 0.999965 -0.002055
vn -0.010863 0.999941 0.000323
vn -0.010130 0.999933 -0.005577
vn -0.005315 0.999946 -0.008969
vn -0.008124 0.999926 -0.009102
vn -0.018369 0.999827 0.002865
vn -0.029703 0.999488 0.011946
vn -0.025782 0.999555 0.015040
vn -0.018223 0.999768 0.011481
vn -0.002740 0.999996 -0.000923
vn 0.010958 0.999862 -0.012479
vn 0.012735 0.999737 -0.019074
vn 0.010717 0.999794 -0.017209
vn 0.002464 0.999914 -0.012892
vn -0.004939 0.999919 -0.011750
vn -0.011992 0.999848 -0.012627
vn -0.017477 0.999785 -0.011185
vn -0.015850 0.999816 -0.010793
vn -0.006469 0.999878 -0.014231
vn 0.003813 0.999848 -0.016991
vn 0.009101 0.999862 -0.013913
vn 0.011296 0.999919 -0.005858
vn 0.012780 0.999916 -0.002039
vn 0.015372 0.999881 -0.001340
vn 0.010385 0.999944 0.002231
vn 0.006615 0.999956 0.006588
vn 0.005675 0.999976 0.003881
vn 0.007534 0.999953 -0.006166
vn 0.006102 0.999916 -0.011474
vn 0.000302 0.999964 -0.008457
vn -0.002943 0.999991 -0.002910
vn -0.008249 0.999965 0.001453
vn -0.015161 0.999863 0.006670
vn -0.015059 0.999833 0.010394
vn -0.009612 0.999889 0.011396
vn -0.007303 0.999903 0.011879
vn -0.010572 0.999864 0.012674
vn -0.012314 0.999822 0.014264
vn -0.009717 0.999877 0.012283
vn -0.002902 0.999956 0.008886
vn -0.000511 0.999968 0.008001
vn -0.002901 0.999953 0.009274
vn -0.004402 0.999951 0.008841
vn -0.004316 0.999958 0.008116
vn -0.004436 0.999926 0.011367
vn -0.004597 0.999839 0.017325
vn 0.004970 0.999815 0.018602
vn 0.014970 0.999781 0.014604
vn 0.021004 0.999730 0.009953
vn 0.023051 0.999707 0.007434
vn 0.027295 0.999627 0.000560
vn 0.030260 0.999475 -0.011547
vn 0.027872 0.999419 -0.019619
vn 0.018354 0.999692 -0.016688
vn 0.009574 0.999882 -0.012026
vn 0.004141 0.999971 -0.006346
vn 0.004991 0.999976 -0.004909
vn 0.011942 0.999897 -0.007999
vn 0.014480 0.999860 -0.008364
vn 0.010067 0.999946 -0.002674
vn -0.003793 0.999974 0.006190
vn -0.010385 0.999888 0.010757
vn -0.004773 0.999965 0.006858
vn 0.000502 0.999990 0.004551
vn 0.002355 0.999985 0.005021
vn -0.000636 0.999977 0.006762
vn -0.002185 0.999946 0.010121
vn 0.002811 0.999968 0.007483
vn 0.011661 0.999914 0.006049
vn 0.011873 0.999901 0.007504
vn 0.010355 0.999865 0.012764
vn 0.008825 0.999843 0.015339
vn 0.010107 0.999845 0.014429
vn 0.011082 0.999865 0.012125
vn 0.011789 0.999903 0.007469
vn 0.014205 0.999899 -0.000131
vn 0.015111 0.999877 -0.004285
vn 0.011010 0.999939 0.000241
vn 0.004591 0.999941 0.009887
vn 0.006122 0.999805 0.018793
vn 0.008776 0.999786 0.018718
vn 0.006077 0.999765 0.020805
vn -0.001977 0.999536 0.030405
vn -0.007506 0.999208 0.039082
vn -0.004416 0.999025 0.043935
vn 0.003103 0.999130 0.041589
vn 0.011038 0.999393 0.033049
vn 0.020713 0.999583 0.020135
vn 0.028472 0.999579 0.005649
vn 0.031736 0.999493 -0.002528
vn 0.028456 0.999582 -0.005062
vn 0.022932 0.999729 -0.004031
vn 0.015500 0.999829 -0.010043
vn 0.014085 0.999699 -0.020085
vn 0.014407 0.999432 -0.030453
vn 0.013660 0.999424 -0.031069
vn 0.010381 0.999554 -0.027998
vn 0.005620 0.999707 -0.023565
vn 0.002122 0.999706 -0.024137
vn -0.002987 0.999823 -0.018574
vn -0.008571 0.999918 -0.009541
vn -0.013388 0.999910 0.000895
vn -0.014407 0.999889 0.003739
vn -0.013571 0.999868 0.008932
vn -0.012696 0.999741 0.018896
vn -0.011644 0.999702 0.021441
vn -0.008769 0.999834 0.015983
vn -0.005186 0.999942 0.009460
vn -0.002363 0.999877 0.015503
vn -0.002185 0.999807 0.019537
vn -0.002072 0.999817 0.019014
vn -0.000415 0.999947 0.010303
vn 0.000416 0.999986 0.005245
vn 0.000081 0.999997 0.002248
vn 0.000994 0.999999 0.000914
vn 0.003387 0.999990 -0.003026
vn 0.008804 0.999956 -0.003410
vn 0.010776 0.999934 -0.004067
vn 0.009035 0.999958 -0.001275
vn 0.004033 0.999992 -0.000522
vn 0.001141 0.999999 0.000384
vn -0.000741 0.999998 0.001678
vn -0.002084 0.999991 0.003737
vn -0.003046 0.999979 0.005731
vn -0.002454 0.999989 0.003994
vn 0.001977 0.999997 -0.001102
vn -0.003851 0.999966 -0.007281
vn -0.011606 0.999884 -0.009886
vn -0.024638 0.999598 -0.014053
vn -0.022429 0.999695 -0.010300
vn -0.020675 0.999772 -0.005258
vn -0.017590 0.999838 0.003917
vn -0.010909 0.999878 0.011168
vn -0.002977 0.999905 0.013475
vn 0.002878 0.999907 0.013345
vn -0.000105 0.999925 0.012229
vn -0.007546 0.999935 0.008573
vn -0.016612 0.999853 0.004264
vn -0.020584 0.999780 0.003958
vn -0.009091 0.999869 0.013368
vn 0.001810 0.999770 0.021366
vn -0.003881 0.999858 0.016367
vn -0.014698 0.999871 0.006492
vn -0.025306 0.999673 0.003729
vn -0.035210 0.999378 0.002080
vn -0.068730 0.997586 -0.009881
vn -0.103493 0.994320 -0.024823
vn -0.125518 0.991620 -0.030581
vn -0.137931 0.990245 -0.019771
vn -0.141510 0.989927 0.004369
vn -0.132524 0.990576 0.034586
vn -0.126655 0.990651 0.050694
vn -0.121100 0.991228 0.052928
vn -0.108397 0.993329 0.039338
vn -0.098422 0.994694 0.029952
vn -0.089863 0.995689 0.022966
vn -0.082372 0.996415 0.019281
vn -0.071305 0.997349 0.014527
vn -0.054823 0.998424 0.011990
vn -0.039433 0.999171 0.010138
vn -0.031300 0.999473 0.008631
vn -0.033037 0.999453 0.001166
vn -0.037143 0.999305 -0.003161
vn -0.042364 0.999100 -0.001943
vn -0.049043 0.998740 0.010658
vn -0.060404 0.997863 0.024903
vn -0.071778 0.996910 0.031906
vn -0.082229 0.996136 0.030838
vn -0.089903 0.995703 0.022184
vn -0.096178 0.995253 0.014891
vn -0.101570 0.994785 0.009273
vn -0.104736 0.994476 0.007001
vn -0.098907 0.994911 0.019224
vn -0.085567 0.995673 0.036250
vn -0.066415 0.996400 0.052686
vn -0.047483 0.997748 0.047383
vn -0.034853 0.998714 0.036824
vn -0.026075 0.999328 0.025770
vn -0.019398 0.999677 0.016415
vn -0.014343 0.999878 0.006265
vn -0.012409 0.999919 0.002821
vn -0.012029 0.999925 0.002432
vn -0.010991 0.999938 0.001756
vn -0.009574 0.999954 0.000706
vn -0.008153 0.999961 -0.003421
vn -0.004866 0.999935 -0.010337
vn -0.003129 0.999896 -0.014114
vn -0.003439 0.999882 -0.015002
vn -0.005805 0.999853 -0.016131
vn -0.007971 0.999804 -0.018152
vn -0.007297 0.999757 -0.020806
vn -0.003140 0.999857 -0.016622
vn 0.000564 0.999898 -0.014285
vn 0.000587 0.999840 -0.017865
vn -0.004363 0.999805 -0.019261
vn -0.011084 0.999787 -0.017412
vn -0.014943 0.999784 -0.014455
vn -0.013997 0.999797 -0.014474
vn -0.013185 0.999797 -0.015236
vn -0.018194 0.999757 -0.012441
vn -0.021901 0.999673 -0.013167
vn -0.016343 0.999712 -0.017601
vn -0.012925 0.999659 -0.022692
vn -0.012012 0.999620 -0.024813
vn -0.014294 0.999612 -0.023918
vn -0.020540 0.999538 -0.022385
vn -0.022355 0.999549 -0.020070
vn -0.016775 0.999660 -0.019968
vn -0.011142 0.999736 -0.020119
vn -0.010748 0.999768 -0.018667
vn -0.009499 0.999794 -0.017943
vn -0.006950 0.999803 -0.018601
vn -0.004962 0.999818 -0.018440
vn -0.004932 0.999824 -0.018104
vn -0.008041 0.999831 -0.016525
vn -0.010431 0.999853 -0.013627
vn -0.013519 0.999819 -0.013380
vn -0.016850 0.999738 -0.015468
vn -0.019581 0.999718 -0.013466
vn -0.019014 0.999772 -0.009723
vn -0.016158 0.999850 -0.006299
vn -0.012284 0.999920 -0.003028
vn -0.010467 0.999945 0.000212
vn -0.008667 0.999958 0.003027
vn -0.005886 0.999977 0.003534
vn -0.008488 0.999960 0.002641
vn -0.009249 0.999949 0.004160
vn -0.010965 0.999927 0.005080
vn -0.006830 0.999945 0.007963
vn -0.004993 0.999983 0.003155
vn -0.005856 0.999982 0.001088
vn -0.012708 0.999912 -0.003923
vn -0.017605 0.999836 -0.004152
vn -0.019990 0.999797 -0.002611
vn -0.017549 0.999846 -0.000294
vn -0.014523 0.999894 0.001254
vn -0.011188 0.999934 -0.002798
vn -0.008131 0.999892 -0.012223
vn -0.006498 0.999817 -0.018017
vn -0.008306 0.999733 -0.021561
vn -0.013628 0.999826 -0.012769
vn -0.022025 0.999749 -0.004116
vn -0.022125 0.999738 -0.005913
vn -0.018405 0.999724 -0.014633
vn -0.007445 0.999719 -0.022507
vn -0.002062 0.999668 -0.025690
vn -0.007914 0.999848 -0.015561
vn -0.016851 0.999843 -0.005448
vn -0.021825 0.999759 -0.002516
vn -0.018316 0.999812 -0.006306
vn -0.010222 0.999800 -0.017182
vn -0.003837 0.999744 -0.022303
vn -0.002773 0.999709 -0.023961
vn -0.007071 0.999861 -0.015098
vn -0.010208 0.999912 -0.008442
vn -0.011013 0.999937 -0.002150
vn -0.012785 0.999916 -0.002127
vn -0.012959 0.999913 -0.002494
vn -0.011101 0.999906 -0.008065
vn -0.008947 0.999919 -0.009049
vn -0.008986 0.999940 -0.006299
vn -0.010958 0.999938 -0.001890
vn -0.014490 0.999895 -0.000396
vn -0.019416 0.999811 -0.000311
vn -0.022697 0.999729 0.005135
vn -0.023758 0.999675 0.009216
vn -0.021874 0.999719 0.009114
vn -0.020733 0.999757 0.007543
vn -0.018269 0.999816 0.005875
vn -0.016317 0.999854 0.005130
vn -0.015214 0.999881 0.002553
vn -0.014217 0.999894 -0.003270
vn -0.009563 0.999887 -0.011610
vn -0.002677 0.999925 -0.011921
vn 0.001163 0.999974 -0.007192
vn -0.000832 0.999999 0.001132
vn -0.004164 0.999972 0.006295
vn -0.003347 0.999988 0.003684
vn 0.000163 1.000000 -0.000386
vn -0.000793 0.999994 -0.003341
vn -0.001095 0.999981 -0.006164
vn -0.001638 0.999960 -0.008816
vn -0.002708 0.999975 -0.006491
vn 0.000619 0.999994 -0.003463
vn 0.008496 0.999940 -0.006917
vn 0.016236 0.999810 -0.010811
vn 0.009833 0.999941 -0.004581
vn -0.004791 0.999944 0.009396
vn -0.012601 0.999847 0.012097
vn -0.010236 0.999942 0.003499
vn -0.005487 0.999969 -0.005620
vn -0.006869 0.999937 -0.008910
vn -0.013178 0.999902 -0.004842
vn -0.017141 0.999851 -0.002204
vn -0.016823 0.999850 -0.004248
vn -0.018264 0.999822 -0.004797
vn -0.028537 0.999586 0.003611
vn -0.039969 0.999110 0.013515
vn -0.044985 0.998893 0.013794
vn -0.045827 0.998918 0.007983
vn -0.039606 0.999210 -0.003223
vn -0.030696 0.999421 -0.014667
vn -0.024486 0.999422 -0.023584
vn -0.019230 0.999411 -0.028442
vn -0.013397 0.999395 -0.032092
vn -0.004901 0.999362 -0.035394
vn 0.002670 0.999175 -0.040528
vn 0.008793 0.999022 -0.043343
vn 0.009770 0.999064 -0.042142
vn 0.005051 0.999598 -0.027899
vn -0.003196 0.999930 -0.011437
vn -0.011785 0.999895 0.008385
vn -0.017631 0.999510 0.025860
vn -0.020362 0.999012 0.039508
vn -0.018834 0.999197 0.035370
vn -0.019186 0.999201 0.035073
vn -0.031163 0.998459 0.045911
vn -0.038662 0.997925 0.051493
vn -0.037050 0.998564 0.038686
vn -0.032523 0.999279 0.019607
vn -0.027426 0.999617 0.003755
vn -0.023980 0.999703 -0.004448
vn -0.021533 0.999708 -0.010947
vn -0.023288 0.999581 -0.017186
vn -0.027409 0.999366 -0.022740
vn -0.033719 0.998961 -0.030647
vn -0.039587 0.998404 -0.040288
vn -0.036679 0.998385 -0.043390
vn -0.033598 0.998460 -0.044141
vn -0.031981 0.998814 -0.036704
vn -0.034655 0.998990 -0.028606
vn -0.036250 0.999058 -0.023839
vn -0.034333 0.998947 -0.030438
vn -0.030419 0.998717 -0.040477
vn -0.025352 0.998606 -0.046295
vn -0.018431 0.998465 -0.052235
vn -0.011423 0.998300 -0.057146
vn -0.006683 0.997907 -0.064328
vn 0.000046 0.997038 -0.076917
vn 0.017753 0.995111 -0.097154
vn 0.028869 0.992509 -0.118715
vn 0.041311 0.990653 -0.129999
vn 0.015823 0.991091 -0.132239
vn -0.005038 0.988919 -0.148373
vn -0.030603 0.983842 -0.176404
vn -0.036917 0.980110 -0.194992
vn -0.035566 0.979000 -0.200735
vn -0.027127 0.980025 -0.197016
vn -0.011273 0.982136 -0.187835
vn 0.013965 0.986633 -0.162359
vn 0.045753 0.991558 -0.121322
vn 0.059726 0.996488 -0.058695
vn 0.062677 0.997939 -0.013732
vn 0.058787 0.997872 0.028212
vn 0.046032 0.996970 0.062706
vn 0.029716 0.995777 0.086865
vn 0.018021 0.996088 0.086511
vn 0.023413 0.997646 0.064457
vn 0.040664 0.998615 0.033379
vn 0.043762 0.998825 0.020802
vn 0.021221 0.999421 0.026601
vn -0.019542 0.998807 0.044755
vn -0.052950 0.997081 0.055009
vn -0.071329 0.995434 0.063431
vn -0.075761 0.995468 0.057481
vn -0.071428 0.996447 0.044622
vn -0.063227 0.997649 0.026447
vn -0.045166 0.998920 0.010929
vn -0.033851 0.999426 -0.001259
vn -0.036263 0.999301 0.009114
vn -0.041807 0.998801 0.025487
vn -0.043457 0.998351 0.037503
vn -0.041600 0.998162 0.044061
vn -0.038352 0.998177 0.046594
vn -0.036111 0.998392 0.043700
vn -0.035042 0.998699 0.037050
vn -0.036700 0.999099 0.021320
vn -0.039230 0.999161 0.011757
vn -0.040548 0.999102 0.012334
vn -0.035207 0.999313 0.011555
vn -0.024890 0.999679 0.004643
vn -0.016393 0.999861 -0.002917
vn -0.012010 0.999901 -0.007304
vn -0.009915 0.999924 -0.007350
vn -0.010509 0.999939 -0.003541
vn -0.018478 0.999820 0.004345
vn -0.024887 0.999573 0.015324
vn -0.022601 0.999480 0.022992
vn -0.018830 0.999452 0.027217
vn -0.014781 0.999586 0.024705
vn -0.011369 0.999744 0.019560
vn -0.008108 0.999777 0.019483
vn -0.007047 0.999779 0.019792
vn -0.010429 0.999722 0.021165
vn -0.012941 0.999751 0.018171
vn -0.010452 0.999776 0.018392
vn -0.014185 0.999630 0.023203
vn -0.015659 0.999549 0.025623
vn -0.010638 0.999796 0.017201
vn -0.004089 0.999990 0.002040
vn 0.001042 0.999986 -0.005150
vn 0.004484 0.999958 -0.008001
vn 0.005527 0.999968 -0.005817
vn 0.002069 0.999998 0.000301
vn -0.002073 0.999998 0.000347
vn 0.001340 0.999984 -0.005591
vn 0.008788 0.999816 -0.017046
vn 0.012429 0.999626 -0.024356
vn 0.008183 0.999775 -0.019555
vn 0.007785 0.999841 -0.016074
vn 0.017090 0.999672 -0.019059
vn 0.023460 0.999457 -0.023128
vn 0.019889 0.999567 -0.021677
vn 0.013352 0.999756 -0.017620
vn 0.010789 0.999788 -0.017529
vn 0.008531 0.999813 -0.017376
vn 0.001391 0.999909 -0.013432
vn -0.001623 0.999914 -0.013026
vn 0.003665 0.999861 -0.016245
vn 0.002513 0.999888 -0.014770
vn -0.001010 0.999936 -0.011296
vn -0.000326 0.999925 -0.012273
vn -0.000685 0.999905 -0.013765
vn -0.002330 0.999892 -0.014543
vn -0.005502 0.999718 -0.023111
vn -0.005764 0.999249 -0.038320
vn -0.013207 0.999055 -0.041401
vn -0.026987 0.999094 -0.032910
vn -0.035171 0.998987 -0.028077
vn -0.030794 0.998940 -0.034228
vn -0.020613 0.998673 -0.047193
vn -0.016919 0.998212 -0.057324
vn -0.018105 0.997707 -0.065208
vn -0.019619 0.997373 -0.069731
vn -0.016729 0.997134 -0.073786
vn -0.005704 0.997846 -0.065348
vn 0.003149 0.998931 -0.046113
vn 0.005744 0.999925 -0.010794
vn -0.000899 0.999670 0.025660
vn -0.006741 0.998380 0.056501
vn -0.012117 0.998648 0.050562
vn -0.004318 0.999593 0.028183
vn 0.004198 0.999928 -0.011201
vn 0.008529 0.999625 -0.026008
vn 0.007235 0.999468 -0.031816
vn 0.004618 0.999968 -0.006466
vn -0.003228 0.999858 0.016565
vn -0.010011 0.999205 0.038583
vn -0.013162 0.999024 0.042171
vn -0.010260 0.999138 0.040214
vn -0.000366 0.999403 0.034540
vn 0.013508 0.999105 0.040080
vn 0.024670 0.998351 0.051838
vn 0.028914 0.995747 0.087472
vn 0.026929 0.990781 0.132767
vn 0.027800 0.989146 0.144284
vn 0.028054 0.988239 0.150323
vn 0.016873 0.990938 0.133260
vn 0.005271 0.993619 0.112666
vn -0.005153 0.997074 0.076274
vn -0.011708 0.999299 0.035545
vn -0.023467 0.999703 -0.006644
vn -0.026006 0.998910 -0.038764
vn -0.034815 0.996605 -0.074615
vn -0.036552 0.993604 -0.106839
vn -0.036621 0.989202 -0.141913
vn -0.032725 0.984338 -0.173225
vn -0.024828 0.979102 -0.201849
vn -0.014298 0.974303 -0.224787
vn -0.007822 0.977938 -0.208749
vn -0.007247 0.984605 -0.174641
vn -0.005669 0.993024 -0.117773
vn -0.000153 0.997289 -0.073589
vn 0.004512 0.999371 -0.035189
vn 0.004589 0.999812 -0.018840
vn 0.004028 0.999977 -0.005373
vn 0.004289 0.999991 0.000226
vn 0.004832 0.999903 0.013091
vn 0.012056 0.999552 0.027386
vn 0.024042 0.998871 0.040963
vn 0.037646 0.997685 0.056643
vn 0.052496 0.996033 0.071846
vn 0.058076 0.996452 0.060908
vn 0.060911 0.997357 0.039610
vn 0.056718 0.998272 0.015394
vn 0.045128 0.998956 0.007060
vn 0.041587 0.999123 0.004854
vn 0.040394 0.999177 0.003762
vn 0.040410 0.999180 -0.002439
vn 0.040531 0.999122 -0.010600
vn 0.043721 0.998588 -0.030178
vn 0.042708 0.998077 -0.044926
vn 0.042283 0.997685 -0.053255
vn 0.044477 0.998365 -0.035906
vn 0.042461 0.999029 -0.011725
vn 0.036904 0.999156 0.018026
vn 0.039695 0.998706 0.031787
vn 0.047790 0.998285 0.033806
vn 0.059544 0.997854 0.027240
vn 0.067816 0.997413 0.023831
vn 0.073217 0.996983 0.025777
vn 0.077707 0.996187 0.039673
vn 0.082662 0.994945 0.057029
vn 0.083334 0.994629 0.061384
vn 0.091322 0.994440 0.052432
vn 0.085883 0.995841 0.030404
vn 0.085949 0.996182 0.015277
vn 0.087479 0.996162 0.003098
vn 0.081689 0.996651 0.003804
vn 0.064514 0.997864 0.010245
vn 0.042548 0.998995 0.014065
vn 0.039582 0.999109 0.014623
vn 0.035838 0.999129 0.021382
vn 0.031077 0.999076 0.029683
vn 0.020223 0.998970 0.040622
vn 0.010349 0.998705 0.049820
vn 0.005632 0.998683 0.050994
vn 0.010530 0.999083 0.041503
vn 0.010370 0.999387 0.033438
vn 0.000244 0.999455 0.033015
vn -0.008158 0.999393 0.033883
vn -0.006080 0.999494 0.031207
vn 0.003183 0.999657 0.025991
vn 0.006852 0.999663 0.025030
vn 0.004175 0.999623 0.027120
vn -0.000050 0.999474 0.032425
vn -0.003775 0.999155 0.040923
vn -0.007096 0.998538 0.053594
vn -0.011351 0.997891 0.063905
vn -0.018454 0.997668 0.065709
vn -0.030542 0.997439 0.064678
vn -0.050474 0.995968 0.074161
vn -0.065646 0.994213 0.085041
vn -0.076881 0.992584 0.094160
vn -0.100749 0.990342 0.095251
vn -0.123837 0.988535 0.086385
vn -0.142574 0.986670 0.078448
vn -0.148385 0.986141 0.074215
vn -0.152120 0.985907 0.069624
vn -0.152787 0.986121 0.064973
vn -0.135693 0.988404 0.068150
vn -0.114028 0.990853 0.072161
vn -0.104810 0.992688 0.059877
vn -0.108222 0.993037 0.046536
vn -0.104475 0.993454 0.046193
vn -0.095642 0.994083 0.051492
vn -0.089789 0.994500 0.053917
vn -0.087297 0.995124 0.045914
vn -0.074735 0.996579 0.035289
vn -0.037297 0.998984 0.025298
vn 0.008684 0.999929 0.008143
vn 0.035123 0.999252 -0.016186
vn 0.044017 0.998702 -0.025643
vn 0.154758 0.967359 0.200664
vn 0.127839 0.973907 0.187517
vn 0.104895 0.978661 0.176692
vn 0.084659 0.982142 0.168019
vn 0.066160 0.984682 0.161322
vn 0.048470 0.986550 0.156105
vn 0.030857 0.987734 0.153066
vn 0.025051 0.989507 0.142296
vn 0.018970 0.990874 0.133449
vn 0.012615 0.991998 0.125619
vn 0.006222 0.992992 0.118016
vn -0.000243 0.993894 0.110339
vn -0.004391 0.994767 0.102074
vn -0.006392 0.995606 0.093422
vn -0.008884 0.996321 0.085242
vn -0.011953 0.996912 0.077616
vn -0.015430 0.997421 0.070101
vn -0.019128 0.997876 0.062264
vn -0.020365 0.998054 0.058931
vn -0.021142 0.998236 0.055485
vn -0.021489 0.998435 0.051640
vn -0.021255 0.998659 0.047217
vn -0.020261 0.998912 0.041996
vn -0.018429 0.999184 0.035937
vn -0.018736 0.999289 0.032728
vn -0.022896 0.999177 0.033474
vn -0.026506 0.999080 0.033725
vn -0.029558 0.999003 0.033468
vn -0.032070 0.998949 0.032760
vn -0.034210 0.998909 0.031784
vn -0.036231 0.998869 0.030800
vn -0.041169 0.998785 0.027071
vn -0.047155 0.998617 0.023259
vn -0.053839 0.998348 0.020076
vn -0.061432 0.997956 0.017635
vn -0.070130 0.997409 0.016062
vn -0.079045 0.996818 0.010317
vn -0.087300 0.996176 -0.003568
vn -0.096788 0.995147 -0.017718
vn -0.107379 0.993696 -0.032221
vn -0.119033 0.991779 -0.046968
vn -0.132043 0.989308 -0.061927
vn -0.141844 0.986708 -0.079299
vn -0.145965 0.984208 -0.100140
vn -0.145619 0.981423 -0.124912
vn -0.140469 0.978105 -0.153555
vn -0.134461 0.973764 -0.183589
vn -0.127876 0.968258 -0.214764
vn -0.120706 0.961499 -0.246881
vn -0.112928 0.953402 -0.279770
vn -0.104514 0.943885 -0.313301
vn -0.087209 0.937027 -0.338193
vn -0.065391 0.935187 -0.348064
vn -0.044814 0.932890 -0.357362
vn -0.025580 0.930196 -0.366170
vn -0.007819 0.927155 -0.374597
vn 0.008624 0.923863 -0.382626
vn 0.026432 0.920945 -0.388795
vn 0.053999 0.920255 -0.387575
vn 0.080206 0.919043 -0.385911
vn 0.105085 0.917283 -0.384121
vn 0.129277 0.915013 -0.382150
vn 0.153258 0.912216 -0.379965
vn 0.172567 0.910782 -0.375096
vn 0.182373 0.913031 -0.364848
vn 0.193183 0.913959 -0.356875
vn 0.206081 0.913001 -0.352079
vn 0.221603 0.910081 -0.350206
vn 0.239691 0.905275 -0.350751
vn 0.256800 0.900059 -0.352062
vn 0.265064 0.898116 -0.350897
vn 0.274166 0.895557 -0.350443
vn 0.283350 0.895346 -0.343610
vn 0.292457 0.898582 -0.327139
vn 0.303358 0.900036 -0.312903
vn 0.315744 0.899888 -0.300846
vn 0.329521 0.898299 -0.290643
vn 0.344660 0.895357 -0.282038
vn 0.359906 0.892582 -0.271597
vn 0.369066 0.898106 -0.239157
vn 0.378103 0.902287 -0.207163
vn 0.384586 0.906435 -0.174555
vn 0.391077 0.909341 -0.141978
vn 0.397507 0.911067 -0.109290
vn 0.395946 0.915297 -0.073880
vn 0.386494 0.921582 -0.036182
vn 0.376874 0.926264 0.000668
vn 0.366672 0.929593 0.037537
vn 0.354389 0.931992 0.076158
vn 0.338420 0.933553 0.118117
vn 0.314649 0.939435 0.135856
vn 0.284748 0.946019 0.154813
vn 0.250528 0.951847 0.176701
vn 0.215206 0.955962 0.199556
vn 0.182657 0.960341 0.210668
vn -0.036056 0.973721 0.224873
vn -0.059997 0.972548 0.224833
vn -0.084991 0.970563 0.225352
vn -0.110040 0.967941 0.225792
vn -0.133099 0.964694 0.227269
vn -0.155297 0.960937 0.229091
vn -0.177188 0.956497 0.231770
vn -0.198595 0.951184 0.236240
vn -0.210672 0.949102 0.234140
vn -0.220106 0.947711 0.231080
vn -0.229852 0.945804 0.229395
vn -0.240240 0.943287 0.229114
vn -0.251640 0.939893 0.230820
vn -0.263636 0.935693 0.234466
vn -0.265156 0.935434 0.233787
vn -0.267583 0.934450 0.234954
vn -0.270995 0.932721 0.237891
vn -0.275451 0.930236 0.242460
vn -0.280922 0.927014 0.248451
vn -0.287724 0.923686 0.253022
vn -0.291698 0.924786 0.244302
vn -0.295043 0.925823 0.236224
vn -0.299834 0.925859 0.229967
vn -0.306056 0.924896 0.225602
vn -0.313602 0.922967 0.223127
vn -0.322321 0.920120 0.222459
vn -0.332270 0.916316 0.223522
vn -0.333691 0.919241 0.208916
vn -0.334740 0.921666 0.196166
vn -0.336366 0.923038 0.186708
vn -0.334454 0.925309 0.178725
vn -0.334067 0.926647 0.172411
vn -0.334235 0.927682 0.166415
vn -0.320304 0.935908 0.146567
vn -0.307889 0.943012 0.126229
vn -0.296787 0.949168 0.104867
vn -0.286392 0.954634 0.081572
vn -0.275761 0.959607 0.055770
vn -0.264439 0.964008 0.027579
vn -0.253420 0.967356 0.001066
vn -0.244326 0.969400 -0.023846
vn -0.237332 0.970276 -0.047298
vn -0.232612 0.970093 -0.069372
vn -0.230170 0.969016 -0.089605
vn -0.229888 0.967238 -0.107714
vn -0.233137 0.965219 -0.118316
vn -0.239418 0.963396 -0.120611
vn -0.237882 0.963658 -0.121554
vn -0.236126 0.963801 -0.123827
vn -0.234629 0.963689 -0.127490
vn -0.233510 0.963288 -0.132477
vn -0.232710 0.962613 -0.138647
vn -0.232183 0.961666 -0.145908
vn -0.214104 0.964698 -0.153351
vn -0.189607 0.968541 -0.161178
vn -0.165875 0.971487 -0.169403
vn -0.142754 0.973666 -0.177753
vn -0.119870 0.975230 -0.185896
vn -0.096255 0.976756 -0.191526
vn -0.068169 0.979692 -0.188563
vn -0.039427 0.981778 -0.185896
vn -0.009280 0.982977 -0.183494
vn 0.022836 0.983149 -0.181375
vn 0.056463 0.982105 -0.179674
vn 0.082762 0.980982 -0.175569
vn 0.095833 0.981187 -0.167596
vn 0.110356 0.980705 -0.161365
vn 0.122416 0.981160 -0.149462
vn 0.133935 0.981619 -0.135962
vn 0.146789 0.981285 -0.124630
vn 0.160913 0.980198 -0.115403
vn 0.176490 0.978354 -0.108052
vn 0.193522 0.975733 -0.102447
vn 0.201152 0.975010 -0.094306
vn 0.194701 0.977906 -0.076107
vn 0.190101 0.979960 -0.059496
vn 0.187013 0.981372 -0.043992
vn 0.185105 0.982284 -0.029223
vn 0.184241 0.982767 -0.015004
vn 0.178789 0.983876 0.004722
vn 0.168902 0.985184 0.029731
vn 0.159373 0.985717 0.054431
vn 0.149826 0.985517 0.079429
vn 0.139630 0.984488 0.106235
vn 0.128089 0.982352 0.136302
vn 0.113007 0.981402 0.155174
vn 0.088987 0.980806 0.173493
vn 0.056024 0.979310 0.194457
vn 0.022831 0.975829 0.217339
vn -0.008217 0.973545 0.228346
vn 0.222038 0.974738 0.024187
vn 0.212226 0.975711 0.054297
vn 0.201118 0.976398 0.078733
vn 0.183034 0.979300 0.086424
vn 0.165635 0.981560 0.095421
vn 0.148397 0.983356 0.104833
vn 0.130932 0.984692 0.115059
vn 0.113562 0.985396 0.126878
vn 0.098447 0.987158 0.125807
vn 0.085005 0.989672 0.115429
vn 0.072052 0.991860 0.104986
vn 0.059322 0.993804 0.093996
vn 0.046353 0.995546 0.082095
vn 0.034904 0.996865 0.071008
vn 0.029559 0.997631 0.062120
vn 0.026307 0.998174 0.054382
vn 0.023295 0.998620 0.047065
vn 0.020368 0.998999 0.039821
vn 0.017623 0.999304 0.032877
vn 0.015282 0.999526 0.026734
vn 0.012500 0.999680 0.022002
vn 0.007155 0.999788 0.019306
vn 0.003011 0.999822 0.018636
vn -0.000132 0.999802 0.019875
vn -0.002455 0.999732 0.023036
vn -0.004128 0.999596 0.028128
vn -0.004342 0.999488 0.031705
vn -0.003915 0.999379 0.035029
vn -0.004323 0.999168 0.040559
vn -0.005979 0.998836 0.047857
vn -0.009066 0.998374 0.056287
vn -0.013751 0.997732 0.065896
vn -0.017781 0.997352 0.070523
vn -0.022866 0.996953 0.074577
vn -0.029533 0.996427 0.079122
vn -0.037890 0.995726 0.084226
vn -0.048071 0.994801 0.089776
vn -0.060146 0.993609 0.095515
vn -0.073138 0.992283 0.100130
vn -0.086768 0.991682 0.095072
vn -0.100723 0.990725 0.091209
vn -0.115235 0.989372 0.088679
vn -0.130371 0.987606 0.087396
vn -0.145821 0.985457 0.087238
vn -0.161455 0.982934 0.088165
vn -0.174819 0.981577 0.077103
vn -0.187849 0.980152 0.063362
vn -0.201507 0.978156 0.051050
vn -0.215635 0.975651 0.040093
vn -0.230136 0.972686 0.030306
vn -0.243295 0.969734 0.020591
vn -0.248461 0.968623 0.005965
vn -0.253997 0.967165 -0.008813
vn -0.259823 0.965364 -0.023750
vn -0.265864 0.963228 -0.038826
vn -0.272018 0.960778 -0.053967
vn -0.272950 0.959615 -0.068107
vn -0.269088 0.959571 -0.082552
vn -0.265561 0.958998 -0.098999
vn -0.262470 0.957804 -0.117138
vn -0.259979 0.955948 -0.136290
vn -0.232885 0.959900 -0.156067
vn -0.204649 0.962851 -0.176170
vn -0.176076 0.964652 -0.196070
vn -0.147615 0.965320 -0.215331
vn -0.119612 0.964951 -0.233587
vn -0.091817 0.963881 -0.250006
vn -0.065721 0.963919 -0.257954
vn -0.039627 0.963829 -0.263561
vn -0.013787 0.963592 -0.267020
vn 0.011555 0.963161 -0.268678
vn 0.036707 0.962549 -0.268612
vn 0.057699 0.962662 -0.264486
vn 0.075119 0.963555 -0.256749
vn 0.092133 0.964627 -0.246994
vn 0.108471 0.965963 -0.234837
vn 0.123813 0.967413 -0.220867
vn 0.138314 0.968884 -0.205264
vn 0.151566 0.970896 -0.185440
vn 0.165600 0.972695 -0.162610
vn 0.182167 0.973426 -0.138771
vn 0.203317 0.972492 -0.113677
vn 0.221625 0.971791 -0.080653
vn 0.235018 0.971000 -0.043876
vn 0.234036 0.972196 -0.007826
vn -0.003815 0.997784 0.066432
vn -0.030334 0.998684 0.041348
vn -0.039273 0.997869 0.052101
vn -0.042597 0.998431 0.036356
vn -0.020497 0.999457 0.025805
vn -0.001034 0.999846 0.017525
vn -0.019496 0.999696 -0.015113
vn -0.055073 0.997343 -0.047679
vn -0.050492 0.998434 -0.024069
vn -0.048955 0.998373 -0.029244
vn -0.027267 0.999219 -0.028597
vn -0.001512 0.998479 -0.055114
vn -0.031900 0.997971 -0.055094
vn -0.043607 0.998259 -0.039714
vn 0.070061 0.980553 -0.183322
vn 0.145522 0.975859 -0.162859
vn 0.133810 0.976840 -0.166968
vn 0.101379 0.983247 -0.151488
vn 0.125752 0.984655 -0.120998
vn 0.107689 0.982224 -0.153751
vn 0.066412 0.988095 -0.138773
vn 0.045611 0.997501 -0.053950
vn 0.037101 0.999112 -0.019993
vn 0.006297 0.999969 -0.004725
vn 0.010851 0.999923 -0.005987
vn 0.013089 0.999904 0.004464
vn 0.025110 0.999635 0.010010
vn 0.038717 0.999245 -0.003070
vn -0.038069 0.991514 0.124298
vn -0.119744 0.988854 0.088488
vn -0.098138 0.988632 0.113909
vn -0.075712 0.992286 0.098166
vn -0.087021 0.993221 0.077067
vn -0.070776 0.994544 0.076639
vn -0.174990 0.984569 0.001242
vn -0.091250 0.995779 -0.009878
vn -0.106945 0.993581 -0.036886
vn -0.114701 0.991855 -0.055382
vn -0.108049 0.993250 -0.042173
vn -0.094550 0.995193 -0.025507
vn -0.078972 0.996765 -0.014959
vn -0.074070 0.997222 -0.007923
vn -0.046803 0.998890 -0.005281
vn -0.014862 0.999602 -0.023967
vn 0.001331 0.999988 -0.004812
vn -0.002150 0.999997 -0.001207
vn -0.012024 0.999811 0.015305
vn 0.004123 0.999625 0.027089
vn -0.023194 0.999505 0.021272
vn -0.026186 0.997173 0.070427
vn 0.045472 0.997621 0.051815
vn 0.048762 0.996000 0.074882
vn 0.067946 0.995794 0.061465
vn 0.059076 0.997546 0.037583
vn 0.047394 0.998013 0.041529
vn 0.042799 0.996949 0.065277
vn -0.026428 0.998953 0.037330
vn -0.052081 0.998250 0.028013
vn -0.037351 0.998717 0.034199
vn -0.025431 0.999162 0.032080
vn -0.033708 0.998916 0.032097
vn -0.042095 0.998230 0.042006
vn -0.028952 0.998289 0.050813
vn -0.030642 0.999497 0.008171
vn 0.001714 0.999761 -0.021786
vn 0.010170 0.999924 -0.006956
vn 0.021823 0.999721 -0.009052
vn 0.009961 0.999830 -0.015505
vn -0.004315 0.999944 -0.009662
vn -0.085253 0.995181 0.048451
vn -0.119878 0.990100 0.073020
vn -0.132461 0.988533 0.072501
vn -0.141251 0.985594 0.093017
vn -0.171007 0.981190 0.089571
vn -0.176286 0.978053 0.111064
vn -0.143472 0.980133 0.136946
vn -0.117622 0.977985 0.172369
vn -0.040567 0.984340 0.171548
vn 0.019725 0.998696 0.047087
vn 0.033194 0.999047 0.028351
vn 0.028086 0.999049 0.033348
vn 0.039704 0.998832 0.027521
vn 0.034282 0.999064 0.026392
vn 0.016277 0.999602 0.023023
vn 0.103532 0.992693 0.061979
vn 0.100105 0.992645 0.068082
vn 0.096489 0.992569 0.074137
vn 0.092989 0.992422 0.080318
vn 0.087280 0.992488 0.085731
vn 0.081842 0.992447 0.091378
vn 0.075635 0.992535 0.095671
vn 0.069076 0.992632 0.099548
vn 0.062720 0.992611 0.103873
vn 0.056488 0.992488 0.108523
vn 0.050322 0.992283 0.113328
vn 0.044208 0.992007 0.118187
vn 0.037456 0.991806 0.122140
vn 0.029819 0.991751 0.124663
vn 0.022194 0.991686 0.126753
vn 0.014613 0.991655 0.128089
vn 0.006951 0.991641 0.128837
vn -0.000918 0.991552 0.129707
vn -0.006920 0.991689 0.128473
vn -0.012013 0.991931 0.126205
vn -0.017045 0.992153 0.123861
vn -0.022161 0.992353 0.121428
vn -0.027487 0.992533 0.118841
vn -0.032783 0.992692 0.116139
vn -0.033732 0.993076 0.112529
vn -0.034901 0.993438 0.108914
vn -0.036303 0.993781 0.105265
vn -0.037968 0.994108 0.101531
vn -0.039873 0.994410 0.097766
vn -0.041956 0.994704 0.093823
vn -0.044168 0.995134 0.088075
vn -0.046469 0.995537 0.082141
vn -0.048653 0.995918 0.076028
vn -0.050509 0.996274 0.069905
vn -0.051882 0.996605 0.063936
vn -0.052370 0.996957 0.057743
vn -0.051719 0.997357 0.051036
vn -0.050316 0.997745 0.044421
vn -0.048229 0.998117 0.037906
vn -0.045561 0.998467 0.031433
vn -0.042451 0.998785 0.025018
vn -0.038896 0.999074 0.018388
vn -0.034548 0.999347 0.010591
vn -0.030212 0.999540 0.002489
vn -0.024285 0.999691 -0.005349
vn -0.017762 0.999767 -0.012249
vn -0.010591 0.999780 -0.018130
vn -0.002864 0.999727 -0.023165
vn 0.005180 0.999610 -0.027423
vn 0.013299 0.999433 -0.030930
vn 0.019747 0.999249 -0.033336
vn 0.025433 0.999066 -0.034925
vn 0.031081 0.998873 -0.035867
vn 0.036681 0.998673 -0.036146
vn 0.042245 0.998466 -0.035794
vn 0.047784 0.998252 -0.034789
vn 0.053680 0.998054 -0.031720
vn 0.059926 0.997808 -0.028071
vn 0.066359 0.997507 -0.024010
vn 0.072790 0.997153 -0.019676
vn 0.078944 0.996763 -0.015211
vn 0.084875 0.996334 -0.010753
vn 0.089424 0.995981 -0.004990
vn 0.093980 0.995574 0.000969
vn 0.098475 0.995114 0.007165
vn 0.102383 0.994646 0.014056
vn 0.104375 0.994263 0.023378
vn 0.105730 0.993822 0.033752
vn 0.106463 0.993318 0.044557
vn 0.106561 0.992776 0.055137
vn 0.006169 0.999756 0.021225
vn 0.004571 0.999503 0.031184
vn 0.002075 0.999170 0.040677
vn -0.001144 0.998855 0.047826
vn -0.004840 0.998610 0.052492
vn -0.008791 0.998345 0.056825
vn -0.013094 0.998062 0.060834
vn -0.017820 0.997759 0.064494
vn -0.022788 0.997439 0.067797
vn -0.027878 0.997104 0.070761
vn -0.032796 0.996898 0.071540
vn -0.037644 0.996760 0.071080
vn -0.041229 0.996689 0.070086
vn -0.044929 0.996595 0.069132
vn -0.048725 0.996475 0.068290
vn -0.052536 0.996327 0.067621
vn -0.056401 0.996144 0.067197
vn -0.060249 0.995926 0.067089
vn -0.063666 0.995691 0.067433
vn -0.067057 0.995424 0.068082
vn -0.070369 0.995130 0.069024
vn -0.073707 0.994800 0.070283
vn -0.077107 0.994424 0.071934
vn -0.079049 0.994096 0.074327
vn -0.079761 0.993834 0.077016
vn -0.079792 0.993823 0.077131
vn -0.079612 0.993838 0.077123
vn -0.079263 0.993873 0.077026
vn -0.078781 0.993924 0.076868
vn -0.078208 0.993985 0.076668
vn -0.077575 0.994052 0.076443
vn -0.076866 0.994128 0.076171
vn -0.075727 0.994505 0.072280
vn -0.074387 0.994972 0.067058
vn -0.072932 0.995432 0.061612
vn -0.071342 0.995880 0.055974
vn -0.069546 0.996325 0.049997
vn -0.067508 0.996764 0.043632
vn -0.064925 0.997274 0.035056
vn -0.062219 0.997713 0.026424
vn -0.059496 0.998063 0.018157
vn -0.056702 0.998340 0.010064
vn -0.053772 0.998551 0.001974
vn -0.050771 0.998693 -0.005844
vn -0.048389 0.998756 -0.012002
vn -0.046282 0.998784 -0.016981
vn -0.044140 0.998806 -0.020939
vn -0.041867 0.998834 -0.024038
vn -0.039599 0.998863 -0.026550
vn -0.037366 0.998891 -0.028631
vn -0.035202 0.998918 -0.030401
vn -0.033061 0.998941 -0.032006
vn -0.030087 0.998978 -0.033738
vn -0.026857 0.999016 -0.035284
vn -0.023716 0.999055 -0.036418
vn -0.020823 0.999099 -0.036976
vn -0.018035 0.999145 -0.037212
vn -0.013478 0.999213 -0.037309
vn -0.006881 0.999293 -0.036973
vn -0.001054 0.999359 -0.035784
vn 0.003338 0.999470 -0.032395
vn 0.005951 0.999688 -0.024270
vn 0.007186 0.999879 -0.013786
vn 0.007357 0.999971 -0.002117
vn 0.006993 0.999925 0.010015
vn 0.050480 0.998666 -0.010847
vn 0.050177 0.998740 -0.000924
vn 0.048281 0.998806 0.007505
vn 0.044166 0.998945 0.012567
vn 0.040254 0.999030 0.017879
vn 0.036781 0.999045 0.023572
vn 0.033767 0.998984 0.029852
vn 0.031230 0.998837 0.036729
vn 0.027390 0.998781 0.041062
vn 0.022451 0.998904 0.041081
vn 0.017597 0.999061 0.039604
vn 0.013261 0.999165 0.038644
vn 0.009289 0.999230 0.038115
vn 0.005635 0.999264 0.037942
vn 0.002305 0.999322 0.036743
vn -0.000905 0.999416 0.034151
vn -0.004281 0.999493 0.031552
vn -0.007928 0.999551 0.028893
vn -0.011822 0.999587 0.026213
vn -0.015955 0.999596 0.023545
vn -0.020897 0.999586 0.019780
vn -0.026136 0.999529 0.016095
vn -0.031741 0.999418 0.012533
vn -0.037668 0.999248 0.009170
vn -0.043872 0.999019 0.006062
vn -0.050272 0.998730 0.003276
vn -0.058155 0.998306 -0.002004
vn -0.066565 0.997751 -0.007852
vn -0.075221 0.997079 -0.013236
vn -0.083885 0.996312 -0.018030
vn -0.092220 0.995493 -0.022121
vn -0.100317 0.994625 -0.025648
vn -0.108341 0.993698 -0.028756
vn -0.113815 0.992920 -0.034002
vn -0.117832 0.992254 -0.039330
vn -0.120496 0.991731 -0.044168
vn -0.121648 0.991375 -0.048755
vn -0.121449 0.991162 -0.053375
vn -0.119495 0.991130 -0.058162
vn -0.114162 0.991440 -0.063349
vn -0.108494 0.991733 -0.068517
vn -0.102222 0.992024 -0.073749
vn -0.095344 0.992287 -0.079220
vn -0.088362 0.992469 -0.084838
vn -0.081621 0.992618 -0.089704
vn -0.075129 0.992812 -0.093167
vn -0.068779 0.993077 -0.095223
vn -0.062475 0.993413 -0.096062
vn -0.056260 0.993723 -0.096695
vn -0.049934 0.994015 -0.097163
vn -0.043301 0.994291 -0.097517
vn -0.037922 0.994538 -0.097248
vn -0.032619 0.994790 -0.096587
vn -0.027139 0.995041 -0.095694
vn -0.021709 0.995277 -0.094613
vn -0.016539 0.995493 -0.093377
vn -0.011840 0.995691 -0.091974
vn -0.007698 0.995884 -0.090307
vn -0.003566 0.996061 -0.088602
vn 0.000645 0.996220 -0.086869
vn 0.005000 0.996357 -0.085134
vn 0.009186 0.996612 -0.081733
vn 0.013687 0.996855 -0.078055
vn 0.019149 0.997121 -0.073368
vn 0.025912 0.997393 -0.067351
vn 0.032319 0.997614 -0.061013
vn 0.038352 0.997799 -0.054101
vn 0.044199 0.997932 -0.046669
vn 0.047580 0.998277 -0.034329
vn 0.049601 0.998528 -0.021959
vn 0.070814 0.996625 0.041517
vn 0.064825 0.996583 0.051181
vn 0.059177 0.996370 0.061191
vn 0.051870 0.996111 0.071218
vn 0.042276 0.995836 0.080768
vn 0.033029 0.995356 0.090420
vn 0.023889 0.994648 0.100518
vn 0.014139 0.994762 0.101232
vn 0.005021 0.994830 0.101425
vn -0.003242 0.994772 0.102069
vn -0.010577 0.994598 0.103257
vn -0.017814 0.994467 0.103524
vn -0.025852 0.994529 0.101215
vn -0.033574 0.994510 0.099109
vn -0.040986 0.994413 0.097273
vn -0.048130 0.994236 0.095803
vn -0.055330 0.993964 0.094729
vn -0.064006 0.993713 0.091856
vn -0.073475 0.993362 0.088508
vn -0.083137 0.992838 0.085794
vn -0.092828 0.992144 0.083864
vn -0.102800 0.991252 0.082779
vn -0.113150 0.990150 0.082465
vn -0.121256 0.989218 0.082130
vn -0.129234 0.988180 0.082458
vn -0.136854 0.987066 0.083500
vn -0.144265 0.985855 0.085311
vn -0.150925 0.985109 0.082351
vn -0.157233 0.984426 0.078630
vn -0.163081 0.983704 0.075701
vn -0.168074 0.983029 0.073522
vn -0.171914 0.982483 0.071928
vn -0.174626 0.982099 0.070615
vn -0.173326 0.982920 0.061851
vn -0.171119 0.983835 0.052788
vn -0.168325 0.984765 0.043642
vn -0.164808 0.985734 0.034149
vn -0.160305 0.986773 0.024128
vn -0.154909 0.987834 0.013662
vn -0.147309 0.989089 -0.001764
vn -0.139370 0.990097 -0.016876
vn -0.131227 0.990849 -0.031571
vn -0.122388 0.991412 -0.046081
vn -0.111024 0.992039 -0.059438
vn -0.099154 0.992512 -0.071339
vn -0.086786 0.992904 -0.081301
vn -0.073748 0.993259 -0.089431
vn -0.060190 0.993576 -0.095831
vn -0.047025 0.993918 -0.099578
vn -0.035498 0.994362 -0.099918
vn -0.024290 0.994833 -0.098574
vn -0.012627 0.995286 -0.096154
vn -0.000160 0.995667 -0.092995
vn 0.012121 0.996004 -0.088480
vn 0.021100 0.996480 -0.081129
vn 0.027879 0.996986 -0.072405
vn 0.034895 0.997354 -0.063781
vn 0.042436 0.997574 -0.055184
vn 0.050436 0.997639 -0.046620
vn 0.058736 0.997545 -0.038126
vn 0.067080 0.997308 -0.029618
vn 0.072796 0.997180 -0.018232
vn 0.072960 0.997332 -0.002207
vn 0.072879 0.997248 0.013629
vn 0.072535 0.996956 0.028576
vn 0.121829 0.990386 -0.065516
vn 0.114694 0.991925 -0.054136
vn 0.106950 0.993350 -0.042639
vn 0.099486 0.994544 -0.031381
vn 0.092158 0.995543 -0.019998
vn 0.084707 0.996374 -0.007983
vn 0.076887 0.997027 0.005128
vn 0.067854 0.997578 0.015313
vn 0.057971 0.998073 0.022110
vn 0.048601 0.998404 0.028761
vn 0.039935 0.998585 0.035126
vn 0.031894 0.998640 0.041244
vn 0.024337 0.998589 0.047195
vn 0.017261 0.998448 0.052947
vn 0.010362 0.998330 0.056828
vn 0.003728 0.998234 0.059293
vn -0.002604 0.998097 0.061612
vn -0.008755 0.997924 0.063800
vn -0.014735 0.997722 0.065826
vn -0.020573 0.997496 0.067662
vn -0.022714 0.997561 0.065998
vn -0.024825 0.997641 0.064003
vn -0.027218 0.997714 0.061854
vn -0.029978 0.997771 0.059627
vn -0.033140 0.997802 0.057393
vn -0.035630 0.997879 0.054485
vn -0.036574 0.998059 0.050404
vn -0.037755 0.998213 0.046319
vn -0.039240 0.998335 0.042277
vn -0.041117 0.998419 0.038322
vn -0.043453 0.998459 0.034522
vn -0.046275 0.998451 0.030890
vn -0.048010 0.998476 0.027220
vn -0.049348 0.998569 0.020621
vn -0.050688 0.998613 0.014208
vn -0.051964 0.998616 0.008075
vn -0.053161 0.998584 0.002106
vn -0.054342 0.998515 -0.003825
vn -0.055590 0.998407 -0.009620
vn -0.055660 0.998295 -0.017576
vn -0.055544 0.998117 -0.026036
vn -0.055825 0.997849 -0.034360
vn -0.056505 0.997489 -0.042706
vn -0.057573 0.997033 -0.051090
vn -0.058030 0.996547 -0.059383
vn -0.056617 0.996117 -0.067423
vn -0.055452 0.995573 -0.075893
vn -0.054562 0.994876 -0.085111
vn -0.054124 0.994017 -0.094875
vn -0.054325 0.992990 -0.104975
vn -0.054217 0.992132 -0.112847
vn -0.054402 0.991429 -0.118777
vn -0.055718 0.990625 -0.124732
vn -0.052973 0.990018 -0.130609
vn -0.050461 0.989327 -0.136694
vn -0.047846 0.988549 -0.143116
vn -0.044941 0.987631 -0.150220
vn -0.041939 0.986536 -0.158073
vn -0.039043 0.985272 -0.166481
vn -0.028769 0.984403 -0.173561
vn -0.018649 0.983414 -0.180416
vn -0.009016 0.982319 -0.186995
vn 0.000308 0.981123 -0.193386
vn 0.009383 0.979874 -0.199394
vn 0.019567 0.978877 -0.203511
vn 0.032989 0.978497 -0.203606
vn 0.046322 0.978164 -0.202606
vn 0.059742 0.977849 -0.200603
vn 0.073221 0.977513 -0.197755
vn 0.086705 0.977107 -0.194278
vn 0.096009 0.977346 -0.188622
vn 0.103464 0.977816 -0.182130
vn 0.111396 0.978121 -0.175697
vn 0.119552 0.978277 -0.169354
vn 0.127654 0.978309 -0.163141
vn 0.135335 0.978274 -0.157048
vn 0.141329 0.978343 -0.151235
vn 0.143013 0.979014 -0.145187
vn 0.141698 0.980198 -0.138325
vn 0.140587 0.981370 -0.130952
vn 0.139639 0.982581 -0.122622
vn 0.138905 0.983884 -0.112593
vn 0.137669 0.985300 -0.101148
vn 0.132112 0.987278 -0.088480
vn 0.126803 0.988985 -0.076357
vn 0.076770 0.996573 -0.030806
vn 0.078284 0.996515 -0.028791
vn 0.079911 0.996440 -0.026860
vn 0.081620 0.996350 -0.024985
vn 0.083389 0.996249 -0.023132
vn 0.085191 0.996138 -0.021275
vn 0.086345 0.996077 -0.019389
vn 0.086866 0.996067 -0.017457
vn 0.086257 0.996153 -0.015495
vn 0.085407 0.996254 -0.013572
vn 0.084324 0.996369 -0.011751
vn 0.083013 0.996498 -0.009996
vn 0.081234 0.996660 -0.008410
vn 0.079173 0.996836 -0.006990
vn 0.076898 0.997022 -0.005786
vn 0.072659 0.997347 -0.004533
vn 0.067178 0.997735 -0.003449
vn 0.061380 0.998111 -0.002656
vn 0.055471 0.998458 -0.002119
vn 0.049646 0.998765 -0.001807
vn 0.043826 0.999038 -0.001571
vn 0.037350 0.999302 -0.001139
vn 0.031057 0.999517 -0.000926
vn 0.025013 0.999687 -0.000873
vn 0.019228 0.999815 -0.000923
vn 0.013709 0.999906 -0.001029
vn 0.008132 0.999967 -0.001022
vn 0.002292 0.999997 -0.000762
vn -0.003046 0.999994 -0.001520
vn -0.007840 0.999966 -0.002469
vn -0.011922 0.999922 -0.003642
vn -0.015322 0.999870 -0.005020
vn -0.018156 0.999813 -0.006585
vn -0.020370 0.999757 -0.008380
vn -0.022320 0.999699 -0.010149
vn -0.023579 0.999647 -0.012215
vn -0.023916 0.999592 -0.015581
vn -0.023616 0.999534 -0.019369
vn -0.022547 0.999468 -0.023562
vn -0.020569 0.999392 -0.028150
vn -0.017568 0.999298 -0.033098
vn -0.013577 0.999145 -0.039047
vn -0.008851 0.998908 -0.045885
vn -0.003641 0.998595 -0.052867
vn 0.001749 0.998211 -0.059761
vn 0.006139 0.997833 -0.065505
vn 0.010364 0.997437 -0.070792
vn 0.013638 0.997046 -0.075592
vn 0.016594 0.996676 -0.079763
vn 0.019287 0.996345 -0.083213
vn 0.021695 0.996071 -0.085858
vn 0.023912 0.995858 -0.087726
vn 0.025704 0.995800 -0.087872
vn 0.027517 0.995790 -0.087439
vn 0.029377 0.995811 -0.086585
vn 0.031291 0.995855 -0.085409
vn 0.033324 0.995915 -0.083920
vn 0.035455 0.996003 -0.081981
vn 0.037491 0.996145 -0.079305
vn 0.039664 0.996280 -0.076503
vn 0.041959 0.996399 -0.073673
vn 0.044420 0.996499 -0.070833
vn 0.047102 0.996574 -0.067980
vn 0.048933 0.996708 -0.064644
vn 0.050654 0.996840 -0.061194
vn 0.052708 0.996931 -0.057889
vn 0.055160 0.996979 -0.054678
vn 0.058037 0.996983 -0.051546
vn 0.061290 0.996935 -0.048613
vn 0.064558 0.996868 -0.045671
vn 0.065936 0.996929 -0.042246
vn 0.067679 0.996931 -0.039340
vn 0.069819 0.996880 -0.036831
vn 0.072229 0.996786 -0.034662
vn 0.074801 0.996660 -0.032758

f 550/550/550 551/551/551 1/1/1
f 1/1/1 551/551/551 2/2/2
f 551/551/551 552/552/552 2/2/2
f 2/2/2 552/552/552 3/3/3
f 552/552/552 553/553/553 3/3/3
f 3/3/3 553/553/553 4/4/4
f 553/553/553 554/554/554 4/4/4
f 4/4/4 554/554/554 5/5/5
f 554/554/554 555/555/555 5/5/5
f 5/5/5 555/555/555 6/6/6
f 555/555/555 556/556/556 6/6/6
f 6/6/6 556/556/556 7/7/7
f 556/556/556 557/557/557 7/7/7
f 7/7/7 557/557/557 8/8/8
f 557/557/557 558/558/558 8/8/8
f 8/8/8 558/558/558 9/9/9
f 558/558/558 559/559/559 9/9/9
f 9/9/9 559/559/559 10/10/10
f 559/559/559 560/560/560 10/10/10
f 10/10/10 560/560/560 11/11/11
f 560/560/560 561/561/561 11/11/11
f 11/11/11 561/561/561 12/12/12
f 561/561/561 562/562/562 12/12/12
f 12/12/12 562/562/562 13/13/13
f 562/562/562 563/563/563 13/13/13
f 13/13/13 563/563/563 14/14/14
f 563/563/563 564/564/564 14/14/14
f 14/14/14 564/564/564 15/15/15
f 564/564/564 565/565/565 15/15/15
f 15/15/15 565/565/565 16/16/16
f 565/565/565 566/566/566 16/16/16
f 16/16/16 566/566/566 17/17/17
f 566/566/566 567/567/567 17/17/17
f 17/17/17 567/567/567 18/18/18
f 567/567/567 568/568/568 18/18/18
f 18/18/18 568/568/568 19/19/19
f 568/568/568 569/569/569 19/19/19
f 19/19/19 569/569/569 20/20/20
f 569/569/569 570/570/570 20/20/20
f 20/20/20 570/570/570 21/21/21
f 570/570/570 571/571/571 21/21/21
f 21/21/21 571/571/571 22/22/22
f 571/571/571 572/572/572 22/22/22
f 22/22/22 572/572/572 23/23/23
f 572/572/572 573/573/573 23/23/23
f 23/23/23 573/573/573 24/24/24
f 573/573/573 574/574/574 24/24/24
f 24/24/24 574/574/574 25/25/25
f 574/574/574 575/575/575 25/25/25
f 25/25/25 575/575/575 26/26/26
f 575/575/575 576/576/576 26/26/26
f 26/26/26 576/576/576 27/27/27
f 576/576/576 577/577/577 27/27/27
f 27/27/27 577/577/577 28/28/28
f 577/577/577 578/578/578 28/28/28
f 28/28/28 578/578/578 29/29/29
f 578/578/578 579/579/579 29/29/29
f 29/29/29 579/579/579 30/30/30
f 579/579/579 580/580/580 30/30/30
f 30/30/30 580/580/580 31/31/31
f 580/580/580 581/581/581 31/31/31
f 31/31/31 581/581/581 32/32/32
f 581/581/581 582/582/582 32/32/32
f 32/32/32 582/582/582 33/33/33
f 582/582/582 583/583/583 33/33/33
f 33/33/33 583/583/583 34/34/34
f 583/583/583 584/584/584 34/34/34
f 34/34/34 584/584/584 35/35/35
f 584/584/584 585/585/585 35/35/35
f 35/35/35 585/585/585 36/36/36
f 585/585/585 586/586/586 36/36/36
f 36/36/36 586/586/586 37/37/37
f 586/586/586 587/587/587 37/37/37
f 37/37/37 587/587/587 38/38/38
f 587/587/587 588/588/588 38/38/38
f 38/38/38 588/588/588 39/39/39
f 588/588/588 589/589/589 39/39/39
f 39/39/39 589/589/589 40/40/40
f 589/589/589 590/590/590 40/40/40
f 40/40/40 590/590/590 41/41/41
f 590/590/590 591/591/591 41/41/41
f 41/41/41 591/591/591 42/42/42
f 591/591/591 592/592/592 42/42/42
f 42/42/42 592/592/592 43/43/43
f 592/592/592 593/593/593 43/43/43
f 43/43/43 593/593/593 44/44/44
f 593/593/593 594/594/594 44/44/44
f 44/44/44 594/594/594 45/45/45
f 594/594/594 595/595/595 45/45/45
f 45/45/45 595/595/595 46/46/46
f 595/595/595 596/596/596 46/46/46
f 46/46/46 596/596/596 47/47/47
f 596/596/596 597/597/597 47/47/47
f 47/47/47 597/597/597 48/48/48
f 597/597/597 598/598/598 48/48/48
f 48/48/48 598/598/598 49/49/49
f 598/598/598 599/599/599 49/49/49
f 49/49/49 599/599/599 50/50/50
f 599/599/599 600/600/600 50/50/50
f 50/50/50 600/600/600 51/51/51
f 600/600/600 601/601/601 51/51/51
f 51/51/51 601/601/601 52/52/52
f 601/601/601 602/602/602 52/52/52
f 52/52/52 602/602/602 53/53/53
f 602/602/602 603/603/603 53/53/53
f 53/53/53 603/603/603 54/54/54
f 603/603/603 604/604/604 54/54/54
f 54/54/54 604/604/604 55/55/55
f 604/604/604 605/605/605 55/55/55
f 55/55/55 605/605/605 56/56/56
f 605/605/605 606/606/606 56/56/56
f 56/56/56 606/606/606 57/57/57
f 606/606/606 607/607/607 57/57/57
f 57/57/57 607/607/607 58/58/58
f 607/607/607 608/608/608 58/58/58
f 58/58/58 608/608/608 59/59/59
f 608/608/608 609/609/609 59/59/59
f 59/59/59 609/609/609 60/60/60
f 609/609/609 610/610/610 60/60/60
f 60/60/60 610/610/610 61/61/61
f 610/610/610 611/611/611 61/61/61
f 61/61/61 611/611/611 62/62/62
f 611/611/611 612/612/612 62/62/62
f 62/62/62 612/612/612 63/63/63
f 612/612/612 613/613/613 63/63/63
f 63/63/63 613/613/613 64/64/64
f 613/613/613 614/614/614 64/64/64
f 64/64/64 614/614/614 65/65/65
f 614/614/614 615/615/615 65/65/65
f 65/65/65 615/615/615 66/66/66
f 615/615/615 616/616/616 66/66/66
f 66/66/66 616/616/616 67/67/67
f 616/616/616 617/617/617 67/67/67
f 67/67/67 617/617/617 68/68/68
f 617/617/617 618/618/618 68/68/68
f 68/68/68 618/618/618 69/69/69
f 618/618/618 619/619/619 69/69/69
f 69/69/69 619/619/619 70/70/70
f 619/619/619 620/620/620 70/70/70
f 70/70/70 620/620/620 71/71/71
f 620/620/620 621/621/621 71/71/71
f 71/71/71 621/621/621 72/72/72
f 621/621/621 622/622/622 72/72/72
f 72/72/72 622/622/622 73/73/73
f 622/622/622 623/623/623 73/73/73
f 73/73/73 623/623/623 74/74/74
f 623/623/623 624/624/624 74/74/74
f 74/74/74 624/624/624 75/75/75
f 624/624/624 625/625/625 75/75/75
f 75/75/75 625/625/625 76/76/76
f 625/625/625 626/626/626 76/76/76
f 76/76/76 626/626/626 77/77/77
f 626/626/626 627/627/627 77/77/77
f 77/77/77 627/627/627 78/78/78
f 627/627/627 628/628/628 78/78/78
f 78/78/78 628/628/628 79/79/79
f 628/628/628 629/629/629 79/79/79
f 79/79/79 629/629/629 80/80/80
f 629/629/629 630/630/630 80/80/80
f 80/80/80 630/630/630 81/81/81
f 630/630/630 631/631/631 81/81/81
f 81/81/81 631/631/631 82/82/82
f 631/631/631 632/632/632 82/82/82
f 82/82/82 632/632/632 83/83/83
f 632/632/632 633/633/633 83/83/83
f 83/83/83 633/633/633 84/84/84
f 633/633/633 634/634/634 84/84/84
f 84/84/84 634/634/634 85/85/85
f 634/634/634 635/635/635 85/85/85
f 85/85/85 635/635/635 86/86/86
f 635/635/635 636/636/636 86/86/86
f 86/86/86 636/636/636 87/87/87
f 636/636/636 637/637/637 87/87/87
f 87/87/87 637/637/637 88/88/88
f 637/637/637 638/638/638 88/88/88
f 88/88/88 638/638/638 89/89/89
f 638/638/638 639/639/639 89/89/89
f 89/89/89 639/639/639 90/90/90
f 639/639/639 640/640/640 90/90/90
f 90/90/90 640/640/640 91/91/91
f 640/640/640 641/641/641 91/91/91
f 91/91/91 641/641/641 92/92/92
f 641/641/641 642/642/642 92/92/92
f 92/92/92 642/642/642 93/93/93
f 642/642/642 643/643/643 93/93/93
f 93/93/93 643/643/643 94/94/94
f 643/643/643 644/644/644 94/94/94
f 94/94/94 644/644/644 95/95/95
f 644/644/644 645/645/645 95/95/95
f 95/95/95 645/645/645 96/96/96
f 645/645/645 646/646/646 96/96/96
f 96/96/96 646/646/646 97/97/97
f 646/646/646 647/647/647 97/97/97
f 97/97/97 647/647/647 98/98/98
f 647/647/647 648/648/648 98/98/98
f 98/98/98 648/648/648 99/99/99
f 648/648/648 649/649/649 99/99/99
f 99/99/99 649/649/649 100/100/100
f 649/649/649 650/650/650 100/100/100
f 100/100/100 650/650/650 101/101/101
f 650/650/650 651/651/651 101/101/101
f 101/101/101 651/651/651 102/102/102
f 651/651/651 652/652/652 102/102/102
f 102/102/102 652/652/652 103/103/103
f 652/652/652 653/653/653 103/103/103
f 103/103/103 653/653/653 104/104/104
f 653/653/653 654/654/654 104/104/104
f 104/104/104 654/654/654 105/105/105
f 654/654/654 655/655/655 105/105/105
f 105/105/105 655/655/655 106/106/106
f 655/655/655 656/656/656 106/106/106
f 106/106/106 656/656/656 107/107/107
f 656/656/656 657/657/657 107/107/107
f 107/107/107 657/657/657 108/108/108
f 657/657/657 658/658/658 108/108/108
f 108/108/108 658/658/658 109/109/109
f 658/658/658 659/659/659 109/109/109
f 109/109/109 659/659/659 110/110/110
f 659/659/659 660/660/660 110/110/110
f 110/110/110 660/660/660 111/111/111
f 660/660/660 661/661/661 111/111/111
f 111/111/111 661/661/661 112/112/112
f 661/661/661 662/662/662 112/112/112
f 112/112/112 662/662/662 113/113/113
f 662/662/662 663/663/663 113/113/113
f 113/113/113 663/663/663 114/114/114
f 663/663/663 664/664/664 114/114/114
f 114/114/114 664/664/664 115/115/115
f 664/664/664 665/665/665 115/115/115
f 115/115/115 665/665/665 116/116/116
f 665/665/665 666/666/666 116/116/116
f 116/116/116 666/666/666 117/117/117
f 666/666/666 667/667/667 117/117/117
f 117/117/117 667/667/667 118/118/118
f 667/667/667 668/668/668 118/118/118
f 118/118/118 668/668/668 119/119/119
f 668/668/668 669/669/669 119/119/119
f 119/119/119 669/669/669 120/120/120
f 669/669/669 670/670/670 120/120/120
f 120/120/120 670/670/670 121/121/121
f 670/670/670 671/671/671 121/121/121
f 121/121/121 671/671/671 122/122/122
f 671/671/671 672/672/672 122/122/122
f 122/122/122 672/672/672 123/123/123
f 672/672/672 673/673/673 123/123/123
f 123/123/123 673/673/673 124/124/124
f 673/673/673 674/674/674 124/124/124
f 124/124/124 674/674/674 125/125/125
f 674/674/674 675/675/675 125/125/125
f 125/125/125 675/675/675 126/126/126
f 675/675/675 676/676/676 126/126/126
f 126/126/126 676/676/676 127/127/127
f 676/676/676 677/677/677 127/127/127
f 127/127/127 677/677/677 128/128/128
f 677/677/677 678/678/678 128/128/128
f 128/128/128 678/678/678 129/129/129
f 678/678/678 679/679/679 129/129/129
f 129/129/129 679/679/679 130/130/130
f 679/679/679 680/680/680 130/130/130
f 130/130/130 680/680/680 131/131/131
f 680/680/680 681/681/681 131/131/131
f 131/131/131 681/681/681 132/132/132
f 681/681/681 682/682/682 132/132/132
f 132/132/132 682/682/682 133/133/133
f 682/682/682 683/683/683 133/133/133
f 133/133/133 683/683/683 134/134/134
f 683/683/683 684/684/684 134/134/134
f 134/134/134 684/684/684 135/135/135
f 684/684/684 685/685/685 135/135/135
f 135/135/135 685/685/685 136/136/136
f 685/685/685 686/686/686 136/136/136
f 136/136/136 686/686/686 137/137/137
f 686/686/686 687/687/687 137/137/137
f 137/137/137 687/687/687 138/138/138
f 687/687/687 688/688/688 138/138/138
f 138/138/138 688/688/688 139/139/139
f 688/688/688 689/689/689 139/139/139
f 139/139/139 689/689/689 140/140/140
f 689/689/689 690/690/690 140/140/140
f 140/140/140 690/690/690 141/141/141
f 690/690/690 691/691/691 141/141/141
f 141/141/141 691/691/691 142/142/142
f 691/691/691 692/692/692 142/142/142
f 142/142/142 692/692/692 143/143/143
f 692/692/692 693/693/693 143/143/143
f 143/143/143 693/693/693 144/144/144
f 693/693/693 694/694/694 144/144/144
f 144/144/144 694/694/694 145/145/145
f 694/694/694 695/695/695 145/145/145
f 145/145/145 695/695/695 146/146/146
f 695/695/695 696/696/696 146/146/146
f 146/146/146 696/696/696 147/147/147
f 696/696/696 697/697/697 147/147/147
f 147/147/147 697/697/697 148/148/148
f 697/697/697 698/698/698 148/148/148
f 148/148/148 698/698/698 149/149/149
f 698/698/698 699/699/699 149/149/149
f 149/149/149 699/699/699 150/150/150
f 699/699/699 700/700/700 150/150/150
f 150/150/150 700/700/700 151/151/151
f 700/700/700 701/701/701 151/151/151
f 151/151/151 701/701/701 152/152/152
f 701/701/701 702/702/702 152/152/152
f 152/152/152 702/702/702 153/153/153
f 702/702/702 703/703/703 153/153/153
f 153/153/153 703/703/703 154/154/154
f 703/703/703 704/704/704 154/154/154
f 154/154/154 704/704/704 155/155/155
f 704/704/704 705/705/705 155/155/155
f 155/155/155 705/705/705 156/156/156
f 705/705/705 706/706/706 156/156/156
f 156/156/156 706/706/706 157/157/157
f 706/706/706 707/707/707 157/157/157
f 157/157/157 707/707/707 158/158/158
f 707/707/707 708/708/708 158/158/158
f 158/158/158 708/708/708 159/159/159
f 708/708/708 709/709/709 159/159/159
f 159/159/159 709/709/709 160/160/160
f 709/709/709 710/710/710 160/160/160
f 160/160/160 710/710/710 161/161/161
f 710/710/710 711/711/711 161/161/161
f 161/161/161 711/711/711 162/162/162
f 711/711/711 712/712/712 162/162/162
f 162/162/162 712/712/712 163/163/163
f 712/712/712 713/713/713 163/163/163
f 163/163/163 713/713/713 164/164/164
f 713/713/713 714/714/714 164/164/164
f 164/164/164 714/714/714 165/165/165
f 714/714/714 715/715/715 165/165/165
f 165/165/165 715/715/715 166/166/166
f 715/715/715 716/716/716 166/166/166
f 166/166/166 716/716/716 167/167/167
f 716/716/716 717/717/717 167/167/167
f 167/167/167 717/717/717 168/168/168
f 717/717/717 718/718/718 168/168/168
f 168/168/168 718/718/718 169/169/169
f 718/718/718 719/719/719 169/169/169
f 169/169/169 719/719/719 170/170/170
f 719/719/719 720/720/720 170/170/170
f 170/170/170 720/720/720 171/171/171
f 720/720/720 721/721/721 171/171/171
f 171/171/171 721/721/721 172/172/172
f 721/721/721 722/722/722 172/172/172
f 172/172/172 722/722/722 173/173/173
f 722/722/722 723/723/723 173/173/173
f 173/173/173 723/723/723 174/174/174
f 723/723/723 724/724/724 174/174/174
f 174/174/174 724/724/724 175/175/175
f 724/724/724 725/725/725 175/175/175
f 175/175/175 725/725/725 176/176/176
f 725/725/725 726/726/726 176/176/176
f 176/176/176 726/726/726 177/177/177
f 726/726/726 727/727/727 177/177/177
f 177/177/177 727/727/727 178/178/178
f 727/727/727 728/728/728 178/178/178
f 178/178/178 728/728/728 179/179/179
f 728/728/728 729/729/729 179/179/179
f 179/179/179 729/729/729 180/180/180
f 729/729/729 730/730/730 180/180/180
f 180/180/180 730/730/730 181/181/181
f 730/730/730 731/731/731 181/181/181
f 181/181/181 731/731/731 182/182/182
f 731/731/731 732/732/732 182/182/182
f 182/182/182 732/732/732 183/183/183
f 732/732/732 733/733/733 183/183/183
f 183/183/183 733/733/733 184/184/184
f 733/733/733 734/734/734 184/184/184
f 184/184/184 734/734/734 185/185/185
f 734/734/734 735/735/735 185/185/185
f 185/185/185 735/735/735 186/186/186
f 735/735/735 736/736/736 186/186/186
f 186/186/186 736/736/736 187/187/187
f 736/736/736 737/737/737 187/187/187
f 187/187/187 737/737/737 188/188/188
f 737/737/737 738/738/738 188/188/188
f 188/188/188 738/738/738 189/189/189
f 738/738/738 739/739/739 189/189/189
f 189/189/189 739/739/739 190/190/190
f 739/739/739 740/740/740 190/190/190
f 190/190/190 740/740/740 191/191/191
f 740/740/740 741/741/741 191/191/191
f 191/191/191 741/741/741 192/192/192
f 741/741/741 742/742/742 192/192/192
f 192/192/192 742/742/742 193/193/193
f 742/742/742 743/743/743 193/193/193
f 193/193/193 743/743/743 194/194/194
f 743/743/743 744/744/744 194/194/194
f 194/194/194 744/744/744 195/195/195
f 744/744/744 745/745/745 195/195/195
f 195/195/195 745/745/745 196/196/196
f 745/745/745 746/746/746 196/196/196
f 196/196/196 746/746/746 197/197/197
f 746/746/746 747/747/747 197/197/197
f 197/197/197 747/747/747 198/198/198
f 747/747/747 748/748/748 198/198/198
f 198/198/198 748/748/748 199/199/199
f 748/748/748 749/749/749 199/199/199
f 199/199/199 749/749/749 200/200/200
f 749/749/749 750/750/750 200/200/200
f 200/200/200 750/750/750 201/201/201
f 750/750/750 751/751/751 201/201/201
f 201/201/201 751/751/751 202/202/202
f 751/751/751 752/752/752 202/202/202
f 202/202/202 752/752/752 203/203/203
f 752/752/752 753/753/753 203/203/203
f 203/203/203 753/753/753 204/204/204
f 753/753/753 754/754/754 204/204/204
f 204/204/204 754/754/754 205/205/205
f 754/754/754 755/755/755 205/205/205
f 205/205/205 755/755/755 206/206/206
f 755/755/755 756/756/756 206/206/206
f 206/206/206 756/756/756 207/207/207
f 756/756/756 757/757/757 207/207/207
f 207/207/207 757/757/757 208/208/208
f 757/757/757 758/758/758 208/208/208
f 208/208/208 758/758/758 209/209/209
f 758/758/758 759/759/759 209/209/209
f 209/209/209 759/759/759 210/210/210
f 759/759/759 760/760/760 210/210/210
f 210/210/210 760/760/760 211/211/211
f 760/760/760 761/761/761 211/211/211
f 211/211/211 761/761/761 212/212/212
f 761/761/761 762/762/762 212/212/212
f 212/212/212 762/762/762 213/213/213
f 762/762/762 763/763/763 213/213/213
f 213/213/213 763/763/763 214/214/214
f 763/763/763 764/764/764 214/214/214
f 214/214/214 764/764/764 215/215/215
f 764/764/764 765/765/765 215/215/215
f 215/215/215 765/765/765 216/216/216
f 765/765/765 766/766/766 216/216/216
f 216/216/216 766/766/766 217/217/217
f 766/766/766 767/767/767 217/217/217
f 217/217/217 767/767/767 218/218/218
f 767/767/767 768/768/768 218/218/218
f 218/218/218 768/768/768 219/219/219
f 768/768/768 769/769/769 219/219/219
f 219/219/219 769/769/769 220/220/220
f 769/769/769 770/770/770 220/220/220
f 220/220/220 770/770/770 221/221/221
f 770/770/770 771/771/771 221/221/221
f 221/221/221 771/771/771 222/222/222
f 771/771/771 772/772/772 222/222/222
f 222/222/222 772/772/772 223/223/223
f 772/772/772 773/773/773 223/223/223
f 223/223/223 773/773/773 224/224/224
f 773/773/773 774/774/774 224/224/224
f 224/224/224 774/774/774 225/225/225
f 774/774/774 775/775/775 225/225/225
f 225/225/225 775/775/775 226/226/226
f 775/775/775 776/776/776 226/226/226
f 226/226/226 776/776/776 227/227/227
f 776/776/776 777/777/777 227/227/227
f 227/227/227 777/777/777 228/228/228
f 777/777/777 778/778/778 228/228/228
f 228/228/228 778/778/778 229/229/229
f 778/778/778 779/779/779 229/229/229
f 229/229/229 779/779/779 230/230/230
f 779/779/779 780/780/780 230/230/230
f 230/230/230 780/780/780 231/231/231
f 780/780/780 781/781/781 231/231/231
f 231/231/231 781/781/781 232/232/232
f 781/781/781 782/782/782 232/232/232
f 232/232/232 782/782/782 233/233/233
f 782/782/782 783/783/783 233/233/233
f 233/233/233 783/783/783 234/234/234
f 783/783/783 784/784/784 234/234/234
f 234/234/234 784/784/784 235/235/235
f 784/784/784 785/785/785 235/235/235
f 235/235/235 785/785/785 236/236/236
f 785/785/785 786/786/786 236/236/236
f 236/236/236 786/786/786 237/237/237
f 786/786/786 787/787/787 237/237/237
f 237/237/237 787/787/787 238/238/238
f 787/787/787 788/788/788 238/238/238
f 238/238/238 788/788/788 239/239/239
f 788/788/788 789/789/789 239/239/239
f 239/239/239 789/789/789 240/240/240
f 789/789/789 790/790/790 240/240/240
f 240/240/240 790/790/790 241/241/241
f 790/790/790 791/791/791 241/241/241
f 241/241/241 791/791/791 242/242/242
f 791/791/791 792/792/792 242/242/242
f 242/242/242 792/792/792 243/243/243
f 792/792/792 793/793/793 243/243/243
f 243/243/243 793/793/793 244/244/244
f 793/793/793 794/794/794 244/244/244
f 244/244/244 794/794/794 245/245/245
f 794/794/794 795/795/795 245/245/245
f 245/245/245 795/795/795 246/246/246
f 795/795/795 796/796/796 246/246/246
f 246/246/246 796/796/796 247/247/247
f 796/796/796 797/797/797 247/247/247
f 247/247/247 797/797/797 248/248/248
f 797/797/797 798/798/798 248/248/248
f 248/248/248 798/798/798 249/249/249
f 798/798/798 799/799/799 249/249/249
f 249/249/249 799/799/799 250/250/250
f 799/799/799 800/800/800 250/250/250
f 250/250/250 800/800/800 251/251/251
f 800/800/800 801/801/801 251/251/251
f 251/251/251 801/801/801 252/252/252
f 801/801/801 802/802/802 252/252/252
f 252/252/252 802/802/802 253/253/253
f 802/802/802 803/803/803 253/253/253
f 253/253/253 803/803/803 254/254/254
f 803/803/803 804/804/804 254/254/254
f 254/254/254 804/804/804 255/255/255
f 804/804/804 805/805/805 255/255/255
f 255/255/255 805/805/805 256/256/256
f 805/805/805 806/806/806 256/256/256
f 256/256/256 806/806/806 257/257/257
f 806/806/806 807/807/807 257/257/257
f 257/257/257 807/807/807 258/258/258
f 807/807/807 808/808/808 258/258/258
f 258/258/258 808/808/808 259/259/259
f 808/808/808 809/809/809 259/259/259
f 259/259/259 809/809/809 260/260/260
f 809/809/809 810/810/810 260/260/260
f 260/260/260 810/810/810 261/261/261
f 810/810/810 811/811/811 261/261/261
f 261/261/261 811/811/811 262/262/262
f 811/811/811 812/812/812 262/262/262
f 262/262/262 812/812/812 263/263/263
f 812/812/812 813/813/813 263/263/263
f 263/263/263 813/813/813 264/264/264
f 813/813/813 814/814/814 264/264/264
f 264/264/264 814/814/814 265/265/265
f 814/814/814 815/815/815 265/265/265
f 265/265/265 815/815/815 266/266/266
f 815/815/815 816/816/816 266/266/266
f 266/266/266 816/816/816 267/267/267
f 816/816/816 817/817/817 267/267/267
f 267/267/267 817/817/817 268/268/268
f 817/817/817 818/818/818 268/268/268
f 268/268/268 818/818/818 269/269/269
f 818/818/818 819/819/819 269/269/269
f 269/269/269 819/819/819 270/270/270
f 819/819/819 820/820/820 270/270/270
f 270/270/270 820/820/820 271/271/271
f 820/820/820 821/821/821 271/271/271
f 271/271/271 821/821/821 272/272/272
f 821/821/821 822/822/822 272/272/272
f 272/272/272 822/822/822 273/273/273
f 822/822/822 823/823/823 273/273/273
f 273/273/273 823/823/823 274/274/274
f 823/823/823 824/824/824 274/274/274
f 274/274/274 824/824/824 275/275/275
f 824/824/824 825/825/825 275/275/275
f 275/275/275 825/825/825 276/276/276
f 825/825/825 826/826/826 276/276/276
f 276/276/276 826/826/826 277/277/277
f 826/826/826 827/827/827 277/277/277
f 277/277/277 827/827/827 278/278/278
f 827/827/827 828/828/828 278/278/278
f 278/278/278 828/828/828 279/279/279
f 828/828/828 829/829/829 279/279/279
f 279/279/279 829/829/829 280/280/280
f 829/829/829 830/830/830 280/280/280
f 280/280/280 830/830/830 281/281/281
f 830/830/830 831/831/831 281/281/281
f 281/281/281 831/831/831 282/282/282
f 831/831/831 832/832/832 282/282/282
f 282/282/282 832/832/832 283/283/283
f 832/832/832 833/833/833 283/283/283
f 283/283/283 833/833/833 284/284/284
f 833/833/833 834/834/834 284/284/284
f 284/284/284 834/834/834 285/285/285
f 834/834/834 835/835/835 285/285/285
f 285/285/285 835/835/835 286/286/286
f 835/835/835 836/836/836 286/286/286
f 286/286/286 836/836/836 287/287/287
f 836/836/836 837/837/837 287/287/287
f 287/287/287 837/837/837 288/288/288
f 837/837/837 838/838/838 288/288/288
f 288/288/288 838/838/838 289/289/289
f 838/838/838 839/839/839 289/289/289
f 289/289/289 839/839/839 290/290/290
f 839/839/839 840/840/840 290/290/290
f 290/290/290 840/840/840 291/291/291
f 840/840/840 841/841/841 291/291/291
f 291/291/291 841/841/841 292/292/292
f 841/841/841 842/842/842 292/292/292
f 292/292/292 842/842/842 293/293/293
f 842/842/842 843/843/843 293/293/293
f 293/293/293 843/843/843 294/294/294
f 843/843/843 844/844/844 294/294/294
f 294/294/294 844/844/844 295/295/295
f 844/844/844 845/845/845 295/295/295
f 295/295/295 845/845/845 296/296/296
f 845/845/845 846/846/846 296/296/296
f 296/296/296 846/846/846 297/297/297
f 846/846/846 847/847/847 297/297/297
f 297/297/297 847/847/847 298/298/298
f 847/847/847 848/848/848 298/298/298
f 298/298/298 848/848/848 299/299/299
f 848/848/848 849/849/849 299/299/299
f 299/299/299 849/849/849 300/300/300
f 849/849/849 850/850/850 300/300/300
f 300/300/300 850/850/850 301/301/301
f 850/850/850 851/851/851 301/301/301
f 301/301/301 851/851/851 302/302/302
f 851/851/851 852/852/852 302/302/302
f 302/302/302 852/852/852 303/303/303
f 852/852/852 853/853/853 303/303/303
f 303/303/303 853/853/853 304/304/304
f 853/853/853 854/854/854 304/304/304
f 304/304/304 854/854/854 305/305/305
f 854/854/854 855/855/855 305/305/305
f 305/305/305 855/855/855 306/306/306
f 855/855/855 856/856/856 306/306/306
f 306/306/306 856/856/856 307/307/307
f 856/856/856 857/857/857 307/307/307
f 307/307/307 857/857/857 308/308/308
f 857/857/857 858/858/858 308/308/308
f 308/308/308 858/858/858 309/309/309
f 858/858/858 859/859/859 309/309/309
f 309/309/309 859/859/859 310/310/310
f 859/859/859 860/860/860 310/310/310
f 310/310/310 860/860/860 311/311/311
f 860/860/860 861/861/861 311/311/311
f 311/311/311 861/861/861 312/312/312
f 861/861/861 862/862/862 312/312/312
f 312/312/312 862/862/862 313/313/313
f 862/862/862 863/863/863 313/313/313
f 313/313/313 863/863/863 314/314/314
f 863/863/863 864/864/864 314/314/314
f 314/314/314 864/864/864 315/315/315
f 864/864/864 865/865/865 315/315/315
f 315/315/315 865/865/865 316/316/316
f 865/865/865 866/866/866 316/316/316
f 316/316/316 866/866/866 317/317/317
f 866/866/866 867/867/867 317/317/317
f 317/317/317 867/867/867 318/318/318
f 867/867/867 868/868/868 318/318/318
f 318/318/318 868/868/868 319/319/319
f 868/868/868 869/869/869 319/319/319
f 319/319/319 869/869/869 320/320/320
f 869/869/869 870/870/870 320/320/320
f 320/320/320 870/870/870 321/321/321
f 870/870/870 871/871/871 321/321/321
f 321/321/321 871/871/871 322/322/322
f 871/871/871 872/872/872 322/322/322
f 322/322/322 872/872/872 323/323/323
f 872/872/872 873/873/873 323/323/323
f 323/323/323 873/873/873 324/324/324
f 873/873/873 874/874/874 324/324/324
f 324/324/324 874/874/874 325/325/325
f 874/874/874 875/875/875 325/325/325
f 325/325/325 875/875/875 326/326/326
f 875/875/875 876/876/876 326/326/326
f 326/326/326 876/876/876 327/327/327
f 876/876/876 877/877/877 327/327/327
f 327/327/327 877/877/877 328/328/328
f 877/877/877 878/878/878 328/328/328
f 328/328/328 878/878/878 329/329/329
f 878/878/878 879/879/879 329/329/329
f 329/329/329 879/879/879 330/330/330
f 879/879/879 880/880/880 330/330/330
f 330/330/330 880/880/880 331/331/331
f 880/880/880 881/881/881 331/331/331
f 331/331/331 881/881/881 332/332/332
f 881/881/881 882/882/882 332/332/332
f 332/332/332 882/882/882 333/333/333
f 882/882/882 883/883/883 333/333/333
f 333/333/333 883/883/883 334/334/334
f 883/883/883 884/884/884 334/334/334
f 334/334/334 884/884/884 335/335/335
f 884/884/884 885/885/885 335/335/335
f 335/335/335 885/885/885 336/336/336
f 885/885/885 886/886/886 336/336/336
f 336/336/336 886/886/886 337/337/337
f 886/886/886 887/887/887 337/337/337
f 337/337/337 887/887/887 338/338/338
f 887/887/887 888/888/888 338/338/338
f 338/338/338 888/888/888 339/339/339
f 888/888/888 889/889/889 339/339/339
f 339/339/339 889/889/889 340/340/340
f 889/889/889 890/890/890 340/340/340
f 340/340/340 890/890/890 341/341/341
f 890/890/890 891/891/891 341/341/341
f 341/341/341 891/891/891 342/342/342
f 891/891/891 892/892/892 342/342/342
f 342/342/342 892/892/892 343/343/343
f 892/892/892 893/893/893 343/343/343
f 343/343/343 893/893/893 344/344/344
f 893/893/893 894/894/894 344/344/344
f 344/344/344 894/894/894 345/345/345
f 894/894/894 895/895/895 345/345/345
f 345/345/345 895/895/895 346/346/346
f 895/895/895 896/896/896 346/346/346
f 346/346/346 896/896/896 347/347/347
f 896/896/896 897/897/897 347/347/347
f 347/347/347 897/897/897 348/348/348
f 897/897/897 898/898/898 348/348/348
f 348/348/348 898/898/898 349/349/349
f 898/898/898 899/899/899 349/349/349
f 349/349/349 899/899/899 350/350/350
f 899/899/899 900/900/900 350/350/350
f 350/350/350 900/900/900 351/351/351
f 900/900/900 901/901/901 351/351/351
f 351/351/351 901/901/901 352/352/352
f 901/901/901 902/902/902 352/352/352
f 352/352/352 902/902/902 353/353/353
f 902/902/902 903/903/903 353/353/353
f 353/353/353 903/903/903 354/354/354
f 903/903/903 904/904/904 354/354/354
f 354/354/354 904/904/904 355/355/355
f 904/904/904 905/905/905 355/355/355
f 355/355/355 905/905/905 356/356/356
f 905/905/905 906/906/906 356/356/356
f 356/356/356 906/906/906 357/357/357
f 906/906/906 907/907/907 357/357/357
f 357/357/357 907/907/907 358/358/358
f 907/907/907 908/908/908 358/358/358
f 358/358/358 908/908/908 359/359/359
f 908/908/908 909/909/909 359/359/359
f 359/359/359 909/909/909 360/360/360
f 909/909/909 910/910/910 360/360/360
f 360/360/360 910/910/910 361/361/361
f 910/910/910 911/911/911 361/361/361
f 361/361/361 911/911/911 362/362/362
f 911/911/911 912/912/912 362/362/362
f 362/362/362 912/912/912 363/363/363
f 912/912/912 913/913/913 363/363/363
f 363/363/363 913/913/913 364/364/364
f 913/913/913 914/914/914 364/364/364
f 364/364/364 914/914/914 365/365/365
f 914/914/914 915/915/915 365/365/365
f 365/365/365 915/915/915 366/366/366
f 915/915/915 916/916/916 366/366/366
f 366/366/366 916/916/916 367/367/367
f 916/916/916 917/917/917 367/367/367
f 367/367/367 917/917/917 368/368/368
f 917/917/917 918/918/918 368/368/368
f 368/368/368 918/918/918 369/369/369
f 918/918/918 919/919/919 369/369/369
f 369/369/369 919/919/919 370/370/370
f 919/919/919 920/920/920 370/370/370
f 370/370/370 920/920/920 371/371/371
f 920/920/920 921/921/921 371/371/371
f 371/371/371 921/921/921 372/372/372
f 921/921/921 922/922/922 372/372/372
f 372/372/372 922/922/922 373/373/373
f 922/922/922 923/923/923 373/373/373
f 373/373/373 923/923/923 374/374/374
f 923/923/923 924/924/924 374/374/374
f 374/374/374 924/924/924 375/375/375
f 924/924/924 925/925/925 375/375/375
f 375/375/375 925/925/925 376/376/376
f 925/925/925 926/926/926 376/376/376
f 376/376/376 926/926/926 377/377/377
f 926/926/926 927/927/927 377/377/377
f 377/377/377 927/927/927 378/378/378
f 927/927/927 928/928/928 378/378/378
f 378/378/378 928/928/928 379/379/379
f 928/928/928 929/929/929 379/379/379
f 379/379/379 929/929/929 380/380/380
f 929/929/929 930/930/930 380/380/380
f 380/380/380 930/930/930 381/381/381
f 930/930/930 931/931/931 381/381/381
f 381/381/381 931/931/931 382/382/382
f 931/931/931 932/932/932 382/382/382
f 382/382/382 932/932/932 383/383/383
f 932/932/932 933/933/933 383/383/383
f 383/383/383 933/933/933 384/384/384
f 933/933/933 934/934/934 384/384/384
f 384/384/384 934/934/934 385/385/385
f 934/934/934 935/935/935 385/385/385
f 385/385/385 935/935/935 386/386/386
f 935/935/935 936/936/936 386/386/386
f 386/386/386 936/936/936 387/387/387
f 936/936/936 937/937/937 387/387/387
f 387/387/387 937/937/937 388/388/388
f 937/937/937 938/938/938 388/388/388
f 388/388/388 938/938/938 389/389/389
f 938/938/938 939/939/939 389/389/389
f 389/389/389 939/939/939 390/390/390
f 939/939/939 940/940/940 390/390/390
f 390/390/390 940/940/940 391/391/391
f 940/940/940 941/941/941 391/391/391
f 391/391/391 941/941/941 392/392/392
f 941/941/941 942/942/942 392/392/392
f 392/392/392 942/942/942 393/393/393
f 942/942/942 943/943/943 393/393/393
f 393/393/393 943/943/943 394/394/394
f 943/943/943 944/944/944 394/394/394
f 394/394/394 944/944/944 395/395/395
f 944/944/944 945/945/945 395/395/395
f 395/395/395 945/945/945 396/396/396
f 945/945/945 946/946/946 396/396/396
f 396/396/396 946/946/946 397/397/397
f 946/946/946 947/947/947 397/397/397
f 397/397/397 947/947/947 398/398/398
f 947/947/947 948/948/948 398/398/398
f 398/398/398 948/948/948 399/399/399
f 948/948/948 949/949/949 399/399/399
f 399/399/399 949/949/949 400/400/400
f 949/949/949 950/950/950 400/400/400
f 400/400/400 950/950/950 401/401/401
f 950/950/950 951/951/951 401/401/401
f 401/401/401 951/951/951 402/402/402
f 951/951/951 952/952/952 402/402/402
f 402/402/402 952/952/952 403/403/403
f 952/952/952 953/953/953 403/403/403
f 403/403/403 953/953/953 404/404/404
f 953/953/953 954/954/954 404/404/404
f 404/404/404 954/954/954 405/405/405
f 954/954/954 955/955/955 405/405/405
f 405/405/405 955/955/955 406/406/406
f 955/955/955 956/956/956 406/406/406
f 406/406/406 956/956/956 407/407/407
f 956/956/956 957/957/957 407/407/407
f 407/407/407 957/957/957 408/408/408
f 957/957/957 958/958/958 408/408/408
f 408/408/408 958/958/958 409/409/409
f 958/958/958 959/959/959 409/409/409
f 409/409/409 959/959/959 410/410/410
f 959/959/959 960/960/960 410/410/410
f 410/410/410 960/960/960 411/411/411
f 960/960/960 961/961/961 411/411/411
f 411/411/411 961/961/961 412/412/412
f 961/961/961 962/962/962 412/412/412
f 412/412/412 962/962/962 413/413/413
f 962/962/962 963/963/963 413/413/413
f 413/413/413 963/963/963 414/414/414
f 963/963/963 964/964/964 414/414/414
f 414/414/414 964/964/964 415/415/415
f 964/964/964 965/965/965 415/415/415
f 415/415/415 965/965/965 416/416/416
f 965/965/965 966/966/966 416/416/416
f 416/416/416 966/966/966 417/417/417
f 966/966/966 967/967/967 417/417/417
f 417/417/417 967/967/967 418/418/418
f 967/967/967 968/968/968 418/418/418
f 418/418/418 968/968/968 419/419/419
f 968/968/968 969/969/969 419/419/419
f 419/419/419 969/969/969 420/420/420
f 969/969/969 970/970/970 420/420/420
f 420/420/420 970/970/970 421/421/421
f 970/970/970 971/971/971 421/421/421
f 421/421/421 971/971/971 422/422/422
f 971/971/971 972/972/972 422/422/422
f 422/422/422 972/972/972 423/423/423
f 972/972/972 973/973/973 423/423/423
f 423/423/423 973/973/973 424/424/424
f 973/973/973 974/974/974 424/424/424
f 424/424/424 974/974/974 425/425/425
f 974/974/974 975/975/975 425/425/425
f 425/425/425 975/975/975 426/426/426
f 975/975/975 976/976/976 426/426/426
f 426/426/426 976/976/976 427/427/427
f 976/976/976 977/977/977 427/427/427
f 427/427/427 977/977/977 428/428/428
f 977/977/977 978/978/978 428/428/428
f 428/428/428 978/978/978 429/429/429
f 978/978/978 979/979/979 429/429/429
f 429/429/429 979/979/979 430/430/430
f 979/979/979 980/980/980 430/430/430
f 430/430/430 980/980/980 431/431/431
f 980/980/980 981/981/981 431/431/431
f 431/431/431 981/981/981 432/432/432
f 981/981/981 982/982/982 432/432/432
f 432/432/432 982/982/982 433/433/433
f 982/982/982 983/983/983 433/433/433
f 433/433/433 983/983/983 434/434/434
f 983/983/983 984/984/984 434/434/434
f 434/434/434 984/984/984 435/435/435
f 984/984/984 985/985/985 435/435/435
f 435/435/435 985/985/985 436/436/436
f 985/985/985 986/986/986 436/436/436
f 436/436/436 986/986/986 437/437/437
f 986/986/986 987/987/987 437/437/437
f 437/437/437 987/987/987 438/438/438
f 987/987/987 988/988/988 438/438/438
f 438/438/438 988/988/988 439/439/439
f 988/988/988 989/989/989 439/439/439
f 439/439/439 989/989/989 440/440/440
f 989/989/989 990/990/990 440/440/440
f 440/440/440 990/990/990 441/441/441
f 990/990/990 991/991/991 441/441/441
f 441/441/441 991/991/991 442/442/442
f 991/991/991 992/992/992 442/442/442
f 442/442/442 992/992/992 443/443/443
f 992/992/992 993/993/993 443/443/443
f 443/443/443 993/993/993 444/444/444
f 993/993/993 994/994/994 444/444/444
f 444/444/444 994/994/994 445/445/445
f 994/994/994 995/995/995 445/445/445
f 445/445/445 995/995/995 446/446/446
f 995/995/995 996/996/996 446/446/446
f 446/446/446 996/996/996 447/447/447
f 996/996/996 997/997/997 447/447/447
f 447/447/447 997/997/997 448/448/448
f 997/997/997 998/998/998 448/448/448
f 448/448/448 998/998/998 449/449/449
f 998/998/998 999/999/999 449/449/449
f 449/449/449 999/999/999 450/450/450
f 999/999/999 1000/1000/1000 450/450/450
f 450/450/450 1000/1000/1000 451/451/451
f 1000/1000/1000 1001/1001/1001 451/451/451
f 451/451/451 1001/1001/1001 452/452/452
f 1001/1001/1001 1002/1002/1002 452/452/452
f 452/452/452 1002/1002/1002 453/453/453
f 1002/1002/1002 1003/1003/1003 453/453/453
f 453/453/453 1003/1003/1003 454/454/454
f 1003/1003/1003 1004/1004/1004 454/454/454
f 454/454/454 1004/1004/1004 455/455/455
f 1004/1004/1004 1005/1005/1005 455/455/455
f 455/455/455 1005/1005/1005 456/456/456
f 1005/1005/1005 1006/1006/1006 456/456/456
f 456/456/456 1006/1006/1006 457/457/457
f 1006/1006/1006 1007/1007/1007 457/457/457
f 457/457/457 1007/1007/1007 458/458/458
f 1007/1007/1007 1008/1008/1008 458/458/458
f 458/458/458 1008/1008/1008 459/459/459
f 1008/1008/1008 1009/1009/1009 459/459/459
f 459/459/459 1009/1009/1009 460/460/460
f 1009/1009/1009 1010/1010/1010 460/460/460
f 460/460/460 1010/1010/1010 461/461/461
f 1010/1010/1010 1011/1011/1011 461/461/461
f 461/461/461 1011/1011/1011 462/462/462
f 1011/1011/1011 1012/1012/1012 462/462/462
f 462/462/462 1012/1012/1012 463/463/463
f 1012/1012/1012 1013/1013/1013 463/463/463
f 463/463/463 1013/1013/1013 464/464/464
f 1013/1013/1013 1014/1014/1014 464/464/464
f 464/464/464 1014/1014/1014 465/465/465
f 1014/1014/1014 1015/1015/1015 465/465/465
f 465/465/465 1015/1015/1015 466/466/466
f 1015/1015/1015 1016/1016/1016 466/466/466
f 466/466/466 1016/1016/1016 467/467/467
f 1016/1016/1016 1017/1017/1017 467/467/467
f 467/467/467 1017/1017/1017 468/468/468
f 1017/1017/1017 1018/1018/1018 468/468/468
f 468/468/468 1018/1018/1018 469/469/469
f 1018/1018/1018 1019/1019/1019 469/469/469
f 469/469/469 1019/1019/1019 470/470/470
f 1019/1019/1019 1020/1020/1020 470/470/470
f 470/470/470 1020/1020/1020 471/471/471
f 1020/1020/1020 1021/1021/1021 471/471/471
f 471/471/471 1021/1021/1021 472/472/472
f 1021/1021/1021 1022/1022/1022 472/472/472
f 472/472/472 1022/1022/1022 473/473/473
f 1022/1022/1022 1023/1023/1023 473/473/473
f 473/473/473 1023/1023/1023 474/474/474
f 1023/1023/1023 1024/1024/1024 474/474/474
f 474/474/474 1024/1024/1024 475/475/475
f 1024/1024/1024 1025/1025/1025 475/475/475
f 475/475/475 1025/1025/1025 476/476/476
f 1025/1025/1025 1026/1026/1026 476/476/476
f 476/476/476 1026/1026/1026 477/477/477
f 1026/1026/1026 1027/1027/1027 477/477/477
f 477/477/477 1027/1027/1027 478/478/478
f 1027/1027/1027 1028/1028/1028 478/478/478
f 478/478/478 1028/1028/1028 479/479/479
f 1028/1028/1028 1029/1029/1029 479/479/479
f 479/479/479 1029/1029/1029 480/480/480
f 1029/1029/1029 1030/1030/1030 480/480/480
f 480/480/480 1030/1030/1030 481/481/481
f 1030/1030/1030 1031/1031/1031 481/481/481
f 481/481/481 1031/1031/1031 482/482/482
f 1031/1031/1031 1032/1032/1032 482/482/482
f 482/482/482 1032/1032/1032 483/483/483
f 1032/1032/1032 1033/1033/1033 483/483/483
f 483/483/483 1033/1033/1033 484/484/484
f 1033/1033/1033 1034/1034/1034 484/484/484
f 484/484/484 1034/1034/1034 485/485/485
f 1034/1034/1034 1035/1035/1035 485/485/485
f 485/485/485 1035/1035/1035 486/486/486
f 1035/1035/1035 1036/1036/1036 486/486/486
f 486/486/486 1036/1036/1036 487/487/487
f 1036/1036/1036 1037/1037/1037 487/487/487
f 487/487/487 1037/1037/1037 488/488/488
f 1037/1037/1037 1038/1038/1038 488/488/488
f 488/488/488 1038/1038/1038 489/489/489
f 1038/1038/1038 1039/1039/1039 489/489/489
f 489/489/489 1039/1039/1039 490/490/490
f 1039/1039/1039 1040/1040/1040 490/490/490
f 490/490/490 1040/1040/1040 491/491/491
f 1040/1040/1040 1041/1041/1041 491/491/491
f 491/491/491 1041/1041/1041 492/492/492
f 1041/1041/1041 1042/1042/1042 492/492/492
f 492/492/492 1042/1042/1042 493/493/493
f 1042/1042/1042 1043/1043/1043 493/493/493
f 493/493/493 1043/1043/1043 494/494/494
f 1043/1043/1043 1044/1044/1044 494/494/494
f 494/494/494 1044/1044/1044 495/495/495
f 1044/1044/1044 1045/1045/1045 495/495/495
f 495/495/495 1045/1045/1045 496/496/496
f 1045/1045/1045 1046/1046/1046 496/496/496
f 496/496/496 1046/1046/1046 497/497/497
f 1046/1046/1046 1047/1047/1047 497/497/497
f 497/497/497 1047/1047/1047 498/498/498
f 1047/1047/1047 1048/1048/1048 498/498/498
f 498/498/498 1048/1048/1048 499/499/499
f 1048/1048/1048 1049/1049/1049 499/499/499
f 499/499/499 1049/1049/1049 500/500/500
f 1049/1049/1049 1050/1050/1050 500/500/500
f 500/500/500 1050/1050/1050 501/501/501
f 1050/1050/1050 1051/1051/1051 501/501/501
f 501/501/501 1051/1051/1051 502/502/502
f 1051/1051/1051 1052/1052/1052 502/502/502
f 502/502/502 1052/1052/1052 503/503/503
f 1052/1052/1052 1053/1053/1053 503/503/503
f 503/503/503 1053/1053/1053 504/504/504
f 1053/1053/1053 1054/1054/1054 504/504/504
f 504/504/504 1054/1054/1054 505/505/505
f 1054/1054/1054 1055/1055/1055 505/505/505
f 505/505/505 1055/1055/1055 506/506/506
f 1055/1055/1055 1056/1056/1056 506/506/506
f 506/506/506 1056/1056/1056 507/507/507
f 1056/1056/1056 1057/1057/1057 507/507/507
f 507/507/507 1057/1057/1057 508/508/508
f 1057/1057/1057 1058/1058/1058 508/508/508
f 508/508/508 1058/1058/1058 509/509/509
f 1058/1058/1058 1059/1059/1059 509/509/509
f 509/509/509 1059/1059/1059 510/510/510
f 1059/1059/1059 1060/1060/1060 510/510/510
f 510/510/510 1060/1060/1060 511/511/511
f 1060/1060/1060 1061/1061/1061 511/511/511
f 511/511/511 1061/1061/1061 512/512/512
f 1061/1061/1061 1062/1062/1062 512/512/512
f 512/512/512 1062/1062/1062 513/513/513
f 1062/1062/1062 1063/1063/1063 513/513/513
f 513/513/513 1063/1063/1063 514/514/514
f 1063/1063/1063 1064/1064/1064 514/514/514
f 514/514/514 1064/1064/1064 515/515/515
f 1064/1064/1064 1065/1065/1065 515/515/515
f 515/515/515 1065/1065/1065 516/516/516
f 1065/1065/1065 1066/1066/1066 516/516/516
f 516/516/516 1066/1066/1066 517/517/517
f 1066/1066/1066 1067/1067/1067 517/517/517
f 517/517/517 1067/1067/1067 518/518/518
f 1067/1067/1067 1068/1068/1068 518/518/518
f 518/518/518 1068/1068/1068 519/519/519
f 1068/1068/1068 1069/1069/1069 519/519/519
f 519/519/519 1069/1069/1069 520/520/520
f 1069/1069/1069 1070/1070/1070 520/520/520
f 520/520/520 1070/1070/1070 521/521/521
f 1070/1070/1070 1071/1071/1071 521/521/521
f 521/521/521 1071/1071/1071 522/522/522
f 1071/1071/1071 1072/1072/1072 522/522/522
f 522/522/522 1072/1072/1072 523/523/523
f 1072/1072/1072 1073/1073/1073 523/523/523
f 523/523/523 1073/1073/1073 524/524/524
f 1073/1073/1073 1074/1074/1074 524/524/524
f 524/524/524 1074/1074/1074 525/525/525
f 1074/1074/1074 1075/1075/1075 525/525/525
f 525/525/525 1075/1075/1075 526/526/526
f 1075/1075/1075 1076/1076/1076 526/526/526
f 526/526/526 1076/1076/1076 527/527/527
f 1076/1076/1076 1077/1077/1077 527/527/527
f 527/527/527 1077/1077/1077 528/528/528
f 1077/1077/1077 1078/1078/1078 528/528/528
f 528/528/528 1078/1078/1078 529/529/529
f 1078/1078/1078 1079/1079/1079 529/529/529
f 529/529/529 1079/1079/1079 530/530/530
f 1079/1079/1079 1080/1080/1080 530/530/530
f 530/530/530 1080/1080/1080 531/531/531
f 1080/1080/1080 1081/1081/1081 531/531/531
f 531/531/531 1081/1081/1081 532/532/532
f 1081/1081/1081 1082/1082/1082 532/532/532
f 532/532/532 1082/1082/1082 533/533/533
f 1082/1082/1082 1083/1083/1083 533/533/533
f 533/533/533 1083/1083/1083 534/534/534
f 1083/1083/1083 1084/1084/1084 534/534/534
f 534/534/534 1084/1084/1084 535/535/535
f 1084/1084/1084 1085/1085/1085 535/535/535
f 535/535/535 1085/1085/1085 536/536/536
f 1085/1085/1085 1086/1086/1086 536/536/536
f 536/536/536 1086/1086/1086 537/537/537
f 1086/1086/1086 1087/1087/1087 537/537/537
f 537/537/537 1087/1087/1087 538/538/538
f 1087/1087/1087 1088/1088/1088 538/538/538
f 538/538/538 1088/1088/1088 539/539/539
f 1088/1088/1088 1089/1089/1089 539/539/539
f 539/539/539 1089/1089/1089 540/540/540
f 1089/1089/1089 1090/1090/1090 540/540/540
f 540/540/540 1090/1090/1090 541/541/541
f 1090/1090/1090 1091/1091/1091 541/541/541
f 541/541/541 1091/1091/1091 542/542/542
f 1091/1091/1091 1092/1092/1092 542/542/542
f 542/542/542 1092/1092/1092 543/543/543
f 1092/1092/1092 1093/1093/1093 543/543/543
f 543/543/543 1093/1093/1093 544/544/544
f 1093/1093/1093 1094/1094/1094 544/544/544
f 544/544/544 1094/1094/1094 545/545/545
f 1094/1094/1094 1095/1095/1095 545/545/545
f 545/545/545 1095/1095/1095 546/546/546
f 1095/1095/1095 1096/1096/1096 546/546/546
f 546/546/546 1096/1096/1096 547/547/547
f 1096/1096/1096 1097/1097/1097 547/547/547
f 547/547/547 1097/1097/1097 548/548/548
f 1097/1097/1097 1098/1098/1098 548/548/548
f 548/548/548 1098/1098/1098 549/549/549
f 1098/1098/1098 550/550/550 549/549/549
f 549/549/549 550/550/550 1/1/1
f 1099/1099/1099 1647/1647/1647 1653/1653/1653
f 1100/1100/1100 1099/1099/1099 1653/1653/1653
f 6659/6659/6659 1100/1100/1100 1653/1653/1653
f 6660/6660/6660 1100/1100/1100 6659/6659/6659
f 6660/6660/6660 1101/1101/1101 1100/1100/1100
f 6660/6660/6660 1102/1102/1102 1101/1101/1101
f 6661/6661/6661 1102/1102/1102 6660/6660/6660
f 1103/1103/1103 1102/1102/1102 6661/6661/6661
f 1103/1103/1103 6661/6661/6661 6662/6662/6662
f 6662/6662/6662 1650/1650/1650 1103/1103/1103
f 6663/6663/6663 1650/1650/1650 6662/6662/6662
f 1650/1650/1650 6663/6663/6663 6664/6664/6664
f 1649/1649/1649 1650/1650/1650 6664/6664/6664
f 1649/1649/1649 1104/1104/1104 1650/1650/1650
f 1649/1649/1649 1105/1105/1105 1104/1104/1104
f 1649/1649/1649 1106/1106/1106 1105/1105/1105
f 1649/1649/1649 1648/1648/1648 1106/1106/1106
f 1660/1660/1660 1648/1648/1648 1649/1649/1649
f 1660/1660/1660 1108/1108/1108 1648/1648/1648
f 1660/1660/1660 1659/1659/1659 1108/1108/1108
f 1672/1672/1672 1659/1659/1659 1660/1660/1660
f 1672/1672/1672 1671/1671/1671 1659/1659/1659
f 1686/1686/1686 1671/1671/1671 1672/1672/1672
f 1686/1686/1686 1685/1685/1685 1671/1671/1671
f 1701/1701/1701 1685/1685/1685 1686/1686/1686
f 1701/1701/1701 1700/1700/1700 1685/1685/1685
f 1719/1719/1719 1700/1700/1700 1701/1701/1701
f 1719/1719/1719 6631/6631/6631 1700/1700/1700
f 6630/6630/6630 6631/6631/6631 1719/1719/1719
f 6630/6630/6630 1719/1719/1719 1739/1739/1739
f 6629/6629/6629 6630/6630/6630 1739/1739/1739
f 6629/6629/6629 1739/1739/1739 1740/1740/1740
f 6628/6628/6628 6629/6629/6629 1740/1740/1740
f 1762/1762/1762 6628/6628/6628 1740/1740/1740
f 1762/1762/1762 6627/6627/6627 6628/6628/6628
f 6627/6627/6627 1762/1762/1762 1763/1763/1763
f 1786/1786/1786 6627/6627/6627 1763/1763/1763
f 6626/6626/6626 6627/6627/6627 1786/1786/1786
f 6626/6626/6626 1786/1786/1786 6625/6625/6625
f 1786/1786/1786 1787/1787/1787 6625/6625/6625
f 1787/1787/1787 1786/1786/1786 1764/1764/1764
f 1787/1787/1787 1764/1764/1764 1765/1765/1765
f 1788/1788/1788 1787/1787/1787 1765/1765/1765
f 1811/1811/1811 1787/1787/1787 1788/1788/1788
f 6625/6625/6625 1787/1787/1787 1811/1811/1811
f 1835/1835/1835 6625/6625/6625 1811/1811/1811
f 1835/1835/1835 1834/1834/1834 6625/6625/6625
f 1858/1858/1858 1834/1834/1834 1835/1835/1835
f 1858/1858/1858 6651/6651/6651 1834/1834/1834
f 1858/1858/1858 1857/1857/1857 6651/6651/6651
f 1882/1882/1882 1857/1857/1857 1858/1858/1858
f 1882/1882/1882 6649/6649/6649 1857/1857/1857
f 1882/1882/1882 1881/1881/1881 6649/6649/6649
f 1906/1906/1906 1881/1881/1881 1882/1882/1882
f 1906/1906/1906 1905/1905/1905 1881/1881/1881
f 1905/1905/1905 1906/1906/1906 6353/6353/6353
f 6354/6354/6354 1905/1905/1905 6353/6353/6353
f 5575/5575/5575 1905/1905/1905 6354/6354/6354
f 5575/5575/5575 6647/6647/6647 1905/1905/1905
f 6646/6646/6646 6647/6647/6647 5575/5575/5575
f 6646/6646/6646 5575/5575/5575 1904/1904/1904
f 5577/5577/5577 6646/6646/6646 1904/1904/1904
f 5577/5577/5577 5578/5578/5578 6646/6646/6646
f 5578/5578/5578 6645/6645/6645 6646/6646/6646
f 5578/5578/5578 5579/5579/5579 6645/6645/6645
f 5579/5579/5579 1878/1878/1878 6645/6645/6645
f 1878/1878/1878 5579/5579/5579 5580/5580/5580
f 1877/1877/1877 1878/1878/1878 5580/5580/5580
f 1877/1877/1877 6644/6644/6644 1878/1878/1878
f 1877/1877/1877 1852/1852/1852 6644/6644/6644
f 1877/1877/1877 1876/1876/1876 1852/1852/1852
f 1876/1876/1876 1877/1877/1877 5582/5582/5582
f 1901/1901/1901 1876/1876/1876 5582/5582/5582
f 1900/1900/1900 1876/1876/1876 1901/1901/1901
f 1900/1900/1900 1875/1875/1875 1876/1876/1876
f 1900/1900/1900 1899/1899/1899 1875/1875/1875
f 5587/5587/5587 1899/1899/1899 1900/1900/1900
f 1924/1924/1924 1899/1899/1899 5587/5587/5587
f 1923/1923/1923 1899/1899/1899 1924/1924/1924
f 1923/1923/1923 1898/1898/1898 1899/1899/1899
f 1923/1923/1923 1922/1922/1922 1898/1898/1898
f 1948/1948/1948 1922/1922/1922 1923/1923/1923
f 1948/1948/1948 1947/1947/1947 1922/1922/1922
f 1973/1973/1973 1947/1947/1947 1948/1948/1948
f 1973/1973/1973 1972/1972/1972 1947/1947/1947
f 1999/1999/1999 1972/1972/1972 1973/1973/1973
f 1999/1999/1999 1998/1998/1998 1972/1972/1972
f 2026/2026/2026 1998/1998/1998 1999/1999/1999
f 2026/2026/2026 2025/2025/2025 1998/1998/1998
f 2054/2054/2054 2025/2025/2025 2026/2026/2026
f 2054/2054/2054 2053/2053/2053 2025/2025/2025
f 2082/2082/2082 2053/2053/2053 2054/2054/2054
f 2082/2082/2082 2081/2081/2081 2053/2053/2053
f 2112/2112/2112 2081/2081/2081 2082/2082/2082
f 2112/2112/2112 2111/2111/2111 2081/2081/2081
f 2143/2143/2143 2111/2111/2111 2112/2112/2112
f 2143/2143/2143 2142/2142/2142 2111/2111/2111
f 2174/2174/2174 2142/2142/2142 2143/2143/2143
f 2174/2174/2174 2173/2173/2173 2142/2142/2142
f 2205/2205/2205 2173/2173/2173 2174/2174/2174
f 2205/2205/2205 2204/2204/2204 2173/2173/2173
f 2204/2204/2204 2205/2205/2205 5627/5627/5627
f 5627/5627/5627 2237/2237/2237 2204/2204/2204
f 5627/5627/5627 5628/5628/5628 2237/2237/2237
f 5629/5629/5629 2237/2237/2237 5628/5628/5628
f 5630/5630/5630 2237/2237/2237 5629/5629/5629
f 5631/5631/5631 2237/2237/2237 5630/5630/5630
f 5631/5631/5631 2236/2236/2236 2237/2237/2237
f 2269/2269/2269 2236/2236/2236 5631/5631/5631
f 2268/2268/2268 2236/2236/2236 2269/2269/2269
f 2268/2268/2268 2235/2235/2235 2236/2236/2236
f 2268/2268/2268 2267/2267/2267 2235/2235/2235
f 2301/2301/2301 2267/2267/2267 2268/2268/2268
f 2301/2301/2301 2300/2300/2300 2267/2267/2267
f 5640/5640/5640 2300/2300/2300 2301/2301/2301
f 2334/2334/2334 2300/2300/2300 5640/5640/5640
f 2333/2333/2333 2300/2300/2300 2334/2334/2334
f 2333/2333/2333 2299/2299/2299 2300/2300/2300
f 2333/2333/2333 2332/2332/2332 2299/2299/2299
f 2366/2366/2366 2332/2332/2332 2333/2333/2333
f 2365/2365/2365 2332/2332/2332 2366/2366/2366
f 2365/2365/2365 2331/2331/2331 2332/2332/2332
f 2365/2365/2365 2364/2364/2364 2331/2331/2331
f 2399/2399/2399 2364/2364/2364 2365/2365/2365
f 2399/2399/2399 2398/2398/2398 2364/2364/2364
f 2433/2433/2433 2398/2398/2398 2399/2399/2399
f 2432/2432/2432 2398/2398/2398 2433/2433/2433
f 2432/2432/2432 2397/2397/2397 2398/2398/2398
f 2432/2432/2432 2431/2431/2431 2397/2397/2397
f 2466/2466/2466 2431/2431/2431 2432/2432/2432
f 2466/2466/2466 2465/2465/2465 2431/2431/2431
f 2500/2500/2500 2465/2465/2465 2466/2466/2466
f 2500/2500/2500 2499/2499/2499 2465/2465/2465
f 2533/2533/2533 2499/2499/2499 2500/2500/2500
f 2533/2533/2533 2532/2532/2532 2499/2499/2499
f 2533/2533/2533 5670/5670/5670 2532/2532/2532
f 5670/5670/5670 2533/2533/2533 5669/5669/5669
f 5669/5669/5669 2533/2533/2533 5668/5668/5668
f 2533/2533/2533 2534/2534/2534 5668/5668/5668
f 2533/2533/2533 2500/2500/2500 2534/2534/2534
f 2534/2534/2534 2500/2500/2500 5666/5666/5666
f 5667/5667/5667 2534/2534/2534 5666/5666/5666
f 2534/2534/2534 5667/5667/5667 5668/5668/5668
f 5666/5666/5666 2500/2500/2500 5665/5665/5665
f 2500/2500/2500 2501/2501/2501 5665/5665/5665
f 2500/2500/2500 2466/2466/2466 2501/2501/2501
f 2501/2501/2501 2466/2466/2466 5662/5662/5662
f 5663/5663/5663 2501/2501/2501 5662/5662/5662
f 5664/5664/5664 2501/2501/2501 5663/5663/5663
f 2501/2501/2501 5664/5664/5664 5665/5665/5665
f 5662/5662/5662 2466/2466/2466 5661/5661/5661
f 2466/2466/2466 2467/2467/2467 5661/5661/5661
f 2466/2466/2466 2432/2432/2432 2467/2467/2467
f 2467/2467/2467 2432/2432/2432 5658/5658/5658
f 5659/5659/5659 2467/2467/2467 5658/5658/5658
f 5660/5660/5660 2467/2467/2467 5659/5659/5659
f 5661/5661/5661 2467/2467/2467 5660/5660/5660
f 2432/2432/2432 2433/2433/2433 5658/5658/5658
f 5658/5658/5658 2433/2433/2433 5657/5657/5657
f 5657/5657/5657 2433/2433/2433 5656/5656/5656
f 5656/5656/5656 2433/2433/2433 5655/5655/5655
f 2433/2433/2433 2434/2434/2434 5655/5655/5655
f 2433/2433/2433 2399/2399/2399 2434/2434/2434
f 2434/2434/2434 2399/2399/2399 5654/5654/5654
f 5655/5655/5655 2434/2434/2434 5654/5654/5654
f 5654/5654/5654 2399/2399/2399 5653/5653/5653
f 5653/5653/5653 2399/2399/2399 5652/5652/5652
f 2399/2399/2399 2400/2400/2400 5652/5652/5652
f 2399/2399/2399 2365/2365/2365 2400/2400/2400
f 2400/2400/2400 2365/2365/2365 5650/5650/5650
f 5651/5651/5651 2400/2400/2400 5650/5650/5650
f 5652/5652/5652 2400/2400/2400 5651/5651/5651
f 2365/2365/2365 5649/5649/5649 5650/5650/5650
f 2365/2365/2365 2366/2366/2366 5649/5649/5649
f 5649/5649/5649 2366/2366/2366 5648/5648/5648
f 5648/5648/5648 2366/2366/2366 5647/5647/5647
f 5647/5647/5647 2366/2366/2366 5646/5646/5646
f 2366/2366/2366 2367/2367/2367 5646/5646/5646
f 2366/2366/2366 2333/2333/2333 2367/2367/2367
f 2367/2367/2367 2333/2333/2333 5645/5645/5645
f 5646/5646/5646 2367/2367/2367 5645/5645/5645
f 5645/5645/5645 2333/2333/2333 5644/5644/5644
f 2333/2333/2333 2334/2334/2334 5644/5644/5644
f 2334/2334/2334 5643/5643/5643 5644/5644/5644
f 5643/5643/5643 2334/2334/2334 5642/5642/5642
f 5642/5642/5642 2334/2334/2334 5641/5641/5641
f 5641/5641/5641 2334/2334/2334 5640/5640/5640
f 5670/5670/5670 5671/5671/5671 2532/2532/2532
f 2565/2565/2565 2532/2532/2532 5671/5671/5671
f 2565/2565/2565 2564/2564/2564 2532/2532/2532
f 5674/5674/5674 2564/2564/2564 2565/2565/2565
f 2597/2597/2597 2564/2564/2564 5674/5674/5674
f 2597/2597/2597 2596/2596/2596 2564/2564/2564
f 2596/2596/2596 2597/2597/2597 5678/5678/5678
f 2629/2629/2629 2596/2596/2596 5678/5678/5678
f 2628/2628/2628 2596/2596/2596 2629/2629/2629
f 2628/2628/2628 2595/2595/2595 2596/2596/2596
f 2628/2628/2628 2627/2627/2627 2595/2595/2595
f 2659/2659/2659 2627/2627/2627 2628/2628/2628
f 2659/2659/2659 2658/2658/2658 2627/2627/2627
f 2690/2690/2690 2658/2658/2658 2659/2659/2659
f 2690/2690/2690 2689/2689/2689 2658/2658/2658
f 2722/2722/2722 2689/2689/2689 2690/2690/2690
f 2722/2722/2722 2721/2721/2721 2689/2689/2689
f 2754/2754/2754 2721/2721/2721 2722/2722/2722
f 2754/2754/2754 2753/2753/2753 2721/2721/2721
f 2787/2787/2787 2753/2753/2753 2754/2754/2754
f 2787/2787/2787 2786/2786/2786 2753/2753/2753
f 2822/2822/2822 2786/2786/2786 2787/2787/2787
f 2822/2822/2822 2821/2821/2821 2786/2786/2786
f 2860/2860/2860 2821/2821/2821 2822/2822/2822
f 2860/2860/2860 2859/2859/2859 2821/2821/2821
f 2859/2859/2859 2860/2860/2860 5708/5708/5708
f 2900/2900/2900 2859/2859/2859 5708/5708/5708
f 2900/2900/2900 2899/2899/2899 2859/2859/2859
f 2900/2900/2900 5711/5711/5711 2899/2899/2899
f 5711/5711/5711 2900/2900/2900 5710/5710/5710
f 5710/5710/5710 2900/2900/2900 5709/5709/5709
f 5709/5709/5709 2900/2900/2900 5708/5708/5708
f 2899/2899/2899 5711/5711/5711 2941/2941/2941
f 2941/2941/2941 2940/2940/2940 2899/2899/2899
f 5715/5715/5715 2940/2940/2940 2941/2941/2941
f 2983/2983/2983 2940/2940/2940 5715/5715/5715
f 2982/2982/2982 2940/2940/2940 2983/2983/2983
f 2982/2982/2982 2939/2939/2939 2940/2940/2940
f 2982/2982/2982 2981/2981/2981 2939/2939/2939
f 3025/3025/3025 2981/2981/2981 2982/2982/2982
f 3025/3025/3025 3024/3024/3024 2981/2981/2981
f 3069/3069/3069 3024/3024/3024 3025/3025/3025
f 3069/3069/3069 3068/3068/3068 3024/3024/3024
f 3112/3112/3112 3068/3068/3068 3069/3069/3069
f 3112/3112/3112 3111/3111/3111 3068/3068/3068
f 3156/3156/3156 3111/3111/3111 3112/3112/3112
f 3156/3156/3156 3155/3155/3155 3111/3111/3111
f 3199/3199/3199 3155/3155/3155 3156/3156/3156
f 3199/3199/3199 3198/3198/3198 3155/3155/3155
f 5738/5738/5738 3198/3198/3198 3199/3199/3199
f 3241/3241/3241 3198/3198/3198 5738/5738/5738
f 3241/3241/3241 3240/3240/3240 3198/3198/3198
f 3241/3241/3241 5741/5741/5741 3240/3240/3240
f 5741/5741/5741 3241/3241/3241 5740/5740/5740
f 5740/5740/5740 3241/3241/3241 5739/5739/5739
f 5739/5739/5739 3241/3241/3241 5738/5738/5738
f 3240/3240/3240 5741/5741/5741 3282/3282/3282
f 3282/3282/3282 3281/3281/3281 3240/3240/3240
f 5745/5745/5745 3281/3281/3281 3282/3282/3282
f 3323/3323/3323 3281/3281/3281 5745/5745/5745
f 3323/3323/3323 3322/3322/3322 3281/3281/3281
f 3362/3362/3362 3322/3322/3322 3323/3323/3323
f 3362/3362/3362 3361/3361/3361 3322/3322/3322
f 3399/3399/3399 3361/3361/3361 3362/3362/3362
f 3361/3361/3361 3399/3399/3399 6416/6416/6416
f 6416/6416/6416 6417/6417/6417 3361/3361/3361
f 6417/6417/6417 6418/6418/6418 3361/3361/3361
f 3360/3360/3360 3361/3361/3361 6418/6418/6418
f 3360/3360/3360 3321/3321/3321 3361/3361/3361
f 6421/6421/6421 3321/3321/3321 3360/3360/3360
f 3321/3321/3321 6421/6421/6421 3320/3320/3320
f 3321/3321/3321 3320/3320/3320 3279/3279/3279
f 3321/3321/3321 3279/3279/3279 3280/3280/3280
f 3322/3322/3322 3321/3321/3321 3280/3280/3280
f 3361/3361/3361 3321/3321/3321 3322/3322/3322
f 3322/3322/3322 3280/3280/3280 3281/3281/3281
f 3281/3281/3281 3280/3280/3280 3239/3239/3239
f 3281/3281/3281 3239/3239/3239 3240/3240/3240
f 3240/3240/3240 3239/3239/3239 3197/3197/3197
f 3240/3240/3240 3197/3197/3197 3198/3198/3198
f 3198/3198/3198 3197/3197/3197 3154/3154/3154
f 3198/3198/3198 3154/3154/3154 3155/3155/3155
f 3155/3155/3155 3154/3154/3154 3110/3110/3110
f 3155/3155/3155 3110/3110/3110 3111/3111/3111
f 3111/3111/3111 3110/3110/3110 3067/3067/3067
f 3111/3111/3111 3067/3067/3067 3068/3068/3068
f 3068/3068/3068 3067/3067/3067 3023/3023/3023
f 3068/3068/3068 3023/3023/3023 3024/3024/3024
f 3024/3024/3024 3023/3023/3023 2980/2980/2980
f 3024/3024/3024 2980/2980/2980 2981/2981/2981
f 2981/2981/2981 2980/2980/2980 2938/2938/2938
f 2981/2981/2981 2938/2938/2938 2939/2939/2939
f 2939/2939/2939 2938/2938/2938 2897/2897/2897
f 2939/2939/2939 2897/2897/2897 2898/2898/2898
f 2940/2940/2940 2939/2939/2939 2898/2898/2898
f 2940/2940/2940 2898/2898/2898 2899/2899/2899
f 2899/2899/2899 2898/2898/2898 2858/2858/2858
f 2899/2899/2899 2858/2858/2858 2859/2859/2859
f 2859/2859/2859 2858/2858/2858 2820/2820/2820
f 2859/2859/2859 2820/2820/2820 2821/2821/2821
f 2821/2821/2821 2820/2820/2820 2785/2785/2785
f 2821/2821/2821 2785/2785/2785 2786/2786/2786
f 2786/2786/2786 2785/2785/2785 2752/2752/2752
f 2786/2786/2786 2752/2752/2752 2753/2753/2753
f 2753/2753/2753 2752/2752/2752 2720/2720/2720
f 2753/2753/2753 2720/2720/2720 2721/2721/2721
f 2721/2721/2721 2720/2720/2720 2688/2688/2688
f 2721/2721/2721 2688/2688/2688 2689/2689/2689
f 2689/2689/2689 2688/2688/2688 2657/2657/2657
f 2689/2689/2689 2657/2657/2657 2658/2658/2658
f 2658/2658/2658 2657/2657/2657 2626/2626/2626
f 2658/2658/2658 2626/2626/2626 2627/2627/2627
f 2627/2627/2627 2626/2626/2626 2594/2594/2594
f 2627/2627/2627 2594/2594/2594 2595/2595/2595
f 2595/2595/2595 2594/2594/2594 2562/2562/2562
f 2595/2595/2595 2562/2562/2562 2563/2563/2563
f 2596/2596/2596 2595/2595/2595 2563/2563/2563
f 2596/2596/2596 2563/2563/2563 2564/2564/2564
f 2564/2564/2564 2563/2563/2563 2531/2531/2531
f 2564/2564/2564 2531/2531/2531 2532/2532/2532
f 2532/2532/2532 2531/2531/2531 2498/2498/2498
f 2532/2532/2532 2498/2498/2498 2499/2499/2499
f 2498/2498/2498 1181/1181/1181 2499/2499/2499
f 1181/1181/1181 2498/2498/2498 2463/2463/2463
f 1182/1182/1182 1181/1181/1181 2463/2463/2463
f 1182/1182/1182 2463/2463/2463 2498/2498/2498
f 2498/2498/2498 1183/1183/1183 1182/1182/1182
f 2498/2498/2498 2497/2497/2497 1183/1183/1183
f 2531/2531/2531 2497/2497/2497 2498/2498/2498
f 2531/2531/2531 1184/1184/1184 2497/2497/2497
f 1185/1185/1185 1184/1184/1184 2531/2531/2531
f 2530/2530/2530 1185/1185/1185 2531/2531/2531
f 2530/2530/2530 1186/1186/1186 1185/1185/1185
f 1186/1186/1186 2530/2530/2530 2563/2563/2563
f 1187/1187/1187 1186/1186/1186 2563/2563/2563
f 2563/2563/2563 2562/2562/2562 1187/1187/1187
f 2562/2562/2562 1188/1188/1188 1187/1187/1187
f 1189/1189/1189 1188/1188/1188 2562/2562/2562
f 2594/2594/2594 1189/1189/1189 2562/2562/2562
f 2594/2594/2594 1190/1190/1190 1189/1189/1189
f 2594/2594/2594 2593/2593/2593 1190/1190/1190
f 2626/2626/2626 2593/2593/2593 2594/2594/2594
f 2626/2626/2626 1192/1192/1192 2593/2593/2593
f 2626/2626/2626 2625/2625/2625 1192/1192/1192
f 2657/2657/2657 2625/2625/2625 2626/2626/2626
f 2657/2657/2657 1194/1194/1194 2625/2625/2625
f 2657/2657/2657 2656/2656/2656 1194/1194/1194
f 2688/2688/2688 2656/2656/2656 2657/2657/2657
f 2688/2688/2688 1196/1196/1196 2656/2656/2656
f 2688/2688/2688 2687/2687/2687 1196/1196/1196
f 2720/2720/2720 2687/2687/2687 2688/2688/2688
f 2687/2687/2687 2720/2720/2720 1198/1198/1198
f 2687/2687/2687 1198/1198/1198 1197/1197/1197
f 2687/2687/2687 1197/1197/1197 1196/1196/1196
f 2719/2719/2719 1198/1198/1198 2720/2720/2720
f 1199/1199/1199 1198/1198/1198 2719/2719/2719
f 2719/2719/2719 1200/1200/1200 1199/1199/1199
f 2719/2719/2719 2718/2718/2718 1200/1200/1200
f 2718/2718/2718 2719/2719/2719 2751/2751/2751
f 1201/1201/1201 2718/2718/2718 2751/2751/2751
f 1201/1201/1201 1200/1200/1200 2718/2718/2718
f 2751/2751/2751 1202/1202/1202 1201/1201/1201
f 2751/2751/2751 2750/2750/2750 1202/1202/1202
f 2784/2784/2784 2750/2750/2750 2751/2751/2751
f 2784/2784/2784 1204/1204/1204 2750/2750/2750
f 2784/2784/2784 2783/2783/2783 1204/1204/1204
f 2819/2819/2819 2783/2783/2783 2784/2784/2784
f 2819/2819/2819 2818/2818/2818 2783/2783/2783
f 2857/2857/2857 2818/2818/2818 2819/2819/2819
f 2857/2857/2857 2856/2856/2856 2818/2818/2818
f 2897/2897/2897 2856/2856/2856 2857/2857/2857
f 2897/2897/2897 2896/2896/2896 2856/2856/2856
f 2938/2938/2938 2896/2896/2896 2897/2897/2897
f 2938/2938/2938 2937/2937/2937 2896/2896/2896
f 2980/2980/2980 2937/2937/2937 2938/2938/2938
f 2980/2980/2980 2979/2979/2979 2937/2937/2937
f 3023/3023/3023 2979/2979/2979 2980/2980/2980
f 3023/3023/3023 3022/3022/3022 2979/2979/2979
f 3067/3067/3067 3022/3022/3022 3023/3023/3023
f 3067/3067/3067 3066/3066/3066 3022/3022/3022
f 3110/3110/3110 3066/3066/3066 3067/3067/3067
f 3110/3110/3110 3109/3109/3109 3066/3066/3066
f 3154/3154/3154 3109/3109/3109 3110/3110/3110
f 3153/3153/3153 3109/3109/3109 3154/3154/3154
f 3108/3108/3108 3109/3109/3109 3153/3153/3153
f 3109/3109/3109 3108/3108/3108 3065/3065/3065
f 3109/3109/3109 3065/3065/3065 3066/3066/3066
f 3066/3066/3066 3065/3065/3065 3021/3021/3021
f 3066/3066/3066 3021/3021/3021 3022/3022/3022
f 3022/3022/3022 3021/3021/3021 2978/2978/2978
f 3022/3022/3022 2978/2978/2978 2979/2979/2979
f 2979/2979/2979 2978/2978/2978 2936/2936/2936
f 2979/2979/2979 2936/2936/2936 2937/2937/2937
f 2937/2937/2937 2936/2936/2936 2895/2895/2895
f 2937/2937/2937 2895/2895/2895 2896/2896/2896
f 2896/2896/2896 2895/2895/2895 2855/2855/2855
f 2896/2896/2896 2855/2855/2855 2856/2856/2856
f 2856/2856/2856 2855/2855/2855 2817/2817/2817
f 2856/2856/2856 2817/2817/2817 2818/2818/2818
f 2817/2817/2817 1207/1207/1207 2818/2818/2818
f 2817/2817/2817 1208/1208/1208 1207/1207/1207
f 2816/2816/2816 1208/1208/1208 2817/2817/2817
f 2816/2816/2816 1209/1209/1209 1208/1208/1208
f 2816/2816/2816 1210/1210/1210 1209/1209/1209
f 2816/2816/2816 2815/2815/2815 1210/1210/1210
f 2854/2854/2854 2815/2815/2815 2816/2816/2816
f 1211/1211/1211 2815/2815/2815 2854/2854/2854
f 2815/2815/2815 1211/1211/1211 1210/1210/1210
f 1211/1211/1211 2854/2854/2854 2853/2853/2853
f 2853/2853/2853 1212/1212/1212 1211/1211/1211
f 2853/2853/2853 1213/1213/1213 1212/1212/1212
f 2853/2853/2853 2852/2852/2852 1213/1213/1213
f 2893/2893/2893 2852/2852/2852 2853/2853/2853
f 2893/2893/2893 2892/2892/2892 2852/2852/2852
f 2934/2934/2934 2892/2892/2892 2893/2893/2893
f 2934/2934/2934 2933/2933/2933 2892/2892/2892
f 2976/2976/2976 2933/2933/2933 2934/2934/2934
f 2976/2976/2976 2975/2975/2975 2933/2933/2933
f 3019/3019/3019 2975/2975/2975 2976/2976/2976
f 3019/3019/3019 3018/3018/3018 2975/2975/2975
f 3063/3063/3063 3018/3018/3018 3019/3019/3019
f 3063/3063/3063 3062/3062/3062 3018/3018/3018
f 3063/3063/3063 6518/6518/6518 3062/3062/3062
f 6517/6517/6517 6518/6518/6518 3063/3063/3063
f 6516/6516/6516 6517/6517/6517 3063/3063/3063
f 6515/6515/6515 6516/6516/6516 3063/3063/3063
f 6515/6515/6515 3063/3063/3063 6514/6514/6514
f 6514/6514/6514 3063/3063/3063 6513/6513/6513
f 6513/6513/6513 3063/3063/3063 6512/6512/6512
f 6512/6512/6512 3063/3063/3063 6511/6511/6511
f 6511/6511/6511 3063/3063/3063 6510/6510/6510
f 3063/3063/3063 6509/6509/6509 6510/6510/6510
f 6509/6509/6509 3063/3063/3063 3064/3064/3064
f 6509/6509/6509 3064/3064/3064 3107/3107/3107
f 6508/6508/6508 6509/6509/6509 3107/3107/3107
f 6508/6508/6508 3107/3107/3107 6507/6507/6507
f 6507/6507/6507 3107/3107/3107 6506/6506/6506
f 6506/6506/6506 3107/3107/3107 6505/6505/6505
f 3153/3153/3153 6505/6505/6505 3107/3107/3107
f 3152/3152/3152 6505/6505/6505 3153/3153/3153
f 6504/6504/6504 6505/6505/6505 3152/3152/3152
f 6503/6503/6503 6504/6504/6504 3152/3152/3152
f 6502/6502/6502 6503/6503/6503 3152/3152/3152
f 3152/3152/3152 6501/6501/6501 6502/6502/6502
f 3152/3152/3152 6500/6500/6500 6501/6501/6501
f 3152/3152/3152 6499/6499/6499 6500/6500/6500
f 6498/6498/6498 6499/6499/6499 3152/3152/3152
f 6498/6498/6498 3152/3152/3152 6497/6497/6497
f 6496/6496/6496 6497/6497/6497 3152/3152/3152
f 6496/6496/6496 3152/3152/3152 3196/3196/3196
f 3196/3196/3196 6495/6495/6495 6496/6496/6496
f 3196/3196/3196 6494/6494/6494 6495/6495/6495
f 3196/3196/3196 6493/6493/6493 6494/6494/6494
f 3196/3196/3196 6492/6492/6492 6493/6493/6493
f 3195/3195/3195 6492/6492/6492 3196/3196/3196
f 6491/6491/6491 6492/6492/6492 3195/3195/3195
f 3195/3195/3195 6490/6490/6490 6491/6491/6491
f 3195/3195/3195 6489/6489/6489 6490/6490/6490
f 3195/3195/3195 6488/6488/6488 6489/6489/6489
f 3195/3195/3195 6487/6487/6487 6488/6488/6488
f 3195/3195/3195 6486/6486/6486 6487/6487/6487
f 3195/3195/3195 6485/6485/6485 6486/6486/6486
f 6485/6485/6485 3195/3195/3195 3238/3238/3238
f 6485/6485/6485 3238/3238/3238 6484/6484/6484
f 6484/6484/6484 3238/3238/3238 3237/3237/3237
f 3194/3194/3194 6484/6484/6484 3237/3237/3237
f 3194/3194/3194 6483/6483/6483 6484/6484/6484
f 3194/3194/3194 6482/6482/6482 6483/6483/6483
f 3194/3194/3194 6481/6481/6481 6482/6482/6482
f 3194/3194/3194 6480/6480/6480 6481/6481/6481
f 3194/3194/3194 6479/6479/6479 6480/6480/6480
f 6478/6478/6478 6479/6479/6479 3194/3194/3194
f 6477/6477/6477 6478/6478/6478 3194/3194/3194
f 6477/6477/6477 3194/3194/3194 3193/3193/3193
f 3193/3193/3193 6476/6476/6476 6477/6477/6477
f 3193/3193/3193 6475/6475/6475 6476/6476/6476
f 3193/3193/3193 6474/6474/6474 6475/6475/6475
f 3193/3193/3193 6473/6473/6473 6474/6474/6474
f 3193/3193/3193 6472/6472/6472 6473/6473/6473
f 3193/3193/3193 6471/6471/6471 6472/6472/6472
f 3193/3193/3193 6470/6470/6470 6471/6471/6471
f 3193/3193/3193 6469/6469/6469 6470/6470/6470
f 3193/3193/3193 6468/6468/6468 6469/6469/6469
f 3192/3192/3192 6468/6468/6468 3193/3193/3193
f 3148/3148/3148 6468/6468/6468 3192/3192/3192
f 3148/3148/3148 6467/6467/6467 6468/6468/6468
f 6467/6467/6467 3148/3148/3148 6466/6466/6466
f 3148/3148/3148 6465/6465/6465 6466/6466/6466
f 3148/3148/3148 6464/6464/6464 6465/6465/6465
f 3148/3148/3148 6463/6463/6463 6464/6464/6464
f 3148/3148/3148 6462/6462/6462 6463/6463/6463
f 3148/3148/3148 6461/6461/6461 6462/6462/6462
f 3148/3148/3148 6460/6460/6460 6461/6461/6461
f 3103/3103/3103 6460/6460/6460 3148/3148/3148
f 6459/6459/6459 6460/6460/6460 3103/3103/3103
f 6458/6458/6458 6459/6459/6459 3103/3103/3103
f 3103/3103/3103 6457/6457/6457 6458/6458/6458
f 6457/6457/6457 3103/3103/3103 6456/6456/6456
f 3103/3103/3103 6455/6455/6455 6456/6456/6456
f 3103/3103/3103 6454/6454/6454 6455/6455/6455
f 3103/3103/3103 6453/6453/6453 6454/6454/6454
f 3103/3103/3103 3059/3059/3059 6453/6453/6453
f 3103/3103/3103 3102/3102/3102 3059/3059/3059
f 3147/3147/3147 3102/3102/3102 3103/3103/3103
f 3147/3147/3147 3146/3146/3146 3102/3102/3102
f 3190/3190/3190 3146/3146/3146 3147/3147/3147
f 3190/3190/3190 3189/3189/3189 3146/3146/3146
f 3232/3232/3232 3189/3189/3189 3190/3190/3190
f 3232/3232/3232 1237/1237/1237 3189/3189/3189
f 3232/3232/3232 1238/1238/1238 1237/1237/1237
f 1239/1239/1239 1238/1238/1238 3232/3232/3232
f 3274/3274/3274 1239/1239/1239 3232/3232/3232
f 3274/3274/3274 3273/3273/3273 1239/1239/1239
f 3315/3315/3315 3273/3273/3273 3274/3274/3274
f 1240/1240/1240 3273/3273/3273 3315/3315/3315
f 3273/3273/3273 1240/1240/1240 1239/1239/1239
f 1241/1241/1241 1240/1240/1240 3315/3315/3315
f 3315/3315/3315 3314/3314/3314 1241/1241/1241
f 3314/3314/3314 3315/3315/3315 3354/3354/3354
f 1242/1242/1242 3314/3314/3314 3354/3354/3354
f 1242/1242/1242 1241/1241/1241 3314/3314/3314
f 3354/3354/3354 1243/1243/1243 1242/1242/1242
f 1244/1244/1244 1243/1243/1243 3354/3354/3354
f 3392/3392/3392 1244/1244/1244 3354/3354/3354
f 3392/3392/3392 3391/3391/3391 1244/1244/1244
f 3428/3428/3428 3391/3391/3391 3392/3392/3392
f 3428/3428/3428 1246/1246/1246 3391/3391/3391
f 3428/3428/3428 1247/1247/1247 1246/1246/1246
f 3428/3428/3428 3464/3464/3464 1247/1247/1247
f 3464/3464/3464 3428/3428/3428 3429/3429/3429
f 3465/3465/3465 3464/3464/3464 3429/3429/3429
f 3499/3499/3499 3464/3464/3464 3465/3465/3465
f 3499/3499/3499 3498/3498/3498 3464/3464/3464
f 3533/3533/3533 3498/3498/3498 3499/3499/3499
f 3533/3533/3533 3532/3532/3532 3498/3498/3498
f 3567/3567/3567 3532/3532/3532 3533/3533/3533
f 3567/3567/3567 3566/3566/3566 3532/3532/3532
f 3601/3601/3601 3566/3566/3566 3567/3567/3567
f 3601/3601/3601 3600/3600/3600 3566/3566/3566
f 3635/3635/3635 3600/3600/3600 3601/3601/3601
f 3635/3635/3635 3634/3634/3634 3600/3600/3600
f 3669/3669/3669 3634/3634/3634 3635/3635/3635
f 3669/3669/3669 3668/3668/3668 3634/3634/3634
f 3704/3704/3704 3668/3668/3668 3669/3669/3669
f 3704/3704/3704 3703/3703/3703 3668/3668/3668
f 3739/3739/3739 3703/3703/3703 3704/3704/3704
f 3739/3739/3739 3738/3738/3738 3703/3703/3703
f 3775/3775/3775 3738/3738/3738 3739/3739/3739
f 3775/3775/3775 3774/3774/3774 3738/3738/3738
f 3811/3811/3811 3774/3774/3774 3775/3775/3775
f 3811/3811/3811 3810/3810/3810 3774/3774/3774
f 3847/3847/3847 3810/3810/3810 3811/3811/3811
f 3847/3847/3847 3846/3846/3846 3810/3810/3810
f 3883/3883/3883 3846/3846/3846 3847/3847/3847
f 3883/3883/3883 3882/3882/3882 3846/3846/3846
f 3919/3919/3919 3882/3882/3882 3883/3883/3883
f 3919/3919/3919 3918/3918/3918 3882/3882/3882
f 3956/3956/3956 3918/3918/3918 3919/3919/3919
f 3956/3956/3956 3955/3955/3955 3918/3918/3918
f 3995/3995/3995 3955/3955/3955 3956/3956/3956
f 3995/3995/3995 3994/3994/3994 3955/3955/3955
f 4037/4037/4037 3994/3994/3994 3995/3995/3995
f 4037/4037/4037 4036/4036/4036 3994/3994/3994
f 4081/4081/4081 4036/4036/4036 4037/4037/4037
f 4081/4081/4081 4080/4080/4080 4036/4036/4036
f 4126/4126/4126 4080/4080/4080 4081/4081/4081
f 4126/4126/4126 4125/4125/4125 4080/4080/4080
f 4172/4172/4172 4125/4125/4125 4126/4126/4126
f 4172/4172/4172 4171/4171/4171 4125/4125/4125
f 4219/4219/4219 4171/4171/4171 4172/4172/4172
f 4219/4219/4219 4218/4218/4218 4171/4171/4171
f 4218/4218/4218 4219/4219/4219 4264/4264/4264
f 4217/4217/4217 4218/4218/4218 4264/4264/4264
f 4218/4218/4218 4217/4217/4217 4170/4170/4170
f 4218/4218/4218 4170/4170/4170 4171/4171/4171
f 4171/4171/4171 4170/4170/4170 4124/4124/4124
f 4171/4171/4171 4124/4124/4124 4125/4125/4125
f 4125/4125/4125 4124/4124/4124 4079/4079/4079
f 4125/4125/4125 4079/4079/4079 4080/4080/4080
f 4080/4080/4080 4079/4079/4079 4035/4035/4035
f 4080/4080/4080 4035/4035/4035 4036/4036/4036
f 4036/4036/4036 4035/4035/4035 3993/3993/3993
f 4036/4036/4036 3993/3993/3993 3994/3994/3994
f 3994/3994/3994 3993/3993/3993 3954/3954/3954
f 3994/3994/3994 3954/3954/3954 3955/3955/3955
f 3955/3955/3955 3954/3954/3954 1277/1277/1277
f 3955/3955/3955 1277/1277/1277 3917/3917/3917
f 3955/3955/3955 3917/3917/3917 3918/3918/3918
f 3918/3918/3918 3917/3917/3917 1275/1275/1275
f 3918/3918/3918 1275/1275/1275 3881/3881/3881
f 3918/3918/3918 3881/3881/3881 3882/3882/3882
f 3882/3882/3882 3881/3881/3881 1273/1273/1273
f 1273/1273/1273 1272/1272/1272 3882/3882/3882
f 1272/1272/1272 3845/3845/3845 3882/3882/3882
f 3845/3845/3845 1272/1272/1272 1271/1271/1271
f 3846/3846/3846 3845/3845/3845 1271/1271/1271
f 3882/3882/3882 3845/3845/3845 3846/3846/3846
f 1271/1271/1271 1270/1270/1270 3846/3846/3846
f 1270/1270/1270 3809/3809/3809 3846/3846/3846
f 3809/3809/3809 1270/1270/1270 1269/1269/1269
f 3809/3809/3809 1269/1269/1269 1268/1268/1268
f 1268/1268/1268 3810/3810/3810 3809/3809/3809
f 1268/1268/1268 3773/3773/3773 3810/3810/3810
f 3773/3773/3773 1268/1268/1268 1267/1267/1267
f 3773/3773/3773 1267/1267/1267 1266/1266/1266
f 3774/3774/3774 3773/3773/3773 1266/1266/1266
f 3810/3810/3810 3773/3773/3773 3774/3774/3774
f 3774/3774/3774 1266/1266/1266 3737/3737/3737
f 3774/3774/3774 3737/3737/3737 3738/3738/3738
f 3738/3738/3738 3737/3737/3737 1264/1264/1264
f 3738/3738/3738 1264/1264/1264 3702/3702/3702
f 3738/3738/3738 3702/3702/3702 3703/3703/3703
f 3703/3703/3703 3702/3702/3702 1262/1262/1262
f 3703/3703/3703 1262/1262/1262 3667/3667/3667
f 3703/3703/3703 3667/3667/3667 3668/3668/3668
f 3668/3668/3668 3667/3667/3667 1260/1260/1260
f 3668/3668/3668 1260/1260/1260 3633/3633/3633
f 3668/3668/3668 3633/3633/3633 3634/3634/3634
f 3634/3634/3634 3633/3633/3633 1258/1258/1258
f 3634/3634/3634 1258/1258/1258 3599/3599/3599
f 3634/3634/3634 3599/3599/3599 3600/3600/3600
f 3600/3600/3600 3599/3599/3599 1256/1256/1256
f 1256/1256/1256 1255/1255/1255 3600/3600/3600
f 1255/1255/1255 3565/3565/3565 3600/3600/3600
f 3565/3565/3565 1255/1255/1255 1254/1254/1254
f 3566/3566/3566 3565/3565/3565 1254/1254/1254
f 3600/3600/3600 3565/3565/3565 3566/3566/3566
f 3566/3566/3566 1254/1254/1254 1253/1253/1253
f 3566/3566/3566 1253/1253/1253 3531/3531/3531
f 3566/3566/3566 3531/3531/3531 3532/3532/3532
f 3532/3532/3532 3531/3531/3531 1252/1252/1252
f 3532/3532/3532 1252/1252/1252 1251/1251/1251
f 3532/3532/3532 1251/1251/1251 3497/3497/3497
f 3532/3532/3532 3497/3497/3497 3498/3498/3498
f 3498/3498/3498 3497/3497/3497 1249/1249/1249
f 3498/3498/3498 1249/1249/1249 3463/3463/3463
f 3498/3498/3498 3463/3463/3463 3464/3464/3464
f 3463/3463/3463 1247/1247/1247 3464/3464/3464
f 1248/1248/1248 1247/1247/1247 3463/3463/3463
f 1249/1249/1249 1248/1248/1248 3463/3463/3463
f 3497/3497/3497 1250/1250/1250 1249/1249/1249
f 1251/1251/1251 1250/1250/1250 3497/3497/3497
f 1253/1253/1253 1252/1252/1252 3531/3531/3531
f 3599/3599/3599 1257/1257/1257 1256/1256/1256
f 1258/1258/1258 1257/1257/1257 3599/3599/3599
f 3633/3633/3633 1259/1259/1259 1258/1258/1258
f 1260/1260/1260 1259/1259/1259 3633/3633/3633
f 3667/3667/3667 1261/1261/1261 1260/1260/1260
f 1262/1262/1262 1261/1261/1261 3667/3667/3667
f 3702/3702/3702 1263/1263/1263 1262/1262/1262
f 1264/1264/1264 1263/1263/1263 3702/3702/3702
f 3737/3737/3737 1265/1265/1265 1264/1264/1264
f 1266/1266/1266 1265/1265/1265 3737/3737/3737
f 3846/3846/3846 3809/3809/3809 3810/3810/3810
f 3881/3881/3881 1274/1274/1274 1273/1273/1273
f 1275/1275/1275 1274/1274/1274 3881/3881/3881
f 3917/3917/3917 1276/1276/1276 1275/1275/1275
f 1277/1277/1277 1276/1276/1276 3917/3917/3917
f 3954/3954/3954 1278/1278/1278 1277/1277/1277
f 3954/3954/3954 3953/3953/3953 1278/1278/1278
f 3993/3993/3993 3953/3953/3953 3954/3954/3954
f 3993/3993/3993 1280/1280/1280 3953/3953/3953
f 3993/3993/3993 3992/3992/3992 1280/1280/1280
f 4035/4035/4035 3992/3992/3992 3993/3993/3993
f 4035/4035/4035 4034/4034/4034 3992/3992/3992
f 4079/4079/4079 4034/4034/4034 4035/4035/4035
f 4079/4079/4079 4078/4078/4078 4034/4034/4034
f 4124/4124/4124 4078/4078/4078 4079/4079/4079
f 4124/4124/4124 4123/4123/4123 4078/4078/4078
f 4170/4170/4170 4123/4123/4123 4124/4124/4124
f 4170/4170/4170 4169/4169/4169 4123/4123/4123
f 4217/4217/4217 4169/4169/4169 4170/4170/4170
f 4217/4217/4217 4216/4216/4216 4169/4169/4169
f 4216/4216/4216 4217/4217/4217 6831/6831/6831
f 4216/4216/4216 6831/6831/6831 6832/6832/6832
f 6832/6832/6832 6833/6833/6833 4216/4216/4216
f 6833/6833/6833 6834/6834/6834 4216/4216/4216
f 6834/6834/6834 6835/6835/6835 4216/4216/4216
f 6836/6836/6836 4216/4216/4216 6835/6835/6835
f 4216/4216/4216 6836/6836/6836 6837/6837/6837
f 4168/4168/4168 4216/4216/4216 6837/6837/6837
f 4168/4168/4168 4169/4169/4169 4216/4216/4216
f 4169/4169/4169 4168/4168/4168 4122/4122/4122
f 4169/4169/4169 4122/4122/4122 4123/4123/4123
f 4123/4123/4123 4122/4122/4122 4077/4077/4077
f 4123/4123/4123 4077/4077/4077 4078/4078/4078
f 4078/4078/4078 4077/4077/4077 4033/4033/4033
f 4078/4078/4078 4033/4033/4033 4034/4034/4034
f 4034/4034/4034 4033/4033/4033 3991/3991/3991
f 4034/4034/4034 3991/3991/3991 3992/3992/3992
f 3991/3991/3991 1281/1281/1281 3992/3992/3992
f 3991/3991/3991 1282/1282/1282 1281/1281/1281
f 3991/3991/3991 1283/1283/1283 1282/1282/1282
f 3991/3991/3991 3990/3990/3990 1283/1283/1283
f 4033/4033/4033 3990/3990/3990 3991/3991/3991
f 1284/1284/1284 3990/3990/3990 4033/4033/4033
f 3990/3990/3990 1284/1284/1284 1283/1283/1283
f 1285/1285/1285 1284/1284/1284 4033/4033/4033
f 4033/4033/4033 4032/4032/4032 1285/1285/1285
f 4077/4077/4077 4032/4032/4032 4033/4033/4033
f 4077/4077/4077 4076/4076/4076 4032/4032/4032
f 4122/4122/4122 4076/4076/4076 4077/4077/4077
f 4122/4122/4122 4121/4121/4121 4076/4076/4076
f 4168/4168/4168 4121/4121/4121 4122/4122/4122
f 4168/4168/4168 4167/4167/4167 4121/4121/4121
f 4167/4167/4167 4168/4168/4168 6839/6839/6839
f 6840/6840/6840 4167/4167/4167 6839/6839/6839
f 6840/6840/6840 6841/6841/6841 4167/4167/4167
f 6841/6841/6841 6842/6842/6842 4167/4167/4167
f 6842/6842/6842 6843/6843/6843 4167/4167/4167
f 4166/4166/4166 4167/4167/4167 6843/6843/6843
f 4167/4167/4167 4166/4166/4166 4120/4120/4120
f 4167/4167/4167 4120/4120/4120 4121/4121/4121
f 4121/4121/4121 4120/4120/4120 4075/4075/4075
f 4121/4121/4121 4075/4075/4075 4076/4076/4076
f 4076/4076/4076 4075/4075/4075 4031/4031/4031
f 4076/4076/4076 4031/4031/4031 4032/4032/4032
f 4032/4032/4032 4031/4031/4031 1286/1286/1286
f 4032/4032/4032 1286/1286/1286 1285/1285/1285
f 4031/4031/4031 1287/1287/1287 1286/1286/1286
f 4031/4031/4031 1288/1288/1288 1287/1287/1287
f 4031/4031/4031 4030/4030/4030 1288/1288/1288
f 4075/4075/4075 4030/4030/4030 4031/4031/4031
f 1289/1289/1289 4030/4030/4030 4075/4075/4075
f 4030/4030/4030 1289/1289/1289 1288/1288/1288
f 4074/4074/4074 1289/1289/1289 4075/4075/4075
f 4029/4029/4029 1289/1289/1289 4074/4074/4074
f 4029/4029/4029 1290/1290/1290 1289/1289/1289
f 1290/1290/1290 4029/4029/4029 4074/4074/4074
f 1291/1291/1291 1290/1290/1290 4074/4074/4074
f 4074/4074/4074 4073/4073/4073 1291/1291/1291
f 4119/4119/4119 4073/4073/4073 4074/4074/4074
f 4119/4119/4119 4118/4118/4118 4073/4073/4073
f 4165/4165/4165 4118/4118/4118 4119/4119/4119
f 4165/4165/4165 4164/4164/4164 4118/4118/4118
f 4212/4212/4212 4164/4164/4164 4165/4165/4165
f 4212/4212/4212 4211/4211/4211 4164/4164/4164
f 4258/4258/4258 4211/4211/4211 4212/4212/4212
f 4258/4258/4258 4257/4257/4257 4211/4211/4211
f 4305/4305/4305 4257/4257/4257 4258/4258/4258
f 4305/4305/4305 6899/6899/6899 4257/4257/4257
f 4305/4305/4305 6898/6898/6898 6899/6899/6899
f 4305/4305/4305 4304/4304/4304 6898/6898/6898
f 4304/4304/4304 4305/4305/4305 4353/4353/4353
f 6895/6895/6895 4304/4304/4304 4353/4353/4353
f 6895/6895/6895 6896/6896/6896 4304/4304/4304
f 4304/4304/4304 6896/6896/6896 6897/6897/6897
f 6897/6897/6897 6898/6898/6898 4304/4304/4304
f 4352/4352/4352 6895/6895/6895 4353/4353/4353
f 6894/6894/6894 6895/6895/6895 4352/4352/4352
f 6893/6893/6893 6894/6894/6894 4352/4352/4352
f 4351/4351/4351 6893/6893/6893 4352/4352/4352
f 6892/6892/6892 6893/6893/6893 4351/4351/4351
f 6891/6891/6891 6892/6892/6892 4351/4351/4351
f 6890/6890/6890 6891/6891/6891 4351/4351/4351
f 4351/4351/4351 6889/6889/6889 6890/6890/6890
f 4351/4351/4351 6888/6888/6888 6889/6889/6889
f 4351/4351/4351 6887/6887/6887 6888/6888/6888
f 4351/4351/4351 6886/6886/6886 6887/6887/6887
f 4351/4351/4351 6885/6885/6885 6886/6886/6886
f 4351/4351/4351 6884/6884/6884 6885/6885/6885
f 6884/6884/6884 4351/4351/4351 4398/4398/4398
f 6883/6883/6883 6884/6884/6884 4398/4398/4398
f 4397/4397/4397 6883/6883/6883 4398/4398/4398
f 6882/6882/6882 6883/6883/6883 4397/4397/4397
f 4397/4397/4397 6881/6881/6881 6882/6882/6882
f 4397/4397/4397 6880/6880/6880 6881/6881/6881
f 4397/4397/4397 6879/6879/6879 6880/6880/6880
f 6878/6878/6878 6879/6879/6879 4397/4397/4397
f 6877/6877/6877 6878/6878/6878 4397/4397/4397
f 6877/6877/6877 4397/4397/4397 4396/4396/4396
f 4396/4396/4396 6876/6876/6876 6877/6877/6877
f 4396/4396/4396 6875/6875/6875 6876/6876/6876
f 4349/4349/4349 6875/6875/6875 4396/4396/4396
f 4349/4349/4349 6874/6874/6874 6875/6875/6875
f 6874/6874/6874 4349/4349/4349 6873/6873/6873
f 4349/4349/4349 6872/6872/6872 6873/6873/6873
f 4349/4349/4349 6871/6871/6871 6872/6872/6872
f 4349/4349/4349 6870/6870/6870 6871/6871/6871
f 6869/6869/6869 6870/6870/6870 4349/4349/4349
f 4348/4348/4348 6869/6869/6869 4349/4349/4349
f 4348/4348/4348 6868/6868/6868 6869/6869/6869
f 4348/4348/4348 6867/6867/6867 6868/6868/6868
f 4348/4348/4348 6866/6866/6866 6867/6867/6867
f 4348/4348/4348 6865/6865/6865 6866/6866/6866
f 4301/4301/4301 6865/6865/6865 4348/4348/4348
f 6864/6864/6864 6865/6865/6865 4301/4301/4301
f 6863/6863/6863 6864/6864/6864 4301/4301/4301
f 4301/4301/4301 6862/6862/6862 6863/6863/6863
f 6862/6862/6862 4301/4301/4301 6861/6861/6861
f 4301/4301/4301 6860/6860/6860 6861/6861/6861
f 4301/4301/4301 6859/6859/6859 6860/6860/6860
f 4301/4301/4301 6858/6858/6858 6859/6859/6859
f 4301/4301/4301 4254/4254/4254 6858/6858/6858
f 4301/4301/4301 4300/4300/4300 4254/4254/4254
f 4347/4347/4347 4300/4300/4300 4301/4301/4301
f 4347/4347/4347 4346/4346/4346 4300/4300/4300
f 4347/4347/4347 6974/6974/6974 4346/4346/4346
f 6973/6973/6973 6974/6974/6974 4347/4347/4347
f 6973/6973/6973 4347/4347/4347 6972/6972/6972
f 6972/6972/6972 4347/4347/4347 4394/4394/4394
f 6971/6971/6971 6972/6972/6972 4394/4394/4394
f 6970/6970/6970 6971/6971/6971 4394/4394/4394
f 6969/6969/6969 6970/6970/6970 4394/4394/4394
f 6969/6969/6969 4394/4394/4394 6968/6968/6968
f 6968/6968/6968 4394/4394/4394 6967/6967/6967
f 6967/6967/6967 4394/4394/4394 6966/6966/6966
f 6966/6966/6966 4394/4394/4394 6965/6965/6965
f 4441/4441/4441 6965/6965/6965 4394/4394/4394
f 4441/4441/4441 6964/6964/6964 6965/6965/6965
f 4440/4440/4440 6964/6964/6964 4441/4441/4441
f 6963/6963/6963 6964/6964/6964 4440/4440/4440
f 4440/4440/4440 6962/6962/6962 6963/6963/6963
f 6961/6961/6961 6962/6962/6962 4440/4440/4440
f 6960/6960/6960 6961/6961/6961 4440/4440/4440
f 6960/6960/6960 4440/4440/4440 6959/6959/6959
f 4440/4440/4440 4486/4486/4486 6959/6959/6959
f 4440/4440/4440 4487/4487/4487 4486/4486/4486
f 4440/4440/4440 4441/4441/4441 4487/4487/4487
f 4441/4441/4441 4442/4442/4442 4487/4487/4487
f 4441/4441/4441 4396/4396/4396 4442/4442/4442
f 4396/4396/4396 4441/4441/4441 4395/4395/4395
f 4396/4396/4396 4395/4395/4395 4349/4349/4349
f 4395/4395/4395 4348/4348/4348 4349/4349/4349
f 4395/4395/4395 4394/4394/4394 4348/4348/4348
f 4395/4395/4395 4441/4441/4441 4394/4394/4394
f 4348/4348/4348 4394/4394/4394 4347/4347/4347
f 4348/4348/4348 4347/4347/4347 4301/4301/4301
f 4442/4442/4442 4396/4396/4396 4397/4397/4397
f 4443/4443/4443 4442/4442/4442 4397/4397/4397
f 4488/4488/4488 4442/4442/4442 4443/4443/4443
f 4487/4487/4487 4442/4442/4442 4488/4488/4488
f 4533/4533/4533 4487/4487/4487 4488/4488/4488
f 4533/4533/4533 4532/4532/4532 4487/4487/4487
f 4577/4577/4577 4532/4532/4532 4533/4533/4533
f 4577/4577/4577 4576/4576/4576 4532/4532/4532
f 4620/4620/4620 4576/4576/4576 4577/4577/4577
f 4620/4620/4620 4619/4619/4619 4576/4576/4576
f 4620/4620/4620 4663/4663/4663 4619/4619/4619
f 4664/4664/4664 4663/4663/4663 4620/4620/4620
f 4663/4663/4663 4664/4664/4664 4706/4706/4706
f 4706/4706/4706 7043/7043/7043 4663/4663/4663
f 7042/7042/7042 7043/7043/7043 4706/4706/4706
f 4706/4706/4706 7041/7041/7041 7042/7042/7042
f 4705/4705/4705 7041/7041/7041 4706/4706/4706
f 7040/7040/7040 7041/7041/7041 4705/4705/4705
f 7039/7039/7039 7040/7040/7040 4705/4705/4705
f 4705/4705/4705 7038/7038/7038 7039/7039/7039
f 7037/7037/7037 7038/7038/7038 4705/4705/4705
f 4748/4748/4748 7037/7037/7037 4705/4705/4705
f 4747/4747/4747 7037/7037/7037 4748/4748/4748
f 7036/7036/7036 7037/7037/7037 4747/4747/4747
f 7035/7035/7035 7036/7036/7036 4747/4747/4747
f 7034/7034/7034 7035/7035/7035 4747/4747/4747
f 7033/7033/7033 7034/7034/7034 4747/4747/4747
f 7032/7032/7032 7033/7033/7033 4747/4747/4747
f 4747/4747/4747 7031/7031/7031 7032/7032/7032
f 4747/4747/4747 7030/7030/7030 7031/7031/7031
f 4747/4747/4747 7029/7029/7029 7030/7030/7030
f 4747/4747/4747 7028/7028/7028 7029/7029/7029
f 4747/4747/4747 7027/7027/7027 7028/7028/7028
f 4789/4789/4789 7027/7027/7027 4747/4747/4747
f 7027/7027/7027 4789/4789/4789 7026/7026/7026
f 4788/4788/4788 7026/7026/7026 4789/4789/4789
f 7026/7026/7026 4788/4788/4788 4746/4746/4746
f 7025/7025/7025 7026/7026/7026 4746/4746/4746
f 4746/4746/4746 7024/7024/7024 7025/7025/7025
f 4746/4746/4746 7023/7023/7023 7024/7024/7024
f 7022/7022/7022 7023/7023/7023 4746/4746/4746
f 4788/4788/4788 7022/7022/7022 4746/4746/4746
f 4788/4788/4788 7021/7021/7021 7022/7022/7022
f 4788/4788/4788 7020/7020/7020 7021/7021/7021
f 4788/4788/4788 4787/4787/4787 7020/7020/7020
f 4827/4827/4827 4787/4787/4787 4788/4788/4788
f 4827/4827/4827 4826/4826/4826 4787/4787/4787
f 4866/4866/4866 4826/4826/4826 4827/4827/4827
f 4866/4866/4866 4865/4865/4865 4826/4826/4826
f 4904/4904/4904 4865/4865/4865 4866/4866/4866
f 4904/4904/4904 4903/4903/4903 4865/4865/4865
f 4942/4942/4942 4903/4903/4903 4904/4904/4904
f 4942/4942/4942 4941/4941/4941 4903/4903/4903
f 4980/4980/4980 4941/4941/4941 4942/4942/4942
f 4980/4980/4980 4979/4979/4979 4941/4941/4941
f 5016/5016/5016 4979/4979/4979 4980/4980/4980
f 5016/5016/5016 5015/5015/5015 4979/4979/4979
f 5052/5052/5052 5015/5015/5015 5016/5016/5016
f 5015/5015/5015 5052/5052/5052 1339/1339/1339
f 5015/5015/5015 1339/1339/1339 1338/1338/1338
f 1338/1338/1338 4978/4978/4978 5015/5015/5015
f 1338/1338/1338 1337/1337/1337 4978/4978/4978
f 4978/4978/4978 1337/1337/1337 1336/1336/1336
f 4979/4979/4979 4978/4978/4978 1336/1336/1336
f 4978/4978/4978 4979/4979/4979 5015/5015/5015
f 4979/4979/4979 1336/1336/1336 4940/4940/4940
f 4979/4979/4979 4940/4940/4940 4941/4941/4941
f 4941/4941/4941 4940/4940/4940 1334/1334/1334
f 4941/4941/4941 1334/1334/1334 4902/4902/4902
f 4941/4941/4941 4902/4902/4902 4903/4903/4903
f 4903/4903/4903 4902/4902/4902 4864/4864/4864
f 4903/4903/4903 4864/4864/4864 4865/4865/4865
f 4865/4865/4865 4864/4864/4864 4825/4825/4825
f 4865/4865/4865 4825/4825/4825 4826/4826/4826
f 4826/4826/4826 4825/4825/4825 4786/4786/4786
f 4826/4826/4826 4786/4786/4786 4787/4787/4787
f 4787/4787/4787 4786/4786/4786 4745/4745/4745
f 4745/4745/4745 7018/7018/7018 4787/4787/4787
f 4745/4745/4745 7017/7017/7017 7018/7018/7018
f 4745/4745/4745 7016/7016/7016 7017/7017/7017
f 4745/4745/4745 7015/7015/7015 7016/7016/7016
f 4745/4745/4745 7014/7014/7014 7015/7015/7015
f 4745/4745/4745 7013/7013/7013 7014/7014/7014
f 7012/7012/7012 7013/7013/7013 4745/4745/4745
f 4744/4744/4744 7012/7012/7012 4745/4745/4745
f 4744/4744/4744 7011/7011/7011 7012/7012/7012
f 4744/4744/4744 7010/7010/7010 7011/7011/7011
f 4744/4744/4744 7009/7009/7009 7010/7010/7010
f 4744/4744/4744 7008/7008/7008 7009/7009/7009
f 4744/4744/4744 7007/7007/7007 7008/7008/7008
f 4702/4702/4702 7007/7007/7007 4744/4744/4744
f 7006/7006/7006 7007/7007/7007 4702/4702/4702
f 7005/7005/7005 7006/7006/7006 4702/4702/4702
f 4702/4702/4702 7004/7004/7004 7005/7005/7005
f 7004/7004/7004 4702/4702/4702 7003/7003/7003
f 4702/4702/4702 7002/7002/7002 7003/7003/7003
f 4702/4702/4702 7001/7001/7001 7002/7002/7002
f 4702/4702/4702 7000/7000/7000 7001/7001/7001
f 4702/4702/4702 6999/6999/6999 7000/7000/7000
f 4702/4702/4702 6998/6998/6998 6999/6999/6999
f 4702/4702/4702 4659/4659/4659 6998/6998/6998
f 4702/4702/4702 4701/4701/4701 4659/4659/4659
f 4743/4743/4743 4701/4701/4701 4702/4702/4702
f 4743/4743/4743 1326/1326/1326 4701/4701/4701
f 1327/1327/1327 1326/1326/1326 4743/4743/4743
f 4785/4785/4785 1327/1327/1327 4743/4743/4743
f 4785/4785/4785 4784/4784/4784 1327/1327/1327
f 4784/4784/4784 4785/4785/4785 4824/4824/4824
f 1329/1329/1329 4784/4784/4784 4824/4824/4824
f 1329/1329/1329 1328/1328/1328 4784/4784/4784
f 4784/4784/4784 1328/1328/1328 1327/1327/1327
f 4824/4824/4824 1330/1330/1330 1329/1329/1329
f 1331/1331/1331 1330/1330/1330 4824/4824/4824
f 4864/4864/4864 1331/1331/1331 4824/4824/4824
f 4864/4864/4864 4863/4863/4863 1331/1331/1331
f 4863/4863/4863 4864/4864/4864 4902/4902/4902
f 1332/1332/1332 4863/4863/4863 4902/4902/4902
f 1332/1332/1332 1331/1331/1331 4863/4863/4863
f 4902/4902/4902 1333/1333/1333 1332/1332/1332
f 1334/1334/1334 1333/1333/1333 4902/4902/4902
f 4864/4864/4864 4824/4824/4824 4825/4825/4825
f 4825/4825/4825 4824/4824/4824 4785/4785/4785
f 4825/4825/4825 4785/4785/4785 4786/4786/4786
f 4786/4786/4786 4785/4785/4785 4744/4744/4744
f 4786/4786/4786 4744/4744/4744 4745/4745/4745
f 4785/4785/4785 4743/4743/4743 4744/4744/4744
f 4744/4744/4744 4743/4743/4743 4702/4702/4702
f 1326/1326/1326 1325/1325/1325 4701/4701/4701
f 4701/4701/4701 1325/1325/1325 1324/1324/1324
f 1324/1324/1324 4658/4658/4658 4701/4701/4701
f 1324/1324/1324 1323/1323/1323 4658/4658/4658
f 4659/4659/4659 4658/4658/4658 1323/1323/1323
f 4658/4658/4658 4659/4659/4659 4701/4701/4701
f 4659/4659/4659 1323/1323/1323 4615/4615/4615
f 6991/6991/6991 4659/4659/4659 4615/4615/4615
f 4659/4659/4659 6991/6991/6991 6992/6992/6992
f 4659/4659/4659 6992/6992/6992 6993/6993/6993
f 6994/6994/6994 4659/4659/4659 6993/6993/6993
f 6995/6995/6995 4659/4659/4659 6994/6994/6994
f 6996/6996/6996 4659/4659/4659 6995/6995/6995
f 6997/6997/6997 4659/4659/4659 6996/6996/6996
f 6998/6998/6998 4659/4659/4659 6997/6997/6997
f 6991/6991/6991 4615/4615/4615 6990/6990/6990
f 6990/6990/6990 4615/4615/4615 6989/6989/6989
f 6989/6989/6989 4615/4615/4615 6988/6988/6988
f 6988/6988/6988 4615/4615/4615 6987/6987/6987
f 6987/6987/6987 4615/4615/4615 6986/6986/6986
f 6986/6986/6986 4615/4615/4615 6985/6985/6985
f 4615/4615/4615 4616/4616/4616 6985/6985/6985
f 4615/4615/4615 4572/4572/4572 4616/4616/4616
f 4615/4615/4615 4571/4571/4571 4572/4572/4572
f 4615/4615/4615 1321/1321/1321 4571/4571/4571
f 4615/4615/4615 1322/1322/1322 1321/1321/1321
f 1323/1323/1323 1322/1322/1322 4615/4615/4615
f 1321/1321/1321 1320/1320/1320 4571/4571/4571
f 4571/4571/4571 1320/1320/1320 1319/1319/1319
f 1319/1319/1319 4526/4526/4526 4571/4571/4571
f 1319/1319/1319 1318/1318/1318 4526/4526/4526
f 4527/4527/4527 4526/4526/4526 1318/1318/1318
f 4526/4526/4526 4527/4527/4527 4571/4571/4571
f 4572/4572/4572 4571/4571/4571 4527/4527/4527
f 4572/4572/4572 4527/4527/4527 4528/4528/4528
f 4573/4573/4573 4572/4572/4572 4528/4528/4528
f 4573/4573/4573 7063/7063/7063 4572/4572/4572
f 7062/7062/7062 7063/7063/7063 4573/4573/4573
f 7062/7062/7062 4573/4573/4573 4617/4617/4617
f 7062/7062/7062 4617/4617/4617 7061/7061/7061
f 7060/7060/7060 7061/7061/7061 4617/4617/4617
f 7060/7060/7060 4617/4617/4617 7059/7059/7059
f 7059/7059/7059 4617/4617/4617 7058/7058/7058
f 7058/7058/7058 4617/4617/4617 7057/7057/7057
f 7057/7057/7057 4617/4617/4617 4618/4618/4618
f 7056/7056/7056 7057/7057/7057 4618/4618/4618
f 7055/7055/7055 7056/7056/7056 4618/4618/4618
f 7054/7054/7054 7055/7055/7055 4618/4618/4618
f 7054/7054/7054 4618/4618/4618 7053/7053/7053
f 7053/7053/7053 4618/4618/4618 7052/7052/7052
f 7052/7052/7052 4618/4618/4618 7051/7051/7051
f 7051/7051/7051 4618/4618/4618 7050/7050/7050
f 7050/7050/7050 4618/4618/4618 7049/7049/7049
f 4663/4663/4663 7049/7049/7049 4618/4618/4618
f 4663/4663/4663 4662/4662/4662 7049/7049/7049
f 4663/4663/4663 7044/7044/7044 4662/4662/4662
f 7043/7043/7043 7044/7044/7044 4663/4663/4663
f 7045/7045/7045 4662/4662/4662 7044/7044/7044
f 7046/7046/7046 4662/4662/4662 7045/7045/7045
f 7046/7046/7046 7047/7047/7047 4662/4662/4662
f 7047/7047/7047 7048/7048/7048 4662/4662/4662
f 4662/4662/4662 7048/7048/7048 7049/7049/7049
f 4663/4663/4663 4618/4618/4618 4619/4619/4619
f 4619/4619/4619 4618/4618/4618 4575/4575/4575
f 4619/4619/4619 4575/4575/4575 4576/4576/4576
f 4576/4576/4576 4575/4575/4575 4531/4531/4531
f 4576/4576/4576 4531/4531/4531 4532/4532/4532
f 4532/4532/4532 4531/4531/4531 4486/4486/4486
f 4532/4532/4532 4486/4486/4486 4487/4487/4487
f 4531/4531/4531 4485/4485/4485 4486/4486/4486
f 6946/6946/6946 4485/4485/4485 4531/4531/4531
f 4485/4485/4485 6946/6946/6946 6947/6947/6947
f 4485/4485/4485 6947/6947/6947 6948/6948/6948
f 4485/4485/4485 6948/6948/6948 6949/6949/6949
f 4485/4485/4485 6949/6949/6949 6950/6950/6950
f 4485/4485/4485 6950/6950/6950 6951/6951/6951
f 4485/4485/4485 6951/6951/6951 6952/6952/6952
f 4485/4485/4485 6952/6952/6952 4486/4486/4486
f 4486/4486/4486 6952/6952/6952 6953/6953/6953
f 4486/4486/4486 6953/6953/6953 6954/6954/6954
f 4486/4486/4486 6954/6954/6954 6955/6955/6955
f 4486/4486/4486 6955/6955/6955 6956/6956/6956
f 4486/4486/4486 6956/6956/6956 6957/6957/6957
f 4486/4486/4486 6957/6957/6957 6958/6958/6958
f 6958/6958/6958 6959/6959/6959 4486/4486/4486
f 6946/6946/6946 4531/4531/4531 6945/6945/6945
f 6945/6945/6945 4531/4531/4531 4530/4530/4530
f 6944/6944/6944 6945/6945/6945 4530/4530/4530
f 6944/6944/6944 4530/4530/4530 4484/4484/4484
f 4484/4484/4484 6943/6943/6943 6944/6944/6944
f 4484/4484/4484 6942/6942/6942 6943/6943/6943
f 4484/4484/4484 6941/6941/6941 6942/6942/6942
f 4484/4484/4484 6940/6940/6940 6941/6941/6941
f 4484/4484/4484 6939/6939/6939 6940/6940/6940
f 6938/6938/6938 6939/6939/6939 4484/4484/4484
f 4483/4483/4483 6938/6938/6938 4484/4484/4484
f 4483/4483/4483 6937/6937/6937 6938/6938/6938
f 4483/4483/4483 6936/6936/6936 6937/6937/6937
f 4483/4483/4483 6935/6935/6935 6936/6936/6936
f 4483/4483/4483 6934/6934/6934 6935/6935/6935
f 4437/4437/4437 6934/6934/6934 4483/4483/4483
f 6933/6933/6933 6934/6934/6934 4437/4437/4437
f 4437/4437/4437 6932/6932/6932 6933/6933/6933
f 6932/6932/6932 4437/4437/4437 6931/6931/6931
f 4437/4437/4437 6930/6930/6930 6931/6931/6931
f 4437/4437/4437 6929/6929/6929 6930/6930/6930
f 4437/4437/4437 6928/6928/6928 6929/6929/6929
f 4437/4437/4437 6927/6927/6927 6928/6928/6928
f 4437/4437/4437 4391/4391/4391 6927/6927/6927
f 4437/4437/4437 4436/4436/4436 4391/4391/4391
f 4482/4482/4482 4436/4436/4436 4437/4437/4437
f 4482/4482/4482 4481/4481/4481 4436/4436/4436
f 4527/4527/4527 4481/4481/4481 4482/4482/4482
f 4527/4527/4527 1318/1318/1318 4481/4481/4481
f 1318/1318/1318 1317/1317/1317 4481/4481/4481
f 4481/4481/4481 1317/1317/1317 1316/1316/1316
f 4481/4481/4481 1316/1316/1316 4436/4436/4436
f 1316/1316/1316 1315/1315/1315 4436/4436/4436
f 4436/4436/4436 1315/1315/1315 1314/1314/1314
f 4436/4436/4436 1314/1314/1314 4390/4390/4390
f 4436/4436/4436 4390/4390/4390 4391/4391/4391
f 4390/4390/4390 1313/1313/1313 4391/4391/4391
f 1314/1314/1314 1313/1313/1313 4390/4390/4390
f 1313/1313/1313 1312/1312/1312 4391/4391/4391
f 4391/4391/4391 1312/1312/1312 4344/4344/4344
f 4391/4391/4391 4344/4344/4344 4345/4345/4345
f 4391/4391/4391 4345/4345/4345 4392/4392/4392
f 4391/4391/4391 4392/4392/4392 6922/6922/6922
f 6923/6923/6923 4391/4391/4391 6922/6922/6922
f 6924/6924/6924 4391/4391/4391 6923/6923/6923
f 6925/6925/6925 4391/4391/4391 6924/6924/6924
f 6926/6926/6926 4391/4391/4391 6925/6925/6925
f 6927/6927/6927 4391/4391/4391 6926/6926/6926
f 6922/6922/6922 4392/4392/4392 6921/6921/6921
f 6921/6921/6921 4392/4392/4392 6920/6920/6920
f 6920/6920/6920 4392/4392/4392 6919/6919/6919
f 4392/4392/4392 6918/6918/6918 6919/6919/6919
f 4345/4345/4345 6918/6918/6918 4392/4392/4392
f 6918/6918/6918 4345/4345/4345 6917/6917/6917
f 6917/6917/6917 4345/4345/4345 6916/6916/6916
f 6916/6916/6916 4345/4345/4345 6915/6915/6915
f 6915/6915/6915 4345/4345/4345 6914/6914/6914
f 4345/4345/4345 4346/4346/4346 6914/6914/6914
f 4345/4345/4345 4299/4299/4299 4346/4346/4346
f 4345/4345/4345 4298/4298/4298 4299/4299/4299
f 4345/4345/4345 1310/1310/1310 4298/4298/4298
f 4345/4345/4345 4344/4344/4344 1310/1310/1310
f 4344/4344/4344 1311/1311/1311 1310/1310/1310
f 1312/1312/1312 1311/1311/1311 4344/4344/4344
f 1310/1310/1310 1309/1309/1309 4298/4298/4298
f 4298/4298/4298 1309/1309/1309 1308/1308/1308
f 4299/4299/4299 4298/4298/4298 1308/1308/1308
f 4299/4299/4299 1308/1308/1308 4252/4252/4252
f 4299/4299/4299 4252/4252/4252 4253/4253/4253
f 4300/4300/4300 4299/4299/4299 4253/4253/4253
f 4346/4346/4346 4299/4299/4299 4300/4300/4300
f 4300/4300/4300 4253/4253/4253 4254/4254/4254
f 4254/4254/4254 4253/4253/4253 4207/4207/4207
f 4254/4254/4254 4207/4207/4207 4208/4208/4208
f 4254/4254/4254 4208/4208/4208 4255/4255/4255
f 4254/4254/4254 4255/4255/4255 6853/6853/6853
f 6854/6854/6854 4254/4254/4254 6853/6853/6853
f 6855/6855/6855 4254/4254/4254 6854/6854/6854
f 6856/6856/6856 4254/4254/4254 6855/6855/6855
f 6857/6857/6857 4254/4254/4254 6856/6856/6856
f 6858/6858/6858 4254/4254/4254 6857/6857/6857
f 4255/4255/4255 6852/6852/6852 6853/6853/6853
f 6852/6852/6852 4255/4255/4255 6851/6851/6851
f 6851/6851/6851 4255/4255/4255 6850/6850/6850
f 4255/4255/4255 6849/6849/6849 6850/6850/6850
f 4208/4208/4208 6849/6849/6849 4255/4255/4255
f 6849/6849/6849 4208/4208/4208 6848/6848/6848
f 6848/6848/6848 4208/4208/4208 6847/6847/6847
f 6847/6847/6847 4208/4208/4208 6846/6846/6846
f 6846/6846/6846 4208/4208/4208 6845/6845/6845
f 4208/4208/4208 4209/4209/4209 6845/6845/6845
f 4209/4209/4209 4208/4208/4208 4161/4161/4161
f 4209/4209/4209 4161/4161/4161 4162/4162/4162
f 4210/4210/4210 4209/4209/4209 4162/4162/4162
f 6909/6909/6909 4209/4209/4209 4210/4210/4210
f 6910/6910/6910 4209/4209/4209 6909/6909/6909
f 6911/6911/6911 4209/4209/4209 6910/6910/6910
f 6912/6912/6912 4209/4209/4209 6911/6911/6911
f 6912/6912/6912 6913/6913/6913 4209/4209/4209
f 6913/6913/6913 6844/6844/6844 4209/4209/4209
f 6845/6845/6845 4209/4209/4209 6844/6844/6844
f 6908/6908/6908 6909/6909/6909 4210/4210/4210
f 4257/4257/4257 6908/6908/6908 4210/4210/4210
f 6907/6907/6907 6908/6908/6908 4257/4257/4257
f 6906/6906/6906 6907/6907/6907 4257/4257/4257
f 6905/6905/6905 6906/6906/6906 4257/4257/4257
f 6904/6904/6904 6905/6905/6905 4257/4257/4257
f 6904/6904/6904 4257/4257/4257 6903/6903/6903
f 6903/6903/6903 4257/4257/4257 6902/6902/6902
f 6902/6902/6902 4257/4257/4257 6901/6901/6901
f 6901/6901/6901 4257/4257/4257 6900/6900/6900
f 6900/6900/6900 4257/4257/4257 6899/6899/6899
f 4257/4257/4257 4210/4210/4210 4211/4211/4211
f 4211/4211/4211 4210/4210/4210 4163/4163/4163
f 4211/4211/4211 4163/4163/4163 4164/4164/4164
f 4164/4164/4164 4163/4163/4163 4117/4117/4117
f 4164/4164/4164 4117/4117/4117 4118/4118/4118
f 4118/4118/4118 4117/4117/4117 4072/4072/4072
f 4118/4118/4118 4072/4072/4072 4073/4073/4073
f 4072/4072/4072 1292/1292/1292 4073/4073/4073
f 4072/4072/4072 1293/1293/1293 1292/1292/1292
f 4072/4072/4072 1294/1294/1294 1293/1293/1293
f 4072/4072/4072 4071/4071/4071 1294/1294/1294
f 4117/4117/4117 4071/4071/4071 4072/4072/4072
f 1295/1295/1295 4071/4071/4071 4117/4117/4117
f 4071/4071/4071 1295/1295/1295 1294/1294/1294
f 1296/1296/1296 1295/1295/1295 4117/4117/4117
f 4117/4117/4117 4116/4116/4116 1296/1296/1296
f 4163/4163/4163 4116/4116/4116 4117/4117/4117
f 4163/4163/4163 4162/4162/4162 4116/4116/4116
f 4210/4210/4210 4162/4162/4162 4163/4163/4163
f 4162/4162/4162 4115/4115/4115 4116/4116/4116
f 4115/4115/4115 4162/4162/4162 1299/1299/1299
f 4115/4115/4115 1299/1299/1299 1298/1298/1298
f 4115/4115/4115 1298/1298/1298 1297/1297/1297
f 4116/4116/4116 4115/4115/4115 1297/1297/1297
f 4116/4116/4116 1297/1297/1297 1296/1296/1296
f 4161/4161/4161 1299/1299/1299 4162/4162/4162
f 1300/1300/1300 1299/1299/1299 4161/4161/4161
f 4161/4161/4161 1301/1301/1301 1300/1300/1300
f 4161/4161/4161 4160/4160/4160 1301/1301/1301
f 4208/4208/4208 4160/4160/4160 4161/4161/4161
f 1302/1302/1302 4160/4160/4160 4208/4208/4208
f 4160/4160/4160 1302/1302/1302 1301/1301/1301
f 1302/1302/1302 4208/4208/4208 4207/4207/4207
f 4207/4207/4207 1303/1303/1303 1302/1302/1302
f 4207/4207/4207 1304/1304/1304 1303/1303/1303
f 4207/4207/4207 4206/4206/4206 1304/1304/1304
f 4206/4206/4206 4207/4207/4207 4253/4253/4253
f 1305/1305/1305 4206/4206/4206 4253/4253/4253
f 1305/1305/1305 1304/1304/1304 4206/4206/4206
f 4253/4253/4253 1306/1306/1306 1305/1305/1305
f 4253/4253/4253 4252/4252/4252 1306/1306/1306
f 4252/4252/4252 1307/1307/1307 1306/1306/1306
f 1308/1308/1308 1307/1307/1307 4252/4252/4252
f 4073/4073/4073 1292/1292/1292 1291/1291/1291
f 4346/4346/4346 6978/6978/6978 6914/6914/6914
f 6978/6978/6978 4346/4346/4346 6977/6977/6977
f 6976/6976/6976 6977/6977/6977 4346/4346/4346
f 6976/6976/6976 4346/4346/4346 6975/6975/6975
f 6975/6975/6975 4346/4346/4346 6974/6974/6974
f 4528/4528/4528 4527/4527/4527 4482/4482/4482
f 4528/4528/4528 4482/4482/4482 4483/4483/4483
f 4529/4529/4529 4528/4528/4528 4483/4483/4483
f 4573/4573/4573 4528/4528/4528 4529/4529/4529
f 4574/4574/4574 4573/4573/4573 4529/4529/4529
f 4617/4617/4617 4573/4573/4573 4574/4574/4574
f 4618/4618/4618 4617/4617/4617 4574/4574/4574
f 4618/4618/4618 4574/4574/4574 4575/4575/4575
f 4575/4575/4575 4574/4574/4574 4530/4530/4530
f 4575/4575/4575 4530/4530/4530 4531/4531/4531
f 4574/4574/4574 4529/4529/4529 4530/4530/4530
f 4530/4530/4530 4529/4529/4529 4484/4484/4484
f 4529/4529/4529 4483/4483/4483 4484/4484/4484
f 4483/4483/4483 4482/4482/4482 4437/4437/4437
f 6979/6979/6979 4572/4572/4572 7063/7063/7063
f 4616/4616/4616 4572/4572/4572 6979/6979/6979
f 6980/6980/6980 4616/4616/4616 6979/6979/6979
f 6981/6981/6981 4616/4616/4616 6980/6980/6980
f 6982/6982/6982 4616/4616/4616 6981/6981/6981
f 6983/6983/6983 4616/4616/4616 6982/6982/6982
f 4616/4616/4616 6983/6983/6983 6984/6984/6984
f 4616/4616/4616 6984/6984/6984 6985/6985/6985
f 4787/4787/4787 7018/7018/7018 7019/7019/7019
f 4787/4787/4787 7019/7019/7019 7020/7020/7020
f 4940/4940/4940 1335/1335/1335 1334/1334/1334
f 1336/1336/1336 1335/1335/1335 4940/4940/4940
f 5051/5051/5051 1339/1339/1339 5052/5052/5052
f 1340/1340/1340 1339/1339/1339 5051/5051/5051
f 1341/1341/1341 1340/1340/1340 5051/5051/5051
f 5088/5088/5088 1341/1341/1341 5051/5051/5051
f 5088/5088/5088 5087/5087/5087 1341/1341/1341
f 5124/5124/5124 5087/5087/5087 5088/5088/5088
f 5124/5124/5124 1343/1343/1343 5087/5087/5087
f 1344/1344/1344 1343/1343/1343 5124/5124/5124
f 5123/5123/5123 1344/1344/1344 5124/5124/5124
f 1345/1345/1345 1344/1344/1344 5123/5123/5123
f 5160/5160/5160 1345/1345/1345 5123/5123/5123
f 5160/5160/5160 1346/1346/1346 1345/1345/1345
f 5160/5160/5160 5159/5159/5159 1346/1346/1346
f 5159/5159/5159 5160/5160/5160 5195/5195/5195
f 1347/1347/1347 5159/5159/5159 5195/5195/5195
f 1347/1347/1347 1346/1346/1346 5159/5159/5159
f 5195/5195/5195 1348/1348/1348 1347/1347/1347
f 1349/1349/1349 1348/1348/1348 5195/5195/5195
f 1349/1349/1349 5195/5195/5195 5231/5231/5231
f 5230/5230/5230 1349/1349/1349 5231/5231/5231
f 5230/5230/5230 1350/1350/1350 1349/1349/1349
f 1351/1351/1351 1350/1350/1350 5230/5230/5230
f 5264/5264/5264 1351/1351/1351 5230/5230/5230
f 5264/5264/5264 1352/1352/1352 1351/1351/1351
f 1353/1353/1353 1352/1352/1352 5264/5264/5264
f 5297/5297/5297 1353/1353/1353 5264/5264/5264
f 1354/1354/1354 1353/1353/1353 5297/5297/5297
f 1354/1354/1354 5297/5297/5297 5329/5329/5329
f 1354/1354/1354 5329/5329/5329 1355/1355/1355
f 1356/1356/1356 1355/1355/1355 5329/5329/5329
f 5360/5360/5360 1356/1356/1356 5329/5329/5329
f 1357/1357/1357 1356/1356/1356 5360/5360/5360
f 1357/1357/1357 5360/5360/5360 1358/1358/1358
f 1358/1358/1358 5360/5360/5360 5390/5390/5390
f 1359/1359/1359 1358/1358/1358 5390/5390/5390
f 1359/1359/1359 5390/5390/5390 5419/5419/5419
f 1360/1360/1360 1359/1359/1359 5419/5419/5419
f 1360/1360/1360 5419/5419/5419 1361/1361/1361
f 5419/5419/5419 5420/5420/5420 1361/1361/1361
f 5420/5420/5420 5419/5419/5419 5391/5391/5391
f 5420/5420/5420 5391/5391/5391 5392/5392/5392
f 5421/5421/5421 5420/5420/5420 5392/5392/5392
f 5447/5447/5447 5420/5420/5420 5421/5421/5421
f 5447/5447/5447 1361/1361/1361 5420/5420/5420
f 1362/1362/1362 1361/1361/1361 5447/5447/5447
f 5472/5472/5472 1362/1362/1362 5447/5447/5447
f 1363/1363/1363 1362/1362/1362 5472/5472/5472
f 1364/1364/1364 1363/1363/1363 5472/5472/5472
f 1364/1364/1364 5472/5472/5472 5473/5473/5473
f 5497/5497/5497 1364/1364/1364 5473/5473/5473
f 5497/5497/5497 5496/5496/5496 1364/1364/1364
f 1365/1365/1365 5496/5496/5496 5497/5497/5497
f 1364/1364/1364 5496/5496/5496 1365/1365/1365
f 1366/1366/1366 1365/1365/1365 5497/5497/5497
f 5519/5519/5519 1366/1366/1366 5497/5497/5497
f 1367/1367/1367 1366/1366/1366 5519/5519/5519
f 1367/1367/1367 5519/5519/5519 1368/1368/1368
f 5519/5519/5519 5520/5520/5520 1368/1368/1368
f 5520/5520/5520 5519/5519/5519 5498/5498/5498
f 5520/5520/5520 5498/5498/5498 5499/5499/5499
f 5521/5521/5521 5520/5520/5520 5499/5499/5499
f 5539/5539/5539 5520/5520/5520 5521/5521/5521
f 1368/1368/1368 5520/5520/5520 5539/5539/5539
f 1368/1368/1368 5539/5539/5539 1369/1369/1369
f 1369/1369/1369 5539/5539/5539 1370/1370/1370
f 5539/5539/5539 5540/5540/5540 1370/1370/1370
f 5540/5540/5540 5539/5539/5539 5521/5521/5521
f 5540/5540/5540 5521/5521/5521 5522/5522/5522
f 5541/5541/5541 5540/5540/5540 5522/5522/5522
f 1371/1371/1371 5540/5540/5540 5541/5541/5541
f 1371/1371/1371 1370/1370/1370 5540/5540/5540
f 1372/1372/1372 1371/1371/1371 5541/5541/5541
f 1372/1372/1372 5541/5541/5541 1373/1373/1373
f 5541/5541/5541 5542/5542/5542 1373/1373/1373
f 5542/5542/5542 5541/5541/5541 5523/5523/5523
f 5542/5542/5542 5523/5523/5523 5524/5524/5524
f 5543/5543/5543 5542/5542/5542 5524/5524/5524
f 5556/5556/5556 5542/5542/5542 5543/5543/5543
f 5556/5556/5556 1373/1373/1373 5542/5542/5542
f 1373/1373/1373 5556/5556/5556 1374/1374/1374
f 1374/1374/1374 5556/5556/5556 5557/5557/5557
f 1375/1375/1375 1374/1374/1374 5557/5557/5557
f 1376/1376/1376 1375/1375/1375 5557/5557/5557
f 1376/1376/1376 5557/5557/5557 5558/5558/5558
f 1377/1377/1377 1376/1376/1376 5558/5558/5558
f 1377/1377/1377 5558/5558/5558 1378/1378/1378
f 5558/5558/5558 5559/5559/5559 1378/1378/1378
f 5559/5559/5559 5558/5558/5558 5545/5545/5545
f 5559/5559/5559 5545/5545/5545 5546/5546/5546
f 5560/5560/5560 5559/5559/5559 5546/5546/5546
f 1379/1379/1379 5559/5559/5559 5560/5560/5560
f 1379/1379/1379 1378/1378/1378 5559/5559/5559
f 1379/1379/1379 5560/5560/5560 5569/5569/5569
f 1379/1379/1379 5569/5569/5569 1380/1380/1380
f 1380/1380/1380 5569/5569/5569 1381/1381/1381
f 5569/5569/5569 5570/5570/5570 1381/1381/1381
f 5570/5570/5570 5569/5569/5569 5561/5561/5561
f 5570/5570/5570 5561/5561/5561 5562/5562/5562
f 5571/5571/5571 5570/5570/5570 5562/5562/5562
f 1382/1382/1382 5570/5570/5570 5571/5571/5571
f 1382/1382/1382 1381/1381/1381 5570/5570/5570
f 1383/1383/1383 1382/1382/1382 5571/5571/5571
f 1383/1383/1383 5571/5571/5571 1384/1384/1384
f 5571/5571/5571 5572/5572/5572 1384/1384/1384
f 5571/5571/5571 5563/5563/5563 5572/5572/5572
f 5571/5571/5571 5562/5562/5562 5563/5563/5563
f 7108/7108/7108 5563/5563/5563 5562/5562/5562
f 7108/7108/7108 5549/5549/5549 5563/5563/5563
f 5549/5549/5549 7108/7108/7108 7109/7109/7109
f 5549/5549/5549 7109/7109/7109 7110/7110/7110
f 5549/5549/5549 7110/7110/7110 7111/7111/7111
f 5549/5549/5549 7111/7111/7111 7112/7112/7112
f 5549/5549/5549 7112/7112/7112 7113/7113/7113
f 5549/5549/5549 7113/7113/7113 7114/7114/7114
f 5549/5549/5549 7114/7114/7114 7115/7115/7115
f 7115/7115/7115 7116/7116/7116 5549/5549/5549
f 7116/7116/7116 7117/7117/7117 5549/5549/5549
f 5549/5549/5549 7117/7117/7117 5550/5550/5550
f 5563/5563/5563 5549/5549/5549 5550/5550/5550
f 5564/5564/5564 5563/5563/5563 5550/5550/5550
f 5572/5572/5572 5563/5563/5563 5564/5564/5564
f 5572/5572/5572 5564/5564/5564 5573/5573/5573
f 5572/5572/5572 5573/5573/5573 1385/1385/1385
f 1384/1384/1384 5572/5572/5572 1385/1385/1385
f 5573/5573/5573 1386/1386/1386 1385/1385/1385
f 1386/1386/1386 5573/5573/5573 1387/1387/1387
f 5573/5573/5573 5564/5564/5564 1387/1387/1387
f 5564/5564/5564 5565/5565/5565 1387/1387/1387
f 5565/5565/5565 5564/5564/5564 5551/5551/5551
f 5565/5565/5565 5551/5551/5551 5552/5552/5552
f 5565/5565/5565 5552/5552/5552 5566/5566/5566
f 5565/5565/5565 5566/5566/5566 1389/1389/1389
f 1388/1388/1388 5565/5565/5565 1389/1389/1389
f 5574/5574/5574 5565/5565/5565 1388/1388/1388
f 1387/1387/1387 5565/5565/5565 5574/5574/5574
f 1387/1387/1387 5574/5574/5574 1388/1388/1388
f 1389/1389/1389 5566/5566/5566 1390/1390/1390
f 1390/1390/1390 5566/5566/5566 5567/5567/5567
f 1390/1390/1390 5567/5567/5567 1391/1391/1391
f 1391/1391/1391 5567/5567/5567 1392/1392/1392
f 5567/5567/5567 5568/5568/5568 1392/1392/1392
f 5567/5567/5567 5554/5554/5554 5568/5568/5568
f 5567/5567/5567 5553/5553/5553 5554/5554/5554
f 5567/5567/5567 5566/5566/5566 5553/5553/5553
f 5566/5566/5566 5552/5552/5552 5553/5553/5553
f 5553/5553/5553 5552/5552/5552 5534/5534/5534
f 5553/5553/5553 5534/5534/5534 5535/5535/5535
f 5554/5554/5554 5553/5553/5553 5535/5535/5535
f 5554/5554/5554 5535/5535/5535 5536/5536/5536
f 5554/5554/5554 5536/5536/5536 5555/5555/5555
f 5554/5554/5554 5555/5555/5555 1394/1394/1394
f 1393/1393/1393 5554/5554/5554 1394/1394/1394
f 5568/5568/5568 5554/5554/5554 1393/1393/1393
f 1392/1392/1392 5568/5568/5568 1393/1393/1393
f 1394/1394/1394 5555/5555/5555 1395/1395/1395
f 1395/1395/1395 5555/5555/5555 1396/1396/1396
f 5555/5555/5555 5536/5536/5536 1396/1396/1396
f 5536/5536/5536 5537/5537/5537 1396/1396/1396
f 5536/5536/5536 5515/5515/5515 5537/5537/5537
f 5536/5536/5536 5514/5514/5514 5515/5515/5515
f 5536/5536/5536 5535/5535/5535 5514/5514/5514
f 5535/5535/5535 5513/5513/5513 5514/5514/5514
f 5535/5535/5535 5534/5534/5534 5513/5513/5513
f 5534/5534/5534 5512/5512/5512 5513/5513/5513
f 5534/5534/5534 5533/5533/5533 5512/5512/5512
f 5552/5552/5552 5533/5533/5533 5534/5534/5534
f 5552/5552/5552 5551/5551/5551 5533/5533/5533
f 5550/5550/5550 5533/5533/5533 5551/5551/5551
f 5532/5532/5532 5533/5533/5533 5550/5550/5550
f 5533/5533/5533 5532/5532/5532 5511/5511/5511
f 5533/5533/5533 5511/5511/5511 5512/5512/5512
f 5512/5512/5512 5511/5511/5511 5488/5488/5488
f 5512/5512/5512 5488/5488/5488 5489/5489/5489
f 5513/5513/5513 5512/5512/5512 5489/5489/5489
f 5513/5513/5513 5489/5489/5489 5490/5490/5490
f 5514/5514/5514 5513/5513/5513 5490/5490/5490
f 5514/5514/5514 5490/5490/5490 5491/5491/5491
f 5515/5515/5515 5514/5514/5514 5491/5491/5491
f 5515/5515/5515 5491/5491/5491 5492/5492/5492
f 5516/5516/5516 5515/5515/5515 5492/5492/5492
f 5537/5537/5537 5515/5515/5515 5516/5516/5516
f 5537/5537/5537 5516/5516/5516 5538/5538/5538
f 5537/5537/5537 5538/5538/5538 1397/1397/1397
f 1396/1396/1396 5537/5537/5537 1397/1397/1397
f 1397/1397/1397 5538/5538/5538 1398/1398/1398
f 1398/1398/1398 5538/5538/5538 1399/1399/1399
f 5538/5538/5538 5516/5516/5516 1399/1399/1399
f 1399/1399/1399 5516/5516/5516 5517/5517/5517
f 1399/1399/1399 5517/5517/5517 1400/1400/1400
f 1400/1400/1400 5517/5517/5517 1401/1401/1401
f 5517/5517/5517 5518/5518/5518 1401/1401/1401
f 5517/5517/5517 5494/5494/5494 5518/5518/5518
f 5517/5517/5517 5493/5493/5493 5494/5494/5494
f 5517/5517/5517 5516/5516/5516 5493/5493/5493
f 5516/5516/5516 5492/5492/5492 5493/5493/5493
f 5493/5493/5493 5492/5492/5492 5468/5468/5468
f 5493/5493/5493 5468/5468/5468 5469/5469/5469
f 5494/5494/5494 5493/5493/5493 5469/5469/5469
f 5494/5494/5494 5469/5469/5469 5470/5470/5470
f 5494/5494/5494 5470/5470/5470 5495/5495/5495
f 5494/5494/5494 5495/5495/5495 1403/1403/1403
f 1402/1402/1402 5494/5494/5494 1403/1403/1403
f 5518/5518/5518 5494/5494/5494 1402/1402/1402
f 1401/1401/1401 5518/5518/5518 1402/1402/1402
f 1403/1403/1403 5495/5495/5495 1404/1404/1404
f 5495/5495/5495 5470/5470/5470 1404/1404/1404
f 5470/5470/5470 1405/1405/1405 1404/1404/1404
f 5470/5470/5470 5471/5471/5471 1405/1405/1405
f 5471/5471/5471 5470/5470/5470 5444/5444/5444
f 5444/5444/5444 1407/1407/1407 5471/5471/5471
f 5445/5445/5445 1407/1407/1407 5444/5444/5444
f 1407/1407/1407 5445/5445/5445 1408/1408/1408
f 5445/5445/5445 5446/5446/5446 1408/1408/1408
f 5445/5445/5445 5417/5417/5417 5446/5446/5446
f 5445/5445/5445 5416/5416/5416 5417/5417/5417
f 5445/5445/5445 5444/5444/5444 5416/5416/5416
f 5444/5444/5444 5415/5415/5415 5416/5416/5416
f 5444/5444/5444 5443/5443/5443 5415/5415/5415
f 5470/5470/5470 5443/5443/5443 5444/5444/5444
f 5470/5470/5470 5469/5469/5469 5443/5443/5443
f 5469/5469/5469 5442/5442/5442 5443/5443/5443
f 5469/5469/5469 5468/5468/5468 5442/5442/5442
f 5468/5468/5468 5441/5441/5441 5442/5442/5442
f 5468/5468/5468 5467/5467/5467 5441/5441/5441
f 5492/5492/5492 5467/5467/5467 5468/5468/5468
f 5492/5492/5492 5491/5491/5491 5467/5467/5467
f 5491/5491/5491 5466/5466/5466 5467/5467/5467
f 5491/5491/5491 5490/5490/5490 5466/5466/5466
f 5490/5490/5490 5465/5465/5465 5466/5466/5466
f 5490/5490/5490 5489/5489/5489 5465/5465/5465
f 5489/5489/5489 5464/5464/5464 5465/5465/5465
f 5489/5489/5489 5488/5488/5488 5464/5464/5464
f 5488/5488/5488 5463/5463/5463 5464/5464/5464
f 5488/5488/5488 5487/5487/5487 5463/5463/5463
f 5511/5511/5511 5487/5487/5487 5488/5488/5488
f 5511/5511/5511 5510/5510/5510 5487/5487/5487
f 5532/5532/5532 5510/5510/5510 5511/5511/5511
f 5531/5531/5531 5510/5510/5510 5532/5532/5532
f 5531/5531/5531 5509/5509/5509 5510/5510/5510
f 5509/5509/5509 5531/5531/5531 7123/7123/7123
f 7123/7123/7123 7124/7124/7124 5509/5509/5509
f 7124/7124/7124 5508/5508/5508 5509/5509/5509
f 7125/7125/7125 5508/5508/5508 7124/7124/7124
f 7126/7126/7126 5508/5508/5508 7125/7125/7125
f 7127/7127/7127 5508/5508/5508 7126/7126/7126
f 7127/7127/7127 7128/7128/7128 5508/5508/5508
f 7128/7128/7128 7129/7129/7129 5508/5508/5508
f 7129/7129/7129 7130/7130/7130 5508/5508/5508
f 7131/7131/7131 5508/5508/5508 7130/7130/7130
f 5484/5484/5484 5508/5508/5508 7131/7131/7131
f 5508/5508/5508 5484/5484/5484 5485/5485/5485
f 5509/5509/5509 5508/5508/5508 5485/5485/5485
f 5509/5509/5509 5485/5485/5485 5486/5486/5486
f 5510/5510/5510 5509/5509/5509 5486/5486/5486
f 5510/5510/5510 5486/5486/5486 5487/5487/5487
f 5487/5487/5487 5486/5486/5486 5462/5462/5462
f 5487/5487/5487 5462/5462/5462 5463/5463/5463
f 5462/5462/5462 5978/5978/5978 5463/5463/5463
f 5462/5462/5462 5977/5977/5977 5978/5978/5978
f 5462/5462/5462 5976/5976/5976 5977/5977/5977
f 5975/5975/5975 5976/5976/5976 5462/5462/5462
f 5461/5461/5461 5975/5975/5975 5462/5462/5462
f 5461/5461/5461 5974/5974/5974 5975/5975/5975
f 5973/5973/5973 5974/5974/5974 5461/5461/5461
f 5460/5460/5460 5973/5973/5973 5461/5461/5461
f 5460/5460/5460 5972/5972/5972 5973/5973/5973
f 5460/5460/5460 5971/5971/5971 5972/5972/5972
f 5459/5459/5459 5971/5971/5971 5460/5460/5460
f 5970/5970/5970 5971/5971/5971 5459/5459/5459
f 5969/5969/5969 5970/5970/5970 5459/5459/5459
f 5459/5459/5459 5968/5968/5968 5969/5969/5969
f 5458/5458/5458 5968/5968/5968 5459/5459/5459
f 5458/5458/5458 5967/5967/5967 5968/5968/5968
f 5458/5458/5458 5966/5966/5966 5967/5967/5967
f 5458/5458/5458 5965/5965/5965 5966/5966/5966
f 5458/5458/5458 5457/5457/5457 5965/5965/5965
f 5482/5482/5482 5457/5457/5457 5458/5458/5458
f 5481/5481/5481 5457/5457/5457 5482/5482/5482
f 5481/5481/5481 5456/5456/5456 5457/5457/5457
f 5481/5481/5481 5480/5480/5480 5456/5456/5456
f 5504/5504/5504 5480/5480/5480 5481/5481/5481
f 5504/5504/5504 5503/5503/5503 5480/5480/5480
f 5525/5525/5525 5503/5503/5503 5504/5504/5504
f 5525/5525/5525 5524/5524/5524 5503/5503/5503
f 5543/5543/5543 5524/5524/5524 5525/5525/5525
f 5544/5544/5544 5543/5543/5543 5525/5525/5525
f 5557/5557/5557 5543/5543/5543 5544/5544/5544
f 5557/5557/5557 5556/5556/5556 5543/5543/5543
f 5558/5558/5558 5557/5557/5557 5544/5544/5544
f 5558/5558/5558 5544/5544/5544 5545/5545/5545
f 5545/5545/5545 5544/5544/5544 5526/5526/5526
f 5545/5545/5545 5526/5526/5526 5527/5527/5527
f 5546/5546/5546 5545/5545/5545 5527/5527/5527
f 5527/5527/5527 7088/7088/7088 5546/5546/5546
f 7087/7087/7087 7088/7088/7088 5527/5527/5527
f 5527/5527/5527 7086/7086/7086 7087/7087/7087
f 7086/7086/7086 5527/5527/5527 7085/7085/7085
f 5527/5527/5527 7084/7084/7084 7085/7085/7085
f 5527/5527/5527 7083/7083/7083 7084/7084/7084
f 5527/5527/5527 7082/7082/7082 7083/7083/7083
f 5527/5527/5527 7081/7081/7081 7082/7082/7082
f 5505/5505/5505 7081/7081/7081 5527/5527/5527
f 7081/7081/7081 5505/5505/5505 7080/7080/7080
f 7080/7080/7080 5505/5505/5505 7079/7079/7079
f 7079/7079/7079 5505/5505/5505 7078/7078/7078
f 7078/7078/7078 5505/5505/5505 7077/7077/7077
f 7077/7077/7077 5505/5505/5505 7076/7076/7076
f 7076/7076/7076 5505/5505/5505 7075/7075/7075
f 7075/7075/7075 5505/5505/5505 7074/7074/7074
f 5505/5505/5505 5481/5481/5481 7074/7074/7074
f 5505/5505/5505 5504/5504/5504 5481/5481/5481
f 5526/5526/5526 5504/5504/5504 5505/5505/5505
f 5526/5526/5526 5525/5525/5525 5504/5504/5504
f 5544/5544/5544 5525/5525/5525 5526/5526/5526
f 5527/5527/5527 5526/5526/5526 5505/5505/5505
f 7074/7074/7074 5481/5481/5481 7073/7073/7073
f 5481/5481/5481 5482/5482/5482 7073/7073/7073
f 7073/7073/7073 5482/5482/5482 7072/7072/7072
f 7072/7072/7072 5482/5482/5482 7071/7071/7071
f 7071/7071/7071 5482/5482/5482 7070/7070/7070
f 7070/7070/7070 5482/5482/5482 7069/7069/7069
f 7069/7069/7069 5482/5482/5482 7068/7068/7068
f 7068/7068/7068 5482/5482/5482 7067/7067/7067
f 7067/7067/7067 5482/5482/5482 7066/7066/7066
f 5482/5482/5482 5483/5483/5483 7066/7066/7066
f 5482/5482/5482 5458/5458/5458 5483/5483/5483
f 5483/5483/5483 5458/5458/5458 5459/5459/5459
f 5484/5484/5484 5483/5483/5483 5459/5459/5459
f 7134/7134/7134 5483/5483/5483 5484/5484/5484
f 7135/7135/7135 5483/5483/5483 7134/7134/7134
f 7136/7136/7136 5483/5483/5483 7135/7135/7135
f 7137/7137/7137 5483/5483/5483 7136/7136/7136
f 7137/7137/7137 7138/7138/7138 5483/5483/5483
f 7064/7064/7064 5483/5483/5483 7138/7138/7138
f 5483/5483/5483 7064/7064/7064 7065/7065/7065
f 5483/5483/5483 7065/7065/7065 7066/7066/7066
f 7133/7133/7133 7134/7134/7134 5484/5484/5484
f 7132/7132/7132 7133/7133/7133 5484/5484/5484
f 7132/7132/7132 5484/5484/5484 7131/7131/7131
f 5484/5484/5484 5459/5459/5459 5460/5460/5460
f 5485/5485/5485 5484/5484/5484 5460/5460/5460
f 5485/5485/5485 5460/5460/5460 5461/5461/5461
f 5486/5486/5486 5485/5485/5485 5461/5461/5461
f 5486/5486/5486 5461/5461/5461 5462/5462/5462
f 5546/5546/5546 7088/7088/7088 7089/7089/7089
f 5546/5546/5546 7089/7089/7089 7090/7090/7090
f 5546/5546/5546 7090/7090/7090 7091/7091/7091
f 5546/5546/5546 7091/7091/7091 7092/7092/7092
f 5546/5546/5546 7092/7092/7092 7093/7093/7093
f 7093/7093/7093 5547/5547/5547 5546/5546/5546
f 7093/7093/7093 7094/7094/7094 5547/5547/5547
f 7094/7094/7094 7095/7095/7095 5547/5547/5547
f 5547/5547/5547 7095/7095/7095 7096/7096/7096
f 5547/5547/5547 7096/7096/7096 7097/7097/7097
f 5547/5547/5547 7097/7097/7097 7098/7098/7098
f 7099/7099/7099 5547/5547/5547 7098/7098/7098
f 5561/5561/5561 5547/5547/5547 7099/7099/7099
f 5561/5561/5561 5560/5560/5560 5547/5547/5547
f 5569/5569/5569 5560/5560/5560 5561/5561/5561
f 5560/5560/5560 5546/5546/5546 5547/5547/5547
f 5561/5561/5561 7099/7099/7099 7100/7100/7100
f 5561/5561/5561 7100/7100/7100 7101/7101/7101
f 5561/5561/5561 7101/7101/7101 7102/7102/7102
f 5561/5561/5561 7102/7102/7102 5562/5562/5562
f 7102/7102/7102 7103/7103/7103 5562/5562/5562
f 5562/5562/5562 7103/7103/7103 7104/7104/7104
f 5562/5562/5562 7104/7104/7104 7105/7105/7105
f 5562/5562/5562 7105/7105/7105 7106/7106/7106
f 7106/7106/7106 7107/7107/7107 5562/5562/5562
f 7107/7107/7107 7108/7108/7108 5562/5562/5562
f 5524/5524/5524 5502/5502/5502 5503/5503/5503
f 5524/5524/5524 5523/5523/5523 5502/5502/5502
f 5523/5523/5523 5501/5501/5501 5502/5502/5502
f 5523/5523/5523 5522/5522/5522 5501/5501/5501
f 5541/5541/5541 5522/5522/5522 5523/5523/5523
f 5522/5522/5522 5500/5500/5500 5501/5501/5501
f 5522/5522/5522 5521/5521/5521 5500/5500/5500
f 5521/5521/5521 5499/5499/5499 5500/5500/5500
f 5500/5500/5500 5499/5499/5499 5476/5476/5476
f 5500/5500/5500 5476/5476/5476 5477/5477/5477
f 5501/5501/5501 5500/5500/5500 5477/5477/5477
f 5501/5501/5501 5477/5477/5477 5478/5478/5478
f 5502/5502/5502 5501/5501/5501 5478/5478/5478
f 5502/5502/5502 5478/5478/5478 5479/5479/5479
f 5503/5503/5503 5502/5502/5502 5479/5479/5479
f 5503/5503/5503 5479/5479/5479 5480/5480/5480
f 5480/5480/5480 5479/5479/5479 5455/5455/5455
f 5480/5480/5480 5455/5455/5455 5456/5456/5456
f 5455/5455/5455 5960/5960/5960 5456/5456/5456
f 5455/5455/5455 5959/5959/5959 5960/5960/5960
f 5958/5958/5958 5959/5959/5959 5455/5455/5455
f 5454/5454/5454 5958/5958/5958 5455/5455/5455
f 5454/5454/5454 5957/5957/5957 5958/5958/5958
f 5454/5454/5454 5956/5956/5956 5957/5957/5957
f 5454/5454/5454 5453/5453/5453 5956/5956/5956
f 5478/5478/5478 5453/5453/5453 5454/5454/5454
f 5478/5478/5478 5477/5477/5477 5453/5453/5453
f 5477/5477/5477 5452/5452/5452 5453/5453/5453
f 5477/5477/5477 5476/5476/5476 5452/5452/5452
f 5476/5476/5476 5451/5451/5451 5452/5452/5452
f 5476/5476/5476 5475/5475/5475 5451/5451/5451
f 5499/5499/5499 5475/5475/5475 5476/5476/5476
f 5499/5499/5499 5498/5498/5498 5475/5475/5475
f 5498/5498/5498 5474/5474/5474 5475/5475/5475
f 5498/5498/5498 5497/5497/5497 5474/5474/5474
f 5519/5519/5519 5497/5497/5497 5498/5498/5498
f 5497/5497/5497 5473/5473/5473 5474/5474/5474
f 5474/5474/5474 5473/5473/5473 5449/5449/5449
f 5474/5474/5474 5449/5449/5449 5450/5450/5450
f 5475/5475/5475 5474/5474/5474 5450/5450/5450
f 5475/5475/5475 5450/5450/5450 5451/5451/5451
f 5451/5451/5451 5450/5450/5450 5424/5424/5424
f 5451/5451/5451 5424/5424/5424 5425/5425/5425
f 5452/5452/5452 5451/5451/5451 5425/5425/5425
f 5953/5953/5953 5452/5452/5452 5425/5425/5425
f 5953/5953/5953 5954/5954/5954 5452/5452/5452
f 5452/5452/5452 5954/5954/5954 5453/5453/5453
f 5954/5954/5954 5426/5426/5426 5453/5453/5453
f 5955/5955/5955 5426/5426/5426 5954/5954/5954
f 5453/5453/5453 5426/5426/5426 5955/5955/5955
f 5453/5453/5453 5955/5955/5955 5956/5956/5956
f 5425/5425/5425 5952/5952/5952 5953/5953/5953
f 5425/5425/5425 5951/5951/5951 5952/5952/5952
f 5425/5425/5425 5424/5424/5424 5951/5951/5951
f 5424/5424/5424 5950/5950/5950 5951/5951/5951
f 5424/5424/5424 5949/5949/5949 5950/5950/5950
f 5424/5424/5424 5395/5395/5395 5949/5949/5949
f 5424/5424/5424 5423/5423/5423 5395/5395/5395
f 5450/5450/5450 5423/5423/5423 5424/5424/5424
f 5450/5450/5450 5449/5449/5449 5423/5423/5423
f 5449/5449/5449 5422/5422/5422 5423/5423/5423
f 5449/5449/5449 5448/5448/5448 5422/5422/5422
f 5473/5473/5473 5448/5448/5448 5449/5449/5449
f 5473/5473/5473 5472/5472/5472 5448/5448/5448
f 5472/5472/5472 5447/5447/5447 5448/5448/5448
f 5448/5448/5448 5447/5447/5447 5421/5421/5421
f 5448/5448/5448 5421/5421/5421 5422/5422/5422
f 5422/5422/5422 5421/5421/5421 5393/5393/5393
f 5422/5422/5422 5393/5393/5393 5394/5394/5394
f 5423/5423/5423 5422/5422/5422 5394/5394/5394
f 5423/5423/5423 5394/5394/5394 5395/5395/5395
f 5395/5395/5395 5394/5394/5394 5948/5948/5948
f 5949/5949/5949 5395/5395/5395 5948/5948/5948
f 5394/5394/5394 5947/5947/5947 5948/5948/5948
f 5394/5394/5394 5946/5946/5946 5947/5947/5947
f 5946/5946/5946 5394/5394/5394 5393/5393/5393
f 5945/5945/5945 5946/5946/5946 5393/5393/5393
f 5363/5363/5363 5945/5945/5945 5393/5393/5393
f 5363/5363/5363 5944/5944/5944 5945/5945/5945
f 5363/5363/5363 5943/5943/5943 5944/5944/5944
f 5363/5363/5363 5332/5332/5332 5943/5943/5943
f 5363/5363/5363 5362/5362/5362 5332/5332/5332
f 5392/5392/5392 5362/5362/5362 5363/5363/5363
f 5392/5392/5392 5391/5391/5391 5362/5362/5362
f 5391/5391/5391 5361/5361/5361 5362/5362/5362
f 5391/5391/5391 5390/5390/5390 5361/5361/5361
f 5390/5390/5390 5391/5391/5391 5419/5419/5419
f 5361/5361/5361 5390/5390/5390 5360/5360/5360
f 5361/5361/5361 5360/5360/5360 5330/5330/5330
f 5361/5361/5361 5330/5330/5330 5331/5331/5331
f 5362/5362/5362 5361/5361/5361 5331/5331/5331
f 5362/5362/5362 5331/5331/5331 5332/5332/5332
f 5332/5332/5332 5331/5331/5331 5941/5941/5941
f 5332/5332/5332 5941/5941/5941 5942/5942/5942
f 5943/5943/5943 5332/5332/5332 5942/5942/5942
f 5331/5331/5331 5940/5940/5940 5941/5941/5941
f 5331/5331/5331 5299/5299/5299 5940/5940/5940
f 5331/5331/5331 5330/5330/5330 5299/5299/5299
f 5330/5330/5330 5298/5298/5298 5299/5299/5299
f 5330/5330/5330 5329/5329/5329 5298/5298/5298
f 5360/5360/5360 5329/5329/5329 5330/5330/5330
f 5297/5297/5297 5298/5298/5298 5329/5329/5329
f 5298/5298/5298 5297/5297/5297 5265/5265/5265
f 5298/5298/5298 5265/5265/5265 5266/5266/5266
f 5299/5299/5299 5298/5298/5298 5266/5266/5266
f 5299/5299/5299 5266/5266/5266 5938/5938/5938
f 5299/5299/5299 5938/5938/5938 5939/5939/5939
f 5940/5940/5940 5299/5299/5299 5939/5939/5939
f 5938/5938/5938 5266/5266/5266 5937/5937/5937
f 5266/5266/5266 5936/5936/5936 5937/5937/5937
f 5232/5232/5232 5936/5936/5936 5266/5266/5266
f 5936/5936/5936 5232/5232/5232 5935/5935/5935
f 5935/5935/5935 5232/5232/5232 5934/5934/5934
f 5232/5232/5232 5196/5196/5196 5934/5934/5934
f 5232/5232/5232 5231/5231/5231 5196/5196/5196
f 5265/5265/5265 5231/5231/5231 5232/5232/5232
f 5265/5265/5265 5264/5264/5264 5231/5231/5231
f 5297/5297/5297 5264/5264/5264 5265/5265/5265
f 5264/5264/5264 5230/5230/5230 5231/5231/5231
f 5266/5266/5266 5265/5265/5265 5232/5232/5232
f 5231/5231/5231 5195/5195/5195 5196/5196/5196
f 5196/5196/5196 5195/5195/5195 5160/5160/5160
f 5196/5196/5196 5160/5160/5160 5161/5161/5161
f 5196/5196/5196 5161/5161/5161 5197/5197/5197
f 5196/5196/5196 5197/5197/5197 5933/5933/5933
f 5934/5934/5934 5196/5196/5196 5933/5933/5933
f 5933/5933/5933 5197/5197/5197 5932/5932/5932
f 5197/5197/5197 5161/5161/5161 5932/5932/5932
f 5932/5932/5932 5161/5161/5161 5931/5931/5931
f 5931/5931/5931 5161/5161/5161 5930/5930/5930
f 5930/5930/5930 5161/5161/5161 5929/5929/5929
f 5161/5161/5161 5124/5124/5124 5929/5929/5929
f 5161/5161/5161 5160/5160/5160 5124/5124/5124
f 5160/5160/5160 5123/5123/5123 5124/5124/5124
f 5124/5124/5124 5928/5928/5928 5929/5929/5929
f 5124/5124/5124 5125/5125/5125 5928/5928/5928
f 5125/5125/5125 5124/5124/5124 5088/5088/5088
f 5125/5125/5125 5088/5088/5088 5926/5926/5926
f 5927/5927/5927 5125/5125/5125 5926/5926/5926
f 5928/5928/5928 5125/5125/5125 5927/5927/5927
f 5926/5926/5926 5088/5088/5088 5925/5925/5925
f 5088/5088/5088 5089/5089/5089 5925/5925/5925
f 5088/5088/5088 5052/5052/5052 5089/5089/5089
f 5088/5088/5088 5051/5051/5051 5052/5052/5052
f 5089/5089/5089 5052/5052/5052 5923/5923/5923
f 5924/5924/5924 5089/5089/5089 5923/5923/5923
f 5925/5925/5925 5089/5089/5089 5924/5924/5924
f 5923/5923/5923 5052/5052/5052 5922/5922/5922
f 5052/5052/5052 5053/5053/5053 5922/5922/5922
f 5052/5052/5052 5016/5016/5016 5053/5053/5053
f 5053/5053/5053 5016/5016/5016 5919/5919/5919
f 5920/5920/5920 5053/5053/5053 5919/5919/5919
f 5921/5921/5921 5053/5053/5053 5920/5920/5920
f 5922/5922/5922 5053/5053/5053 5921/5921/5921
f 5919/5919/5919 5016/5016/5016 5918/5918/5918
f 5016/5016/5016 5017/5017/5017 5918/5918/5918
f 5016/5016/5016 4980/4980/4980 5017/5017/5017
f 5017/5017/5017 4980/4980/4980 5916/5916/5916
f 5917/5917/5917 5017/5017/5017 5916/5916/5916
f 5918/5918/5918 5017/5017/5017 5917/5917/5917
f 4980/4980/4980 5915/5915/5915 5916/5916/5916
f 4980/4980/4980 4981/4981/4981 5915/5915/5915
f 4980/4980/4980 4942/4942/4942 4981/4981/4981
f 4981/4981/4981 4942/4942/4942 4943/4943/4943
f 4981/4981/4981 4943/4943/4943 4982/4982/4982
f 4981/4981/4981 4982/4982/4982 5913/5913/5913
f 5914/5914/5914 4981/4981/4981 5913/5913/5913
f 5915/5915/5915 4981/4981/4981 5914/5914/5914
f 4982/4982/4982 5912/5912/5912 5913/5913/5913
f 5912/5912/5912 4982/4982/4982 5911/5911/5911
f 4982/4982/4982 4943/4943/4943 5911/5911/5911
f 5911/5911/5911 4943/4943/4943 5910/5910/5910
f 5910/5910/5910 4943/4943/4943 4944/4944/4944
f 5910/5910/5910 4944/4944/4944 5909/5909/5909
f 5909/5909/5909 4944/4944/4944 5908/5908/5908
f 4944/4944/4944 4945/4945/4945 5908/5908/5908
f 4944/4944/4944 4906/4906/4906 4945/4945/4945
f 4944/4944/4944 4905/4905/4905 4906/4906/4906
f 4944/4944/4944 4943/4943/4943 4905/4905/4905
f 4943/4943/4943 4904/4904/4904 4905/4905/4905
f 4943/4943/4943 4942/4942/4942 4904/4904/4904
f 4905/4905/4905 4904/4904/4904 4866/4866/4866
f 4905/4905/4905 4866/4866/4866 4867/4867/4867
f 4906/4906/4906 4905/4905/4905 4867/4867/4867
f 4906/4906/4906 4867/4867/4867 4868/4868/4868
f 4907/4907/4907 4906/4906/4906 4868/4868/4868
f 4906/4906/4906 4907/4907/4907 5905/5905/5905
f 4945/4945/4945 4906/4906/4906 5905/5905/5905
f 5906/5906/5906 4945/4945/4945 5905/5905/5905
f 5907/5907/5907 4945/4945/4945 5906/5906/5906
f 4945/4945/4945 5907/5907/5907 5908/5908/5908
f 5905/5905/5905 4907/4907/4907 4946/4946/4946
f 5905/5905/5905 4946/4946/4946 5904/5904/5904
f 5904/5904/5904 4946/4946/4946 5903/5903/5903
f 4946/4946/4946 4907/4907/4907 5903/5903/5903
f 4907/4907/4907 4908/4908/4908 5903/5903/5903
f 4908/4908/4908 4907/4907/4907 4869/4869/4869
f 4908/4908/4908 4869/4869/4869 4870/4870/4870
f 4909/4909/4909 4908/4908/4908 4870/4870/4870
f 5900/5900/5900 4908/4908/4908 4909/4909/4909
f 5901/5901/5901 4908/4908/4908 5900/5900/5900
f 5902/5902/5902 4908/4908/4908 5901/5901/5901
f 5903/5903/5903 4908/4908/4908 5902/5902/5902
f 5900/5900/5900 4909/4909/4909 5899/5899/5899
f 5899/5899/5899 4909/4909/4909 5898/5898/5898
f 5898/5898/5898 4909/4909/4909 5897/5897/5897
f 4909/4909/4909 4910/4910/4910 5897/5897/5897
f 4909/4909/4909 4871/4871/4871 4910/4910/4910
f 4909/4909/4909 4870/4870/4870 4871/4871/4871
f 4871/4871/4871 4870/4870/4870 4831/4831/4831
f 4871/4871/4871 4831/4831/4831 4832/4832/4832
f 4872/4872/4872 4871/4871/4871 4832/4832/4832
f 4871/4871/4871 4872/4872/4872 5895/5895/5895
f 4871/4871/4871 5895/5895/5895 4910/4910/4910
f 5896/5896/5896 4910/4910/4910 5895/5895/5895
f 5897/5897/5897 4910/4910/4910 5896/5896/5896
f 5895/5895/5895 4872/4872/4872 5894/5894/5894
f 4872/4872/4872 5893/5893/5893 5894/5894/5894
f 5893/5893/5893 4872/4872/4872 5892/5892/5892
f 4872/4872/4872 4873/4873/4873 5892/5892/5892
f 4872/4872/4872 4833/4833/4833 4873/4873/4873
f 4872/4872/4872 4832/4832/4832 4833/4833/4833
f 4833/4833/4833 4832/4832/4832 4793/4793/4793
f 4833/4833/4833 4793/4793/4793 4794/4794/4794
f 4834/4834/4834 4833/4833/4833 4794/4794/4794
f 4873/4873/4873 4833/4833/4833 4834/4834/4834
f 4873/4873/4873 4834/4834/4834 4874/4874/4874
f 4873/4873/4873 4874/4874/4874 5889/5889/5889
f 5890/5890/5890 4873/4873/4873 5889/5889/5889
f 5891/5891/5891 4873/4873/4873 5890/5890/5890
f 4873/4873/4873 5891/5891/5891 5892/5892/5892
f 4874/4874/4874 5888/5888/5888 5889/5889/5889
f 5888/5888/5888 4874/4874/4874 5887/5887/5887
f 4874/4874/4874 4834/4834/4834 5887/5887/5887
f 5887/5887/5887 4834/4834/4834 5886/5886/5886
f 4834/4834/4834 4835/4835/4835 5886/5886/5886
f 4834/4834/4834 4795/4795/4795 4835/4835/4835
f 4834/4834/4834 4794/4794/4794 4795/4795/4795
f 4795/4795/4795 4794/4794/4794 4753/4753/4753
f 4795/4795/4795 4753/4753/4753 4754/4754/4754
f 4795/4795/4795 4754/4754/4754 4796/4796/4796
f 4795/4795/4795 4796/4796/4796 5882/5882/5882
f 5883/5883/5883 4795/4795/4795 5882/5882/5882
f 4835/4835/4835 4795/4795/4795 5883/5883/5883
f 5884/5884/5884 4835/4835/4835 5883/5883/5883
f 5885/5885/5885 4835/4835/4835 5884/5884/5884
f 4835/4835/4835 5885/5885/5885 5886/5886/5886
f 5882/5882/5882 4796/4796/4796 5881/5881/5881
f 5881/5881/5881 4796/4796/4796 5880/5880/5880
f 5880/5880/5880 4796/4796/4796 5879/5879/5879
f 4796/4796/4796 4754/4754/4754 5879/5879/5879
f 4754/4754/4754 4755/4755/4755 5879/5879/5879
f 4755/4755/4755 4754/4754/4754 4713/4713/4713
f 4755/4755/4755 4713/4713/4713 5875/5875/5875
f 5876/5876/5876 4755/4755/4755 5875/5875/5875
f 5877/5877/5877 4755/4755/4755 5876/5876/5876
f 5878/5878/5878 4755/4755/4755 5877/5877/5877
f 4755/4755/4755 5878/5878/5878 5879/5879/5879
f 5875/5875/5875 4713/4713/4713 4714/4714/4714
f 5875/5875/5875 4714/4714/4714 5874/5874/5874
f 5874/5874/5874 4714/4714/4714 5873/5873/5873
f 5873/5873/5873 4714/4714/4714 5872/5872/5872
f 4714/4714/4714 4671/4671/4671 5872/5872/5872
f 4714/4714/4714 4713/4713/4713 4671/4671/4671
f 4670/4670/4670 4671/4671/4671 4713/4713/4713
f 4670/4670/4670 4627/4627/4627 4671/4671/4671
f 4669/4669/4669 4627/4627/4627 4670/4670/4670
f 4669/4669/4669 4626/4626/4626 4627/4627/4627
f 4626/4626/4626 4669/4669/4669 6764/6764/6764
f 4626/4626/4626 6764/6764/6764 4625/4625/4625
f 4626/4626/4626 4625/4625/4625 4582/4582/4582
f 4626/4626/4626 4582/4582/4582 4583/4583/4583
f 4627/4627/4627 4626/4626/4626 4583/4583/4583
f 4627/4627/4627 4583/4583/4583 4584/4584/4584
f 4628/4628/4628 4627/4627/4627 4584/4584/4584
f 4671/4671/4671 4627/4627/4627 4628/4628/4628
f 4672/4672/4672 4671/4671/4671 4628/4628/4628
f 4672/4672/4672 5871/5871/5871 4671/4671/4671
f 5871/5871/5871 4672/4672/4672 5870/5870/5870
f 5870/5870/5870 4672/4672/4672 5869/5869/5869
f 5869/5869/5869 4672/4672/4672 5868/5868/5868
f 4672/4672/4672 4628/4628/4628 5868/5868/5868
f 5868/5868/5868 4628/4628/4628 4629/4629/4629
f 5868/5868/5868 4629/4629/4629 5867/5867/5867
f 5867/5867/5867 4629/4629/4629 5866/5866/5866
f 5866/5866/5866 4629/4629/4629 5865/5865/5865
f 4629/4629/4629 4585/4585/4585 5865/5865/5865
f 4629/4629/4629 4628/4628/4628 4585/4585/4585
f 4628/4628/4628 4584/4584/4584 4585/4585/4585
f 4585/4585/4585 4584/4584/4584 4540/4540/4540
f 4585/4585/4585 4540/4540/4540 4541/4541/4541
f 4585/4585/4585 4541/4541/4541 4586/4586/4586
f 4585/4585/4585 4586/4586/4586 5864/5864/5864
f 5865/5865/5865 4585/4585/4585 5864/5864/5864
f 5864/5864/5864 4586/4586/4586 5863/5863/5863
f 5863/5863/5863 4586/4586/4586 5862/5862/5862
f 4586/4586/4586 5861/5861/5861 5862/5862/5862
f 4541/4541/4541 5861/5861/5861 4586/4586/4586
f 5861/5861/5861 4541/4541/4541 5860/5860/5860
f 4541/4541/4541 4542/4542/4542 5860/5860/5860
f 4541/4541/4541 4496/4496/4496 4542/4542/4542
f 4541/4541/4541 4495/4495/4495 4496/4496/4496
f 4541/4541/4541 4540/4540/4540 4495/4495/4495
f 4540/4540/4540 4494/4494/4494 4495/4495/4495
f 4540/4540/4540 4539/4539/4539 4494/4494/4494
f 4584/4584/4584 4539/4539/4539 4540/4540/4540
f 4584/4584/4584 4583/4583/4583 4539/4539/4539
f 4583/4583/4583 4538/4538/4538 4539/4539/4539
f 4583/4583/4583 4582/4582/4582 4538/4538/4538
f 4582/4582/4582 4537/4537/4537 4538/4538/4538
f 4582/4582/4582 4581/4581/4581 4537/4537/4537
f 4625/4625/4625 4581/4581/4581 4582/4582/4582
f 4625/4625/4625 4624/4624/4624 4581/4581/4581
f 4625/4625/4625 6772/6772/6772 4624/4624/4624
f 6771/6771/6771 6772/6772/6772 4625/4625/4625
f 6770/6770/6770 6771/6771/6771 4625/4625/4625
f 6769/6769/6769 6770/6770/6770 4625/4625/4625
f 6769/6769/6769 4625/4625/4625 6768/6768/6768
f 6768/6768/6768 4625/4625/4625 6767/6767/6767
f 6767/6767/6767 4625/4625/4625 6766/6766/6766
f 6766/6766/6766 4625/4625/4625 6765/6765/6765
f 4625/4625/4625 6764/6764/6764 6765/6765/6765
f 6773/6773/6773 4624/4624/4624 6772/6772/6772
f 6774/6774/6774 4624/4624/4624 6773/6773/6773
f 6774/6774/6774 6775/6775/6775 4624/4624/4624
f 6776/6776/6776 4624/4624/4624 6775/6775/6775
f 6777/6777/6777 4624/4624/4624 6776/6776/6776
f 4580/4580/4580 4624/4624/4624 6777/6777/6777
f 4624/4624/4624 4580/4580/4580 4581/4581/4581
f 4581/4581/4581 4580/4580/4580 4536/4536/4536
f 4581/4581/4581 4536/4536/4536 4537/4537/4537
f 4537/4537/4537 4536/4536/4536 4491/4491/4491
f 4537/4537/4537 4491/4491/4491 4492/4492/4492
f 4538/4538/4538 4537/4537/4537 4492/4492/4492
f 4538/4538/4538 4492/4492/4492 4493/4493/4493
f 4539/4539/4539 4538/4538/4538 4493/4493/4493
f 4539/4539/4539 4493/4493/4493 4494/4494/4494
f 4494/4494/4494 4493/4493/4493 4448/4448/4448
f 4494/4494/4494 4448/4448/4448 4449/4449/4449
f 4495/4495/4495 4494/4494/4494 4449/4449/4449
f 4495/4495/4495 4449/4449/4449 4450/4450/4450
f 4496/4496/4496 4495/4495/4495 4450/4450/4450
f 4496/4496/4496 4450/4450/4450 4451/4451/4451
f 4496/4496/4496 4451/4451/4451 4497/4497/4497
f 4496/4496/4496 4497/4497/4497 5856/5856/5856
f 5857/5857/5857 4496/4496/4496 5856/5856/5856
f 5858/5858/5858 4496/4496/4496 5857/5857/5857
f 4542/4542/4542 4496/4496/4496 5858/5858/5858
f 5859/5859/5859 4542/4542/4542 5858/5858/5858
f 5860/5860/5860 4542/4542/4542 5859/5859/5859
f 5856/5856/5856 4497/4497/4497 5855/5855/5855
f 4497/4497/4497 4451/4451/4451 5855/5855/5855
f 5855/5855/5855 4451/4451/4451 5854/5854/5854
f 5854/5854/5854 4451/4451/4451 5853/5853/5853
f 5853/5853/5853 4451/4451/4451 5852/5852/5852
f 4451/4451/4451 4405/4405/4405 5852/5852/5852
f 4451/4451/4451 4450/4450/4450 4405/4405/4405
f 4450/4450/4450 4404/4404/4404 4405/4405/4405
f 4450/4450/4450 4449/4449/4449 4404/4404/4404
f 4449/4449/4449 4403/4403/4403 4404/4404/4404
f 4449/4449/4449 4448/4448/4448 4403/4403/4403
f 4448/4448/4448 4402/4402/4402 4403/4403/4403
f 4448/4448/4448 4447/4447/4447 4402/4402/4402
f 4493/4493/4493 4447/4447/4447 4448/4448/4448
f 4493/4493/4493 4492/4492/4492 4447/4447/4447
f 4492/4492/4492 4446/4446/4446 4447/4447/4447
f 4492/4492/4492 4491/4491/4491 4446/4446/4446
f 4491/4491/4491 4445/4445/4445 4446/4446/4446
f 4491/4491/4491 4490/4490/4490 4445/4445/4445
f 4536/4536/4536 4490/4490/4490 4491/4491/4491
f 4536/4536/4536 4535/4535/4535 4490/4490/4490
f 4580/4580/4580 4535/4535/4535 4536/4536/4536
f 4580/4580/4580 4579/4579/4579 4535/4535/4535
f 4579/4579/4579 4580/4580/4580 6777/6777/6777
f 6777/6777/6777 6778/6778/6778 4579/4579/4579
f 4623/4623/4623 4579/4579/4579 6778/6778/6778
f 4622/4622/4622 4579/4579/4579 4623/4623/4623
f 4622/4622/4622 4578/4578/4578 4579/4579/4579
f 4622/4622/4622 4621/4621/4621 4578/4578/4578
f 4665/4665/4665 4621/4621/4621 4622/4622/4622
f 4665/4665/4665 4664/4664/4664 4621/4621/4621
f 4664/4664/4664 4665/4665/4665 4706/4706/4706
f 4706/4706/4706 4665/4665/4665 4707/4707/4707
f 4706/4706/4706 4707/4707/4707 4748/4748/4748
f 4705/4705/4705 4706/4706/4706 4748/4748/4748
f 4748/4748/4748 4707/4707/4707 4749/4749/4749
f 4790/4790/4790 4748/4748/4748 4749/4749/4749
f 4790/4790/4790 4789/4789/4789 4748/4748/4748
f 4829/4829/4829 4789/4789/4789 4790/4790/4790
f 4829/4829/4829 4828/4828/4828 4789/4789/4789
f 4868/4868/4868 4828/4828/4828 4829/4829/4829
f 4868/4868/4868 4867/4867/4867 4828/4828/4828
f 4867/4867/4867 4827/4827/4827 4828/4828/4828
f 4867/4867/4867 4866/4866/4866 4827/4827/4827
f 4828/4828/4828 4827/4827/4827 4788/4788/4788
f 4828/4828/4828 4788/4788/4788 4789/4789/4789
f 4869/4869/4869 4868/4868/4868 4829/4829/4829
f 4907/4907/4907 4868/4868/4868 4869/4869/4869
f 4869/4869/4869 4829/4829/4829 4830/4830/4830
f 4870/4870/4870 4869/4869/4869 4830/4830/4830
f 4870/4870/4870 4830/4830/4830 4831/4831/4831
f 4831/4831/4831 4830/4830/4830 4791/4791/4791
f 4831/4831/4831 4791/4791/4791 4792/4792/4792
f 4832/4832/4832 4831/4831/4831 4792/4792/4792
f 4832/4832/4832 4792/4792/4792 4793/4793/4793
f 4793/4793/4793 4792/4792/4792 4751/4751/4751
f 4793/4793/4793 4751/4751/4751 4752/4752/4752
f 4794/4794/4794 4793/4793/4793 4752/4752/4752
f 4794/4794/4794 4752/4752/4752 4753/4753/4753
f 4752/4752/4752 6743/6743/6743 4753/4753/4753
f 6742/6742/6742 6743/6743/6743 4752/4752/4752
f 4752/4752/4752 6741/6741/6741 6742/6742/6742
f 4752/4752/4752 6740/6740/6740 6741/6741/6741
f 4752/4752/4752 6739/6739/6739 6740/6740/6740
f 4752/4752/4752 6738/6738/6738 6739/6739/6739
f 6737/6737/6737 6738/6738/6738 4752/4752/4752
f 4751/4751/4751 6737/6737/6737 4752/4752/4752
f 4751/4751/4751 6736/6736/6736 6737/6737/6737
f 4751/4751/4751 6735/6735/6735 6736/6736/6736
f 4751/4751/4751 6734/6734/6734 6735/6735/6735
f 4709/4709/4709 6734/6734/6734 4751/4751/4751
f 6733/6733/6733 6734/6734/6734 4709/4709/4709
f 4709/4709/4709 6732/6732/6732 6733/6733/6733
f 6732/6732/6732 4709/4709/4709 6731/6731/6731
f 4709/4709/4709 6730/6730/6730 6731/6731/6731
f 4709/4709/4709 6729/6729/6729 6730/6730/6730
f 4709/4709/4709 6728/6728/6728 6729/6729/6729
f 4709/4709/4709 6727/6727/6727 6728/6728/6728
f 4709/4709/4709 6726/6726/6726 6727/6727/6727
f 4666/4666/4666 6726/6726/6726 4709/4709/4709
f 4666/4666/4666 6725/6725/6725 6726/6726/6726
f 6725/6725/6725 4666/4666/4666 6724/6724/6724
f 6724/6724/6724 4666/4666/4666 6723/6723/6723
f 6723/6723/6723 4666/4666/4666 6722/6722/6722
f 6722/6722/6722 4666/4666/4666 6721/6721/6721
f 4666/4666/4666 6720/6720/6720 6721/6721/6721
f 4666/4666/4666 6719/6719/6719 6720/6720/6720
f 6719/6719/6719 4666/4666/4666 4622/4622/4622
f 6719/6719/6719 4622/4622/4622 6718/6718/6718
f 6718/6718/6718 4622/4622/4622 6717/6717/6717
f 6717/6717/6717 4622/4622/4622 6716/6716/6716
f 4622/4622/4622 4623/4623/4623 6716/6716/6716
f 4623/4623/4623 6715/6715/6715 6716/6716/6716
f 4623/4623/4623 6714/6714/6714 6715/6715/6715
f 6714/6714/6714 4623/4623/4623 6713/6713/6713
f 6713/6713/6713 4623/4623/4623 6712/6712/6712
f 6712/6712/6712 4623/4623/4623 6711/6711/6711
f 6711/6711/6711 4623/4623/4623 6710/6710/6710
f 6710/6710/6710 4623/4623/4623 6709/6709/6709
f 6709/6709/6709 4623/4623/4623 6778/6778/6778
f 4666/4666/4666 4665/4665/4665 4622/4622/4622
f 4708/4708/4708 4665/4665/4665 4666/4666/4666
f 4708/4708/4708 4707/4707/4707 4665/4665/4665
f 4749/4749/4749 4707/4707/4707 4708/4708/4708
f 4750/4750/4750 4749/4749/4749 4708/4708/4708
f 4791/4791/4791 4749/4749/4749 4750/4750/4750
f 4791/4791/4791 4790/4790/4790 4749/4749/4749
f 4830/4830/4830 4790/4790/4790 4791/4791/4791
f 4830/4830/4830 4829/4829/4829 4790/4790/4790
f 4792/4792/4792 4791/4791/4791 4750/4750/4750
f 4792/4792/4792 4750/4750/4750 4751/4751/4751
f 4751/4751/4751 4750/4750/4750 4709/4709/4709
f 4750/4750/4750 4708/4708/4708 4709/4709/4709
f 4709/4709/4709 4708/4708/4708 4666/4666/4666
f 4753/4753/4753 6743/6743/6743 6744/6744/6744
f 4753/4753/4753 6744/6744/6744 6745/6745/6745
f 4753/4753/4753 6745/6745/6745 6746/6746/6746
f 4753/4753/4753 6746/6746/6746 6747/6747/6747
f 4753/4753/4753 6747/6747/6747 6748/6748/6748
f 6748/6748/6748 6749/6749/6749 4753/4753/4753
f 6749/6749/6749 6750/6750/6750 4753/4753/4753
f 6750/6750/6750 6751/6751/6751 4753/4753/4753
f 4753/4753/4753 6751/6751/6751 4754/4754/4754
f 4754/4754/4754 6751/6751/6751 6752/6752/6752
f 4754/4754/4754 6752/6752/6752 4712/4712/4712
f 4754/4754/4754 4712/4712/4712 4713/4713/4713
f 4712/4712/4712 4669/4669/4669 4713/4713/4713
f 4712/4712/4712 6759/6759/6759 4669/4669/4669
f 6758/6758/6758 6759/6759/6759 4712/4712/4712
f 4712/4712/4712 6757/6757/6757 6758/6758/6758
f 4712/4712/4712 6756/6756/6756 6757/6757/6757
f 4712/4712/4712 6755/6755/6755 6756/6756/6756
f 4712/4712/4712 6754/6754/6754 6755/6755/6755
f 4712/4712/4712 6753/6753/6753 6754/6754/6754
f 6752/6752/6752 6753/6753/6753 4712/4712/4712
f 6760/6760/6760 4669/4669/4669 6759/6759/6759
f 6761/6761/6761 4669/4669/4669 6760/6760/6760
f 6761/6761/6761 6762/6762/6762 4669/4669/4669
f 6762/6762/6762 6763/6763/6763 4669/4669/4669
f 6764/6764/6764 4669/4669/4669 6763/6763/6763
f 4669/4669/4669 4670/4670/4670 4713/4713/4713
f 4789/4789/4789 4747/4747/4747 4748/4748/4748
f 4664/4664/4664 4620/4620/4620 4621/4621/4621
f 4621/4621/4621 4620/4620/4620 4577/4577/4577
f 4621/4621/4621 4577/4577/4577 4578/4578/4578
f 4578/4578/4578 4577/4577/4577 4533/4533/4533
f 4578/4578/4578 4533/4533/4533 4534/4534/4534
f 4579/4579/4579 4578/4578/4578 4534/4534/4534
f 4579/4579/4579 4534/4534/4534 4535/4535/4535
f 4535/4535/4535 4534/4534/4534 4489/4489/4489
f 4535/4535/4535 4489/4489/4489 4490/4490/4490
f 4490/4490/4490 4489/4489/4489 4444/4444/4444
f 4490/4490/4490 4444/4444/4444 4445/4445/4445
f 4445/4445/4445 4444/4444/4444 4399/4399/4399
f 4445/4445/4445 4399/4399/4399 4400/4400/4400
f 4446/4446/4446 4445/4445/4445 4400/4400/4400
f 4446/4446/4446 4400/4400/4400 4401/4401/4401
f 4447/4447/4447 4446/4446/4446 4401/4401/4401
f 4447/4447/4447 4401/4401/4401 4402/4402/4402
f 4402/4402/4402 4401/4401/4401 4355/4355/4355
f 4402/4402/4402 4355/4355/4355 4356/4356/4356
f 4403/4403/4403 4402/4402/4402 4356/4356/4356
f 4403/4403/4403 4356/4356/4356 4357/4357/4357
f 4404/4404/4404 4403/4403/4403 4357/4357/4357
f 4404/4404/4404 4357/4357/4357 4358/4358/4358
f 4405/4405/4405 4404/4404/4404 4358/4358/4358
f 4405/4405/4405 4358/4358/4358 4359/4359/4359
f 4406/4406/4406 4405/4405/4405 4359/4359/4359
f 4405/4405/4405 4406/4406/4406 5851/5851/5851
f 4405/4405/4405 5851/5851/5851 5852/5852/5852
f 5851/5851/5851 4406/4406/4406 5850/5850/5850
f 5850/5850/5850 4406/4406/4406 5849/5849/5849
f 4406/4406/4406 4359/4359/4359 5849/5849/5849
f 5849/5849/5849 4359/4359/4359 5848/5848/5848
f 4359/4359/4359 4360/4360/4360 5848/5848/5848
f 4359/4359/4359 4313/4313/4313 4360/4360/4360
f 4359/4359/4359 4312/4312/4312 4313/4313/4313
f 4359/4359/4359 4358/4358/4358 4312/4312/4312
f 4358/4358/4358 4311/4311/4311 4312/4312/4312
f 4358/4358/4358 4357/4357/4357 4311/4311/4311
f 4357/4357/4357 4310/4310/4310 4311/4311/4311
f 4357/4357/4357 4356/4356/4356 4310/4310/4310
f 4356/4356/4356 4309/4309/4309 4310/4310/4310
f 4356/4356/4356 4355/4355/4355 4309/4309/4309
f 4355/4355/4355 4308/4308/4308 4309/4309/4309
f 4355/4355/4355 4354/4354/4354 4308/4308/4308
f 4401/4401/4401 4354/4354/4354 4355/4355/4355
f 4401/4401/4401 4400/4400/4400 4354/4354/4354
f 4400/4400/4400 4353/4353/4353 4354/4354/4354
f 4400/4400/4400 4399/4399/4399 4353/4353/4353
f 4399/4399/4399 4352/4352/4352 4353/4353/4353
f 4399/4399/4399 4398/4398/4398 4352/4352/4352
f 4444/4444/4444 4398/4398/4398 4399/4399/4399
f 4444/4444/4444 4443/4443/4443 4398/4398/4398
f 4489/4489/4489 4443/4443/4443 4444/4444/4444
f 4489/4489/4489 4488/4488/4488 4443/4443/4443
f 4534/4534/4534 4488/4488/4488 4489/4489/4489
f 4534/4534/4534 4533/4533/4533 4488/4488/4488
f 4443/4443/4443 4397/4397/4397 4398/4398/4398
f 4398/4398/4398 4351/4351/4351 4352/4352/4352
f 4353/4353/4353 4307/4307/4307 4354/4354/4354
f 4306/4306/4306 4307/4307/4307 4353/4353/4353
f 4307/4307/4307 4306/4306/4306 4260/4260/4260
f 4260/4260/4260 6803/6803/6803 4307/4307/4307
f 4260/4260/4260 6802/6802/6802 6803/6803/6803
f 6802/6802/6802 4260/4260/4260 6801/6801/6801
f 4260/4260/4260 6800/6800/6800 6801/6801/6801
f 4260/4260/4260 6799/6799/6799 6800/6800/6800
f 4260/4260/4260 6798/6798/6798 6799/6799/6799
f 4260/4260/4260 6797/6797/6797 6798/6798/6798
f 4260/4260/4260 6796/6796/6796 6797/6797/6797
f 4213/4213/4213 6796/6796/6796 4260/4260/4260
f 4213/4213/4213 6795/6795/6795 6796/6796/6796
f 6795/6795/6795 4213/4213/4213 6794/6794/6794
f 6794/6794/6794 4213/4213/4213 6793/6793/6793
f 6793/6793/6793 4213/4213/4213 6792/6792/6792
f 6792/6792/6792 4213/4213/4213 6791/6791/6791
f 6791/6791/6791 4213/4213/4213 6790/6790/6790
f 4213/4213/4213 6789/6789/6789 6790/6790/6790
f 4213/4213/4213 6788/6788/6788 6789/6789/6789
f 6788/6788/6788 4213/4213/4213 4165/4165/4165
f 6788/6788/6788 4165/4165/4165 6787/6787/6787
f 6787/6787/6787 4165/4165/4165 6786/6786/6786
f 6786/6786/6786 4165/4165/4165 6785/6785/6785
f 6785/6785/6785 4165/4165/4165 6784/6784/6784
f 4165/4165/4165 4166/4166/4166 6784/6784/6784
f 4165/4165/4165 4119/4119/4119 4166/4166/4166
f 4166/4166/4166 4119/4119/4119 4120/4120/4120
f 4120/4120/4120 4119/4119/4119 4074/4074/4074
f 4120/4120/4120 4074/4074/4074 4075/4075/4075
f 4166/4166/4166 6783/6783/6783 6784/6784/6784
f 6783/6783/6783 4166/4166/4166 6782/6782/6782
f 6782/6782/6782 4166/4166/4166 6781/6781/6781
f 6781/6781/6781 4166/4166/4166 6780/6780/6780
f 6780/6780/6780 4166/4166/4166 6779/6779/6779
f 6779/6779/6779 4166/4166/4166 6843/6843/6843
f 4213/4213/4213 4212/4212/4212 4165/4165/4165
f 4259/4259/4259 4212/4212/4212 4213/4213/4213
f 4259/4259/4259 4258/4258/4258 4212/4212/4212
f 4305/4305/4305 4258/4258/4258 4259/4259/4259
f 4305/4305/4305 4259/4259/4259 4306/4306/4306
f 4305/4305/4305 4306/4306/4306 4353/4353/4353
f 4306/4306/4306 4259/4259/4259 4260/4260/4260
f 4260/4260/4260 4259/4259/4259 4213/4213/4213
f 4307/4307/4307 6803/6803/6803 6804/6804/6804
f 4307/4307/4307 6804/6804/6804 6805/6805/6805
f 4307/4307/4307 6805/6805/6805 6806/6806/6806
f 4307/4307/4307 6806/6806/6806 6807/6807/6807
f 6807/6807/6807 4308/4308/4308 4307/4307/4307
f 6807/6807/6807 6808/6808/6808 4308/4308/4308
f 6808/6808/6808 6809/6809/6809 4308/4308/4308
f 4308/4308/4308 6809/6809/6809 6810/6810/6810
f 4308/4308/4308 6810/6810/6810 6811/6811/6811
f 4308/4308/4308 6811/6811/6811 6812/6812/6812
f 4308/4308/4308 6812/6812/6812 6813/6813/6813
f 4308/4308/4308 6813/6813/6813 6814/6814/6814
f 4308/4308/4308 6814/6814/6814 4309/4309/4309
f 4309/4309/4309 6814/6814/6814 6815/6815/6815
f 4309/4309/4309 6815/6815/6815 6816/6816/6816
f 4309/4309/4309 6816/6816/6816 6817/6817/6817
f 4309/4309/4309 6817/6817/6817 6818/6818/6818
f 4309/4309/4309 6818/6818/6818 6819/6819/6819
f 4309/4309/4309 6819/6819/6819 6820/6820/6820
f 6820/6820/6820 6821/6821/6821 4309/4309/4309
f 6821/6821/6821 6822/6822/6822 4309/4309/4309
f 4309/4309/4309 6822/6822/6822 4310/4310/4310
f 4310/4310/4310 6822/6822/6822 6823/6823/6823
f 4263/4263/4263 4310/4310/4310 6823/6823/6823
f 4263/4263/4263 4264/4264/4264 4310/4310/4310
f 4263/4263/4263 6831/6831/6831 4264/4264/4264
f 6830/6830/6830 6831/6831/6831 4263/4263/4263
f 6829/6829/6829 6830/6830/6830 4263/4263/4263
f 4263/4263/4263 6828/6828/6828 6829/6829/6829
f 4263/4263/4263 6827/6827/6827 6828/6828/6828
f 4263/4263/4263 6826/6826/6826 6827/6827/6827
f 4263/4263/4263 6825/6825/6825 6826/6826/6826
f 6824/6824/6824 6825/6825/6825 4263/4263/4263
f 6823/6823/6823 6824/6824/6824 4263/4263/4263
f 6831/6831/6831 4217/4217/4217 4264/4264/4264
f 4311/4311/4311 4310/4310/4310 4264/4264/4264
f 4311/4311/4311 4264/4264/4264 4265/4265/4265
f 4312/4312/4312 4311/4311/4311 4265/4265/4265
f 4312/4312/4312 4265/4265/4265 4266/4266/4266
f 4313/4313/4313 4312/4312/4312 4266/4266/4266
f 4313/4313/4313 4266/4266/4266 4267/4267/4267
f 4313/4313/4313 4267/4267/4267 4314/4314/4314
f 4313/4313/4313 4314/4314/4314 5844/5844/5844
f 5845/5845/5845 4313/4313/4313 5844/5844/5844
f 4313/4313/4313 5845/5845/5845 4360/4360/4360
f 4360/4360/4360 5845/5845/5845 5846/5846/5846
f 5847/5847/5847 4360/4360/4360 5846/5846/5846
f 5848/5848/5848 4360/4360/4360 5847/5847/5847
f 5844/5844/5844 4314/4314/4314 5843/5843/5843
f 5843/5843/5843 4314/4314/4314 5842/5842/5842
f 4314/4314/4314 4267/4267/4267 5842/5842/5842
f 5842/5842/5842 4267/4267/4267 5841/5841/5841
f 5841/5841/5841 4267/4267/4267 5840/5840/5840
f 5840/5840/5840 4267/4267/4267 5839/5839/5839
f 4220/4220/4220 5839/5839/5839 4267/4267/4267
f 4221/4221/4221 5839/5839/5839 4220/4220/4220
f 5839/5839/5839 4221/4221/4221 5838/5838/5838
f 5838/5838/5838 4221/4221/4221 5837/5837/5837
f 5837/5837/5837 4221/4221/4221 5836/5836/5836
f 4221/4221/4221 4173/4173/4173 5836/5836/5836
f 4221/4221/4221 4220/4220/4220 4173/4173/4173
f 4220/4220/4220 4172/4172/4172 4173/4173/4173
f 4220/4220/4220 4219/4219/4219 4172/4172/4172
f 4266/4266/4266 4219/4219/4219 4220/4220/4220
f 4266/4266/4266 4265/4265/4265 4219/4219/4219
f 4264/4264/4264 4219/4219/4219 4265/4265/4265
f 4267/4267/4267 4266/4266/4266 4220/4220/4220
f 4173/4173/4173 4172/4172/4172 4126/4126/4126
f 4173/4173/4173 4126/4126/4126 4127/4127/4127
f 4174/4174/4174 4173/4173/4173 4127/4127/4127
f 5836/5836/5836 4173/4173/4173 4174/4174/4174
f 5836/5836/5836 4174/4174/4174 5835/5835/5835
f 5835/5835/5835 4174/4174/4174 5834/5834/5834
f 5834/5834/5834 4174/4174/4174 5833/5833/5833
f 4174/4174/4174 4127/4127/4127 5833/5833/5833
f 5833/5833/5833 4127/4127/4127 5832/5832/5832
f 4127/4127/4127 4128/4128/4128 5832/5832/5832
f 4127/4127/4127 4082/4082/4082 4128/4128/4128
f 4127/4127/4127 4081/4081/4081 4082/4082/4082
f 4127/4127/4127 4126/4126/4126 4081/4081/4081
f 4082/4082/4082 4081/4081/4081 4037/4037/4037
f 4082/4082/4082 4037/4037/4037 4038/4038/4038
f 4082/4082/4082 4038/4038/4038 4083/4083/4083
f 4082/4082/4082 4083/4083/4083 5828/5828/5828
f 5829/5829/5829 4082/4082/4082 5828/5828/5828
f 4128/4128/4128 4082/4082/4082 5829/5829/5829
f 5830/5830/5830 4128/4128/4128 5829/5829/5829
f 5831/5831/5831 4128/4128/4128 5830/5830/5830
f 5832/5832/5832 4128/4128/4128 5831/5831/5831
f 5828/5828/5828 4083/4083/4083 5827/5827/5827
f 5827/5827/5827 4083/4083/4083 5826/5826/5826
f 4083/4083/4083 4038/4038/4038 5826/5826/5826
f 5826/5826/5826 4038/4038/4038 5825/5825/5825
f 4038/4038/4038 4039/4039/4039 5825/5825/5825
f 4038/4038/4038 3996/3996/3996 4039/4039/4039
f 4038/4038/4038 3995/3995/3995 3996/3996/3996
f 4038/4038/4038 4037/4037/4037 3995/3995/3995
f 3996/3996/3996 3995/3995/3995 3956/3956/3956
f 3996/3996/3996 3956/3956/3956 3957/3957/3957
f 3996/3996/3996 3957/3957/3957 3997/3997/3997
f 3996/3996/3996 3997/3997/3997 5821/5821/5821
f 5822/5822/5822 3996/3996/3996 5821/5821/5821
f 3996/3996/3996 5822/5822/5822 4039/4039/4039
f 4039/4039/4039 5822/5822/5822 5823/5823/5823
f 5824/5824/5824 4039/4039/4039 5823/5823/5823
f 5825/5825/5825 4039/4039/4039 5824/5824/5824
f 5821/5821/5821 3997/3997/3997 5820/5820/5820
f 5820/5820/5820 3997/3997/3997 5819/5819/5819
f 3997/3997/3997 3957/3957/3957 5819/5819/5819
f 5819/5819/5819 3957/3957/3957 5818/5818/5818
f 5818/5818/5818 3957/3957/3957 5817/5817/5817
f 3957/3957/3957 3958/3958/3958 5817/5817/5817
f 3957/3957/3957 3920/3920/3920 3958/3958/3958
f 3957/3957/3957 3919/3919/3919 3920/3920/3920
f 3957/3957/3957 3956/3956/3956 3919/3919/3919
f 3920/3920/3920 3919/3919/3919 3883/3883/3883
f 3920/3920/3920 3883/3883/3883 3884/3884/3884
f 3920/3920/3920 3884/3884/3884 3921/3921/3921
f 3920/3920/3920 3921/3921/3921 5814/5814/5814
f 5815/5815/5815 3920/3920/3920 5814/5814/5814
f 5816/5816/5816 3920/3920/3920 5815/5815/5815
f 3958/3958/3958 3920/3920/3920 5816/5816/5816
f 5817/5817/5817 3958/3958/3958 5816/5816/5816
f 5814/5814/5814 3921/3921/3921 5813/5813/5813
f 5813/5813/5813 3921/3921/3921 5812/5812/5812
f 3921/3921/3921 3884/3884/3884 5812/5812/5812
f 5812/5812/5812 3884/3884/3884 5811/5811/5811
f 5811/5811/5811 3884/3884/3884 5810/5810/5810
f 3884/3884/3884 3885/3885/3885 5810/5810/5810
f 3884/3884/3884 3848/3848/3848 3885/3885/3885
f 3884/3884/3884 3847/3847/3847 3848/3848/3848
f 3884/3884/3884 3883/3883/3883 3847/3847/3847
f 3848/3848/3848 3847/3847/3847 3811/3811/3811
f 3848/3848/3848 3811/3811/3811 3812/3812/3812
f 3848/3848/3848 3812/3812/3812 3849/3849/3849
f 3848/3848/3848 3849/3849/3849 5807/5807/5807
f 5808/5808/5808 3848/3848/3848 5807/5807/5807
f 5809/5809/5809 3848/3848/3848 5808/5808/5808
f 3885/3885/3885 3848/3848/3848 5809/5809/5809
f 5810/5810/5810 3885/3885/3885 5809/5809/5809
f 5807/5807/5807 3849/3849/3849 5806/5806/5806
f 5806/5806/5806 3849/3849/3849 5805/5805/5805
f 3849/3849/3849 3812/3812/3812 5805/5805/5805
f 5805/5805/5805 3812/3812/3812 5804/5804/5804
f 3812/3812/3812 3813/3813/3813 5804/5804/5804
f 3812/3812/3812 3776/3776/3776 3813/3813/3813
f 3812/3812/3812 3775/3775/3775 3776/3776/3776
f 3812/3812/3812 3811/3811/3811 3775/3775/3775
f 3776/3776/3776 3775/3775/3775 3739/3739/3739
f 3776/3776/3776 3739/3739/3739 3740/3740/3740
f 3776/3776/3776 3740/3740/3740 3777/3777/3777
f 3776/3776/3776 3777/3777/3777 5800/5800/5800
f 5801/5801/5801 3776/3776/3776 5800/5800/5800
f 3813/3813/3813 3776/3776/3776 5801/5801/5801
f 5802/5802/5802 3813/3813/3813 5801/5801/5801
f 5803/5803/5803 3813/3813/3813 5802/5802/5802
f 3813/3813/3813 5803/5803/5803 5804/5804/5804
f 5800/5800/5800 3777/3777/3777 5799/5799/5799
f 5799/5799/5799 3777/3777/3777 5798/5798/5798
f 3777/3777/3777 3740/3740/3740 5798/5798/5798
f 3740/3740/3740 5797/5797/5797 5798/5798/5798
f 3740/3740/3740 3741/3741/3741 5797/5797/5797
f 3740/3740/3740 3705/3705/3705 3741/3741/3741
f 3740/3740/3740 3704/3704/3704 3705/3705/3705
f 3740/3740/3740 3739/3739/3739 3704/3704/3704
f 3705/3705/3705 3704/3704/3704 3669/3669/3669
f 3705/3705/3705 3669/3669/3669 3670/3670/3670
f 3706/3706/3706 3705/3705/3705 3670/3670/3670
f 3741/3741/3741 3705/3705/3705 3706/3706/3706
f 3741/3741/3741 3706/3706/3706 3742/3742/3742
f 3741/3741/3741 3742/3742/3742 5795/5795/5795
f 5796/5796/5796 3741/3741/3741 5795/5795/5795
f 5797/5797/5797 3741/3741/3741 5796/5796/5796
f 3742/3742/3742 5794/5794/5794 5795/5795/5795
f 5794/5794/5794 3742/3742/3742 5793/5793/5793
f 3742/3742/3742 3706/3706/3706 5793/5793/5793
f 5793/5793/5793 3706/3706/3706 5792/5792/5792
f 3706/3706/3706 3707/3707/3707 5792/5792/5792
f 3706/3706/3706 3671/3671/3671 3707/3707/3707
f 3706/3706/3706 3670/3670/3670 3671/3671/3671
f 3671/3671/3671 3670/3670/3670 3636/3636/3636
f 3671/3671/3671 3636/3636/3636 3637/3637/3637
f 3672/3672/3672 3671/3671/3671 3637/3637/3637
f 3672/3672/3672 5788/5788/5788 3671/3671/3671
f 5788/5788/5788 3672/3672/3672 5787/5787/5787
f 5787/5787/5787 3672/3672/3672 5786/5786/5786
f 3672/3672/3672 3673/3673/3673 5786/5786/5786
f 3672/3672/3672 3638/3638/3638 3673/3673/3673
f 3672/3672/3672 3637/3637/3637 3638/3638/3638
f 3638/3638/3638 3637/3637/3637 3603/3603/3603
f 3638/3638/3638 3603/3603/3603 3604/3604/3604
f 3639/3639/3639 3638/3638/3638 3604/3604/3604
f 5783/5783/5783 3638/3638/3638 3639/3639/3639
f 3673/3673/3673 3638/3638/3638 5783/5783/5783
f 5784/5784/5784 3673/3673/3673 5783/5783/5783
f 5785/5785/5785 3673/3673/3673 5784/5784/5784
f 5786/5786/5786 3673/3673/3673 5785/5785/5785
f 5783/5783/5783 3639/3639/3639 5782/5782/5782
f 5782/5782/5782 3639/3639/3639 5781/5781/5781
f 5781/5781/5781 3639/3639/3639 5780/5780/5780
f 5780/5780/5780 3639/3639/3639 5779/5779/5779
f 3604/3604/3604 5779/5779/5779 3639/3639/3639
f 3605/3605/3605 5779/5779/5779 3604/3604/3604
f 5779/5779/5779 3605/3605/3605 5778/5778/5778
f 5778/5778/5778 3605/3605/3605 5777/5777/5777
f 3605/3605/3605 3606/3606/3606 5777/5777/5777
f 3605/3605/3605 3571/3571/3571 3606/3606/3606
f 3605/3605/3605 3570/3570/3570 3571/3571/3571
f 3605/3605/3605 3604/3604/3604 3570/3570/3570
f 3604/3604/3604 3569/3569/3569 3570/3570/3570
f 3604/3604/3604 3603/3603/3603 3569/3569/3569
f 3603/3603/3603 3568/3568/3568 3569/3569/3569
f 3603/3603/3603 3602/3602/3602 3568/3568/3568
f 3637/3637/3637 3602/3602/3602 3603/3603/3603
f 3637/3637/3637 3636/3636/3636 3602/3602/3602
f 3636/3636/3636 3601/3601/3601 3602/3602/3602
f 3636/3636/3636 3635/3635/3635 3601/3601/3601
f 3670/3670/3670 3635/3635/3635 3636/3636/3636
f 3670/3670/3670 3669/3669/3669 3635/3635/3635
f 3602/3602/3602 3601/3601/3601 3567/3567/3567
f 3602/3602/3602 3567/3567/3567 3568/3568/3568
f 3568/3568/3568 3567/3567/3567 3533/3533/3533
f 3568/3568/3568 3533/3533/3533 3534/3534/3534
f 3569/3569/3569 3568/3568/3568 3534/3534/3534
f 3569/3569/3569 3534/3534/3534 3535/3535/3535
f 3570/3570/3570 3569/3569/3569 3535/3535/3535
f 3570/3570/3570 3535/3535/3535 3536/3536/3536
f 3571/3571/3571 3570/3570/3570 3536/3536/3536
f 3571/3571/3571 3536/3536/3536 3537/3537/3537
f 3571/3571/3571 3537/3537/3537 3572/3572/3572
f 3571/3571/3571 3572/3572/3572 5774/5774/5774
f 3606/3606/3606 3571/3571/3571 5774/5774/5774
f 5775/5775/5775 3606/3606/3606 5774/5774/5774
f 5776/5776/5776 3606/3606/3606 5775/5775/5775
f 3606/3606/3606 5776/5776/5776 5777/5777/5777
f 3572/3572/3572 5773/5773/5773 5774/5774/5774
f 5773/5773/5773 3572/3572/3572 5772/5772/5772
f 5772/5772/5772 3572/3572/3572 5771/5771/5771
f 3572/3572/3572 3537/3537/3537 5771/5771/5771
f 3537/3537/3537 5770/5770/5770 5771/5771/5771
f 3537/3537/3537 3538/3538/3538 5770/5770/5770
f 3537/3537/3537 3503/3503/3503 3538/3538/3538
f 3537/3537/3537 3502/3502/3502 3503/3503/3503
f 3537/3537/3537 3536/3536/3536 3502/3502/3502
f 3536/3536/3536 3501/3501/3501 3502/3502/3502
f 3536/3536/3536 3535/3535/3535 3501/3501/3501
f 3535/3535/3535 3500/3500/3500 3501/3501/3501
f 3535/3535/3535 3534/3534/3534 3500/3500/3500
f 3534/3534/3534 3499/3499/3499 3500/3500/3500
f 3534/3534/3534 3533/3533/3533 3499/3499/3499
f 3500/3500/3500 3499/3499/3499 3465/3465/3465
f 3500/3500/3500 3465/3465/3465 3466/3466/3466
f 3501/3501/3501 3500/3500/3500 3466/3466/3466
f 3501/3501/3501 3466/3466/3466 3467/3467/3467
f 3502/3502/3502 3501/3501/3501 3467/3467/3467
f 3502/3502/3502 3467/3467/3467 3468/3468/3468
f 3503/3503/3503 3502/3502/3502 3468/3468/3468
f 3503/3503/3503 3468/3468/3468 3469/3469/3469
f 3504/3504/3504 3503/3503/3503 3469/3469/3469
f 3538/3538/3538 3503/3503/3503 3504/3504/3504
f 3538/3538/3538 3504/3504/3504 3539/3539/3539
f 3538/3538/3538 3539/3539/3539 5768/5768/5768
f 5769/5769/5769 3538/3538/3538 5768/5768/5768
f 5770/5770/5770 3538/3538/3538 5769/5769/5769
f 3539/3539/3539 5767/5767/5767 5768/5768/5768
f 5767/5767/5767 3539/3539/3539 5766/5766/5766
f 5766/5766/5766 3539/3539/3539 5765/5765/5765
f 3539/3539/3539 3504/3504/3504 5765/5765/5765
f 5765/5765/5765 3504/3504/3504 5764/5764/5764
f 3504/3504/3504 3505/3505/3505 5764/5764/5764
f 3504/3504/3504 3470/3470/3470 3505/3505/3505
f 3504/3504/3504 3469/3469/3469 3470/3470/3470
f 3469/3469/3469 6391/6391/6391 3470/3470/3470
f 6390/6390/6390 6391/6391/6391 3469/3469/3469
f 3469/3469/3469 6389/6389/6389 6390/6390/6390
f 3469/3469/3469 6388/6388/6388 6389/6389/6389
f 3469/3469/3469 6387/6387/6387 6388/6388/6388
f 3469/3469/3469 6386/6386/6386 6387/6387/6387
f 6385/6385/6385 6386/6386/6386 3469/3469/3469
f 6384/6384/6384 6385/6385/6385 3469/3469/3469
f 6384/6384/6384 3469/3469/3469 3468/3468/3468
f 3468/3468/3468 6383/6383/6383 6384/6384/6384
f 3468/3468/3468 6382/6382/6382 6383/6383/6383
f 3468/3468/3468 6381/6381/6381 6382/6382/6382
f 3468/3468/3468 3432/3432/3432 6381/6381/6381
f 3468/3468/3468 3467/3467/3467 3432/3432/3432
f 3467/3467/3467 3431/3431/3431 3432/3432/3432
f 3467/3467/3467 3466/3466/3466 3431/3431/3431
f 3466/3466/3466 3430/3430/3430 3431/3431/3431
f 3466/3466/3466 3465/3465/3465 3430/3430/3430
f 3465/3465/3465 3429/3429/3429 3430/3430/3430
f 3430/3430/3430 3429/3429/3429 3393/3393/3393
f 3430/3430/3430 3393/3393/3393 3394/3394/3394
f 3431/3431/3431 3430/3430/3430 3394/3394/3394
f 3394/3394/3394 6372/6372/6372 3431/3431/3431
f 6371/6371/6371 6372/6372/6372 3394/3394/3394
f 6370/6370/6370 6371/6371/6371 3394/3394/3394
f 3394/3394/3394 6369/6369/6369 6370/6370/6370
f 6369/6369/6369 3394/3394/3394 6368/6368/6368
f 3394/3394/3394 6367/6367/6367 6368/6368/6368
f 3394/3394/3394 6366/6366/6366 6367/6367/6367
f 3394/3394/3394 6365/6365/6365 6366/6366/6366
f 3394/3394/3394 6364/6364/6364 6365/6365/6365
f 3356/3356/3356 6364/6364/6364 3394/3394/3394
f 3356/3356/3356 6363/6363/6363 6364/6364/6364
f 6363/6363/6363 3356/3356/3356 6362/6362/6362
f 6362/6362/6362 3356/3356/3356 6361/6361/6361
f 6361/6361/6361 3356/3356/3356 6360/6360/6360
f 6360/6360/6360 3356/3356/3356 6359/6359/6359
f 6359/6359/6359 3356/3356/3356 6358/6358/6358
f 6357/6357/6357 6358/6358/6358 3356/3356/3356
f 3316/3316/3316 6357/6357/6357 3356/3356/3356
f 3317/3317/3317 6357/6357/6357 3316/3316/3316
f 6357/6357/6357 3317/3317/3317 6356/6356/6356
f 6356/6356/6356 3317/3317/3317 6355/6355/6355
f 6355/6355/6355 3317/3317/3317 6449/6449/6449
f 6449/6449/6449 3317/3317/3317 6448/6448/6448
f 6448/6448/6448 3317/3317/3317 6447/6447/6447
f 6447/6447/6447 3317/3317/3317 6446/6446/6446
f 6446/6446/6446 3317/3317/3317 6445/6445/6445
f 3317/3317/3317 3276/3276/3276 6445/6445/6445
f 3317/3317/3317 3275/3275/3275 3276/3276/3276
f 3316/3316/3316 3275/3275/3275 3317/3317/3317
f 3316/3316/3316 3274/3274/3274 3275/3275/3275
f 3316/3316/3316 3315/3315/3315 3274/3274/3274
f 3355/3355/3355 3315/3315/3315 3316/3316/3316
f 3355/3355/3355 3354/3354/3354 3315/3315/3315
f 3392/3392/3392 3354/3354/3354 3355/3355/3355
f 3393/3393/3393 3392/3392/3392 3355/3355/3355
f 3429/3429/3429 3392/3392/3392 3393/3393/3393
f 3429/3429/3429 3428/3428/3428 3392/3392/3392
f 3393/3393/3393 3355/3355/3355 3356/3356/3356
f 3394/3394/3394 3393/3393/3393 3356/3356/3356
f 3356/3356/3356 3355/3355/3355 3316/3316/3316
f 3275/3275/3275 3274/3274/3274 3233/3233/3233
f 3275/3275/3275 3233/3233/3233 3234/3234/3234
f 3276/3276/3276 3275/3275/3275 3234/3234/3234
f 3276/3276/3276 3234/3234/3234 3235/3235/3235
f 3277/3277/3277 3276/3276/3276 3235/3235/3235
f 3276/3276/3276 3277/3277/3277 6438/6438/6438
f 6438/6438/6438 6439/6439/6439 3276/3276/3276
f 3318/3318/3318 3276/3276/3276 6439/6439/6439
f 3276/3276/3276 3318/3318/3318 6444/6444/6444
f 3276/3276/3276 6444/6444/6444 6445/6445/6445
f 6444/6444/6444 3318/3318/3318 6443/6443/6443
f 6443/6443/6443 3318/3318/3318 6442/6442/6442
f 6442/6442/6442 3318/3318/3318 6441/6441/6441
f 6441/6441/6441 3318/3318/3318 6440/6440/6440
f 6440/6440/6440 3318/3318/3318 6439/6439/6439
f 6438/6438/6438 3277/3277/3277 6437/6437/6437
f 6436/6436/6436 6437/6437/6437 3277/3277/3277
f 6436/6436/6436 3277/3277/3277 3319/3319/3319
f 6436/6436/6436 3319/3319/3319 6435/6435/6435
f 6435/6435/6435 3319/3319/3319 6434/6434/6434
f 6433/6433/6433 6434/6434/6434 3319/3319/3319
f 6433/6433/6433 3319/3319/3319 6432/6432/6432
f 6432/6432/6432 3319/3319/3319 6431/6431/6431
f 6431/6431/6431 3319/3319/3319 6430/6430/6430
f 6430/6430/6430 3319/3319/3319 3320/3320/3320
f 6429/6429/6429 6430/6430/6430 3320/3320/3320
f 6428/6428/6428 6429/6429/6429 3320/3320/3320
f 6427/6427/6427 6428/6428/6428 3320/3320/3320
f 6426/6426/6426 6427/6427/6427 3320/3320/3320
f 6426/6426/6426 3320/3320/3320 6425/6425/6425
f 6425/6425/6425 3320/3320/3320 6424/6424/6424
f 6424/6424/6424 3320/3320/3320 6423/6423/6423
f 6423/6423/6423 3320/3320/3320 6422/6422/6422
f 6422/6422/6422 3320/3320/3320 6421/6421/6421
f 3320/3320/3320 3319/3319/3319 3278/3278/3278
f 3320/3320/3320 3278/3278/3278 3279/3279/3279
f 3279/3279/3279 3278/3278/3278 3237/3237/3237
f 3279/3279/3279 3237/3237/3237 3238/3238/3238
f 3280/3280/3280 3279/3279/3279 3238/3238/3238
f 3280/3280/3280 3238/3238/3238 3239/3239/3239
f 3239/3239/3239 3238/3238/3238 3196/3196/3196
f 3239/3239/3239 3196/3196/3196 3197/3197/3197
f 3196/3196/3196 3153/3153/3153 3197/3197/3197
f 3152/3152/3152 3153/3153/3153 3196/3196/3196
f 3197/3197/3197 3153/3153/3153 3154/3154/3154
f 3238/3238/3238 3195/3195/3195 3196/3196/3196
f 3278/3278/3278 3236/3236/3236 3237/3237/3237
f 3278/3278/3278 3277/3277/3277 3236/3236/3236
f 3319/3319/3319 3277/3277/3277 3278/3278/3278
f 3277/3277/3277 3235/3235/3235 3236/3236/3236
f 3236/3236/3236 3235/3235/3235 3193/3193/3193
f 3236/3236/3236 3193/3193/3193 3194/3194/3194
f 3237/3237/3237 3236/3236/3236 3194/3194/3194
f 3235/3235/3235 3192/3192/3192 3193/3193/3193
f 3235/3235/3235 3234/3234/3234 3192/3192/3192
f 3234/3234/3234 3191/3191/3191 3192/3192/3192
f 3234/3234/3234 3233/3233/3233 3191/3191/3191
f 3233/3233/3233 3190/3190/3190 3191/3191/3191
f 3233/3233/3233 3232/3232/3232 3190/3190/3190
f 3274/3274/3274 3232/3232/3232 3233/3233/3233
f 3191/3191/3191 3190/3190/3190 3147/3147/3147
f 3191/3191/3191 3147/3147/3147 3148/3148/3148
f 3192/3192/3192 3191/3191/3191 3148/3148/3148
f 3148/3148/3148 3147/3147/3147 3103/3103/3103
f 3431/3431/3431 6372/6372/6372 6373/6373/6373
f 6373/6373/6373 6374/6374/6374 3431/3431/3431
f 3431/3431/3431 6374/6374/6374 3432/3432/3432
f 3432/3432/3432 6374/6374/6374 6375/6375/6375
f 3432/3432/3432 6375/6375/6375 6376/6376/6376
f 3432/3432/3432 6376/6376/6376 6377/6377/6377
f 3432/3432/3432 6377/6377/6377 6378/6378/6378
f 3432/3432/3432 6378/6378/6378 6379/6379/6379
f 3432/3432/3432 6379/6379/6379 6380/6380/6380
f 6381/6381/6381 3432/3432/3432 6380/6380/6380
f 3470/3470/3470 6391/6391/6391 6392/6392/6392
f 3470/3470/3470 6392/6392/6392 6393/6393/6393
f 3470/3470/3470 6393/6393/6393 6394/6394/6394
f 3470/3470/3470 6394/6394/6394 6395/6395/6395
f 6395/6395/6395 6396/6396/6396 3470/3470/3470
f 3434/3434/3434 3470/3470/3470 6396/6396/6396
f 3434/3434/3434 3435/3435/3435 3470/3470/3470
f 3434/3434/3434 6398/6398/6398 3435/3435/3435
f 3434/3434/3434 6397/6397/6397 6398/6398/6398
f 6396/6396/6396 6397/6397/6397 3434/3434/3434
f 3435/3435/3435 6398/6398/6398 6399/6399/6399
f 3435/3435/3435 6399/6399/6399 6400/6400/6400
f 3435/3435/3435 6400/6400/6400 6401/6401/6401
f 3435/3435/3435 6401/6401/6401 6402/6402/6402
f 3435/3435/3435 6402/6402/6402 6403/6403/6403
f 3435/3435/3435 6403/6403/6403 6404/6404/6404
f 3435/3435/3435 6404/6404/6404 6405/6405/6405
f 3435/3435/3435 6405/6405/6405 6406/6406/6406
f 6406/6406/6406 3398/3398/3398 3435/3435/3435
f 6406/6406/6406 6407/6407/6407 3398/3398/3398
f 6407/6407/6407 6408/6408/6408 3398/3398/3398
f 6408/6408/6408 6409/6409/6409 3398/3398/3398
f 6409/6409/6409 6410/6410/6410 3398/3398/3398
f 3398/3398/3398 6410/6410/6410 6411/6411/6411
f 3398/3398/3398 6411/6411/6411 6412/6412/6412
f 6412/6412/6412 6413/6413/6413 3398/3398/3398
f 6413/6413/6413 6414/6414/6414 3398/3398/3398
f 6414/6414/6414 6415/6415/6415 3398/3398/3398
f 3398/3398/3398 6415/6415/6415 3399/3399/3399
f 3398/3398/3398 3399/3399/3399 3435/3435/3435
f 3436/3436/3436 3435/3435/3435 3399/3399/3399
f 3435/3435/3435 3436/3436/3436 5757/5757/5757
f 5758/5758/5758 3435/3435/3435 5757/5757/5757
f 3471/3471/3471 3435/3435/3435 5758/5758/5758
f 3470/3470/3470 3435/3435/3435 3471/3471/3471
f 5760/5760/5760 3470/3470/3470 3471/3471/3471
f 5761/5761/5761 3470/3470/3470 5760/5760/5760
f 3505/3505/3505 3470/3470/3470 5761/5761/5761
f 5762/5762/5762 3505/3505/3505 5761/5761/5761
f 5763/5763/5763 3505/3505/3505 5762/5762/5762
f 5764/5764/5764 3505/3505/3505 5763/5763/5763
f 5760/5760/5760 3471/3471/3471 5759/5759/5759
f 5759/5759/5759 3471/3471/3471 5758/5758/5758
f 5757/5757/5757 3436/3436/3436 5756/5756/5756
f 5756/5756/5756 3436/3436/3436 5755/5755/5755
f 3436/3436/3436 3399/3399/3399 5755/5755/5755
f 5755/5755/5755 3399/3399/3399 5754/5754/5754
f 5754/5754/5754 3399/3399/3399 5753/5753/5753
f 3399/3399/3399 3400/3400/3400 5753/5753/5753
f 3399/3399/3399 3362/3362/3362 3400/3400/3400
f 3400/3400/3400 3362/3362/3362 5751/5751/5751
f 5752/5752/5752 3400/3400/3400 5751/5751/5751
f 5753/5753/5753 3400/3400/3400 5752/5752/5752
f 5751/5751/5751 3362/3362/3362 5750/5750/5750
f 5750/5750/5750 3362/3362/3362 5749/5749/5749
f 5748/5748/5748 5749/5749/5749 3362/3362/3362
f 3323/3323/3323 5748/5748/5748 3362/3362/3362
f 5748/5748/5748 3323/3323/3323 5747/5747/5747
f 5747/5747/5747 3323/3323/3323 5746/5746/5746
f 5746/5746/5746 3323/3323/3323 5745/5745/5745
f 3399/3399/3399 6415/6415/6415 6416/6416/6416
f 5788/5788/5788 5789/5789/5789 3671/3671/3671
f 3707/3707/3707 3671/3671/3671 5789/5789/5789
f 5790/5790/5790 3707/3707/3707 5789/5789/5789
f 5791/5791/5791 3707/3707/3707 5790/5790/5790
f 3707/3707/3707 5791/5791/5791 5792/5792/5792
f 4354/4354/4354 4307/4307/4307 4308/4308/4308
f 5871/5871/5871 5872/5872/5872 4671/4671/4671
f 5393/5393/5393 5392/5392/5392 5363/5363/5363
f 5421/5421/5421 5392/5392/5392 5393/5393/5393
f 5479/5479/5479 5478/5478/5478 5454/5454/5454
f 5479/5479/5479 5454/5454/5454 5455/5455/5455
f 5960/5960/5960 5961/5961/5961 5456/5456/5456
f 5456/5456/5456 5961/5961/5961 5962/5962/5962
f 5456/5456/5456 5962/5962/5962 5963/5963/5963
f 5456/5456/5456 5963/5963/5963 5457/5457/5457
f 5457/5457/5457 5963/5963/5963 5964/5964/5964
f 5457/5457/5457 5964/5964/5964 5965/5965/5965
f 5463/5463/5463 5978/5978/5978 5979/5979/5979
f 5463/5463/5463 5979/5979/5979 5980/5980/5980
f 5463/5463/5463 5980/5980/5980 5464/5464/5464
f 5464/5464/5464 5980/5980/5980 5981/5981/5981
f 5464/5464/5464 5981/5981/5981 5982/5982/5982
f 5464/5464/5464 5982/5982/5982 5465/5465/5465
f 5465/5465/5465 5982/5982/5982 5983/5983/5983
f 5465/5465/5465 5983/5983/5983 5438/5438/5438
f 5438/5438/5438 5984/5984/5984 5465/5465/5465
f 5983/5983/5983 5984/5984/5984 5438/5438/5438
f 5984/5984/5984 5985/5985/5985 5465/5465/5465
f 5465/5465/5465 5985/5985/5985 5466/5466/5466
f 5985/5985/5985 5439/5439/5439 5466/5466/5466
f 5439/5439/5439 5985/5985/5985 5986/5986/5986
f 5439/5439/5439 5986/5986/5986 5987/5987/5987
f 5440/5440/5440 5439/5439/5439 5987/5987/5987
f 5466/5466/5466 5439/5439/5439 5440/5440/5440
f 5467/5467/5467 5466/5466/5466 5440/5440/5440
f 5467/5467/5467 5440/5440/5440 5441/5441/5441
f 5441/5441/5441 5440/5440/5440 5412/5412/5412
f 5441/5441/5441 5412/5412/5412 5413/5413/5413
f 5442/5442/5442 5441/5441/5441 5413/5413/5413
f 5442/5442/5442 5413/5413/5413 5414/5414/5414
f 5443/5443/5443 5442/5442/5442 5414/5414/5414
f 5443/5443/5443 5414/5414/5414 5415/5415/5415
f 5415/5415/5415 5414/5414/5414 5385/5385/5385
f 5415/5415/5415 5385/5385/5385 5386/5386/5386
f 5416/5416/5416 5415/5415/5415 5386/5386/5386
f 5416/5416/5416 5386/5386/5386 5387/5387/5387
f 5417/5417/5417 5416/5416/5416 5387/5387/5387
f 5417/5417/5417 5387/5387/5387 5388/5388/5388
f 5417/5417/5417 5388/5388/5388 5418/5418/5418
f 5417/5417/5417 5418/5418/5418 1410/1410/1410
f 1409/1409/1409 5417/5417/5417 1410/1410/1410
f 5446/5446/5446 5417/5417/5417 1409/1409/1409
f 1408/1408/1408 5446/5446/5446 1409/1409/1409
f 1410/1410/1410 5418/5418/5418 1411/1411/1411
f 1411/1411/1411 5418/5418/5418 1412/1412/1412
f 5418/5418/5418 5388/5388/5388 1412/1412/1412
f 5388/5388/5388 5389/5389/5389 1412/1412/1412
f 5388/5388/5388 5358/5358/5358 5389/5389/5389
f 5388/5388/5388 5357/5357/5357 5358/5358/5358
f 5388/5388/5388 5387/5387/5387 5357/5357/5357
f 5387/5387/5387 5356/5356/5356 5357/5357/5357
f 5387/5387/5387 5386/5386/5386 5356/5356/5356
f 5386/5386/5386 5355/5355/5355 5356/5356/5356
f 5386/5386/5386 5385/5385/5385 5355/5355/5355
f 5385/5385/5385 5354/5354/5354 5355/5355/5355
f 5385/5385/5385 5384/5384/5384 5354/5354/5354
f 5414/5414/5414 5384/5384/5384 5385/5385/5385
f 5414/5414/5414 5413/5413/5413 5384/5384/5384
f 5413/5413/5413 5383/5383/5383 5384/5384/5384
f 5383/5383/5383 5413/5413/5413 5993/5993/5993
f 5383/5383/5383 5993/5993/5993 5994/5994/5994
f 5383/5383/5383 5994/5994/5994 5995/5995/5995
f 5383/5383/5383 5995/5995/5995 5996/5996/5996
f 5384/5384/5384 5383/5383/5383 5996/5996/5996
f 5996/5996/5996 5997/5997/5997 5384/5384/5384
f 5997/5997/5997 5353/5353/5353 5384/5384/5384
f 5353/5353/5353 5997/5997/5997 5998/5998/5998
f 5353/5353/5353 5998/5998/5998 5999/5999/5999
f 5353/5353/5353 5999/5999/5999 5354/5354/5354
f 5384/5384/5384 5353/5353/5353 5354/5354/5354
f 5999/5999/5999 6000/6000/6000 5354/5354/5354
f 5354/5354/5354 6000/6000/6000 5322/5322/5322
f 5354/5354/5354 5322/5322/5322 5323/5323/5323
f 5355/5355/5355 5354/5354/5354 5323/5323/5323
f 5355/5355/5355 5323/5323/5323 5324/5324/5324
f 5356/5356/5356 5355/5355/5355 5324/5324/5324
f 5356/5356/5356 5324/5324/5324 5325/5325/5325
f 5357/5357/5357 5356/5356/5356 5325/5325/5325
f 5357/5357/5357 5325/5325/5325 5326/5326/5326
f 5358/5358/5358 5357/5357/5357 5326/5326/5326
f 5358/5358/5358 5326/5326/5326 5327/5327/5327
f 5359/5359/5359 5358/5358/5358 5327/5327/5327
f 1414/1414/1414 5358/5358/5358 5359/5359/5359
f 5389/5389/5389 5358/5358/5358 1414/1414/1414
f 1413/1413/1413 5389/5389/5389 1414/1414/1414
f 1412/1412/1412 5389/5389/5389 1413/1413/1413
f 1414/1414/1414 5359/5359/5359 1415/1415/1415
f 1415/1415/1415 5359/5359/5359 1416/1416/1416
f 5359/5359/5359 5327/5327/5327 1416/1416/1416
f 1416/1416/1416 5327/5327/5327 5328/5328/5328
f 1416/1416/1416 5328/5328/5328 1417/1417/1417
f 1417/1417/1417 5328/5328/5328 1418/1418/1418
f 5328/5328/5328 5295/5295/5295 1418/1418/1418
f 5328/5328/5328 5327/5327/5327 5295/5295/5295
f 5327/5327/5327 5294/5294/5294 5295/5295/5295
f 5327/5327/5327 5326/5326/5326 5294/5294/5294
f 5326/5326/5326 5293/5293/5293 5294/5294/5294
f 5326/5326/5326 5325/5325/5325 5293/5293/5293
f 5325/5325/5325 5292/5292/5292 5293/5293/5293
f 5325/5325/5325 5324/5324/5324 5292/5292/5292
f 5324/5324/5324 5291/5291/5291 5292/5292/5292
f 5324/5324/5324 5323/5323/5323 5291/5291/5291
f 5323/5323/5323 5290/5290/5290 5291/5291/5291
f 5323/5323/5323 6003/6003/6003 5290/5290/5290
f 5323/5323/5323 5322/5322/5322 6003/6003/6003
f 5322/5322/5322 6002/6002/6002 6003/6003/6003
f 5322/5322/5322 6001/6001/6001 6002/6002/6002
f 6000/6000/6000 6001/6001/6001 5322/5322/5322
f 6003/6003/6003 6004/6004/6004 5290/5290/5290
f 5290/5290/5290 6004/6004/6004 6005/6005/6005
f 5290/5290/5290 6005/6005/6005 6006/6006/6006
f 5290/5290/5290 6006/6006/6006 6007/6007/6007
f 5291/5291/5291 5290/5290/5290 6007/6007/6007
f 5291/5291/5291 6007/6007/6007 5257/5257/5257
f 5291/5291/5291 5257/5257/5257 5258/5258/5258
f 5292/5292/5292 5291/5291/5291 5258/5258/5258
f 5292/5292/5292 5258/5258/5258 5259/5259/5259
f 5293/5293/5293 5292/5292/5292 5259/5259/5259
f 5293/5293/5293 5259/5259/5259 5260/5260/5260
f 5294/5294/5294 5293/5293/5293 5260/5260/5260
f 5294/5294/5294 5260/5260/5260 5261/5261/5261
f 5295/5295/5295 5294/5294/5294 5261/5261/5261
f 5295/5295/5295 5261/5261/5261 5262/5262/5262
f 5296/5296/5296 5295/5295/5295 5262/5262/5262
f 1418/1418/1418 5295/5295/5295 5296/5296/5296
f 1418/1418/1418 5296/5296/5296 1419/1419/1419
f 1419/1419/1419 5296/5296/5296 1420/1420/1420
f 5296/5296/5296 5262/5262/5262 1420/1420/1420
f 5262/5262/5262 5263/5263/5263 1420/1420/1420
f 5263/5263/5263 5262/5262/5262 5227/5227/5227
f 5263/5263/5263 5227/5227/5227 5228/5228/5228
f 5263/5263/5263 5228/5228/5228 1423/1423/1423
f 5263/5263/5263 1423/1423/1423 1422/1422/1422
f 1421/1421/1421 5263/5263/5263 1422/1422/1422
f 1420/1420/1420 5263/5263/5263 1421/1421/1421
f 1423/1423/1423 5228/5228/5228 1424/1424/1424
f 5228/5228/5228 5229/5229/5229 1424/1424/1424
f 5228/5228/5228 5193/5193/5193 5229/5229/5229
f 5228/5228/5228 5192/5192/5192 5193/5193/5193
f 5228/5228/5228 5227/5227/5227 5192/5192/5192
f 5227/5227/5227 5191/5191/5191 5192/5192/5192
f 5227/5227/5227 5226/5226/5226 5191/5191/5191
f 5262/5262/5262 5226/5226/5226 5227/5227/5227
f 5262/5262/5262 5261/5261/5261 5226/5226/5226
f 5261/5261/5261 5225/5225/5225 5226/5226/5226
f 5261/5261/5261 5260/5260/5260 5225/5225/5225
f 5260/5260/5260 5224/5224/5224 5225/5225/5225
f 5260/5260/5260 5259/5259/5259 5224/5224/5224
f 5259/5259/5259 5223/5223/5223 5224/5224/5224
f 5259/5259/5259 5258/5258/5258 5223/5223/5223
f 5258/5258/5258 5222/5222/5222 5223/5223/5223
f 5258/5258/5258 6010/6010/6010 5222/5222/5222
f 5258/5258/5258 5257/5257/5257 6010/6010/6010
f 5257/5257/5257 6009/6009/6009 6010/6010/6010
f 5257/5257/5257 6008/6008/6008 6009/6009/6009
f 6007/6007/6007 6008/6008/6008 5257/5257/5257
f 6010/6010/6010 6011/6011/6011 5222/5222/5222
f 5222/5222/5222 6011/6011/6011 6012/6012/6012
f 5222/5222/5222 6012/6012/6012 6013/6013/6013
f 6013/6013/6013 5186/5186/5186 5222/5222/5222
f 6014/6014/6014 5186/5186/5186 6013/6013/6013
f 5187/5187/5187 5186/5186/5186 6014/6014/6014
f 5186/5186/5186 5187/5187/5187 5222/5222/5222
f 5223/5223/5223 5222/5222/5222 5187/5187/5187
f 5223/5223/5223 5187/5187/5187 5188/5188/5188
f 5224/5224/5224 5223/5223/5223 5188/5188/5188
f 5224/5224/5224 5188/5188/5188 5189/5189/5189
f 5225/5225/5225 5224/5224/5224 5189/5189/5189
f 5225/5225/5225 5189/5189/5189 5190/5190/5190
f 5226/5226/5226 5225/5225/5225 5190/5190/5190
f 5226/5226/5226 5190/5190/5190 5191/5191/5191
f 5191/5191/5191 5190/5190/5190 5154/5154/5154
f 5191/5191/5191 5154/5154/5154 5155/5155/5155
f 5192/5192/5192 5191/5191/5191 5155/5155/5155
f 5192/5192/5192 5155/5155/5155 5156/5156/5156
f 5193/5193/5193 5192/5192/5192 5156/5156/5156
f 5193/5193/5193 5156/5156/5156 5157/5157/5157
f 5193/5193/5193 5157/5157/5157 5194/5194/5194
f 5193/5193/5193 5194/5194/5194 1426/1426/1426
f 1425/1425/1425 5193/5193/5193 1426/1426/1426
f 5229/5229/5229 5193/5193/5193 1425/1425/1425
f 1424/1424/1424 5229/5229/5229 1425/1425/1425
f 1426/1426/1426 5194/5194/5194 1427/1427/1427
f 1427/1427/1427 5194/5194/5194 1428/1428/1428
f 5194/5194/5194 5157/5157/5157 1428/1428/1428
f 5157/5157/5157 5158/5158/5158 1428/1428/1428
f 5157/5157/5157 5121/5121/5121 5158/5158/5158
f 5157/5157/5157 5120/5120/5120 5121/5121/5121
f 5157/5157/5157 5156/5156/5156 5120/5120/5120
f 5156/5156/5156 5119/5119/5119 5120/5120/5120
f 5156/5156/5156 5155/5155/5155 5119/5119/5119
f 5155/5155/5155 5118/5118/5118 5119/5119/5119
f 5155/5155/5155 5154/5154/5154 5118/5118/5118
f 5154/5154/5154 5117/5117/5117 5118/5118/5118
f 5154/5154/5154 5153/5153/5153 5117/5117/5117
f 5190/5190/5190 5153/5153/5153 5154/5154/5154
f 5190/5190/5190 5189/5189/5189 5153/5153/5153
f 5189/5189/5189 5152/5152/5152 5153/5153/5153
f 5189/5189/5189 5188/5188/5188 5152/5152/5152
f 5188/5188/5188 5151/5151/5151 5152/5152/5152
f 5151/5151/5151 5188/5188/5188 6018/6018/6018
f 5151/5151/5151 6018/6018/6018 6019/6019/6019
f 5151/5151/5151 6019/6019/6019 6020/6020/6020
f 5151/5151/5151 6020/6020/6020 6021/6021/6021
f 5152/5152/5152 5151/5151/5151 6021/6021/6021
f 5152/5152/5152 6021/6021/6021 5115/5115/5115
f 5152/5152/5152 5115/5115/5115 5116/5116/5116
f 5153/5153/5153 5152/5152/5152 5116/5116/5116
f 5153/5153/5153 5116/5116/5116 5117/5117/5117
f 5117/5117/5117 5116/5116/5116 5080/5080/5080
f 5117/5117/5117 5080/5080/5080 5081/5081/5081
f 5118/5118/5118 5117/5117/5117 5081/5081/5081
f 5118/5118/5118 5081/5081/5081 5082/5082/5082
f 5119/5119/5119 5118/5118/5118 5082/5082/5082
f 5119/5119/5119 5082/5082/5082 5083/5083/5083
f 5120/5120/5120 5119/5119/5119 5083/5083/5083
f 5120/5120/5120 5083/5083/5083 5084/5084/5084
f 5121/5121/5121 5120/5120/5120 5084/5084/5084
f 5121/5121/5121 5084/5084/5084 5085/5085/5085
f 5122/5122/5122 5121/5121/5121 5085/5085/5085
f 1430/1430/1430 5121/5121/5121 5122/5122/5122
f 5158/5158/5158 5121/5121/5121 1430/1430/1430
f 1429/1429/1429 5158/5158/5158 1430/1430/1430
f 1428/1428/1428 5158/5158/5158 1429/1429/1429
f 1430/1430/1430 5122/5122/5122 1431/1431/1431
f 1431/1431/1431 5122/5122/5122 1432/1432/1432
f 5122/5122/5122 5085/5085/5085 1432/1432/1432
f 1432/1432/1432 5085/5085/5085 5086/5086/5086
f 1432/1432/1432 5086/5086/5086 1433/1433/1433
f 1433/1433/1433 5086/5086/5086 1434/1434/1434
f 5086/5086/5086 5049/5049/5049 1434/1434/1434
f 5086/5086/5086 5085/5085/5085 5049/5049/5049
f 5085/5085/5085 5048/5048/5048 5049/5049/5049
f 5085/5085/5085 5084/5084/5084 5048/5048/5048
f 5084/5084/5084 5047/5047/5047 5048/5048/5048
f 5084/5084/5084 5083/5083/5083 5047/5047/5047
f 5083/5083/5083 5046/5046/5046 5047/5047/5047
f 5083/5083/5083 5082/5082/5082 5046/5046/5046
f 5082/5082/5082 5045/5045/5045 5046/5046/5046
f 5082/5082/5082 5081/5081/5081 5045/5045/5045
f 5081/5081/5081 5044/5044/5044 5045/5045/5045
f 5081/5081/5081 5080/5080/5080 5044/5044/5044
f 5080/5080/5080 5043/5043/5043 5044/5044/5044
f 5080/5080/5080 6029/6029/6029 5043/5043/5043
f 5080/5080/5080 6028/6028/6028 6029/6029/6029
f 5080/5080/5080 5079/5079/5079 6028/6028/6028
f 5116/5116/5116 5079/5079/5079 5080/5080/5080
f 5116/5116/5116 6025/6025/6025 5079/5079/5079
f 5116/5116/5116 6024/6024/6024 6025/6025/6025
f 5116/5116/5116 5115/5115/5115 6024/6024/6024
f 5115/5115/5115 6023/6023/6023 6024/6024/6024
f 5115/5115/5115 6022/6022/6022 6023/6023/6023
f 6021/6021/6021 6022/6022/6022 5115/5115/5115
f 6025/6025/6025 6026/6026/6026 5079/5079/5079
f 5079/5079/5079 6026/6026/6026 6027/6027/6027
f 5079/5079/5079 6027/6027/6027 6028/6028/6028
f 6029/6029/6029 6030/6030/6030 5043/5043/5043
f 5043/5043/5043 6030/6030/6030 6031/6031/6031
f 5044/5044/5044 5043/5043/5043 6031/6031/6031
f 5044/5044/5044 6031/6031/6031 6032/6032/6032
f 5044/5044/5044 6032/6032/6032 6033/6033/6033
f 6033/6033/6033 5007/5007/5007 5044/5044/5044
f 6033/6033/6033 6034/6034/6034 5007/5007/5007
f 5008/5008/5008 5007/5007/5007 6034/6034/6034
f 5007/5007/5007 5008/5008/5008 5044/5044/5044
f 5045/5045/5045 5044/5044/5044 5008/5008/5008
f 5045/5045/5045 5008/5008/5008 5009/5009/5009
f 5046/5046/5046 5045/5045/5045 5009/5009/5009
f 5046/5046/5046 5009/5009/5009 5010/5010/5010
f 5047/5047/5047 5046/5046/5046 5010/5010/5010
f 5047/5047/5047 5010/5010/5010 5011/5011/5011
f 5048/5048/5048 5047/5047/5047 5011/5011/5011
f 5048/5048/5048 5011/5011/5011 5012/5012/5012
f 5049/5049/5049 5048/5048/5048 5012/5012/5012
f 5049/5049/5049 5012/5012/5012 5013/5013/5013
f 5050/5050/5050 5049/5049/5049 5013/5013/5013
f 1434/1434/1434 5049/5049/5049 5050/5050/5050
f 1434/1434/1434 5050/5050/5050 1435/1435/1435
f 1435/1435/1435 5050/5050/5050 1436/1436/1436
f 5050/5050/5050 5013/5013/5013 1436/1436/1436
f 5013/5013/5013 5014/5014/5014 1436/1436/1436
f 5014/5014/5014 5013/5013/5013 4975/4975/4975
f 5014/5014/5014 4975/4975/4975 4976/4976/4976
f 1438/1438/1438 5014/5014/5014 4976/4976/4976
f 1437/1437/1437 5014/5014/5014 1438/1438/1438
f 1436/1436/1436 5014/5014/5014 1437/1437/1437
f 1438/1438/1438 4976/4976/4976 1439/1439/1439
f 1439/1439/1439 4976/4976/4976 1440/1440/1440
f 4976/4976/4976 4977/4977/4977 1440/1440/1440
f 4976/4976/4976 4938/4938/4938 4977/4977/4977
f 4976/4976/4976 4937/4937/4937 4938/4938/4938
f 4976/4976/4976 4975/4975/4975 4937/4937/4937
f 4975/4975/4975 4936/4936/4936 4937/4937/4937
f 4975/4975/4975 4974/4974/4974 4936/4936/4936
f 5013/5013/5013 4974/4974/4974 4975/4975/4975
f 5013/5013/5013 5012/5012/5012 4974/4974/4974
f 5012/5012/5012 4973/4973/4973 4974/4974/4974
f 5012/5012/5012 5011/5011/5011 4973/4973/4973
f 5011/5011/5011 4972/4972/4972 4973/4973/4973
f 5011/5011/5011 5010/5010/5010 4972/4972/4972
f 5010/5010/5010 4971/4971/4971 4972/4972/4972
f 5010/5010/5010 5009/5009/5009 4971/4971/4971
f 5009/5009/5009 4970/4970/4970 4971/4971/4971
f 6037/6037/6037 4970/4970/4970 5009/5009/5009
f 6037/6037/6037 6038/6038/6038 4970/4970/4970
f 4970/4970/4970 6038/6038/6038 6039/6039/6039
f 4970/4970/4970 6039/6039/6039 6040/6040/6040
f 6040/6040/6040 6041/6041/6041 4970/4970/4970
f 4970/4970/4970 6041/6041/6041 4971/4971/4971
f 4932/4932/4932 4971/4971/4971 6041/6041/6041
f 4971/4971/4971 4932/4932/4932 4933/4933/4933
f 4972/4972/4972 4971/4971/4971 4933/4933/4933
f 4972/4972/4972 4933/4933/4933 4934/4934/4934
f 4973/4973/4973 4972/4972/4972 4934/4934/4934
f 4973/4973/4973 4934/4934/4934 4935/4935/4935
f 4974/4974/4974 4973/4973/4973 4935/4935/4935
f 4974/4974/4974 4935/4935/4935 4936/4936/4936
f 4936/4936/4936 4935/4935/4935 4897/4897/4897
f 4936/4936/4936 4897/4897/4897 4898/4898/4898
f 4937/4937/4937 4936/4936/4936 4898/4898/4898
f 4937/4937/4937 4898/4898/4898 4899/4899/4899
f 4938/4938/4938 4937/4937/4937 4899/4899/4899
f 4938/4938/4938 4899/4899/4899 4900/4900/4900
f 4938/4938/4938 4900/4900/4900 4939/4939/4939
f 4938/4938/4938 4939/4939/4939 1442/1442/1442
f 1441/1441/1441 4938/4938/4938 1442/1442/1442
f 4977/4977/4977 4938/4938/4938 1441/1441/1441
f 1440/1440/1440 4977/4977/4977 1441/1441/1441
f 1442/1442/1442 4939/4939/4939 1443/1443/1443
f 1443/1443/1443 4939/4939/4939 1444/1444/1444
f 4939/4939/4939 4900/4900/4900 1444/1444/1444
f 4900/4900/4900 4901/4901/4901 1444/1444/1444
f 4900/4900/4900 4861/4861/4861 4901/4901/4901
f 4900/4900/4900 4860/4860/4860 4861/4861/4861
f 4900/4900/4900 4899/4899/4899 4860/4860/4860
f 4899/4899/4899 4859/4859/4859 4860/4860/4860
f 4899/4899/4899 4898/4898/4898 4859/4859/4859
f 4898/4898/4898 4858/4858/4858 4859/4859/4859
f 4898/4898/4898 4897/4897/4897 4858/4858/4858
f 4897/4897/4897 4857/4857/4857 4858/4858/4858
f 4897/4897/4897 4896/4896/4896 4857/4857/4857
f 4935/4935/4935 4896/4896/4896 4897/4897/4897
f 4935/4935/4935 4934/4934/4934 4896/4896/4896
f 4934/4934/4934 4895/4895/4895 4896/4896/4896
f 4934/4934/4934 4933/4933/4933 4895/4895/4895
f 4933/4933/4933 4894/4894/4894 4895/4895/4895
f 4933/4933/4933 6044/6044/6044 4894/4894/4894
f 4933/4933/4933 4932/4932/4932 6044/6044/6044
f 4932/4932/4932 6043/6043/6043 6044/6044/6044
f 4932/4932/4932 6042/6042/6042 6043/6043/6043
f 4932/4932/4932 6041/6041/6041 6042/6042/6042
f 6044/6044/6044 6045/6045/6045 4894/4894/4894
f 4894/4894/4894 6045/6045/6045 6046/6046/6046
f 4894/4894/4894 6046/6046/6046 6047/6047/6047
f 4894/4894/4894 6047/6047/6047 4895/4895/4895
f 6047/6047/6047 6048/6048/6048 4895/4895/4895
f 4895/4895/4895 6048/6048/6048 4855/4855/4855
f 4895/4895/4895 4855/4855/4855 4856/4856/4856
f 4896/4896/4896 4895/4895/4895 4856/4856/4856
f 4896/4896/4896 4856/4856/4856 4857/4857/4857
f 4857/4857/4857 4856/4856/4856 4817/4817/4817
f 4857/4857/4857 4817/4817/4817 4818/4818/4818
f 4858/4858/4858 4857/4857/4857 4818/4818/4818
f 4858/4858/4858 4818/4818/4818 4819/4819/4819
f 4859/4859/4859 4858/4858/4858 4819/4819/4819
f 4859/4859/4859 4819/4819/4819 4820/4820/4820
f 4860/4860/4860 4859/4859/4859 4820/4820/4820
f 4860/4860/4860 4820/4820/4820 4821/4821/4821
f 4861/4861/4861 4860/4860/4860 4821/4821/4821
f 4861/4861/4861 4821/4821/4821 4822/4822/4822
f 4862/4862/4862 4861/4861/4861 4822/4822/4822
f 1446/1446/1446 4861/4861/4861 4862/4862/4862
f 4901/4901/4901 4861/4861/4861 1446/1446/1446
f 1445/1445/1445 4901/4901/4901 1446/1446/1446
f 1444/1444/1444 4901/4901/4901 1445/1445/1445
f 1446/1446/1446 4862/4862/4862 1447/1447/1447
f 1447/1447/1447 4862/4862/4862 1448/1448/1448
f 4862/4862/4862 4822/4822/4822 1448/1448/1448
f 4822/4822/4822 4823/4823/4823 1448/1448/1448
f 4823/4823/4823 4822/4822/4822 4781/4781/4781
f 4823/4823/4823 4781/4781/4781 4782/4782/4782
f 1450/1450/1450 4823/4823/4823 4782/4782/4782
f 1449/1449/1449 4823/4823/4823 1450/1450/1450
f 1448/1448/1448 4823/4823/4823 1449/1449/1449
f 1450/1450/1450 4782/4782/4782 1451/1451/1451
f 1451/1451/1451 4782/4782/4782 1452/1452/1452
f 4782/4782/4782 4783/4783/4783 1452/1452/1452
f 4782/4782/4782 4741/4741/4741 4783/4783/4783
f 4782/4782/4782 4740/4740/4740 4741/4741/4741
f 4782/4782/4782 4781/4781/4781 4740/4740/4740
f 4781/4781/4781 4739/4739/4739 4740/4740/4740
f 4781/4781/4781 4780/4780/4780 4739/4739/4739
f 4822/4822/4822 4780/4780/4780 4781/4781/4781
f 4822/4822/4822 4821/4821/4821 4780/4780/4780
f 4821/4821/4821 4779/4779/4779 4780/4780/4780
f 4821/4821/4821 4820/4820/4820 4779/4779/4779
f 4820/4820/4820 4778/4778/4778 4779/4779/4779
f 4820/4820/4820 4819/4819/4819 4778/4778/4778
f 4819/4819/4819 4777/4777/4777 4778/4778/4778
f 4819/4819/4819 4818/4818/4818 4777/4777/4777
f 4818/4818/4818 4776/4776/4776 4777/4777/4777
f 4818/4818/4818 6057/6057/6057 4776/4776/4776
f 4818/4818/4818 4817/4817/4817 6057/6057/6057
f 4817/4817/4817 6056/6056/6056 6057/6057/6057
f 4817/4817/4817 6055/6055/6055 6056/6056/6056
f 4817/4817/4817 6054/6054/6054 6055/6055/6055
f 4817/4817/4817 4816/4816/4816 6054/6054/6054
f 4856/4856/4856 4816/4816/4816 4817/4817/4817
f 4856/4856/4856 6052/6052/6052 4816/4816/4816
f 4856/4856/4856 6051/6051/6051 6052/6052/6052
f 4856/4856/4856 4855/4855/4855 6051/6051/6051
f 4855/4855/4855 6050/6050/6050 6051/6051/6051
f 4855/4855/4855 6049/6049/6049 6050/6050/6050
f 6048/6048/6048 6049/6049/6049 4855/4855/4855
f 6052/6052/6052 6053/6053/6053 4816/4816/4816
f 4816/4816/4816 6053/6053/6053 6054/6054/6054
f 6057/6057/6057 6058/6058/6058 4776/4776/4776
f 4776/4776/4776 6058/6058/6058 6059/6059/6059
f 4776/4776/4776 6059/6059/6059 6060/6060/6060
f 4777/4777/4777 4776/4776/4776 6060/6060/6060
f 4777/4777/4777 6060/6060/6060 6061/6061/6061
f 4777/4777/4777 6061/6061/6061 6062/6062/6062
f 6062/6062/6062 4735/4735/4735 4777/4777/4777
f 6062/6062/6062 6063/6063/6063 4735/4735/4735
f 4736/4736/4736 4735/4735/4735 6063/6063/6063
f 4735/4735/4735 4736/4736/4736 4777/4777/4777
f 4778/4778/4778 4777/4777/4777 4736/4736/4736
f 4778/4778/4778 4736/4736/4736 4737/4737/4737
f 4779/4779/4779 4778/4778/4778 4737/4737/4737
f 4779/4779/4779 4737/4737/4737 4738/4738/4738
f 4780/4780/4780 4779/4779/4779 4738/4738/4738
f 4780/4780/4780 4738/4738/4738 4739/4739/4739
f 4739/4739/4739 4738/4738/4738 4696/4696/4696
f 4739/4739/4739 4696/4696/4696 4697/4697/4697
f 4740/4740/4740 4739/4739/4739 4697/4697/4697
f 4740/4740/4740 4697/4697/4697 4698/4698/4698
f 4741/4741/4741 4740/4740/4740 4698/4698/4698
f 4741/4741/4741 4698/4698/4698 4699/4699/4699
f 4741/4741/4741 4699/4699/4699 4742/4742/4742
f 4741/4741/4741 4742/4742/4742 1454/1454/1454
f 1453/1453/1453 4741/4741/4741 1454/1454/1454
f 4783/4783/4783 4741/4741/4741 1453/1453/1453
f 1452/1452/1452 4783/4783/4783 1453/1453/1453
f 1454/1454/1454 4742/4742/4742 1455/1455/1455
f 4742/4742/4742 4699/4699/4699 1455/1455/1455
f 1455/1455/1455 4699/4699/4699 1456/1456/1456
f 4699/4699/4699 4700/4700/4700 1456/1456/1456
f 4699/4699/4699 4656/4656/4656 4700/4700/4700
f 4699/4699/4699 4655/4655/4655 4656/4656/4656
f 4699/4699/4699 4698/4698/4698 4655/4655/4655
f 4698/4698/4698 4654/4654/4654 4655/4655/4655
f 4698/4698/4698 4697/4697/4697 4654/4654/4654
f 4697/4697/4697 4653/4653/4653 4654/4654/4654
f 4697/4697/4697 4696/4696/4696 4653/4653/4653
f 4696/4696/4696 4652/4652/4652 4653/4653/4653
f 4696/4696/4696 4695/4695/4695 4652/4652/4652
f 4738/4738/4738 4695/4695/4695 4696/4696/4696
f 4738/4738/4738 4737/4737/4737 4695/4695/4695
f 4737/4737/4737 4694/4694/4694 4695/4695/4695
f 4737/4737/4737 6066/6066/6066 4694/4694/4694
f 4737/4737/4737 4736/4736/4736 6066/6066/6066
f 4736/4736/4736 6065/6065/6065 6066/6066/6066
f 4736/4736/4736 6064/6064/6064 6065/6065/6065
f 4736/4736/4736 6063/6063/6063 6064/6064/6064
f 6066/6066/6066 6067/6067/6067 4694/4694/4694
f 4694/4694/4694 6067/6067/6067 6068/6068/6068
f 4694/4694/4694 6068/6068/6068 6069/6069/6069
f 4695/4695/4695 4694/4694/4694 6069/6069/6069
f 4695/4695/4695 6069/6069/6069 6070/6070/6070
f 4695/4695/4695 6070/6070/6070 4651/4651/4651
f 4695/4695/4695 4651/4651/4651 4652/4652/4652
f 4652/4652/4652 4651/4651/4651 6072/6072/6072
f 4652/4652/4652 6072/6072/6072 6073/6073/6073
f 4652/4652/4652 6073/6073/6073 6074/6074/6074
f 4652/4652/4652 6074/6074/6074 4608/4608/4608
f 4652/4652/4652 4608/4608/4608 4609/4609/4609
f 4653/4653/4653 4652/4652/4652 4609/4609/4609
f 4653/4653/4653 4609/4609/4609 4610/4610/4610
f 4654/4654/4654 4653/4653/4653 4610/4610/4610
f 4654/4654/4654 4610/4610/4610 4611/4611/4611
f 4655/4655/4655 4654/4654/4654 4611/4611/4611
f 4655/4655/4655 4611/4611/4611 4612/4612/4612
f 4656/4656/4656 4655/4655/4655 4612/4612/4612
f 4656/4656/4656 4612/4612/4612 4613/4613/4613
f 4656/4656/4656 4613/4613/4613 4657/4657/4657
f 4656/4656/4656 4657/4657/4657 1458/1458/1458
f 1457/1457/1457 4656/4656/4656 1458/1458/1458
f 4700/4700/4700 4656/4656/4656 1457/1457/1457
f 1456/1456/1456 4700/4700/4700 1457/1457/1457
f 1458/1458/1458 4657/4657/4657 1459/1459/1459
f 4657/4657/4657 4613/4613/4613 1459/1459/1459
f 1459/1459/1459 4613/4613/4613 1460/1460/1460
f 4613/4613/4613 4614/4614/4614 1460/1460/1460
f 4613/4613/4613 4569/4569/4569 4614/4614/4614
f 4613/4613/4613 4568/4568/4568 4569/4569/4569
f 4613/4613/4613 4612/4612/4612 4568/4568/4568
f 4612/4612/4612 4567/4567/4567 4568/4568/4568
f 4612/4612/4612 4611/4611/4611 4567/4567/4567
f 4611/4611/4611 4566/4566/4566 4567/4567/4567
f 4611/4611/4611 4610/4610/4610 4566/4566/4566
f 4610/4610/4610 4565/4565/4565 4566/4566/4566
f 4610/4610/4610 4609/4609/4609 4565/4565/4565
f 4564/4564/4564 4565/4565/4565 4609/4609/4609
f 4565/4565/4565 4564/4564/4564 6079/6079/6079
f 4565/4565/4565 6079/6079/6079 6080/6080/6080
f 4565/4565/4565 6080/6080/6080 6081/6081/6081
f 6081/6081/6081 6082/6082/6082 4565/4565/4565
f 6082/6082/6082 4520/4520/4520 4565/4565/4565
f 4520/4520/4520 6082/6082/6082 6083/6083/6083
f 4520/4520/4520 6083/6083/6083 6084/6084/6084
f 4520/4520/4520 6084/6084/6084 6085/6085/6085
f 6085/6085/6085 4474/4474/4474 4520/4520/4520
f 6086/6086/6086 4474/4474/4474 6085/6085/6085
f 4475/4475/4475 4474/4474/4474 6086/6086/6086
f 4474/4474/4474 4475/4475/4475 4520/4520/4520
f 4521/4521/4521 4520/4520/4520 4475/4475/4475
f 4566/4566/4566 4520/4520/4520 4521/4521/4521
f 4566/4566/4566 4565/4565/4565 4520/4520/4520
f 4567/4567/4567 4566/4566/4566 4521/4521/4521
f 4567/4567/4567 4521/4521/4521 4522/4522/4522
f 4568/4568/4568 4567/4567/4567 4522/4522/4522
f 4568/4568/4568 4522/4522/4522 4523/4523/4523
f 4569/4569/4569 4568/4568/4568 4523/4523/4523
f 4569/4569/4569 4523/4523/4523 4524/4524/4524
f 4569/4569/4569 4524/4524/4524 4570/4570/4570
f 4569/4569/4569 4570/4570/4570 1462/1462/1462
f 4614/4614/4614 4569/4569/4569 1462/1462/1462
f 1461/1461/1461 4614/4614/4614 1462/1462/1462
f 1460/1460/1460 4614/4614/4614 1461/1461/1461
f 1462/1462/1462 4570/4570/4570 1463/1463/1463
f 1463/1463/1463 4570/4570/4570 1464/1464/1464
f 4570/4570/4570 4524/4524/4524 1464/1464/1464
f 1464/1464/1464 4524/4524/4524 1465/1465/1465
f 4524/4524/4524 4525/4525/4525 1465/1465/1465
f 4524/4524/4524 4479/4479/4479 4525/4525/4525
f 4524/4524/4524 4478/4478/4478 4479/4479/4479
f 4524/4524/4524 4523/4523/4523 4478/4478/4478
f 4523/4523/4523 4477/4477/4477 4478/4478/4478
f 4523/4523/4523 4522/4522/4522 4477/4477/4477
f 4522/4522/4522 4476/4476/4476 4477/4477/4477
f 4522/4522/4522 4521/4521/4521 4476/4476/4476
f 4521/4521/4521 4475/4475/4475 4476/4476/4476
f 4476/4476/4476 4475/4475/4475 4430/4430/4430
f 4476/4476/4476 4430/4430/4430 4431/4431/4431
f 4477/4477/4477 4476/4476/4476 4431/4431/4431
f 4477/4477/4477 4431/4431/4431 4432/4432/4432
f 4478/4478/4478 4477/4477/4477 4432/4432/4432
f 4478/4478/4478 4432/4432/4432 4433/4433/4433
f 4479/4479/4479 4478/4478/4478 4433/4433/4433
f 4479/4479/4479 4433/4433/4433 4434/4434/4434
f 4479/4479/4479 4434/4434/4434 4480/4480/4480
f 4479/4479/4479 4480/4480/4480 1467/1467/1467
f 1466/1466/1466 4479/4479/4479 1467/1467/1467
f 4525/4525/4525 4479/4479/4479 1466/1466/1466
f 1465/1465/1465 4525/4525/4525 1466/1466/1466
f 1467/1467/1467 4480/4480/4480 1468/1468/1468
f 4480/4480/4480 4434/4434/4434 1468/1468/1468
f 1468/1468/1468 4434/4434/4434 1469/1469/1469
f 4434/4434/4434 4435/4435/4435 1469/1469/1469
f 4434/4434/4434 4388/4388/4388 4435/4435/4435
f 4434/4434/4434 4387/4387/4387 4388/4388/4388
f 4434/4434/4434 4433/4433/4433 4387/4387/4387
f 4433/4433/4433 4386/4386/4386 4387/4387/4387
f 4433/4433/4433 4432/4432/4432 4386/4386/4386
f 4432/4432/4432 4385/4385/4385 4386/4386/4386
f 4432/4432/4432 4431/4431/4431 4385/4385/4385
f 4431/4431/4431 4384/4384/4384 4385/4385/4385
f 4431/4431/4431 4430/4430/4430 4384/4384/4384
f 4383/4383/4383 4384/4384/4384 4430/4430/4430
f 4384/4384/4384 4383/4383/4383 6093/6093/6093
f 4384/4384/4384 6093/6093/6093 6094/6094/6094
f 4384/4384/4384 6094/6094/6094 6095/6095/6095
f 6095/6095/6095 6096/6096/6096 4384/4384/4384
f 4384/4384/4384 6096/6096/6096 4385/4385/4385
f 4338/4338/4338 4385/4385/4385 6096/6096/6096
f 4385/4385/4385 4338/4338/4338 4339/4339/4339
f 4386/4386/4386 4385/4385/4385 4339/4339/4339
f 4386/4386/4386 4339/4339/4339 4340/4340/4340
f 4387/4387/4387 4386/4386/4386 4340/4340/4340
f 4387/4387/4387 4340/4340/4340 4341/4341/4341
f 4388/4388/4388 4387/4387/4387 4341/4341/4341
f 4388/4388/4388 4341/4341/4341 4342/4342/4342
f 4388/4388/4388 4342/4342/4342 4389/4389/4389
f 4388/4388/4388 4389/4389/4389 1471/1471/1471
f 1470/1470/1470 4388/4388/4388 1471/1471/1471
f 4435/4435/4435 4388/4388/4388 1470/1470/1470
f 1469/1469/1469 4435/4435/4435 1470/1470/1470
f 1471/1471/1471 4389/4389/4389 1472/1472/1472
f 4389/4389/4389 4342/4342/4342 1472/1472/1472
f 1472/1472/1472 4342/4342/4342 1473/1473/1473
f 4342/4342/4342 4343/4343/4343 1473/1473/1473
f 4342/4342/4342 4296/4296/4296 4343/4343/4343
f 4342/4342/4342 4295/4295/4295 4296/4296/4296
f 4342/4342/4342 4341/4341/4341 4295/4295/4295
f 4341/4341/4341 4294/4294/4294 4295/4295/4295
f 4341/4341/4341 4340/4340/4340 4294/4294/4294
f 4340/4340/4340 4293/4293/4293 4294/4294/4294
f 4340/4340/4340 4339/4339/4339 4293/4293/4293
f 4339/4339/4339 4292/4292/4292 4293/4293/4293
f 4292/4292/4292 4339/4339/4339 6100/6100/6100
f 4292/4292/4292 6100/6100/6100 6101/6101/6101
f 4292/4292/4292 6101/6101/6101 6102/6102/6102
f 4292/4292/4292 6102/6102/6102 6103/6103/6103
f 4293/4293/4293 4292/4292/4292 6103/6103/6103
f 4293/4293/4293 6103/6103/6103 4246/4246/4246
f 4293/4293/4293 4246/4246/4246 4247/4247/4247
f 4294/4294/4294 4293/4293/4293 4247/4247/4247
f 4294/4294/4294 4247/4247/4247 4248/4248/4248
f 4295/4295/4295 4294/4294/4294 4248/4248/4248
f 4295/4295/4295 4248/4248/4248 4249/4249/4249
f 4296/4296/4296 4295/4295/4295 4249/4249/4249
f 4296/4296/4296 4249/4249/4249 4250/4250/4250
f 4296/4296/4296 4250/4250/4250 4297/4297/4297
f 4296/4296/4296 4297/4297/4297 1475/1475/1475
f 1474/1474/1474 4296/4296/4296 1475/1475/1475
f 4343/4343/4343 4296/4296/4296 1474/1474/1474
f 1473/1473/1473 4343/4343/4343 1474/1474/1474
f 1475/1475/1475 4297/4297/4297 1476/1476/1476
f 1476/1476/1476 4297/4297/4297 1477/1477/1477
f 4297/4297/4297 4250/4250/4250 1477/1477/1477
f 4250/4250/4250 4251/4251/4251 1477/1477/1477
f 4250/4250/4250 4203/4203/4203 4251/4251/4251
f 4250/4250/4250 4202/4202/4202 4203/4203/4203
f 4250/4250/4250 4249/4249/4249 4202/4202/4202
f 4249/4249/4249 4201/4201/4201 4202/4202/4202
f 4249/4249/4249 4248/4248/4248 4201/4201/4201
f 4248/4248/4248 4200/4200/4200 4201/4201/4201
f 4248/4248/4248 4247/4247/4247 4200/4200/4200
f 4247/4247/4247 4199/4199/4199 4200/4200/4200
f 4247/4247/4247 6107/6107/6107 4199/4199/4199
f 4247/4247/4247 6106/6106/6106 6107/6107/6107
f 4247/4247/4247 4246/4246/4246 6106/6106/6106
f 4246/4246/4246 6105/6105/6105 6106/6106/6106
f 4246/4246/4246 6104/6104/6104 6105/6105/6105
f 6103/6103/6103 6104/6104/6104 4246/4246/4246
f 6107/6107/6107 6108/6108/6108 4199/4199/4199
f 4199/4199/4199 6108/6108/6108 6109/6109/6109
f 4199/4199/4199 6109/6109/6109 6110/6110/6110
f 4199/4199/4199 6110/6110/6110 4200/4200/4200
f 4200/4200/4200 6110/6110/6110 6111/6111/6111
f 6111/6111/6111 4153/4153/4153 4200/4200/4200
f 6111/6111/6111 6112/6112/6112 4153/4153/4153
f 4153/4153/4153 6112/6112/6112 6113/6113/6113
f 4154/4154/4154 4153/4153/4153 6113/6113/6113
f 4153/4153/4153 4154/4154/4154 4200/4200/4200
f 4201/4201/4201 4200/4200/4200 4154/4154/4154
f 4201/4201/4201 4154/4154/4154 4155/4155/4155
f 4202/4202/4202 4201/4201/4201 4155/4155/4155
f 4202/4202/4202 4155/4155/4155 4156/4156/4156
f 4203/4203/4203 4202/4202/4202 4156/4156/4156
f 4203/4203/4203 4156/4156/4156 4157/4157/4157
f 4204/4204/4204 4203/4203/4203 4157/4157/4157
f 1479/1479/1479 4203/4203/4203 4204/4204/4204
f 4251/4251/4251 4203/4203/4203 1479/1479/1479
f 1478/1478/1478 4251/4251/4251 1479/1479/1479
f 1477/1477/1477 4251/4251/4251 1478/1478/1478
f 1479/1479/1479 4204/4204/4204 1480/1480/1480
f 1480/1480/1480 4204/4204/4204 1481/1481/1481
f 4204/4204/4204 4205/4205/4205 1481/1481/1481
f 4204/4204/4204 4158/4158/4158 4205/4205/4205
f 4204/4204/4204 4157/4157/4157 4158/4158/4158
f 4158/4158/4158 4157/4157/4157 4112/4112/4112
f 4158/4158/4158 4112/4112/4112 4113/4113/4113
f 4158/4158/4158 4113/4113/4113 4159/4159/4159
f 4158/4158/4158 4159/4159/4159 1483/1483/1483
f 1482/1482/1482 4158/4158/4158 1483/1483/1483
f 4205/4205/4205 4158/4158/4158 1482/1482/1482
f 1481/1481/1481 4205/4205/4205 1482/1482/1482
f 1483/1483/1483 4159/4159/4159 1484/1484/1484
f 4159/4159/4159 4113/4113/4113 1484/1484/1484
f 4113/4113/4113 1485/1485/1485 1484/1484/1484
f 4113/4113/4113 4114/4114/4114 1485/1485/1485
f 4114/4114/4114 4113/4113/4113 4069/4069/4069
f 4114/4114/4114 4069/4069/4069 1486/1486/1486
f 1485/1485/1485 4114/4114/4114 1486/1486/1486
f 4069/4069/4069 1487/1487/1487 1486/1486/1486
f 4069/4069/4069 4070/4070/4070 1487/1487/1487
f 4070/4070/4070 4069/4069/4069 4027/4027/4027
f 4070/4070/4070 4027/4027/4027 1488/1488/1488
f 1487/1487/1487 4070/4070/4070 1488/1488/1488
f 4027/4027/4027 1489/1489/1489 1488/1488/1488
f 4027/4027/4027 4028/4028/4028 1489/1489/1489
f 4027/4027/4027 3988/3988/3988 4028/4028/4028
f 4027/4027/4027 3987/3987/3987 3988/3988/3988
f 4027/4027/4027 4026/4026/4026 3987/3987/3987
f 4069/4069/4069 4026/4026/4026 4027/4027/4027
f 4069/4069/4069 4068/4068/4068 4026/4026/4026
f 4113/4113/4113 4068/4068/4068 4069/4069/4069
f 4113/4113/4113 4112/4112/4112 4068/4068/4068
f 4112/4112/4112 4067/4067/4067 4068/4068/4068
f 4112/4112/4112 4111/4111/4111 4067/4067/4067
f 4157/4157/4157 4111/4111/4111 4112/4112/4112
f 4157/4157/4157 4156/4156/4156 4111/4111/4111
f 4156/4156/4156 4110/4110/4110 4111/4111/4111
f 4156/4156/4156 4155/4155/4155 4110/4110/4110
f 4155/4155/4155 4109/4109/4109 4110/4110/4110
f 4109/4109/4109 4155/4155/4155 6116/6116/6116
f 4109/4109/4109 6116/6116/6116 6117/6117/6117
f 4109/4109/4109 6117/6117/6117 6118/6118/6118
f 4109/4109/4109 6118/6118/6118 6119/6119/6119
f 4110/4110/4110 4109/4109/4109 6119/6119/6119
f 6119/6119/6119 6120/6120/6120 4110/4110/4110
f 6120/6120/6120 4065/4065/4065 4110/4110/4110
f 4065/4065/4065 6120/6120/6120 6121/6121/6121
f 4065/4065/4065 6121/6121/6121 6122/6122/6122
f 4066/4066/4066 4065/4065/4065 6122/6122/6122
f 4110/4110/4110 4065/4065/4065 4066/4066/4066
f 4111/4111/4111 4110/4110/4110 4066/4066/4066
f 4111/4111/4111 4066/4066/4066 4067/4067/4067
f 4066/4066/4066 6125/6125/6125 4067/4067/4067
f 6124/6124/6124 6125/6125/6125 4066/4066/4066
f 4066/4066/4066 6123/6123/6123 6124/6124/6124
f 4066/4066/4066 6122/6122/6122 6123/6123/6123
f 4024/4024/4024 4067/4067/4067 6125/6125/6125
f 4067/4067/4067 4024/4024/4024 4025/4025/4025
f 4068/4068/4068 4067/4067/4067 4025/4025/4025
f 4068/4068/4068 4025/4025/4025 4026/4026/4026
f 4026/4026/4026 4025/4025/4025 3986/3986/3986
f 4026/4026/4026 3986/3986/3986 3987/3987/3987
f 3987/3987/3987 3986/3986/3986 6134/6134/6134
f 6134/6134/6134 6135/6135/6135 3987/3987/3987
f 6135/6135/6135 3949/3949/3949 3987/3987/3987
f 6135/6135/6135 6136/6136/6136 3949/3949/3949
f 3949/3949/3949 6136/6136/6136 6137/6137/6137
f 3949/3949/3949 6137/6137/6137 3950/3950/3950
f 3987/3987/3987 3949/3949/3949 3950/3950/3950
f 3988/3988/3988 3987/3987/3987 3950/3950/3950
f 3988/3988/3988 3950/3950/3950 3951/3951/3951
f 3988/3988/3988 3951/3951/3951 3989/3989/3989
f 3988/3988/3988 3989/3989/3989 1491/1491/1491
f 4028/4028/4028 3988/3988/3988 1491/1491/1491
f 1490/1490/1490 4028/4028/4028 1491/1491/1491
f 1489/1489/1489 4028/4028/4028 1490/1490/1490
f 1491/1491/1491 3989/3989/3989 1492/1492/1492
f 1492/1492/1492 3989/3989/3989 1493/1493/1493
f 3989/3989/3989 3951/3951/3951 1493/1493/1493
f 3951/3951/3951 3952/3952/3952 1493/1493/1493
f 3951/3951/3951 3915/3915/3915 3952/3952/3952
f 3951/3951/3951 3914/3914/3914 3915/3915/3915
f 3951/3951/3951 6139/6139/6139 3914/3914/3914
f 3951/3951/3951 3950/3950/3950 6139/6139/6139
f 3950/3950/3950 6138/6138/6138 6139/6139/6139
f 3950/3950/3950 6137/6137/6137 6138/6138/6138
f 6139/6139/6139 6140/6140/6140 3914/3914/3914
f 3914/3914/3914 6140/6140/6140 6141/6141/6141
f 3914/3914/3914 6141/6141/6141 6142/6142/6142
f 3915/3915/3915 3914/3914/3914 6142/6142/6142
f 3915/3915/3915 6142/6142/6142 6143/6143/6143
f 3915/3915/3915 6143/6143/6143 3878/3878/3878
f 3915/3915/3915 3878/3878/3878 3879/3879/3879
f 3915/3915/3915 3879/3879/3879 3916/3916/3916
f 3915/3915/3915 3916/3916/3916 1495/1495/1495
f 3952/3952/3952 3915/3915/3915 1495/1495/1495
f 1494/1494/1494 3952/3952/3952 1495/1495/1495
f 1493/1493/1493 3952/3952/3952 1494/1494/1494
f 1495/1495/1495 3916/3916/3916 1496/1496/1496
f 1496/1496/1496 3916/3916/3916 1497/1497/1497
f 3916/3916/3916 3879/3879/3879 1497/1497/1497
f 1497/1497/1497 3879/3879/3879 3880/3880/3880
f 1497/1497/1497 3880/3880/3880 1498/1498/1498
f 1498/1498/1498 3880/3880/3880 1499/1499/1499
f 3880/3880/3880 3843/3843/3843 1499/1499/1499
f 3880/3880/3880 3879/3879/3879 3843/3843/3843
f 3879/3879/3879 3842/3842/3842 3843/3843/3843
f 3879/3879/3879 6146/6146/6146 3842/3842/3842
f 6145/6145/6145 6146/6146/6146 3879/3879/3879
f 3878/3878/3878 6145/6145/6145 3879/3879/3879
f 3878/3878/3878 6144/6144/6144 6145/6145/6145
f 6143/6143/6143 6144/6144/6144 3878/3878/3878
f 6146/6146/6146 6147/6147/6147 3842/3842/3842
f 3842/3842/3842 6147/6147/6147 6148/6148/6148
f 6148/6148/6148 3805/3805/3805 3842/3842/3842
f 6148/6148/6148 6149/6149/6149 3805/3805/3805
f 3805/3805/3805 6149/6149/6149 6150/6150/6150
f 3768/3768/3768 3805/3805/3805 6150/6150/6150
f 3768/3768/3768 3769/3769/3769 3805/3805/3805
f 3768/3768/3768 6152/6152/6152 3769/3769/3769
f 6151/6151/6151 6152/6152/6152 3768/3768/3768
f 6150/6150/6150 6151/6151/6151 3768/3768/3768
f 6152/6152/6152 6153/6153/6153 3769/3769/3769
f 3733/3733/3733 3769/3769/3769 6153/6153/6153
f 3733/3733/3733 3734/3734/3734 3769/3769/3769
f 3734/3734/3734 3733/3733/3733 3698/3698/3698
f 3734/3734/3734 3698/3698/3698 3699/3699/3699
f 3735/3735/3735 3734/3734/3734 3699/3699/3699
f 3770/3770/3770 3734/3734/3734 3735/3735/3735
f 3770/3770/3770 3769/3769/3769 3734/3734/3734
f 3806/3806/3806 3769/3769/3769 3770/3770/3770
f 3806/3806/3806 3805/3805/3805 3769/3769/3769
f 3805/3805/3805 3806/3806/3806 3842/3842/3842
f 3843/3843/3843 3842/3842/3842 3806/3806/3806
f 3843/3843/3843 3806/3806/3806 3807/3807/3807
f 3844/3844/3844 3843/3843/3843 3807/3807/3807
f 1499/1499/1499 3843/3843/3843 3844/3844/3844
f 1499/1499/1499 3844/3844/3844 1500/1500/1500
f 1500/1500/1500 3844/3844/3844 1501/1501/1501
f 3844/3844/3844 3807/3807/3807 1501/1501/1501
f 1501/1501/1501 3807/3807/3807 1502/1502/1502
f 3807/3807/3807 3808/3808/3808 1502/1502/1502
f 3807/3807/3807 3771/3771/3771 3808/3808/3808
f 3807/3807/3807 3770/3770/3770 3771/3771/3771
f 3807/3807/3807 3806/3806/3806 3770/3770/3770
f 3771/3771/3771 3770/3770/3770 3735/3735/3735
f 3771/3771/3771 3735/3735/3735 3736/3736/3736
f 3771/3771/3771 3736/3736/3736 3772/3772/3772
f 3771/3771/3771 3772/3772/3772 1504/1504/1504
f 1503/1503/1503 3771/3771/3771 1504/1504/1504
f 3808/3808/3808 3771/3771/3771 1503/1503/1503
f 1502/1502/1502 3808/3808/3808 1503/1503/1503
f 1504/1504/1504 3772/3772/3772 1505/1505/1505
f 3772/3772/3772 3736/3736/3736 1505/1505/1505
f 1505/1505/1505 3736/3736/3736 1506/1506/1506
f 1506/1506/1506 3736/3736/3736 1507/1507/1507
f 3736/3736/3736 3700/3700/3700 1507/1507/1507
f 3736/3736/3736 3735/3735/3735 3700/3700/3700
f 3735/3735/3735 3699/3699/3699 3700/3700/3700
f 3700/3700/3700 3699/3699/3699 3665/3665/3665
f 3700/3700/3700 3665/3665/3665 3666/3666/3666
f 3700/3700/3700 3666/3666/3666 3701/3701/3701
f 3700/3700/3700 3701/3701/3701 1507/1507/1507
f 1507/1507/1507 3701/3701/3701 1508/1508/1508
f 1508/1508/1508 3701/3701/3701 1509/1509/1509
f 3701/3701/3701 3666/3666/3666 1509/1509/1509
f 1509/1509/1509 3666/3666/3666 1510/1510/1510
f 3666/3666/3666 3631/3631/3631 1510/1510/1510
f 3666/3666/3666 3665/3665/3665 3631/3631/3631
f 3665/3665/3665 3630/3630/3630 3631/3631/3631
f 3665/3665/3665 3664/3664/3664 3630/3630/3630
f 3699/3699/3699 3664/3664/3664 3665/3665/3665
f 3699/3699/3699 3698/3698/3698 3664/3664/3664
f 3698/3698/3698 3663/3663/3663 3664/3664/3664
f 6159/6159/6159 3663/3663/3663 3698/3698/3698
f 6159/6159/6159 6160/6160/6160 3663/3663/3663
f 3663/3663/3663 6160/6160/6160 6161/6161/6161
f 3663/3663/3663 6161/6161/6161 6162/6162/6162
f 6162/6162/6162 3628/3628/3628 3663/3663/3663
f 6162/6162/6162 6163/6163/6163 3628/3628/3628
f 3628/3628/3628 6163/6163/6163 6164/6164/6164
f 3628/3628/3628 6164/6164/6164 3629/3629/3629
f 3628/3628/3628 3629/3629/3629 3663/3663/3663
f 3664/3664/3664 3663/3663/3663 3629/3629/3629
f 3664/3664/3664 3629/3629/3629 3630/3630/3630
f 3630/3630/3630 3629/3629/3629 3595/3595/3595
f 3630/3630/3630 3595/3595/3595 3596/3596/3596
f 3631/3631/3631 3630/3630/3630 3596/3596/3596
f 3631/3631/3631 3596/3596/3596 3597/3597/3597
f 3632/3632/3632 3631/3631/3631 3597/3597/3597
f 1510/1510/1510 3631/3631/3631 3632/3632/3632
f 1510/1510/1510 3632/3632/3632 1511/1511/1511
f 1511/1511/1511 3632/3632/3632 1512/1512/1512
f 3632/3632/3632 3597/3597/3597 1512/1512/1512
f 3597/3597/3597 1513/1513/1513 1512/1512/1512
f 3597/3597/3597 3598/3598/3598 1513/1513/1513
f 3598/3598/3598 3597/3597/3597 3563/3563/3563
f 3598/3598/3598 3563/3563/3563 1514/1514/1514
f 1513/1513/1513 3598/3598/3598 1514/1514/1514
f 1514/1514/1514 3563/3563/3563 1515/1515/1515
f 3563/3563/3563 3564/3564/3564 1515/1515/1515
f 3563/3563/3563 3529/3529/3529 3564/3564/3564
f 3563/3563/3563 3528/3528/3528 3529/3529/3529
f 3563/3563/3563 3562/3562/3562 3528/3528/3528
f 3597/3597/3597 3562/3562/3562 3563/3563/3563
f 3597/3597/3597 3596/3596/3596 3562/3562/3562
f 3596/3596/3596 3561/3561/3561 3562/3562/3562
f 3596/3596/3596 3595/3595/3595 3561/3561/3561
f 3595/3595/3595 3560/3560/3560 3561/3561/3561
f 3595/3595/3595 3594/3594/3594 3560/3560/3560
f 3629/3629/3629 3594/3594/3594 3595/3595/3595
f 3629/3629/3629 6165/6165/6165 3594/3594/3594
f 6164/6164/6164 6165/6165/6165 3629/3629/3629
f 6165/6165/6165 6166/6166/6166 3594/3594/3594
f 3594/3594/3594 6166/6166/6166 6167/6167/6167
f 3594/3594/3594 6167/6167/6167 6168/6168/6168
f 6168/6168/6168 6169/6169/6169 3594/3594/3594
f 6169/6169/6169 3560/3560/3560 3594/3594/3594
f 3560/3560/3560 6169/6169/6169 6170/6170/6170
f 3560/3560/3560 6170/6170/6170 6171/6171/6171
f 3525/3525/3525 3560/3560/3560 6171/6171/6171
f 3525/3525/3525 3526/3526/3526 3560/3560/3560
f 3526/3526/3526 3525/3525/3525 6173/6173/6173
f 3526/3526/3526 6173/6173/6173 6174/6174/6174
f 3526/3526/3526 6174/6174/6174 6175/6175/6175
f 3526/3526/3526 6175/6175/6175 3491/3491/3491
f 3526/3526/3526 3491/3491/3491 3492/3492/3492
f 3527/3527/3527 3526/3526/3526 3492/3492/3492
f 3561/3561/3561 3526/3526/3526 3527/3527/3527
f 3561/3561/3561 3560/3560/3560 3526/3526/3526
f 3562/3562/3562 3561/3561/3561 3527/3527/3527
f 3562/3562/3562 3527/3527/3527 3528/3528/3528
f 3528/3528/3528 3527/3527/3527 3493/3493/3493
f 3528/3528/3528 3493/3493/3493 3494/3494/3494
f 3529/3529/3529 3528/3528/3528 3494/3494/3494
f 3529/3529/3529 3494/3494/3494 3495/3495/3495
f 3529/3529/3529 3495/3495/3495 3530/3530/3530
f 3529/3529/3529 3530/3530/3530 1517/1517/1517
f 1516/1516/1516 3529/3529/3529 1517/1517/1517
f 3564/3564/3564 3529/3529/3529 1516/1516/1516
f 1515/1515/1515 3564/3564/3564 1516/1516/1516
f 1517/1517/1517 3530/3530/3530 1518/1518/1518
f 3530/3530/3530 3495/3495/3495 1518/1518/1518
f 3495/3495/3495 1519/1519/1519 1518/1518/1518
f 3495/3495/3495 3496/3496/3496 1519/1519/1519
f 3495/3495/3495 3460/3460/3460 3496/3496/3496
f 3495/3495/3495 3459/3459/3459 3460/3460/3460
f 3495/3495/3495 3494/3494/3494 3459/3459/3459
f 3494/3494/3494 3458/3458/3458 3459/3459/3459
f 3494/3494/3494 3493/3493/3493 3458/3458/3458
f 3493/3493/3493 3457/3457/3457 3458/3458/3458
f 3493/3493/3493 3492/3492/3492 3457/3457/3457
f 3527/3527/3527 3492/3492/3492 3493/3493/3493
f 3492/3492/3492 3456/3456/3456 3457/3457/3457
f 3492/3492/3492 6178/6178/6178 3456/3456/3456
f 3492/3492/3492 6177/6177/6177 6178/6178/6178
f 3492/3492/3492 3491/3491/3491 6177/6177/6177
f 3491/3491/3491 6176/6176/6176 6177/6177/6177
f 6175/6175/6175 6176/6176/6176 3491/3491/3491
f 6178/6178/6178 6179/6179/6179 3456/3456/3456
f 3456/3456/3456 6179/6179/6179 6180/6180/6180
f 3456/3456/3456 6180/6180/6180 6181/6181/6181
f 3457/3457/3457 3456/3456/3456 6181/6181/6181
f 3457/3457/3457 6181/6181/6181 6182/6182/6182
f 3457/3457/3457 6182/6182/6182 3420/3420/3420
f 3457/3457/3457 3420/3420/3420 3421/3421/3421
f 3458/3458/3458 3457/3457/3457 3421/3421/3421
f 3458/3458/3458 3421/3421/3421 3422/3422/3422
f 3459/3459/3459 3458/3458/3458 3422/3422/3422
f 3459/3459/3459 3422/3422/3422 3423/3423/3423
f 3460/3460/3460 3459/3459/3459 3423/3423/3423
f 3460/3460/3460 3423/3423/3423 3424/3424/3424
f 3460/3460/3460 3424/3424/3424 3461/3461/3461
f 3460/3460/3460 3461/3461/3461 1521/1521/1521
f 3496/3496/3496 3460/3460/3460 1521/1521/1521
f 1520/1520/1520 3496/3496/3496 1521/1521/1521
f 1519/1519/1519 3496/3496/3496 1520/1520/1520
f 1521/1521/1521 3461/3461/3461 1522/1522/1522
f 3461/3461/3461 3462/3462/3462 1522/1522/1522
f 3461/3461/3461 3425/3425/3425 3462/3462/3462
f 3461/3461/3461 3424/3424/3424 3425/3425/3425
f 3425/3425/3425 3424/3424/3424 3387/3387/3387
f 3425/3425/3425 3387/3387/3387 3388/3388/3388
f 3426/3426/3426 3425/3425/3425 3388/3388/3388
f 1524/1524/1524 3425/3425/3425 3426/3426/3426
f 3462/3462/3462 3425/3425/3425 1524/1524/1524
f 1523/1523/1523 3462/3462/3462 1524/1524/1524
f 1522/1522/1522 3462/3462/3462 1523/1523/1523
f 1524/1524/1524 3426/3426/3426 1525/1525/1525
f 1525/1525/1525 3426/3426/3426 1526/1526/1526
f 3426/3426/3426 3427/3427/3427 1526/1526/1526
f 3426/3426/3426 3389/3389/3389 3427/3427/3427
f 3426/3426/3426 3388/3388/3388 3389/3389/3389
f 3389/3389/3389 3388/3388/3388 3349/3349/3349
f 3389/3389/3389 3349/3349/3349 3350/3350/3350
f 3390/3390/3390 3389/3389/3389 3350/3350/3350
f 1527/1527/1527 3389/3389/3389 3390/3390/3390
f 3427/3427/3427 3389/3389/3389 1527/1527/1527
f 1526/1526/1526 3427/3427/3427 1527/1527/1527
f 1527/1527/1527 3390/3390/3390 1528/1528/1528
f 1528/1528/1528 3390/3390/3390 1529/1529/1529
f 3390/3390/3390 3350/3350/3350 1529/1529/1529
f 3350/3350/3350 3351/3351/3351 1529/1529/1529
f 3351/3351/3351 3350/3350/3350 3309/3309/3309
f 3351/3351/3351 3309/3309/3309 3310/3310/3310
f 3351/3351/3351 3310/3310/3310 3352/3352/3352
f 3351/3351/3351 3352/3352/3352 1531/1531/1531
f 1530/1530/1530 3351/3351/3351 1531/1531/1531
f 1529/1529/1529 3351/3351/3351 1530/1530/1530
f 1531/1531/1531 3352/3352/3352 1532/1532/1532
f 1532/1532/1532 3352/3352/3352 1533/1533/1533
f 3352/3352/3352 3353/3353/3353 1533/1533/1533
f 3352/3352/3352 3311/3311/3311 3353/3353/3353
f 3352/3352/3352 3310/3310/3310 3311/3311/3311
f 3311/3311/3311 3310/3310/3310 3269/3269/3269
f 3311/3311/3311 3269/3269/3269 3270/3270/3270
f 3311/3311/3311 3270/3270/3270 3312/3312/3312
f 3311/3311/3311 3312/3312/3312 1535/1535/1535
f 1534/1534/1534 3311/3311/3311 1535/1535/1535
f 3353/3353/3353 3311/3311/3311 1534/1534/1534
f 1533/1533/1533 3353/3353/3353 1534/1534/1534
f 1535/1535/1535 3312/3312/3312 1536/1536/1536
f 3312/3312/3312 3313/3313/3313 1536/1536/1536
f 3312/3312/3312 3271/3271/3271 3313/3313/3313
f 3312/3312/3312 3270/3270/3270 3271/3271/3271
f 3271/3271/3271 3270/3270/3270 3228/3228/3228
f 3271/3271/3271 3228/3228/3228 3229/3229/3229
f 3271/3271/3271 3229/3229/3229 3272/3272/3272
f 3271/3271/3271 3272/3272/3272 1538/1538/1538
f 3313/3313/3313 3271/3271/3271 1538/1538/1538
f 1537/1537/1537 3313/3313/3313 1538/1538/1538
f 1536/1536/1536 3313/3313/3313 1537/1537/1537
f 1538/1538/1538 3272/3272/3272 1539/1539/1539
f 3272/3272/3272 3229/3229/3229 1539/1539/1539
f 3229/3229/3229 3230/3230/3230 1539/1539/1539
f 3230/3230/3230 3229/3229/3229 3186/3186/3186
f 3230/3230/3230 3186/3186/3186 3187/3187/3187
f 3231/3231/3231 3230/3230/3230 3187/3187/3187
f 3230/3230/3230 3231/3231/3231 1541/1541/1541
f 3230/3230/3230 1541/1541/1541 1540/1540/1540
f 1539/1539/1539 3230/3230/3230 1540/1540/1540
f 1541/1541/1541 3231/3231/3231 1542/1542/1542
f 3231/3231/3231 3187/3187/3187 1542/1542/1542
f 1542/1542/1542 3187/3187/3187 3188/3188/3188
f 1542/1542/1542 3188/3188/3188 1543/1543/1543
f 3188/3188/3188 3143/3143/3143 1543/1543/1543
f 3188/3188/3188 3187/3187/3187 3143/3143/3143
f 3142/3142/3142 3143/3143/3143 3187/3187/3187
f 3142/3142/3142 3100/3100/3100 3143/3143/3143
f 3099/3099/3099 3100/3100/3100 3142/3142/3142
f 3100/3100/3100 3099/3099/3099 3055/3055/3055
f 3055/3055/3055 1547/1547/1547 3100/3100/3100
f 3055/3055/3055 3056/3056/3056 1547/1547/1547
f 3056/3056/3056 3055/3055/3055 3012/3012/3012
f 3056/3056/3056 3012/3012/3012 1548/1548/1548
f 1547/1547/1547 3056/3056/3056 1548/1548/1548
f 1548/1548/1548 3012/3012/3012 1549/1549/1549
f 1549/1549/1549 3012/3012/3012 1550/1550/1550
f 3012/3012/3012 1551/1551/1551 1550/1550/1550
f 3012/3012/3012 2969/2969/2969 1551/1551/1551
f 3012/3012/3012 3011/3011/3011 2969/2969/2969
f 3055/3055/3055 3011/3011/3011 3012/3012/3012
f 3055/3055/3055 3054/3054/3054 3011/3011/3011
f 3099/3099/3099 3054/3054/3054 3055/3055/3055
f 3098/3098/3098 3054/3054/3054 3099/3099/3099
f 3053/3053/3053 3054/3054/3054 3098/3098/3098
f 3054/3054/3054 3053/3053/3053 3010/3010/3010
f 3054/3054/3054 3010/3010/3010 3011/3011/3011
f 3011/3011/3011 3010/3010/3010 2968/2968/2968
f 3011/3011/3011 2968/2968/2968 2969/2969/2969
f 2969/2969/2969 2968/2968/2968 2927/2927/2927
f 2969/2969/2969 2927/2927/2927 1552/1552/1552
f 1551/1551/1551 2969/2969/2969 1552/1552/1552
f 1552/1552/1552 2927/2927/2927 1553/1553/1553
f 2927/2927/2927 1554/1554/1554 1553/1553/1553
f 2886/2886/2886 1554/1554/1554 2927/2927/2927
f 2886/2886/2886 2887/2887/2887 1554/1554/1554
f 2887/2887/2887 2886/2886/2886 2848/2848/2848
f 2848/2848/2848 1556/1556/1556 2887/2887/2887
f 2849/2849/2849 1556/1556/1556 2848/2848/2848
f 1556/1556/1556 2849/2849/2849 1557/1557/1557
f 1557/1557/1557 2849/2849/2849 1558/1558/1558
f 2849/2849/2849 2813/2813/2813 1558/1558/1558
f 2849/2849/2849 2848/2848/2848 2813/2813/2813
f 2848/2848/2848 2812/2812/2812 2813/2813/2813
f 2848/2848/2848 2847/2847/2847 2812/2812/2812
f 2886/2886/2886 2847/2847/2847 2848/2848/2848
f 2886/2886/2886 2885/2885/2885 2847/2847/2847
f 2926/2926/2926 2885/2885/2885 2886/2886/2886
f 2926/2926/2926 2925/2925/2925 2885/2885/2885
f 2967/2967/2967 2925/2925/2925 2926/2926/2926
f 2967/2967/2967 2966/2966/2966 2925/2925/2925
f 3009/3009/3009 2966/2966/2966 2967/2967/2967
f 3009/3009/3009 3008/3008/3008 2966/2966/2966
f 3009/3009/3009 3052/3052/3052 3008/3008/3008
f 3053/3053/3053 3052/3052/3052 3009/3009/3009
f 3052/3052/3052 3053/3053/3053 6616/6616/6616
f 6617/6617/6617 3052/3052/3052 6616/6616/6616
f 6618/6618/6618 3052/3052/3052 6617/6617/6617
f 6619/6619/6619 3052/3052/3052 6618/6618/6618
f 6620/6620/6620 3052/3052/3052 6619/6619/6619
f 6620/6620/6620 6621/6621/6621 3052/3052/3052
f 6621/6621/6621 6622/6622/6622 3052/3052/3052
f 6622/6622/6622 6623/6623/6623 3052/3052/3052
f 6623/6623/6623 3008/3008/3008 3052/3052/3052
f 6624/6624/6624 3008/3008/3008 6623/6623/6623
f 6624/6624/6624 6540/6540/6540 3008/3008/3008
f 6540/6540/6540 3007/3007/3007 3008/3008/3008
f 6541/6541/6541 3007/3007/3007 6540/6540/6540
f 6542/6542/6542 3007/3007/3007 6541/6541/6541
f 6543/6543/6543 3007/3007/3007 6542/6542/6542
f 6544/6544/6544 3007/3007/3007 6543/6543/6543
f 6544/6544/6544 6545/6545/6545 3007/3007/3007
f 3007/3007/3007 6545/6545/6545 6546/6546/6546
f 3007/3007/3007 6546/6546/6546 6547/6547/6547
f 3006/3006/3006 3007/3007/3007 6547/6547/6547
f 2964/2964/2964 3007/3007/3007 3006/3006/3006
f 3007/3007/3007 2964/2964/2964 2965/2965/2965
f 3008/3008/3008 3007/3007/3007 2965/2965/2965
f 3008/3008/3008 2965/2965/2965 2966/2966/2966
f 2966/2966/2966 2965/2965/2965 2924/2924/2924
f 2966/2966/2966 2924/2924/2924 2925/2925/2925
f 2925/2925/2925 2924/2924/2924 2884/2884/2884
f 2925/2925/2925 2884/2884/2884 2885/2885/2885
f 2885/2885/2885 2884/2884/2884 2846/2846/2846
f 2885/2885/2885 2846/2846/2846 2847/2847/2847
f 2847/2847/2847 2846/2846/2846 2811/2811/2811
f 2847/2847/2847 2811/2811/2811 2812/2812/2812
f 2811/2811/2811 6246/6246/6246 2812/2812/2812
f 6245/6245/6245 6246/6246/6246 2811/2811/2811
f 2811/2811/2811 6244/6244/6244 6245/6245/6245
f 2811/2811/2811 6243/6243/6243 6244/6244/6244
f 2811/2811/2811 2810/2810/2810 6243/6243/6243
f 2846/2846/2846 2810/2810/2810 2811/2811/2811
f 2846/2846/2846 6241/6241/6241 2810/2810/2810
f 2846/2846/2846 6240/6240/6240 6241/6241/6241
f 2846/2846/2846 2845/2845/2845 6240/6240/6240
f 2884/2884/2884 2845/2845/2845 2846/2846/2846
f 2845/2845/2845 2884/2884/2884 6237/6237/6237
f 2845/2845/2845 6237/6237/6237 6238/6238/6238
f 2845/2845/2845 6238/6238/6238 6239/6239/6239
f 2845/2845/2845 6239/6239/6239 6240/6240/6240
f 2883/2883/2883 6237/6237/6237 2884/2884/2884
f 6236/6236/6236 6237/6237/6237 2883/2883/2883
f 2883/2883/2883 6235/6235/6235 6236/6236/6236
f 2883/2883/2883 6234/6234/6234 6235/6235/6235
f 2883/2883/2883 2882/2882/2882 6234/6234/6234
f 2923/2923/2923 2882/2882/2882 2883/2883/2883
f 2923/2923/2923 6232/6232/6232 2882/2882/2882
f 2923/2923/2923 6231/6231/6231 6232/6232/6232
f 2923/2923/2923 2922/2922/2922 6231/6231/6231
f 2964/2964/2964 2922/2922/2922 2923/2923/2923
f 2922/2922/2922 2964/2964/2964 6228/6228/6228
f 2922/2922/2922 6228/6228/6228 6229/6229/6229
f 2922/2922/2922 6229/6229/6229 6230/6230/6230
f 2922/2922/2922 6230/6230/6230 6231/6231/6231
f 2963/2963/2963 6228/6228/6228 2964/2964/2964
f 6227/6227/6227 6228/6228/6228 2963/2963/2963
f 2963/2963/2963 6226/6226/6226 6227/6227/6227
f 2963/2963/2963 6225/6225/6225 6226/6226/6226
f 2963/2963/2963 2962/2962/2962 6225/6225/6225
f 2962/2962/2962 2963/2963/2963 3005/3005/3005
f 6223/6223/6223 2962/2962/2962 3005/3005/3005
f 6223/6223/6223 6224/6224/6224 2962/2962/2962
f 2962/2962/2962 6224/6224/6224 6225/6225/6225
f 3005/3005/3005 6222/6222/6222 6223/6223/6223
f 3005/3005/3005 6221/6221/6221 6222/6222/6222
f 3005/3005/3005 3004/3004/3004 6221/6221/6221
f 3004/3004/3004 3005/3005/3005 3048/3048/3048
f 3004/3004/3004 3048/3048/3048 6219/6219/6219
f 6219/6219/6219 6220/6220/6220 3004/3004/3004
f 6220/6220/6220 6221/6221/6221 3004/3004/3004
f 3048/3048/3048 6218/6218/6218 6219/6219/6219
f 3048/3048/3048 3047/3047/3047 6218/6218/6218
f 3092/3092/3092 3047/3047/3047 3048/3048/3048
f 3092/3092/3092 6216/6216/6216 3047/3047/3047
f 3092/3092/3092 6215/6215/6215 6216/6216/6216
f 3092/3092/3092 3091/3091/3091 6215/6215/6215
f 3135/3135/3135 3091/3091/3091 3092/3092/3092
f 3135/3135/3135 6212/6212/6212 3091/3091/3091
f 3135/3135/3135 6211/6211/6211 6212/6212/6212
f 3135/3135/3135 3134/3134/3134 6211/6211/6211
f 3179/3179/3179 3134/3134/3134 3135/3135/3135
f 3179/3179/3179 6208/6208/6208 3134/3134/3134
f 3179/3179/3179 3178/3178/3178 6208/6208/6208
f 3222/3222/3222 3178/3178/3178 3179/3179/3179
f 6205/6205/6205 3178/3178/3178 3222/3222/3222
f 3178/3178/3178 6205/6205/6205 6206/6206/6206
f 3178/3178/3178 6206/6206/6206 6207/6207/6207
f 3178/3178/3178 6207/6207/6207 6208/6208/6208
f 6205/6205/6205 3222/3222/3222 6204/6204/6204
f 3221/3221/3221 6204/6204/6204 3222/3222/3222
f 3221/3221/3221 6203/6203/6203 6204/6204/6204
f 3221/3221/3221 6202/6202/6202 6203/6203/6203
f 6201/6201/6201 6202/6202/6202 3221/3221/3221
f 3264/3264/3264 6201/6201/6201 3221/3221/3221
f 3264/3264/3264 3263/3263/3263 6201/6201/6201
f 3305/3305/3305 3263/3263/3263 3264/3264/3264
f 6197/6197/6197 3263/3263/3263 3305/3305/3305
f 6197/6197/6197 6198/6198/6198 3263/3263/3263
f 3263/3263/3263 6198/6198/6198 6199/6199/6199
f 3263/3263/3263 6199/6199/6199 6200/6200/6200
f 3263/3263/3263 6200/6200/6200 6201/6201/6201
f 3304/3304/3304 6197/6197/6197 3305/3305/3305
f 3304/3304/3304 6196/6196/6196 6197/6197/6197
f 3304/3304/3304 6195/6195/6195 6196/6196/6196
f 3304/3304/3304 6194/6194/6194 6195/6195/6195
f 3304/3304/3304 3346/3346/3346 6194/6194/6194
f 3346/3346/3346 3304/3304/3304 3305/3305/3305
f 3347/3347/3347 3346/3346/3346 3305/3305/3305
f 3386/3386/3386 3346/3346/3346 3347/3347/3347
f 3386/3386/3386 3385/3385/3385 3346/3346/3346
f 3423/3423/3423 3385/3385/3385 3386/3386/3386
f 3423/3423/3423 3422/3422/3422 3385/3385/3385
f 3422/3422/3422 3384/3384/3384 3385/3385/3385
f 3422/3422/3422 3421/3421/3421 3384/3384/3384
f 3421/3421/3421 3383/3383/3383 3384/3384/3384
f 3421/3421/3421 6186/6186/6186 3383/3383/3383
f 3421/3421/3421 6185/6185/6185 6186/6186/6186
f 3421/3421/3421 6184/6184/6184 6185/6185/6185
f 3421/3421/3421 3420/3420/3420 6184/6184/6184
f 3420/3420/3420 6183/6183/6183 6184/6184/6184
f 6182/6182/6182 6183/6183/6183 3420/3420/3420
f 6186/6186/6186 6187/6187/6187 3383/3383/3383
f 3383/3383/3383 6187/6187/6187 6188/6188/6188
f 3384/3384/3384 3383/3383/3383 6188/6188/6188
f 3384/3384/3384 6188/6188/6188 6189/6189/6189
f 3384/3384/3384 6189/6189/6189 6190/6190/6190
f 6190/6190/6190 3344/3344/3344 3384/3384/3384
f 6190/6190/6190 6191/6191/6191 3344/3344/3344
f 3345/3345/3345 3344/3344/3344 6191/6191/6191
f 3344/3344/3344 3345/3345/3345 3384/3384/3384
f 3385/3385/3385 3384/3384/3384 3345/3345/3345
f 3385/3385/3385 3345/3345/3345 3346/3346/3346
f 3345/3345/3345 6194/6194/6194 3346/3346/3346
f 6193/6193/6193 6194/6194/6194 3345/3345/3345
f 3345/3345/3345 6192/6192/6192 6193/6193/6193
f 3345/3345/3345 6191/6191/6191 6192/6192/6192
f 3424/3424/3424 3423/3423/3423 3386/3386/3386
f 3424/3424/3424 3386/3386/3386 3387/3387/3387
f 3387/3387/3387 3386/3386/3386 3347/3347/3347
f 3387/3387/3387 3347/3347/3347 3348/3348/3348
f 3388/3388/3388 3387/3387/3387 3348/3348/3348
f 3388/3388/3388 3348/3348/3348 3349/3349/3349
f 3349/3349/3349 3348/3348/3348 3307/3307/3307
f 3349/3349/3349 3307/3307/3307 3308/3308/3308
f 3350/3350/3350 3349/3349/3349 3308/3308/3308
f 3350/3350/3350 3308/3308/3308 3309/3309/3309
f 3309/3309/3309 3308/3308/3308 3267/3267/3267
f 3309/3309/3309 3267/3267/3267 3268/3268/3268
f 3310/3310/3310 3309/3309/3309 3268/3268/3268
f 3310/3310/3310 3268/3268/3268 3269/3269/3269
f 3269/3269/3269 3268/3268/3268 3226/3226/3226
f 3269/3269/3269 3226/3226/3226 3227/3227/3227
f 3270/3270/3270 3269/3269/3269 3227/3227/3227
f 3270/3270/3270 3227/3227/3227 3228/3228/3228
f 3228/3228/3228 3227/3227/3227 3184/3184/3184
f 3228/3228/3228 3184/3184/3184 3185/3185/3185
f 3229/3229/3229 3228/3228/3228 3185/3185/3185
f 3229/3229/3229 3185/3185/3185 3186/3186/3186
f 3185/3185/3185 6593/6593/6593 3186/3186/3186
f 6592/6592/6592 6593/6593/6593 3185/3185/3185
f 6591/6591/6591 6592/6592/6592 3185/3185/3185
f 6590/6590/6590 6591/6591/6591 3185/3185/3185
f 3185/3185/3185 6589/6589/6589 6590/6590/6590
f 3185/3185/3185 6588/6588/6588 6589/6589/6589
f 6587/6587/6587 6588/6588/6588 3185/3185/3185
f 6586/6586/6586 6587/6587/6587 3185/3185/3185
f 6585/6585/6585 6586/6586/6586 3185/3185/3185
f 3185/3185/3185 3184/3184/3184 6585/6585/6585
f 3184/3184/3184 6584/6584/6584 6585/6585/6585
f 3184/3184/3184 6583/6583/6583 6584/6584/6584
f 3184/3184/3184 6582/6582/6582 6583/6583/6583
f 3184/3184/3184 6581/6581/6581 6582/6582/6582
f 3184/3184/3184 6580/6580/6580 6581/6581/6581
f 3184/3184/3184 6579/6579/6579 6580/6580/6580
f 3184/3184/3184 6578/6578/6578 6579/6579/6579
f 3183/3183/3183 6578/6578/6578 3184/3184/3184
f 3183/3183/3183 6577/6577/6577 6578/6578/6578
f 3183/3183/3183 3138/3138/3138 6577/6577/6577
f 3183/3183/3183 3182/3182/3182 3138/3138/3138
f 3226/3226/3226 3182/3182/3182 3183/3183/3183
f 3226/3226/3226 3225/3225/3225 3182/3182/3182
f 3268/3268/3268 3225/3225/3225 3226/3226/3226
f 3268/3268/3268 3267/3267/3267 3225/3225/3225
f 3267/3267/3267 3224/3224/3224 3225/3225/3225
f 3267/3267/3267 3266/3266/3266 3224/3224/3224
f 3308/3308/3308 3266/3266/3266 3267/3267/3267
f 3308/3308/3308 3307/3307/3307 3266/3266/3266
f 3307/3307/3307 3265/3265/3265 3266/3266/3266
f 3307/3307/3307 3306/3306/3306 3265/3265/3265
f 3348/3348/3348 3306/3306/3306 3307/3307/3307
f 3348/3348/3348 3347/3347/3347 3306/3306/3306
f 3347/3347/3347 3305/3305/3305 3306/3306/3306
f 3306/3306/3306 3305/3305/3305 3264/3264/3264
f 3306/3306/3306 3264/3264/3264 3265/3265/3265
f 3265/3265/3265 3264/3264/3264 3222/3222/3222
f 3265/3265/3265 3222/3222/3222 3223/3223/3223
f 3266/3266/3266 3265/3265/3265 3223/3223/3223
f 3266/3266/3266 3223/3223/3223 3224/3224/3224
f 3224/3224/3224 3223/3223/3223 3180/3180/3180
f 3224/3224/3224 3180/3180/3180 3181/3181/3181
f 3225/3225/3225 3224/3224/3224 3181/3181/3181
f 3225/3225/3225 3181/3181/3181 3182/3182/3182
f 3182/3182/3182 3181/3181/3181 3137/3137/3137
f 3182/3182/3182 3137/3137/3137 3138/3138/3138
f 3138/3138/3138 3137/3137/3137 3094/3094/3094
f 3094/3094/3094 6569/6569/6569 3138/3138/3138
f 6568/6568/6568 6569/6569/6569 3094/3094/3094
f 6567/6567/6567 6568/6568/6568 3094/3094/3094
f 3094/3094/3094 6566/6566/6566 6567/6567/6567
f 6566/6566/6566 3094/3094/3094 6565/6565/6565
f 3094/3094/3094 6564/6564/6564 6565/6565/6565
f 3094/3094/3094 6563/6563/6563 6564/6564/6564
f 3094/3094/3094 6562/6562/6562 6563/6563/6563
f 3094/3094/3094 3049/3049/3049 6562/6562/6562
f 3094/3094/3094 3093/3093/3093 3049/3049/3049
f 3137/3137/3137 3093/3093/3093 3094/3094/3094
f 3137/3137/3137 3136/3136/3136 3093/3093/3093
f 3181/3181/3181 3136/3136/3136 3137/3137/3137
f 3181/3181/3181 3180/3180/3180 3136/3136/3136
f 3180/3180/3180 3135/3135/3135 3136/3136/3136
f 3180/3180/3180 3179/3179/3179 3135/3135/3135
f 3223/3223/3223 3179/3179/3179 3180/3180/3180
f 3223/3223/3223 3222/3222/3222 3179/3179/3179
f 3136/3136/3136 3135/3135/3135 3092/3092/3092
f 3136/3136/3136 3092/3092/3092 3093/3093/3093
f 3093/3093/3093 3092/3092/3092 3048/3048/3048
f 3093/3093/3093 3048/3048/3048 3049/3049/3049
f 3049/3049/3049 3048/3048/3048 3005/3005/3005
f 3005/3005/3005 6555/6555/6555 3049/3049/3049
f 3005/3005/3005 3006/3006/3006 6555/6555/6555
f 3006/3006/3006 3005/3005/3005 2963/2963/2963
f 3006/3006/3006 2963/2963/2963 2964/2964/2964
f 6555/6555/6555 3006/3006/3006 6554/6554/6554
f 3006/3006/3006 6553/6553/6553 6554/6554/6554
f 6553/6553/6553 3006/3006/3006 6552/6552/6552
f 6552/6552/6552 3006/3006/3006 6551/6551/6551
f 6551/6551/6551 3006/3006/3006 6550/6550/6550
f 6550/6550/6550 3006/3006/3006 6549/6549/6549
f 6549/6549/6549 3006/3006/3006 6548/6548/6548
f 6548/6548/6548 3006/3006/3006 6547/6547/6547
f 6556/6556/6556 3049/3049/3049 6555/6555/6555
f 6557/6557/6557 3049/3049/3049 6556/6556/6556
f 6558/6558/6558 3049/3049/3049 6557/6557/6557
f 6559/6559/6559 3049/3049/3049 6558/6558/6558
f 6560/6560/6560 3049/3049/3049 6559/6559/6559
f 6561/6561/6561 3049/3049/3049 6560/6560/6560
f 6562/6562/6562 3049/3049/3049 6561/6561/6561
f 3138/3138/3138 6569/6569/6569 6570/6570/6570
f 3138/3138/3138 6570/6570/6570 6571/6571/6571
f 3138/3138/3138 6571/6571/6571 6572/6572/6572
f 3138/3138/3138 6572/6572/6572 6573/6573/6573
f 3138/3138/3138 6573/6573/6573 6574/6574/6574
f 3138/3138/3138 6574/6574/6574 6575/6575/6575
f 3138/3138/3138 6575/6575/6575 6576/6576/6576
f 6577/6577/6577 3138/3138/3138 6576/6576/6576
f 3264/3264/3264 3221/3221/3221 3222/3222/3222
f 3227/3227/3227 3226/3226/3226 3183/3183/3183
f 3227/3227/3227 3183/3183/3183 3184/3184/3184
f 3186/3186/3186 6593/6593/6593 6594/6594/6594
f 3186/3186/3186 6594/6594/6594 6595/6595/6595
f 3186/3186/3186 6595/6595/6595 6596/6596/6596
f 3186/3186/3186 6596/6596/6596 6597/6597/6597
f 3186/3186/3186 6597/6597/6597 6598/6598/6598
f 6598/6598/6598 6599/6599/6599 3186/3186/3186
f 6599/6599/6599 6600/6600/6600 3186/3186/3186
f 3186/3186/3186 6600/6600/6600 3187/3187/3187
f 3142/3142/3142 3187/3187/3187 6600/6600/6600
f 6600/6600/6600 6601/6601/6601 3142/3142/3142
f 6601/6601/6601 6602/6602/6602 3142/3142/3142
f 3142/3142/3142 6602/6602/6602 6603/6603/6603
f 3142/3142/3142 6603/6603/6603 6604/6604/6604
f 3142/3142/3142 6604/6604/6604 6605/6605/6605
f 6605/6605/6605 6606/6606/6606 3142/3142/3142
f 6606/6606/6606 6607/6607/6607 3142/3142/3142
f 3142/3142/3142 6607/6607/6607 3098/3098/3098
f 3142/3142/3142 3098/3098/3098 3099/3099/3099
f 6608/6608/6608 3098/3098/3098 6607/6607/6607
f 6609/6609/6609 3098/3098/3098 6608/6608/6608
f 6609/6609/6609 6610/6610/6610 3098/3098/3098
f 6610/6610/6610 6611/6611/6611 3098/3098/3098
f 6611/6611/6611 6612/6612/6612 3098/3098/3098
f 6613/6613/6613 3098/3098/3098 6612/6612/6612
f 3098/3098/3098 6613/6613/6613 6614/6614/6614
f 3053/3053/3053 3098/3098/3098 6614/6614/6614
f 6615/6615/6615 3053/3053/3053 6614/6614/6614
f 6615/6615/6615 6616/6616/6616 3053/3053/3053
f 6208/6208/6208 6209/6209/6209 3134/3134/3134
f 3134/3134/3134 6209/6209/6209 6210/6210/6210
f 3134/3134/3134 6210/6210/6210 6211/6211/6211
f 6212/6212/6212 6213/6213/6213 3091/3091/3091
f 3091/3091/3091 6213/6213/6213 6214/6214/6214
f 3091/3091/3091 6214/6214/6214 6215/6215/6215
f 6216/6216/6216 6217/6217/6217 3047/3047/3047
f 3047/3047/3047 6217/6217/6217 6218/6218/6218
f 2965/2965/2965 2964/2964/2964 2923/2923/2923
f 2965/2965/2965 2923/2923/2923 2924/2924/2924
f 2924/2924/2924 2923/2923/2923 2883/2883/2883
f 2924/2924/2924 2883/2883/2883 2884/2884/2884
f 6232/6232/6232 6233/6233/6233 2882/2882/2882
f 2882/2882/2882 6233/6233/6233 6234/6234/6234
f 6241/6241/6241 6242/6242/6242 2810/2810/2810
f 2810/2810/2810 6242/6242/6242 6243/6243/6243
f 2778/2778/2778 2812/2812/2812 6246/6246/6246
f 2812/2812/2812 2778/2778/2778 2779/2779/2779
f 2813/2813/2813 2812/2812/2812 2779/2779/2779
f 2813/2813/2813 2779/2779/2779 2780/2780/2780
f 2813/2813/2813 2780/2780/2780 2814/2814/2814
f 2813/2813/2813 2814/2814/2814 1558/1558/1558
f 1558/1558/1558 2814/2814/2814 1559/1559/1559
f 1559/1559/1559 2814/2814/2814 1560/1560/1560
f 2814/2814/2814 2780/2780/2780 1560/1560/1560
f 2780/2780/2780 2781/2781/2781 1560/1560/1560
f 2780/2780/2780 2748/2748/2748 2781/2781/2781
f 2780/2780/2780 2747/2747/2747 2748/2748/2748
f 2780/2780/2780 2779/2779/2779 2747/2747/2747
f 2779/2779/2779 2746/2746/2746 2747/2747/2747
f 2779/2779/2779 6250/6250/6250 2746/2746/2746
f 2779/2779/2779 6249/6249/6249 6250/6250/6250
f 2779/2779/2779 2778/2778/2778 6249/6249/6249
f 2778/2778/2778 6248/6248/6248 6249/6249/6249
f 2778/2778/2778 6247/6247/6247 6248/6248/6248
f 2778/2778/2778 6246/6246/6246 6247/6247/6247
f 6250/6250/6250 6251/6251/6251 2746/2746/2746
f 2746/2746/2746 6251/6251/6251 6252/6252/6252
f 2747/2747/2747 2746/2746/2746 6252/6252/6252
f 2747/2747/2747 6252/6252/6252 6253/6253/6253
f 2747/2747/2747 6253/6253/6253 6254/6254/6254
f 6254/6254/6254 2714/2714/2714 2747/2747/2747
f 6254/6254/6254 6255/6255/6255 2714/2714/2714
f 2715/2715/2715 2714/2714/2714 6255/6255/6255
f 2714/2714/2714 2715/2715/2715 2747/2747/2747
f 2748/2748/2748 2747/2747/2747 2715/2715/2715
f 2748/2748/2748 2715/2715/2715 2716/2716/2716
f 2748/2748/2748 2716/2716/2716 2749/2749/2749
f 2748/2748/2748 2749/2749/2749 1562/1562/1562
f 2781/2781/2781 2748/2748/2748 1562/1562/1562
f 1561/1561/1561 2781/2781/2781 1562/1562/1562
f 1560/1560/1560 2781/2781/2781 1561/1561/1561
f 1562/1562/1562 2749/2749/2749 1563/1563/1563
f 1563/1563/1563 2749/2749/2749 1564/1564/1564
f 2749/2749/2749 2716/2716/2716 1564/1564/1564
f 1564/1564/1564 2716/2716/2716 1565/1565/1565
f 2716/2716/2716 2717/2717/2717 1565/1565/1565
f 2716/2716/2716 2685/2685/2685 2717/2717/2717
f 2716/2716/2716 2684/2684/2684 2685/2685/2685
f 2716/2716/2716 6258/6258/6258 2684/2684/2684
f 2716/2716/2716 2715/2715/2715 6258/6258/6258
f 2715/2715/2715 6257/6257/6257 6258/6258/6258
f 2715/2715/2715 6256/6256/6256 6257/6257/6257
f 2715/2715/2715 6255/6255/6255 6256/6256/6256
f 6258/6258/6258 6259/6259/6259 2684/2684/2684
f 2684/2684/2684 6259/6259/6259 6260/6260/6260
f 2684/2684/2684 6260/6260/6260 6261/6261/6261
f 2684/2684/2684 6261/6261/6261 2685/2685/2685
f 6261/6261/6261 6262/6262/6262 2685/2685/2685
f 2685/2685/2685 6262/6262/6262 2653/2653/2653
f 2685/2685/2685 2653/2653/2653 2654/2654/2654
f 2685/2685/2685 2654/2654/2654 2686/2686/2686
f 2685/2685/2685 2686/2686/2686 1567/1567/1567
f 1566/1566/1566 2685/2685/2685 1567/1567/1567
f 2717/2717/2717 2685/2685/2685 1566/1566/1566
f 1565/1565/1565 2717/2717/2717 1566/1566/1566
f 1567/1567/1567 2686/2686/2686 1568/1568/1568
f 2686/2686/2686 2654/2654/2654 1568/1568/1568
f 2654/2654/2654 1569/1569/1569 1568/1568/1568
f 2654/2654/2654 2655/2655/2655 1569/1569/1569
f 2655/2655/2655 2654/2654/2654 2622/2622/2622
f 2655/2655/2655 2622/2622/2622 1570/1570/1570
f 1569/1569/1569 2655/2655/2655 1570/1570/1570
f 2622/2622/2622 2623/2623/2623 1570/1570/1570
f 2623/2623/2623 2622/2622/2622 6271/6271/6271
f 6271/6271/6271 6272/6272/6272 2623/2623/2623
f 6272/6272/6272 2590/2590/2590 2623/2623/2623
f 2590/2590/2590 6272/6272/6272 6273/6273/6273
f 2590/2590/2590 6273/6273/6273 6274/6274/6274
f 2591/2591/2591 2590/2590/2590 6274/6274/6274
f 2623/2623/2623 2590/2590/2590 2591/2591/2591
f 2623/2623/2623 2591/2591/2591 2624/2624/2624
f 2623/2623/2623 2624/2624/2624 1572/1572/1572
f 1571/1571/1571 2623/2623/2623 1572/1572/1572
f 1570/1570/1570 2623/2623/2623 1571/1571/1571
f 1572/1572/1572 2624/2624/2624 1573/1573/1573
f 2624/2624/2624 2591/2591/2591 1573/1573/1573
f 1573/1573/1573 2591/2591/2591 1574/1574/1574
f 2591/2591/2591 2592/2592/2592 1574/1574/1574
f 6277/6277/6277 2592/2592/2592 2591/2591/2591
f 2559/2559/2559 2592/2592/2592 6277/6277/6277
f 2592/2592/2592 2559/2559/2559 1576/1576/1576
f 1575/1575/1575 2592/2592/2592 1576/1576/1576
f 1574/1574/1574 2592/2592/2592 1575/1575/1575
f 1576/1576/1576 2559/2559/2559 2560/2560/2560
f 1576/1576/1576 2560/2560/2560 1577/1577/1577
f 1577/1577/1577 2560/2560/2560 2561/2561/2561
f 1577/1577/1577 2561/2561/2561 1578/1578/1578
f 1578/1578/1578 2561/2561/2561 1579/1579/1579
f 2561/2561/2561 2527/2527/2527 1579/1579/1579
f 6283/6283/6283 2527/2527/2527 2561/2561/2561
f 2527/2527/2527 6283/6283/6283 6284/6284/6284
f 2527/2527/2527 6284/6284/6284 6285/6285/6285
f 2527/2527/2527 6285/6285/6285 6286/6286/6286
f 2527/2527/2527 6286/6286/6286 2528/2528/2528
f 2527/2527/2527 2528/2528/2528 1579/1579/1579
f 1579/1579/1579 2528/2528/2528 1580/1580/1580
f 1580/1580/1580 2528/2528/2528 1581/1581/1581
f 2528/2528/2528 2529/2529/2529 1581/1581/1581
f 2528/2528/2528 2494/2494/2494 2529/2529/2529
f 2493/2493/2493 2494/2494/2494 2528/2528/2528
f 2494/2494/2494 2493/2493/2493 6288/6288/6288
f 2494/2494/2494 6288/6288/6288 6289/6289/6289
f 2494/2494/2494 6289/6289/6289 6290/6290/6290
f 2494/2494/2494 6290/6290/6290 6291/6291/6291
f 2495/2495/2495 2494/2494/2494 6291/6291/6291
f 2494/2494/2494 2495/2495/2495 1582/1582/1582
f 2529/2529/2529 2494/2494/2494 1582/1582/1582
f 1581/1581/1581 2529/2529/2529 1582/1582/1582
f 1582/1582/1582 2495/2495/2495 1583/1583/1583
f 1583/1583/1583 2495/2495/2495 1584/1584/1584
f 2495/2495/2495 2496/2496/2496 1584/1584/1584
f 2495/2495/2495 2461/2461/2461 2496/2496/2496
f 2495/2495/2495 2460/2460/2460 2461/2461/2461
f 2495/2495/2495 6292/6292/6292 2460/2460/2460
f 2495/2495/2495 6291/6291/6291 6292/6292/6292
f 6292/6292/6292 6293/6293/6293 2460/2460/2460
f 2460/2460/2460 6293/6293/6293 6294/6294/6294
f 2461/2461/2461 2460/2460/2460 6294/6294/6294
f 2461/2461/2461 6294/6294/6294 6295/6295/6295
f 2461/2461/2461 6295/6295/6295 6296/6296/6296
f 2461/2461/2461 6296/6296/6296 6297/6297/6297
f 2461/2461/2461 6297/6297/6297 2462/2462/2462
f 1586/1586/1586 2461/2461/2461 2462/2462/2462
f 2496/2496/2496 2461/2461/2461 1586/1586/1586
f 1585/1585/1585 2496/2496/2496 1586/1586/1586
f 1584/1584/1584 2496/2496/2496 1585/1585/1585
f 1586/1586/1586 2462/2462/2462 1587/1587/1587
f 1587/1587/1587 2462/2462/2462 1588/1588/1588
f 2462/2462/2462 2427/2427/2427 1588/1588/1588
f 2462/2462/2462 6297/6297/6297 2427/2427/2427
f 6297/6297/6297 6298/6298/6298 2427/2427/2427
f 2427/2427/2427 6298/6298/6298 6299/6299/6299
f 2427/2427/2427 6299/6299/6299 6300/6300/6300
f 2428/2428/2428 2427/2427/2427 6300/6300/6300
f 2427/2427/2427 2428/2428/2428 1588/1588/1588
f 1588/1588/1588 2428/2428/2428 1589/1589/1589
f 2428/2428/2428 1590/1590/1590 1589/1589/1589
f 2428/2428/2428 2429/2429/2429 1590/1590/1590
f 2429/2429/2429 2428/2428/2428 2394/2394/2394
f 2429/2429/2429 2394/2394/2394 1591/1591/1591
f 1590/1590/1590 2429/2429/2429 1591/1591/1591
f 2394/2394/2394 1592/1592/1592 1591/1591/1591
f 2394/2394/2394 2395/2395/2395 1592/1592/1592
f 6306/6306/6306 2395/2395/2395 2394/2394/2394
f 6306/6306/6306 2361/2361/2361 2395/2395/2395
f 2361/2361/2361 6306/6306/6306 6307/6307/6307
f 2361/2361/2361 6307/6307/6307 6308/6308/6308
f 2361/2361/2361 6308/6308/6308 6309/6309/6309
f 2361/2361/2361 6309/6309/6309 2362/2362/2362
f 1594/1594/1594 2361/2361/2361 2362/2362/2362
f 1593/1593/1593 2361/2361/2361 1594/1594/1594
f 2395/2395/2395 2361/2361/2361 1593/1593/1593
f 1592/1592/1592 2395/2395/2395 1593/1593/1593
f 1594/1594/1594 2362/2362/2362 1595/1595/1595
f 2362/2362/2362 2328/2328/2328 1595/1595/1595
f 2362/2362/2362 6309/6309/6309 2328/2328/2328
f 6309/6309/6309 6310/6310/6310 2328/2328/2328
f 2328/2328/2328 6310/6310/6310 6311/6311/6311
f 2328/2328/2328 6311/6311/6311 6312/6312/6312
f 2328/2328/2328 6312/6312/6312 2329/2329/2329
f 1596/1596/1596 2328/2328/2328 2329/2329/2329
f 2328/2328/2328 1596/1596/1596 1595/1595/1595
f 1596/1596/1596 2329/2329/2329 1597/1597/1597
f 1597/1597/1597 2329/2329/2329 1598/1598/1598
f 2329/2329/2329 2295/2295/2295 1598/1598/1598
f 2329/2329/2329 6312/6312/6312 2295/2295/2295
f 6312/6312/6312 6313/6313/6313 2295/2295/2295
f 2295/2295/2295 6313/6313/6313 6314/6314/6314
f 2295/2295/2295 6314/6314/6314 6315/6315/6315
f 2262/2262/2262 2295/2295/2295 6315/6315/6315
f 2262/2262/2262 2263/2263/2263 2295/2295/2295
f 2263/2263/2263 2262/2262/2262 6317/6317/6317
f 6317/6317/6317 6318/6318/6318 2263/2263/2263
f 6318/6318/6318 2230/2230/2230 2263/2263/2263
f 6318/6318/6318 6319/6319/6319 2230/2230/2230
f 2230/2230/2230 6319/6319/6319 6320/6320/6320
f 6320/6320/6320 6321/6321/6321 2230/2230/2230
f 6321/6321/6321 2231/2231/2231 2230/2230/2230
f 2198/2198/2198 2231/2231/2231 6321/6321/6321
f 2198/2198/2198 2199/2199/2199 2231/2231/2231
f 2198/2198/2198 6322/6322/6322 2199/2199/2199
f 6321/6321/6321 6322/6322/6322 2198/2198/2198
f 6322/6322/6322 6323/6323/6323 2199/2199/2199
f 2199/2199/2199 6323/6323/6323 2167/2167/2167
f 2167/2167/2167 1605/1605/1605 2199/2199/2199
f 2167/2167/2167 2168/2168/2168 1605/1605/1605
f 2168/2168/2168 2167/2167/2167 2136/2136/2136
f 2168/2168/2168 2136/2136/2136 1607/1607/1607
f 1606/1606/1606 2168/2168/2168 1607/1607/1607
f 1605/1605/1605 2168/2168/2168 1606/1606/1606
f 2136/2136/2136 2137/2137/2137 1607/1607/1607
f 2136/2136/2136 1608/1608/1608 2137/2137/2137
f 1608/1608/1608 2136/2136/2136 2105/2105/2105
f 2105/2105/2105 2106/2106/2106 1608/1608/1608
f 2106/2106/2106 2105/2105/2105 2077/2077/2077
f 2106/2106/2106 2077/2077/2077 1610/1610/1610
f 1609/1609/1609 2106/2106/2106 1610/1610/1610
f 1608/1608/1608 2106/2106/2106 1609/1609/1609
f 1610/1610/1610 2077/2077/2077 1611/1611/1611
f 2077/2077/2077 2048/2048/2048 1611/1611/1611
f 2077/2077/2077 2076/2076/2076 2048/2048/2048
f 2105/2105/2105 2076/2076/2076 2077/2077/2077
f 2105/2105/2105 2104/2104/2104 2076/2076/2076
f 2104/2104/2104 2105/2105/2105 2135/2135/2135
f 6327/6327/6327 2104/2104/2104 2135/2135/2135
f 6327/6327/6327 6328/6328/6328 2104/2104/2104
f 6328/6328/6328 6329/6329/6329 2104/2104/2104
f 6329/6329/6329 2075/2075/2075 2104/2104/2104
f 6330/6330/6330 2075/2075/2075 6329/6329/6329
f 6330/6330/6330 6331/6331/6331 2075/2075/2075
f 6331/6331/6331 2046/2046/2046 2075/2075/2075
f 6332/6332/6332 2046/2046/2046 6331/6331/6331
f 6332/6332/6332 2045/2045/2045 2046/2046/2046
f 6332/6332/6332 6333/6333/6333 2045/2045/2045
f 6333/6333/6333 6334/6334/6334 2045/2045/2045
f 6700/6700/6700 2045/2045/2045 6334/6334/6334
f 6701/6701/6701 2045/2045/2045 6700/6700/6700
f 2046/2046/2046 2045/2045/2045 6701/6701/6701
f 6702/6702/6702 2046/2046/2046 6701/6701/6701
f 6702/6702/6702 2075/2075/2075 2046/2046/2046
f 2076/2076/2076 2075/2075/2075 6702/6702/6702
f 2076/2076/2076 2104/2104/2104 2075/2075/2075
f 6702/6702/6702 2047/2047/2047 2076/2076/2076
f 6703/6703/6703 2047/2047/2047 6702/6702/6702
f 2048/2048/2048 2047/2047/2047 6703/6703/6703
f 2047/2047/2047 2048/2048/2048 2076/2076/2076
f 6703/6703/6703 6704/6704/6704 2048/2048/2048
f 6704/6704/6704 2020/2020/2020 2048/2048/2048
f 2020/2020/2020 6704/6704/6704 6705/6705/6705
f 2021/2021/2021 2020/2020/2020 6705/6705/6705
f 2048/2048/2048 2020/2020/2020 2021/2021/2021
f 2049/2049/2049 2048/2048/2048 2021/2021/2021
f 2049/2049/2049 1612/1612/1612 2048/2048/2048
f 1612/1612/1612 2049/2049/2049 1613/1613/1613
f 2049/2049/2049 2021/2021/2021 1613/1613/1613
f 1613/1613/1613 2021/2021/2021 1614/1614/1614
f 1614/1614/1614 2021/2021/2021 1615/1615/1615
f 2021/2021/2021 1994/1994/1994 1615/1615/1615
f 2021/2021/2021 6705/6705/6705 1994/1994/1994
f 6705/6705/6705 6706/6706/6706 1994/1994/1994
f 1994/1994/1994 6706/6706/6706 6707/6707/6707
f 6707/6707/6707 1968/1968/1968 1994/1994/1994
f 6707/6707/6707 6708/6708/6708 1968/1968/1968
f 1969/1969/1969 1968/1968/1968 6708/6708/6708
f 1968/1968/1968 1969/1969/1969 1994/1994/1994
f 1994/1994/1994 1969/1969/1969 1995/1995/1995
f 1994/1994/1994 1995/1995/1995 1615/1615/1615
f 1615/1615/1615 1995/1995/1995 1616/1616/1616
f 1995/1995/1995 1969/1969/1969 1616/1616/1616
f 1616/1616/1616 1969/1969/1969 1617/1617/1617
f 1617/1617/1617 1969/1969/1969 1618/1618/1618
f 1969/1969/1969 1943/1943/1943 1618/1618/1618
f 1969/1969/1969 6708/6708/6708 1943/1943/1943
f 6708/6708/6708 6681/6681/6681 1943/1943/1943
f 1943/1943/1943 6681/6681/6681 1918/1918/1918
f 1943/1943/1943 1918/1918/1918 1919/1919/1919
f 1944/1944/1944 1943/1943/1943 1919/1919/1919
f 1943/1943/1943 1944/1944/1944 1619/1619/1619
f 1943/1943/1943 1619/1619/1619 1618/1618/1618
f 1619/1619/1619 1944/1944/1944 1620/1620/1620
f 1944/1944/1944 1919/1919/1919 1620/1620/1620
f 1620/1620/1620 1919/1919/1919 1621/1621/1621
f 1919/1919/1919 1894/1894/1894 1621/1621/1621
f 1919/1919/1919 1918/1918/1918 1894/1894/1894
f 1918/1918/1918 1893/1893/1893 1894/1894/1894
f 1918/1918/1918 1917/1917/1917 1893/1893/1893
f 6681/6681/6681 1917/1917/1917 1918/1918/1918
f 6682/6682/6682 1917/1917/1917 6681/6681/6681
f 6682/6682/6682 1892/1892/1892 1917/1917/1917
f 1891/1891/1891 1892/1892/1892 6682/6682/6682
f 1892/1892/1892 1891/1891/1891 1867/1867/1867
f 1892/1892/1892 1867/1867/1867 1868/1868/1868
f 1893/1893/1893 1892/1892/1892 1868/1868/1868
f 1917/1917/1917 1892/1892/1892 1893/1893/1893
f 1893/1893/1893 1868/1868/1868 1869/1869/1869
f 1894/1894/1894 1893/1893/1893 1869/1869/1869
f 1894/1894/1894 1869/1869/1869 1870/1870/1870
f 1895/1895/1895 1894/1894/1894 1870/1870/1870
f 1895/1895/1895 1622/1622/1622 1894/1894/1894
f 1622/1622/1622 1895/1895/1895 1623/1623/1623
f 1895/1895/1895 1870/1870/1870 1623/1623/1623
f 1870/1870/1870 1624/1624/1624 1623/1623/1623
f 1870/1870/1870 1871/1871/1871 1624/1624/1624
f 1870/1870/1870 1847/1847/1847 1871/1871/1871
f 1870/1870/1870 1846/1846/1846 1847/1847/1847
f 1870/1870/1870 1869/1869/1869 1846/1846/1846
f 1869/1869/1869 1845/1845/1845 1846/1846/1846
f 1869/1869/1869 1868/1868/1868 1845/1845/1845
f 1868/1868/1868 1844/1844/1844 1845/1845/1845
f 1868/1868/1868 1867/1867/1867 1844/1844/1844
f 1867/1867/1867 1843/1843/1843 1844/1844/1844
f 1867/1867/1867 1866/1866/1866 1843/1843/1843
f 1891/1891/1891 1866/1866/1866 1867/1867/1867
f 1865/1865/1865 1866/1866/1866 1891/1891/1891
f 1866/1866/1866 1865/1865/1865 1842/1842/1842
f 1866/1866/1866 1842/1842/1842 1843/1843/1843
f 1843/1843/1843 1842/1842/1842 1819/1819/1819
f 1843/1843/1843 1819/1819/1819 1820/1820/1820
f 1844/1844/1844 1843/1843/1843 1820/1820/1820
f 1844/1844/1844 1820/1820/1820 1821/1821/1821
f 1845/1845/1845 1844/1844/1844 1821/1821/1821
f 1845/1845/1845 1821/1821/1821 1822/1822/1822
f 1846/1846/1846 1845/1845/1845 1822/1822/1822
f 1846/1846/1846 1822/1822/1822 1823/1823/1823
f 1847/1847/1847 1846/1846/1846 1823/1823/1823
f 1847/1847/1847 1823/1823/1823 1627/1627/1627
f 1626/1626/1626 1847/1847/1847 1627/1627/1627
f 1625/1625/1625 1847/1847/1847 1626/1626/1626
f 1871/1871/1871 1847/1847/1847 1625/1625/1625
f 1624/1624/1624 1871/1871/1871 1625/1625/1625
f 1627/1627/1627 1823/1823/1823 1628/1628/1628
f 1629/1629/1629 1628/1628/1628 1823/1823/1823
f 1799/1799/1799 1629/1629/1629 1823/1823/1823
f 1800/1800/1800 1629/1629/1629 1799/1799/1799
f 1629/1629/1629 1800/1800/1800 1630/1630/1630
f 1800/1800/1800 1777/1777/1777 1630/1630/1630
f 1800/1800/1800 1799/1799/1799 1777/1777/1777
f 1799/1799/1799 1776/1776/1776 1777/1777/1777
f 1799/1799/1799 1798/1798/1798 1776/1776/1776
f 1822/1822/1822 1798/1798/1798 1799/1799/1799
f 1822/1822/1822 1821/1821/1821 1798/1798/1798
f 1821/1821/1821 1797/1797/1797 1798/1798/1798
f 1821/1821/1821 1820/1820/1820 1797/1797/1797
f 1820/1820/1820 1796/1796/1796 1797/1797/1797
f 1820/1820/1820 1819/1819/1819 1796/1796/1796
f 1819/1819/1819 1795/1795/1795 1796/1796/1796
f 1819/1819/1819 1818/1818/1818 1795/1795/1795
f 1842/1842/1842 1818/1818/1818 1819/1819/1819
f 1842/1842/1842 1841/1841/1841 1818/1818/1818
f 1865/1865/1865 1841/1841/1841 1842/1842/1842
f 1865/1865/1865 1864/1864/1864 1841/1841/1841
f 6685/6685/6685 1864/1864/1864 1865/1865/1865
f 6686/6686/6686 1864/1864/1864 6685/6685/6685
f 6686/6686/6686 1840/1840/1840 1864/1864/1864
f 6686/6686/6686 1839/1839/1839 1840/1840/1840
f 1839/1839/1839 6686/6686/6686 6687/6687/6687
f 1839/1839/1839 6687/6687/6687 1815/1815/1815
f 1839/1839/1839 1815/1815/1815 1816/1816/1816
f 1840/1840/1840 1839/1839/1839 1816/1816/1816
f 1840/1840/1840 1816/1816/1816 1817/1817/1817
f 1841/1841/1841 1840/1840/1840 1817/1817/1817
f 1864/1864/1864 1840/1840/1840 1841/1841/1841
f 1841/1841/1841 1817/1817/1817 1818/1818/1818
f 1818/1818/1818 1817/1817/1817 1794/1794/1794
f 1818/1818/1818 1794/1794/1794 1795/1795/1795
f 1795/1795/1795 1794/1794/1794 1772/1772/1772
f 1795/1795/1795 1772/1772/1772 1773/1773/1773
f 1796/1796/1796 1795/1795/1795 1773/1773/1773
f 1796/1796/1796 1773/1773/1773 1774/1774/1774
f 1797/1797/1797 1796/1796/1796 1774/1774/1774
f 1797/1797/1797 1774/1774/1774 1775/1775/1775
f 1798/1798/1798 1797/1797/1797 1775/1775/1775
f 1798/1798/1798 1775/1775/1775 1776/1776/1776
f 1776/1776/1776 1775/1775/1775 1754/1754/1754
f 1754/1754/1754 1632/1632/1632 1776/1776/1776
f 1754/1754/1754 1755/1755/1755 1632/1632/1632
f 1754/1754/1754 1633/1633/1633 1755/1755/1755
f 1754/1754/1754 1634/1634/1634 1633/1633/1633
f 1754/1754/1754 1734/1734/1734 1634/1634/1634
f 1754/1754/1754 1753/1753/1753 1734/1734/1734
f 1775/1775/1775 1753/1753/1753 1754/1754/1754
f 1775/1775/1775 1774/1774/1774 1753/1753/1753
f 1774/1774/1774 1752/1752/1752 1753/1753/1753
f 1774/1774/1774 1773/1773/1773 1752/1752/1752
f 1773/1773/1773 1751/1751/1751 1752/1752/1752
f 1773/1773/1773 1772/1772/1772 1751/1751/1751
f 1750/1750/1750 1751/1751/1751 1772/1772/1772
f 1751/1751/1751 1750/1750/1750 6678/6678/6678
f 1751/1751/1751 6678/6678/6678 6679/6679/6679
f 6679/6679/6679 1731/1731/1731 1751/1751/1751
f 6680/6680/6680 1731/1731/1731 6679/6679/6679
f 1732/1732/1732 1731/1731/1731 6680/6680/6680
f 1731/1731/1731 1732/1732/1732 1751/1751/1751
f 1752/1752/1752 1751/1751/1751 1732/1732/1732
f 1752/1752/1752 1732/1732/1732 1733/1733/1733
f 1753/1753/1753 1752/1752/1752 1733/1733/1733
f 1753/1753/1753 1733/1733/1733 1734/1734/1734
f 1734/1734/1734 1733/1733/1733 1715/1715/1715
f 1734/1734/1734 1715/1715/1715 1636/1636/1636
f 1734/1734/1734 1636/1636/1636 1635/1635/1635
f 1634/1634/1634 1734/1734/1734 1635/1635/1635
f 1636/1636/1636 1715/1715/1715 1637/1637/1637
f 1715/1715/1715 1714/1714/1714 1637/1637/1637
f 1733/1733/1733 1714/1714/1714 1715/1715/1715
f 1733/1733/1733 1732/1732/1732 1714/1714/1714
f 1732/1732/1732 1713/1713/1713 1714/1714/1714
f 1732/1732/1732 6653/6653/6653 1713/1713/1713
f 1732/1732/1732 6680/6680/6680 6653/6653/6653
f 6653/6653/6653 1697/1697/1697 1713/1713/1713
f 6653/6653/6653 6654/6654/6654 1697/1697/1697
f 6654/6654/6654 1696/1696/1696 1697/1697/1697
f 6655/6655/6655 1696/1696/1696 6654/6654/6654
f 6655/6655/6655 1681/1681/1681 1696/1696/1696
f 6655/6655/6655 1680/1680/1680 1681/1681/1681
f 6656/6656/6656 1680/1680/1680 6655/6655/6655
f 6656/6656/6656 1667/1667/1667 1680/1680/1680
f 6656/6656/6656 6657/6657/6657 1667/1667/1667
f 6657/6657/6657 1666/1666/1666 1667/1667/1667
f 6658/6658/6658 1666/1666/1666 6657/6657/6657
f 6658/6658/6658 1654/1654/1654 1666/1666/1666
f 6658/6658/6658 1653/1653/1653 1654/1654/1654
f 6659/6659/6659 1653/1653/1653 6658/6658/6658
f 1654/1654/1654 1653/1653/1653 1647/1647/1647
f 1654/1654/1654 1647/1647/1647 1646/1646/1646
f 1655/1655/1655 1654/1654/1654 1646/1646/1646
f 1666/1666/1666 1654/1654/1654 1655/1655/1655
f 1667/1667/1667 1666/1666/1666 1655/1655/1655
f 1667/1667/1667 1655/1655/1655 1656/1656/1656
f 1668/1668/1668 1667/1667/1667 1656/1656/1656
f 1680/1680/1680 1667/1667/1667 1668/1668/1668
f 1681/1681/1681 1680/1680/1680 1668/1668/1668
f 1681/1681/1681 1668/1668/1668 1642/1642/1642
f 1681/1681/1681 1642/1642/1642 1641/1641/1641
f 1682/1682/1682 1681/1681/1681 1641/1641/1641
f 1696/1696/1696 1681/1681/1681 1682/1682/1682
f 1697/1697/1697 1696/1696/1696 1682/1682/1682
f 1697/1697/1697 1682/1682/1682 1640/1640/1640
f 1697/1697/1697 1640/1640/1640 1639/1639/1639
f 1697/1697/1697 1639/1639/1639 1638/1638/1638
f 1697/1697/1697 1638/1638/1638 1714/1714/1714
f 1714/1714/1714 1713/1713/1713 1697/1697/1697
f 1714/1714/1714 1638/1638/1638 1637/1637/1637
f 1640/1640/1640 1682/1682/1682 1641/1641/1641
f 1642/1642/1642 1668/1668/1668 1643/1643/1643
f 1668/1668/1668 1656/1656/1656 1643/1643/1643
f 1643/1643/1643 1656/1656/1656 1644/1644/1644
f 1656/1656/1656 1645/1645/1645 1644/1644/1644
f 1656/1656/1656 1655/1655/1655 1645/1645/1645
f 1655/1655/1655 1646/1646/1646 1645/1645/1645
f 6678/6678/6678 1750/1750/1750 6677/6677/6677
f 6677/6677/6677 1750/1750/1750 1772/1772/1772
f 1772/1772/1772 6676/6676/6676 6677/6677/6677
f 1772/1772/1772 1771/1771/1771 6676/6676/6676
f 1771/1771/1771 1772/1772/1772 1794/1794/1794
f 6675/6675/6675 1771/1771/1771 1794/1794/1794
f 6676/6676/6676 1771/1771/1771 6675/6675/6675
f 1794/1794/1794 6674/6674/6674 6675/6675/6675
f 1794/1794/1794 1793/1793/1793 6674/6674/6674
f 1817/1817/1817 1793/1793/1793 1794/1794/1794
f 1817/1817/1817 1816/1816/1816 1793/1793/1793
f 1816/1816/1816 1792/1792/1792 1793/1793/1793
f 1816/1816/1816 1815/1815/1815 1792/1792/1792
f 1815/1815/1815 1791/1791/1791 1792/1792/1792
f 1815/1815/1815 1814/1814/1814 1791/1791/1791
f 6687/6687/6687 1814/1814/1814 1815/1815/1815
f 6688/6688/6688 1814/1814/1814 6687/6687/6687
f 1813/1813/1813 1814/1814/1814 6688/6688/6688
f 1813/1813/1813 1790/1790/1790 1814/1814/1814
f 1813/1813/1813 1789/1789/1789 1790/1790/1790
f 1813/1813/1813 1812/1812/1812 1789/1789/1789
f 6689/6689/6689 1812/1812/1812 1813/1813/1813
f 1836/1836/1836 1812/1812/1812 6689/6689/6689
f 1836/1836/1836 1835/1835/1835 1812/1812/1812
f 1859/1859/1859 1835/1835/1835 1836/1836/1836
f 1859/1859/1859 1858/1858/1858 1835/1835/1835
f 1883/1883/1883 1858/1858/1858 1859/1859/1859
f 1883/1883/1883 1882/1882/1882 1858/1858/1858
f 1907/1907/1907 1882/1882/1882 1883/1883/1883
f 1907/1907/1907 1906/1906/1906 1882/1882/1882
f 6352/6352/6352 1906/1906/1906 1907/1907/1907
f 6352/6352/6352 6353/6353/6353 1906/1906/1906
f 6351/6351/6351 6352/6352/6352 1907/1907/1907
f 6350/6350/6350 6351/6351/6351 1907/1907/1907
f 6350/6350/6350 1907/1907/1907 1908/1908/1908
f 6349/6349/6349 6350/6350/6350 1908/1908/1908
f 6349/6349/6349 1908/1908/1908 6695/6695/6695
f 6348/6348/6348 6349/6349/6349 6695/6695/6695
f 6348/6348/6348 6695/6695/6695 6347/6347/6347
f 6695/6695/6695 6696/6696/6696 6347/6347/6347
f 6347/6347/6347 6696/6696/6696 6346/6346/6346
f 6345/6345/6345 6346/6346/6346 6696/6696/6696
f 6344/6344/6344 6345/6345/6345 6696/6696/6696
f 6696/6696/6696 6697/6697/6697 6344/6344/6344
f 6344/6344/6344 6697/6697/6697 6343/6343/6343
f 6343/6343/6343 6697/6697/6697 6342/6342/6342
f 6341/6341/6341 6342/6342/6342 6697/6697/6697
f 6341/6341/6341 6697/6697/6697 6698/6698/6698
f 6340/6340/6340 6341/6341/6341 6698/6698/6698
f 1988/1988/1988 6340/6340/6340 6698/6698/6698
f 1988/1988/1988 6339/6339/6339 6340/6340/6340
f 6699/6699/6699 6339/6339/6339 1988/1988/1988
f 6338/6338/6338 6339/6339/6339 6699/6699/6699
f 6337/6337/6337 6338/6338/6338 6699/6699/6699
f 6337/6337/6337 6699/6699/6699 2016/2016/2016
f 6336/6336/6336 6337/6337/6337 2016/2016/2016
f 2016/2016/2016 6335/6335/6335 6336/6336/6336
f 6700/6700/6700 6335/6335/6335 2016/2016/2016
f 6335/6335/6335 6700/6700/6700 6334/6334/6334
f 2016/2016/2016 6699/6699/6699 6700/6700/6700
f 6699/6699/6699 1988/1988/1988 6698/6698/6698
f 6695/6695/6695 1908/1908/1908 6694/6694/6694
f 1908/1908/1908 1883/1883/1883 6694/6694/6694
f 1908/1908/1908 1907/1907/1907 1883/1883/1883
f 6694/6694/6694 1883/1883/1883 1884/1884/1884
f 6694/6694/6694 1884/1884/1884 6693/6693/6693
f 6693/6693/6693 1884/1884/1884 6692/6692/6692
f 1884/1884/1884 1859/1859/1859 6692/6692/6692
f 1884/1884/1884 1883/1883/1883 1859/1859/1859
f 6692/6692/6692 1859/1859/1859 6691/6691/6691
f 1859/1859/1859 1860/1860/1860 6691/6691/6691
f 1859/1859/1859 1836/1836/1836 1860/1860/1860
f 1860/1860/1860 1836/1836/1836 6690/6690/6690
f 6691/6691/6691 1860/1860/1860 6690/6690/6690
f 6690/6690/6690 1836/1836/1836 6689/6689/6689
f 1835/1835/1835 1811/1811/1811 1812/1812/1812
f 1812/1812/1812 1811/1811/1811 1788/1788/1788
f 1812/1812/1812 1788/1788/1788 1789/1789/1789
f 1789/1789/1789 1788/1788/1788 1766/1766/1766
f 1789/1789/1789 1766/1766/1766 1767/1767/1767
f 1790/1790/1790 1789/1789/1789 1767/1767/1767
f 1790/1790/1790 1767/1767/1767 1768/1768/1768
f 1791/1791/1791 1790/1790/1790 1768/1768/1768
f 1814/1814/1814 1790/1790/1790 1791/1791/1791
f 1791/1791/1791 1768/1768/1768 1769/1769/1769
f 1792/1792/1792 1791/1791/1791 1769/1769/1769
f 1792/1792/1792 1769/1769/1769 6673/6673/6673
f 1792/1792/1792 6673/6673/6673 6674/6674/6674
f 6674/6674/6674 1793/1793/1793 1792/1792/1792
f 1769/1769/1769 6672/6672/6672 6673/6673/6673
f 1769/1769/1769 1768/1768/1768 6672/6672/6672
f 1768/1768/1768 1746/1746/1746 6672/6672/6672
f 1768/1768/1768 1767/1767/1767 1746/1746/1746
f 1767/1767/1767 1745/1745/1745 1746/1746/1746
f 1767/1767/1767 1766/1766/1766 1745/1745/1745
f 1766/1766/1766 1744/1744/1744 1745/1745/1745
f 1766/1766/1766 1765/1765/1765 1744/1744/1744
f 1788/1788/1788 1765/1765/1765 1766/1766/1766
f 1765/1765/1765 1743/1743/1743 1744/1744/1744
f 1765/1765/1765 1764/1764/1764 1743/1743/1743
f 1764/1764/1764 1742/1742/1742 1743/1743/1743
f 1764/1764/1764 1763/1763/1763 1742/1742/1742
f 1786/1786/1786 1763/1763/1763 1764/1764/1764
f 1763/1763/1763 1741/1741/1741 1742/1742/1742
f 1763/1763/1763 1762/1762/1762 1741/1741/1741
f 1762/1762/1762 1740/1740/1740 1741/1741/1741
f 1741/1741/1741 1740/1740/1740 1721/1721/1721
f 1741/1741/1741 1721/1721/1721 1722/1722/1722
f 1742/1742/1742 1741/1741/1741 1722/1722/1722
f 1742/1742/1742 1722/1722/1722 1723/1723/1723
f 1743/1743/1743 1742/1742/1742 1723/1723/1723
f 1743/1743/1743 1723/1723/1723 1724/1724/1724
f 1744/1744/1744 1743/1743/1743 1724/1724/1724
f 1744/1744/1744 1724/1724/1724 1725/1725/1725
f 1745/1745/1745 1744/1744/1744 1725/1725/1725
f 1745/1745/1745 1725/1725/1725 6671/6671/6671
f 1746/1746/1746 1745/1745/1745 6671/6671/6671
f 6672/6672/6672 1746/1746/1746 6671/6671/6671
f 6671/6671/6671 1725/1725/1725 6670/6670/6670
f 6670/6670/6670 1725/1725/1725 1724/1724/1724
f 6669/6669/6669 6670/6670/6670 1724/1724/1724
f 1705/1705/1705 6669/6669/6669 1724/1724/1724
f 6668/6668/6668 6669/6669/6669 1705/1705/1705
f 1705/1705/1705 1704/1704/1704 6668/6668/6668
f 1723/1723/1723 1704/1704/1704 1705/1705/1705
f 1723/1723/1723 1722/1722/1722 1704/1704/1704
f 1722/1722/1722 1703/1703/1703 1704/1704/1704
f 1722/1722/1722 1721/1721/1721 1703/1703/1703
f 1721/1721/1721 1702/1702/1702 1703/1703/1703
f 1721/1721/1721 1720/1720/1720 1702/1702/1702
f 1740/1740/1740 1720/1720/1720 1721/1721/1721
f 1740/1740/1740 1739/1739/1739 1720/1720/1720
f 1719/1719/1719 1720/1720/1720 1739/1739/1739
f 1720/1720/1720 1719/1719/1719 1701/1701/1701
f 1720/1720/1720 1701/1701/1701 1702/1702/1702
f 1702/1702/1702 1701/1701/1701 1686/1686/1686
f 1702/1702/1702 1686/1686/1686 1687/1687/1687
f 1703/1703/1703 1702/1702/1702 1687/1687/1687
f 1703/1703/1703 1687/1687/1687 1688/1688/1688
f 1704/1704/1704 1703/1703/1703 1688/1688/1688
f 1704/1704/1704 1688/1688/1688 6668/6668/6668
f 6668/6668/6668 1688/1688/1688 6667/6667/6667
f 1688/1688/1688 1687/1687/1687 6667/6667/6667
f 1687/1687/1687 1672/1672/1672 6667/6667/6667
f 1687/1687/1687 1686/1686/1686 1672/1672/1672
f 1672/1672/1672 1673/1673/1673 6667/6667/6667
f 1672/1672/1672 1660/1660/1660 1673/1673/1673
f 1673/1673/1673 1660/1660/1660 6666/6666/6666
f 6667/6667/6667 1673/1673/1673 6666/6666/6666
f 6666/6666/6666 1660/1660/1660 1661/1661/1661
f 6666/6666/6666 1661/1661/1661 6665/6665/6665
f 6665/6665/6665 1661/1661/1661 6664/6664/6664
f 1661/1661/1661 1649/1649/1649 6664/6664/6664
f 1661/1661/1661 1660/1660/1660 1649/1649/1649
f 1724/1724/1724 1723/1723/1723 1705/1705/1705
f 6689/6689/6689 1813/1813/1813 6688/6688/6688
f 1632/1632/1632 1755/1755/1755 1633/1633/1633
f 1776/1776/1776 1632/1632/1632 1777/1777/1777
f 1631/1631/1631 1777/1777/1777 1632/1632/1632
f 1630/1630/1630 1777/1777/1777 1631/1631/1631
f 6684/6684/6684 6685/6685/6685 1865/1865/1865
f 1865/1865/1865 1891/1891/1891 6684/6684/6684
f 6684/6684/6684 1891/1891/1891 6683/6683/6683
f 6683/6683/6683 1891/1891/1891 6682/6682/6682
f 1823/1823/1823 1822/1822/1822 1799/1799/1799
f 1894/1894/1894 1622/1622/1622 1621/1621/1621
f 2048/2048/2048 1612/1612/1612 1611/1611/1611
f 2135/2135/2135 6326/6326/6326 6327/6327/6327
f 6325/6325/6325 6326/6326/6326 2135/2135/2135
f 6325/6325/6325 2135/2135/2135 2167/2167/2167
f 2167/2167/2167 6324/6324/6324 6325/6325/6325
f 6323/6323/6323 6324/6324/6324 2167/2167/2167
f 2135/2135/2135 2136/2136/2136 2167/2167/2167
f 2136/2136/2136 2135/2135/2135 2105/2105/2105
f 1607/1607/1607 2137/2137/2137 1608/1608/1608
f 2199/2199/2199 1605/1605/1605 1604/1604/1604
f 1603/1603/1603 2199/2199/2199 1604/1604/1604
f 2231/2231/2231 2199/2199/2199 1603/1603/1603
f 1602/1602/1602 2231/2231/2231 1603/1603/1603
f 1601/1601/1601 2231/2231/2231 1602/1602/1602
f 1601/1601/1601 2230/2230/2230 2231/2231/2231
f 2263/2263/2263 2230/2230/2230 1601/1601/1601
f 1600/1600/1600 2263/2263/2263 1601/1601/1601
f 2296/2296/2296 2263/2263/2263 1600/1600/1600
f 2295/2295/2295 2263/2263/2263 2296/2296/2296
f 1598/1598/1598 2295/2295/2295 2296/2296/2296
f 1598/1598/1598 2296/2296/2296 1599/1599/1599
f 1599/1599/1599 2296/2296/2296 1600/1600/1600
f 2262/2262/2262 6316/6316/6316 6317/6317/6317
f 6315/6315/6315 6316/6316/6316 2262/2262/2262
f 2394/2394/2394 6305/6305/6305 6306/6306/6306
f 2394/2394/2394 6304/6304/6304 6305/6305/6305
f 2394/2394/2394 6303/6303/6303 6304/6304/6304
f 2394/2394/2394 2393/2393/2393 6303/6303/6303
f 2428/2428/2428 2393/2393/2393 2394/2394/2394
f 2428/2428/2428 6301/6301/6301 2393/2393/2393
f 2428/2428/2428 6300/6300/6300 6301/6301/6301
f 6301/6301/6301 6302/6302/6302 2393/2393/2393
f 2393/2393/2393 6302/6302/6302 6303/6303/6303
f 6287/6287/6287 6288/6288/6288 2493/2493/2493
f 6287/6287/6287 2493/2493/2493 2528/2528/2528
f 2528/2528/2528 6286/6286/6286 6287/6287/6287
f 2560/2560/2560 6283/6283/6283 2561/2561/2561
f 6283/6283/6283 2560/2560/2560 2526/2526/2526
f 6282/6282/6282 6283/6283/6283 2526/2526/2526
f 6282/6282/6282 2526/2526/2526 2560/2560/2560
f 2560/2560/2560 6281/6281/6281 6282/6282/6282
f 2560/2560/2560 6280/6280/6280 6281/6281/6281
f 2559/2559/2559 6280/6280/6280 2560/2560/2560
f 2559/2559/2559 6279/6279/6279 6280/6280/6280
f 2559/2559/2559 6278/6278/6278 6279/6279/6279
f 2559/2559/2559 6277/6277/6277 6278/6278/6278
f 6276/6276/6276 6277/6277/6277 2591/2591/2591
f 2591/2591/2591 6275/6275/6275 6276/6276/6276
f 2591/2591/2591 6274/6274/6274 6275/6275/6275
f 2622/2622/2622 6270/6270/6270 6271/6271/6271
f 2622/2622/2622 6269/6269/6269 6270/6270/6270
f 2622/2622/2622 6268/6268/6268 6269/6269/6269
f 2622/2622/2622 2621/2621/2621 6268/6268/6268
f 2654/2654/2654 2621/2621/2621 2622/2622/2622
f 2654/2654/2654 6266/6266/6266 2621/2621/2621
f 2654/2654/2654 6265/6265/6265 6266/6266/6266
f 2654/2654/2654 2653/2653/2653 6265/6265/6265
f 2653/2653/2653 6264/6264/6264 6265/6265/6265
f 2653/2653/2653 6263/6263/6263 6264/6264/6264
f 6262/6262/6262 6263/6263/6263 2653/2653/2653
f 6266/6266/6266 6267/6267/6267 2621/2621/2621
f 2621/2621/2621 6267/6267/6267 6268/6268/6268
f 3053/3053/3053 3009/3009/3009 3010/3010/3010
f 3010/3010/3010 3009/3009/3009 2967/2967/2967
f 3010/3010/3010 2967/2967/2967 2968/2968/2968
f 2968/2968/2968 2967/2967/2967 2926/2926/2926
f 2968/2968/2968 2926/2926/2926 2927/2927/2927
f 2927/2927/2927 2926/2926/2926 2886/2886/2886
f 1556/1556/1556 1555/1555/1555 2887/2887/2887
f 1554/1554/1554 2887/2887/2887 1555/1555/1555
f 3100/3100/3100 1547/1547/1547 1546/1546/1546
f 1545/1545/1545 3100/3100/3100 1546/1546/1546
f 3144/3144/3144 3100/3100/3100 1545/1545/1545
f 3144/3144/3144 3143/3143/3143 3100/3100/3100
f 1544/1544/1544 3143/3143/3143 3144/3144/3144
f 1543/1543/1543 3143/3143/3143 1544/1544/1544
f 1544/1544/1544 3144/3144/3144 1545/1545/1545
f 6172/6172/6172 6173/6173/6173 3525/3525/3525
f 6171/6171/6171 6172/6172/6172 3525/3525/3525
f 3697/3697/3697 6159/6159/6159 3698/3698/3698
f 3697/3697/3697 6158/6158/6158 6159/6159/6159
f 3697/3697/3697 6157/6157/6157 6158/6158/6158
f 6156/6156/6156 6157/6157/6157 3697/3697/3697
f 6156/6156/6156 3697/3697/3697 3733/3733/3733
f 3733/3733/3733 6155/6155/6155 6156/6156/6156
f 6154/6154/6154 6155/6155/6155 3733/3733/3733
f 6153/6153/6153 6154/6154/6154 3733/3733/3733
f 3697/3697/3697 3698/3698/3698 3733/3733/3733
f 3986/3986/3986 6133/6133/6133 6134/6134/6134
f 3986/3986/3986 6132/6132/6132 6133/6133/6133
f 3986/3986/3986 6131/6131/6131 6132/6132/6132
f 3986/3986/3986 3985/3985/3985 6131/6131/6131
f 3985/3985/3985 3986/3986/3986 4025/4025/4025
f 6130/6130/6130 3985/3985/3985 4025/4025/4025
f 6130/6130/6130 6131/6131/6131 3985/3985/3985
f 4025/4025/4025 6129/6129/6129 6130/6130/6130
f 4025/4025/4025 6128/6128/6128 6129/6129/6129
f 4025/4025/4025 4024/4024/4024 6128/6128/6128
f 4024/4024/4024 6127/6127/6127 6128/6128/6128
f 4024/4024/4024 6126/6126/6126 6127/6127/6127
f 4024/4024/4024 6125/6125/6125 6126/6126/6126
f 4154/4154/4154 6116/6116/6116 4155/4155/4155
f 6115/6115/6115 6116/6116/6116 4154/4154/4154
f 4154/4154/4154 6114/6114/6114 6115/6115/6115
f 4154/4154/4154 6113/6113/6113 6114/6114/6114
f 6100/6100/6100 4339/4339/4339 6099/6099/6099
f 6099/6099/6099 4339/4339/4339 4338/4338/4338
f 4338/4338/4338 6098/6098/6098 6099/6099/6099
f 4338/4338/4338 6097/6097/6097 6098/6098/6098
f 4338/4338/4338 6096/6096/6096 6097/6097/6097
f 6093/6093/6093 4383/4383/4383 6092/6092/6092
f 6092/6092/6092 4383/4383/4383 4430/4430/4430
f 4430/4430/4430 6091/6091/6091 6092/6092/6092
f 4430/4430/4430 6090/6090/6090 6091/6091/6091
f 4430/4430/4430 6089/6089/6089 6090/6090/6090
f 4430/4430/4430 4429/4429/4429 6089/6089/6089
f 4429/4429/4429 4430/4430/4430 4475/4475/4475
f 6088/6088/6088 4429/4429/4429 4475/4475/4475
f 6089/6089/6089 4429/4429/4429 6088/6088/6088
f 4475/4475/4475 6087/6087/6087 6088/6088/6088
f 4475/4475/4475 6086/6086/6086 6087/6087/6087
f 6078/6078/6078 6079/6079/6079 4564/4564/4564
f 6077/6077/6077 6078/6078/6078 4564/4564/4564
f 4564/4564/4564 4609/4609/4609 6077/6077/6077
f 4609/4609/4609 6076/6076/6076 6077/6077/6077
f 4608/4608/4608 6076/6076/6076 4609/4609/4609
f 4608/4608/4608 6075/6075/6075 6076/6076/6076
f 6074/6074/6074 6075/6075/6075 4608/4608/4608
f 4651/4651/4651 6071/6071/6071 6072/6072/6072
f 6070/6070/6070 6071/6071/6071 4651/4651/4651
f 5008/5008/5008 6037/6037/6037 5009/5009/5009
f 5008/5008/5008 6036/6036/6036 6037/6037/6037
f 5008/5008/5008 6035/6035/6035 6036/6036/6036
f 5008/5008/5008 6034/6034/6034 6035/6035/6035
f 5187/5187/5187 6018/6018/6018 5188/5188/5188
f 6017/6017/6017 6018/6018/6018 5187/5187/5187
f 5187/5187/5187 6016/6016/6016 6017/6017/6017
f 5187/5187/5187 6015/6015/6015 6016/6016/6016
f 5187/5187/5187 6014/6014/6014 6015/6015/6015
f 5412/5412/5412 5993/5993/5993 5413/5413/5413
f 5992/5992/5992 5993/5993/5993 5412/5412/5412
f 5412/5412/5412 5991/5991/5991 5992/5992/5992
f 5412/5412/5412 5990/5990/5990 5991/5991/5991
f 5412/5412/5412 5411/5411/5411 5990/5990/5990
f 5440/5440/5440 5411/5411/5411 5412/5412/5412
f 5440/5440/5440 5988/5988/5988 5411/5411/5411
f 5440/5440/5440 5987/5987/5987 5988/5988/5988
f 5988/5988/5988 5989/5989/5989 5411/5411/5411
f 5411/5411/5411 5989/5989/5989 5990/5990/5990
f 5531/5531/5531 7122/7122/7122 7123/7123/7123
f 5531/5531/5531 7121/7121/7121 7122/7122/7122
f 5530/5530/5530 7121/7121/7121 5531/5531/5531
f 5530/5530/5530 7120/7120/7120 7121/7121/7121
f 7119/7119/7119 7120/7120/7120 5530/5530/5530
f 5530/5530/5530 7118/7118/7118 7119/7119/7119
f 5530/5530/5530 5531/5531/5531 7118/7118/7118
f 7118/7118/7118 5531/5531/5531 7117/7117/7117
f 5531/5531/5531 5550/5550/5550 7117/7117/7117
f 5531/5531/5531 5532/5532/5532 5550/5550/5550
f 1407/1407/1407 1406/1406/1406 5471/5471/5471
f 1405/1405/1405 5471/5471/5471 1406/1406/1406
f 5564/5564/5564 5550/5550/5550 5551/5551/5551
f 1343/1343/1343 1342/1342/1342 5087/5087/5087
f 5087/5087/5087 1342/1342/1342 1341/1341/1341
f 6838/6838/6838 6839/6839/6839 4168/4168/4168
f 6838/6838/6838 4168/4168/4168 6837/6837/6837
f 3992/3992/3992 1281/1281/1281 1280/1280/1280
f 1280/1280/1280 1279/1279/1279 3953/3953/3953
f 3953/3953/3953 1279/1279/1279 1278/1278/1278
f 1246/1246/1246 1245/1245/1245 3391/3391/3391
f 3391/3391/3391 1245/1245/1245 1244/1244/1244
f 1237/1237/1237 1236/1236/1236 3189/3189/3189
f 3145/3145/3145 3189/3189/3189 1236/1236/1236
f 3145/3145/3145 3146/3146/3146 3189/3189/3189
f 3146/3146/3146 3145/3145/3145 1234/1234/1234
f 3146/3146/3146 1234/1234/1234 3101/3101/3101
f 3146/3146/3146 3101/3101/3101 3102/3102/3102
f 3102/3102/3102 3101/3101/3101 1232/1232/1232
f 3102/3102/3102 1232/1232/1232 3058/3058/3058
f 3102/3102/3102 3058/3058/3058 3059/3059/3059
f 3059/3059/3059 3058/3058/3058 3014/3014/3014
f 3059/3059/3059 3014/3014/3014 3015/3015/3015
f 3059/3059/3059 3015/3015/3015 3060/3060/3060
f 3059/3059/3059 3060/3060/3060 6450/6450/6450
f 6451/6451/6451 3059/3059/3059 6450/6450/6450
f 6452/6452/6452 3059/3059/3059 6451/6451/6451
f 6453/6453/6453 3059/3059/3059 6452/6452/6452
f 6450/6450/6450 3060/3060/3060 6539/6539/6539
f 6539/6539/6539 3060/3060/3060 6538/6538/6538
f 6538/6538/6538 3060/3060/3060 6537/6537/6537
f 6537/6537/6537 3060/3060/3060 6536/6536/6536
f 6536/6536/6536 3060/3060/3060 6535/6535/6535
f 3060/3060/3060 3015/3015/3015 6535/6535/6535
f 6535/6535/6535 3015/3015/3015 6534/6534/6534
f 6534/6534/6534 3015/3015/3015 6533/6533/6533
f 3015/3015/3015 3016/3016/3016 6533/6533/6533
f 3015/3015/3015 2972/2972/2972 3016/3016/3016
f 3015/3015/3015 2971/2971/2971 2972/2972/2972
f 3015/3015/3015 3014/3014/3014 2971/2971/2971
f 3014/3014/3014 2970/2970/2970 2971/2971/2971
f 3014/3014/3014 1228/1228/1228 2970/2970/2970
f 1229/1229/1229 1228/1228/1228 3014/3014/3014
f 3013/3013/3013 1229/1229/1229 3014/3014/3014
f 1230/1230/1230 1229/1229/1229 3013/3013/3013
f 3058/3058/3058 1230/1230/1230 3013/3013/3013
f 3058/3058/3058 1231/1231/1231 1230/1230/1230
f 3058/3058/3058 3057/3057/3057 1231/1231/1231
f 1232/1232/1232 3057/3057/3057 3058/3058/3058
f 1232/1232/1232 1231/1231/1231 3057/3057/3057
f 3058/3058/3058 3013/3013/3013 3014/3014/3014
f 1228/1228/1228 1227/1227/1227 2970/2970/2970
f 2970/2970/2970 1227/1227/1227 1226/1226/1226
f 2971/2971/2971 2970/2970/2970 1226/1226/1226
f 2971/2971/2971 1226/1226/1226 2928/2928/2928
f 2971/2971/2971 2928/2928/2928 2929/2929/2929
f 2972/2972/2972 2971/2971/2971 2929/2929/2929
f 2972/2972/2972 2929/2929/2929 2930/2930/2930
f 2973/2973/2973 2972/2972/2972 2930/2930/2930
f 3016/3016/3016 2972/2972/2972 2973/2973/2973
f 3017/3017/3017 3016/3016/3016 2973/2973/2973
f 3017/3017/3017 6527/6527/6527 3016/3016/3016
f 6526/6526/6526 6527/6527/6527 3017/3017/3017
f 6525/6525/6525 6526/6526/6526 3017/3017/3017
f 6524/6524/6524 6525/6525/6525 3017/3017/3017
f 6524/6524/6524 3017/3017/3017 6523/6523/6523
f 6523/6523/6523 3017/3017/3017 3062/3062/3062
f 6522/6522/6522 6523/6523/6523 3062/3062/3062
f 6521/6521/6521 6522/6522/6522 3062/3062/3062
f 6520/6520/6520 6521/6521/6521 3062/3062/3062
f 6520/6520/6520 3062/3062/3062 6519/6519/6519
f 6519/6519/6519 3062/3062/3062 6518/6518/6518
f 3018/3018/3018 3062/3062/3062 3017/3017/3017
f 3018/3018/3018 3017/3017/3017 2974/2974/2974
f 3018/3018/3018 2974/2974/2974 2975/2975/2975
f 2975/2975/2975 2974/2974/2974 2932/2932/2932
f 2975/2975/2975 2932/2932/2932 2933/2933/2933
f 2933/2933/2933 2932/2932/2932 2891/2891/2891
f 2933/2933/2933 2891/2891/2891 2892/2892/2892
f 2892/2892/2892 2891/2891/2891 2851/2851/2851
f 2892/2892/2892 2851/2851/2851 2852/2852/2852
f 2852/2852/2852 2851/2851/2851 1215/1215/1215
f 2852/2852/2852 1215/1215/1215 1214/1214/1214
f 2852/2852/2852 1214/1214/1214 1213/1213/1213
f 2851/2851/2851 1216/1216/1216 1215/1215/1215
f 2851/2851/2851 2850/2850/2850 1216/1216/1216
f 2891/2891/2891 2850/2850/2850 2851/2851/2851
f 1217/1217/1217 2850/2850/2850 2891/2891/2891
f 2850/2850/2850 1217/1217/1217 1216/1216/1216
f 1218/1218/1218 1217/1217/1217 2891/2891/2891
f 2891/2891/2891 2890/2890/2890 1218/1218/1218
f 2932/2932/2932 2890/2890/2890 2891/2891/2891
f 2932/2932/2932 2931/2931/2931 2890/2890/2890
f 2974/2974/2974 2931/2931/2931 2932/2932/2932
f 2974/2974/2974 2973/2973/2973 2931/2931/2931
f 3017/3017/3017 2973/2973/2973 2974/2974/2974
f 2973/2973/2973 2930/2930/2930 2931/2931/2931
f 2931/2931/2931 2930/2930/2930 2889/2889/2889
f 2931/2931/2931 2889/2889/2889 2890/2890/2890
f 2889/2889/2889 1219/1219/1219 2890/2890/2890
f 2889/2889/2889 1220/1220/1220 1219/1219/1219
f 2889/2889/2889 1221/1221/1221 1220/1220/1220
f 2889/2889/2889 2888/2888/2888 1221/1221/1221
f 2930/2930/2930 2888/2888/2888 2889/2889/2889
f 1222/1222/1222 2888/2888/2888 2930/2930/2930
f 2888/2888/2888 1222/1222/1222 1221/1221/1221
f 1223/1223/1223 1222/1222/1222 2930/2930/2930
f 2930/2930/2930 2929/2929/2929 1223/1223/1223
f 2929/2929/2929 1224/1224/1224 1223/1223/1223
f 2929/2929/2929 2928/2928/2928 1224/1224/1224
f 2928/2928/2928 1225/1225/1225 1224/1224/1224
f 1226/1226/1226 1225/1225/1225 2928/2928/2928
f 2890/2890/2890 1219/1219/1219 1218/1218/1218
f 6528/6528/6528 3016/3016/3016 6527/6527/6527
f 6529/6529/6529 3016/3016/3016 6528/6528/6528
f 6530/6530/6530 3016/3016/3016 6529/6529/6529
f 6531/6531/6531 3016/3016/3016 6530/6530/6530
f 3016/3016/3016 6531/6531/6531 6532/6532/6532
f 3016/3016/3016 6532/6532/6532 6533/6533/6533
f 3101/3101/3101 1233/1233/1233 1232/1232/1232
f 1234/1234/1234 1233/1233/1233 3101/3101/3101
f 1235/1235/1235 1234/1234/1234 3145/3145/3145
f 1236/1236/1236 1235/1235/1235 3145/3145/3145
f 3107/3107/3107 3108/3108/3108 3153/3153/3153
f 3107/3107/3107 3065/3065/3065 3108/3108/3108
f 3065/3065/3065 3107/3107/3107 3064/3064/3064
f 3065/3065/3065 3064/3064/3064 3020/3020/3020
f 3065/3065/3065 3020/3020/3020 3021/3021/3021
f 3021/3021/3021 3020/3020/3020 2977/2977/2977
f 3021/3021/3021 2977/2977/2977 2978/2978/2978
f 2978/2978/2978 2977/2977/2977 2935/2935/2935
f 2978/2978/2978 2935/2935/2935 2936/2936/2936
f 2936/2936/2936 2935/2935/2935 2894/2894/2894
f 2936/2936/2936 2894/2894/2894 2895/2895/2895
f 2895/2895/2895 2894/2894/2894 2854/2854/2854
f 2895/2895/2895 2854/2854/2854 2855/2855/2855
f 2855/2855/2855 2854/2854/2854 2816/2816/2816
f 2855/2855/2855 2816/2816/2816 2817/2817/2817
f 2894/2894/2894 2853/2853/2853 2854/2854/2854
f 2894/2894/2894 2893/2893/2893 2853/2853/2853
f 2935/2935/2935 2893/2893/2893 2894/2894/2894
f 2935/2935/2935 2934/2934/2934 2893/2893/2893
f 2977/2977/2977 2934/2934/2934 2935/2935/2935
f 2977/2977/2977 2976/2976/2976 2934/2934/2934
f 3020/3020/3020 2976/2976/2976 2977/2977/2977
f 3020/3020/3020 3019/3019/3019 2976/2976/2976
f 3064/3064/3064 3019/3019/3019 3020/3020/3020
f 3064/3064/3064 3063/3063/3063 3019/3019/3019
f 1207/1207/1207 2782/2782/2782 2818/2818/2818
f 2782/2782/2782 1207/1207/1207 1206/1206/1206
f 2782/2782/2782 1206/1206/1206 1205/1205/1205
f 2783/2783/2783 2782/2782/2782 1205/1205/1205
f 2818/2818/2818 2782/2782/2782 2783/2783/2783
f 2783/2783/2783 1205/1205/1205 1204/1204/1204
f 2898/2898/2898 2897/2897/2897 2857/2857/2857
f 2898/2898/2898 2857/2857/2857 2858/2858/2858
f 2858/2858/2858 2857/2857/2857 2819/2819/2819
f 2858/2858/2858 2819/2819/2819 2820/2820/2820
f 2820/2820/2820 2819/2819/2819 2784/2784/2784
f 2820/2820/2820 2784/2784/2784 2785/2785/2785
f 2785/2785/2785 2784/2784/2784 2751/2751/2751
f 2785/2785/2785 2751/2751/2751 2752/2752/2752
f 2752/2752/2752 2751/2751/2751 2719/2719/2719
f 2752/2752/2752 2719/2719/2719 2720/2720/2720
f 1204/1204/1204 1203/1203/1203 2750/2750/2750
f 2750/2750/2750 1203/1203/1203 1202/1202/1202
f 1196/1196/1196 1195/1195/1195 2656/2656/2656
f 2656/2656/2656 1195/1195/1195 1194/1194/1194
f 1194/1194/1194 1193/1193/1193 2625/2625/2625
f 2625/2625/2625 1193/1193/1193 1192/1192/1192
f 1192/1192/1192 1191/1191/1191 2593/2593/2593
f 2593/2593/2593 1191/1191/1191 1190/1190/1190
f 2563/2563/2563 2530/2530/2530 2531/2531/2531
f 1184/1184/1184 1183/1183/1183 2497/2497/2497
f 1181/1181/1181 2464/2464/2464 2499/2499/2499
f 2464/2464/2464 1181/1181/1181 1180/1180/1180
f 2464/2464/2464 1180/1180/1180 1179/1179/1179
f 2465/2465/2465 2464/2464/2464 1179/1179/1179
f 2499/2499/2499 2464/2464/2464 2465/2465/2465
f 2465/2465/2465 1179/1179/1179 2430/2430/2430
f 2465/2465/2465 2430/2430/2430 2431/2431/2431
f 2431/2431/2431 2430/2430/2430 1177/1177/1177
f 1177/1177/1177 1176/1176/1176 2431/2431/2431
f 1176/1176/1176 2396/2396/2396 2431/2431/2431
f 2396/2396/2396 1176/1176/1176 1175/1175/1175
f 2397/2397/2397 2396/2396/2396 1175/1175/1175
f 2431/2431/2431 2396/2396/2396 2397/2397/2397
f 2397/2397/2397 1175/1175/1175 1174/1174/1174
f 2398/2398/2398 2397/2397/2397 1174/1174/1174
f 2398/2398/2398 1174/1174/1174 2363/2363/2363
f 2398/2398/2398 2363/2363/2363 2364/2364/2364
f 2364/2364/2364 2363/2363/2363 1172/1172/1172
f 2364/2364/2364 1172/1172/1172 2330/2330/2330
f 2364/2364/2364 2330/2330/2330 2331/2331/2331
f 2331/2331/2331 2330/2330/2330 1170/1170/1170
f 1170/1170/1170 1169/1169/1169 2331/2331/2331
f 1169/1169/1169 2297/2297/2297 2331/2331/2331
f 2297/2297/2297 1169/1169/1169 1168/1168/1168
f 2297/2297/2297 1168/1168/1168 1167/1167/1167
f 1167/1167/1167 2298/2298/2298 2297/2297/2297
f 1167/1167/1167 2264/2264/2264 2298/2298/2298
f 2264/2264/2264 1167/1167/1167 1166/1166/1166
f 2264/2264/2264 1166/1166/1166 1165/1165/1165
f 2265/2265/2265 2264/2264/2264 1165/1165/1165
f 2298/2298/2298 2264/2264/2264 2265/2265/2265
f 2299/2299/2299 2298/2298/2298 2265/2265/2265
f 2332/2332/2332 2298/2298/2298 2299/2299/2299
f 2332/2332/2332 2331/2331/2331 2298/2298/2298
f 2331/2331/2331 2297/2297/2297 2298/2298/2298
f 2299/2299/2299 2265/2265/2265 2266/2266/2266
f 2300/2300/2300 2299/2299/2299 2266/2266/2266
f 2300/2300/2300 2266/2266/2266 2267/2267/2267
f 2267/2267/2267 2266/2266/2266 2234/2234/2234
f 2267/2267/2267 2234/2234/2234 2235/2235/2235
f 2235/2235/2235 2234/2234/2234 2202/2202/2202
f 2235/2235/2235 2202/2202/2202 2203/2203/2203
f 2236/2236/2236 2235/2235/2235 2203/2203/2203
f 2236/2236/2236 2203/2203/2203 2204/2204/2204
f 2237/2237/2237 2236/2236/2236 2204/2204/2204
f 2204/2204/2204 2203/2203/2203 2172/2172/2172
f 2204/2204/2204 2172/2172/2172 2173/2173/2173
f 2173/2173/2173 2172/2172/2172 2141/2141/2141
f 2173/2173/2173 2141/2141/2141 2142/2142/2142
f 2142/2142/2142 2141/2141/2141 2110/2110/2110
f 2142/2142/2142 2110/2110/2110 2111/2111/2111
f 2111/2111/2111 2110/2110/2110 2080/2080/2080
f 2111/2111/2111 2080/2080/2080 2081/2081/2081
f 2081/2081/2081 2080/2080/2080 2052/2052/2052
f 2081/2081/2081 2052/2052/2052 2053/2053/2053
f 2053/2053/2053 2052/2052/2052 2024/2024/2024
f 2053/2053/2053 2024/2024/2024 2025/2025/2025
f 2025/2025/2025 2024/2024/2024 1997/1997/1997
f 2025/2025/2025 1997/1997/1997 1998/1998/1998
f 1998/1998/1998 1997/1997/1997 1971/1971/1971
f 1998/1998/1998 1971/1971/1971 1972/1972/1972
f 1972/1972/1972 1971/1971/1971 1946/1946/1946
f 1972/1972/1972 1946/1946/1946 1947/1947/1947
f 1947/1947/1947 1946/1946/1946 1921/1921/1921
f 1947/1947/1947 1921/1921/1921 1922/1922/1922
f 1922/1922/1922 1921/1921/1921 1897/1897/1897
f 1922/1922/1922 1897/1897/1897 1898/1898/1898
f 1898/1898/1898 1897/1897/1897 1873/1873/1873
f 1898/1898/1898 1873/1873/1873 1874/1874/1874
f 1899/1899/1899 1898/1898/1898 1874/1874/1874
f 1899/1899/1899 1874/1874/1874 1875/1875/1875
f 1875/1875/1875 1874/1874/1874 1850/1850/1850
f 1875/1875/1875 1850/1850/1850 1851/1851/1851
f 1876/1876/1876 1875/1875/1875 1851/1851/1851
f 1876/1876/1876 1851/1851/1851 1852/1852/1852
f 1852/1852/1852 1851/1851/1851 6642/6642/6642
f 6642/6642/6642 6643/6643/6643 1852/1852/1852
f 6644/6644/6644 1852/1852/1852 6643/6643/6643
f 1851/1851/1851 1827/1827/1827 6642/6642/6642
f 1851/1851/1851 1850/1850/1850 1827/1827/1827
f 1850/1850/1850 1826/1826/1826 1827/1827/1827
f 1850/1850/1850 1849/1849/1849 1826/1826/1826
f 1874/1874/1874 1849/1849/1849 1850/1850/1850
f 1874/1874/1874 1873/1873/1873 1849/1849/1849
f 1873/1873/1873 1848/1848/1848 1849/1849/1849
f 1873/1873/1873 1133/1133/1133 1848/1848/1848
f 1873/1873/1873 1872/1872/1872 1133/1133/1133
f 1897/1897/1897 1872/1872/1872 1873/1873/1873
f 1897/1897/1897 1135/1135/1135 1872/1872/1872
f 1897/1897/1897 1136/1136/1136 1135/1135/1135
f 1897/1897/1897 1896/1896/1896 1136/1136/1136
f 1921/1921/1921 1896/1896/1896 1897/1897/1897
f 1921/1921/1921 1137/1137/1137 1896/1896/1896
f 1921/1921/1921 1138/1138/1138 1137/1137/1137
f 1921/1921/1921 1920/1920/1920 1138/1138/1138
f 1946/1946/1946 1920/1920/1920 1921/1921/1921
f 1946/1946/1946 1139/1139/1139 1920/1920/1920
f 1946/1946/1946 1140/1140/1140 1139/1139/1139
f 1946/1946/1946 1945/1945/1945 1140/1140/1140
f 1971/1971/1971 1945/1945/1945 1946/1946/1946
f 1971/1971/1971 1142/1142/1142 1945/1945/1945
f 1971/1971/1971 1970/1970/1970 1142/1142/1142
f 1997/1997/1997 1970/1970/1970 1971/1971/1971
f 1997/1997/1997 1144/1144/1144 1970/1970/1970
f 1997/1997/1997 1996/1996/1996 1144/1144/1144
f 2024/2024/2024 1996/1996/1996 1997/1997/1997
f 2024/2024/2024 1146/1146/1146 1996/1996/1996
f 2024/2024/2024 2023/2023/2023 1146/1146/1146
f 2052/2052/2052 2023/2023/2023 2024/2024/2024
f 2052/2052/2052 2051/2051/2051 2023/2023/2023
f 2080/2080/2080 2051/2051/2051 2052/2052/2052
f 2080/2080/2080 2079/2079/2079 2051/2051/2051
f 2110/2110/2110 2079/2079/2079 2080/2080/2080
f 2110/2110/2110 2109/2109/2109 2079/2079/2079
f 2141/2141/2141 2109/2109/2109 2110/2110/2110
f 2141/2141/2141 2140/2140/2140 2109/2109/2109
f 2172/2172/2172 2140/2140/2140 2141/2141/2141
f 2172/2172/2172 2171/2171/2171 2140/2140/2140
f 2203/2203/2203 2171/2171/2171 2172/2172/2172
f 2203/2203/2203 2202/2202/2202 2171/2171/2171
f 2202/2202/2202 2170/2170/2170 2171/2171/2171
f 2202/2202/2202 2201/2201/2201 2170/2170/2170
f 2234/2234/2234 2201/2201/2201 2202/2202/2202
f 2234/2234/2234 2233/2233/2233 2201/2201/2201
f 2266/2266/2266 2233/2233/2233 2234/2234/2234
f 2266/2266/2266 2265/2265/2265 2233/2233/2233
f 2265/2265/2265 2232/2232/2232 2233/2233/2233
f 2265/2265/2265 1165/1165/1165 2232/2232/2232
f 1165/1165/1165 1164/1164/1164 2232/2232/2232
f 2232/2232/2232 1164/1164/1164 1163/1163/1163
f 2233/2233/2233 2232/2232/2232 1163/1163/1163
f 2233/2233/2233 1163/1163/1163 2200/2200/2200
f 2233/2233/2233 2200/2200/2200 2201/2201/2201
f 2201/2201/2201 2200/2200/2200 1161/1161/1161
f 2201/2201/2201 1161/1161/1161 2169/2169/2169
f 2201/2201/2201 2169/2169/2169 2170/2170/2170
f 2170/2170/2170 2169/2169/2169 1159/1159/1159
f 2170/2170/2170 1159/1159/1159 2138/2138/2138
f 2170/2170/2170 2138/2138/2138 2139/2139/2139
f 2171/2171/2171 2170/2170/2170 2139/2139/2139
f 2171/2171/2171 2139/2139/2139 2140/2140/2140
f 2140/2140/2140 2139/2139/2139 2108/2108/2108
f 2140/2140/2140 2108/2108/2108 2109/2109/2109
f 2108/2108/2108 1153/1153/1153 2109/2109/2109
f 1154/1154/1154 1153/1153/1153 2108/2108/2108
f 2108/2108/2108 1155/1155/1155 1154/1154/1154
f 2108/2108/2108 2107/2107/2107 1155/1155/1155
f 2139/2139/2139 2107/2107/2107 2108/2108/2108
f 2139/2139/2139 1156/1156/1156 2107/2107/2107
f 2139/2139/2139 1157/1157/1157 1156/1156/1156
f 2139/2139/2139 2138/2138/2138 1157/1157/1157
f 2138/2138/2138 1158/1158/1158 1157/1157/1157
f 1159/1159/1159 1158/1158/1158 2138/2138/2138
f 1156/1156/1156 1155/1155/1155 2107/2107/2107
f 2078/2078/2078 2109/2109/2109 1153/1153/1153
f 2109/2109/2109 2078/2078/2078 2079/2079/2079
f 2079/2079/2079 2078/2078/2078 1151/1151/1151
f 2079/2079/2079 1151/1151/1151 2050/2050/2050
f 2079/2079/2079 2050/2050/2050 2051/2051/2051
f 2051/2051/2051 2050/2050/2050 1149/1149/1149
f 2051/2051/2051 1149/1149/1149 2022/2022/2022
f 2051/2051/2051 2022/2022/2022 2023/2023/2023
f 2023/2023/2023 2022/2022/2022 1148/1148/1148
f 2023/2023/2023 1148/1148/1148 1147/1147/1147
f 2023/2023/2023 1147/1147/1147 1146/1146/1146
f 1149/1149/1149 1148/1148/1148 2022/2022/2022
f 2050/2050/2050 1150/1150/1150 1149/1149/1149
f 1151/1151/1151 1150/1150/1150 2050/2050/2050
f 2078/2078/2078 1152/1152/1152 1151/1151/1151
f 2078/2078/2078 1153/1153/1153 1152/1152/1152
f 2169/2169/2169 1160/1160/1160 1159/1159/1159
f 1161/1161/1161 1160/1160/1160 2169/2169/2169
f 2200/2200/2200 1162/1162/1162 1161/1161/1161
f 1163/1163/1163 1162/1162/1162 2200/2200/2200
f 1146/1146/1146 1145/1145/1145 1996/1996/1996
f 1996/1996/1996 1145/1145/1145 1144/1144/1144
f 1144/1144/1144 1143/1143/1143 1970/1970/1970
f 1970/1970/1970 1143/1143/1143 1142/1142/1142
f 1142/1142/1142 1141/1141/1141 1945/1945/1945
f 1945/1945/1945 1141/1141/1141 1140/1140/1140
f 1139/1139/1139 1138/1138/1138 1920/1920/1920
f 1137/1137/1137 1136/1136/1136 1896/1896/1896
f 1135/1135/1135 1134/1134/1134 1872/1872/1872
f 1872/1872/1872 1134/1134/1134 1133/1133/1133
f 1133/1133/1133 1132/1132/1132 1848/1848/1848
f 1132/1132/1132 1824/1824/1824 1848/1848/1848
f 1132/1132/1132 1131/1131/1131 1824/1824/1824
f 1824/1824/1824 1131/1131/1131 1130/1130/1130
f 1825/1825/1825 1824/1824/1824 1130/1130/1130
f 1824/1824/1824 1825/1825/1825 1848/1848/1848
f 1849/1849/1849 1848/1848/1848 1825/1825/1825
f 1849/1849/1849 1825/1825/1825 1826/1826/1826
f 1826/1826/1826 1825/1825/1825 1802/1802/1802
f 1802/1802/1802 6641/6641/6641 1826/1826/1826
f 6640/6640/6640 6641/6641/6641 1802/1802/1802
f 1802/1802/1802 1778/1778/1778 6640/6640/6640
f 1802/1802/1802 1128/1128/1128 1778/1778/1778
f 1802/1802/1802 1801/1801/1801 1128/1128/1128
f 1825/1825/1825 1801/1801/1801 1802/1802/1802
f 1825/1825/1825 1130/1130/1130 1801/1801/1801
f 1130/1130/1130 1129/1129/1129 1801/1801/1801
f 1801/1801/1801 1129/1129/1129 1128/1128/1128
f 1127/1127/1127 1778/1778/1778 1128/1128/1128
f 1127/1127/1127 6639/6639/6639 1778/1778/1778
f 6639/6639/6639 1127/1127/1127 1126/1126/1126
f 6639/6639/6639 1126/1126/1126 6638/6638/6638
f 1126/1126/1126 1125/1125/1125 6638/6638/6638
f 1125/1125/1125 6637/6637/6637 6638/6638/6638
f 1125/1125/1125 1124/1124/1124 6637/6637/6637
f 6637/6637/6637 1124/1124/1124 1123/1123/1123
f 6637/6637/6637 1123/1123/1123 6636/6636/6636
f 1123/1123/1123 1735/1735/1735 6636/6636/6636
f 1123/1123/1123 1122/1122/1122 1735/1735/1735
f 1735/1735/1735 1122/1122/1122 6635/6635/6635
f 6636/6636/6636 1735/1735/1735 6635/6635/6635
f 6635/6635/6635 1122/1122/1122 1121/1121/1121
f 6635/6635/6635 1121/1121/1121 6634/6634/6634
f 6634/6634/6634 1121/1121/1121 1716/1716/1716
f 6634/6634/6634 1716/1716/1716 6633/6633/6633
f 1716/1716/1716 1120/1120/1120 6633/6633/6633
f 1121/1121/1121 1120/1120/1120 1716/1716/1716
f 1120/1120/1120 1119/1119/1119 6633/6633/6633
f 6633/6633/6633 1119/1119/1119 6632/6632/6632
f 1119/1119/1119 1698/1698/1698 6632/6632/6632
f 1698/1698/1698 1119/1119/1119 1118/1118/1118
f 6632/6632/6632 1698/1698/1698 1118/1118/1118
f 6632/6632/6632 1118/1118/1118 1117/1117/1117
f 6632/6632/6632 1117/1117/1117 1699/1699/1699
f 6632/6632/6632 1699/1699/1699 6631/6631/6631
f 6631/6631/6631 1699/1699/1699 1700/1700/1700
f 1700/1700/1700 1699/1699/1699 1684/1684/1684
f 1700/1700/1700 1684/1684/1684 1685/1685/1685
f 1685/1685/1685 1684/1684/1684 1670/1670/1670
f 1685/1685/1685 1670/1670/1670 1671/1671/1671
f 1671/1671/1671 1670/1670/1670 1658/1658/1658
f 1671/1671/1671 1658/1658/1658 1659/1659/1659
f 1658/1658/1658 1109/1109/1109 1659/1659/1659
f 1658/1658/1658 1110/1110/1110 1109/1109/1109
f 1658/1658/1658 1111/1111/1111 1110/1110/1110
f 1658/1658/1658 1657/1657/1657 1111/1111/1111
f 1657/1657/1657 1658/1658/1658 1670/1670/1670
f 1112/1112/1112 1657/1657/1657 1670/1670/1670
f 1112/1112/1112 1111/1111/1111 1657/1657/1657
f 1670/1670/1670 1113/1113/1113 1112/1112/1112
f 1670/1670/1670 1669/1669/1669 1113/1113/1113
f 1684/1684/1684 1669/1669/1669 1670/1670/1670
f 1684/1684/1684 1115/1115/1115 1669/1669/1669
f 1684/1684/1684 1683/1683/1683 1115/1115/1115
f 1683/1683/1683 1684/1684/1684 1699/1699/1699
f 1117/1117/1117 1683/1683/1683 1699/1699/1699
f 1117/1117/1117 1116/1116/1116 1683/1683/1683
f 1683/1683/1683 1116/1116/1116 1115/1115/1115
f 1115/1115/1115 1114/1114/1114 1669/1669/1669
f 1669/1669/1669 1114/1114/1114 1113/1113/1113
f 1659/1659/1659 1109/1109/1109 1108/1108/1108
f 6640/6640/6640 1778/1778/1778 6639/6639/6639
f 1826/1826/1826 6641/6641/6641 1827/1827/1827
f 6642/6642/6642 1827/1827/1827 6641/6641/6641
f 2330/2330/2330 1171/1171/1171 1170/1170/1170
f 1172/1172/1172 1171/1171/1171 2330/2330/2330
f 2363/2363/2363 1173/1173/1173 1172/1172/1172
f 1174/1174/1174 1173/1173/1173 2363/2363/2363
f 2430/2430/2430 1178/1178/1178 1177/1177/1177
f 1179/1179/1179 1178/1178/1178 2430/2430/2430
f 6420/6420/6420 6421/6421/6421 3360/3360/3360
f 6419/6419/6419 6420/6420/6420 3360/3360/3360
f 6419/6419/6419 3360/3360/3360 6418/6418/6418
f 5745/5745/5745 3282/3282/3282 5744/5744/5744
f 5744/5744/5744 3282/3282/3282 5743/5743/5743
f 5743/5743/5743 3282/3282/3282 5742/5742/5742
f 5742/5742/5742 3282/3282/3282 5741/5741/5741
f 5738/5738/5738 3199/3199/3199 5737/5737/5737
f 5737/5737/5737 3199/3199/3199 5736/5736/5736
f 5736/5736/5736 3199/3199/3199 5735/5735/5735
f 5734/5734/5734 5735/5735/5735 3199/3199/3199
f 3156/3156/3156 5734/5734/5734 3199/3199/3199
f 5734/5734/5734 3156/3156/3156 5733/5733/5733
f 5733/5733/5733 3156/3156/3156 5732/5732/5732
f 3156/3156/3156 3157/3157/3157 5732/5732/5732
f 3156/3156/3156 3112/3112/3112 3157/3157/3157
f 3157/3157/3157 3112/3112/3112 5730/5730/5730
f 5731/5731/5731 3157/3157/3157 5730/5730/5730
f 3157/3157/3157 5731/5731/5731 5732/5732/5732
f 5730/5730/5730 3112/3112/3112 5729/5729/5729
f 5729/5729/5729 3112/3112/3112 5728/5728/5728
f 3112/3112/3112 3113/3113/3113 5728/5728/5728
f 3112/3112/3112 3069/3069/3069 3113/3113/3113
f 3113/3113/3113 3069/3069/3069 5726/5726/5726
f 5727/5727/5727 3113/3113/3113 5726/5726/5726
f 5728/5728/5728 3113/3113/3113 5727/5727/5727
f 5726/5726/5726 3069/3069/3069 5725/5725/5725
f 3069/3069/3069 3070/3070/3070 5725/5725/5725
f 3069/3069/3069 3025/3025/3025 3070/3070/3070
f 3070/3070/3070 3025/3025/3025 5723/5723/5723
f 5724/5724/5724 3070/3070/3070 5723/5723/5723
f 5725/5725/5725 3070/3070/3070 5724/5724/5724
f 3025/3025/3025 5722/5722/5722 5723/5723/5723
f 5722/5722/5722 3025/3025/3025 3026/3026/3026
f 5722/5722/5722 3026/3026/3026 5721/5721/5721
f 5721/5721/5721 3026/3026/3026 5720/5720/5720
f 5720/5720/5720 3026/3026/3026 5719/5719/5719
f 3026/3026/3026 2982/2982/2982 5719/5719/5719
f 3026/3026/3026 3025/3025/3025 2982/2982/2982
f 2982/2982/2982 5718/5718/5718 5719/5719/5719
f 2982/2982/2982 2983/2983/2983 5718/5718/5718
f 5718/5718/5718 2983/2983/2983 5717/5717/5717
f 5717/5717/5717 2983/2983/2983 5716/5716/5716
f 5716/5716/5716 2983/2983/2983 5715/5715/5715
f 5715/5715/5715 2941/2941/2941 5714/5714/5714
f 5714/5714/5714 2941/2941/2941 5713/5713/5713
f 5713/5713/5713 2941/2941/2941 5712/5712/5712
f 5712/5712/5712 2941/2941/2941 5711/5711/5711
f 2860/2860/2860 5707/5707/5707 5708/5708/5708
f 5707/5707/5707 2860/2860/2860 5706/5706/5706
f 5706/5706/5706 2860/2860/2860 5705/5705/5705
f 2860/2860/2860 2861/2861/2861 5705/5705/5705
f 2860/2860/2860 2822/2822/2822 2861/2861/2861
f 2861/2861/2861 2822/2822/2822 5703/5703/5703
f 5704/5704/5704 2861/2861/2861 5703/5703/5703
f 5705/5705/5705 2861/2861/2861 5704/5704/5704
f 5703/5703/5703 2822/2822/2822 5702/5702/5702
f 2822/2822/2822 2823/2823/2823 5702/5702/5702
f 2822/2822/2822 2787/2787/2787 2823/2823/2823
f 2823/2823/2823 2787/2787/2787 5700/5700/5700
f 5701/5701/5701 2823/2823/2823 5700/5700/5700
f 2823/2823/2823 5701/5701/5701 5702/5702/5702
f 5700/5700/5700 2787/2787/2787 5699/5699/5699
f 5699/5699/5699 2787/2787/2787 5698/5698/5698
f 2787/2787/2787 2788/2788/2788 5698/5698/5698
f 2787/2787/2787 2754/2754/2754 2788/2788/2788
f 2788/2788/2788 2754/2754/2754 5696/5696/5696
f 5697/5697/5697 2788/2788/2788 5696/5696/5696
f 5698/5698/5698 2788/2788/2788 5697/5697/5697
f 5696/5696/5696 2754/2754/2754 5695/5695/5695
f 2754/2754/2754 2755/2755/2755 5695/5695/5695
f 2754/2754/2754 2722/2722/2722 2755/2755/2755
f 2755/2755/2755 2722/2722/2722 5692/5692/5692
f 5693/5693/5693 2755/2755/2755 5692/5692/5692
f 5694/5694/5694 2755/2755/2755 5693/5693/5693
f 5695/5695/5695 2755/2755/2755 5694/5694/5694
f 5692/5692/5692 2722/2722/2722 5691/5691/5691
f 2722/2722/2722 2723/2723/2723 5691/5691/5691
f 2722/2722/2722 2690/2690/2690 2723/2723/2723
f 2723/2723/2723 2690/2690/2690 5689/5689/5689
f 5690/5690/5690 2723/2723/2723 5689/5689/5689
f 5691/5691/5691 2723/2723/2723 5690/5690/5690
f 2690/2690/2690 5688/5688/5688 5689/5689/5689
f 2690/2690/2690 2691/2691/2691 5688/5688/5688
f 2690/2690/2690 2659/2659/2659 2691/2691/2691
f 2691/2691/2691 2659/2659/2659 5685/5685/5685
f 5686/5686/5686 2691/2691/2691 5685/5685/5685
f 5687/5687/5687 2691/2691/2691 5686/5686/5686
f 5688/5688/5688 2691/2691/2691 5687/5687/5687
f 5685/5685/5685 2659/2659/2659 5684/5684/5684
f 2659/2659/2659 2660/2660/2660 5684/5684/5684
f 2659/2659/2659 2628/2628/2628 2660/2660/2660
f 2660/2660/2660 2628/2628/2628 5681/5681/5681
f 5682/5682/5682 2660/2660/2660 5681/5681/5681
f 5683/5683/5683 2660/2660/2660 5682/5682/5682
f 5684/5684/5684 2660/2660/2660 5683/5683/5683
f 2628/2628/2628 2629/2629/2629 5681/5681/5681
f 5681/5681/5681 2629/2629/2629 5680/5680/5680
f 5680/5680/5680 2629/2629/2629 5679/5679/5679
f 5679/5679/5679 2629/2629/2629 5678/5678/5678
f 2597/2597/2597 5677/5677/5677 5678/5678/5678
f 5677/5677/5677 2597/2597/2597 5676/5676/5676
f 5676/5676/5676 2597/2597/2597 5675/5675/5675
f 5675/5675/5675 2597/2597/2597 5674/5674/5674
f 5674/5674/5674 2565/2565/2565 5673/5673/5673
f 5673/5673/5673 2565/2565/2565 5672/5672/5672
f 5672/5672/5672 2565/2565/2565 5671/5671/5671
f 5640/5640/5640 2301/2301/2301 5639/5639/5639
f 5639/5639/5639 2301/2301/2301 5638/5638/5638
f 2301/2301/2301 2302/2302/2302 5638/5638/5638
f 2301/2301/2301 2268/2268/2268 2302/2302/2302
f 2302/2302/2302 2268/2268/2268 5635/5635/5635
f 5636/5636/5636 2302/2302/2302 5635/5635/5635
f 5637/5637/5637 2302/2302/2302 5636/5636/5636
f 2302/2302/2302 5637/5637/5637 5638/5638/5638
f 5635/5635/5635 2268/2268/2268 5634/5634/5634
f 2268/2268/2268 2269/2269/2269 5634/5634/5634
f 5634/5634/5634 2269/2269/2269 5633/5633/5633
f 5633/5633/5633 2269/2269/2269 5632/5632/5632
f 5632/5632/5632 2269/2269/2269 5631/5631/5631
f 5627/5627/5627 2205/2205/2205 5626/5626/5626
f 5626/5626/5626 2205/2205/2205 5625/5625/5625
f 5625/5625/5625 2205/2205/2205 5624/5624/5624
f 2205/2205/2205 2206/2206/2206 5624/5624/5624
f 2205/2205/2205 2174/2174/2174 2206/2206/2206
f 2206/2206/2206 2174/2174/2174 5623/5623/5623
f 5624/5624/5624 2206/2206/2206 5623/5623/5623
f 5623/5623/5623 2174/2174/2174 5622/5622/5622
f 5622/5622/5622 2174/2174/2174 5621/5621/5621
f 2174/2174/2174 2175/2175/2175 5621/5621/5621
f 2174/2174/2174 2143/2143/2143 2175/2175/2175
f 2175/2175/2175 2143/2143/2143 5620/5620/5620
f 5621/5621/5621 2175/2175/2175 5620/5620/5620
f 5620/5620/5620 2143/2143/2143 5619/5619/5619
f 5619/5619/5619 2143/2143/2143 5618/5618/5618
f 5618/5618/5618 2143/2143/2143 5617/5617/5617
f 2143/2143/2143 2144/2144/2144 5617/5617/5617
f 2143/2143/2143 2112/2112/2112 2144/2144/2144
f 2144/2144/2144 2112/2112/2112 5616/5616/5616
f 5617/5617/5617 2144/2144/2144 5616/5616/5616
f 5616/5616/5616 2112/2112/2112 5615/5615/5615
f 5615/5615/5615 2112/2112/2112 5614/5614/5614
f 2112/2112/2112 2113/2113/2113 5614/5614/5614
f 2112/2112/2112 2082/2082/2082 2113/2113/2113
f 2113/2113/2113 2082/2082/2082 5612/5612/5612
f 5613/5613/5613 2113/2113/2113 5612/5612/5612
f 5614/5614/5614 2113/2113/2113 5613/5613/5613
f 5612/5612/5612 2082/2082/2082 5611/5611/5611
f 2082/2082/2082 2083/2083/2083 5611/5611/5611
f 2082/2082/2082 2054/2054/2054 2083/2083/2083
f 2083/2083/2083 2054/2054/2054 5608/5608/5608
f 5609/5609/5609 2083/2083/2083 5608/5608/5608
f 5610/5610/5610 2083/2083/2083 5609/5609/5609
f 5611/5611/5611 2083/2083/2083 5610/5610/5610
f 5608/5608/5608 2054/2054/2054 5607/5607/5607
f 2054/2054/2054 2055/2055/2055 5607/5607/5607
f 2054/2054/2054 2026/2026/2026 2055/2055/2055
f 2055/2055/2055 2026/2026/2026 5605/5605/5605
f 5606/5606/5606 2055/2055/2055 5605/5605/5605
f 5607/5607/5607 2055/2055/2055 5606/5606/5606
f 5605/5605/5605 2026/2026/2026 5604/5604/5604
f 2026/2026/2026 2027/2027/2027 5604/5604/5604
f 2026/2026/2026 1999/1999/1999 2027/2027/2027
f 2027/2027/2027 1999/1999/1999 5601/5601/5601
f 5602/5602/5602 2027/2027/2027 5601/5601/5601
f 5603/5603/5603 2027/2027/2027 5602/5602/5602
f 5604/5604/5604 2027/2027/2027 5603/5603/5603
f 5601/5601/5601 1999/1999/1999 5600/5600/5600
f 1999/1999/1999 2000/2000/2000 5600/5600/5600
f 1999/1999/1999 1973/1973/1973 2000/2000/2000
f 2000/2000/2000 1973/1973/1973 5598/5598/5598
f 5599/5599/5599 2000/2000/2000 5598/5598/5598
f 5600/5600/5600 2000/2000/2000 5599/5599/5599
f 5598/5598/5598 1973/1973/1973 5597/5597/5597
f 5597/5597/5597 1973/1973/1973 5596/5596/5596
f 1973/1973/1973 1974/1974/1974 5596/5596/5596
f 1973/1973/1973 1948/1948/1948 1974/1974/1974
f 1974/1974/1974 1948/1948/1948 5595/5595/5595
f 5596/5596/5596 1974/1974/1974 5595/5595/5595
f 5595/5595/5595 1948/1948/1948 5594/5594/5594
f 5594/5594/5594 1948/1948/1948 5593/5593/5593
f 5593/5593/5593 1948/1948/1948 5592/5592/5592
f 1948/1948/1948 1949/1949/1949 5592/5592/5592
f 1948/1948/1948 1923/1923/1923 1949/1949/1949
f 1949/1949/1949 1923/1923/1923 5591/5591/5591
f 5592/5592/5592 1949/1949/1949 5591/5591/5591
f 5591/5591/5591 1923/1923/1923 5590/5590/5590
f 1923/1923/1923 1924/1924/1924 5590/5590/5590
f 1924/1924/1924 5589/5589/5589 5590/5590/5590
f 5589/5589/5589 1924/1924/1924 5588/5588/5588
f 5588/5588/5588 1924/1924/1924 5587/5587/5587
f 5587/5587/5587 1900/1900/1900 5586/5586/5586
f 5586/5586/5586 1900/1900/1900 5585/5585/5585
f 5585/5585/5585 1900/1900/1900 5584/5584/5584
f 1900/1900/1900 1901/1901/1901 5584/5584/5584
f 5584/5584/5584 1901/1901/1901 5583/5583/5583
f 5583/5583/5583 1901/1901/1901 5582/5582/5582
f 5582/5582/5582 1877/1877/1877 1902/1902/1902
f 5582/5582/5582 1902/1902/1902 5581/5581/5581
f 1902/1902/1902 1877/1877/1877 5581/5581/5581
f 5581/5581/5581 1877/1877/1877 5580/5580/5580
f 6645/6645/6645 1878/1878/1878 6644/6644/6644
f 5577/5577/5577 1904/1904/1904 5576/5576/5576
f 5576/5576/5576 1904/1904/1904 5575/5575/5575
f 6647/6647/6647 6648/6648/6648 1905/1905/1905
f 6648/6648/6648 1881/1881/1881 1905/1905/1905
f 1881/1881/1881 6648/6648/6648 6649/6649/6649
f 6649/6649/6649 6650/6650/6650 1857/1857/1857
f 6650/6650/6650 6651/6651/6651 1857/1857/1857
f 6651/6651/6651 6652/6652/6652 1834/1834/1834
f 1834/1834/1834 6652/6652/6652 6625/6625/6625
f 1108/1108/1108 1107/1107/1107 1648/1648/1648
f 1648/1648/1648 1107/1107/1107 1106/1106/1106
f 1650/1650/1650 1104/1104/1104 1103/1103/1103
