# Converted from Unity .dat mesh: Spline Mesh
# Vertices: 7212, Triangles: 8572

o Spline_Mesh

v 1.986938 -0.739975 -6.731323
v 2.227478 -0.741505 -6.730469
v 2.446167 -0.741446 -6.727539
v 2.651184 -0.741243 -6.724731
v 2.850952 -0.741034 -6.722412
v 3.054138 -0.740734 -6.723022
v 3.260864 -0.740381 -6.725342
v 3.465210 -0.741398 -6.728882
v 3.667297 -0.743464 -6.734253
v 3.867676 -0.745409 -6.742798
v 4.066711 -0.747204 -6.755737
v 4.264648 -0.748760 -6.775635
v 4.462036 -0.747242 -6.801636
v 4.659729 -0.742565 -6.830444
v 4.857971 -0.737951 -6.857788
v 5.056396 -0.733635 -6.880127
v 5.253174 -0.729776 -6.895020
v 5.446960 -0.725382 -6.905029
v 5.639404 -0.717573 -6.913574
v 5.831604 -0.705975 -6.923828
v 6.024963 -0.693924 -6.939819
v 6.220459 -0.681053 -6.966064
v 6.418884 -0.667257 -7.000610
v 6.621582 -0.652330 -7.036621
v 6.828613 -0.635624 -7.066406
v 7.038757 -0.619038 -7.082764
v 7.252686 -0.603115 -7.085938
v 7.470459 -0.584641 -7.080811
v 7.689026 -0.561453 -7.066528
v 7.905151 -0.544317 -7.042358
v 8.114624 -0.532320 -7.007202
v 8.316772 -0.522108 -6.961060
v 8.514221 -0.513376 -6.904907
v 8.707458 -0.506161 -6.838135
v 8.896729 -0.497889 -6.760742
v 9.083008 -0.486212 -6.672119
v 9.266846 -0.474483 -6.567871
v 9.446777 -0.464876 -6.449219
v 9.621155 -0.456783 -6.323364
v 9.789124 -0.449659 -6.196167
v 9.949646 -0.442902 -6.074219
v 10.101624 -0.426910 -5.959839
v 10.246521 -0.407928 -5.848389
v 10.387085 -0.390045 -5.735474
v 10.526489 -0.373062 -5.616821
v 10.667908 -0.352186 -5.488159
v 10.809448 -0.330957 -5.347778
v 10.948547 -0.310806 -5.199341
v 11.086975 -0.291161 -5.045654
v 11.227173 -0.258881 -4.890259
v 11.371643 -0.223438 -4.734985
v 11.525208 -0.185226 -4.577759
v 11.686768 -0.143723 -4.416748
v 11.850281 -0.100260 -4.253662
v 12.009521 -0.058134 -4.091064
v 12.158081 -0.019260 -3.931274
v 12.294128 0.016079 -3.777832
v 12.422180 0.049158 -3.628662
v 12.544189 0.080330 -3.479858
v 12.661621 0.111229 -3.327637
v 12.776062 0.144054 -3.168335
v 12.887512 0.175726 -3.000366
v 12.994629 0.205872 -2.826416
v 13.097229 0.234509 -2.649780
v 13.195312 0.261702 -2.473022
v 13.288818 0.287485 -2.298950
v 13.376892 0.314711 -2.129517
v 13.459534 0.340563 -1.962769
v 13.538391 0.365299 -1.795288
v 13.614990 0.389404 -1.624023
v 13.690735 0.413313 -1.445435
v 13.765869 0.437113 -1.257935
v 13.839294 0.462280 -1.064209
v 13.910767 0.488916 -0.866333
v 13.980286 0.515030 -0.666504
v 14.047546 0.540442 -0.468018
v 14.115662 0.567850 -0.268433
v 14.184937 0.596378 -0.065674
v 14.251099 0.623039 0.138184
v 14.309692 0.647522 0.342163
v 14.356140 0.668501 0.543091
v 14.387207 0.684996 0.739014
v 14.405640 0.697762 0.929321
v 14.415771 0.709698 1.116699
v 14.422363 0.722166 1.304077
v 14.429688 0.734985 1.494629
v 14.439636 0.747753 1.690674
v 14.449402 0.760715 1.891235
v 14.456177 0.773424 2.094360
v 14.456848 0.788313 2.298828
v 14.448364 0.804195 2.502563
v 14.429932 0.818747 2.704712
v 14.403320 0.830158 2.906372
v 14.370361 0.840178 3.106812
v 14.332520 0.852535 3.305908
v 14.291260 0.866417 3.503174
v 14.247253 0.879763 3.699951
v 14.199341 0.892460 3.896973
v 14.146484 0.904165 4.092529
v 14.087830 0.918354 4.286133
v 14.022339 0.932262 4.475830
v 13.948975 0.945477 4.660522
v 13.868713 0.956858 4.839600
v 13.783264 0.968925 5.015869
v 13.694397 0.981308 5.190796
v 13.603638 0.993586 5.366943
v 13.512451 1.006248 5.547729
v 13.419312 1.020660 5.732788
v 13.321167 1.036383 5.918335
v 13.215332 1.047741 6.099365
v 13.098816 1.055948 6.270996
v 12.969543 1.062336 6.429199
v 12.830444 1.066708 6.576050
v 12.686279 1.066023 6.715088
v 12.541626 1.064203 6.850952
v 12.399963 1.062725 6.988281
v 12.260315 1.061867 7.128784
v 12.119812 1.060665 7.269531
v 11.978149 1.059141 7.410034
v 11.835144 1.058420 7.549194
v 11.690063 1.057594 7.687134
v 11.542664 1.052465 7.822754
v 11.393250 1.046118 7.956299
v 11.243103 1.039478 8.088257
v 11.092896 1.032898 8.219971
v 10.943726 1.027414 8.351807
v 10.795898 1.022411 8.486084
v 10.648254 1.019077 8.622314
v 10.499573 1.015732 8.758423
v 10.348877 1.008802 8.891479
v 10.195557 0.998627 9.018066
v 10.041260 0.988232 9.138550
v 9.886169 0.978630 9.255005
v 9.728638 0.968822 9.366455
v 9.567078 0.958145 9.472900
v 9.400085 0.948643 9.572754
v 9.228821 0.938198 9.664795
v 9.054504 0.926764 9.749512
v 8.876221 0.914467 9.828369
v 8.692871 0.904121 9.903320
v 8.503235 0.891390 9.975830
v 8.303223 0.876558 10.046265
v 8.093994 0.860699 10.113525
v 7.881348 0.845551 10.176880
v 7.670654 0.832306 10.236572
v 7.467163 0.820198 10.291992
v 7.273376 0.808598 10.343750
v 7.084900 0.797586 10.392456
v 6.898071 0.787670 10.436768
v 6.708862 0.777315 10.477051
v 6.513916 0.767056 10.511841
v 6.313049 0.756365 10.542725
v 6.108093 0.745428 10.569824
v 5.899963 0.734304 10.591675
v 5.689453 0.722538 10.606567
v 5.477356 0.710728 10.612183
v 5.262329 0.699051 10.606812
v 5.044373 0.686806 10.591309
v 4.827087 0.674635 10.569214
v 4.613159 0.662386 10.543945
v 4.405029 0.651217 10.518433
v 4.203491 0.642750 10.490967
v 4.006958 0.634161 10.459717
v 3.814392 0.625443 10.426758
v 3.623169 0.616339 10.395264
v 3.430542 0.607395 10.366699
v 3.235535 0.600956 10.342285
v 3.039185 0.596401 10.320190
v 2.842163 0.591913 10.299072
v 2.645203 0.587467 10.278442
v 2.449097 0.581936 10.256470
v 2.254517 0.576021 10.234985
v 2.060425 0.574106 10.214478
v 1.866028 0.572491 10.192871
v 1.670959 0.570679 10.168091
v 1.475464 0.568480 10.137085
v 1.279785 0.565735 10.100586
v 1.084106 0.562767 10.059814
v 0.888611 0.563318 10.014893
v 0.693726 0.563612 9.965332
v 0.500122 0.563219 9.910034
v 0.308350 0.561422 9.848145
v 0.118042 0.559172 9.780396
v -0.070435 0.558540 9.707886
v -0.257324 0.559900 9.634033
v -0.443604 0.559994 9.559937
v -0.629333 0.559908 9.485840
v -0.814453 0.559721 9.410522
v -0.999390 0.559410 9.333252
v -1.184082 0.560543 9.253540
v -1.369507 0.562975 9.170898
v -1.555847 0.565081 9.082397
v -1.742065 0.566849 8.988770
v -1.926941 0.568512 8.894287
v -2.110352 0.570112 8.803223
v -2.291870 0.573103 8.718750
v -2.471863 0.576401 8.644043
v -2.651794 0.579994 8.575684
v -2.832703 0.583733 8.509277
v -3.015076 0.587351 8.439575
v -3.198975 0.590595 8.362183
v -3.384583 0.594585 8.275146
v -3.571106 0.599892 8.182251
v -3.756592 0.604958 8.086060
v -3.938721 0.609879 7.990723
v -4.115784 0.614689 7.898315
v -4.286621 0.619398 7.810547
v -4.453430 0.623220 7.724731
v -4.617493 0.627834 7.639404
v -4.780945 0.632412 7.552490
v -4.945068 0.636885 7.461670
v -5.109680 0.641361 7.369995
v -5.274658 0.645832 7.277832
v -5.440125 0.650200 7.181763
v -5.605469 0.655245 7.078369
v -5.769714 0.660769 6.964111
v -5.932800 0.665878 6.839355
v -6.095337 0.670677 6.706177
v -6.256042 0.675261 6.565308
v -6.414124 0.679955 6.418213
v -6.568970 0.684275 6.264648
v -6.718262 0.688433 6.099243
v -6.861511 0.692217 5.922607
v -7.001160 0.695742 5.744629
v -7.140259 0.699461 5.574585
v -7.282349 0.701916 5.420044
v -7.429565 0.703518 5.283447
v -7.581116 0.705996 5.157715
v -7.735657 0.708969 5.037598
v -7.891907 0.709957 4.918091
v -8.047424 0.710627 4.794189
v -8.202148 0.711155 4.668335
v -8.357544 0.711777 4.543579
v -8.512878 0.712307 4.417236
v -8.666443 0.706310 4.287720
v -8.816345 0.697350 4.152954
v -8.960999 0.682957 4.012085
v -9.100769 0.666819 3.866821
v -9.237549 0.650438 3.719727
v -9.373047 0.634050 3.572632
v -9.509460 0.617861 3.427124
v -9.647217 0.601835 3.282959
v -9.785278 0.587076 3.138184
v -9.923279 0.572432 2.993774
v -10.061279 0.558056 2.849121
v -10.199097 0.543793 2.704834
v -10.338074 0.529707 2.561890
v -10.478821 0.515736 2.419800
v -10.619568 0.501598 2.276245
v -10.758057 0.489391 2.129883
v -10.891968 0.483538 1.978882
v -11.019897 0.477375 1.823120
v -11.142883 0.471193 1.663940
v -11.262329 0.465014 1.503296
v -11.379822 0.458754 1.341797
v -11.497070 0.452486 1.180054
v -11.614075 0.447323 1.017944
v -11.729797 0.445473 0.854736
v -11.844482 0.443588 0.690796
v -11.958557 0.441687 0.526611
v -12.072327 0.439798 0.362915
v -12.187073 0.437920 0.200195
v -12.302856 0.435915 0.037354
v -12.418274 0.433558 -0.126831
v -12.531311 0.430758 -0.292847
v -12.640503 0.427818 -0.462036
v -12.744080 0.424854 -0.634644
v -12.843018 0.422459 -0.809937
v -12.938965 0.420048 -0.985718
v -13.033997 0.417635 -1.161377
v -13.129822 0.415001 -1.335815
v -13.228638 0.412407 -1.508667
v -13.329285 0.411518 -1.681885
v -13.429626 0.412378 -1.855713
v -13.527039 0.413095 -2.031738
v -13.619080 0.413580 -2.209717
v -13.706116 0.415216 -2.388306
v -13.790161 0.417364 -2.567627
v -13.869934 0.419336 -2.749512
v -13.943909 0.420969 -2.934570
v -14.010620 0.419346 -3.124390
v -14.068054 0.416990 -3.319336
v -14.116882 0.412600 -3.517944
v -14.159851 0.407223 -3.718506
v -14.199951 0.401691 -3.918701
v -14.240112 0.396194 -4.117920
v -14.282593 0.390881 -4.316284
v -14.325928 0.382198 -4.515381
v -14.366577 0.372692 -4.716919
v -14.401245 0.363020 -4.921509
v -14.426453 0.352766 -5.129395
v -14.443237 0.340998 -5.340576
v -14.454041 0.328074 -5.555420
v -14.456909 0.317032 -5.772095
v -14.449951 0.302887 -5.989136
v -14.431274 0.286798 -6.203979
v -14.400818 0.268679 -6.417847
v -14.359924 0.249769 -6.632446
v -14.308594 0.230875 -6.844971
v -14.247009 0.213049 -7.052490
v -14.175537 0.193769 -7.252563
v -14.091736 0.172638 -7.444336
v -13.995972 0.145266 -7.629028
v -13.892029 0.115284 -7.807007
v -13.783081 0.094820 -7.978760
v -13.672607 0.074114 -8.145996
v -13.560242 0.052111 -8.308594
v -13.443665 0.029041 -8.466431
v -13.322876 0.005142 -8.619507
v -13.197449 -0.018990 -8.769165
v -13.066956 -0.044596 -8.916992
v -12.931519 -0.063160 -9.062866
v -12.791382 -0.082773 -9.206055
v -12.646301 -0.103477 -9.346924
v -12.496094 -0.120308 -9.484253
v -12.341125 -0.137280 -9.618286
v -12.181274 -0.155050 -9.752930
v -12.015625 -0.174639 -9.888916
v -11.843750 -0.187098 -10.020996
v -11.665710 -0.199814 -10.142334
v -11.482056 -0.215452 -10.245850
v -11.294434 -0.230957 -10.328613
v -11.103516 -0.240803 -10.394531
v -10.909058 -0.254238 -10.447266
v -10.710571 -0.269964 -10.490601
v -10.507080 -0.287214 -10.528076
v -10.293823 -0.301140 -10.561035
v -10.071167 -0.315931 -10.587036
v -9.844727 -0.325598 -10.604858
v -9.619934 -0.329811 -10.612183
v -9.402405 -0.335846 -10.608521
v -9.192993 -0.343603 -10.592285
v -8.988403 -0.353390 -10.565063
v -8.787964 -0.361376 -10.527710
v -8.590942 -0.362291 -10.481812
v -8.396729 -0.364803 -10.428223
v -8.203430 -0.368652 -10.367920
v -8.011292 -0.374029 -10.299927
v -7.822021 -0.382948 -10.222900
v -7.637634 -0.393003 -10.135620
v -7.459778 -0.404612 -10.036621
v -7.291504 -0.419985 -9.922363
v -7.133057 -0.438301 -9.794189
v -6.981628 -0.457996 -9.659790
v -6.833191 -0.477917 -9.524780
v -6.683228 -0.496912 -9.394531
v -6.530334 -0.515141 -9.267822
v -6.376709 -0.533419 -9.140747
v -6.223145 -0.551723 -9.013672
v -6.069458 -0.567257 -8.886475
v -5.915405 -0.573967 -8.758789
v -5.762817 -0.581079 -8.627441
v -5.613220 -0.588543 -8.493408
v -5.463989 -0.595690 -8.362793
v -5.312134 -0.602087 -8.239380
v -5.154785 -0.607161 -8.128296
v -4.988464 -0.610641 -8.031128
v -4.813965 -0.612949 -7.943848
v -4.633606 -0.614487 -7.862549
v -4.450134 -0.615734 -7.783081
v -4.267029 -0.620895 -7.701416
v -4.085388 -0.627371 -7.618530
v -3.903259 -0.633667 -7.537598
v -3.720337 -0.639925 -7.457153
v -3.537048 -0.646145 -7.376953
v -3.353088 -0.652447 -7.296021
v -3.169922 -0.662048 -7.209106
v -2.989380 -0.672995 -7.117920
v -2.810547 -0.683596 -7.030396
v -2.631653 -0.693239 -6.953735
v -2.450745 -0.701385 -6.894775
v -2.264343 -0.708126 -6.857178
v -2.071594 -0.713570 -6.835693
v -1.873657 -0.718084 -6.824097
v -1.672424 -0.722445 -6.815186
v -1.470886 -0.727148 -6.802246
v -1.270935 -0.732216 -6.784546
v -1.071899 -0.738184 -6.766479
v -0.873169 -0.738983 -6.750000
v -0.674622 -0.739639 -6.735718
v -0.476379 -0.740063 -6.724976
v -0.285461 -0.740219 -6.718506
v -0.101624 -0.740141 -6.715820
v 0.086487 -0.739996 -6.715454
v 0.290100 -0.739107 -6.716431
v 0.519897 -0.738115 -6.717285
v 0.789490 -0.736906 -6.719116
v 1.091736 -0.735506 -6.722290
v 1.405762 -0.736944 -6.726318
v 1.711121 -0.738514 -6.729614
v 1.987000 -0.754562 -6.661377
v 2.226868 -0.755962 -6.660522
v 2.445190 -0.757580 -6.657593
v 2.650330 -0.757654 -6.654785
v 2.850647 -0.757666 -6.652466
v 3.054626 -0.757298 -6.653076
v 3.261841 -0.756721 -6.655396
v 3.466736 -0.759995 -6.658936
v 3.669678 -0.761230 -6.664307
v 3.871460 -0.761871 -6.672852
v 4.072510 -0.761646 -6.686035
v 4.272705 -0.761063 -6.706055
v 4.471680 -0.761129 -6.732300
v 4.669556 -0.756443 -6.761108
v 4.866699 -0.751862 -6.788330
v 5.062988 -0.747593 -6.810425
v 5.257629 -0.743767 -6.825195
v 5.450317 -0.740040 -6.835083
v 5.642822 -0.732124 -6.843628
v 5.836365 -0.720436 -6.854004
v 6.032532 -0.708210 -6.870239
v 6.231079 -0.695148 -6.896851
v 6.431030 -0.681450 -6.931641
v 6.632690 -0.666618 -6.967529
v 6.836304 -0.650064 -6.996826
v 7.041992 -0.633833 -7.012817
v 7.252380 -0.618172 -7.015991
v 7.467346 -0.602777 -7.010864
v 7.682861 -0.579960 -6.996826
v 7.895447 -0.562836 -6.973022
v 8.101013 -0.551060 -6.938477
v 8.299438 -0.541039 -6.893188
v 8.493225 -0.532465 -6.838135
v 8.682739 -0.525383 -6.772583
v 8.868469 -0.519934 -6.696655
v 9.050659 -0.507288 -6.609985
v 9.230286 -0.495827 -6.508179
v 9.406982 -0.486404 -6.391602
v 9.579529 -0.478392 -6.267090
v 9.746826 -0.471304 -6.140381
v 9.907410 -0.464527 -6.018433
v 10.059265 -0.452343 -5.904175
v 10.203247 -0.433506 -5.793335
v 10.342468 -0.415787 -5.681519
v 10.480225 -0.397787 -5.564331
v 10.619690 -0.376097 -5.437378
v 10.759277 -0.355173 -5.298950
v 10.896973 -0.335222 -5.151978
v 11.034973 -0.315628 -4.998779
v 11.175537 -0.288509 -4.843018
v 11.320984 -0.252838 -4.686646
v 11.475464 -0.214392 -4.528564
v 11.637329 -0.172052 -4.367188
v 11.800537 -0.128681 -4.204346
v 11.958923 -0.086777 -4.042725
v 12.106262 -0.048218 -3.884277
v 12.241394 -0.013195 -3.731812
v 12.368530 0.019644 -3.583618
v 12.489380 0.050524 -3.436279
v 12.605469 0.082300 -3.285889
v 12.718445 0.114706 -3.128540
v 12.828552 0.145996 -2.962646
v 12.934570 0.175829 -2.790527
v 13.036377 0.204247 -2.615234
v 13.133850 0.231043 -2.439453
v 13.226929 0.255510 -2.266235
v 13.314453 0.286207 -2.097778
v 13.396545 0.312168 -1.932251
v 13.474792 0.336712 -1.766113
v 13.550781 0.360628 -1.596069
v 13.626038 0.384384 -1.418701
v 13.700623 0.408014 -1.232544
v 13.773621 0.433512 -1.039917
v 13.844788 0.460039 -0.842896
v 13.914062 0.486057 -0.643799
v 13.981262 0.512388 -0.445435
v 14.049438 0.540464 -0.245850
v 14.118530 0.568876 -0.043579
v 14.184143 0.595242 0.158691
v 14.241943 0.619385 0.359741
v 14.287415 0.639923 0.556519
v 14.317749 0.656042 0.747925
v 14.335815 0.668558 0.934570
v 14.345825 0.683134 1.119873
v 14.352417 0.695564 1.306641
v 14.359741 0.708414 1.497681
v 14.369751 0.722227 1.694092
v 14.379456 0.736172 1.894043
v 14.386169 0.749489 2.095581
v 14.386841 0.766302 2.297485
v 14.378540 0.781275 2.497925
v 14.360352 0.794157 2.697021
v 14.334106 0.805414 2.896118
v 14.301453 0.815344 3.094604
v 14.263855 0.829205 3.292236
v 14.222839 0.843010 3.488403
v 14.179077 0.856283 3.684082
v 14.131531 0.868891 3.879639
v 14.079224 0.881079 4.073242
v 14.021240 0.895227 4.264526
v 13.956726 0.908663 4.451538
v 13.884521 0.921658 4.633301
v 13.805298 0.932896 4.810059
v 13.720581 0.945211 4.984741
v 13.632080 0.957527 5.158936
v 13.541260 0.969799 5.335083
v 13.449951 0.982630 5.516235
v 13.357117 0.997431 5.700684
v 13.260010 1.011452 5.884277
v 13.156128 1.022612 6.062012
v 13.042725 1.030622 6.229126
v 12.916992 1.036959 6.382935
v 12.780701 1.041214 6.526733
v 12.638000 1.041870 6.664429
v 12.493286 1.040018 6.800293
v 12.350769 1.038530 6.938477
v 12.210693 1.037682 7.079346
v 12.070374 1.036360 7.219971
v 11.929077 1.034836 7.360107
v 11.786621 1.034124 7.498779
v 11.642273 1.033287 7.635986
v 11.495605 1.029816 7.770874
v 11.346802 1.023493 7.903931
v 11.196899 1.016859 8.035645
v 11.046631 1.010607 8.167480
v 10.897034 1.005112 8.299683
v 10.748657 1.000074 8.434448
v 10.600891 0.996733 8.570801
v 10.452759 0.993397 8.706421
v 10.303406 0.988617 8.838257
v 10.151733 0.978561 8.963501
v 9.998718 0.968239 9.083008
v 9.844971 0.959179 9.198364
v 9.689148 0.949490 9.308594
v 9.529846 0.938957 9.413574
v 9.365540 0.929392 9.511841
v 9.196960 0.919117 9.602539
v 9.025085 0.907841 9.686035
v 8.848816 0.895906 9.763916
v 8.667114 0.885340 9.838257
v 8.479065 0.874981 9.910156
v 8.280884 0.861002 9.979980
v 8.073303 0.845257 10.046631
v 7.861816 0.829811 10.109619
v 7.651917 0.816771 10.169067
v 7.448914 0.804691 10.224365
v 7.255554 0.793125 10.276001
v 7.068054 0.781815 10.324463
v 6.882690 0.771973 10.368530
v 6.695435 0.761726 10.408325
v 6.502441 0.751640 10.442749
v 6.303101 0.741026 10.473389
v 6.099854 0.730026 10.500366
v 5.893860 0.719013 10.521973
v 5.686035 0.707394 10.536621
v 5.477295 0.695787 10.542236
v 5.265686 0.684290 10.536865
v 5.050415 0.671892 10.521606
v 4.834717 0.659798 10.499634
v 4.621521 0.647606 10.474487
v 4.414001 0.636316 10.448975
v 4.213684 0.627911 10.421753
v 4.018372 0.619370 10.390625
v 3.825989 0.610781 10.357666
v 3.633972 0.601851 10.326050
v 3.440002 0.592848 10.297363
v 3.243774 0.586174 10.272827
v 3.046814 0.581610 10.250610
v 2.849548 0.577120 10.229492
v 2.652771 0.572664 10.208862
v 2.456848 0.567789 10.186890
v 2.262024 0.561867 10.165405
v 2.067932 0.559788 10.144897
v 1.874329 0.558180 10.123413
v 1.680847 0.556379 10.098755
v 1.487366 0.554199 10.068115
v 1.293335 0.551674 10.031860
v 1.099060 0.548853 9.991455
v 0.905090 0.549395 9.946899
v 0.711975 0.549059 9.897705
v 0.520508 0.547812 9.843018
v 0.330811 0.546036 9.781860
v 0.142334 0.543797 9.714722
v -0.044983 0.542627 9.642700
v -0.231506 0.543983 9.568970
v -0.417725 0.545206 9.494873
v -0.603210 0.545124 9.420898
v -0.787781 0.544941 9.345825
v -0.971985 0.544628 9.268799
v -1.155945 0.545292 9.189453
v -1.340271 0.547714 9.107300
v -1.525146 0.549801 9.019531
v -1.710388 0.551565 8.926392
v -1.895447 0.553226 8.831787
v -2.080017 0.553867 8.740112
v -2.263672 0.556259 8.654663
v -2.445984 0.561636 8.578979
v -2.627319 0.565254 8.510132
v -2.808167 0.569002 8.443726
v -2.989014 0.572584 8.374634
v -3.170532 0.575785 8.298218
v -3.354126 0.579279 8.212158
v -3.539368 0.584555 8.119873
v -3.724243 0.589600 8.023926
v -3.906311 0.594524 7.928711
v -4.083557 0.599329 7.836182
v -4.254639 0.604053 7.748291
v -4.421265 0.608641 7.662598
v -4.584900 0.614290 7.577515
v -4.747559 0.618841 7.490967
v -4.911072 0.623304 7.400513
v -5.075562 0.627771 7.308838
v -5.240051 0.632231 7.217041
v -5.403992 0.636557 7.121826
v -5.566895 0.641113 7.019897
v -5.728455 0.646551 6.907593
v -5.889343 0.651588 6.784424
v -6.050049 0.656334 6.652832
v -6.209106 0.661087 6.513306
v -6.365662 0.665739 6.367676
v -6.518311 0.669998 6.216309
v -6.665100 0.673798 6.053711
v -6.806763 0.677538 5.878906
v -6.946533 0.681067 5.700806
v -7.087402 0.684837 5.528687
v -7.232727 0.686100 5.370728
v -7.383362 0.687735 5.230835
v -7.537292 0.690250 5.103149
v -7.692932 0.693245 4.982178
v -7.848816 0.694815 4.862915
v -8.003540 0.695484 4.739624
v -8.158142 0.696014 4.613892
v -8.313538 0.696634 4.489136
v -8.468201 0.695816 4.363281
v -8.620483 0.687735 4.234863
v -8.768555 0.678879 4.101807
v -8.911377 0.666531 3.962769
v -9.049927 0.650545 3.818726
v -9.186157 0.634211 3.672119
v -9.321777 0.617819 3.525024
v -9.458618 0.601572 3.379028
v -9.596619 0.585928 3.234619
v -9.734680 0.571239 3.089844
v -9.872681 0.556595 2.945435
v -10.010620 0.542063 2.800781
v -10.148682 0.527786 2.656250
v -10.288086 0.513649 2.512817
v -10.428955 0.499660 2.370605
v -10.569153 0.485594 2.227661
v -10.706421 0.476397 2.082642
v -10.838745 0.470610 1.933472
v -10.965149 0.464521 1.779541
v -11.087097 0.458242 1.621704
v -11.205933 0.452085 1.461792
v -11.323181 0.445843 1.300659
v -11.440369 0.439579 1.139038
v -11.557129 0.435553 0.977173
v -11.672546 0.433708 0.814453
v -11.787048 0.431826 0.650757
v -11.901062 0.429928 0.486694
v -12.014954 0.428034 0.322754
v -12.129944 0.426172 0.159668
v -12.245728 0.424231 -0.003052
v -12.360718 0.421717 -0.166626
v -12.472961 0.418934 -0.331543
v -12.581055 0.416466 -0.499023
v -12.683594 0.414150 -0.669922
v -12.781799 0.411772 -0.843872
v -12.877441 0.409370 -1.019165
v -12.972534 0.406906 -1.194946
v -13.068787 0.404266 -1.369995
v -13.167969 0.401659 -1.543579
v -13.268677 0.399061 -1.716919
v -13.368652 0.399530 -1.890137
v -13.465332 0.400244 -2.064819
v -13.556519 0.400723 -2.241089
v -13.642944 0.402691 -2.418457
v -13.726440 0.404823 -2.596558
v -13.805359 0.406775 -2.776611
v -13.878357 0.406137 -2.959229
v -13.944031 0.404551 -3.145874
v -14.000488 0.402227 -3.337524
v -14.048645 0.397715 -3.533691
v -14.091309 0.392391 -3.732666
v -14.131348 0.386862 -3.932495
v -14.171570 0.381355 -4.132202
v -14.214172 0.375143 -4.331055
v -14.257385 0.364201 -4.529785
v -14.297729 0.354778 -4.729736
v -14.331970 0.344593 -4.931641
v -14.356812 0.333258 -5.136353
v -14.373413 0.320812 -5.345093
v -14.384094 0.307491 -5.557617
v -14.386902 0.294720 -5.771484
v -14.380066 0.281071 -5.984985
v -14.361755 0.265984 -6.196045
v -14.331787 0.249327 -6.406372
v -14.291504 0.230677 -6.617676
v -14.240967 0.209812 -6.826782
v -14.180481 0.192295 -7.030762
v -14.110474 0.173405 -7.226807
v -14.028564 0.152758 -7.414185
v -13.934692 0.125271 -7.595215
v -13.832214 0.095715 -7.770630
v -13.724304 0.073273 -7.940674
v -13.614624 0.052715 -8.106812
v -13.503296 0.030840 -8.267944
v -13.388062 0.008039 -8.423950
v -13.268555 -0.015511 -8.575317
v -13.144348 -0.039055 -8.723511
v -13.015076 -0.064459 -8.869995
v -12.880859 -0.085508 -9.014526
v -12.741943 -0.104956 -9.156494
v -12.598267 -0.125456 -9.296021
v -12.449585 -0.142181 -9.432007
v -12.295715 -0.159029 -9.565063
v -12.136536 -0.177076 -9.699097
v -11.972046 -0.196960 -9.834106
v -11.802673 -0.209217 -9.964355
v -11.628784 -0.222506 -10.082886
v -11.450684 -0.237679 -10.183228
v -11.268860 -0.254364 -10.263428
v -11.082947 -0.263937 -10.327637
v -10.892456 -0.277256 -10.379272
v -10.696777 -0.292749 -10.421997
v -10.495361 -0.309828 -10.459106
v -10.284424 -0.325130 -10.491699
v -10.064392 -0.339737 -10.517334
v -9.840820 -0.348953 -10.534912
v -9.619385 -0.353083 -10.542236
v -9.405701 -0.359098 -10.538574
v -9.200317 -0.366842 -10.522705
v -8.999451 -0.376417 -10.495972
v -8.802368 -0.385122 -10.459229
v -8.608215 -0.386021 -10.413940
v -8.416443 -0.388500 -10.361084
v -8.225525 -0.392288 -10.301514
v -8.036194 -0.397600 -10.234497
v -7.850220 -0.405008 -10.158813
v -7.669617 -0.415089 -10.073364
v -7.496521 -0.426710 -9.977051
v -7.333191 -0.441727 -9.866089
v -7.178345 -0.459616 -9.740845
v -7.028442 -0.479162 -9.607666
v -6.879700 -0.499094 -9.472412
v -6.728516 -0.518229 -9.341187
v -6.574951 -0.536556 -9.213867
v -6.421326 -0.554832 -9.086792
v -6.267761 -0.573114 -8.959717
v -6.114136 -0.583746 -8.832520
v -5.960571 -0.590435 -8.705322
v -5.809021 -0.597492 -8.574829
v -5.659607 -0.604937 -8.441040
v -5.509094 -0.612143 -8.309326
v -5.354431 -0.618671 -8.183594
v -5.192627 -0.623873 -8.069458
v -5.021790 -0.627455 -7.969604
v -4.844055 -0.629807 -7.880615
v -4.661926 -0.631359 -7.798462
v -4.478271 -0.632513 -7.718994
v -4.295837 -0.636805 -7.637573
v -4.114136 -0.643057 -7.554688
v -3.931580 -0.649363 -7.473633
v -3.748474 -0.655621 -7.393066
v -3.565186 -0.661854 -7.312866
v -3.382202 -0.668110 -7.232300
v -3.200684 -0.677021 -7.146240
v -3.020569 -0.687937 -7.055298
v -2.839722 -0.698652 -6.966797
v -2.656311 -0.708549 -6.888184
v -2.468567 -0.716999 -6.827026
v -2.275146 -0.723654 -6.787964
v -2.077515 -0.729248 -6.765991
v -1.877258 -0.733828 -6.754150
v -1.676208 -0.738184 -6.745239
v -1.476196 -0.742849 -6.732422
v -1.277161 -0.747889 -6.714844
v -1.077942 -0.752966 -6.696777
v -0.878601 -0.755060 -6.680176
v -0.679016 -0.756830 -6.665894
v -0.479431 -0.758095 -6.655029
v -0.287170 -0.758755 -6.648560
v -0.102173 -0.758884 -6.645874
v 0.086609 -0.756824 -6.645508
v 0.290405 -0.755871 -6.646484
v 0.520264 -0.754827 -6.647339
v 0.790100 -0.753494 -6.649170
v 1.092529 -0.751890 -6.652344
v 1.406616 -0.751795 -6.656372
v 1.711731 -0.753195 -6.659668
v 1.987000 -0.754562 -6.661377
v 2.226868 -0.755962 -6.660522
v 2.445190 -0.757580 -6.657593
v 2.650330 -0.757654 -6.654785
v 2.850647 -0.757666 -6.652466
v 3.054626 -0.757298 -6.653076
v 3.261841 -0.756721 -6.655396
v 3.466736 -0.759995 -6.658936
v 3.669678 -0.761230 -6.664307
v 3.871460 -0.761871 -6.672852
v 4.072510 -0.761646 -6.686035
v 4.272705 -0.761063 -6.706055
v 4.471680 -0.761129 -6.732300
v 4.669556 -0.756443 -6.761108
v 4.866699 -0.751862 -6.788330
v 5.062988 -0.747593 -6.810425
v 5.257629 -0.743767 -6.825195
v 5.450317 -0.740040 -6.835083
v 5.642822 -0.732124 -6.843628
v 5.836365 -0.720436 -6.854004
v 6.032532 -0.708210 -6.870239
v 6.231079 -0.695148 -6.896851
v 6.431030 -0.681450 -6.931641
v 6.632690 -0.666618 -6.967529
v 6.836304 -0.650064 -6.996826
v 7.041992 -0.633833 -7.012817
v 7.252380 -0.618172 -7.015991
v 7.467346 -0.602777 -7.010864
v 7.682861 -0.579960 -6.996826
v 7.895447 -0.562836 -6.973022
v 8.101013 -0.551060 -6.938477
v 8.299438 -0.541039 -6.893188
v 8.493225 -0.532465 -6.838135
v 8.682739 -0.525383 -6.772583
v 8.868469 -0.519934 -6.696655
v 9.050659 -0.507288 -6.609985
v 9.230286 -0.495827 -6.508179
v 9.406982 -0.486404 -6.391602
v 9.579529 -0.478392 -6.267090
v 9.746826 -0.471304 -6.140381
v 9.907410 -0.464527 -6.018433
v 10.059265 -0.452343 -5.904175
v 10.203247 -0.433506 -5.793335
v 10.342468 -0.415787 -5.681519
v 10.480225 -0.397787 -5.564331
v 10.619690 -0.376097 -5.437378
v 10.759277 -0.355173 -5.298950
v 10.896973 -0.335222 -5.151978
v 11.034973 -0.315628 -4.998779
v 11.175537 -0.288509 -4.843018
v 11.320984 -0.252838 -4.686646
v 11.475464 -0.214392 -4.528564
v 11.637329 -0.172052 -4.367188
v 11.800537 -0.128681 -4.204346
v 11.958923 -0.086777 -4.042725
v 12.106262 -0.048218 -3.884277
v 12.241394 -0.013195 -3.731812
v 12.368530 0.019644 -3.583618
v 12.489380 0.050524 -3.436279
v 12.605469 0.082300 -3.285889
v 12.718445 0.114706 -3.128540
v 12.828552 0.145996 -2.962646
v 12.934570 0.175829 -2.790527
v 13.036377 0.204247 -2.615234
v 13.133850 0.231043 -2.439453
v 13.226929 0.255510 -2.266235
v 13.314453 0.286207 -2.097778
v 13.396545 0.312168 -1.932251
v 13.474792 0.336712 -1.766113
v 13.550781 0.360628 -1.596069
v 13.626038 0.384384 -1.418701
v 13.700623 0.408014 -1.232544
v 13.773621 0.433512 -1.039917
v 13.844788 0.460039 -0.842896
v 13.914062 0.486057 -0.643799
v 13.981262 0.512388 -0.445435
v 14.049438 0.540464 -0.245850
v 14.118530 0.568876 -0.043579
v 14.184143 0.595242 0.158691
v 14.241943 0.619385 0.359741
v 14.287415 0.639923 0.556519
v 14.317749 0.656042 0.747925
v 14.335815 0.668558 0.934570
v 14.345825 0.683134 1.119873
v 14.352417 0.695564 1.306641
v 14.359741 0.708414 1.497681
v 14.369751 0.722227 1.694092
v 14.379456 0.736172 1.894043
v 14.386169 0.749489 2.095581
v 14.386841 0.766302 2.297485
v 14.378540 0.781275 2.497925
v 14.360352 0.794157 2.697021
v 14.334106 0.805414 2.896118
v 14.301453 0.815344 3.094604
v 14.263855 0.829205 3.292236
v 14.222839 0.843010 3.488403
v 14.179077 0.856283 3.684082
v 14.131531 0.868891 3.879639
v 14.079224 0.881079 4.073242
v 14.021240 0.895227 4.264526
v 13.956726 0.908663 4.451538
v 13.884521 0.921658 4.633301
v 13.805298 0.932896 4.810059
v 13.720581 0.945211 4.984741
v 13.632080 0.957527 5.158936
v 13.541260 0.969799 5.335083
v 13.449951 0.982630 5.516235
v 13.357117 0.997431 5.700684
v 13.260010 1.011452 5.884277
v 13.156128 1.022612 6.062012
v 13.042725 1.030622 6.229126
v 12.916992 1.036959 6.382935
v 12.780701 1.041214 6.526733
v 12.638000 1.041870 6.664429
v 12.493286 1.040018 6.800293
v 12.350769 1.038530 6.938477
v 12.210693 1.037682 7.079346
v 12.070374 1.036360 7.219971
v 11.929077 1.034836 7.360107
v 11.786621 1.034124 7.498779
v 11.642273 1.033287 7.635986
v 11.495605 1.029816 7.770874
v 11.346802 1.023493 7.903931
v 11.196899 1.016859 8.035645
v 11.046631 1.010607 8.167480
v 10.897034 1.005112 8.299683
v 10.748657 1.000074 8.434448
v 10.600891 0.996733 8.570801
v 10.452759 0.993397 8.706421
v 10.303406 0.988617 8.838257
v 10.151733 0.978561 8.963501
v 9.998718 0.968239 9.083008
v 9.844971 0.959179 9.198364
v 9.689148 0.949490 9.308594
v 9.529846 0.938957 9.413574
v 9.365540 0.929392 9.511841
v 9.196960 0.919117 9.602539
v 9.025085 0.907841 9.686035
v 8.848816 0.895906 9.763916
v 8.667114 0.885340 9.838257
v 8.479065 0.874981 9.910156
v 8.280884 0.861002 9.979980
v 8.073303 0.845257 10.046631
v 7.861816 0.829811 10.109619
v 7.651917 0.816771 10.169067
v 7.448914 0.804691 10.224365
v 7.255554 0.793125 10.276001
v 7.068054 0.781815 10.324463
v 6.882690 0.771973 10.368530
v 6.695435 0.761726 10.408325
v 6.502441 0.751640 10.442749
v 6.303101 0.741026 10.473389
v 6.099854 0.730026 10.500366
v 5.893860 0.719013 10.521973
v 5.686035 0.707394 10.536621
v 5.477295 0.695787 10.542236
v 5.265686 0.684290 10.536865
v 5.050415 0.671892 10.521606
v 4.834717 0.659798 10.499634
v 4.621521 0.647606 10.474487
v 4.414001 0.636316 10.448975
v 4.213684 0.627911 10.421753
v 4.018372 0.619370 10.390625
v 3.825989 0.610781 10.357666
v 3.633972 0.601851 10.326050
v 3.440002 0.592848 10.297363
v 3.243774 0.586174 10.272827
v 3.046814 0.581610 10.250610
v 2.849548 0.577120 10.229492
v 2.652771 0.572664 10.208862
v 2.456848 0.567789 10.186890
v 2.262024 0.561867 10.165405
v 2.067932 0.559788 10.144897
v 1.874329 0.558180 10.123413
v 1.680847 0.556379 10.098755
v 1.487366 0.554199 10.068115
v 1.293335 0.551674 10.031860
v 1.099060 0.548853 9.991455
v 0.905090 0.549395 9.946899
v 0.711975 0.549059 9.897705
v 0.520508 0.547812 9.843018
v 0.330811 0.546036 9.781860
v 0.142334 0.543797 9.714722
v -0.044983 0.542627 9.642700
v -0.231506 0.543983 9.568970
v -0.417725 0.545206 9.494873
v -0.603210 0.545124 9.420898
v -0.787781 0.544941 9.345825
v -0.971985 0.544628 9.268799
v -1.155945 0.545292 9.189453
v -1.340271 0.547714 9.107300
v -1.525146 0.549801 9.019531
v -1.710388 0.551565 8.926392
v -1.895447 0.553226 8.831787
v -2.080017 0.553867 8.740112
v -2.263672 0.556259 8.654663
v -2.445984 0.561636 8.578979
v -2.627319 0.565254 8.510132
v -2.808167 0.569002 8.443726
v -2.989014 0.572584 8.374634
v -3.170532 0.575785 8.298218
v -3.354126 0.579279 8.212158
v -3.539368 0.584555 8.119873
v -3.724243 0.589600 8.023926
v -3.906311 0.594524 7.928711
v -4.083557 0.599329 7.836182
v -4.254639 0.604053 7.748291
v -4.421265 0.608641 7.662598
v -4.584900 0.614290 7.577515
v -4.747559 0.618841 7.490967
v -4.911072 0.623304 7.400513
v -5.075562 0.627771 7.308838
v -5.240051 0.632231 7.217041
v -5.403992 0.636557 7.121826
v -5.566895 0.641113 7.019897
v -5.728455 0.646551 6.907593
v -5.889343 0.651588 6.784424
v -6.050049 0.656334 6.652832
v -6.209106 0.661087 6.513306
v -6.365662 0.665739 6.367676
v -6.518311 0.669998 6.216309
v -6.665100 0.673798 6.053711
v -6.806763 0.677538 5.878906
v -6.946533 0.681067 5.700806
v -7.087402 0.684837 5.528687
v -7.232727 0.686100 5.370728
v -7.383362 0.687735 5.230835
v -7.537292 0.690250 5.103149
v -7.692932 0.693245 4.982178
v -7.848816 0.694815 4.862915
v -8.003540 0.695484 4.739624
v -8.158142 0.696014 4.613892
v -8.313538 0.696634 4.489136
v -8.468201 0.695816 4.363281
v -8.620483 0.687735 4.234863
v -8.768555 0.678879 4.101807
v -8.911377 0.666531 3.962769
v -9.049927 0.650545 3.818726
v -9.186157 0.634211 3.672119
v -9.321777 0.617819 3.525024
v -9.458618 0.601572 3.379028
v -9.596619 0.585928 3.234619
v -9.734680 0.571239 3.089844
v -9.872681 0.556595 2.945435
v -10.010620 0.542063 2.800781
v -10.148682 0.527786 2.656250
v -10.288086 0.513649 2.512817
v -10.428955 0.499660 2.370605
v -10.569153 0.485594 2.227661
v -10.706421 0.476397 2.082642
v -10.838745 0.470610 1.933472
v -10.965149 0.464521 1.779541
v -11.087097 0.458242 1.621704
v -11.205933 0.452085 1.461792
v -11.323181 0.445843 1.300659
v -11.440369 0.439579 1.139038
v -11.557129 0.435553 0.977173
v -11.672546 0.433708 0.814453
v -11.787048 0.431826 0.650757
v -11.901062 0.429928 0.486694
v -12.014954 0.428034 0.322754
v -12.129944 0.426172 0.159668
v -12.245728 0.424231 -0.003052
v -12.360718 0.421717 -0.166626
v -12.472961 0.418934 -0.331543
v -12.581055 0.416466 -0.499023
v -12.683594 0.414150 -0.669922
v -12.781799 0.411772 -0.843872
v -12.877441 0.409370 -1.019165
v -12.972534 0.406906 -1.194946
v -13.068787 0.404266 -1.369995
v -13.167969 0.401659 -1.543579
v -13.268677 0.399061 -1.716919
v -13.368652 0.399530 -1.890137
v -13.465332 0.400244 -2.064819
v -13.556519 0.400723 -2.241089
v -13.642944 0.402691 -2.418457
v -13.726440 0.404823 -2.596558
v -13.805359 0.406775 -2.776611
v -13.878357 0.406137 -2.959229
v -13.944031 0.404551 -3.145874
v -14.000488 0.402227 -3.337524
v -14.048645 0.397715 -3.533691
v -14.091309 0.392391 -3.732666
v -14.131348 0.386862 -3.932495
v -14.171570 0.381355 -4.132202
v -14.214172 0.375143 -4.331055
v -14.257385 0.364201 -4.529785
v -14.297729 0.354778 -4.729736
v -14.331970 0.344593 -4.931641
v -14.356812 0.333258 -5.136353
v -14.373413 0.320812 -5.345093
v -14.384094 0.307491 -5.557617
v -14.386902 0.294720 -5.771484
v -14.380066 0.281071 -5.984985
v -14.361755 0.265984 -6.196045
v -14.331787 0.249327 -6.406372
v -14.291504 0.230677 -6.617676
v -14.240967 0.209812 -6.826782
v -14.180481 0.192295 -7.030762
v -14.110474 0.173405 -7.226807
v -14.028564 0.152758 -7.414185
v -13.934692 0.125271 -7.595215
v -13.832214 0.095715 -7.770630
v -13.724304 0.073273 -7.940674
v -13.614624 0.052715 -8.106812
v -13.503296 0.030840 -8.267944
v -13.388062 0.008039 -8.423950
v -13.268555 -0.015511 -8.575317
v -13.144348 -0.039055 -8.723511
v -13.015076 -0.064459 -8.869995
v -12.880859 -0.085508 -9.014526
v -12.741943 -0.104956 -9.156494
v -12.598267 -0.125456 -9.296021
v -12.449585 -0.142181 -9.432007
v -12.295715 -0.159029 -9.565063
v -12.136536 -0.177076 -9.699097
v -11.972046 -0.196960 -9.834106
v -11.802673 -0.209217 -9.964355
v -11.628784 -0.222506 -10.082886
v -11.450684 -0.237679 -10.183228
v -11.268860 -0.254364 -10.263428
v -11.082947 -0.263937 -10.327637
v -10.892456 -0.277256 -10.379272
v -10.696777 -0.292749 -10.421997
v -10.495361 -0.309828 -10.459106
v -10.284424 -0.325130 -10.491699
v -10.064392 -0.339737 -10.517334
v -9.840820 -0.348953 -10.534912
v -9.619385 -0.353083 -10.542236
v -9.405701 -0.359098 -10.538574
v -9.200317 -0.366842 -10.522705
v -8.999451 -0.376417 -10.495972
v -8.802368 -0.385122 -10.459229
v -8.608215 -0.386021 -10.413940
v -8.416443 -0.388500 -10.361084
v -8.225525 -0.392288 -10.301514
v -8.036194 -0.397600 -10.234497
v -7.850220 -0.405008 -10.158813
v -7.669617 -0.415089 -10.073364
v -7.496521 -0.426710 -9.977051
v -7.333191 -0.441727 -9.866089
v -7.178345 -0.459616 -9.740845
v -7.028442 -0.479162 -9.607666
v -6.879700 -0.499094 -9.472412
v -6.728516 -0.518229 -9.341187
v -6.574951 -0.536556 -9.213867
v -6.421326 -0.554832 -9.086792
v -6.267761 -0.573114 -8.959717
v -6.114136 -0.583746 -8.832520
v -5.960571 -0.590435 -8.705322
v -5.809021 -0.597492 -8.574829
v -5.659607 -0.604937 -8.441040
v -5.509094 -0.612143 -8.309326
v -5.354431 -0.618671 -8.183594
v -5.192627 -0.623873 -8.069458
v -5.021790 -0.627455 -7.969604
v -4.844055 -0.629807 -7.880615
v -4.661926 -0.631359 -7.798462
v -4.478271 -0.632513 -7.718994
v -4.295837 -0.636805 -7.637573
v -4.114136 -0.643057 -7.554688
v -3.931580 -0.649363 -7.473633
v -3.748474 -0.655621 -7.393066
v -3.565186 -0.661854 -7.312866
v -3.382202 -0.668110 -7.232300
v -3.200684 -0.677021 -7.146240
v -3.020569 -0.687937 -7.055298
v -2.839722 -0.698652 -6.966797
v -2.656311 -0.708549 -6.888184
v -2.468567 -0.716999 -6.827026
v -2.275146 -0.723654 -6.787964
v -2.077515 -0.729248 -6.765991
v -1.877258 -0.733828 -6.754150
v -1.676208 -0.738184 -6.745239
v -1.476196 -0.742849 -6.732422
v -1.277161 -0.747889 -6.714844
v -1.077942 -0.752966 -6.696777
v -0.878601 -0.755060 -6.680176
v -0.679016 -0.756830 -6.665894
v -0.479431 -0.758095 -6.655029
v -0.287170 -0.758755 -6.648560
v -0.102173 -0.758884 -6.645874
v 0.086609 -0.756824 -6.645508
v 0.290405 -0.755871 -6.646484
v 0.520264 -0.754827 -6.647339
v 0.790100 -0.753494 -6.649170
v 1.092529 -0.751890 -6.652344
v 1.406616 -0.751795 -6.656372
v 1.711731 -0.753195 -6.659668
v 1.987122 -0.793415 -6.561401
v 2.226013 -0.794809 -6.560547
v 2.443848 -0.800169 -6.557617
v 2.649048 -0.800245 -6.554810
v 2.850220 -0.800255 -6.552490
v 3.055298 -0.799887 -6.553101
v 3.263245 -0.799309 -6.555420
v 3.468933 -0.807590 -6.558960
v 3.673096 -0.809942 -6.564331
v 3.876831 -0.810579 -6.572998
v 4.080750 -0.810335 -6.586426
v 4.284241 -0.808796 -6.606689
v 4.485413 -0.806284 -6.633301
v 4.683594 -0.798117 -6.662109
v 4.879150 -0.789185 -6.689087
v 5.072388 -0.783236 -6.710815
v 5.263977 -0.779470 -6.725342
v 5.455078 -0.775988 -6.735229
v 5.647705 -0.768616 -6.743774
v 5.843201 -0.756819 -6.754272
v 6.043335 -0.744339 -6.770874
v 6.246277 -0.730991 -6.797974
v 6.448364 -0.717144 -6.833130
v 6.648560 -0.702757 -6.868774
v 6.847290 -0.686403 -6.897461
v 7.046631 -0.670677 -6.912964
v 7.251953 -0.655396 -6.916016
v 7.462891 -0.640287 -6.911011
v 7.674072 -0.622118 -6.897217
v 7.881592 -0.604973 -6.874023
v 8.081604 -0.593529 -6.840332
v 8.274658 -0.583780 -6.796265
v 8.463196 -0.575422 -6.742798
v 8.647461 -0.569719 -6.678955
v 8.828064 -0.568321 -6.605225
v 9.004517 -0.556551 -6.521240
v 9.178101 -0.542032 -6.422852
v 9.350159 -0.532856 -6.309326
v 9.520081 -0.524977 -6.186646
v 9.686401 -0.517923 -6.060669
v 9.847107 -0.511127 -5.938721
v 9.998718 -0.504425 -5.824585
v 10.141418 -0.485746 -5.714722
v 10.278748 -0.468258 -5.604492
v 10.414185 -0.447227 -5.489258
v 10.550781 -0.425980 -5.364868
v 10.687561 -0.405474 -5.229248
v 10.823303 -0.385813 -5.084351
v 10.960693 -0.366302 -4.931885
v 11.101807 -0.346243 -4.775513
v 11.248596 -0.310551 -4.617676
v 11.404419 -0.271385 -4.458252
v 11.566711 -0.228249 -4.296387
v 11.729492 -0.184994 -4.133911
v 11.886597 -0.143425 -3.973633
v 12.032227 -0.105316 -3.817017
v 12.166016 -0.070675 -3.666138
v 12.291931 -0.038210 -3.519409
v 12.411133 -0.007732 -3.374023
v 12.525269 0.025265 -3.226196
v 12.636169 0.057083 -3.071777
v 12.744324 0.087811 -2.908813
v 12.848755 0.117189 -2.739136
v 12.949402 0.144186 -2.565918
v 13.046082 0.169798 -2.391479
v 13.138489 0.196281 -2.219482
v 13.225281 0.226730 -2.052490
v 13.306519 0.255295 -1.888672
v 13.383911 0.280149 -1.724365
v 13.459106 0.303820 -1.556152
v 13.533569 0.327320 -1.380615
v 13.607422 0.350716 -1.196167
v 13.679810 0.376692 -1.005249
v 13.750549 0.403063 -0.809448
v 13.819458 0.429821 -0.611328
v 13.886597 0.457539 -0.413208
v 13.954834 0.485630 -0.213501
v 14.023682 0.513771 -0.011963
v 14.088501 0.539827 0.187988
v 14.145142 0.563469 0.384766
v 14.189270 0.583405 0.575684
v 14.218567 0.598972 0.760620
v 14.236084 0.614117 0.942017
v 14.245911 0.629478 1.124390
v 14.252502 0.641869 1.310303
v 14.259827 0.654766 1.502075
v 14.269897 0.668617 1.699097
v 14.279541 0.682491 1.898071
v 14.286194 0.698536 2.097412
v 14.286865 0.716084 2.295532
v 14.278748 0.730707 2.491333
v 14.260986 0.743296 2.685913
v 14.235168 0.754360 2.881470
v 14.203003 0.764936 3.077148
v 14.165771 0.780136 3.272705
v 14.125122 0.793846 3.467285
v 14.081665 0.807013 3.661377
v 14.034668 0.819487 3.854736
v 13.983093 0.832558 4.045654
v 13.926086 0.846464 4.233765
v 13.862976 0.859207 4.416748
v 13.792419 0.871901 4.594360
v 13.714661 0.882938 4.767822
v 13.631042 0.895617 4.940308
v 13.543091 0.907873 5.113403
v 13.452148 0.920128 5.289673
v 13.360657 0.933088 5.471191
v 13.268250 0.947189 5.654785
v 13.172607 0.960138 5.835693
v 13.071533 0.970993 6.008667
v 12.962585 0.978718 6.169312
v 12.841919 0.984972 6.316895
v 12.709656 0.989111 6.456299
v 12.569092 0.991415 6.592041
v 12.424255 0.989773 6.727905
v 12.280518 0.988302 6.867310
v 12.139832 0.987225 7.008789
v 11.999756 0.985918 7.149170
v 11.859009 0.984400 7.288818
v 11.717285 0.983669 7.426758
v 11.573975 0.982847 7.562988
v 11.428406 0.981337 7.696777
v 11.280457 0.975458 7.829102
v 11.130920 0.968843 7.960449
v 10.980530 0.963030 8.092407
v 10.830322 0.957533 8.225220
v 10.681152 0.952467 8.360718
v 10.533203 0.949080 8.497192
v 10.385925 0.945772 8.632080
v 10.238464 0.941858 8.762207
v 10.089111 0.934187 8.885498
v 9.937927 0.924608 9.003540
v 9.786072 0.915691 9.117554
v 9.632751 0.906157 9.226074
v 9.476685 0.895828 9.328857
v 9.316162 0.886171 9.424927
v 9.151428 0.876135 9.513550
v 8.983032 0.865091 9.595337
v 8.809692 0.853682 9.671875
v 8.630310 0.842798 9.745239
v 8.444580 0.832560 9.816284
v 8.248962 0.821203 9.885254
v 8.043762 0.807499 9.951050
v 7.833923 0.791609 10.013550
v 7.625183 0.778873 10.072754
v 7.422852 0.766829 10.127808
v 7.230164 0.755304 10.179321
v 7.044006 0.744072 10.227417
v 6.860718 0.733852 10.270996
v 6.676270 0.723743 10.310181
v 6.486084 0.713911 10.344116
v 6.288940 0.703419 10.374390
v 6.088074 0.692444 10.401123
v 5.885132 0.681448 10.422363
v 5.681152 0.670053 10.436768
v 5.477234 0.658730 10.442261
v 5.270508 0.647499 10.437012
v 5.059021 0.635321 10.421997
v 4.845642 0.622908 10.400269
v 4.633484 0.610765 10.375244
v 4.426819 0.599316 10.349854
v 4.228271 0.590986 10.322876
v 4.034668 0.582520 10.291992
v 3.842529 0.573938 10.259033
v 3.649414 0.565428 10.227295
v 3.453552 0.556337 10.198242
v 3.255554 0.549356 10.173584
v 3.057739 0.544769 10.151245
v 2.860107 0.540262 10.130005
v 2.663574 0.535822 10.109497
v 2.467896 0.531298 10.087524
v 2.272766 0.525938 10.066040
v 2.078674 0.523613 10.045532
v 1.886169 0.522015 10.024170
v 1.695007 0.520233 9.999756
v 1.504395 0.518091 9.969604
v 1.312683 0.515594 9.933716
v 1.120422 0.512157 9.893799
v 0.928650 0.512106 9.849731
v 0.738037 0.511312 9.801147
v 0.549622 0.510080 9.747314
v 0.362915 0.508341 9.687134
v 0.177063 0.506134 9.620972
v -0.008667 0.504189 9.549561
v -0.194641 0.505535 9.476074
v -0.380737 0.506855 9.401978
v -0.565857 0.508148 9.328125
v -0.749634 0.508110 9.253418
v -0.932861 0.507793 9.176758
v -1.115784 0.507795 9.097900
v -1.298462 0.510202 9.016479
v -1.481262 0.512260 8.929688
v -1.665161 0.514006 8.837158
v -1.850464 0.514524 8.742432
v -2.036682 0.514965 8.650024
v -2.223389 0.516474 8.563110
v -2.409058 0.522219 8.486084
v -2.592346 0.528389 8.416504
v -2.773132 0.532236 8.350098
v -2.951782 0.535776 8.281860
v -3.129883 0.538908 8.206787
v -3.310608 0.541700 8.122070
v -3.494019 0.546925 8.030762
v -3.678040 0.551943 7.935181
v -3.859985 0.556870 7.840088
v -4.037537 0.561684 7.747437
v -4.208923 0.566273 7.659302
v -4.375366 0.570625 7.573730
v -4.538330 0.576733 7.489014
v -4.699890 0.583246 7.403076
v -4.862549 0.588186 7.313110
v -5.026855 0.592649 7.221558
v -5.190552 0.597088 7.130127
v -5.352356 0.601353 7.036133
v -5.511841 0.605324 6.936401
v -5.669495 0.610525 6.826782
v -5.827271 0.615467 6.706055
v -5.985413 0.620235 6.576538
v -6.142090 0.625132 6.439087
v -6.296387 0.629715 6.295532
v -6.445984 0.633890 6.147339
v -6.589111 0.637400 5.988647
v -6.728577 0.640860 5.816528
v -6.868530 0.644396 5.638306
v -7.011902 0.647459 5.463135
v -7.161865 0.647779 5.300171
v -7.317383 0.649466 5.155640
v -7.474670 0.652033 5.025146
v -7.631897 0.655062 4.902954
v -7.787292 0.657478 4.784058
v -7.940857 0.658146 4.661743
v -8.095276 0.658667 4.536133
v -8.250671 0.659286 4.411377
v -8.404419 0.653444 4.286255
v -8.554810 0.645468 4.159424
v -8.700256 0.636795 4.028809
v -8.840454 0.627132 3.892212
v -8.977295 0.611568 3.750000
v -9.112793 0.595324 3.604126
v -9.248535 0.578918 3.456909
v -9.385986 0.562595 3.310303
v -9.524292 0.547575 3.165527
v -9.662354 0.532888 3.020752
v -9.800354 0.518244 2.876343
v -9.938293 0.503571 2.731689
v -10.076660 0.489223 2.586914
v -10.216675 0.475004 2.442749
v -10.357727 0.461002 2.300415
v -10.497131 0.447559 2.158325
v -10.632690 0.442118 2.015137
v -10.762695 0.436430 1.868530
v -10.886902 0.430443 1.717285
v -11.007385 0.424171 1.561279
v -11.125366 0.417915 1.402588
v -11.242249 0.411688 1.241943
v -11.359314 0.405428 1.080444
v -11.475830 0.403027 0.918945
v -11.590759 0.401188 0.756836
v -11.705017 0.399313 0.593506
v -11.818970 0.397415 0.429565
v -11.933044 0.395519 0.265381
v -12.048340 0.393652 0.101807
v -12.164062 0.391829 -0.060791
v -12.278503 0.389822 -0.223511
v -12.389587 0.387644 -0.386841
v -12.496155 0.385427 -0.551880
v -12.597168 0.383146 -0.720215
v -12.694397 0.380793 -0.892456
v -12.789551 0.378403 -1.066895
v -12.884766 0.375872 -1.242798
v -12.981567 0.373213 -1.418945
v -13.081299 0.370592 -1.593506
v -13.182129 0.367990 -1.766968
v -13.281616 0.365465 -1.939331
v -13.377197 0.366165 -2.112061
v -13.467163 0.366858 -2.286011
v -13.552734 0.369083 -2.461548
v -13.635376 0.370798 -2.637817
v -13.713135 0.370239 -2.815186
v -13.784729 0.369240 -2.994385
v -13.848877 0.367687 -3.176636
v -13.903931 0.365425 -3.363525
v -13.951172 0.360746 -3.556152
v -13.993408 0.355482 -3.752930
v -14.033325 0.349977 -3.952148
v -14.073669 0.344442 -4.152588
v -14.116394 0.333437 -4.352173
v -14.159485 0.322792 -4.550293
v -14.199402 0.313465 -4.748047
v -14.233032 0.303492 -4.946045
v -14.257324 0.292393 -5.146362
v -14.273621 0.280157 -5.351562
v -14.284119 0.264397 -5.560791
v -14.286926 0.250946 -5.770508
v -14.280212 0.237612 -5.979004
v -14.262390 0.222914 -6.184692
v -14.233154 0.206663 -6.389893
v -14.193787 0.185762 -6.596558
v -14.144409 0.164015 -6.800781
v -14.085449 0.146935 -6.999756
v -14.017517 0.128605 -7.189941
v -13.938293 0.108376 -7.371094
v -13.847107 0.080976 -7.546997
v -13.746826 0.052053 -7.718628
v -13.640320 0.026781 -7.886353
v -13.531738 0.006432 -8.050781
v -13.421936 -0.015255 -8.209839
v -13.308594 -0.037682 -8.363281
v -13.190979 -0.060213 -8.512207
v -13.068542 -0.083422 -8.658325
v -12.940918 -0.108547 -8.802856
v -12.808472 -0.133158 -8.945557
v -12.671387 -0.152344 -9.085693
v -12.529663 -0.172567 -9.223267
v -12.383118 -0.189152 -9.357300
v -12.230835 -0.205824 -9.489014
v -12.072632 -0.224380 -9.622192
v -11.909851 -0.244307 -9.755859
v -11.744019 -0.256538 -9.883423
v -11.576050 -0.270226 -9.997925
v -11.405884 -0.285120 -10.093872
v -11.232361 -0.302433 -10.170288
v -11.053528 -0.312792 -10.232056
v -10.868713 -0.325844 -10.282104
v -10.677063 -0.341005 -10.323975
v -10.478638 -0.357849 -10.360474
v -10.270996 -0.375092 -10.392578
v -10.054688 -0.389473 -10.417847
v -9.835266 -0.398020 -10.435059
v -9.618591 -0.402056 -10.442261
v -9.410400 -0.407909 -10.438721
v -9.210754 -0.415737 -10.423218
v -9.015198 -0.425062 -10.397217
v -8.822876 -0.434755 -10.361328
v -8.632874 -0.435667 -10.317017
v -8.444641 -0.438080 -10.265137
v -8.257080 -0.441795 -10.206665
v -8.071716 -0.447004 -10.140991
v -7.890503 -0.453915 -10.067261
v -7.715332 -0.462854 -9.984375
v -7.548950 -0.474110 -9.891968
v -7.392761 -0.488468 -9.785767
v -7.243042 -0.505804 -9.664551
v -7.095276 -0.525049 -9.533325
v -6.946106 -0.545042 -9.397705
v -6.793213 -0.564417 -9.264893
v -6.638733 -0.582840 -9.136841
v -6.485046 -0.601141 -9.009766
v -6.331543 -0.616308 -8.882690
v -6.177917 -0.622999 -8.755493
v -6.025085 -0.629650 -8.628906
v -5.875000 -0.636658 -8.499634
v -5.725891 -0.644072 -8.366211
v -5.573547 -0.651369 -8.232910
v -5.414856 -0.658064 -8.103882
v -5.246704 -0.663469 -7.985352
v -5.069458 -0.667191 -7.881714
v -4.887024 -0.669586 -7.790283
v -4.702332 -0.671053 -7.707031
v -4.518494 -0.672213 -7.627441
v -4.336975 -0.675472 -7.546387
v -4.155212 -0.681538 -7.463501
v -3.971985 -0.687502 -7.382202
v -3.788635 -0.693769 -7.301514
v -3.605408 -0.700003 -7.221313
v -3.423767 -0.706219 -7.141357
v -3.244629 -0.714121 -7.056396
v -3.065063 -0.725004 -6.965698
v -2.881409 -0.735886 -6.875854
v -2.691528 -0.746126 -6.794556
v -2.494019 -0.754995 -6.730347
v -2.290588 -0.762623 -6.689209
v -2.085999 -0.769590 -6.666382
v -1.882446 -0.775049 -6.654297
v -1.681580 -0.779997 -6.645386
v -1.483765 -0.785456 -6.632690
v -1.286072 -0.791620 -6.615234
v -1.086609 -0.797892 -6.597168
v -0.886353 -0.799280 -6.580444
v -0.685303 -0.801065 -6.566040
v -0.483826 -0.802330 -6.555176
v -0.289551 -0.803005 -6.548584
v -0.102966 -0.803133 -6.545898
v 0.086731 -0.800724 -6.545532
v 0.290833 -0.797075 -6.546509
v 0.520813 -0.796030 -6.547363
v 0.790955 -0.794695 -6.549194
v 1.093689 -0.793089 -6.552368
v 1.407776 -0.790653 -6.556396
v 1.712585 -0.792053 -6.559692
v 1.987122 -0.793415 -6.561401
v 2.226013 -0.794809 -6.560547
v 2.443848 -0.800169 -6.557617
v 2.649048 -0.800245 -6.554810
v 2.850220 -0.800255 -6.552490
v 3.055298 -0.799887 -6.553101
v 3.263245 -0.799309 -6.555420
v 3.468933 -0.807590 -6.558960
v 3.673096 -0.809942 -6.564331
v 3.876831 -0.810579 -6.572998
v 4.080750 -0.810335 -6.586426
v 4.284241 -0.808796 -6.606689
v 4.485413 -0.806284 -6.633301
v 4.683594 -0.798117 -6.662109
v 4.879150 -0.789185 -6.689087
v 5.072388 -0.783236 -6.710815
v 5.263977 -0.779470 -6.725342
v 5.455078 -0.775988 -6.735229
v 5.647705 -0.768616 -6.743774
v 5.843201 -0.756819 -6.754272
v 6.043335 -0.744339 -6.770874
v 6.246277 -0.730991 -6.797974
v 6.448364 -0.717144 -6.833130
v 6.648560 -0.702757 -6.868774
v 6.847290 -0.686403 -6.897461
v 7.046631 -0.670677 -6.912964
v 7.251953 -0.655396 -6.916016
v 7.462891 -0.640287 -6.911011
v 7.674072 -0.622118 -6.897217
v 7.881592 -0.604973 -6.874023
v 8.081604 -0.593529 -6.840332
v 8.274658 -0.583780 -6.796265
v 8.463196 -0.575422 -6.742798
v 8.647461 -0.569719 -6.678955
v 8.828064 -0.568321 -6.605225
v 9.004517 -0.556551 -6.521240
v 9.178101 -0.542032 -6.422852
v 9.350159 -0.532856 -6.309326
v 9.520081 -0.524977 -6.186646
v 9.686401 -0.517923 -6.060669
v 9.847107 -0.511127 -5.938721
v 9.998718 -0.504425 -5.824585
v 10.141418 -0.485746 -5.714722
v 10.278748 -0.468258 -5.604492
v 10.414185 -0.447227 -5.489258
v 10.550781 -0.425980 -5.364868
v 10.687561 -0.405474 -5.229248
v 10.823303 -0.385813 -5.084351
v 10.960693 -0.366302 -4.931885
v 11.101807 -0.346243 -4.775513
v 11.248596 -0.310551 -4.617676
v 11.404419 -0.271385 -4.458252
v 11.566711 -0.228249 -4.296387
v 11.729492 -0.184994 -4.133911
v 11.886597 -0.143425 -3.973633
v 12.032227 -0.105316 -3.817017
v 12.166016 -0.070675 -3.666138
v 12.291931 -0.038210 -3.519409
v 12.411133 -0.007732 -3.374023
v 12.525269 0.025265 -3.226196
v 12.636169 0.057083 -3.071777
v 12.744324 0.087811 -2.908813
v 12.848755 0.117189 -2.739136
v 12.949402 0.144186 -2.565918
v 13.046082 0.169798 -2.391479
v 13.138489 0.196281 -2.219482
v 13.225281 0.226730 -2.052490
v 13.306519 0.255295 -1.888672
v 13.383911 0.280149 -1.724365
v 13.459106 0.303820 -1.556152
v 13.533569 0.327320 -1.380615
v 13.607422 0.350716 -1.196167
v 13.679810 0.376692 -1.005249
v 13.750549 0.403063 -0.809448
v 13.819458 0.429821 -0.611328
v 13.886597 0.457539 -0.413208
v 13.954834 0.485630 -0.213501
v 14.023682 0.513771 -0.011963
v 14.088501 0.539827 0.187988
v 14.145142 0.563469 0.384766
v 14.189270 0.583405 0.575684
v 14.218567 0.598972 0.760620
v 14.236084 0.614117 0.942017
v 14.245911 0.629478 1.124390
v 14.252502 0.641869 1.310303
v 14.259827 0.654766 1.502075
v 14.269897 0.668617 1.699097
v 14.279541 0.682491 1.898071
v 14.286194 0.698536 2.097412
v 14.286865 0.716084 2.295532
v 14.278748 0.730707 2.491333
v 14.260986 0.743296 2.685913
v 14.235168 0.754360 2.881470
v 14.203003 0.764936 3.077148
v 14.165771 0.780136 3.272705
v 14.125122 0.793846 3.467285
v 14.081665 0.807013 3.661377
v 14.034668 0.819487 3.854736
v 13.983093 0.832558 4.045654
v 13.926086 0.846464 4.233765
v 13.862976 0.859207 4.416748
v 13.792419 0.871901 4.594360
v 13.714661 0.882938 4.767822
v 13.631042 0.895617 4.940308
v 13.543091 0.907873 5.113403
v 13.452148 0.920128 5.289673
v 13.360657 0.933088 5.471191
v 13.268250 0.947189 5.654785
v 13.172607 0.960138 5.835693
v 13.071533 0.970993 6.008667
v 12.962585 0.978718 6.169312
v 12.841919 0.984972 6.316895
v 12.709656 0.989111 6.456299
v 12.569092 0.991415 6.592041
v 12.424255 0.989773 6.727905
v 12.280518 0.988302 6.867310
v 12.139832 0.987225 7.008789
v 11.999756 0.985918 7.149170
v 11.859009 0.984400 7.288818
v 11.717285 0.983669 7.426758
v 11.573975 0.982847 7.562988
v 11.428406 0.981337 7.696777
v 11.280457 0.975458 7.829102
v 11.130920 0.968843 7.960449
v 10.980530 0.963030 8.092407
v 10.830322 0.957533 8.225220
v 10.681152 0.952467 8.360718
v 10.533203 0.949080 8.497192
v 10.385925 0.945772 8.632080
v 10.238464 0.941858 8.762207
v 10.089111 0.934187 8.885498
v 9.937927 0.924608 9.003540
v 9.786072 0.915691 9.117554
v 9.632751 0.906157 9.226074
v 9.476685 0.895828 9.328857
v 9.316162 0.886171 9.424927
v 9.151428 0.876135 9.513550
v 8.983032 0.865091 9.595337
v 8.809692 0.853682 9.671875
v 8.630310 0.842798 9.745239
v 8.444580 0.832560 9.816284
v 8.248962 0.821203 9.885254
v 8.043762 0.807499 9.951050
v 7.833923 0.791609 10.013550
v 7.625183 0.778873 10.072754
v 7.422852 0.766829 10.127808
v 7.230164 0.755304 10.179321
v 7.044006 0.744072 10.227417
v 6.860718 0.733852 10.270996
v 6.676270 0.723743 10.310181
v 6.486084 0.713911 10.344116
v 6.288940 0.703419 10.374390
v 6.088074 0.692444 10.401123
v 5.885132 0.681448 10.422363
v 5.681152 0.670053 10.436768
v 5.477234 0.658730 10.442261
v 5.270508 0.647499 10.437012
v 5.059021 0.635321 10.421997
v 4.845642 0.622908 10.400269
v 4.633484 0.610765 10.375244
v 4.426819 0.599316 10.349854
v 4.228271 0.590986 10.322876
v 4.034668 0.582520 10.291992
v 3.842529 0.573938 10.259033
v 3.649414 0.565428 10.227295
v 3.453552 0.556337 10.198242
v 3.255554 0.549356 10.173584
v 3.057739 0.544769 10.151245
v 2.860107 0.540262 10.130005
v 2.663574 0.535822 10.109497
v 2.467896 0.531298 10.087524
v 2.272766 0.525938 10.066040
v 2.078674 0.523613 10.045532
v 1.886169 0.522015 10.024170
v 1.695007 0.520233 9.999756
v 1.504395 0.518091 9.969604
v 1.312683 0.515594 9.933716
v 1.120422 0.512157 9.893799
v 0.928650 0.512106 9.849731
v 0.738037 0.511312 9.801147
v 0.549622 0.510080 9.747314
v 0.362915 0.508341 9.687134
v 0.177063 0.506134 9.620972
v -0.008667 0.504189 9.549561
v -0.194641 0.505535 9.476074
v -0.380737 0.506855 9.401978
v -0.565857 0.508148 9.328125
v -0.749634 0.508110 9.253418
v -0.932861 0.507793 9.176758
v -1.115784 0.507795 9.097900
v -1.298462 0.510202 9.016479
v -1.481262 0.512260 8.929688
v -1.665161 0.514006 8.837158
v -1.850464 0.514524 8.742432
v -2.036682 0.514965 8.650024
v -2.223389 0.516474 8.563110
v -2.409058 0.522219 8.486084
v -2.592346 0.528389 8.416504
v -2.773132 0.532236 8.350098
v -2.951782 0.535776 8.281860
v -3.129883 0.538908 8.206787
v -3.310608 0.541700 8.122070
v -3.494019 0.546925 8.030762
v -3.678040 0.551943 7.935181
v -3.859985 0.556870 7.840088
v -4.037537 0.561684 7.747437
v -4.208923 0.566273 7.659302
v -4.375366 0.570625 7.573730
v -4.538330 0.576733 7.489014
v -4.699890 0.583246 7.403076
v -4.862549 0.588186 7.313110
v -5.026855 0.592649 7.221558
v -5.190552 0.597088 7.130127
v -5.352356 0.601353 7.036133
v -5.511841 0.605324 6.936401
v -5.669495 0.610525 6.826782
v -5.827271 0.615467 6.706055
v -5.985413 0.620235 6.576538
v -6.142090 0.625132 6.439087
v -6.296387 0.629715 6.295532
v -6.445984 0.633890 6.147339
v -6.589111 0.637400 5.988647
v -6.728577 0.640860 5.816528
v -6.868530 0.644396 5.638306
v -7.011902 0.647459 5.463135
v -7.161865 0.647779 5.300171
v -7.317383 0.649466 5.155640
v -7.474670 0.652033 5.025146
v -7.631897 0.655062 4.902954
v -7.787292 0.657478 4.784058
v -7.940857 0.658146 4.661743
v -8.095276 0.658667 4.536133
v -8.250671 0.659286 4.411377
v -8.404419 0.653444 4.286255
v -8.554810 0.645468 4.159424
v -8.700256 0.636795 4.028809
v -8.840454 0.627132 3.892212
v -8.977295 0.611568 3.750000
v -9.112793 0.595324 3.604126
v -9.248535 0.578918 3.456909
v -9.385986 0.562595 3.310303
v -9.524292 0.547575 3.165527
v -9.662354 0.532888 3.020752
v -9.800354 0.518244 2.876343
v -9.938293 0.503571 2.731689
v -10.076660 0.489223 2.586914
v -10.216675 0.475004 2.442749
v -10.357727 0.461002 2.300415
v -10.497131 0.447559 2.158325
v -10.632690 0.442118 2.015137
v -10.762695 0.436430 1.868530
v -10.886902 0.430443 1.717285
v -11.007385 0.424171 1.561279
v -11.125366 0.417915 1.402588
v -11.242249 0.411688 1.241943
v -11.359314 0.405428 1.080444
v -11.475830 0.403027 0.918945
v -11.590759 0.401188 0.756836
v -11.705017 0.399313 0.593506
v -11.818970 0.397415 0.429565
v -11.933044 0.395519 0.265381
v -12.048340 0.393652 0.101807
v -12.164062 0.391829 -0.060791
v -12.278503 0.389822 -0.223511
v -12.389587 0.387644 -0.386841
v -12.496155 0.385427 -0.551880
v -12.597168 0.383146 -0.720215
v -12.694397 0.380793 -0.892456
v -12.789551 0.378403 -1.066895
v -12.884766 0.375872 -1.242798
v -12.981567 0.373213 -1.418945
v -13.081299 0.370592 -1.593506
v -13.182129 0.367990 -1.766968
v -13.281616 0.365465 -1.939331
v -13.377197 0.366165 -2.112061
v -13.467163 0.366858 -2.286011
v -13.552734 0.369083 -2.461548
v -13.635376 0.370798 -2.637817
v -13.713135 0.370239 -2.815186
v -13.784729 0.369240 -2.994385
v -13.848877 0.367687 -3.176636
v -13.903931 0.365425 -3.363525
v -13.951172 0.360746 -3.556152
v -13.993408 0.355482 -3.752930
v -14.033325 0.349977 -3.952148
v -14.073669 0.344442 -4.152588
v -14.116394 0.333437 -4.352173
v -14.159485 0.322792 -4.550293
v -14.199402 0.313465 -4.748047
v -14.233032 0.303492 -4.946045
v -14.257324 0.292393 -5.146362
v -14.273621 0.280157 -5.351562
v -14.284119 0.264397 -5.560791
v -14.286926 0.250946 -5.770508
v -14.280212 0.237612 -5.979004
v -14.262390 0.222914 -6.184692
v -14.233154 0.206663 -6.389893
v -14.193787 0.185762 -6.596558
v -14.144409 0.164015 -6.800781
v -14.085449 0.146935 -6.999756
v -14.017517 0.128605 -7.189941
v -13.938293 0.108376 -7.371094
v -13.847107 0.080976 -7.546997
v -13.746826 0.052053 -7.718628
v -13.640320 0.026781 -7.886353
v -13.531738 0.006432 -8.050781
v -13.421936 -0.015255 -8.209839
v -13.308594 -0.037682 -8.363281
v -13.190979 -0.060213 -8.512207
v -13.068542 -0.083422 -8.658325
v -12.940918 -0.108547 -8.802856
v -12.808472 -0.133158 -8.945557
v -12.671387 -0.152344 -9.085693
v -12.529663 -0.172567 -9.223267
v -12.383118 -0.189152 -9.357300
v -12.230835 -0.205824 -9.489014
v -12.072632 -0.224380 -9.622192
v -11.909851 -0.244307 -9.755859
v -11.744019 -0.256538 -9.883423
v -11.576050 -0.270226 -9.997925
v -11.405884 -0.285120 -10.093872
v -11.232361 -0.302433 -10.170288
v -11.053528 -0.312792 -10.232056
v -10.868713 -0.325844 -10.282104
v -10.677063 -0.341005 -10.323975
v -10.478638 -0.357849 -10.360474
v -10.270996 -0.375092 -10.392578
v -10.054688 -0.389473 -10.417847
v -9.835266 -0.398020 -10.435059
v -9.618591 -0.402056 -10.442261
v -9.410400 -0.407909 -10.438721
v -9.210754 -0.415737 -10.423218
v -9.015198 -0.425062 -10.397217
v -8.822876 -0.434755 -10.361328
v -8.632874 -0.435667 -10.317017
v -8.444641 -0.438080 -10.265137
v -8.257080 -0.441795 -10.206665
v -8.071716 -0.447004 -10.140991
v -7.890503 -0.453915 -10.067261
v -7.715332 -0.462854 -9.984375
v -7.548950 -0.474110 -9.891968
v -7.392761 -0.488468 -9.785767
v -7.243042 -0.505804 -9.664551
v -7.095276 -0.525049 -9.533325
v -6.946106 -0.545042 -9.397705
v -6.793213 -0.564417 -9.264893
v -6.638733 -0.582840 -9.136841
v -6.485046 -0.601141 -9.009766
v -6.331543 -0.616308 -8.882690
v -6.177917 -0.622999 -8.755493
v -6.025085 -0.629650 -8.628906
v -5.875000 -0.636658 -8.499634
v -5.725891 -0.644072 -8.366211
v -5.573547 -0.651369 -8.232910
v -5.414856 -0.658064 -8.103882
v -5.246704 -0.663469 -7.985352
v -5.069458 -0.667191 -7.881714
v -4.887024 -0.669586 -7.790283
v -4.702332 -0.671053 -7.707031
v -4.518494 -0.672213 -7.627441
v -4.336975 -0.675472 -7.546387
v -4.155212 -0.681538 -7.463501
v -3.971985 -0.687502 -7.382202
v -3.788635 -0.693769 -7.301514
v -3.605408 -0.700003 -7.221313
v -3.423767 -0.706219 -7.141357
v -3.244629 -0.714121 -7.056396
v -3.065063 -0.725004 -6.965698
v -2.881409 -0.735886 -6.875854
v -2.691528 -0.746126 -6.794556
v -2.494019 -0.754995 -6.730347
v -2.290588 -0.762623 -6.689209
v -2.085999 -0.769590 -6.666382
v -1.882446 -0.775049 -6.654297
v -1.681580 -0.779997 -6.645386
v -1.483765 -0.785456 -6.632690
v -1.286072 -0.791620 -6.615234
v -1.086609 -0.797892 -6.597168
v -0.886353 -0.799280 -6.580444
v -0.685303 -0.801065 -6.566040
v -0.483826 -0.802330 -6.555176
v -0.289551 -0.803005 -6.548584
v -0.102966 -0.803133 -6.545898
v 0.086731 -0.800724 -6.545532
v 0.290833 -0.797075 -6.546509
v 0.520813 -0.796030 -6.547363
v 0.790955 -0.794695 -6.549194
v 1.093689 -0.793089 -6.552368
v 1.407776 -0.790653 -6.556396
v 1.712585 -0.792053 -6.559692
v 1.987183 -0.898735 -6.501343
v 2.225525 -0.900127 -6.500488
v 2.442993 -0.907736 -6.497559
v 2.648315 -0.907808 -6.494751
v 2.849915 -0.907820 -6.492432
v 3.055725 -0.907450 -6.493042
v 3.264099 -0.906870 -6.495361
v 3.470276 -0.915234 -6.499023
v 3.675171 -0.921162 -6.504395
v 3.880066 -0.921812 -6.513062
v 4.085693 -0.921560 -6.526611
v 4.291138 -0.920017 -6.547119
v 4.493713 -0.917528 -6.573853
v 4.692017 -0.911055 -6.602661
v 4.886597 -0.902199 -6.629517
v 5.078003 -0.894526 -6.651123
v 5.267761 -0.888453 -6.665527
v 5.457947 -0.883413 -6.675293
v 5.650635 -0.875296 -6.683838
v 5.847229 -0.861635 -6.694336
v 6.049744 -0.848019 -6.711182
v 6.255432 -0.834480 -6.738770
v 6.458740 -0.820555 -6.774048
v 6.658081 -0.806442 -6.809570
v 6.853882 -0.790213 -6.837769
v 7.049377 -0.774788 -6.853027
v 7.251648 -0.759739 -6.855957
v 7.460266 -0.744791 -6.851074
v 7.668762 -0.729422 -6.837402
v 7.873291 -0.712276 -6.814575
v 8.069946 -0.701010 -6.781494
v 8.259766 -0.691435 -6.738159
v 8.445190 -0.684002 -6.685547
v 8.626282 -0.680708 -6.622925
v 8.803833 -0.679361 -6.550293
v 8.976807 -0.670513 -6.468018
v 9.146729 -0.655611 -6.371704
v 9.316101 -0.643389 -6.259888
v 9.484436 -0.634914 -6.138428
v 9.650146 -0.627892 -6.012939
v 9.810913 -0.621120 -5.890747
v 9.962402 -0.614592 -5.776855
v 10.104370 -0.599068 -5.667603
v 10.240540 -0.580265 -5.558228
v 10.374512 -0.558901 -5.444214
v 10.509460 -0.537912 -5.321411
v 10.644531 -0.517654 -5.187378
v 10.779114 -0.498159 -5.043701
v 10.916138 -0.478704 -4.891602
v 11.057556 -0.458607 -4.734985
v 11.205200 -0.427166 -4.576294
v 11.361755 -0.387180 -4.416016
v 11.524353 -0.343958 -4.253906
v 11.686890 -0.300766 -4.091675
v 11.843201 -0.259413 -3.932251
v 11.987793 -0.221569 -3.776733
v 12.120789 -0.187143 -3.626709
v 12.245972 -0.154930 -3.480835
v 12.364197 -0.123617 -3.336670
v 12.477112 -0.090973 -3.190308
v 12.586792 -0.059507 -3.037598
v 12.693726 -0.029396 -2.876465
v 12.797302 -0.001226 -2.708374
v 12.897217 0.025564 -2.536255
v 12.993408 0.051052 -2.362793
v 13.085449 0.078754 -2.191528
v 13.171814 0.109049 -2.025269
v 13.252502 0.137423 -1.862549
v 13.329346 0.164202 -1.699341
v 13.404114 0.187733 -1.532227
v 13.478149 0.211096 -1.357666
v 13.551575 0.234358 -1.174438
v 13.623596 0.260624 -0.984375
v 13.693970 0.286860 -0.789429
v 13.762756 0.314938 -0.591797
v 13.829773 0.342619 -0.393921
v 13.898010 0.370716 -0.194092
v 13.966736 0.398699 0.006958
v 14.031128 0.424564 0.205444
v 14.087036 0.447914 0.399902
v 14.130371 0.467474 0.587036
v 14.159058 0.482719 0.768188
v 14.176270 0.500145 0.946533
v 14.185974 0.515289 1.127075
v 14.192505 0.527630 1.312500
v 14.199890 0.540577 1.504761
v 14.209961 0.554443 1.702026
v 14.219604 0.568293 1.900635
v 14.226196 0.586603 2.098511
v 14.226868 0.603954 2.294434
v 14.218872 0.618368 2.487305
v 14.201355 0.630793 2.679321
v 14.175842 0.641727 2.872681
v 14.143921 0.653549 3.066650
v 14.106934 0.668655 3.260864
v 14.066467 0.682360 3.454590
v 14.023254 0.695461 3.647705
v 13.976562 0.707850 3.839844
v 13.925415 0.721449 4.029175
v 13.869019 0.735207 4.215210
v 13.806702 0.747538 4.395874
v 13.737122 0.760059 4.571045
v 13.660278 0.771164 4.742432
v 13.577271 0.783854 4.913574
v 13.489685 0.796072 5.086060
v 13.398743 0.808325 5.262329
v 13.307068 0.820913 5.444214
v 13.214905 0.834520 5.627319
v 13.120178 0.847342 5.806519
v 13.020752 0.858032 5.976685
v 12.914429 0.865541 6.133423
v 12.796875 0.871796 6.277222
v 12.667053 0.875858 6.414062
v 12.527710 0.878128 6.548584
v 12.382874 0.877649 6.684570
v 12.238342 0.876144 6.824585
v 12.097290 0.874952 6.966431
v 11.957397 0.873653 7.106689
v 11.816956 0.872124 7.245972
v 11.675720 0.871403 7.383423
v 11.533020 0.870583 7.519165
v 11.388123 0.869093 7.652344
v 11.240662 0.864637 7.784180
v 11.091370 0.858135 7.915405
v 10.940857 0.852488 8.047363
v 10.790283 0.846968 8.180542
v 10.640625 0.841896 8.316406
v 10.492615 0.838478 8.453003
v 10.345825 0.835171 8.587402
v 10.199524 0.831316 8.716553
v 10.051575 0.825560 8.838745
v 9.901489 0.816448 8.955933
v 9.750793 0.807606 9.069092
v 9.598877 0.798140 9.176514
v 9.444763 0.787956 9.278076
v 9.286560 0.778236 9.372681
v 9.124084 0.768341 9.460083
v 8.957764 0.757439 9.540894
v 8.786194 0.746342 9.616699
v 8.608215 0.735273 9.689453
v 8.423889 0.725111 9.760010
v 8.229858 0.713837 9.828369
v 8.026001 0.701372 9.893799
v 7.817200 0.686752 9.955933
v 7.609131 0.674133 10.014893
v 7.407227 0.662123 10.069946
v 7.214905 0.650610 10.121216
v 7.029541 0.639418 10.169189
v 6.847534 0.628965 10.212402
v 6.664734 0.618990 10.251343
v 6.476257 0.609268 10.284912
v 6.280396 0.598850 10.315063
v 6.080933 0.587944 10.341431
v 5.879883 0.576908 10.362549
v 5.678223 0.565643 10.376831
v 5.477173 0.554499 10.382202
v 5.273376 0.543419 10.377075
v 5.064148 0.531370 10.362183
v 4.852173 0.518768 10.340576
v 4.640625 0.506662 10.315674
v 4.434509 0.495111 10.290283
v 4.237061 0.486828 10.263428
v 4.044495 0.478405 10.232788
v 3.852478 0.469837 10.199829
v 3.658691 0.461285 10.167969
v 3.461609 0.452436 10.138794
v 3.262634 0.445244 10.113892
v 3.064270 0.440649 10.091553
v 2.866394 0.436150 10.070435
v 2.670044 0.431709 10.049805
v 2.474548 0.427177 10.027832
v 2.279236 0.422375 10.006348
v 2.085144 0.419905 9.985840
v 1.893250 0.418308 9.964478
v 1.703491 0.416548 9.940308
v 1.514587 0.413950 9.910400
v 1.324341 0.410387 9.874878
v 1.133301 0.406450 9.835205
v 0.942749 0.407454 9.791382
v 0.753662 0.406666 9.743286
v 0.567078 0.405449 9.689941
v 0.382202 0.403732 9.630371
v 0.197876 0.401535 9.564697
v 0.013184 0.399109 9.493652
v -0.172546 0.400467 9.420288
v -0.358521 0.401781 9.346191
v -0.543457 0.403080 9.272461
v -0.726746 0.404001 9.197876
v -0.909424 0.403694 9.121582
v -1.091675 0.403299 9.042969
v -1.273376 0.405682 8.961914
v -1.454895 0.407732 8.875732
v -1.638062 0.408962 8.783691
v -1.823425 0.409187 8.688965
v -2.010681 0.409628 8.595947
v -2.199219 0.410601 8.508179
v -2.386902 0.416401 8.430298
v -2.571350 0.422611 8.360229
v -2.752075 0.428177 8.293945
v -2.929382 0.431692 8.226196
v -3.105530 0.434790 8.151978
v -3.284485 0.437460 8.068115
v -3.466858 0.442352 7.977295
v -3.650330 0.447363 7.882080
v -3.832214 0.452278 7.786865
v -4.009949 0.457052 7.694092
v -4.181458 0.461542 7.605957
v -4.347778 0.465889 7.520508
v -4.510376 0.471569 7.435913
v -4.671265 0.478056 7.350342
v -4.833374 0.484373 7.260620
v -4.997620 0.489573 7.169067
v -5.160889 0.494001 7.078003
v -5.321350 0.498234 6.984863
v -5.478760 0.502150 6.886353
v -5.634155 0.506912 6.778320
v -5.789978 0.511784 6.658936
v -5.946594 0.516705 6.530762
v -6.101868 0.521553 6.394531
v -6.254822 0.526098 6.252319
v -6.402527 0.530224 6.105835
v -6.543518 0.533686 5.949707
v -6.681641 0.536852 5.779175
v -6.821655 0.540384 5.600708
v -6.966553 0.542465 5.423828
v -7.119324 0.542786 5.257812
v -7.277832 0.544508 5.110596
v -7.437134 0.547112 4.978394
v -7.595215 0.550148 4.855469
v -7.750366 0.553068 4.736816
v -7.903198 0.553730 4.614990
v -8.057556 0.554264 4.489502
v -8.212952 0.553619 4.364746
v -8.366150 0.546038 4.240112
v -8.515442 0.538103 4.114136
v -8.659241 0.529530 3.984985
v -8.797913 0.519991 3.849976
v -8.933655 0.506178 3.708740
v -9.068726 0.489994 3.563477
v -9.204590 0.473574 3.416138
v -9.342407 0.457270 3.269043
v -9.480896 0.442572 3.124146
v -9.618958 0.427883 2.979370
v -9.756958 0.413240 2.834961
v -9.894897 0.398567 2.690308
v -10.033447 0.384056 2.545166
v -10.173889 0.369825 2.400757
v -10.315002 0.355812 2.258301
v -10.453918 0.344944 2.116577
v -10.588440 0.339544 1.974609
v -10.717041 0.333925 1.829590
v -10.840027 0.327997 1.679810
v -10.959595 0.321777 1.525024
v -11.077026 0.315407 1.367065
v -11.193726 0.309196 1.206665
v -11.310730 0.303312 1.045288
v -11.427002 0.301512 0.884033
v -11.541748 0.299679 0.722290
v -11.655823 0.297802 0.559204
v -11.769653 0.295912 0.395386
v -11.883850 0.293951 0.231079
v -11.999390 0.291681 0.067139
v -12.115112 0.290152 -0.095459
v -12.229126 0.289167 -0.257690
v -12.339600 0.287004 -0.419922
v -12.445251 0.284803 -0.583618
v -12.545349 0.282541 -0.750488
v -12.641907 0.280205 -0.921509
v -12.736877 0.277819 -1.095581
v -12.832031 0.275248 -1.271484
v -12.929199 0.272583 -1.448242
v -13.029297 0.269951 -1.623413
v -13.130188 0.267345 -1.797119
v -13.229370 0.264771 -1.968872
v -13.324280 0.263718 -2.140381
v -13.413574 0.264706 -2.312866
v -13.498596 0.266857 -2.487427
v -13.580750 0.266638 -2.662598
v -13.657776 0.266083 -2.838379
v -13.728577 0.265100 -3.015503
v -13.791748 0.263571 -3.195068
v -13.846008 0.261299 -3.379272
v -13.892700 0.256565 -3.569580
v -13.934631 0.251333 -3.765137
v -13.974487 0.245832 -3.963989
v -14.014893 0.238085 -4.164795
v -14.057800 0.226429 -4.364746
v -14.100769 0.215942 -4.562622
v -14.140442 0.206696 -4.758911
v -14.173645 0.196821 -4.954712
v -14.197632 0.185877 -5.152344
v -14.213745 0.173756 -5.355469
v -14.224182 0.155907 -5.562744
v -14.226929 0.142677 -5.770020
v -14.220337 0.129545 -5.975464
v -14.202820 0.115078 -6.177856
v -14.173950 0.099052 -6.380127
v -14.135132 0.076815 -6.583862
v -14.086426 0.054516 -6.785278
v -14.028381 0.037704 -6.981079
v -13.961731 0.019722 -7.167847
v -13.884155 -0.000679 -7.345215
v -13.794556 -0.027597 -7.517944
v -13.695557 -0.056149 -7.687378
v -13.589966 -0.083111 -7.853760
v -13.482056 -0.103361 -8.017212
v -13.373108 -0.124918 -8.174927
v -13.260925 -0.146954 -8.326782
v -13.144470 -0.169029 -8.474365
v -13.023071 -0.192039 -8.619141
v -12.896423 -0.216999 -8.762695
v -12.765015 -0.243040 -8.904175
v -12.629028 -0.262781 -9.043213
v -12.488525 -0.282833 -9.179565
v -12.343262 -0.299328 -9.312500
v -12.191895 -0.315914 -9.443359
v -12.034241 -0.334776 -9.576050
v -11.872498 -0.354586 -9.708862
v -11.708801 -0.366953 -9.834839
v -11.544373 -0.380323 -9.947021
v -11.379028 -0.395599 -10.040161
v -11.210388 -0.412428 -10.114502
v -11.035889 -0.424187 -10.174683
v -10.854431 -0.436983 -10.223877
v -10.665222 -0.451975 -10.265137
v -10.468628 -0.468632 -10.301392
v -10.262939 -0.487083 -10.333130
v -10.048828 -0.501329 -10.358032
v -9.831909 -0.509462 -10.375122
v -9.618103 -0.513454 -10.382202
v -9.413269 -0.519197 -10.378784
v -9.217041 -0.526983 -10.363525
v -9.024658 -0.536249 -10.338013
v -8.835205 -0.546545 -10.302612
v -8.647644 -0.547424 -10.258911
v -8.461548 -0.549845 -10.207520
v -8.276062 -0.553537 -10.149658
v -8.093018 -0.558632 -10.084961
v -7.914612 -0.565500 -10.012329
v -7.742737 -0.574581 -9.931030
v -7.580444 -0.584902 -9.840820
v -7.428528 -0.598543 -9.737549
v -7.281799 -0.615507 -9.618774
v -7.135376 -0.634598 -9.488647
v -6.985962 -0.654634 -9.352783
v -6.832031 -0.674122 -9.219116
v -6.677002 -0.692627 -9.090576
v -6.523315 -0.710901 -8.963501
v -6.369812 -0.721869 -8.836426
v -6.216187 -0.728546 -8.709351
v -6.063782 -0.735188 -8.583130
v -5.914612 -0.742149 -8.454590
v -5.765686 -0.749559 -8.321289
v -5.612244 -0.756905 -8.187012
v -5.451050 -0.763693 -8.056030
v -5.279175 -0.769213 -7.934937
v -5.098022 -0.773029 -7.828979
v -4.912781 -0.775383 -7.736084
v -4.726624 -0.776876 -7.652100
v -4.542664 -0.778032 -7.572510
v -4.361633 -0.780670 -7.491699
v -4.179810 -0.786734 -7.408813
v -3.996277 -0.792660 -7.327271
v -3.812744 -0.798658 -7.246582
v -3.629517 -0.804892 -7.166382
v -3.448730 -0.811075 -7.086792
v -3.271057 -0.818363 -7.002563
v -3.091797 -0.829243 -6.911987
v -2.906433 -0.840210 -6.821411
v -2.712646 -0.850670 -6.738403
v -2.509277 -0.861540 -6.672241
v -2.299866 -0.871346 -6.629883
v -2.091064 -0.878435 -6.606567
v -1.885559 -0.883951 -6.594360
v -1.684814 -0.888897 -6.585449
v -1.488342 -0.894308 -6.572876
v -1.291443 -0.900438 -6.555542
v -1.091797 -0.906759 -6.537354
v -0.890930 -0.907810 -6.520630
v -0.689087 -0.909594 -6.506226
v -0.486450 -0.910875 -6.495239
v -0.291016 -0.911551 -6.488647
v -0.103455 -0.911676 -6.485840
v 0.086853 -0.909279 -6.485474
v 0.291077 -0.903807 -6.486450
v 0.521118 -0.902760 -6.487305
v 0.791504 -0.901426 -6.489136
v 1.094421 -0.899820 -6.492310
v 1.408508 -0.895977 -6.496338
v 1.713074 -0.897375 -6.499634
v 1.987183 -0.898735 -6.501343
v 2.225525 -0.900127 -6.500488
v 2.442993 -0.907736 -6.497559
v 2.648315 -0.907808 -6.494751
v 2.849915 -0.907820 -6.492432
v 3.055725 -0.907450 -6.493042
v 3.264099 -0.906870 -6.495361
v 3.470276 -0.915234 -6.499023
v 3.675171 -0.921162 -6.504395
v 3.880066 -0.921812 -6.513062
v 4.085693 -0.921560 -6.526611
v 4.291138 -0.920017 -6.547119
v 4.493713 -0.917528 -6.573853
v 4.692017 -0.911055 -6.602661
v 4.886597 -0.902199 -6.629517
v 5.078003 -0.894526 -6.651123
v 5.267761 -0.888453 -6.665527
v 5.457947 -0.883413 -6.675293
v 5.650635 -0.875296 -6.683838
v 5.847229 -0.861635 -6.694336
v 6.049744 -0.848019 -6.711182
v 6.255432 -0.834480 -6.738770
v 6.458740 -0.820555 -6.774048
v 6.658081 -0.806442 -6.809570
v 6.853882 -0.790213 -6.837769
v 7.049377 -0.774788 -6.853027
v 7.251648 -0.759739 -6.855957
v 7.460266 -0.744791 -6.851074
v 7.668762 -0.729422 -6.837402
v 7.873291 -0.712276 -6.814575
v 8.069946 -0.701010 -6.781494
v 8.259766 -0.691435 -6.738159
v 8.445190 -0.684002 -6.685547
v 8.626282 -0.680708 -6.622925
v 8.803833 -0.679361 -6.550293
v 8.976807 -0.670513 -6.468018
v 9.146729 -0.655611 -6.371704
v 9.316101 -0.643389 -6.259888
v 9.484436 -0.634914 -6.138428
v 9.650146 -0.627892 -6.012939
v 9.810913 -0.621120 -5.890747
v 9.962402 -0.614592 -5.776855
v 10.104370 -0.599068 -5.667603
v 10.240540 -0.580265 -5.558228
v 10.374512 -0.558901 -5.444214
v 10.509460 -0.537912 -5.321411
v 10.644531 -0.517654 -5.187378
v 10.779114 -0.498159 -5.043701
v 10.916138 -0.478704 -4.891602
v 11.057556 -0.458607 -4.734985
v 11.205200 -0.427166 -4.576294
v 11.361755 -0.387180 -4.416016
v 11.524353 -0.343958 -4.253906
v 11.686890 -0.300766 -4.091675
v 11.843201 -0.259413 -3.932251
v 11.987793 -0.221569 -3.776733
v 12.120789 -0.187143 -3.626709
v 12.245972 -0.154930 -3.480835
v 12.364197 -0.123617 -3.336670
v 12.477112 -0.090973 -3.190308
v 12.586792 -0.059507 -3.037598
v 12.693726 -0.029396 -2.876465
v 12.797302 -0.001226 -2.708374
v 12.897217 0.025564 -2.536255
v 12.993408 0.051052 -2.362793
v 13.085449 0.078754 -2.191528
v 13.171814 0.109049 -2.025269
v 13.252502 0.137423 -1.862549
v 13.329346 0.164202 -1.699341
v 13.404114 0.187733 -1.532227
v 13.478149 0.211096 -1.357666
v 13.551575 0.234358 -1.174438
v 13.623596 0.260624 -0.984375
v 13.693970 0.286860 -0.789429
v 13.762756 0.314938 -0.591797
v 13.829773 0.342619 -0.393921
v 13.898010 0.370716 -0.194092
v 13.966736 0.398699 0.006958
v 14.031128 0.424564 0.205444
v 14.087036 0.447914 0.399902
v 14.130371 0.467474 0.587036
v 14.159058 0.482719 0.768188
v 14.176270 0.500145 0.946533
v 14.185974 0.515289 1.127075
v 14.192505 0.527630 1.312500
v 14.199890 0.540577 1.504761
v 14.209961 0.554443 1.702026
v 14.219604 0.568293 1.900635
v 14.226196 0.586603 2.098511
v 14.226868 0.603954 2.294434
v 14.218872 0.618368 2.487305
v 14.201355 0.630793 2.679321
v 14.175842 0.641727 2.872681
v 14.143921 0.653549 3.066650
v 14.106934 0.668655 3.260864
v 14.066467 0.682360 3.454590
v 14.023254 0.695461 3.647705
v 13.976562 0.707850 3.839844
v 13.925415 0.721449 4.029175
v 13.869019 0.735207 4.215210
v 13.806702 0.747538 4.395874
v 13.737122 0.760059 4.571045
v 13.660278 0.771164 4.742432
v 13.577271 0.783854 4.913574
v 13.489685 0.796072 5.086060
v 13.398743 0.808325 5.262329
v 13.307068 0.820913 5.444214
v 13.214905 0.834520 5.627319
v 13.120178 0.847342 5.806519
v 13.020752 0.858032 5.976685
v 12.914429 0.865541 6.133423
v 12.796875 0.871796 6.277222
v 12.667053 0.875858 6.414062
v 12.527710 0.878128 6.548584
v 12.382874 0.877649 6.684570
v 12.238342 0.876144 6.824585
v 12.097290 0.874952 6.966431
v 11.957397 0.873653 7.106689
v 11.816956 0.872124 7.245972
v 11.675720 0.871403 7.383423
v 11.533020 0.870583 7.519165
v 11.388123 0.869093 7.652344
v 11.240662 0.864637 7.784180
v 11.091370 0.858135 7.915405
v 10.940857 0.852488 8.047363
v 10.790283 0.846968 8.180542
v 10.640625 0.841896 8.316406
v 10.492615 0.838478 8.453003
v 10.345825 0.835171 8.587402
v 10.199524 0.831316 8.716553
v 10.051575 0.825560 8.838745
v 9.901489 0.816448 8.955933
v 9.750793 0.807606 9.069092
v 9.598877 0.798140 9.176514
v 9.444763 0.787956 9.278076
v 9.286560 0.778236 9.372681
v 9.124084 0.768341 9.460083
v 8.957764 0.757439 9.540894
v 8.786194 0.746342 9.616699
v 8.608215 0.735273 9.689453
v 8.423889 0.725111 9.760010
v 8.229858 0.713837 9.828369
v 8.026001 0.701372 9.893799
v 7.817200 0.686752 9.955933
v 7.609131 0.674133 10.014893
v 7.407227 0.662123 10.069946
v 7.214905 0.650610 10.121216
v 7.029541 0.639418 10.169189
v 6.847534 0.628965 10.212402
v 6.664734 0.618990 10.251343
v 6.476257 0.609268 10.284912
v 6.280396 0.598850 10.315063
v 6.080933 0.587944 10.341431
v 5.879883 0.576908 10.362549
v 5.678223 0.565643 10.376831
v 5.477173 0.554499 10.382202
v 5.273376 0.543419 10.377075
v 5.064148 0.531370 10.362183
v 4.852173 0.518768 10.340576
v 4.640625 0.506662 10.315674
v 4.434509 0.495111 10.290283
v 4.237061 0.486828 10.263428
v 4.044495 0.478405 10.232788
v 3.852478 0.469837 10.199829
v 3.658691 0.461285 10.167969
v 3.461609 0.452436 10.138794
v 3.262634 0.445244 10.113892
v 3.064270 0.440649 10.091553
v 2.866394 0.436150 10.070435
v 2.670044 0.431709 10.049805
v 2.474548 0.427177 10.027832
v 2.279236 0.422375 10.006348
v 2.085144 0.419905 9.985840
v 1.893250 0.418308 9.964478
v 1.703491 0.416548 9.940308
v 1.514587 0.413950 9.910400
v 1.324341 0.410387 9.874878
v 1.133301 0.406450 9.835205
v 0.942749 0.407454 9.791382
v 0.753662 0.406666 9.743286
v 0.567078 0.405449 9.689941
v 0.382202 0.403732 9.630371
v 0.197876 0.401535 9.564697
v 0.013184 0.399109 9.493652
v -0.172546 0.400467 9.420288
v -0.358521 0.401781 9.346191
v -0.543457 0.403080 9.272461
v -0.726746 0.404001 9.197876
v -0.909424 0.403694 9.121582
v -1.091675 0.403299 9.042969
v -1.273376 0.405682 8.961914
v -1.454895 0.407732 8.875732
v -1.638062 0.408962 8.783691
v -1.823425 0.409187 8.688965
v -2.010681 0.409628 8.595947
v -2.199219 0.410601 8.508179
v -2.386902 0.416401 8.430298
v -2.571350 0.422611 8.360229
v -2.752075 0.428177 8.293945
v -2.929382 0.431692 8.226196
v -3.105530 0.434790 8.151978
v -3.284485 0.437460 8.068115
v -3.466858 0.442352 7.977295
v -3.650330 0.447363 7.882080
v -3.832214 0.452278 7.786865
v -4.009949 0.457052 7.694092
v -4.181458 0.461542 7.605957
v -4.347778 0.465889 7.520508
v -4.510376 0.471569 7.435913
v -4.671265 0.478056 7.350342
v -4.833374 0.484373 7.260620
v -4.997620 0.489573 7.169067
v -5.160889 0.494001 7.078003
v -5.321350 0.498234 6.984863
v -5.478760 0.502150 6.886353
v -5.634155 0.506912 6.778320
v -5.789978 0.511784 6.658936
v -5.946594 0.516705 6.530762
v -6.101868 0.521553 6.394531
v -6.254822 0.526098 6.252319
v -6.402527 0.530224 6.105835
v -6.543518 0.533686 5.949707
v -6.681641 0.536852 5.779175
v -6.821655 0.540384 5.600708
v -6.966553 0.542465 5.423828
v -7.119324 0.542786 5.257812
v -7.277832 0.544508 5.110596
v -7.437134 0.547112 4.978394
v -7.595215 0.550148 4.855469
v -7.750366 0.553068 4.736816
v -7.903198 0.553730 4.614990
v -8.057556 0.554264 4.489502
v -8.212952 0.553619 4.364746
v -8.366150 0.546038 4.240112
v -8.515442 0.538103 4.114136
v -8.659241 0.529530 3.984985
v -8.797913 0.519991 3.849976
v -8.933655 0.506178 3.708740
v -9.068726 0.489994 3.563477
v -9.204590 0.473574 3.416138
v -9.342407 0.457270 3.269043
v -9.480896 0.442572 3.124146
v -9.618958 0.427883 2.979370
v -9.756958 0.413240 2.834961
v -9.894897 0.398567 2.690308
v -10.033447 0.384056 2.545166
v -10.173889 0.369825 2.400757
v -10.315002 0.355812 2.258301
v -10.453918 0.344944 2.116577
v -10.588440 0.339544 1.974609
v -10.717041 0.333925 1.829590
v -10.840027 0.327997 1.679810
v -10.959595 0.321777 1.525024
v -11.077026 0.315407 1.367065
v -11.193726 0.309196 1.206665
v -11.310730 0.303312 1.045288
v -11.427002 0.301512 0.884033
v -11.541748 0.299679 0.722290
v -11.655823 0.297802 0.559204
v -11.769653 0.295912 0.395386
v -11.883850 0.293951 0.231079
v -11.999390 0.291681 0.067139
v -12.115112 0.290152 -0.095459
v -12.229126 0.289167 -0.257690
v -12.339600 0.287004 -0.419922
v -12.445251 0.284803 -0.583618
v -12.545349 0.282541 -0.750488
v -12.641907 0.280205 -0.921509
v -12.736877 0.277819 -1.095581
v -12.832031 0.275248 -1.271484
v -12.929199 0.272583 -1.448242
v -13.029297 0.269951 -1.623413
v -13.130188 0.267345 -1.797119
v -13.229370 0.264771 -1.968872
v -13.324280 0.263718 -2.140381
v -13.413574 0.264706 -2.312866
v -13.498596 0.266857 -2.487427
v -13.580750 0.266638 -2.662598
v -13.657776 0.266083 -2.838379
v -13.728577 0.265100 -3.015503
v -13.791748 0.263571 -3.195068
v -13.846008 0.261299 -3.379272
v -13.892700 0.256565 -3.569580
v -13.934631 0.251333 -3.765137
v -13.974487 0.245832 -3.963989
v -14.014893 0.238085 -4.164795
v -14.057800 0.226429 -4.364746
v -14.100769 0.215942 -4.562622
v -14.140442 0.206696 -4.758911
v -14.173645 0.196821 -4.954712
v -14.197632 0.185877 -5.152344
v -14.213745 0.173756 -5.355469
v -14.224182 0.155907 -5.562744
v -14.226929 0.142677 -5.770020
v -14.220337 0.129545 -5.975464
v -14.202820 0.115078 -6.177856
v -14.173950 0.099052 -6.380127
v -14.135132 0.076815 -6.583862
v -14.086426 0.054516 -6.785278
v -14.028381 0.037704 -6.981079
v -13.961731 0.019722 -7.167847
v -13.884155 -0.000679 -7.345215
v -13.794556 -0.027597 -7.517944
v -13.695557 -0.056149 -7.687378
v -13.589966 -0.083111 -7.853760
v -13.482056 -0.103361 -8.017212
v -13.373108 -0.124918 -8.174927
v -13.260925 -0.146954 -8.326782
v -13.144470 -0.169029 -8.474365
v -13.023071 -0.192039 -8.619141
v -12.896423 -0.216999 -8.762695
v -12.765015 -0.243040 -8.904175
v -12.629028 -0.262781 -9.043213
v -12.488525 -0.282833 -9.179565
v -12.343262 -0.299328 -9.312500
v -12.191895 -0.315914 -9.443359
v -12.034241 -0.334776 -9.576050
v -11.872498 -0.354586 -9.708862
v -11.708801 -0.366953 -9.834839
v -11.544373 -0.380323 -9.947021
v -11.379028 -0.395599 -10.040161
v -11.210388 -0.412428 -10.114502
v -11.035889 -0.424187 -10.174683
v -10.854431 -0.436983 -10.223877
v -10.665222 -0.451975 -10.265137
v -10.468628 -0.468632 -10.301392
v -10.262939 -0.487083 -10.333130
v -10.048828 -0.501329 -10.358032
v -9.831909 -0.509462 -10.375122
v -9.618103 -0.513454 -10.382202
v -9.413269 -0.519197 -10.378784
v -9.217041 -0.526983 -10.363525
v -9.024658 -0.536249 -10.338013
v -8.835205 -0.546545 -10.302612
v -8.647644 -0.547424 -10.258911
v -8.461548 -0.549845 -10.207520
v -8.276062 -0.553537 -10.149658
v -8.093018 -0.558632 -10.084961
v -7.914612 -0.565500 -10.012329
v -7.742737 -0.574581 -9.931030
v -7.580444 -0.584902 -9.840820
v -7.428528 -0.598543 -9.737549
v -7.281799 -0.615507 -9.618774
v -7.135376 -0.634598 -9.488647
v -6.985962 -0.654634 -9.352783
v -6.832031 -0.674122 -9.219116
v -6.677002 -0.692627 -9.090576
v -6.523315 -0.710901 -8.963501
v -6.369812 -0.721869 -8.836426
v -6.216187 -0.728546 -8.709351
v -6.063782 -0.735188 -8.583130
v -5.914612 -0.742149 -8.454590
v -5.765686 -0.749559 -8.321289
v -5.612244 -0.756905 -8.187012
v -5.451050 -0.763693 -8.056030
v -5.279175 -0.769213 -7.934937
v -5.098022 -0.773029 -7.828979
v -4.912781 -0.775383 -7.736084
v -4.726624 -0.776876 -7.652100
v -4.542664 -0.778032 -7.572510
v -4.361633 -0.780670 -7.491699
v -4.179810 -0.786734 -7.408813
v -3.996277 -0.792660 -7.327271
v -3.812744 -0.798658 -7.246582
v -3.629517 -0.804892 -7.166382
v -3.448730 -0.811075 -7.086792
v -3.271057 -0.818363 -7.002563
v -3.091797 -0.829243 -6.911987
v -2.906433 -0.840210 -6.821411
v -2.712646 -0.850670 -6.738403
v -2.509277 -0.861540 -6.672241
v -2.299866 -0.871346 -6.629883
v -2.091064 -0.878435 -6.606567
v -1.885559 -0.883951 -6.594360
v -1.684814 -0.888897 -6.585449
v -1.488342 -0.894308 -6.572876
v -1.291443 -0.900438 -6.555542
v -1.091797 -0.906759 -6.537354
v -0.890930 -0.907810 -6.520630
v -0.689087 -0.909594 -6.506226
v -0.486450 -0.910875 -6.495239
v -0.291016 -0.911551 -6.488647
v -0.103455 -0.911676 -6.485840
v 0.086853 -0.909279 -6.485474
v 0.291077 -0.903807 -6.486450
v 0.521118 -0.902760 -6.487305
v 0.791504 -0.901426 -6.489136
v 1.094421 -0.899820 -6.492310
v 1.408508 -0.895977 -6.496338
v 1.713074 -0.897375 -6.499634
v 1.987305 -1.014452 -6.401367
v 2.224670 -1.014452 -6.400513
v 2.441650 -1.014452 -6.397583
v 2.647034 -1.014452 -6.394775
v 2.849487 -1.014452 -6.392456
v 3.056458 -1.014452 -6.393066
v 3.265503 -1.014452 -6.395386
v 3.472473 -1.014452 -6.399048
v 3.678650 -1.014452 -6.404419
v 3.885498 -1.014452 -6.413208
v 4.093933 -1.014452 -6.426880
v 4.302673 -1.014452 -6.447754
v 4.507446 -1.014452 -6.474731
v 4.706055 -1.014452 -6.503662
v 4.899048 -1.014452 -6.530396
v 5.087402 -1.014452 -6.551514
v 5.274109 -1.014452 -6.565674
v 5.462708 -1.014452 -6.575439
v 5.655579 -1.014452 -6.583984
v 5.854065 -1.014452 -6.594604
v 6.060547 -1.014452 -6.611694
v 6.270630 -1.014452 -6.639893
v 6.476135 -1.014452 -6.675537
v 6.673950 -1.014452 -6.710815
v 6.864868 -1.014452 -6.738403
v 7.054016 -1.014452 -6.753052
v 7.251221 -1.014452 -6.755981
v 7.455811 -1.014452 -6.751099
v 7.659973 -1.014452 -6.737793
v 7.859436 -1.014452 -6.715576
v 8.050537 -1.014452 -6.683472
v 8.234985 -1.014452 -6.641357
v 8.415161 -1.014452 -6.590088
v 8.591003 -1.014452 -6.529297
v 8.763428 -1.014452 -6.458862
v 8.930603 -1.014452 -6.379395
v 9.094543 -1.014452 -6.286377
v 9.259277 -1.014452 -6.177612
v 9.424988 -1.014452 -6.057983
v 9.589722 -1.014452 -5.933228
v 9.750610 -1.014452 -5.811035
v 9.901855 -1.014452 -5.697266
v 10.042542 -1.014452 -5.588989
v 10.176819 -1.014452 -5.481079
v 10.308472 -1.014452 -5.369141
v 10.440552 -1.014452 -5.248901
v 10.572815 -1.014452 -5.117798
v 10.705505 -1.014452 -4.976074
v 10.841858 -1.014452 -4.824707
v 10.983826 -1.014452 -4.667358
v 11.132812 -1.014452 -4.507202
v 11.290710 -1.014452 -4.345581
v 11.453735 -1.014452 -4.183105
v 11.615845 -1.014452 -4.021362
v 11.770874 -1.014452 -3.863159
v 11.913757 -1.014452 -3.709595
v 12.045471 -1.014452 -3.560913
v 12.169312 -1.014452 -3.416504
v 12.285889 -1.014452 -3.274414
v 12.396912 -1.014452 -3.130615
v 12.504517 -1.014452 -2.980835
v 12.609497 -1.014452 -2.822632
v 12.711487 -1.014452 -2.656982
v 12.810242 -1.014452 -2.486938
v 12.905640 -1.014452 -2.314819
v 12.997070 -1.014452 -2.144775
v 13.082642 -1.014452 -1.980103
v 13.162476 -1.014452 -1.819092
v 13.238464 -1.014452 -1.657715
v 13.312378 -1.014452 -1.492310
v 13.385681 -1.014452 -1.319580
v 13.458374 -1.014452 -1.138062
v 13.529785 -1.014452 -0.949707
v 13.599731 -1.014452 -0.755981
v 13.668152 -1.014452 -0.559326
v 13.735107 -1.014452 -0.361694
v 13.803406 -1.014452 -0.161743
v 13.871826 -1.014452 0.038574
v 13.935486 -1.014452 0.234741
v 13.990234 -1.014452 0.424927
v 14.032227 -1.014452 0.606201
v 14.059814 -1.014452 0.780762
v 14.076538 -1.014452 0.954102
v 14.086060 -1.014452 1.131470
v 14.092590 -1.014452 1.316284
v 14.099976 -1.014452 1.509277
v 14.110046 -1.014452 1.707031
v 14.119690 -1.014452 1.904663
v 14.126221 -1.014452 2.100342
v 14.126892 -1.014452 2.292603
v 14.119141 -1.014452 2.480713
v 14.101929 -1.014452 2.668213
v 14.076904 -1.014452 2.858032
v 14.045471 -1.014452 3.049194
v 14.008911 -1.014452 3.241333
v 13.968689 -1.014452 3.433472
v 13.925903 -1.014452 3.625000
v 13.879700 -1.014452 3.815063
v 13.829285 -1.014452 4.001587
v 13.773926 -1.014452 4.184448
v 13.712952 -1.014452 4.361084
v 13.645020 -1.014452 4.532104
v 13.569641 -1.014452 4.700195
v 13.487732 -1.014452 4.869141
v 13.400635 -1.014452 5.040405
v 13.309631 -1.014452 5.216919
v 13.217773 -1.014452 5.399292
v 13.126038 -1.014452 5.581421
v 13.032776 -1.014452 5.757935
v 12.936157 -1.014452 5.923340
v 12.834290 -1.014452 6.073730
v 12.721802 -1.014452 6.211182
v 12.596069 -1.014452 6.343750
v 12.458740 -1.014452 6.476074
v 12.313843 -1.014452 6.612183
v 12.168091 -1.014452 6.753418
v 12.026489 -1.014452 6.895874
v 11.886780 -1.014452 7.035889
v 11.746826 -1.014452 7.174683
v 11.606384 -1.014452 7.311401
v 11.464722 -1.014452 7.446045
v 11.320923 -1.014452 7.578247
v 11.174316 -1.014452 7.709351
v 11.025391 -1.014452 7.840210
v 10.874756 -1.014452 7.972412
v 10.723572 -1.014452 8.106079
v 10.573120 -1.014452 8.242676
v 10.424988 -1.014452 8.379395
v 10.278931 -1.014452 8.513062
v 10.134583 -1.014452 8.640503
v 9.988953 -1.014452 8.760742
v 9.840698 -1.014452 8.876587
v 9.691895 -1.014452 8.988159
v 9.542480 -1.014452 9.093872
v 9.391602 -1.014452 9.193359
v 9.237183 -1.014452 9.285767
v 9.078491 -1.014452 9.371094
v 8.915710 -1.014452 9.450195
v 8.747009 -1.014452 9.524658
v 8.571411 -1.014452 9.596558
v 8.389404 -1.014452 9.666138
v 8.197937 -1.014452 9.733521
v 7.996460 -1.014452 9.798218
v 7.789246 -1.014452 9.859985
v 7.582336 -1.014452 9.918579
v 7.381226 -1.014452 9.973389
v 7.189453 -1.014452 10.024536
v 7.005493 -1.014452 10.072144
v 6.825562 -1.014452 10.114868
v 6.645569 -1.014452 10.153198
v 6.459839 -1.014452 10.186279
v 6.266235 -1.014452 10.216064
v 6.069153 -1.014452 10.242188
v 5.871155 -1.014452 10.262939
v 5.673340 -1.014452 10.276978
v 5.477112 -1.014452 10.282227
v 5.278198 -1.014452 10.277222
v 5.072754 -1.014452 10.262573
v 4.863098 -1.014452 10.241211
v 4.652588 -1.014452 10.216309
v 4.447388 -1.014452 10.191162
v 4.251648 -1.014452 10.164551
v 4.060791 -1.014452 10.134155
v 3.869019 -1.014452 10.101196
v 3.674133 -1.014452 10.069214
v 3.475159 -1.014452 10.039795
v 3.274475 -1.014452 10.014648
v 3.075195 -1.014452 9.992188
v 2.876953 -1.014452 9.970947
v 2.680847 -1.014452 9.950439
v 2.485596 -1.014452 9.928467
v 2.289978 -1.014452 9.906860
v 2.095947 -1.014452 9.886353
v 1.905090 -1.014452 9.865234
v 1.717651 -1.014452 9.841431
v 1.531555 -1.014452 9.811890
v 1.343689 -1.014452 9.776733
v 1.154663 -1.014452 9.737427
v 0.966309 -1.014452 9.694214
v 0.779724 -1.014452 9.646729
v 0.596130 -1.014452 9.594238
v 0.414307 -1.014452 9.535645
v 0.232605 -1.014452 9.470947
v 0.049500 -1.014452 9.400513
v -0.135620 -1.014452 9.327271
v -0.321533 -1.014452 9.253296
v -0.506042 -1.014452 9.179688
v -0.688599 -1.014452 9.105469
v -0.870300 -1.014452 9.029541
v -1.051514 -1.014452 8.951294
v -1.231567 -1.014452 8.871094
v -1.411011 -1.014452 8.785889
v -1.592834 -1.014452 8.694458
v -1.778442 -1.014452 8.599609
v -1.967346 -1.014452 8.505859
v -2.158936 -1.014452 8.416626
v -2.349976 -1.014452 8.337402
v -2.536316 -1.014452 8.266602
v -2.716980 -1.014452 8.200195
v -2.892151 -1.014452 8.133301
v -3.064880 -1.014452 8.060669
v -3.240967 -1.014452 7.978027
v -3.421509 -1.014452 7.888062
v -3.604126 -1.014452 7.793335
v -3.785950 -1.014452 7.698242
v -3.963989 -1.014452 7.605347
v -4.135742 -1.014452 7.517090
v -4.301880 -1.014452 7.431641
v -4.463806 -1.014452 7.347412
v -4.623596 -1.014452 7.262451
v -4.784851 -1.014452 7.173218
v -4.948914 -1.014452 7.081787
v -5.111450 -1.014452 6.991089
v -5.269714 -1.014452 6.899170
v -5.423706 -1.014452 6.802856
v -5.575195 -1.014452 6.697632
v -5.727905 -1.014452 6.580566
v -5.881958 -1.014452 6.454468
v -6.034851 -1.014452 6.320312
v -6.185608 -1.014452 6.180176
v -6.330200 -1.014452 6.036865
v -6.467529 -1.014452 5.884644
v -6.603455 -1.014452 5.716797
v -6.743652 -1.014452 5.538208
v -6.891052 -1.014452 5.358276
v -7.048462 -1.014452 5.187378
v -7.211853 -1.014452 5.035400
v -7.374512 -1.014452 4.900391
v -7.534180 -1.014452 4.776245
v -7.688843 -1.014452 4.657959
v -7.840515 -1.014452 4.537109
v -7.994751 -1.014452 4.411621
v -8.150085 -1.014452 4.286987
v -8.302368 -1.014452 4.163086
v -8.449768 -1.014452 4.038818
v -8.590942 -1.014452 3.911987
v -8.726990 -1.014452 3.779419
v -8.861023 -1.014452 3.640137
v -8.995361 -1.014452 3.495483
v -9.131348 -1.014452 3.348022
v -9.269775 -1.014452 3.200317
v -9.408569 -1.014452 3.055054
v -9.546631 -1.014452 2.910278
v -9.684631 -1.014452 2.765869
v -9.822571 -1.014452 2.621216
v -9.961487 -1.014452 2.475830
v -10.102478 -1.014452 2.330688
v -10.243774 -1.014452 2.188110
v -10.381958 -1.014452 2.047241
v -10.514709 -1.014452 1.906982
v -10.640991 -1.014452 1.764648
v -10.761780 -1.014452 1.617554
v -10.879883 -1.014452 1.464722
v -10.996460 -1.014452 1.307739
v -11.112793 -1.014452 1.147949
v -11.229675 -1.014452 0.986694
v -11.345703 -1.014452 0.825928
v -11.459961 -1.014452 0.664795
v -11.573792 -1.014452 0.502075
v -11.687561 -1.014452 0.338257
v -11.801941 -1.014452 0.173706
v -11.917786 -1.014452 0.009399
v -12.033447 -1.014452 -0.153198
v -12.146912 -1.014452 -0.314575
v -12.256226 -1.014452 -0.475220
v -12.360352 -1.014452 -0.636475
v -12.458923 -1.014452 -0.800781
v -12.554504 -1.014452 -0.970093
v -12.648987 -1.014452 -1.143311
v -12.744263 -1.014452 -1.319458
v -12.841980 -1.014452 -1.497192
v -12.942688 -1.014452 -1.673340
v -13.043701 -1.014452 -1.847168
v -13.142273 -1.014452 -2.018066
v -13.236145 -1.014452 -2.187500
v -13.324158 -1.014452 -2.357788
v -13.408386 -1.014452 -2.530518
v -13.489685 -1.014452 -2.703979
v -13.565552 -1.014452 -2.877075
v -13.634949 -1.014452 -3.050659
v -13.696594 -1.014452 -3.225830
v -13.749451 -1.014452 -3.405273
v -13.795288 -1.014452 -3.592041
v -13.836731 -1.014452 -3.785522
v -13.876465 -1.014452 -3.983765
v -13.916992 -1.014452 -4.185181
v -13.960022 -1.014452 -4.385864
v -14.002930 -1.014452 -4.583130
v -14.042114 -1.014452 -4.777222
v -14.074646 -1.014452 -4.969116
v -14.098145 -1.014452 -5.162354
v -14.113953 -1.014452 -5.361938
v -14.124207 -1.014452 -5.565918
v -14.126892 -1.014452 -5.769043
v -14.120544 -1.014452 -5.969604
v -14.103455 -1.014452 -6.166504
v -14.075317 -1.014452 -6.363647
v -14.037354 -1.014452 -6.562744
v -13.989868 -1.014452 -6.759277
v -13.933350 -1.014452 -6.950073
v -13.868774 -1.014452 -7.130981
v -13.793945 -1.014452 -7.302246
v -13.706970 -1.014452 -7.469727
v -13.610168 -1.014452 -7.635376
v -13.506042 -1.014452 -7.799438
v -13.399170 -1.014452 -7.961304
v -13.291748 -1.014452 -8.116821
v -13.181458 -1.014452 -8.266113
v -13.066895 -1.014452 -8.411255
v -12.947205 -1.014452 -8.553955
v -12.822266 -1.014452 -8.695557
v -12.692627 -1.014452 -8.835205
v -12.558411 -1.014452 -8.972290
v -12.419922 -1.014452 -9.106812
v -12.276794 -1.014452 -9.237793
v -12.126953 -1.014452 -9.367310
v -11.970337 -1.014452 -9.499146
v -11.810303 -1.014452 -9.630615
v -11.650146 -1.014452 -9.753784
v -11.491638 -1.014452 -9.862061
v -11.334229 -1.014452 -9.950806
v -11.173889 -1.014452 -10.021362
v -11.006470 -1.014452 -10.079102
v -10.830688 -1.014452 -10.126709
v -10.645508 -1.014452 -10.167114
v -10.451965 -1.014452 -10.202759
v -10.249512 -1.014452 -10.234009
v -10.039124 -1.014452 -10.258545
v -9.826355 -1.014452 -10.275269
v -9.617310 -1.014452 -10.282227
v -9.417969 -1.014452 -10.278809
v -9.227478 -1.014452 -10.264160
v -9.040405 -1.014452 -10.239258
v -8.855774 -1.014452 -10.204712
v -8.672302 -1.014452 -10.161987
v -8.489746 -1.014452 -10.111572
v -8.307617 -1.014452 -10.054810
v -8.128601 -1.014452 -9.991455
v -7.954895 -1.014452 -9.920776
v -7.788452 -1.014452 -9.842163
v -7.632935 -1.014452 -9.755737
v -7.488098 -1.014452 -9.657349
v -7.346497 -1.014452 -9.542480
v -7.202209 -1.014452 -9.414307
v -7.052368 -1.014452 -9.278076
v -6.896729 -1.014452 -9.142944
v -6.740784 -1.014452 -9.013672
v -6.587036 -1.014452 -8.886475
v -6.433533 -1.014452 -8.759399
v -6.279968 -1.014452 -8.632324
v -6.128296 -1.014452 -8.506714
v -5.980591 -1.014452 -8.379517
v -5.831970 -1.014452 -8.246338
v -5.676697 -1.014452 -8.110596
v -5.511475 -1.014452 -7.976318
v -5.333313 -1.014452 -7.850830
v -5.145630 -1.014452 -7.740967
v -4.955688 -1.014452 -7.645874
v -4.767029 -1.014452 -7.560669
v -4.582886 -1.014452 -7.480957
v -4.402771 -1.014452 -7.400635
v -4.220886 -1.014452 -7.317627
v -4.036682 -1.014452 -7.235840
v -3.852966 -1.014452 -7.155029
v -3.669678 -1.014452 -7.074829
v -3.490295 -1.014452 -6.995850
v -3.315002 -1.014452 -6.912720
v -3.136353 -1.014452 -6.822510
v -2.948120 -1.014452 -6.730469
v -2.747864 -1.014452 -6.644897
v -2.534668 -1.014452 -6.575562
v -2.315308 -1.014452 -6.531128
v -2.099548 -1.014452 -6.506958
v -1.890747 -1.014452 -6.494507
v -1.690247 -1.014452 -6.485596
v -1.495911 -1.014452 -6.473145
v -1.300354 -1.014452 -6.455933
v -1.100464 -1.014452 -6.437744
v -0.898682 -1.014452 -6.420898
v -0.695374 -1.014452 -6.406372
v -0.490845 -1.014452 -6.395264
v -0.293457 -1.014452 -6.388672
v -0.104309 -1.014452 -6.385864
v 0.086975 -1.014452 -6.385498
v 0.291504 -1.014452 -6.386475
v 0.521667 -1.014452 -6.387329
v 0.792358 -1.014452 -6.389160
v 1.095581 -1.014452 -6.392334
v 1.409668 -1.014452 -6.396362
v 1.713928 -1.014452 -6.399658
v 1.987305 -1.014452 -6.401367
v 2.224670 -1.014452 -6.400513
v 2.441650 -1.014452 -6.397583
v 2.647034 -1.014452 -6.394775
v 2.849487 -1.014452 -6.392456
v 3.056458 -1.014452 -6.393066
v 3.265503 -1.014452 -6.395386
v 3.472473 -1.014452 -6.399048
v 3.678650 -1.014452 -6.404419
v 3.885498 -1.014452 -6.413208
v 4.093933 -1.014452 -6.426880
v 4.302673 -1.014452 -6.447754
v 4.507446 -1.014452 -6.474731
v 4.706055 -1.014452 -6.503662
v 4.899048 -1.014452 -6.530396
v 5.087402 -1.014452 -6.551514
v 5.274109 -1.014452 -6.565674
v 5.462708 -1.014452 -6.575439
v 5.655579 -1.014452 -6.583984
v 5.854065 -1.014452 -6.594604
v 6.060547 -1.014452 -6.611694
v 6.270630 -1.014452 -6.639893
v 6.476135 -1.014452 -6.675537
v 6.673950 -1.014452 -6.710815
v 6.864868 -1.014452 -6.738403
v 7.054016 -1.014452 -6.753052
v 7.251221 -1.014452 -6.755981
v 7.455811 -1.014452 -6.751099
v 7.659973 -1.014452 -6.737793
v 7.859436 -1.014452 -6.715576
v 8.050537 -1.014452 -6.683472
v 8.234985 -1.014452 -6.641357
v 8.415161 -1.014452 -6.590088
v 8.591003 -1.014452 -6.529297
v 8.763428 -1.014452 -6.458862
v 8.930603 -1.014452 -6.379395
v 9.094543 -1.014452 -6.286377
v 9.259277 -1.014452 -6.177612
v 9.424988 -1.014452 -6.057983
v 9.589722 -1.014452 -5.933228
v 9.750610 -1.014452 -5.811035
v 9.901855 -1.014452 -5.697266
v 10.042542 -1.014452 -5.588989
v 10.176819 -1.014452 -5.481079
v 10.308472 -1.014452 -5.369141
v 10.440552 -1.014452 -5.248901
v 10.572815 -1.014452 -5.117798
v 10.705505 -1.014452 -4.976074
v 10.841858 -1.014452 -4.824707
v 10.983826 -1.014452 -4.667358
v 11.132812 -1.014452 -4.507202
v 11.290710 -1.014452 -4.345581
v 11.453735 -1.014452 -4.183105
v 11.615845 -1.014452 -4.021362
v 11.770874 -1.014452 -3.863159
v 11.913757 -1.014452 -3.709595
v 12.045471 -1.014452 -3.560913
v 12.169312 -1.014452 -3.416504
v 12.285889 -1.014452 -3.274414
v 12.396912 -1.014452 -3.130615
v 12.504517 -1.014452 -2.980835
v 12.609497 -1.014452 -2.822632
v 12.711487 -1.014452 -2.656982
v 12.810242 -1.014452 -2.486938
v 12.905640 -1.014452 -2.314819
v 12.997070 -1.014452 -2.144775
v 13.082642 -1.014452 -1.980103
v 13.162476 -1.014452 -1.819092
v 13.238464 -1.014452 -1.657715
v 13.312378 -1.014452 -1.492310
v 13.385681 -1.014452 -1.319580
v 13.458374 -1.014452 -1.138062
v 13.529785 -1.014452 -0.949707
v 13.599731 -1.014452 -0.755981
v 13.668152 -1.014452 -0.559326
v 13.735107 -1.014452 -0.361694
v 13.803406 -1.014452 -0.161743
v 13.871826 -1.014452 0.038574
v 13.935486 -1.014452 0.234741
v 13.990234 -1.014452 0.424927
v 14.032227 -1.014452 0.606201
v 14.059814 -1.014452 0.780762
v 14.076538 -1.014452 0.954102
v 14.086060 -1.014452 1.131470
v 14.092590 -1.014452 1.316284
v 14.099976 -1.014452 1.509277
v 14.110046 -1.014452 1.707031
v 14.119690 -1.014452 1.904663
v 14.126221 -1.014452 2.100342
v 14.126892 -1.014452 2.292603
v 14.119141 -1.014452 2.480713
v 14.101929 -1.014452 2.668213
v 14.076904 -1.014452 2.858032
v 14.045471 -1.014452 3.049194
v 14.008911 -1.014452 3.241333
v 13.968689 -1.014452 3.433472
v 13.925903 -1.014452 3.625000
v 13.879700 -1.014452 3.815063
v 13.829285 -1.014452 4.001587
v 13.773926 -1.014452 4.184448
v 13.712952 -1.014452 4.361084
v 13.645020 -1.014452 4.532104
v 13.569641 -1.014452 4.700195
v 13.487732 -1.014452 4.869141
v 13.400635 -1.014452 5.040405
v 13.309631 -1.014452 5.216919
v 13.217773 -1.014452 5.399292
v 13.126038 -1.014452 5.581421
v 13.032776 -1.014452 5.757935
v 12.936157 -1.014452 5.923340
v 12.834290 -1.014452 6.073730
v 12.721802 -1.014452 6.211182
v 12.596069 -1.014452 6.343750
v 12.458740 -1.014452 6.476074
v 12.313843 -1.014452 6.612183
v 12.168091 -1.014452 6.753418
v 12.026489 -1.014452 6.895874
v 11.886780 -1.014452 7.035889
v 11.746826 -1.014452 7.174683
v 11.606384 -1.014452 7.311401
v 11.464722 -1.014452 7.446045
v 11.320923 -1.014452 7.578247
v 11.174316 -1.014452 7.709351
v 11.025391 -1.014452 7.840210
v 10.874756 -1.014452 7.972412
v 10.723572 -1.014452 8.106079
v 10.573120 -1.014452 8.242676
v 10.424988 -1.014452 8.379395
v 10.278931 -1.014452 8.513062
v 10.134583 -1.014452 8.640503
v 9.988953 -1.014452 8.760742
v 9.840698 -1.014452 8.876587
v 9.691895 -1.014452 8.988159
v 9.542480 -1.014452 9.093872
v 9.391602 -1.014452 9.193359
v 9.237183 -1.014452 9.285767
v 9.078491 -1.014452 9.371094
v 8.915710 -1.014452 9.450195
v 8.747009 -1.014452 9.524658
v 8.571411 -1.014452 9.596558
v 8.389404 -1.014452 9.666138
v 8.197937 -1.014452 9.733521
v 7.996460 -1.014452 9.798218
v 7.789246 -1.014452 9.859985
v 7.582336 -1.014452 9.918579
v 7.381226 -1.014452 9.973389
v 7.189453 -1.014452 10.024536
v 7.005493 -1.014452 10.072144
v 6.825562 -1.014452 10.114868
v 6.645569 -1.014452 10.153198
v 6.459839 -1.014452 10.186279
v 6.266235 -1.014452 10.216064
v 6.069153 -1.014452 10.242188
v 5.871155 -1.014452 10.262939
v 5.673340 -1.014452 10.276978
v 5.477112 -1.014452 10.282227
v 5.278198 -1.014452 10.277222
v 5.072754 -1.014452 10.262573
v 4.863098 -1.014452 10.241211
v 4.652588 -1.014452 10.216309
v 4.447388 -1.014452 10.191162
v 4.251648 -1.014452 10.164551
v 4.060791 -1.014452 10.134155
v 3.869019 -1.014452 10.101196
v 3.674133 -1.014452 10.069214
v 3.475159 -1.014452 10.039795
v 3.274475 -1.014452 10.014648
v 3.075195 -1.014452 9.992188
v 2.876953 -1.014452 9.970947
v 2.680847 -1.014452 9.950439
v 2.485596 -1.014452 9.928467
v 2.289978 -1.014452 9.906860
v 2.095947 -1.014452 9.886353
v 1.905090 -1.014452 9.865234
v 1.717651 -1.014452 9.841431
v 1.531555 -1.014452 9.811890
v 1.343689 -1.014452 9.776733
v 1.154663 -1.014452 9.737427
v 0.966309 -1.014452 9.694214
v 0.779724 -1.014452 9.646729
v 0.596130 -1.014452 9.594238
v 0.414307 -1.014452 9.535645
v 0.232605 -1.014452 9.470947
v 0.049500 -1.014452 9.400513
v -0.135620 -1.014452 9.327271
v -0.321533 -1.014452 9.253296
v -0.506042 -1.014452 9.179688
v -0.688599 -1.014452 9.105469
v -0.870300 -1.014452 9.029541
v -1.051514 -1.014452 8.951294
v -1.231567 -1.014452 8.871094
v -1.411011 -1.014452 8.785889
v -1.592834 -1.014452 8.694458
v -1.778442 -1.014452 8.599609
v -1.967346 -1.014452 8.505859
v -2.158936 -1.014452 8.416626
v -2.349976 -1.014452 8.337402
v -2.536316 -1.014452 8.266602
v -2.716980 -1.014452 8.200195
v -2.892151 -1.014452 8.133301
v -3.064880 -1.014452 8.060669
v -3.240967 -1.014452 7.978027
v -3.421509 -1.014452 7.888062
v -3.604126 -1.014452 7.793335
v -3.785950 -1.014452 7.698242
v -3.963989 -1.014452 7.605347
v -4.135742 -1.014452 7.517090
v -4.301880 -1.014452 7.431641
v -4.463806 -1.014452 7.347412
v -4.623596 -1.014452 7.262451
v -4.784851 -1.014452 7.173218
v -4.948914 -1.014452 7.081787
v -5.111450 -1.014452 6.991089
v -5.269714 -1.014452 6.899170
v -5.423706 -1.014452 6.802856
v -5.575195 -1.014452 6.697632
v -5.727905 -1.014452 6.580566
v -5.881958 -1.014452 6.454468
v -6.034851 -1.014452 6.320312
v -6.185608 -1.014452 6.180176
v -6.330200 -1.014452 6.036865
v -6.467529 -1.014452 5.884644
v -6.603455 -1.014452 5.716797
v -6.743652 -1.014452 5.538208
v -6.891052 -1.014452 5.358276
v -7.048462 -1.014452 5.187378
v -7.211853 -1.014452 5.035400
v -7.374512 -1.014452 4.900391
v -7.534180 -1.014452 4.776245
v -7.688843 -1.014452 4.657959
v -7.840515 -1.014452 4.537109
v -7.994751 -1.014452 4.411621
v -8.150085 -1.014452 4.286987
v -8.302368 -1.014452 4.163086
v -8.449768 -1.014452 4.038818
v -8.590942 -1.014452 3.911987
v -8.726990 -1.014452 3.779419
v -8.861023 -1.014452 3.640137
v -8.995361 -1.014452 3.495483
v -9.131348 -1.014452 3.348022
v -9.269775 -1.014452 3.200317
v -9.408569 -1.014452 3.055054
v -9.546631 -1.014452 2.910278
v -9.684631 -1.014452 2.765869
v -9.822571 -1.014452 2.621216
v -9.961487 -1.014452 2.475830
v -10.102478 -1.014452 2.330688
v -10.243774 -1.014452 2.188110
v -10.381958 -1.014452 2.047241
v -10.514709 -1.014452 1.906982
v -10.640991 -1.014452 1.764648
v -10.761780 -1.014452 1.617554
v -10.879883 -1.014452 1.464722
v -10.996460 -1.014452 1.307739
v -11.112793 -1.014452 1.147949
v -11.229675 -1.014452 0.986694
v -11.345703 -1.014452 0.825928
v -11.459961 -1.014452 0.664795
v -11.573792 -1.014452 0.502075
v -11.687561 -1.014452 0.338257
v -11.801941 -1.014452 0.173706
v -11.917786 -1.014452 0.009399
v -12.033447 -1.014452 -0.153198
v -12.146912 -1.014452 -0.314575
v -12.256226 -1.014452 -0.475220
v -12.360352 -1.014452 -0.636475
v -12.458923 -1.014452 -0.800781
v -12.554504 -1.014452 -0.970093
v -12.648987 -1.014452 -1.143311
v -12.744263 -1.014452 -1.319458
v -12.841980 -1.014452 -1.497192
v -12.942688 -1.014452 -1.673340
v -13.043701 -1.014452 -1.847168
v -13.142273 -1.014452 -2.018066
v -13.236145 -1.014452 -2.187500
v -13.324158 -1.014452 -2.357788
v -13.408386 -1.014452 -2.530518
v -13.489685 -1.014452 -2.703979
v -13.565552 -1.014452 -2.877075
v -13.634949 -1.014452 -3.050659
v -13.696594 -1.014452 -3.225830
v -13.749451 -1.014452 -3.405273
v -13.795288 -1.014452 -3.592041
v -13.836731 -1.014452 -3.785522
v -13.876465 -1.014452 -3.983765
v -13.916992 -1.014452 -4.185181
v -13.960022 -1.014452 -4.385864
v -14.002930 -1.014452 -4.583130
v -14.042114 -1.014452 -4.777222
v -14.074646 -1.014452 -4.969116
v -14.098145 -1.014452 -5.162354
v -14.113953 -1.014452 -5.361938
v -14.124207 -1.014452 -5.565918
v -14.126892 -1.014452 -5.769043
v -14.120544 -1.014452 -5.969604
v -14.103455 -1.014452 -6.166504
v -14.075317 -1.014452 -6.363647
v -14.037354 -1.014452 -6.562744
v -13.989868 -1.014452 -6.759277
v -13.933350 -1.014452 -6.950073
v -13.868774 -1.014452 -7.130981
v -13.793945 -1.014452 -7.302246
v -13.706970 -1.014452 -7.469727
v -13.610168 -1.014452 -7.635376
v -13.506042 -1.014452 -7.799438
v -13.399170 -1.014452 -7.961304
v -13.291748 -1.014452 -8.116821
v -13.181458 -1.014452 -8.266113
v -13.066895 -1.014452 -8.411255
v -12.947205 -1.014452 -8.553955
v -12.822266 -1.014452 -8.695557
v -12.692627 -1.014452 -8.835205
v -12.558411 -1.014452 -8.972290
v -12.419922 -1.014452 -9.106812
v -12.276794 -1.014452 -9.237793
v -12.126953 -1.014452 -9.367310
v -11.970337 -1.014452 -9.499146
v -11.810303 -1.014452 -9.630615
v -11.650146 -1.014452 -9.753784
v -11.491638 -1.014452 -9.862061
v -11.334229 -1.014452 -9.950806
v -11.173889 -1.014452 -10.021362
v -11.006470 -1.014452 -10.079102
v -10.830688 -1.014452 -10.126709
v -10.645508 -1.014452 -10.167114
v -10.451965 -1.014452 -10.202759
v -10.249512 -1.014452 -10.234009
v -10.039124 -1.014452 -10.258545
v -9.826355 -1.014452 -10.275269
v -9.617310 -1.014452 -10.282227
v -9.417969 -1.014452 -10.278809
v -9.227478 -1.014452 -10.264160
v -9.040405 -1.014452 -10.239258
v -8.855774 -1.014452 -10.204712
v -8.672302 -1.014452 -10.161987
v -8.489746 -1.014452 -10.111572
v -8.307617 -1.014452 -10.054810
v -8.128601 -1.014452 -9.991455
v -7.954895 -1.014452 -9.920776
v -7.788452 -1.014452 -9.842163
v -7.632935 -1.014452 -9.755737
v -7.488098 -1.014452 -9.657349
v -7.346497 -1.014452 -9.542480
v -7.202209 -1.014452 -9.414307
v -7.052368 -1.014452 -9.278076
v -6.896729 -1.014452 -9.142944
v -6.740784 -1.014452 -9.013672
v -6.587036 -1.014452 -8.886475
v -6.433533 -1.014452 -8.759399
v -6.279968 -1.014452 -8.632324
v -6.128296 -1.014452 -8.506714
v -5.980591 -1.014452 -8.379517
v -5.831970 -1.014452 -8.246338
v -5.676697 -1.014452 -8.110596
v -5.511475 -1.014452 -7.976318
v -5.333313 -1.014452 -7.850830
v -5.145630 -1.014452 -7.740967
v -4.955688 -1.014452 -7.645874
v -4.767029 -1.014452 -7.560669
v -4.582886 -1.014452 -7.480957
v -4.402771 -1.014452 -7.400635
v -4.220886 -1.014452 -7.317627
v -4.036682 -1.014452 -7.235840
v -3.852966 -1.014452 -7.155029
v -3.669678 -1.014452 -7.074829
v -3.490295 -1.014452 -6.995850
v -3.315002 -1.014452 -6.912720
v -3.136353 -1.014452 -6.822510
v -2.948120 -1.014452 -6.730469
v -2.747864 -1.014452 -6.644897
v -2.534668 -1.014452 -6.575562
v -2.315308 -1.014452 -6.531128
v -2.099548 -1.014452 -6.506958
v -1.890747 -1.014452 -6.494507
v -1.690247 -1.014452 -6.485596
v -1.495911 -1.014452 -6.473145
v -1.300354 -1.014452 -6.455933
v -1.100464 -1.014452 -6.437744
v -0.898682 -1.014452 -6.420898
v -0.695374 -1.014452 -6.406372
v -0.490845 -1.014452 -6.395264
v -0.293457 -1.014452 -6.388672
v -0.104309 -1.014452 -6.385864
v 0.086975 -1.014452 -6.385498
v 0.291504 -1.014452 -6.386475
v 0.521667 -1.014452 -6.387329
v 0.792358 -1.014452 -6.389160
v 1.095581 -1.014452 -6.392334
v 1.409668 -1.014452 -6.396362
v 1.713928 -1.014452 -6.399658
v 1.987549 -1.084452 -6.201416
v 2.223022 -1.084452 -6.200562
v 2.438904 -1.084452 -6.197632
v 2.644531 -1.084452 -6.194824
v 2.848633 -1.084452 -6.192505
v 3.057861 -1.084452 -6.193115
v 3.268372 -1.084452 -6.195435
v 3.476868 -1.084452 -6.199097
v 3.685486 -1.084452 -6.204590
v 3.896240 -1.084452 -6.213501
v 4.110413 -1.084452 -6.227661
v 4.325684 -1.084452 -6.249146
v 4.534973 -1.084452 -6.276733
v 4.734131 -1.084452 -6.305664
v 4.923950 -1.084452 -6.331909
v 5.106201 -1.084452 -6.352417
v 5.286804 -1.084452 -6.366089
v 5.472290 -1.084452 -6.375610
v 5.665344 -1.084452 -6.384155
v 5.867676 -1.084452 -6.395020
v 6.082092 -1.084452 -6.412964
v 6.301025 -1.084452 -6.442139
v 6.510803 -1.084452 -6.478638
v 6.705750 -1.084452 -6.513306
v 6.886841 -1.084452 -6.539673
v 7.063293 -1.084452 -6.553345
v 7.250366 -1.084452 -6.556030
v 7.446960 -1.084452 -6.551270
v 7.642334 -1.084452 -6.538574
v 7.831787 -1.084452 -6.517456
v 8.011719 -1.084452 -6.487183
v 8.185364 -1.084452 -6.447510
v 8.355103 -1.084452 -6.399414
v 8.520447 -1.084452 -6.342163
v 8.682617 -1.084452 -6.275879
v 8.838257 -1.084452 -6.201904
v 8.990112 -1.084452 -6.115845
v 9.145691 -1.084452 -6.013062
v 9.306091 -1.084452 -5.897217
v 9.468872 -1.084452 -5.773804
v 9.630005 -1.084452 -5.651489
v 9.780762 -1.084452 -5.538086
v 9.918945 -1.084452 -5.431763
v 10.049377 -1.084452 -5.327026
v 10.176331 -1.084452 -5.218994
v 10.302795 -1.084452 -5.104004
v 10.429382 -1.084452 -4.978394
v 10.558228 -1.084452 -4.840820
v 10.693298 -1.084452 -4.690796
v 10.836365 -1.084452 -4.532227
v 10.988037 -1.084452 -4.369263
v 11.148560 -1.084452 -4.204956
v 11.312500 -1.084452 -4.041504
v 11.473816 -1.084452 -3.880493
v 11.626221 -1.084452 -3.725098
v 11.765625 -1.084452 -3.575073
v 11.894714 -1.084452 -3.429443
v 12.016113 -1.084452 -3.287964
v 12.129395 -1.084452 -3.149902
v 12.236511 -1.084452 -3.011108
v 12.339905 -1.084452 -2.867188
v 12.440979 -1.084452 -2.714844
v 12.539856 -1.084452 -2.554321
v 12.636292 -1.084452 -2.388184
v 12.730103 -1.084452 -2.218994
v 12.820190 -1.084452 -2.051392
v 12.904297 -1.084452 -1.889526
v 12.982422 -1.084452 -1.731934
v 13.056702 -1.084452 -1.574219
v 13.129028 -1.084452 -1.412476
v 13.200806 -1.084452 -1.243286
v 13.272034 -1.084452 -1.065430
v 13.342224 -1.084452 -0.880249
v 13.411194 -1.084452 -0.689209
v 13.479004 -1.084452 -0.494385
v 13.545776 -1.084452 -0.297241
v 13.614136 -1.084452 -0.097168
v 13.682129 -1.084452 0.101807
v 13.744263 -1.084452 0.293213
v 13.796631 -1.084452 0.475098
v 13.835876 -1.084452 0.644409
v 13.861450 -1.084452 0.806152
v 13.877136 -1.084452 0.968994
v 13.886292 -1.084452 1.140381
v 13.892761 -1.084452 1.323608
v 13.900208 -1.084452 1.518066
v 13.910339 -1.084452 1.716919
v 13.919861 -1.084452 1.912842
v 13.926270 -1.084452 2.104004
v 13.926941 -1.084452 2.288696
v 13.919556 -1.084452 2.467407
v 13.903198 -1.084452 2.646118
v 13.879089 -1.084452 2.828735
v 13.848511 -1.084452 3.014282
v 13.812744 -1.084452 3.202271
v 13.773254 -1.084452 3.391235
v 13.731079 -1.084452 3.579590
v 13.685974 -1.084452 3.765381
v 13.637024 -1.084452 3.946411
v 13.583618 -1.084452 4.122803
v 13.525452 -1.084452 4.291504
v 13.460754 -1.084452 4.454346
v 13.388428 -1.084452 4.615601
v 13.308594 -1.084452 4.780151
v 13.222656 -1.084452 4.949219
v 13.131470 -1.084452 5.126099
v 13.039124 -1.084452 5.309204
v 12.948303 -1.084452 5.489746
v 12.858032 -1.084452 5.660645
v 12.766968 -1.084452 5.816650
v 12.673950 -1.084452 5.954102
v 12.571716 -1.084452 6.078979
v 12.453979 -1.084452 6.202881
v 12.320862 -1.084452 6.331177
v 12.175781 -1.084452 6.467407
v 12.027588 -1.084452 6.611206
v 11.884766 -1.084452 6.754761
v 11.745544 -1.084452 6.894287
v 11.606689 -1.084452 7.031982
v 11.467773 -1.084452 7.167236
v 11.328125 -1.084452 7.299927
v 11.186584 -1.084452 7.430176
v 11.041626 -1.084452 7.559814
v 10.893433 -1.084452 7.689941
v 10.742554 -1.084452 7.822266
v 10.590088 -1.084452 7.957031
v 10.438049 -1.084452 8.095093
v 10.289612 -1.084452 8.232056
v 10.145264 -1.084452 8.364258
v 10.004700 -1.084452 8.488403
v 9.863708 -1.084452 8.604858
v 9.719177 -1.084452 8.717651
v 9.574158 -1.084452 8.826538
v 9.429688 -1.084452 8.928711
v 9.285217 -1.084452 9.024048
v 9.138489 -1.084452 9.111816
v 8.987427 -1.084452 9.192993
v 8.831604 -1.084452 9.268677
v 8.668762 -1.084452 9.340576
v 8.497803 -1.084452 9.410522
v 8.320435 -1.084452 9.478394
v 8.134155 -1.084452 9.544067
v 7.937378 -1.084452 9.607178
v 7.733459 -1.084452 9.667847
v 7.528809 -1.084452 9.725830
v 7.329102 -1.084452 9.780273
v 7.138611 -1.084452 9.831055
v 6.957336 -1.084452 9.877930
v 6.781616 -1.084452 9.919800
v 6.607239 -1.084452 9.956909
v 6.427124 -1.084452 9.989014
v 6.237915 -1.084452 10.018066
v 6.045532 -1.084452 10.043579
v 5.853699 -1.084452 10.063721
v 5.663635 -1.084452 10.077148
v 5.476929 -1.084452 10.082275
v 5.287781 -1.084452 10.077393
v 5.089905 -1.084452 10.063354
v 4.884949 -1.084452 10.042358
v 4.676453 -1.084452 10.017822
v 4.473022 -1.084452 9.992798
v 4.280884 -1.084452 9.966675
v 4.093384 -1.084452 9.936768
v 3.902161 -1.084452 9.904053
v 3.705017 -1.084452 9.871582
v 3.502197 -1.084452 9.841553
v 3.298096 -1.084452 9.816040
v 3.097046 -1.084452 9.793335
v 2.898010 -1.084452 9.772095
v 2.702515 -1.084452 9.751587
v 2.507690 -1.084452 9.729736
v 2.311462 -1.084452 9.708008
v 2.117432 -1.084452 9.687622
v 1.928772 -1.084452 9.666626
v 1.745911 -1.084452 9.643433
v 1.565552 -1.084452 9.614868
v 1.382385 -1.084452 9.580566
v 1.197449 -1.084452 9.542114
v 1.013428 -1.084452 9.499878
v 0.831848 -1.084452 9.453613
v 0.654297 -1.084452 9.402954
v 0.478577 -1.084452 9.346191
v 0.302063 -1.084452 9.283325
v 0.122192 -1.084452 9.214111
v -0.061890 -1.084452 9.141357
v -0.247498 -1.084452 9.067505
v -0.431335 -1.084452 8.994263
v -0.612366 -1.084452 8.920532
v -0.792114 -1.084452 8.845459
v -0.971191 -1.084452 8.768188
v -1.147949 -1.084452 8.689453
v -1.323181 -1.084452 8.606201
v -1.502441 -1.084452 8.516113
v -1.688416 -1.084452 8.421021
v -1.880676 -1.084452 8.325562
v -2.078369 -1.084452 8.233643
v -2.276123 -1.084452 8.151489
v -2.466370 -1.084452 8.079224
v -2.646851 -1.084452 8.012939
v -2.817627 -1.084452 7.947754
v -2.983643 -1.084452 7.877930
v -3.153992 -1.084452 7.797974
v -3.330872 -1.084452 7.709839
v -3.511719 -1.084452 7.615967
v -3.693298 -1.084452 7.520996
v -3.872009 -1.084452 7.427734
v -4.044312 -1.084452 7.339233
v -4.210022 -1.084452 7.254028
v -4.370728 -1.084452 7.170410
v -4.528198 -1.084452 7.086670
v -4.687744 -1.084452 6.998413
v -4.851501 -1.084452 6.907104
v -5.012512 -1.084452 6.817261
v -5.166443 -1.084452 6.727905
v -5.313538 -1.084452 6.635986
v -5.457275 -1.084452 6.536011
v -5.603760 -1.084452 6.423828
v -5.752625 -1.084452 6.301880
v -5.900757 -1.084452 6.171997
v -6.047058 -1.084452 6.035889
v -6.185486 -1.084452 5.898804
v -6.315552 -1.084452 5.754639
v -6.447144 -1.084452 5.592163
v -6.587585 -1.084452 5.413086
v -6.739990 -1.084452 5.227173
v -6.906677 -1.084452 5.046265
v -7.079895 -1.084452 4.885132
v -7.249329 -1.084452 4.744385
v -7.412048 -1.084452 4.617920
v -7.565735 -1.084452 4.500366
v -7.715088 -1.084452 4.381226
v -7.869019 -1.084452 4.256104
v -8.024353 -1.084452 4.131348
v -8.174805 -1.084452 4.009033
v -8.318481 -1.084452 3.887939
v -8.454285 -1.084452 3.765869
v -8.585144 -1.084452 3.638428
v -8.715698 -1.084452 3.502686
v -8.848633 -1.084452 3.359619
v -8.984863 -1.084452 3.211914
v -9.124512 -1.084452 3.062866
v -9.263916 -1.084452 2.916870
v -9.401978 -1.084452 2.772217
v -9.539978 -1.084452 2.627808
v -9.677856 -1.084452 2.483154
v -9.817444 -1.084452 2.337036
v -9.959717 -1.084452 2.190674
v -10.101318 -1.084452 2.047729
v -10.237915 -1.084452 1.908447
v -10.367249 -1.084452 1.771851
v -10.488892 -1.084452 1.634766
v -10.605347 -1.084452 1.492920
v -10.720459 -1.084452 1.343872
v -10.835327 -1.084452 1.189331
v -10.950989 -1.084452 1.030396
v -11.067627 -1.084452 0.869507
v -11.183044 -1.084452 0.709473
v -11.296448 -1.084452 0.549561
v -11.409729 -1.084452 0.387695
v -11.523315 -1.084452 0.224121
v -11.638062 -1.084452 0.059082
v -11.754639 -1.084452 -0.106323
v -11.870178 -1.084452 -0.268677
v -11.982422 -1.084452 -0.428345
v -12.089539 -1.084452 -0.585693
v -12.190552 -1.084452 -0.742188
v -12.286072 -1.084452 -0.901367
v -12.379639 -1.084452 -1.067139
v -12.473267 -1.084452 -1.238770
v -12.568665 -1.084452 -1.415161
v -12.667542 -1.084452 -1.594971
v -12.769348 -1.084452 -1.773193
v -12.870605 -1.084452 -1.947388
v -12.968140 -1.084452 -2.116455
v -13.059814 -1.084452 -2.281982
v -13.145447 -1.084452 -2.447632
v -13.227905 -1.084452 -2.616821
v -13.307495 -1.084452 -2.786621
v -13.381104 -1.084452 -2.954346
v -13.447693 -1.084452 -3.120972
v -13.506287 -1.084452 -3.287231
v -13.556396 -1.084452 -3.457397
v -13.600342 -1.084452 -3.636841
v -13.640869 -1.084452 -3.826050
v -13.680359 -1.084452 -4.023193
v -13.721191 -1.084452 -4.225830
v -13.764526 -1.084452 -4.428101
v -13.807129 -1.084452 -4.624023
v -13.845459 -1.084452 -4.813721
v -13.876770 -1.084452 -4.997803
v -13.899109 -1.084452 -5.182373
v -13.914368 -1.084452 -5.374756
v -13.924316 -1.084452 -5.572266
v -13.926941 -1.084452 -5.767212
v -13.920898 -1.084452 -5.957764
v -13.904724 -1.084452 -6.143677
v -13.878052 -1.084452 -6.330811
v -13.841919 -1.084452 -6.520386
v -13.796753 -1.084452 -6.707275
v -13.743225 -1.084452 -6.887939
v -13.682861 -1.084452 -7.057251
v -13.613403 -1.084452 -7.216064
v -13.531799 -1.084452 -7.373169
v -13.439331 -1.084452 -7.531372
v -13.338135 -1.084452 -7.690796
v -13.233459 -1.084452 -7.849365
v -13.129028 -1.084452 -8.000488
v -13.022522 -1.084452 -8.144653
v -12.911743 -1.084452 -8.285034
v -12.795593 -1.084452 -8.423584
v -12.674011 -1.084452 -8.561401
v -12.547852 -1.084452 -8.697144
v -12.417236 -1.084452 -8.830688
v -12.282776 -1.084452 -8.961304
v -12.143860 -1.084452 -9.088257
v -11.997131 -1.084452 -9.215088
v -11.842468 -1.084452 -9.345337
v -11.685852 -1.084452 -9.473999
v -11.532776 -1.084452 -9.591797
v -11.386108 -1.084452 -9.692139
v -11.244690 -1.084452 -9.771973
v -11.100830 -1.084452 -9.835205
v -10.947632 -1.084452 -9.887939
v -10.783142 -1.084452 -9.932495
v -10.606079 -1.084452 -9.971069
v -10.418518 -1.084452 -10.005615
v -10.222656 -1.084452 -10.035889
v -10.019714 -1.084452 -10.059448
v -9.815186 -1.084452 -10.075684
v -9.615662 -1.084452 -10.082275
v -9.427368 -1.084452 -10.079102
v -9.248352 -1.084452 -10.065186
v -9.071899 -1.084452 -10.041748
v -8.896851 -1.084452 -10.009033
v -8.721558 -1.084452 -9.968140
v -8.546143 -1.084452 -9.919800
v -8.370789 -1.084452 -9.864990
v -8.199646 -1.084452 -9.804565
v -8.035400 -1.084452 -9.737671
v -7.879944 -1.084452 -9.664307
v -7.737854 -1.084452 -9.585449
v -7.607300 -1.084452 -9.496704
v -7.475830 -1.084452 -9.390015
v -7.335938 -1.084452 -9.265503
v -7.185181 -1.084452 -9.128540
v -7.026062 -1.084452 -8.990356
v -6.868347 -1.084452 -8.859619
v -6.714539 -1.084452 -8.732300
v -6.561096 -1.084452 -8.605347
v -6.407532 -1.084452 -8.478271
v -6.257324 -1.084452 -8.353882
v -6.112549 -1.084452 -8.229126
v -5.964539 -1.084452 -8.096558
v -5.805664 -1.084452 -7.957642
v -5.632263 -1.084452 -7.817017
v -5.441467 -1.084452 -7.682617
v -5.240906 -1.084452 -7.565186
v -5.041626 -1.084452 -7.465210
v -4.847900 -1.084452 -7.377686
v -4.663330 -1.084452 -7.297852
v -4.485046 -1.084452 -7.218262
v -4.302979 -1.084452 -7.135254
v -4.117554 -1.084452 -7.052856
v -3.933289 -1.084452 -6.971802
v -3.750061 -1.084452 -6.891602
v -3.573486 -1.084452 -6.813965
v -3.402954 -1.084452 -6.733154
v -3.225403 -1.084452 -6.643433
v -3.031433 -1.084452 -6.548706
v -2.818298 -1.084452 -6.457642
v -2.585571 -1.084452 -6.382202
v -2.346191 -1.084452 -6.333496
v -2.116516 -1.084452 -6.307617
v -1.901062 -1.084452 -6.294800
v -1.701050 -1.084452 -6.285889
v -1.511108 -1.084452 -6.273804
v -1.318176 -1.084452 -6.256714
v -1.117798 -1.084452 -6.238525
v -0.914124 -1.084452 -6.221558
v -0.707947 -1.084452 -6.206787
v -0.499634 -1.084452 -6.195435
v -0.298279 -1.084452 -6.188721
v -0.105896 -1.084452 -6.185913
v 0.087219 -1.084452 -6.185547
v 0.292358 -1.084452 -6.186523
v 0.522705 -1.084452 -6.187378
v 0.794128 -1.084452 -6.189209
v 1.097900 -1.084452 -6.192383
v 1.412048 -1.084452 -6.196411
v 1.715637 -1.084452 -6.199707
v 1.987549 -1.084452 -6.201416
v 2.223022 -1.084452 -6.200562
v 2.438904 -1.084452 -6.197632
v 2.644531 -1.084452 -6.194824
v 2.848633 -1.084452 -6.192505
v 3.057861 -1.084452 -6.193115
v 3.268372 -1.084452 -6.195435
v 3.476868 -1.084452 -6.199097
v 3.685486 -1.084452 -6.204590
v 3.896240 -1.084452 -6.213501
v 4.110413 -1.084452 -6.227661
v 4.325684 -1.084452 -6.249146
v 4.534973 -1.084452 -6.276733
v 4.734131 -1.084452 -6.305664
v 4.923950 -1.084452 -6.331909
v 5.106201 -1.084452 -6.352417
v 5.286804 -1.084452 -6.366089
v 5.472290 -1.084452 -6.375610
v 5.665344 -1.084452 -6.384155
v 5.867676 -1.084452 -6.395020
v 6.082092 -1.084452 -6.412964
v 6.301025 -1.084452 -6.442139
v 6.510803 -1.084452 -6.478638
v 6.705750 -1.084452 -6.513306
v 6.886841 -1.084452 -6.539673
v 7.063293 -1.084452 -6.553345
v 7.250366 -1.084452 -6.556030
v 7.446960 -1.084452 -6.551270
v 7.642334 -1.084452 -6.538574
v 7.831787 -1.084452 -6.517456
v 8.011719 -1.084452 -6.487183
v 8.185364 -1.084452 -6.447510
v 8.355103 -1.084452 -6.399414
v 8.520447 -1.084452 -6.342163
v 8.682617 -1.084452 -6.275879
v 8.838257 -1.084452 -6.201904
v 8.990112 -1.084452 -6.115845
v 9.145691 -1.084452 -6.013062
v 9.306091 -1.084452 -5.897217
v 9.468872 -1.084452 -5.773804
v 9.630005 -1.084452 -5.651489
v 9.780762 -1.084452 -5.538086
v 9.918945 -1.084452 -5.431763
v 10.049377 -1.084452 -5.327026
v 10.176331 -1.084452 -5.218994
v 10.302795 -1.084452 -5.104004
v 10.429382 -1.084452 -4.978394
v 10.558228 -1.084452 -4.840820
v 10.693298 -1.084452 -4.690796
v 10.836365 -1.084452 -4.532227
v 10.988037 -1.084452 -4.369263
v 11.148560 -1.084452 -4.204956
v 11.312500 -1.084452 -4.041504
v 11.473816 -1.084452 -3.880493
v 11.626221 -1.084452 -3.725098
v 11.765625 -1.084452 -3.575073
v 11.894714 -1.084452 -3.429443
v 12.016113 -1.084452 -3.287964
v 12.129395 -1.084452 -3.149902
v 12.236511 -1.084452 -3.011108
v 12.339905 -1.084452 -2.867188
v 12.440979 -1.084452 -2.714844
v 12.539856 -1.084452 -2.554321
v 12.636292 -1.084452 -2.388184
v 12.730103 -1.084452 -2.218994
v 12.820190 -1.084452 -2.051392
v 12.904297 -1.084452 -1.889526
v 12.982422 -1.084452 -1.731934
v 13.056702 -1.084452 -1.574219
v 13.129028 -1.084452 -1.412476
v 13.200806 -1.084452 -1.243286
v 13.272034 -1.084452 -1.065430
v 13.342224 -1.084452 -0.880249
v 13.411194 -1.084452 -0.689209
v 13.479004 -1.084452 -0.494385
v 13.545776 -1.084452 -0.297241
v 13.614136 -1.084452 -0.097168
v 13.682129 -1.084452 0.101807
v 13.744263 -1.084452 0.293213
v 13.796631 -1.084452 0.475098
v 13.835876 -1.084452 0.644409
v 13.861450 -1.084452 0.806152
v 13.877136 -1.084452 0.968994
v 13.886292 -1.084452 1.140381
v 13.892761 -1.084452 1.323608
v 13.900208 -1.084452 1.518066
v 13.910339 -1.084452 1.716919
v 13.919861 -1.084452 1.912842
v 13.926270 -1.084452 2.104004
v 13.926941 -1.084452 2.288696
v 13.919556 -1.084452 2.467407
v 13.903198 -1.084452 2.646118
v 13.879089 -1.084452 2.828735
v 13.848511 -1.084452 3.014282
v 13.812744 -1.084452 3.202271
v 13.773254 -1.084452 3.391235
v 13.731079 -1.084452 3.579590
v 13.685974 -1.084452 3.765381
v 13.637024 -1.084452 3.946411
v 13.583618 -1.084452 4.122803
v 13.525452 -1.084452 4.291504
v 13.460754 -1.084452 4.454346
v 13.388428 -1.084452 4.615601
v 13.308594 -1.084452 4.780151
v 13.222656 -1.084452 4.949219
v 13.131470 -1.084452 5.126099
v 13.039124 -1.084452 5.309204
v 12.948303 -1.084452 5.489746
v 12.858032 -1.084452 5.660645
v 12.766968 -1.084452 5.816650
v 12.673950 -1.084452 5.954102
v 12.571716 -1.084452 6.078979
v 12.453979 -1.084452 6.202881
v 12.320862 -1.084452 6.331177
v 12.175781 -1.084452 6.467407
v 12.027588 -1.084452 6.611206
v 11.884766 -1.084452 6.754761
v 11.745544 -1.084452 6.894287
v 11.606689 -1.084452 7.031982
v 11.467773 -1.084452 7.167236
v 11.328125 -1.084452 7.299927
v 11.186584 -1.084452 7.430176
v 11.041626 -1.084452 7.559814
v 10.893433 -1.084452 7.689941
v 10.742554 -1.084452 7.822266
v 10.590088 -1.084452 7.957031
v 10.438049 -1.084452 8.095093
v 10.289612 -1.084452 8.232056
v 10.145264 -1.084452 8.364258
v 10.004700 -1.084452 8.488403
v 9.863708 -1.084452 8.604858
v 9.719177 -1.084452 8.717651
v 9.574158 -1.084452 8.826538
v 9.429688 -1.084452 8.928711
v 9.285217 -1.084452 9.024048
v 9.138489 -1.084452 9.111816
v 8.987427 -1.084452 9.192993
v 8.831604 -1.084452 9.268677
v 8.668762 -1.084452 9.340576
v 8.497803 -1.084452 9.410522
v 8.320435 -1.084452 9.478394
v 8.134155 -1.084452 9.544067
v 7.937378 -1.084452 9.607178
v 7.733459 -1.084452 9.667847
v 7.528809 -1.084452 9.725830
v 7.329102 -1.084452 9.780273
v 7.138611 -1.084452 9.831055
v 6.957336 -1.084452 9.877930
v 6.781616 -1.084452 9.919800
v 6.607239 -1.084452 9.956909
v 6.427124 -1.084452 9.989014
v 6.237915 -1.084452 10.018066
v 6.045532 -1.084452 10.043579
v 5.853699 -1.084452 10.063721
v 5.663635 -1.084452 10.077148
v 5.476929 -1.084452 10.082275
v 5.287781 -1.084452 10.077393
v 5.089905 -1.084452 10.063354
v 4.884949 -1.084452 10.042358
v 4.676453 -1.084452 10.017822
v 4.473022 -1.084452 9.992798
v 4.280884 -1.084452 9.966675
v 4.093384 -1.084452 9.936768
v 3.902161 -1.084452 9.904053
v 3.705017 -1.084452 9.871582
v 3.502197 -1.084452 9.841553
v 3.298096 -1.084452 9.816040
v 3.097046 -1.084452 9.793335
v 2.898010 -1.084452 9.772095
v 2.702515 -1.084452 9.751587
v 2.507690 -1.084452 9.729736
v 2.311462 -1.084452 9.708008
v 2.117432 -1.084452 9.687622
v 1.928772 -1.084452 9.666626
v 1.745911 -1.084452 9.643433
v 1.565552 -1.084452 9.614868
v 1.382385 -1.084452 9.580566
v 1.197449 -1.084452 9.542114
v 1.013428 -1.084452 9.499878
v 0.831848 -1.084452 9.453613
v 0.654297 -1.084452 9.402954
v 0.478577 -1.084452 9.346191
v 0.302063 -1.084452 9.283325
v 0.122192 -1.084452 9.214111
v -0.061890 -1.084452 9.141357
v -0.247498 -1.084452 9.067505
v -0.431335 -1.084452 8.994263
v -0.612366 -1.084452 8.920532
v -0.792114 -1.084452 8.845459
v -0.971191 -1.084452 8.768188
v -1.147949 -1.084452 8.689453
v -1.323181 -1.084452 8.606201
v -1.502441 -1.084452 8.516113
v -1.688416 -1.084452 8.421021
v -1.880676 -1.084452 8.325562
v -2.078369 -1.084452 8.233643
v -2.276123 -1.084452 8.151489
v -2.466370 -1.084452 8.079224
v -2.646851 -1.084452 8.012939
v -2.817627 -1.084452 7.947754
v -2.983643 -1.084452 7.877930
v -3.153992 -1.084452 7.797974
v -3.330872 -1.084452 7.709839
v -3.511719 -1.084452 7.615967
v -3.693298 -1.084452 7.520996
v -3.872009 -1.084452 7.427734
v -4.044312 -1.084452 7.339233
v -4.210022 -1.084452 7.254028
v -4.370728 -1.084452 7.170410
v -4.528198 -1.084452 7.086670
v -4.687744 -1.084452 6.998413
v -4.851501 -1.084452 6.907104
v -5.012512 -1.084452 6.817261
v -5.166443 -1.084452 6.727905
v -5.313538 -1.084452 6.635986
v -5.457275 -1.084452 6.536011
v -5.603760 -1.084452 6.423828
v -5.752625 -1.084452 6.301880
v -5.900757 -1.084452 6.171997
v -6.047058 -1.084452 6.035889
v -6.185486 -1.084452 5.898804
v -6.315552 -1.084452 5.754639
v -6.447144 -1.084452 5.592163
v -6.587585 -1.084452 5.413086
v -6.739990 -1.084452 5.227173
v -6.906677 -1.084452 5.046265
v -7.079895 -1.084452 4.885132
v -7.249329 -1.084452 4.744385
v -7.412048 -1.084452 4.617920
v -7.565735 -1.084452 4.500366
v -7.715088 -1.084452 4.381226
v -7.869019 -1.084452 4.256104
v -8.024353 -1.084452 4.131348
v -8.174805 -1.084452 4.009033
v -8.318481 -1.084452 3.887939
v -8.454285 -1.084452 3.765869
v -8.585144 -1.084452 3.638428
v -8.715698 -1.084452 3.502686
v -8.848633 -1.084452 3.359619
v -8.984863 -1.084452 3.211914
v -9.124512 -1.084452 3.062866
v -9.263916 -1.084452 2.916870
v -9.401978 -1.084452 2.772217
v -9.539978 -1.084452 2.627808
v -9.677856 -1.084452 2.483154
v -9.817444 -1.084452 2.337036
v -9.959717 -1.084452 2.190674
v -10.101318 -1.084452 2.047729
v -10.237915 -1.084452 1.908447
v -10.367249 -1.084452 1.771851
v -10.488892 -1.084452 1.634766
v -10.605347 -1.084452 1.492920
v -10.720459 -1.084452 1.343872
v -10.835327 -1.084452 1.189331
v -10.950989 -1.084452 1.030396
v -11.067627 -1.084452 0.869507
v -11.183044 -1.084452 0.709473
v -11.296448 -1.084452 0.549561
v -11.409729 -1.084452 0.387695
v -11.523315 -1.084452 0.224121
v -11.638062 -1.084452 0.059082
v -11.754639 -1.084452 -0.106323
v -11.870178 -1.084452 -0.268677
v -11.982422 -1.084452 -0.428345
v -12.089539 -1.084452 -0.585693
v -12.190552 -1.084452 -0.742188
v -12.286072 -1.084452 -0.901367
v -12.379639 -1.084452 -1.067139
v -12.473267 -1.084452 -1.238770
v -12.568665 -1.084452 -1.415161
v -12.667542 -1.084452 -1.594971
v -12.769348 -1.084452 -1.773193
v -12.870605 -1.084452 -1.947388
v -12.968140 -1.084452 -2.116455
v -13.059814 -1.084452 -2.281982
v -13.145447 -1.084452 -2.447632
v -13.227905 -1.084452 -2.616821
v -13.307495 -1.084452 -2.786621
v -13.381104 -1.084452 -2.954346
v -13.447693 -1.084452 -3.120972
v -13.506287 -1.084452 -3.287231
v -13.556396 -1.084452 -3.457397
v -13.600342 -1.084452 -3.636841
v -13.640869 -1.084452 -3.826050
v -13.680359 -1.084452 -4.023193
v -13.721191 -1.084452 -4.225830
v -13.764526 -1.084452 -4.428101
v -13.807129 -1.084452 -4.624023
v -13.845459 -1.084452 -4.813721
v -13.876770 -1.084452 -4.997803
v -13.899109 -1.084452 -5.182373
v -13.914368 -1.084452 -5.374756
v -13.924316 -1.084452 -5.572266
v -13.926941 -1.084452 -5.767212
v -13.920898 -1.084452 -5.957764
v -13.904724 -1.084452 -6.143677
v -13.878052 -1.084452 -6.330811
v -13.841919 -1.084452 -6.520386
v -13.796753 -1.084452 -6.707275
v -13.743225 -1.084452 -6.887939
v -13.682861 -1.084452 -7.057251
v -13.613403 -1.084452 -7.216064
v -13.531799 -1.084452 -7.373169
v -13.439331 -1.084452 -7.531372
v -13.338135 -1.084452 -7.690796
v -13.233459 -1.084452 -7.849365
v -13.129028 -1.084452 -8.000488
v -13.022522 -1.084452 -8.144653
v -12.911743 -1.084452 -8.285034
v -12.795593 -1.084452 -8.423584
v -12.674011 -1.084452 -8.561401
v -12.547852 -1.084452 -8.697144
v -12.417236 -1.084452 -8.830688
v -12.282776 -1.084452 -8.961304
v -12.143860 -1.084452 -9.088257
v -11.997131 -1.084452 -9.215088
v -11.842468 -1.084452 -9.345337
v -11.685852 -1.084452 -9.473999
v -11.532776 -1.084452 -9.591797
v -11.386108 -1.084452 -9.692139
v -11.244690 -1.084452 -9.771973
v -11.100830 -1.084452 -9.835205
v -10.947632 -1.084452 -9.887939
v -10.783142 -1.084452 -9.932495
v -10.606079 -1.084452 -9.971069
v -10.418518 -1.084452 -10.005615
v -10.222656 -1.084452 -10.035889
v -10.019714 -1.084452 -10.059448
v -9.815186 -1.084452 -10.075684
v -9.615662 -1.084452 -10.082275
v -9.427368 -1.084452 -10.079102
v -9.248352 -1.084452 -10.065186
v -9.071899 -1.084452 -10.041748
v -8.896851 -1.084452 -10.009033
v -8.721558 -1.084452 -9.968140
v -8.546143 -1.084452 -9.919800
v -8.370789 -1.084452 -9.864990
v -8.199646 -1.084452 -9.804565
v -8.035400 -1.084452 -9.737671
v -7.879944 -1.084452 -9.664307
v -7.737854 -1.084452 -9.585449
v -7.607300 -1.084452 -9.496704
v -7.475830 -1.084452 -9.390015
v -7.335938 -1.084452 -9.265503
v -7.185181 -1.084452 -9.128540
v -7.026062 -1.084452 -8.990356
v -6.868347 -1.084452 -8.859619
v -6.714539 -1.084452 -8.732300
v -6.561096 -1.084452 -8.605347
v -6.407532 -1.084452 -8.478271
v -6.257324 -1.084452 -8.353882
v -6.112549 -1.084452 -8.229126
v -5.964539 -1.084452 -8.096558
v -5.805664 -1.084452 -7.957642
v -5.632263 -1.084452 -7.817017
v -5.441467 -1.084452 -7.682617
v -5.240906 -1.084452 -7.565186
v -5.041626 -1.084452 -7.465210
v -4.847900 -1.084452 -7.377686
v -4.663330 -1.084452 -7.297852
v -4.485046 -1.084452 -7.218262
v -4.302979 -1.084452 -7.135254
v -4.117554 -1.084452 -7.052856
v -3.933289 -1.084452 -6.971802
v -3.750061 -1.084452 -6.891602
v -3.573486 -1.084452 -6.813965
v -3.402954 -1.084452 -6.733154
v -3.225403 -1.084452 -6.643433
v -3.031433 -1.084452 -6.548706
v -2.818298 -1.084452 -6.457642
v -2.585571 -1.084452 -6.382202
v -2.346191 -1.084452 -6.333496
v -2.116516 -1.084452 -6.307617
v -1.901062 -1.084452 -6.294800
v -1.701050 -1.084452 -6.285889
v -1.511108 -1.084452 -6.273804
v -1.318176 -1.084452 -6.256714
v -1.117798 -1.084452 -6.238525
v -0.914124 -1.084452 -6.221558
v -0.707947 -1.084452 -6.206787
v -0.499634 -1.084452 -6.195435
v -0.298279 -1.084452 -6.188721
v -0.105896 -1.084452 -6.185913
v 0.087219 -1.084452 -6.185547
v 0.292358 -1.084452 -6.186523
v 0.522705 -1.084452 -6.187378
v 0.794128 -1.084452 -6.189209
v 1.097900 -1.084452 -6.192383
v 1.412048 -1.084452 -6.196411
v 1.715637 -1.084452 -6.199707
v 1.987671 -1.114452 -6.101318
v 2.222168 -1.114452 -6.100586
v 2.437561 -1.114452 -6.097656
v 2.643250 -1.114452 -6.094849
v 2.848206 -1.114452 -6.092529
v 3.058533 -1.114452 -6.093140
v 3.269775 -1.114452 -6.095459
v 3.479065 -1.114452 -6.099121
v 3.688965 -1.114452 -6.104614
v 3.901611 -1.114452 -6.113647
v 4.118652 -1.114452 -6.127930
v 4.337219 -1.114452 -6.149780
v 4.548767 -1.114452 -6.177612
v 4.748169 -1.114452 -6.206665
v 4.936401 -1.114452 -6.232666
v 5.115540 -1.114452 -6.252930
v 5.293091 -1.114452 -6.266357
v 5.477051 -1.114452 -6.275757
v 5.670288 -1.114452 -6.284302
v 5.874512 -1.114452 -6.295288
v 6.092834 -1.114452 -6.313477
v 6.316223 -1.114452 -6.343384
v 6.528137 -1.114452 -6.380127
v 6.721619 -1.114452 -6.414673
v 6.897888 -1.114452 -6.440186
v 7.067932 -1.114452 -6.453369
v 7.249878 -1.114452 -6.456055
v 7.442566 -1.114452 -6.451416
v 7.633484 -1.114452 -6.438965
v 7.817932 -1.114452 -6.418457
v 7.992310 -1.114452 -6.389160
v 8.160583 -1.114452 -6.350708
v 8.325073 -1.114452 -6.303955
v 8.485168 -1.114452 -6.248657
v 8.642151 -1.114452 -6.184448
v 8.792114 -1.114452 -6.113281
v 8.937927 -1.114452 -6.030518
v 9.088867 -1.114452 -5.930786
v 9.246643 -1.114452 -5.816772
v 9.408447 -1.114452 -5.694214
v 9.569641 -1.114452 -5.571777
v 9.720215 -1.114452 -5.458496
v 9.857117 -1.114452 -5.353149
v 9.985657 -1.114452 -5.249878
v 10.110229 -1.114452 -5.143921
v 10.233887 -1.114452 -5.031494
v 10.357727 -1.114452 -4.908691
v 10.484558 -1.114452 -4.773071
v 10.619019 -1.114452 -4.623901
v 10.762634 -1.114452 -4.464722
v 10.915710 -1.114452 -4.300171
v 11.077515 -1.114452 -4.134521
v 11.241882 -1.114452 -3.970703
v 11.402832 -1.114452 -3.810181
v 11.553894 -1.114452 -3.656006
v 11.691589 -1.114452 -3.507935
v 11.819336 -1.114452 -3.363770
v 11.939514 -1.114452 -3.223755
v 12.051147 -1.114452 -3.087646
v 12.156311 -1.114452 -2.951416
v 12.257629 -1.114452 -2.810425
v 12.356750 -1.114452 -2.661011
v 12.454041 -1.114452 -2.502930
v 12.549316 -1.114452 -2.338867
v 12.642334 -1.114452 -2.171143
v 12.731812 -1.114452 -2.004639
v 12.815125 -1.114452 -1.844238
v 12.892395 -1.114452 -1.688477
v 12.965820 -1.114452 -1.532593
v 13.037354 -1.114452 -1.372559
v 13.108337 -1.114452 -1.205200
v 13.178833 -1.114452 -1.029175
v 13.248474 -1.114452 -0.845459
v 13.316956 -1.114452 -0.655762
v 13.384460 -1.114452 -0.461914
v 13.451111 -1.114452 -0.265137
v 13.519531 -1.114452 -0.064819
v 13.587219 -1.114452 0.133423
v 13.648621 -1.114452 0.322510
v 13.699829 -1.114452 0.500122
v 13.737732 -1.114452 0.663574
v 13.762268 -1.114452 0.818726
v 13.777405 -1.114452 0.976562
v 13.786377 -1.114452 1.144897
v 13.792786 -1.114452 1.327271
v 13.800293 -1.114452 1.522583
v 13.810425 -1.114452 1.721924
v 13.819946 -1.114452 1.916870
v 13.826233 -1.114452 2.105835
v 13.826965 -1.114452 2.286865
v 13.819763 -1.114452 2.460815
v 13.803772 -1.114452 2.635010
v 13.780151 -1.114452 2.813965
v 13.750061 -1.114452 2.996826
v 13.714661 -1.114452 3.182617
v 13.675476 -1.114452 3.370117
v 13.633728 -1.114452 3.556885
v 13.589111 -1.114452 3.740479
v 13.540894 -1.114452 3.918823
v 13.488525 -1.114452 4.091919
v 13.431702 -1.114452 4.256714
v 13.368652 -1.114452 4.415405
v 13.297791 -1.114452 4.573364
v 13.218994 -1.114452 4.735718
v 13.133606 -1.114452 4.903687
v 13.042419 -1.114452 5.080688
v 12.949829 -1.114452 5.264282
v 12.859436 -1.114452 5.443848
v 12.770630 -1.114452 5.612061
v 12.682373 -1.114452 5.763428
v 12.593811 -1.114452 5.894409
v 12.496643 -1.114452 6.012939
v 12.382996 -1.114452 6.132446
v 12.251953 -1.114452 6.258789
v 12.106750 -1.114452 6.395020
v 11.957275 -1.114452 6.540039
v 11.813904 -1.114452 6.684204
v 11.674927 -1.114452 6.823486
v 11.536560 -1.114452 6.960693
v 11.398499 -1.114452 7.095093
v 11.259827 -1.114452 7.226929
v 11.119385 -1.114452 7.356079
v 10.975281 -1.114452 7.484985
v 10.827454 -1.114452 7.614746
v 10.676514 -1.114452 7.747192
v 10.523376 -1.114452 7.882568
v 10.370544 -1.114452 8.021362
v 10.221985 -1.114452 8.158447
v 10.078430 -1.114452 8.289917
v 9.939758 -1.114452 8.412354
v 9.801086 -1.114452 8.526855
v 9.658386 -1.114452 8.638306
v 9.515259 -1.114452 8.745728
v 9.373291 -1.114452 8.846191
v 9.232056 -1.114452 8.939331
v 9.089111 -1.114452 9.024780
v 8.941833 -1.114452 9.104004
v 8.789551 -1.114452 9.177979
v 8.629578 -1.114452 9.248657
v 8.460999 -1.114452 9.317505
v 8.285950 -1.114452 9.384521
v 8.102234 -1.114452 9.449219
v 7.907837 -1.114452 9.511597
v 7.705566 -1.114452 9.571899
v 7.502075 -1.114452 9.629517
v 7.303101 -1.114452 9.683716
v 7.113220 -1.114452 9.734375
v 6.933289 -1.114452 9.780884
v 6.759644 -1.114452 9.822266
v 6.588074 -1.114452 9.858765
v 6.410706 -1.114452 9.890259
v 6.223755 -1.114452 9.919067
v 6.033752 -1.114452 9.944336
v 5.844971 -1.114452 9.964111
v 5.658752 -1.114452 9.977295
v 5.476807 -1.114452 9.982178
v 5.292603 -1.114452 9.977539
v 5.098511 -1.114452 9.963623
v 4.895874 -1.114452 9.942993
v 4.688416 -1.114452 9.918457
v 4.485840 -1.114452 9.893555
v 4.295471 -1.114452 9.867798
v 4.109741 -1.114452 9.838135
v 3.918701 -1.114452 9.805420
v 3.720459 -1.114452 9.772827
v 3.515747 -1.114452 9.742554
v 3.309875 -1.114452 9.716797
v 3.107971 -1.114452 9.693970
v 2.908569 -1.114452 9.672607
v 2.713318 -1.114452 9.652100
v 2.518738 -1.114452 9.630371
v 2.322205 -1.114452 9.608643
v 2.128235 -1.114452 9.588135
v 1.940613 -1.114452 9.567383
v 1.760071 -1.114452 9.544434
v 1.582581 -1.114452 9.516235
v 1.401794 -1.114452 9.482422
v 1.218811 -1.114452 9.444458
v 1.036926 -1.114452 9.402588
v 0.857910 -1.114452 9.357056
v 0.683411 -1.114452 9.307251
v 0.510681 -1.114452 9.251587
v 0.336792 -1.114452 9.189575
v 0.158508 -1.114452 9.120972
v -0.025024 -1.114452 9.048462
v -0.210510 -1.114452 8.974609
v -0.393982 -1.114452 8.901489
v -0.574219 -1.114452 8.828125
v -0.752991 -1.114452 8.753418
v -0.931030 -1.114452 8.676636
v -1.106140 -1.114452 8.598633
v -1.279297 -1.114452 8.516357
v -1.457214 -1.114452 8.426880
v -1.643433 -1.114452 8.331665
v -1.837341 -1.114452 8.235474
v -2.038086 -1.114452 8.142090
v -2.239197 -1.114452 8.058594
v -2.431335 -1.114452 7.985596
v -2.611816 -1.114452 7.919312
v -2.780396 -1.114452 7.854980
v -2.942993 -1.114452 7.786499
v -3.110474 -1.114452 7.708008
v -3.285522 -1.114452 7.620728
v -3.465515 -1.114452 7.527222
v -3.647034 -1.114452 7.432373
v -3.825989 -1.114452 7.338989
v -3.998596 -1.114452 7.250244
v -4.164062 -1.114452 7.165161
v -4.324158 -1.114452 7.081909
v -4.480530 -1.114452 6.998779
v -4.639160 -1.114452 6.910889
v -4.802795 -1.114452 6.819702
v -4.963013 -1.114452 6.730347
v -5.114807 -1.114452 6.642334
v -5.258484 -1.114452 6.552490
v -5.398315 -1.114452 6.455200
v -5.541687 -1.114452 6.345459
v -5.687988 -1.114452 6.225586
v -5.833740 -1.114452 6.097778
v -5.977783 -1.114452 5.963745
v -6.113159 -1.114452 5.829712
v -6.239563 -1.114452 5.689697
v -6.368958 -1.114452 5.529785
v -6.509521 -1.114452 5.350586
v -6.664490 -1.114452 5.161621
v -6.835754 -1.114452 4.975708
v -7.013977 -1.114452 4.809937
v -7.186707 -1.114452 4.666504
v -7.351013 -1.114452 4.538696
v -7.504211 -1.114452 4.421509
v -7.652405 -1.114452 4.303345
v -7.806152 -1.114452 4.178345
v -7.961487 -1.114452 4.053589
v -8.111023 -1.114452 3.932007
v -8.252808 -1.114452 3.812500
v -8.385986 -1.114452 3.692871
v -8.514221 -1.114452 3.567993
v -8.643005 -1.114452 3.433960
v -8.775208 -1.114452 3.291626
v -8.911560 -1.114452 3.143799
v -9.051880 -1.114452 2.994141
v -9.191650 -1.114452 2.847900
v -9.329651 -1.114452 2.703125
v -9.467651 -1.114452 2.558716
v -9.605530 -1.114452 2.414185
v -9.745483 -1.114452 2.267578
v -9.888306 -1.114452 2.120605
v -10.030151 -1.114452 1.977539
v -10.165894 -1.114452 1.839111
v -10.293518 -1.114452 1.704346
v -10.412842 -1.114452 1.569824
v -10.527100 -1.114452 1.430664
v -10.640747 -1.114452 1.283447
v -10.754761 -1.114452 1.130127
v -10.870056 -1.114452 0.971558
v -10.986572 -1.114452 0.810913
v -11.101685 -1.114452 0.651367
v -11.214722 -1.114452 0.491943
v -11.327698 -1.114452 0.330444
v -11.441223 -1.114452 0.167114
v -11.556152 -1.114452 0.001709
v -11.673035 -1.114452 -0.164062
v -11.788574 -1.114452 -0.326416
v -11.900146 -1.114452 -0.485229
v -12.006165 -1.114452 -0.640991
v -12.105652 -1.114452 -0.794922
v -12.199646 -1.114452 -0.951782
v -12.292236 -1.114452 -1.115723
v -12.385376 -1.114452 -1.286499
v -12.480896 -1.114452 -1.463013
v -12.580322 -1.114452 -1.643799
v -12.682739 -1.114452 -1.823120
v -12.784058 -1.114452 -1.997559
v -12.881104 -1.114452 -2.165649
v -12.971619 -1.114452 -2.329102
v -13.056091 -1.114452 -2.492432
v -13.137695 -1.114452 -2.659912
v -13.216431 -1.114452 -2.827881
v -13.288818 -1.114452 -2.992920
v -13.354065 -1.114452 -3.156128
v -13.411133 -1.114452 -3.317993
v -13.459839 -1.114452 -3.483521
v -13.502930 -1.114452 -3.659302
v -13.542969 -1.114452 -3.846436
v -13.582336 -1.114452 -4.042847
v -13.623291 -1.114452 -4.246216
v -13.666748 -1.114452 -4.449219
v -13.709290 -1.114452 -4.644531
v -13.747131 -1.114452 -4.832031
v -13.777771 -1.114452 -5.012207
v -13.799622 -1.114452 -5.192383
v -13.814575 -1.114452 -5.381226
v -13.824402 -1.114452 -5.575317
v -13.826904 -1.114452 -5.766357
v -13.821045 -1.114452 -5.951782
v -13.805359 -1.114452 -6.132324
v -13.779358 -1.114452 -6.314453
v -13.744141 -1.114452 -6.499268
v -13.700195 -1.114452 -6.681396
v -13.648132 -1.114452 -6.856934
v -13.589905 -1.114452 -7.020386
v -13.523193 -1.114452 -7.172974
v -13.444275 -1.114452 -7.324951
v -13.353943 -1.114452 -7.479370
v -13.254150 -1.114452 -7.636475
v -13.150574 -1.114452 -7.793335
v -13.047607 -1.114452 -7.942383
v -12.943115 -1.114452 -8.083984
v -12.834167 -1.114452 -8.221924
v -12.719788 -1.114452 -8.358398
v -12.599854 -1.114452 -8.494263
v -12.475464 -1.114452 -8.628174
v -12.346680 -1.114452 -8.759766
v -12.214172 -1.114452 -8.888428
v -12.077393 -1.114452 -9.013550
v -11.932251 -1.114452 -9.139038
v -11.778503 -1.114452 -9.268433
v -11.623657 -1.114452 -9.395752
v -11.474121 -1.114452 -9.510864
v -11.333374 -1.114452 -9.607178
v -11.199890 -1.114452 -9.682495
v -11.064331 -1.114452 -9.742065
v -10.918213 -1.114452 -9.792358
v -10.759399 -1.114452 -9.835327
v -10.586365 -1.114452 -9.873047
v -10.401855 -1.114452 -9.906982
v -10.209229 -1.114452 -9.936768
v -10.010010 -1.114452 -9.959961
v -9.809631 -1.114452 -9.975830
v -9.614868 -1.114452 -9.982300
v -9.432068 -1.114452 -9.979248
v -9.258789 -1.114452 -9.965820
v -9.087708 -1.114452 -9.942993
v -8.917358 -1.114452 -9.911133
v -8.746216 -1.114452 -9.871216
v -8.574341 -1.114452 -9.823853
v -8.402344 -1.114452 -9.770142
v -8.235168 -1.114452 -9.711060
v -8.075623 -1.114452 -9.646240
v -7.925659 -1.114452 -9.575317
v -7.790283 -1.114452 -9.500244
v -7.666870 -1.114452 -9.416382
v -7.540527 -1.114452 -9.313721
v -7.402771 -1.114452 -9.191162
v -7.251587 -1.114452 -9.053711
v -7.090759 -1.114452 -8.914185
v -6.932129 -1.114452 -8.782593
v -6.778259 -1.114452 -8.655273
v -6.624878 -1.114452 -8.528320
v -6.471375 -1.114452 -8.401245
v -6.321838 -1.114452 -8.277466
v -6.178528 -1.114452 -8.154053
v -6.030823 -1.114452 -8.021729
v -5.870117 -1.114452 -7.881226
v -5.692688 -1.114452 -7.737305
v -5.495605 -1.114452 -7.598511
v -5.288574 -1.114452 -7.477295
v -5.084534 -1.114452 -7.374878
v -4.888306 -1.114452 -7.286255
v -4.703613 -1.114452 -7.206299
v -4.526184 -1.114452 -7.127197
v -4.343994 -1.114452 -7.044067
v -4.158020 -1.114452 -6.961426
v -3.973511 -1.114452 -6.880249
v -3.790283 -1.114452 -6.800049
v -3.615051 -1.114452 -6.723022
v -3.446899 -1.114452 -6.643311
v -3.269897 -1.114452 -6.553833
v -3.073120 -1.114452 -6.457764
v -2.853516 -1.114452 -6.364014
v -2.611023 -1.114452 -6.285400
v -2.361633 -1.114452 -6.234619
v -2.124939 -1.114452 -6.208008
v -1.906250 -1.114452 -6.194946
v -1.706421 -1.114452 -6.186035
v -1.518677 -1.114452 -6.174072
v -1.327087 -1.114452 -6.157104
v -1.126465 -1.114452 -6.138916
v -0.921875 -1.114452 -6.121826
v -0.714233 -1.114452 -6.107056
v -0.504028 -1.114452 -6.095581
v -0.300659 -1.114452 -6.088745
v -0.106689 -1.114452 -6.085938
v 0.087402 -1.114452 -6.085449
v 0.292786 -1.114452 -6.086548
v 0.523254 -1.114452 -6.087402
v 0.794983 -1.114452 -6.089233
v 1.099121 -1.114452 -6.092407
v 1.413208 -1.114452 -6.096436
v 1.716492 -1.114452 -6.099731
v 1.987671 -1.114452 -6.101318
v 2.222168 -1.114452 -6.100586
v 2.437561 -1.114452 -6.097656
v 2.643250 -1.114452 -6.094849
v 2.848206 -1.114452 -6.092529
v 3.058533 -1.114452 -6.093140
v 3.269775 -1.114452 -6.095459
v 3.479065 -1.114452 -6.099121
v 3.688965 -1.114452 -6.104614
v 3.901611 -1.114452 -6.113647
v 4.118652 -1.114452 -6.127930
v 4.337219 -1.114452 -6.149780
v 4.548767 -1.114452 -6.177612
v 4.748169 -1.114452 -6.206665
v 4.936401 -1.114452 -6.232666
v 5.115540 -1.114452 -6.252930
v 5.293091 -1.114452 -6.266357
v 5.477051 -1.114452 -6.275757
v 5.670288 -1.114452 -6.284302
v 5.874512 -1.114452 -6.295288
v 6.092834 -1.114452 -6.313477
v 6.316223 -1.114452 -6.343384
v 6.528137 -1.114452 -6.380127
v 6.721619 -1.114452 -6.414673
v 6.897888 -1.114452 -6.440186
v 7.067932 -1.114452 -6.453369
v 7.249878 -1.114452 -6.456055
v 7.442566 -1.114452 -6.451416
v 7.633484 -1.114452 -6.438965
v 7.817932 -1.114452 -6.418457
v 7.992310 -1.114452 -6.389160
v 8.160583 -1.114452 -6.350708
v 8.325073 -1.114452 -6.303955
v 8.485168 -1.114452 -6.248657
v 8.642151 -1.114452 -6.184448
v 8.792114 -1.114452 -6.113281
v 8.937927 -1.114452 -6.030518
v 9.088867 -1.114452 -5.930786
v 9.246643 -1.114452 -5.816772
v 9.408447 -1.114452 -5.694214
v 9.569641 -1.114452 -5.571777
v 9.720215 -1.114452 -5.458496
v 9.857117 -1.114452 -5.353149
v 9.985657 -1.114452 -5.249878
v 10.110229 -1.114452 -5.143921
v 10.233887 -1.114452 -5.031494
v 10.357727 -1.114452 -4.908691
v 10.484558 -1.114452 -4.773071
v 10.619019 -1.114452 -4.623901
v 10.762634 -1.114452 -4.464722
v 10.915710 -1.114452 -4.300171
v 11.077515 -1.114452 -4.134521
v 11.241882 -1.114452 -3.970703
v 11.402832 -1.114452 -3.810181
v 11.553894 -1.114452 -3.656006
v 11.691589 -1.114452 -3.507935
v 11.819336 -1.114452 -3.363770
v 11.939514 -1.114452 -3.223755
v 12.051147 -1.114452 -3.087646
v 12.156311 -1.114452 -2.951416
v 12.257629 -1.114452 -2.810425
v 12.356750 -1.114452 -2.661011
v 12.454041 -1.114452 -2.502930
v 12.549316 -1.114452 -2.338867
v 12.642334 -1.114452 -2.171143
v 12.731812 -1.114452 -2.004639
v 12.815125 -1.114452 -1.844238
v 12.892395 -1.114452 -1.688477
v 12.965820 -1.114452 -1.532593
v 13.037354 -1.114452 -1.372559
v 13.108337 -1.114452 -1.205200
v 13.178833 -1.114452 -1.029175
v 13.248474 -1.114452 -0.845459
v 13.316956 -1.114452 -0.655762
v 13.384460 -1.114452 -0.461914
v 13.451111 -1.114452 -0.265137
v 13.519531 -1.114452 -0.064819
v 13.587219 -1.114452 0.133423
v 13.648621 -1.114452 0.322510
v 13.699829 -1.114452 0.500122
v 13.737732 -1.114452 0.663574
v 13.762268 -1.114452 0.818726
v 13.777405 -1.114452 0.976562
v 13.786377 -1.114452 1.144897
v 13.792786 -1.114452 1.327271
v 13.800293 -1.114452 1.522583
v 13.810425 -1.114452 1.721924
v 13.819946 -1.114452 1.916870
v 13.826233 -1.114452 2.105835
v 13.826965 -1.114452 2.286865
v 13.819763 -1.114452 2.460815
v 13.803772 -1.114452 2.635010
v 13.780151 -1.114452 2.813965
v 13.750061 -1.114452 2.996826
v 13.714661 -1.114452 3.182617
v 13.675476 -1.114452 3.370117
v 13.633728 -1.114452 3.556885
v 13.589111 -1.114452 3.740479
v 13.540894 -1.114452 3.918823
v 13.488525 -1.114452 4.091919
v 13.431702 -1.114452 4.256714
v 13.368652 -1.114452 4.415405
v 13.297791 -1.114452 4.573364
v 13.218994 -1.114452 4.735718
v 13.133606 -1.114452 4.903687
v 13.042419 -1.114452 5.080688
v 12.949829 -1.114452 5.264282
v 12.859436 -1.114452 5.443848
v 12.770630 -1.114452 5.612061
v 12.682373 -1.114452 5.763428
v 12.593811 -1.114452 5.894409
v 12.496643 -1.114452 6.012939
v 12.382996 -1.114452 6.132446
v 12.251953 -1.114452 6.258789
v 12.106750 -1.114452 6.395020
v 11.957275 -1.114452 6.540039
v 11.813904 -1.114452 6.684204
v 11.674927 -1.114452 6.823486
v 11.536560 -1.114452 6.960693
v 11.398499 -1.114452 7.095093
v 11.259827 -1.114452 7.226929
v 11.119385 -1.114452 7.356079
v 10.975281 -1.114452 7.484985
v 10.827454 -1.114452 7.614746
v 10.676514 -1.114452 7.747192
v 10.523376 -1.114452 7.882568
v 10.370544 -1.114452 8.021362
v 10.221985 -1.114452 8.158447
v 10.078430 -1.114452 8.289917
v 9.939758 -1.114452 8.412354
v 9.801086 -1.114452 8.526855
v 9.658386 -1.114452 8.638306
v 9.515259 -1.114452 8.745728
v 9.373291 -1.114452 8.846191
v 9.232056 -1.114452 8.939331
v 9.089111 -1.114452 9.024780
v 8.941833 -1.114452 9.104004
v 8.789551 -1.114452 9.177979
v 8.629578 -1.114452 9.248657
v 8.460999 -1.114452 9.317505
v 8.285950 -1.114452 9.384521
v 8.102234 -1.114452 9.449219
v 7.907837 -1.114452 9.511597
v 7.705566 -1.114452 9.571899
v 7.502075 -1.114452 9.629517
v 7.303101 -1.114452 9.683716
v 7.113220 -1.114452 9.734375
v 6.933289 -1.114452 9.780884
v 6.759644 -1.114452 9.822266
v 6.588074 -1.114452 9.858765
v 6.410706 -1.114452 9.890259
v 6.223755 -1.114452 9.919067
v 6.033752 -1.114452 9.944336
v 5.844971 -1.114452 9.964111
v 5.658752 -1.114452 9.977295
v 5.476807 -1.114452 9.982178
v 5.292603 -1.114452 9.977539
v 5.098511 -1.114452 9.963623
v 4.895874 -1.114452 9.942993
v 4.688416 -1.114452 9.918457
v 4.485840 -1.114452 9.893555
v 4.295471 -1.114452 9.867798
v 4.109741 -1.114452 9.838135
v 3.918701 -1.114452 9.805420
v 3.720459 -1.114452 9.772827
v 3.515747 -1.114452 9.742554
v 3.309875 -1.114452 9.716797
v 3.107971 -1.114452 9.693970
v 2.908569 -1.114452 9.672607
v 2.713318 -1.114452 9.652100
v 2.518738 -1.114452 9.630371
v 2.322205 -1.114452 9.608643
v 2.128235 -1.114452 9.588135
v 1.940613 -1.114452 9.567383
v 1.760071 -1.114452 9.544434
v 1.582581 -1.114452 9.516235
v 1.401794 -1.114452 9.482422
v 1.218811 -1.114452 9.444458
v 1.036926 -1.114452 9.402588
v 0.857910 -1.114452 9.357056
v 0.683411 -1.114452 9.307251
v 0.510681 -1.114452 9.251587
v 0.336792 -1.114452 9.189575
v 0.158508 -1.114452 9.120972
v -0.025024 -1.114452 9.048462
v -0.210510 -1.114452 8.974609
v -0.393982 -1.114452 8.901489
v -0.574219 -1.114452 8.828125
v -0.752991 -1.114452 8.753418
v -0.931030 -1.114452 8.676636
v -1.106140 -1.114452 8.598633
v -1.279297 -1.114452 8.516357
v -1.457214 -1.114452 8.426880
v -1.643433 -1.114452 8.331665
v -1.837341 -1.114452 8.235474
v -2.038086 -1.114452 8.142090
v -2.239197 -1.114452 8.058594
v -2.431335 -1.114452 7.985596
v -2.611816 -1.114452 7.919312
v -2.780396 -1.114452 7.854980
v -2.942993 -1.114452 7.786499
v -3.110474 -1.114452 7.708008
v -3.285522 -1.114452 7.620728
v -3.465515 -1.114452 7.527222
v -3.647034 -1.114452 7.432373
v -3.825989 -1.114452 7.338989
v -3.998596 -1.114452 7.250244
v -4.164062 -1.114452 7.165161
v -4.324158 -1.114452 7.081909
v -4.480530 -1.114452 6.998779
v -4.639160 -1.114452 6.910889
v -4.802795 -1.114452 6.819702
v -4.963013 -1.114452 6.730347
v -5.114807 -1.114452 6.642334
v -5.258484 -1.114452 6.552490
v -5.398315 -1.114452 6.455200
v -5.541687 -1.114452 6.345459
v -5.687988 -1.114452 6.225586
v -5.833740 -1.114452 6.097778
v -5.977783 -1.114452 5.963745
v -6.113159 -1.114452 5.829712
v -6.239563 -1.114452 5.689697
v -6.368958 -1.114452 5.529785
v -6.509521 -1.114452 5.350586
v -6.664490 -1.114452 5.161621
v -6.835754 -1.114452 4.975708
v -7.013977 -1.114452 4.809937
v -7.186707 -1.114452 4.666504
v -7.351013 -1.114452 4.538696
v -7.504211 -1.114452 4.421509
v -7.652405 -1.114452 4.303345
v -7.806152 -1.114452 4.178345
v -7.961487 -1.114452 4.053589
v -8.111023 -1.114452 3.932007
v -8.252808 -1.114452 3.812500
v -8.385986 -1.114452 3.692871
v -8.514221 -1.114452 3.567993
v -8.643005 -1.114452 3.433960
v -8.775208 -1.114452 3.291626
v -8.911560 -1.114452 3.143799
v -9.051880 -1.114452 2.994141
v -9.191650 -1.114452 2.847900
v -9.329651 -1.114452 2.703125
v -9.467651 -1.114452 2.558716
v -9.605530 -1.114452 2.414185
v -9.745483 -1.114452 2.267578
v -9.888306 -1.114452 2.120605
v -10.030151 -1.114452 1.977539
v -10.165894 -1.114452 1.839111
v -10.293518 -1.114452 1.704346
v -10.412842 -1.114452 1.569824
v -10.527100 -1.114452 1.430664
v -10.640747 -1.114452 1.283447
v -10.754761 -1.114452 1.130127
v -10.870056 -1.114452 0.971558
v -10.986572 -1.114452 0.810913
v -11.101685 -1.114452 0.651367
v -11.214722 -1.114452 0.491943
v -11.327698 -1.114452 0.330444
v -11.441223 -1.114452 0.167114
v -11.556152 -1.114452 0.001709
v -11.673035 -1.114452 -0.164062
v -11.788574 -1.114452 -0.326416
v -11.900146 -1.114452 -0.485229
v -12.006165 -1.114452 -0.640991
v -12.105652 -1.114452 -0.794922
v -12.199646 -1.114452 -0.951782
v -12.292236 -1.114452 -1.115723
v -12.385376 -1.114452 -1.286499
v -12.480896 -1.114452 -1.463013
v -12.580322 -1.114452 -1.643799
v -12.682739 -1.114452 -1.823120
v -12.784058 -1.114452 -1.997559
v -12.881104 -1.114452 -2.165649
v -12.971619 -1.114452 -2.329102
v -13.056091 -1.114452 -2.492432
v -13.137695 -1.114452 -2.659912
v -13.216431 -1.114452 -2.827881
v -13.288818 -1.114452 -2.992920
v -13.354065 -1.114452 -3.156128
v -13.411133 -1.114452 -3.317993
v -13.459839 -1.114452 -3.483521
v -13.502930 -1.114452 -3.659302
v -13.542969 -1.114452 -3.846436
v -13.582336 -1.114452 -4.042847
v -13.623291 -1.114452 -4.246216
v -13.666748 -1.114452 -4.449219
v -13.709290 -1.114452 -4.644531
v -13.747131 -1.114452 -4.832031
v -13.777771 -1.114452 -5.012207
v -13.799622 -1.114452 -5.192383
v -13.814575 -1.114452 -5.381226
v -13.824402 -1.114452 -5.575317
v -13.826904 -1.114452 -5.766357
v -13.821045 -1.114452 -5.951782
v -13.805359 -1.114452 -6.132324
v -13.779358 -1.114452 -6.314453
v -13.744141 -1.114452 -6.499268
v -13.700195 -1.114452 -6.681396
v -13.648132 -1.114452 -6.856934
v -13.589905 -1.114452 -7.020386
v -13.523193 -1.114452 -7.172974
v -13.444275 -1.114452 -7.324951
v -13.353943 -1.114452 -7.479370
v -13.254150 -1.114452 -7.636475
v -13.150574 -1.114452 -7.793335
v -13.047607 -1.114452 -7.942383
v -12.943115 -1.114452 -8.083984
v -12.834167 -1.114452 -8.221924
v -12.719788 -1.114452 -8.358398
v -12.599854 -1.114452 -8.494263
v -12.475464 -1.114452 -8.628174
v -12.346680 -1.114452 -8.759766
v -12.214172 -1.114452 -8.888428
v -12.077393 -1.114452 -9.013550
v -11.932251 -1.114452 -9.139038
v -11.778503 -1.114452 -9.268433
v -11.623657 -1.114452 -9.395752
v -11.474121 -1.114452 -9.510864
v -11.333374 -1.114452 -9.607178
v -11.199890 -1.114452 -9.682495
v -11.064331 -1.114452 -9.742065
v -10.918213 -1.114452 -9.792358
v -10.759399 -1.114452 -9.835327
v -10.586365 -1.114452 -9.873047
v -10.401855 -1.114452 -9.906982
v -10.209229 -1.114452 -9.936768
v -10.010010 -1.114452 -9.959961
v -9.809631 -1.114452 -9.975830
v -9.614868 -1.114452 -9.982300
v -9.432068 -1.114452 -9.979248
v -9.258789 -1.114452 -9.965820
v -9.087708 -1.114452 -9.942993
v -8.917358 -1.114452 -9.911133
v -8.746216 -1.114452 -9.871216
v -8.574341 -1.114452 -9.823853
v -8.402344 -1.114452 -9.770142
v -8.235168 -1.114452 -9.711060
v -8.075623 -1.114452 -9.646240
v -7.925659 -1.114452 -9.575317
v -7.790283 -1.114452 -9.500244
v -7.666870 -1.114452 -9.416382
v -7.540527 -1.114452 -9.313721
v -7.402771 -1.114452 -9.191162
v -7.251587 -1.114452 -9.053711
v -7.090759 -1.114452 -8.914185
v -6.932129 -1.114452 -8.782593
v -6.778259 -1.114452 -8.655273
v -6.624878 -1.114452 -8.528320
v -6.471375 -1.114452 -8.401245
v -6.321838 -1.114452 -8.277466
v -6.178528 -1.114452 -8.154053
v -6.030823 -1.114452 -8.021729
v -5.870117 -1.114452 -7.881226
v -5.692688 -1.114452 -7.737305
v -5.495605 -1.114452 -7.598511
v -5.288574 -1.114452 -7.477295
v -5.084534 -1.114452 -7.374878
v -4.888306 -1.114452 -7.286255
v -4.703613 -1.114452 -7.206299
v -4.526184 -1.114452 -7.127197
v -4.343994 -1.114452 -7.044067
v -4.158020 -1.114452 -6.961426
v -3.973511 -1.114452 -6.880249
v -3.790283 -1.114452 -6.800049
v -3.615051 -1.114452 -6.723022
v -3.446899 -1.114452 -6.643311
v -3.269897 -1.114452 -6.553833
v -3.073120 -1.114452 -6.457764
v -2.853516 -1.114452 -6.364014
v -2.611023 -1.114452 -6.285400
v -2.361633 -1.114452 -6.234619
v -2.124939 -1.114452 -6.208008
v -1.906250 -1.114452 -6.194946
v -1.706421 -1.114452 -6.186035
v -1.518677 -1.114452 -6.174072
v -1.327087 -1.114452 -6.157104
v -1.126465 -1.114452 -6.138916
v -0.921875 -1.114452 -6.121826
v -0.714233 -1.114452 -6.107056
v -0.504028 -1.114452 -6.095581
v -0.300659 -1.114452 -6.088745
v -0.106689 -1.114452 -6.085938
v 0.087402 -1.114452 -6.085449
v 0.292786 -1.114452 -6.086548
v 0.523254 -1.114452 -6.087402
v 0.794983 -1.114452 -6.089233
v 1.099121 -1.114452 -6.092407
v 1.413208 -1.114452 -6.096436
v 1.716492 -1.114452 -6.099731
v 1.988037 -1.154453 -5.801392
v 2.219604 -1.154453 -5.800537
v 2.433472 -1.154453 -5.797729
v 2.639465 -1.154453 -5.794800
v 2.846863 -1.154453 -5.792480
v 3.060669 -1.154453 -5.793091
v 3.274048 -1.154453 -5.795532
v 3.485657 -1.154453 -5.799194
v 3.699280 -1.154453 -5.804810
v 3.917786 -1.154453 -5.814087
v 4.143433 -1.154453 -5.828979
v 4.371765 -1.154453 -5.851807
v 4.590027 -1.154453 -5.880493
v 4.790283 -1.154453 -5.909668
v 4.973694 -1.154453 -5.935059
v 5.143738 -1.154453 -5.954224
v 5.312134 -1.154453 -5.966919
v 5.491333 -1.154453 -5.976074
v 5.684937 -1.154453 -5.984619
v 5.894897 -1.154453 -5.995972
v 6.125183 -1.154453 -6.015259
v 6.361816 -1.154453 -6.046875
v 6.580139 -1.154453 -6.084717
v 6.769226 -1.154453 -6.118408
v 6.930847 -1.154453 -6.142090
v 7.081787 -1.154453 -6.153687
v 7.248596 -1.154453 -6.156006
v 7.429260 -1.154453 -6.151733
v 7.607056 -1.154453 -6.140137
v 7.776367 -1.154453 -6.121338
v 7.934021 -1.154453 -6.094849
v 8.086182 -1.154453 -6.060059
v 8.234985 -1.154453 -6.017822
v 8.379272 -1.154453 -5.967896
v 8.520935 -1.154453 -5.910034
v 8.653564 -1.154453 -5.847168
v 8.781250 -1.154453 -5.774658
v 8.918396 -1.154453 -5.683838
v 9.068298 -1.154453 -5.575562
v 9.227173 -1.154453 -5.455078
v 9.388733 -1.154453 -5.332397
v 9.538513 -1.154453 -5.219727
v 9.671692 -1.154453 -5.117310
v 9.794495 -1.154453 -5.018677
v 9.912048 -1.154453 -4.918701
v 10.027222 -1.154453 -4.813965
v 10.142578 -1.154453 -4.699585
v 10.263611 -1.154453 -4.570190
v 10.396179 -1.154453 -4.422974
v 10.541443 -1.154453 -4.262085
v 10.698547 -1.154453 -4.093140
v 10.864319 -1.154453 -3.923462
v 11.030029 -1.154453 -3.758301
v 11.189758 -1.154453 -3.598999
v 11.336914 -1.154453 -3.448853
v 11.469482 -1.154453 -3.306274
v 11.593262 -1.154453 -3.166626
v 11.709656 -1.154453 -3.030884
v 11.816345 -1.154453 -2.900879
v 11.915710 -1.154453 -2.772217
v 12.010742 -1.154453 -2.639893
v 12.103943 -1.154453 -2.499390
v 12.196594 -1.154453 -2.348877
v 12.288452 -1.154453 -2.190796
v 12.379028 -1.154453 -2.027344
v 12.466553 -1.154453 -1.864502
v 12.547668 -1.154453 -1.708374
v 12.622314 -1.154453 -1.557861
v 12.693115 -1.154453 -1.407471
v 12.762268 -1.154453 -1.252686
v 12.830994 -1.154453 -1.090698
v 12.899353 -1.154453 -0.920166
v 12.967102 -1.154453 -0.741333
v 13.034180 -1.154453 -0.555542
v 13.100708 -1.154453 -0.364380
v 13.167053 -1.154453 -0.168457
v 13.235596 -1.154453 0.032227
v 13.302612 -1.154453 0.228271
v 13.361755 -1.154453 0.410156
v 13.409424 -1.154453 0.575317
v 13.443237 -1.154453 0.720825
v 13.464661 -1.154453 0.856689
v 13.478210 -1.154453 0.999023
v 13.486694 -1.154453 1.158325
v 13.492981 -1.154453 1.338379
v 13.500610 -1.154453 1.535889
v 13.510803 -1.154453 1.736694
v 13.520203 -1.154453 1.929199
v 13.526306 -1.154453 2.111206
v 13.526978 -1.154453 2.281128
v 13.520447 -1.154453 2.440918
v 13.505615 -1.154453 2.601807
v 13.483398 -1.154453 2.770020
v 13.454651 -1.154453 2.944336
v 13.420471 -1.154453 3.123901
v 13.382263 -1.154453 3.306641
v 13.341553 -1.154453 3.488770
v 13.298523 -1.154453 3.666016
v 13.252563 -1.154453 3.836182
v 13.203125 -1.154453 3.999512
v 13.150452 -1.154453 4.152466
v 13.092285 -1.154453 4.298706
v 13.025879 -1.154453 4.446533
v 12.950317 -1.154453 4.602173
v 12.866577 -1.154453 4.766968
v 12.775146 -1.154453 4.944336
v 12.681946 -1.154453 5.129272
v 12.592834 -1.154453 5.306396
v 12.508484 -1.154453 5.466187
v 12.428650 -1.154453 5.603394
v 12.353271 -1.154453 5.715088
v 12.271423 -1.154453 5.814697
v 12.169922 -1.154453 5.921265
v 12.045105 -1.154453 6.041504
v 11.899719 -1.154453 6.177979
v 11.746521 -1.154453 6.326538
v 11.601318 -1.154453 6.472534
v 11.463074 -1.154453 6.611084
v 11.326294 -1.154453 6.746704
v 11.190552 -1.154453 6.878906
v 11.054932 -1.154453 7.007812
v 10.917847 -1.154453 7.133911
v 10.776245 -1.154453 7.260498
v 10.629517 -1.154453 7.389404
v 10.478210 -1.154453 7.522095
v 10.323181 -1.154453 7.659180
v 10.167969 -1.154453 7.800171
v 10.018982 -1.154453 7.937622
v 9.877869 -1.154453 8.066772
v 9.744934 -1.154453 8.184204
v 9.613220 -1.154453 8.292969
v 9.476074 -1.154453 8.400024
v 9.338623 -1.154453 8.503296
v 9.204041 -1.154453 8.598511
v 9.072510 -1.154453 8.685303
v 8.941040 -1.154453 8.763916
v 8.805176 -1.154453 8.836914
v 8.663330 -1.154453 8.905762
v 8.512146 -1.154453 8.972534
v 8.350586 -1.154453 9.038574
v 8.182495 -1.154453 9.102905
v 8.006531 -1.154453 9.164917
v 7.819214 -1.154453 9.224976
v 7.621887 -1.154453 9.283813
v 7.421814 -1.154453 9.340454
v 7.224976 -1.154453 9.394043
v 7.036926 -1.154453 9.444214
v 6.861084 -1.154453 9.489746
v 6.693726 -1.154453 9.529541
v 6.530579 -1.154453 9.564331
v 6.361572 -1.154453 9.594360
v 6.181213 -1.154453 9.622070
v 5.998291 -1.154453 9.646362
v 5.818787 -1.154453 9.665283
v 5.644165 -1.154453 9.677612
v 5.476562 -1.154453 9.682251
v 5.307007 -1.154453 9.677856
v 5.124268 -1.154453 9.664795
v 4.928650 -1.154453 9.644775
v 4.724243 -1.154453 9.620605
v 4.524353 -1.154453 9.596069
v 4.339294 -1.154453 9.570923
v 4.158630 -1.154453 9.542114
v 3.968384 -1.154453 9.509521
v 3.766785 -1.154453 9.476318
v 3.556274 -1.154453 9.445312
v 3.345276 -1.154453 9.418823
v 3.140686 -1.154453 9.395752
v 2.940186 -1.154453 9.374268
v 2.745728 -1.154453 9.353882
v 2.551880 -1.154453 9.332153
v 2.354431 -1.154453 9.310425
v 2.160522 -1.154453 9.289917
v 1.976135 -1.154453 9.269409
v 1.802490 -1.154453 9.247437
v 1.633545 -1.154453 9.220581
v 1.459839 -1.154453 9.188110
v 1.283020 -1.154453 9.151367
v 1.107605 -1.154453 9.111084
v 0.936096 -1.154453 9.067383
v 0.770691 -1.154453 9.020264
v 0.607056 -1.154453 8.967407
v 0.440979 -1.154453 8.908203
v 0.267517 -1.154453 8.841553
v 0.085571 -1.154453 8.769531
v -0.099487 -1.154453 8.695923
v -0.281921 -1.154453 8.623169
v -0.459778 -1.154453 8.550781
v -0.635681 -1.154453 8.477295
v -0.810608 -1.154453 8.401855
v -0.980713 -1.154453 8.326050
v -1.147583 -1.154453 8.246826
v -1.321594 -1.154453 8.159302
v -1.508423 -1.154453 8.063843
v -1.707275 -1.154453 7.965088
v -1.917297 -1.154453 7.867554
v -2.128418 -1.154453 7.779785
v -2.326416 -1.154453 7.704468
v -2.506592 -1.154453 7.638306
v -2.668640 -1.154453 7.576538
v -2.821106 -1.154453 7.512451
v -2.979919 -1.154453 7.437866
v -3.149536 -1.154453 7.353271
v -3.326904 -1.154453 7.261230
v -3.508118 -1.154453 7.166504
v -3.687988 -1.154453 7.072510
v -3.861450 -1.154453 6.983398
v -4.026306 -1.154453 6.898682
v -4.184448 -1.154453 6.816406
v -4.337463 -1.154453 6.735107
v -4.493530 -1.154453 6.648682
v -4.656677 -1.154453 6.557739
v -4.814636 -1.154453 6.469604
v -4.959900 -1.154453 6.385376
v -5.093201 -1.154453 6.302124
v -5.221497 -1.154453 6.212891
v -5.355408 -1.154453 6.110229
v -5.494019 -1.154453 5.996826
v -5.632629 -1.154453 5.875122
v -5.770020 -1.154453 5.747314
v -5.896057 -1.154453 5.622681
v -6.011597 -1.154453 5.494629
v -6.134399 -1.154453 5.342773
v -6.275452 -1.154453 5.162964
v -6.437927 -1.154453 4.964966
v -6.623108 -1.154453 4.764160
v -6.816040 -1.154453 4.584473
v -6.998901 -1.154453 4.432495
v -7.167847 -1.154453 4.301025
v -7.319580 -1.154453 4.185059
v -7.464294 -1.154453 4.069702
v -7.617615 -1.154453 3.944946
v -7.772949 -1.154453 3.820312
v -7.919617 -1.154453 3.700928
v -8.055847 -1.154453 3.586182
v -8.181091 -1.154453 3.473755
v -8.301453 -1.154453 3.356445
v -8.425049 -1.154453 3.227905
v -8.555115 -1.154453 3.087891
v -8.691833 -1.154453 2.939575
v -8.833984 -1.154453 2.787964
v -8.974670 -1.154453 2.640625
v -9.112671 -1.154453 2.495972
v -9.250671 -1.154453 2.351562
v -9.388550 -1.154453 2.207031
v -9.529480 -1.154453 2.059448
v -9.674133 -1.154453 1.910522
v -9.816467 -1.154453 1.766968
v -9.949890 -1.154453 1.630859
v -10.072327 -1.154453 1.501587
v -10.184692 -1.154453 1.375000
v -10.292480 -1.154453 1.243774
v -10.401672 -1.154453 1.102295
v -10.513062 -1.154453 0.952393
v -10.627319 -1.154453 0.795288
v -10.743469 -1.154453 0.635132
v -10.857727 -1.154453 0.476807
v -10.969421 -1.154453 0.319214
v -11.081604 -1.154453 0.158813
v -11.194885 -1.154453 -0.004150
v -11.310303 -1.154453 -0.170288
v -11.428223 -1.154453 -0.337524
v -11.543640 -1.154453 -0.499756
v -11.653442 -1.154453 -0.655884
v -11.756104 -1.154453 -0.806641
v -11.850952 -1.154453 -0.953491
v -11.940430 -1.154453 -1.102661
v -12.029907 -1.154453 -1.261353
v -12.121765 -1.154453 -1.429688
v -12.217468 -1.154453 -1.606689
v -12.318604 -1.154453 -1.790527
v -12.422791 -1.154453 -1.972900
v -12.524414 -1.154453 -2.147827
v -12.619934 -1.154453 -2.313232
v -12.707153 -1.154453 -2.470703
v -12.788025 -1.154453 -2.627197
v -12.867004 -1.154453 -2.789307
v -12.943237 -1.154453 -2.951782
v -13.012146 -1.154453 -3.108887
v -13.073242 -1.154453 -3.261475
v -13.125671 -1.154453 -3.410156
v -13.170227 -1.154453 -3.561646
v -13.210571 -1.154453 -3.726562
v -13.249207 -1.154453 -3.907349
v -13.288208 -1.154453 -4.102051
v -13.329590 -1.154453 -4.307251
v -13.373535 -1.154453 -4.512451
v -13.415649 -1.154453 -4.706055
v -13.452209 -1.154453 -4.886841
v -13.480896 -1.154453 -5.055420
v -13.501099 -1.154453 -5.222412
v -13.515198 -1.154453 -5.400635
v -13.524536 -1.154453 -5.584839
v -13.526917 -1.154453 -5.763550
v -13.521545 -1.154453 -5.934082
v -13.507324 -1.154453 -6.098267
v -13.483459 -1.154453 -6.265137
v -13.450928 -1.154453 -6.435913
v -13.410461 -1.154453 -6.603394
v -13.362976 -1.154453 -6.763794
v -13.310974 -1.154453 -6.909912
v -13.252441 -1.154453 -7.043701
v -13.181519 -1.154453 -7.180054
v -13.097717 -1.154453 -7.323364
v -13.002319 -1.154453 -7.473511
v -12.901978 -1.154453 -7.625366
v -12.803528 -1.154453 -7.768066
v -12.704712 -1.154453 -7.901855
v -12.601501 -1.154453 -8.032471
v -12.492310 -1.154453 -8.162720
v -12.377380 -1.154453 -8.292969
v -12.258301 -1.154453 -8.421265
v -12.134949 -1.154453 -8.547241
v -12.008484 -1.154453 -8.670166
v -11.877991 -1.154453 -8.789429
v -11.737549 -1.154453 -8.910889
v -11.586731 -1.154453 -9.037842
v -11.436951 -1.154453 -9.160889
v -11.298096 -1.154453 -9.267944
v -11.175110 -1.154453 -9.352295
v -11.065552 -1.154453 -9.414307
v -10.954712 -1.154453 -9.462891
v -10.829956 -1.154453 -9.505737
v -10.688110 -1.154453 -9.543945
v -10.527161 -1.154453 -9.578857
v -10.351746 -1.154453 -9.611206
v -10.168945 -1.154453 -9.639526
v -9.980896 -1.154453 -9.661377
v -9.792908 -1.154453 -9.676270
v -9.612427 -1.154453 -9.682251
v -9.446228 -1.154453 -9.679565
v -9.290161 -1.154453 -9.667358
v -9.134949 -1.154453 -9.646729
v -8.978943 -1.154453 -9.617554
v -8.820129 -1.154453 -9.580444
v -8.658875 -1.154453 -9.536011
v -8.497070 -1.154453 -9.485474
v -8.341797 -1.154453 -9.430664
v -8.196411 -1.154453 -9.371582
v -8.062805 -1.154453 -9.308472
v -7.947693 -1.154453 -9.244873
v -7.845642 -1.154453 -9.175415
v -7.734497 -1.154453 -9.084839
v -7.603271 -1.154453 -8.968018
v -7.450867 -1.154453 -8.829468
v -7.284851 -1.154453 -8.685303
v -7.123474 -1.154453 -8.551514
v -6.969482 -1.154453 -8.424072
v -6.816162 -1.154453 -8.297241
v -6.662720 -1.154453 -8.170166
v -6.515442 -1.154453 -8.048218
v -6.376465 -1.154453 -7.928589
v -6.229614 -1.154453 -7.797119
v -6.063538 -1.154453 -7.651978
v -5.873901 -1.154453 -7.498169
v -5.657898 -1.154453 -7.346191
v -5.431458 -1.154453 -7.213501
v -5.213379 -1.154453 -7.104004
v -5.009583 -1.154453 -7.011841
v -4.824280 -1.154453 -6.931641
v -4.649597 -1.154453 -6.853638
v -4.467163 -1.154453 -6.770508
v -4.279297 -1.154453 -6.687134
v -4.094055 -1.154453 -6.605591
v -3.910828 -1.154453 -6.525391
v -3.739746 -1.154453 -6.450195
v -3.578857 -1.154453 -6.373901
v -3.403442 -1.154453 -6.285278
v -3.198181 -1.154453 -6.185059
v -2.959167 -1.154453 -6.083252
v -2.687317 -1.154453 -5.995361
v -2.407898 -1.154453 -5.938232
v -2.150391 -1.154453 -5.909058
v -1.921814 -1.154453 -5.895264
v -1.722595 -1.154453 -5.886475
v -1.541443 -1.154453 -5.874878
v -1.353821 -1.154453 -5.858276
v -1.152466 -1.154453 -5.839966
v -0.945007 -1.154453 -5.822754
v -0.733154 -1.154453 -5.807617
v -0.517212 -1.154453 -5.795898
v -0.307922 -1.154453 -5.788818
v -0.109131 -1.154453 -5.785889
v 0.087769 -1.154453 -5.785522
v 0.294067 -1.154453 -5.786499
v 0.524902 -1.154453 -5.787354
v 0.797607 -1.154453 -5.789185
v 1.102600 -1.154453 -5.792358
v 1.416748 -1.154453 -5.796387
v 1.719055 -1.154453 -5.799683
v 1.988037 -1.154453 -5.801392
v 2.219604 -1.154453 -5.800537
v 2.433472 -1.154453 -5.797729
v 2.639465 -1.154453 -5.794800
v 2.846863 -1.154453 -5.792480
v 3.060669 -1.154453 -5.793091
v 3.274048 -1.154453 -5.795532
v 3.485657 -1.154453 -5.799194
v 3.699280 -1.154453 -5.804810
v 3.917786 -1.154453 -5.814087
v 4.143433 -1.154453 -5.828979
v 4.371765 -1.154453 -5.851807
v 4.590027 -1.154453 -5.880493
v 4.790283 -1.154453 -5.909668
v 4.973694 -1.154453 -5.935059
v 5.143738 -1.154453 -5.954224
v 5.312134 -1.154453 -5.966919
v 5.491333 -1.154453 -5.976074
v 5.684937 -1.154453 -5.984619
v 5.894897 -1.154453 -5.995972
v 6.125183 -1.154453 -6.015259
v 6.361816 -1.154453 -6.046875
v 6.580139 -1.154453 -6.084717
v 6.769226 -1.154453 -6.118408
v 6.930847 -1.154453 -6.142090
v 7.081787 -1.154453 -6.153687
v 7.248596 -1.154453 -6.156006
v 7.429260 -1.154453 -6.151733
v 7.607056 -1.154453 -6.140137
v 7.776367 -1.154453 -6.121338
v 7.934021 -1.154453 -6.094849
v 8.086182 -1.154453 -6.060059
v 8.234985 -1.154453 -6.017822
v 8.379272 -1.154453 -5.967896
v 8.520935 -1.154453 -5.910034
v 8.653564 -1.154453 -5.847168
v 8.781250 -1.154453 -5.774658
v 8.918396 -1.154453 -5.683838
v 9.068298 -1.154453 -5.575562
v 9.227173 -1.154453 -5.455078
v 9.388733 -1.154453 -5.332397
v 9.538513 -1.154453 -5.219727
v 9.671692 -1.154453 -5.117310
v 9.794495 -1.154453 -5.018677
v 9.912048 -1.154453 -4.918701
v 10.027222 -1.154453 -4.813965
v 10.142578 -1.154453 -4.699585
v 10.263611 -1.154453 -4.570190
v 10.396179 -1.154453 -4.422974
v 10.541443 -1.154453 -4.262085
v 10.698547 -1.154453 -4.093140
v 10.864319 -1.154453 -3.923462
v 11.030029 -1.154453 -3.758301
v 11.189758 -1.154453 -3.598999
v 11.336914 -1.154453 -3.448853
v 11.469482 -1.154453 -3.306274
v 11.593262 -1.154453 -3.166626
v 11.709656 -1.154453 -3.030884
v 11.816345 -1.154453 -2.900879
v 11.915710 -1.154453 -2.772217
v 12.010742 -1.154453 -2.639893
v 12.103943 -1.154453 -2.499390
v 12.196594 -1.154453 -2.348877
v 12.288452 -1.154453 -2.190796
v 12.379028 -1.154453 -2.027344
v 12.466553 -1.154453 -1.864502
v 12.547668 -1.154453 -1.708374
v 12.622314 -1.154453 -1.557861
v 12.693115 -1.154453 -1.407471
v 12.762268 -1.154453 -1.252686
v 12.830994 -1.154453 -1.090698
v 12.899353 -1.154453 -0.920166
v 12.967102 -1.154453 -0.741333
v 13.034180 -1.154453 -0.555542
v 13.100708 -1.154453 -0.364380
v 13.167053 -1.154453 -0.168457
v 13.235596 -1.154453 0.032227
v 13.302612 -1.154453 0.228271
v 13.361755 -1.154453 0.410156
v 13.409424 -1.154453 0.575317
v 13.443237 -1.154453 0.720825
v 13.464661 -1.154453 0.856689
v 13.478210 -1.154453 0.999023
v 13.486694 -1.154453 1.158325
v 13.492981 -1.154453 1.338379
v 13.500610 -1.154453 1.535889
v 13.510803 -1.154453 1.736694
v 13.520203 -1.154453 1.929199
v 13.526306 -1.154453 2.111206
v 13.526978 -1.154453 2.281128
v 13.520447 -1.154453 2.440918
v 13.505615 -1.154453 2.601807
v 13.483398 -1.154453 2.770020
v 13.454651 -1.154453 2.944336
v 13.420471 -1.154453 3.123901
v 13.382263 -1.154453 3.306641
v 13.341553 -1.154453 3.488770
v 13.298523 -1.154453 3.666016
v 13.252563 -1.154453 3.836182
v 13.203125 -1.154453 3.999512
v 13.150452 -1.154453 4.152466
v 13.092285 -1.154453 4.298706
v 13.025879 -1.154453 4.446533
v 12.950317 -1.154453 4.602173
v 12.866577 -1.154453 4.766968
v 12.775146 -1.154453 4.944336
v 12.681946 -1.154453 5.129272
v 12.592834 -1.154453 5.306396
v 12.508484 -1.154453 5.466187
v 12.428650 -1.154453 5.603394
v 12.353271 -1.154453 5.715088
v 12.271423 -1.154453 5.814697
v 12.169922 -1.154453 5.921265
v 12.045105 -1.154453 6.041504
v 11.899719 -1.154453 6.177979
v 11.746521 -1.154453 6.326538
v 11.601318 -1.154453 6.472534
v 11.463074 -1.154453 6.611084
v 11.326294 -1.154453 6.746704
v 11.190552 -1.154453 6.878906
v 11.054932 -1.154453 7.007812
v 10.917847 -1.154453 7.133911
v 10.776245 -1.154453 7.260498
v 10.629517 -1.154453 7.389404
v 10.478210 -1.154453 7.522095
v 10.323181 -1.154453 7.659180
v 10.167969 -1.154453 7.800171
v 10.018982 -1.154453 7.937622
v 9.877869 -1.154453 8.066772
v 9.744934 -1.154453 8.184204
v 9.613220 -1.154453 8.292969
v 9.476074 -1.154453 8.400024
v 9.338623 -1.154453 8.503296
v 9.204041 -1.154453 8.598511
v 9.072510 -1.154453 8.685303
v 8.941040 -1.154453 8.763916
v 8.805176 -1.154453 8.836914
v 8.663330 -1.154453 8.905762
v 8.512146 -1.154453 8.972534
v 8.350586 -1.154453 9.038574
v 8.182495 -1.154453 9.102905
v 8.006531 -1.154453 9.164917
v 7.819214 -1.154453 9.224976
v 7.621887 -1.154453 9.283813
v 7.421814 -1.154453 9.340454
v 7.224976 -1.154453 9.394043
v 7.036926 -1.154453 9.444214
v 6.861084 -1.154453 9.489746
v 6.693726 -1.154453 9.529541
v 6.530579 -1.154453 9.564331
v 6.361572 -1.154453 9.594360
v 6.181213 -1.154453 9.622070
v 5.998291 -1.154453 9.646362
v 5.818787 -1.154453 9.665283
v 5.644165 -1.154453 9.677612
v 5.476562 -1.154453 9.682251
v 5.307007 -1.154453 9.677856
v 5.124268 -1.154453 9.664795
v 4.928650 -1.154453 9.644775
v 4.724243 -1.154453 9.620605
v 4.524353 -1.154453 9.596069
v 4.339294 -1.154453 9.570923
v 4.158630 -1.154453 9.542114
v 3.968384 -1.154453 9.509521
v 3.766785 -1.154453 9.476318
v 3.556274 -1.154453 9.445312
v 3.345276 -1.154453 9.418823
v 3.140686 -1.154453 9.395752
v 2.940186 -1.154453 9.374268
v 2.745728 -1.154453 9.353882
v 2.551880 -1.154453 9.332153
v 2.354431 -1.154453 9.310425
v 2.160522 -1.154453 9.289917
v 1.976135 -1.154453 9.269409
v 1.802490 -1.154453 9.247437
v 1.633545 -1.154453 9.220581
v 1.459839 -1.154453 9.188110
v 1.283020 -1.154453 9.151367
v 1.107605 -1.154453 9.111084
v 0.936096 -1.154453 9.067383
v 0.770691 -1.154453 9.020264
v 0.607056 -1.154453 8.967407
v 0.440979 -1.154453 8.908203
v 0.267517 -1.154453 8.841553
v 0.085571 -1.154453 8.769531
v -0.099487 -1.154453 8.695923
v -0.281921 -1.154453 8.623169
v -0.459778 -1.154453 8.550781
v -0.635681 -1.154453 8.477295
v -0.810608 -1.154453 8.401855
v -0.980713 -1.154453 8.326050
v -1.147583 -1.154453 8.246826
v -1.321594 -1.154453 8.159302
v -1.508423 -1.154453 8.063843
v -1.707275 -1.154453 7.965088
v -1.917297 -1.154453 7.867554
v -2.128418 -1.154453 7.779785
v -2.326416 -1.154453 7.704468
v -2.506592 -1.154453 7.638306
v -2.668640 -1.154453 7.576538
v -2.821106 -1.154453 7.512451
v -2.979919 -1.154453 7.437866
v -3.149536 -1.154453 7.353271
v -3.326904 -1.154453 7.261230
v -3.508118 -1.154453 7.166504
v -3.687988 -1.154453 7.072510
v -3.861450 -1.154453 6.983398
v -4.026306 -1.154453 6.898682
v -4.184448 -1.154453 6.816406
v -4.337463 -1.154453 6.735107
v -4.493530 -1.154453 6.648682
v -4.656677 -1.154453 6.557739
v -4.814636 -1.154453 6.469604
v -4.959900 -1.154453 6.385376
v -5.093201 -1.154453 6.302124
v -5.221497 -1.154453 6.212891
v -5.355408 -1.154453 6.110229
v -5.494019 -1.154453 5.996826
v -5.632629 -1.154453 5.875122
v -5.770020 -1.154453 5.747314
v -5.896057 -1.154453 5.622681
v -6.011597 -1.154453 5.494629
v -6.134399 -1.154453 5.342773
v -6.275452 -1.154453 5.162964
v -6.437927 -1.154453 4.964966
v -6.623108 -1.154453 4.764160
v -6.816040 -1.154453 4.584473
v -6.998901 -1.154453 4.432495
v -7.167847 -1.154453 4.301025
v -7.319580 -1.154453 4.185059
v -7.464294 -1.154453 4.069702
v -7.617615 -1.154453 3.944946
v -7.772949 -1.154453 3.820312
v -7.919617 -1.154453 3.700928
v -8.055847 -1.154453 3.586182
v -8.181091 -1.154453 3.473755
v -8.301453 -1.154453 3.356445
v -8.425049 -1.154453 3.227905
v -8.555115 -1.154453 3.087891
v -8.691833 -1.154453 2.939575
v -8.833984 -1.154453 2.787964
v -8.974670 -1.154453 2.640625
v -9.112671 -1.154453 2.495972
v -9.250671 -1.154453 2.351562
v -9.388550 -1.154453 2.207031
v -9.529480 -1.154453 2.059448
v -9.674133 -1.154453 1.910522
v -9.816467 -1.154453 1.766968
v -9.949890 -1.154453 1.630859
v -10.072327 -1.154453 1.501587
v -10.184692 -1.154453 1.375000
v -10.292480 -1.154453 1.243774
v -10.401672 -1.154453 1.102295
v -10.513062 -1.154453 0.952393
v -10.627319 -1.154453 0.795288
v -10.743469 -1.154453 0.635132
v -10.857727 -1.154453 0.476807
v -10.969421 -1.154453 0.319214
v -11.081604 -1.154453 0.158813
v -11.194885 -1.154453 -0.004150
v -11.310303 -1.154453 -0.170288
v -11.428223 -1.154453 -0.337524
v -11.543640 -1.154453 -0.499756
v -11.653442 -1.154453 -0.655884
v -11.756104 -1.154453 -0.806641
v -11.850952 -1.154453 -0.953491
v -11.940430 -1.154453 -1.102661
v -12.029907 -1.154453 -1.261353
v -12.121765 -1.154453 -1.429688
v -12.217468 -1.154453 -1.606689
v -12.318604 -1.154453 -1.790527
v -12.422791 -1.154453 -1.972900
v -12.524414 -1.154453 -2.147827
v -12.619934 -1.154453 -2.313232
v -12.707153 -1.154453 -2.470703
v -12.788025 -1.154453 -2.627197
v -12.867004 -1.154453 -2.789307
v -12.943237 -1.154453 -2.951782
v -13.012146 -1.154453 -3.108887
v -13.073242 -1.154453 -3.261475
v -13.125671 -1.154453 -3.410156
v -13.170227 -1.154453 -3.561646
v -13.210571 -1.154453 -3.726562
v -13.249207 -1.154453 -3.907349
v -13.288208 -1.154453 -4.102051
v -13.329590 -1.154453 -4.307251
v -13.373535 -1.154453 -4.512451
v -13.415649 -1.154453 -4.706055
v -13.452209 -1.154453 -4.886841
v -13.480896 -1.154453 -5.055420
v -13.501099 -1.154453 -5.222412
v -13.515198 -1.154453 -5.400635
v -13.524536 -1.154453 -5.584839
v -13.526917 -1.154453 -5.763550
v -13.521545 -1.154453 -5.934082
v -13.507324 -1.154453 -6.098267
v -13.483459 -1.154453 -6.265137
v -13.450928 -1.154453 -6.435913
v -13.410461 -1.154453 -6.603394
v -13.362976 -1.154453 -6.763794
v -13.310974 -1.154453 -6.909912
v -13.252441 -1.154453 -7.043701
v -13.181519 -1.154453 -7.180054
v -13.097717 -1.154453 -7.323364
v -13.002319 -1.154453 -7.473511
v -12.901978 -1.154453 -7.625366
v -12.803528 -1.154453 -7.768066
v -12.704712 -1.154453 -7.901855
v -12.601501 -1.154453 -8.032471
v -12.492310 -1.154453 -8.162720
v -12.377380 -1.154453 -8.292969
v -12.258301 -1.154453 -8.421265
v -12.134949 -1.154453 -8.547241
v -12.008484 -1.154453 -8.670166
v -11.877991 -1.154453 -8.789429
v -11.737549 -1.154453 -8.910889
v -11.586731 -1.154453 -9.037842
v -11.436951 -1.154453 -9.160889
v -11.298096 -1.154453 -9.267944
v -11.175110 -1.154453 -9.352295
v -11.065552 -1.154453 -9.414307
v -10.954712 -1.154453 -9.462891
v -10.829956 -1.154453 -9.505737
v -10.688110 -1.154453 -9.543945
v -10.527161 -1.154453 -9.578857
v -10.351746 -1.154453 -9.611206
v -10.168945 -1.154453 -9.639526
v -9.980896 -1.154453 -9.661377
v -9.792908 -1.154453 -9.676270
v -9.612427 -1.154453 -9.682251
v -9.446228 -1.154453 -9.679565
v -9.290161 -1.154453 -9.667358
v -9.134949 -1.154453 -9.646729
v -8.978943 -1.154453 -9.617554
v -8.820129 -1.154453 -9.580444
v -8.658875 -1.154453 -9.536011
v -8.497070 -1.154453 -9.485474
v -8.341797 -1.154453 -9.430664
v -8.196411 -1.154453 -9.371582
v -8.062805 -1.154453 -9.308472
v -7.947693 -1.154453 -9.244873
v -7.845642 -1.154453 -9.175415
v -7.734497 -1.154453 -9.084839
v -7.603271 -1.154453 -8.968018
v -7.450867 -1.154453 -8.829468
v -7.284851 -1.154453 -8.685303
v -7.123474 -1.154453 -8.551514
v -6.969482 -1.154453 -8.424072
v -6.816162 -1.154453 -8.297241
v -6.662720 -1.154453 -8.170166
v -6.515442 -1.154453 -8.048218
v -6.376465 -1.154453 -7.928589
v -6.229614 -1.154453 -7.797119
v -6.063538 -1.154453 -7.651978
v -5.873901 -1.154453 -7.498169
v -5.657898 -1.154453 -7.346191
v -5.431458 -1.154453 -7.213501
v -5.213379 -1.154453 -7.104004
v -5.009583 -1.154453 -7.011841
v -4.824280 -1.154453 -6.931641
v -4.649597 -1.154453 -6.853638
v -4.467163 -1.154453 -6.770508
v -4.279297 -1.154453 -6.687134
v -4.094055 -1.154453 -6.605591
v -3.910828 -1.154453 -6.525391
v -3.739746 -1.154453 -6.450195
v -3.578857 -1.154453 -6.373901
v -3.403442 -1.154453 -6.285278
v -3.198181 -1.154453 -6.185059
v -2.959167 -1.154453 -6.083252
v -2.687317 -1.154453 -5.995361
v -2.407898 -1.154453 -5.938232
v -2.150391 -1.154453 -5.909058
v -1.921814 -1.154453 -5.895264
v -1.722595 -1.154453 -5.886475
v -1.541443 -1.154453 -5.874878
v -1.353821 -1.154453 -5.858276
v -1.152466 -1.154453 -5.839966
v -0.945007 -1.154453 -5.822754
v -0.733154 -1.154453 -5.807617
v -0.517212 -1.154453 -5.795898
v -0.307922 -1.154453 -5.788818
v -0.109131 -1.154453 -5.785889
v 0.087769 -1.154453 -5.785522
v 0.294067 -1.154453 -5.786499
v 0.524902 -1.154453 -5.787354
v 0.797607 -1.154453 -5.789185
v 1.102600 -1.154453 -5.792358
v 1.416748 -1.154453 -5.796387
v 1.719055 -1.154453 -5.799683
v -13.386902 -1.154453 -6.542236
v -13.386902 -1.154453 -6.042236
v -13.386902 -1.154453 -5.542236
v -13.386902 -1.154453 -5.042236
v -12.886902 -1.154453 -7.542236
v -12.886902 -1.154453 -7.042236
v -12.886902 -1.154453 -6.542236
v -12.886902 -1.154453 -6.042236
v -12.886902 -1.154453 -5.542236
v -12.886902 -1.154453 -5.042236
v -12.886902 -1.154453 -4.542236
v -12.886902 -1.154453 -4.042236
v -12.886902 -1.154453 -3.542236
v -12.886902 -1.154453 -3.042236
v -12.386902 -1.154453 -8.042236
v -12.386902 -1.154453 -7.542236
v -12.386902 -1.154453 -7.042236
v -12.386902 -1.154453 -6.542236
v -12.386902 -1.154453 -6.042236
v -12.386902 -1.154453 -5.542236
v -12.386902 -1.154453 -5.042236
v -12.386902 -1.154453 -4.542236
v -12.386902 -1.154453 -4.042236
v -12.386902 -1.154453 -3.542236
v -12.386902 -1.154453 -3.042236
v -12.386902 -1.154453 -2.542236
v -12.386902 -1.154453 -2.042236
v -11.886902 -1.154453 -8.542236
v -11.886902 -1.154453 -8.042236
v -11.886902 -1.154453 -7.542236
v -11.886902 -1.154453 -7.042236
v -11.886902 -1.154453 -6.542236
v -11.886902 -1.154453 -6.042236
v -11.886902 -1.154453 -5.542236
v -11.886902 -1.154453 -5.042236
v -11.886902 -1.154453 -4.542236
v -11.886902 -1.154453 -4.042236
v -11.886902 -1.154453 -3.542236
v -11.886902 -1.154453 -3.042236
v -11.886902 -1.154453 -2.542236
v -11.886902 -1.154453 -2.042236
v -11.886902 -1.154453 -1.542236
v -11.886902 -1.154453 -1.042236
v -11.386902 -1.154453 -9.042236
v -11.386902 -1.154453 -8.542236
v -11.386902 -1.154453 -8.042236
v -11.386902 -1.154453 -7.542236
v -11.386902 -1.154453 -7.042236
v -11.386902 -1.154453 -6.542236
v -11.386902 -1.154453 -6.042236
v -11.386902 -1.154453 -5.542236
v -11.386902 -1.154453 -5.042236
v -11.386902 -1.154453 -4.542236
v -11.386902 -1.154453 -4.042236
v -11.386902 -1.154453 -3.542236
v -11.386902 -1.154453 -3.042236
v -11.386902 -1.154453 -2.542236
v -11.386902 -1.154453 -2.042236
v -11.386902 -1.154453 -1.542236
v -11.386902 -1.154453 -1.042236
v -11.386902 -1.154453 -0.542236
v -10.886902 -1.154453 -9.042236
v -10.886902 -1.154453 -8.542236
v -10.886902 -1.154453 -8.042236
v -10.886902 -1.154453 -7.542236
v -10.886902 -1.154453 -7.042236
v -10.886902 -1.154453 -6.542236
v -10.886902 -1.154453 -6.042236
v -10.886902 -1.154453 -5.542236
v -10.886902 -1.154453 -5.042236
v -10.886902 -1.154453 -4.542236
v -10.886902 -1.154453 -4.042236
v -10.886902 -1.154453 -3.542236
v -10.886902 -1.154453 -3.042236
v -10.886902 -1.154453 -2.542236
v -10.886902 -1.154453 -2.042236
v -10.886902 -1.154453 -1.542236
v -10.886902 -1.154453 -1.042236
v -10.886902 -1.154453 -0.542236
v -10.886902 -1.154453 -0.042236
v -10.386902 -1.154453 -9.542236
v -10.386902 -1.154453 -9.042236
v -10.386902 -1.154453 -8.542236
v -10.386902 -1.154453 -8.042236
v -10.386902 -1.154453 -7.542236
v -10.386902 -1.154453 -7.042236
v -10.386902 -1.154453 -6.542236
v -10.386902 -1.154453 -6.042236
v -10.386902 -1.154453 -5.542236
v -10.386902 -1.154453 -5.042236
v -10.386902 -1.154453 -4.542236
v -10.386902 -1.154453 -4.042236
v -10.386902 -1.154453 -3.542236
v -10.386902 -1.154453 -3.042236
v -10.386902 -1.154453 -2.542236
v -10.386902 -1.154453 -2.042236
v -10.386902 -1.154453 -1.542236
v -10.386902 -1.154453 -1.042236
v -10.386902 -1.154453 -0.542236
v -10.386902 -1.154453 -0.042236
v -10.386902 -1.154453 0.457764
v -10.386902 -1.154453 0.957764
v -9.886902 -1.154453 -9.542236
v -9.886902 -1.154453 -9.042236
v -9.886902 -1.154453 -8.542236
v -9.886902 -1.154453 -8.042236
v -9.886902 -1.154453 -7.542236
v -9.886902 -1.154453 -7.042236
v -9.886902 -1.154453 -6.542236
v -9.886902 -1.154453 -6.042236
v -9.886902 -1.154453 -5.542236
v -9.886902 -1.154453 -5.042236
v -9.886902 -1.154453 -4.542236
v -9.886902 -1.154453 -4.042236
v -9.886902 -1.154453 -3.542236
v -9.886902 -1.154453 -3.042236
v -9.886902 -1.154453 -2.542236
v -9.886902 -1.154453 -2.042236
v -9.886902 -1.154453 -1.542236
v -9.886902 -1.154453 -1.042236
v -9.886902 -1.154453 -0.542236
v -9.886902 -1.154453 -0.042236
v -9.886902 -1.154453 0.457764
v -9.886902 -1.154453 0.957764
v -9.886902 -1.154453 1.457764
v -9.386902 -1.154453 -9.542236
v -9.386902 -1.154453 -9.042236
v -9.386902 -1.154453 -8.542236
v -9.386902 -1.154453 -8.042236
v -9.386902 -1.154453 -7.542236
v -9.386902 -1.154453 -7.042236
v -9.386902 -1.154453 -6.542236
v -9.386902 -1.154453 -6.042236
v -9.386902 -1.154453 -5.542236
v -9.386902 -1.154453 -5.042236
v -9.386902 -1.154453 -4.542236
v -9.386902 -1.154453 -4.042236
v -9.386902 -1.154453 -3.542236
v -9.386902 -1.154453 -3.042236
v -9.386902 -1.154453 -2.542236
v -9.386902 -1.154453 -2.042236
v -9.386902 -1.154453 -1.542236
v -9.386902 -1.154453 -1.042236
v -9.386902 -1.154453 -0.542236
v -9.386902 -1.154453 -0.042236
v -9.386902 -1.154453 0.457764
v -9.386902 -1.154453 0.957764
v -9.386902 -1.154453 1.457764
v -9.386902 -1.154453 1.957764
v -8.886902 -1.154453 -9.542236
v -8.886902 -1.154453 -9.042236
v -8.886902 -1.154453 -8.542236
v -8.886902 -1.154453 -8.042236
v -8.886902 -1.154453 -7.542236
v -8.886902 -1.154453 -7.042236
v -8.886902 -1.154453 -6.542236
v -8.886902 -1.154453 -6.042236
v -8.886902 -1.154453 -5.542236
v -8.886902 -1.154453 -5.042236
v -8.886902 -1.154453 -4.542236
v -8.886902 -1.154453 -4.042236
v -8.886902 -1.154453 -3.542236
v -8.886902 -1.154453 -3.042236
v -8.886902 -1.154453 -2.542236
v -8.886902 -1.154453 -2.042236
v -8.886902 -1.154453 -1.542236
v -8.886902 -1.154453 -1.042236
v -8.886902 -1.154453 -0.542236
v -8.886902 -1.154453 -0.042236
v -8.886902 -1.154453 0.457764
v -8.886902 -1.154453 0.957764
v -8.886902 -1.154453 1.457764
v -8.886902 -1.154453 1.957764
v -8.886902 -1.154453 2.457764
v -8.386902 -1.154453 -9.042236
v -8.386902 -1.154453 -8.542236
v -8.386902 -1.154453 -8.042236
v -8.386902 -1.154453 -7.542236
v -8.386902 -1.154453 -7.042236
v -8.386902 -1.154453 -6.542236
v -8.386902 -1.154453 -6.042236
v -8.386902 -1.154453 -5.542236
v -8.386902 -1.154453 -5.042236
v -8.386902 -1.154453 -4.542236
v -8.386902 -1.154453 -4.042236
v -8.386902 -1.154453 -3.542236
v -8.386902 -1.154453 -3.042236
v -8.386902 -1.154453 -2.542236
v -8.386902 -1.154453 -2.042236
v -8.386902 -1.154453 -1.542236
v -8.386902 -1.154453 -1.042236
v -8.386902 -1.154453 -0.542236
v -8.386902 -1.154453 -0.042236
v -8.386902 -1.154453 0.457764
v -8.386902 -1.154453 0.957764
v -8.386902 -1.154453 1.457764
v -8.386902 -1.154453 1.957764
v -8.386902 -1.154453 2.457764
v -8.386902 -1.154453 2.957764
v -7.886902 -1.154453 -9.042236
v -7.886902 -1.154453 -8.542236
v -7.886902 -1.154453 -8.042236
v -7.886902 -1.154453 -7.542236
v -7.886902 -1.154453 -7.042236
v -7.886902 -1.154453 -6.542236
v -7.886902 -1.154453 -6.042236
v -7.886902 -1.154453 -5.542236
v -7.886902 -1.154453 -5.042236
v -7.886902 -1.154453 -4.542236
v -7.886902 -1.154453 -4.042236
v -7.886902 -1.154453 -3.542236
v -7.886902 -1.154453 -3.042236
v -7.886902 -1.154453 -2.542236
v -7.886902 -1.154453 -2.042236
v -7.886902 -1.154453 -1.542236
v -7.886902 -1.154453 -1.042236
v -7.886902 -1.154453 -0.542236
v -7.886902 -1.154453 -0.042236
v -7.886902 -1.154453 0.457764
v -7.886902 -1.154453 0.957764
v -7.886902 -1.154453 1.457764
v -7.886902 -1.154453 1.957764
v -7.886902 -1.154453 2.457764
v -7.886902 -1.154453 2.957764
v -7.886902 -1.154453 3.457764
v -7.386902 -1.154453 -8.542236
v -7.386902 -1.154453 -8.042236
v -7.386902 -1.154453 -7.542236
v -7.386902 -1.154453 -7.042236
v -7.386902 -1.154453 -6.542236
v -7.386902 -1.154453 -6.042236
v -7.386902 -1.154453 -5.542236
v -7.386902 -1.154453 -5.042236
v -7.386902 -1.154453 -4.542236
v -7.386902 -1.154453 -4.042236
v -7.386902 -1.154453 -3.542236
v -7.386902 -1.154453 -3.042236
v -7.386902 -1.154453 -2.542236
v -7.386902 -1.154453 -2.042236
v -7.386902 -1.154453 -1.542236
v -7.386902 -1.154453 -1.042236
v -7.386902 -1.154453 -0.542236
v -7.386902 -1.154453 -0.042236
v -7.386902 -1.154453 0.457764
v -7.386902 -1.154453 0.957764
v -7.386902 -1.154453 1.457764
v -7.386902 -1.154453 1.957764
v -7.386902 -1.154453 2.457764
v -7.386902 -1.154453 2.957764
v -7.386902 -1.154453 3.457764
v -7.386902 -1.154453 3.957764
v -6.886902 -1.154453 -8.042236
v -6.886902 -1.154453 -7.542236
v -6.886902 -1.154453 -7.042236
v -6.886902 -1.154453 -6.542236
v -6.886902 -1.154453 -6.042236
v -6.886902 -1.154453 -5.542236
v -6.886902 -1.154453 -5.042236
v -6.886902 -1.154453 -4.542236
v -6.886902 -1.154453 -4.042236
v -6.886902 -1.154453 -3.542236
v -6.886902 -1.154453 -3.042236
v -6.886902 -1.154453 -2.542236
v -6.886902 -1.154453 -2.042236
v -6.886902 -1.154453 -1.542236
v -6.886902 -1.154453 -1.042236
v -6.886902 -1.154453 -0.542236
v -6.886902 -1.154453 -0.042236
v -6.886902 -1.154453 0.457764
v -6.886902 -1.154453 0.957764
v -6.886902 -1.154453 1.457764
v -6.886902 -1.154453 1.957764
v -6.886902 -1.154453 2.457764
v -6.886902 -1.154453 2.957764
v -6.886902 -1.154453 3.457764
v -6.886902 -1.154453 3.957764
v -6.886902 -1.154453 4.457764
v -6.386902 -1.154453 -7.542236
v -6.386902 -1.154453 -7.042236
v -6.386902 -1.154453 -6.542236
v -6.386902 -1.154453 -6.042236
v -6.386902 -1.154453 -5.542236
v -6.386902 -1.154453 -5.042236
v -6.386902 -1.154453 -4.542236
v -6.386902 -1.154453 -4.042236
v -6.386902 -1.154453 -3.542236
v -6.386902 -1.154453 -3.042236
v -6.386902 -1.154453 -2.542236
v -6.386902 -1.154453 -2.042236
v -6.386902 -1.154453 -1.542236
v -6.386902 -1.154453 -1.042236
v -6.386902 -1.154453 -0.542236
v -6.386902 -1.154453 -0.042236
v -6.386902 -1.154453 0.457764
v -6.386902 -1.154453 0.957764
v -6.386902 -1.154453 1.457764
v -6.386902 -1.154453 1.957764
v -6.386902 -1.154453 2.457764
v -6.386902 -1.154453 2.957764
v -6.386902 -1.154453 3.457764
v -6.386902 -1.154453 3.957764
v -6.386902 -1.154453 4.457764
v -6.386902 -1.154453 4.957764
v -5.886902 -1.154453 -7.042236
v -5.886902 -1.154453 -6.542236
v -5.886902 -1.154453 -6.042236
v -5.886902 -1.154453 -5.542236
v -5.886902 -1.154453 -5.042236
v -5.886902 -1.154453 -4.542236
v -5.886902 -1.154453 -4.042236
v -5.886902 -1.154453 -3.542236
v -5.886902 -1.154453 -3.042236
v -5.886902 -1.154453 -2.542236
v -5.886902 -1.154453 -2.042236
v -5.886902 -1.154453 -1.542236
v -5.886902 -1.154453 -1.042236
v -5.886902 -1.154453 -0.542236
v -5.886902 -1.154453 -0.042236
v -5.886902 -1.154453 0.457764
v -5.886902 -1.154453 0.957764
v -5.886902 -1.154453 1.457764
v -5.886902 -1.154453 1.957764
v -5.886902 -1.154453 2.457764
v -5.886902 -1.154453 2.957764
v -5.886902 -1.154453 3.457764
v -5.886902 -1.154453 3.957764
v -5.886902 -1.154453 4.457764
v -5.886902 -1.154453 4.957764
v -5.886902 -1.154453 5.457764
v -5.386902 -1.154453 -7.042236
v -5.386902 -1.154453 -6.542236
v -5.386902 -1.154453 -6.042236
v -5.386902 -1.154453 -5.542236
v -5.386902 -1.154453 -5.042236
v -5.386902 -1.154453 -4.542236
v -5.386902 -1.154453 -4.042236
v -5.386902 -1.154453 -3.542236
v -5.386902 -1.154453 -3.042236
v -5.386902 -1.154453 -2.542236
v -5.386902 -1.154453 -2.042236
v -5.386902 -1.154453 -1.542236
v -5.386902 -1.154453 -1.042236
v -5.386902 -1.154453 -0.542236
v -5.386902 -1.154453 -0.042236
v -5.386902 -1.154453 0.457764
v -5.386902 -1.154453 0.957764
v -5.386902 -1.154453 1.457764
v -5.386902 -1.154453 1.957764
v -5.386902 -1.154453 2.457764
v -5.386902 -1.154453 2.957764
v -5.386902 -1.154453 3.457764
v -5.386902 -1.154453 3.957764
v -5.386902 -1.154453 4.457764
v -5.386902 -1.154453 4.957764
v -5.386902 -1.154453 5.457764
v -5.386902 -1.154453 5.957764
v -4.886902 -1.154453 -6.542236
v -4.886902 -1.154453 -6.042236
v -4.886902 -1.154453 -5.542236
v -4.886902 -1.154453 -5.042236
v -4.886902 -1.154453 -4.542236
v -4.886902 -1.154453 -4.042236
v -4.886902 -1.154453 -3.542236
v -4.886902 -1.154453 -3.042236
v -4.886902 -1.154453 -2.542236
v -4.886902 -1.154453 -2.042236
v -4.886902 -1.154453 -1.542236
v -4.886902 -1.154453 -1.042236
v -4.886902 -1.154453 -0.542236
v -4.886902 -1.154453 -0.042236
v -4.886902 -1.154453 0.457764
v -4.886902 -1.154453 0.957764
v -4.886902 -1.154453 1.457764
v -4.886902 -1.154453 1.957764
v -4.886902 -1.154453 2.457764
v -4.886902 -1.154453 2.957764
v -4.886902 -1.154453 3.457764
v -4.886902 -1.154453 3.957764
v -4.886902 -1.154453 4.457764
v -4.886902 -1.154453 4.957764
v -4.886902 -1.154453 5.457764
v -4.886902 -1.154453 5.957764
v -4.386902 -1.154453 -6.542236
v -4.386902 -1.154453 -6.042236
v -4.386902 -1.154453 -5.542236
v -4.386902 -1.154453 -5.042236
v -4.386902 -1.154453 -4.542236
v -4.386902 -1.154453 -4.042236
v -4.386902 -1.154453 -3.542236
v -4.386902 -1.154453 -3.042236
v -4.386902 -1.154453 -2.542236
v -4.386902 -1.154453 -2.042236
v -4.386902 -1.154453 -1.542236
v -4.386902 -1.154453 -1.042236
v -4.386902 -1.154453 -0.542236
v -4.386902 -1.154453 -0.042236
v -4.386902 -1.154453 0.457764
v -4.386902 -1.154453 0.957764
v -4.386902 -1.154453 1.457764
v -4.386902 -1.154453 1.957764
v -4.386902 -1.154453 2.457764
v -4.386902 -1.154453 2.957764
v -4.386902 -1.154453 3.457764
v -4.386902 -1.154453 3.957764
v -4.386902 -1.154453 4.457764
v -4.386902 -1.154453 4.957764
v -4.386902 -1.154453 5.457764
v -4.386902 -1.154453 5.957764
v -4.386902 -1.154453 6.457764
v -3.886902 -1.154453 -6.042236
v -3.886902 -1.154453 -5.542236
v -3.886902 -1.154453 -5.042236
v -3.886902 -1.154453 -4.542236
v -3.886902 -1.154453 -4.042236
v -3.886902 -1.154453 -3.542236
v -3.886902 -1.154453 -3.042236
v -3.886902 -1.154453 -2.542236
v -3.886902 -1.154453 -2.042236
v -3.886902 -1.154453 -1.542236
v -3.886902 -1.154453 -1.042236
v -3.886902 -1.154453 -0.542236
v -3.886902 -1.154453 -0.042236
v -3.886902 -1.154453 0.457764
v -3.886902 -1.154453 0.957764
v -3.886902 -1.154453 1.457764
v -3.886902 -1.154453 1.957764
v -3.886902 -1.154453 2.457764
v -3.886902 -1.154453 2.957764
v -3.886902 -1.154453 3.457764
v -3.886902 -1.154453 3.957764
v -3.886902 -1.154453 4.457764
v -3.886902 -1.154453 4.957764
v -3.886902 -1.154453 5.457764
v -3.886902 -1.154453 5.957764
v -3.886902 -1.154453 6.457764
v -3.886902 -1.154453 6.957764
v -3.386902 -1.154453 -6.042236
v -3.386902 -1.154453 -5.542236
v -3.386902 -1.154453 -5.042236
v -3.386902 -1.154453 -4.542236
v -3.386902 -1.154453 -4.042236
v -3.386902 -1.154453 -3.542236
v -3.386902 -1.154453 -3.042236
v -3.386902 -1.154453 -2.542236
v -3.386902 -1.154453 -2.042236
v -3.386902 -1.154453 -1.542236
v -3.386902 -1.154453 -1.042236
v -3.386902 -1.154453 -0.542236
v -3.386902 -1.154453 -0.042236
v -3.386902 -1.154453 0.457764
v -3.386902 -1.154453 0.957764
v -3.386902 -1.154453 1.457764
v -3.386902 -1.154453 1.957764
v -3.386902 -1.154453 2.457764
v -3.386902 -1.154453 2.957764
v -3.386902 -1.154453 3.457764
v -3.386902 -1.154453 3.957764
v -3.386902 -1.154453 4.457764
v -3.386902 -1.154453 4.957764
v -3.386902 -1.154453 5.457764
v -3.386902 -1.154453 5.957764
v -3.386902 -1.154453 6.457764
v -3.386902 -1.154453 6.957764
v -2.886902 -1.154453 -6.042236
v -2.886902 -1.154453 -5.542236
v -2.886902 -1.154453 -5.042236
v -2.886902 -1.154453 -4.542236
v -2.886902 -1.154453 -4.042236
v -2.886902 -1.154453 -3.542236
v -2.886902 -1.154453 -3.042236
v -2.886902 -1.154453 -2.542236
v -2.886902 -1.154453 -2.042236
v -2.886902 -1.154453 -1.542236
v -2.886902 -1.154453 -1.042236
v -2.886902 -1.154453 -0.542236
v -2.886902 -1.154453 -0.042236
v -2.886902 -1.154453 0.457764
v -2.886902 -1.154453 0.957764
v -2.886902 -1.154453 1.457764
v -2.886902 -1.154453 1.957764
v -2.886902 -1.154453 2.457764
v -2.886902 -1.154453 2.957764
v -2.886902 -1.154453 3.457764
v -2.886902 -1.154453 3.957764
v -2.886902 -1.154453 4.457764
v -2.886902 -1.154453 4.957764
v -2.886902 -1.154453 5.457764
v -2.886902 -1.154453 5.957764
v -2.886902 -1.154453 6.457764
v -2.886902 -1.154453 6.957764
v -2.886902 -1.154453 7.457764
v -2.386902 -1.154453 -5.542236
v -2.386902 -1.154453 -5.042236
v -2.386902 -1.154453 -4.542236
v -2.386902 -1.154453 -4.042236
v -2.386902 -1.154453 -3.542236
v -2.386902 -1.154453 -3.042236
v -2.386902 -1.154453 -2.542236
v -2.386902 -1.154453 -2.042236
v -2.386902 -1.154453 -1.542236
v -2.386902 -1.154453 -1.042236
v -2.386902 -1.154453 -0.542236
v -2.386902 -1.154453 -0.042236
v -2.386902 -1.154453 0.457764
v -2.386902 -1.154453 0.957764
v -2.386902 -1.154453 1.457764
v -2.386902 -1.154453 1.957764
v -2.386902 -1.154453 2.457764
v -2.386902 -1.154453 2.957764
v -2.386902 -1.154453 3.457764
v -2.386902 -1.154453 3.957764
v -2.386902 -1.154453 4.457764
v -2.386902 -1.154453 4.957764
v -2.386902 -1.154453 5.457764
v -2.386902 -1.154453 5.957764
v -2.386902 -1.154453 6.457764
v -2.386902 -1.154453 6.957764
v -2.386902 -1.154453 7.457764
v -1.886902 -1.154453 -5.542236
v -1.886902 -1.154453 -5.042236
v -1.886902 -1.154453 -4.542236
v -1.886902 -1.154453 -4.042236
v -1.886902 -1.154453 -3.542236
v -1.886902 -1.154453 -3.042236
v -1.886902 -1.154453 -2.542236
v -1.886902 -1.154453 -2.042236
v -1.886902 -1.154453 -1.542236
v -1.886902 -1.154453 -1.042236
v -1.886902 -1.154453 -0.542236
v -1.886902 -1.154453 -0.042236
v -1.886902 -1.154453 0.457764
v -1.886902 -1.154453 0.957764
v -1.886902 -1.154453 1.457764
v -1.886902 -1.154453 1.957764
v -1.886902 -1.154453 2.457764
v -1.886902 -1.154453 2.957764
v -1.886902 -1.154453 3.457764
v -1.886902 -1.154453 3.957764
v -1.886902 -1.154453 4.457764
v -1.886902 -1.154453 4.957764
v -1.886902 -1.154453 5.457764
v -1.886902 -1.154453 5.957764
v -1.886902 -1.154453 6.457764
v -1.886902 -1.154453 6.957764
v -1.886902 -1.154453 7.457764
v -1.386902 -1.154453 -5.542236
v -1.386902 -1.154453 -5.042236
v -1.386902 -1.154453 -4.542236
v -1.386902 -1.154453 -4.042236
v -1.386902 -1.154453 -3.542236
v -1.386902 -1.154453 -3.042236
v -1.386902 -1.154453 -2.542236
v -1.386902 -1.154453 -2.042236
v -1.386902 -1.154453 -1.542236
v -1.386902 -1.154453 -1.042236
v -1.386902 -1.154453 -0.542236
v -1.386902 -1.154453 -0.042236
v -1.386902 -1.154453 0.457764
v -1.386902 -1.154453 0.957764
v -1.386902 -1.154453 1.457764
v -1.386902 -1.154453 1.957764
v -1.386902 -1.154453 2.457764
v -1.386902 -1.154453 2.957764
v -1.386902 -1.154453 3.457764
v -1.386902 -1.154453 3.957764
v -1.386902 -1.154453 4.457764
v -1.386902 -1.154453 4.957764
v -1.386902 -1.154453 5.457764
v -1.386902 -1.154453 5.957764
v -1.386902 -1.154453 6.457764
v -1.386902 -1.154453 6.957764
v -1.386902 -1.154453 7.457764
v -1.386902 -1.154453 7.957764
v -0.886902 -1.154453 -5.542236
v -0.886902 -1.154453 -5.042236
v -0.886902 -1.154453 -4.542236
v -0.886902 -1.154453 -4.042236
v -0.886902 -1.154453 -3.542236
v -0.886902 -1.154453 -3.042236
v -0.886902 -1.154453 -2.542236
v -0.886902 -1.154453 -2.042236
v -0.886902 -1.154453 -1.542236
v -0.886902 -1.154453 -1.042236
v -0.886902 -1.154453 -0.542236
v -0.886902 -1.154453 -0.042236
v -0.886902 -1.154453 0.457764
v -0.886902 -1.154453 0.957764
v -0.886902 -1.154453 1.457764
v -0.886902 -1.154453 1.957764
v -0.886902 -1.154453 2.457764
v -0.886902 -1.154453 2.957764
v -0.886902 -1.154453 3.457764
v -0.886902 -1.154453 3.957764
v -0.886902 -1.154453 4.457764
v -0.886902 -1.154453 4.957764
v -0.886902 -1.154453 5.457764
v -0.886902 -1.154453 5.957764
v -0.886902 -1.154453 6.457764
v -0.886902 -1.154453 6.957764
v -0.886902 -1.154453 7.457764
v -0.886902 -1.154453 7.957764
v -0.386902 -1.154453 -5.542236
v -0.386902 -1.154453 -5.042236
v -0.386902 -1.154453 -4.542236
v -0.386902 -1.154453 -4.042236
v -0.386902 -1.154453 -3.542236
v -0.386902 -1.154453 -3.042236
v -0.386902 -1.154453 -2.542236
v -0.386902 -1.154453 -2.042236
v -0.386902 -1.154453 -1.542236
v -0.386902 -1.154453 -1.042236
v -0.386902 -1.154453 -0.542236
v -0.386902 -1.154453 -0.042236
v -0.386902 -1.154453 0.457764
v -0.386902 -1.154453 0.957764
v -0.386902 -1.154453 1.457764
v -0.386902 -1.154453 1.957764
v -0.386902 -1.154453 2.457764
v -0.386902 -1.154453 2.957764
v -0.386902 -1.154453 3.457764
v -0.386902 -1.154453 3.957764
v -0.386902 -1.154453 4.457764
v -0.386902 -1.154453 4.957764
v -0.386902 -1.154453 5.457764
v -0.386902 -1.154453 5.957764
v -0.386902 -1.154453 6.457764
v -0.386902 -1.154453 6.957764
v -0.386902 -1.154453 7.457764
v -0.386902 -1.154453 7.957764
v -0.386902 -1.154453 8.457764
v 0.113098 -1.154453 -5.542236
v 0.113098 -1.154453 -5.042236
v 0.113098 -1.154453 -4.542236
v 0.113098 -1.154453 -4.042236
v 0.113098 -1.154453 -3.542236
v 0.113098 -1.154453 -3.042236
v 0.113098 -1.154453 -2.542236
v 0.113098 -1.154453 -2.042236
v 0.113098 -1.154453 -1.542236
v 0.113098 -1.154453 -1.042236
v 0.113098 -1.154453 -0.542236
v 0.113098 -1.154453 -0.042236
v 0.113098 -1.154453 0.457764
v 0.113098 -1.154453 0.957764
v 0.113098 -1.154453 1.457764
v 0.113098 -1.154453 1.957764
v 0.113098 -1.154453 2.457764
v 0.113098 -1.154453 2.957764
v 0.113098 -1.154453 3.457764
v 0.113098 -1.154453 3.957764
v 0.113098 -1.154453 4.457764
v 0.113098 -1.154453 4.957764
v 0.113098 -1.154453 5.457764
v 0.113098 -1.154453 5.957764
v 0.113098 -1.154453 6.457764
v 0.113098 -1.154453 6.957764
v 0.113098 -1.154453 7.457764
v 0.113098 -1.154453 7.957764
v 0.113098 -1.154453 8.457764
v 0.613098 -1.154453 -5.542236
v 0.613098 -1.154453 -5.042236
v 0.613098 -1.154453 -4.542236
v 0.613098 -1.154453 -4.042236
v 0.613098 -1.154453 -3.542236
v 0.613098 -1.154453 -3.042236
v 0.613098 -1.154453 -2.542236
v 0.613098 -1.154453 -2.042236
v 0.613098 -1.154453 -1.542236
v 0.613098 -1.154453 -1.042236
v 0.613098 -1.154453 -0.542236
v 0.613098 -1.154453 -0.042236
v 0.613098 -1.154453 0.457764
v 0.613098 -1.154453 0.957764
v 0.613098 -1.154453 1.457764
v 0.613098 -1.154453 1.957764
v 0.613098 -1.154453 2.457764
v 0.613098 -1.154453 2.957764
v 0.613098 -1.154453 3.457764
v 0.613098 -1.154453 3.957764
v 0.613098 -1.154453 4.457764
v 0.613098 -1.154453 4.957764
v 0.613098 -1.154453 5.457764
v 0.613098 -1.154453 5.957764
v 0.613098 -1.154453 6.457764
v 0.613098 -1.154453 6.957764
v 0.613098 -1.154453 7.457764
v 0.613098 -1.154453 7.957764
v 0.613098 -1.154453 8.457764
v 0.613098 -1.154453 8.957764
v 1.113098 -1.154453 -5.542236
v 1.113098 -1.154453 -5.042236
v 1.113098 -1.154453 -4.542236
v 1.113098 -1.154453 -4.042236
v 1.113098 -1.154453 -3.542236
v 1.113098 -1.154453 -3.042236
v 1.113098 -1.154453 -2.542236
v 1.113098 -1.154453 -2.042236
v 1.113098 -1.154453 -1.542236
v 1.113098 -1.154453 -1.042236
v 1.113098 -1.154453 -0.542236
v 1.113098 -1.154453 -0.042236
v 1.113098 -1.154453 0.457764
v 1.113098 -1.154453 0.957764
v 1.113098 -1.154453 1.457764
v 1.113098 -1.154453 1.957764
v 1.113098 -1.154453 2.457764
v 1.113098 -1.154453 2.957764
v 1.113098 -1.154453 3.457764
v 1.113098 -1.154453 3.957764
v 1.113098 -1.154453 4.457764
v 1.113098 -1.154453 4.957764
v 1.113098 -1.154453 5.457764
v 1.113098 -1.154453 5.957764
v 1.113098 -1.154453 6.457764
v 1.113098 -1.154453 6.957764
v 1.113098 -1.154453 7.457764
v 1.113098 -1.154453 7.957764
v 1.113098 -1.154453 8.457764
v 1.113098 -1.154453 8.957764
v 1.613098 -1.154453 -5.542236
v 1.613098 -1.154453 -5.042236
v 1.613098 -1.154453 -4.542236
v 1.613098 -1.154453 -4.042236
v 1.613098 -1.154453 -3.542236
v 1.613098 -1.154453 -3.042236
v 1.613098 -1.154453 -2.542236
v 1.613098 -1.154453 -2.042236
v 1.613098 -1.154453 -1.542236
v 1.613098 -1.154453 -1.042236
v 1.613098 -1.154453 -0.542236
v 1.613098 -1.154453 -0.042236
v 1.613098 -1.154453 0.457764
v 1.613098 -1.154453 0.957764
v 1.613098 -1.154453 1.457764
v 1.613098 -1.154453 1.957764
v 1.613098 -1.154453 2.457764
v 1.613098 -1.154453 2.957764
v 1.613098 -1.154453 3.457764
v 1.613098 -1.154453 3.957764
v 1.613098 -1.154453 4.457764
v 1.613098 -1.154453 4.957764
v 1.613098 -1.154453 5.457764
v 1.613098 -1.154453 5.957764
v 1.613098 -1.154453 6.457764
v 1.613098 -1.154453 6.957764
v 1.613098 -1.154453 7.457764
v 1.613098 -1.154453 7.957764
v 1.613098 -1.154453 8.457764
v 1.613098 -1.154453 8.957764
v 2.113098 -1.154453 -5.542236
v 2.113098 -1.154453 -5.042236
v 2.113098 -1.154453 -4.542236
v 2.113098 -1.154453 -4.042236
v 2.113098 -1.154453 -3.542236
v 2.113098 -1.154453 -3.042236
v 2.113098 -1.154453 -2.542236
v 2.113098 -1.154453 -2.042236
v 2.113098 -1.154453 -1.542236
v 2.113098 -1.154453 -1.042236
v 2.113098 -1.154453 -0.542236
v 2.113098 -1.154453 -0.042236
v 2.113098 -1.154453 0.457764
v 2.113098 -1.154453 0.957764
v 2.113098 -1.154453 1.457764
v 2.113098 -1.154453 1.957764
v 2.113098 -1.154453 2.457764
v 2.113098 -1.154453 2.957764
v 2.113098 -1.154453 3.457764
v 2.113098 -1.154453 3.957764
v 2.113098 -1.154453 4.457764
v 2.113098 -1.154453 4.957764
v 2.113098 -1.154453 5.457764
v 2.113098 -1.154453 5.957764
v 2.113098 -1.154453 6.457764
v 2.113098 -1.154453 6.957764
v 2.113098 -1.154453 7.457764
v 2.113098 -1.154453 7.957764
v 2.113098 -1.154453 8.457764
v 2.113098 -1.154453 8.957764
v 2.613098 -1.154453 -5.542236
v 2.613098 -1.154453 -5.042236
v 2.613098 -1.154453 -4.542236
v 2.613098 -1.154453 -4.042236
v 2.613098 -1.154453 -3.542236
v 2.613098 -1.154453 -3.042236
v 2.613098 -1.154453 -2.542236
v 2.613098 -1.154453 -2.042236
v 2.613098 -1.154453 -1.542236
v 2.613098 -1.154453 -1.042236
v 2.613098 -1.154453 -0.542236
v 2.613098 -1.154453 -0.042236
v 2.613098 -1.154453 0.457764
v 2.613098 -1.154453 0.957764
v 2.613098 -1.154453 1.457764
v 2.613098 -1.154453 1.957764
v 2.613098 -1.154453 2.457764
v 2.613098 -1.154453 2.957764
v 2.613098 -1.154453 3.457764
v 2.613098 -1.154453 3.957764
v 2.613098 -1.154453 4.457764
v 2.613098 -1.154453 4.957764
v 2.613098 -1.154453 5.457764
v 2.613098 -1.154453 5.957764
v 2.613098 -1.154453 6.457764
v 2.613098 -1.154453 6.957764
v 2.613098 -1.154453 7.457764
v 2.613098 -1.154453 7.957764
v 2.613098 -1.154453 8.457764
v 2.613098 -1.154453 8.957764
v 3.113098 -1.154453 -5.542236
v 3.113098 -1.154453 -5.042236
v 3.113098 -1.154453 -4.542236
v 3.113098 -1.154453 -4.042236
v 3.113098 -1.154453 -3.542236
v 3.113098 -1.154453 -3.042236
v 3.113098 -1.154453 -2.542236
v 3.113098 -1.154453 -2.042236
v 3.113098 -1.154453 -1.542236
v 3.113098 -1.154453 -1.042236
v 3.113098 -1.154453 -0.542236
v 3.113098 -1.154453 -0.042236
v 3.113098 -1.154453 0.457764
v 3.113098 -1.154453 0.957764
v 3.113098 -1.154453 1.457764
v 3.113098 -1.154453 1.957764
v 3.113098 -1.154453 2.457764
v 3.113098 -1.154453 2.957764
v 3.113098 -1.154453 3.457764
v 3.113098 -1.154453 3.957764
v 3.113098 -1.154453 4.457764
v 3.113098 -1.154453 4.957764
v 3.113098 -1.154453 5.457764
v 3.113098 -1.154453 5.957764
v 3.113098 -1.154453 6.457764
v 3.113098 -1.154453 6.957764
v 3.113098 -1.154453 7.457764
v 3.113098 -1.154453 7.957764
v 3.113098 -1.154453 8.457764
v 3.113098 -1.154453 8.957764
v 3.613098 -1.154453 -5.542236
v 3.613098 -1.154453 -5.042236
v 3.613098 -1.154453 -4.542236
v 3.613098 -1.154453 -4.042236
v 3.613098 -1.154453 -3.542236
v 3.613098 -1.154453 -3.042236
v 3.613098 -1.154453 -2.542236
v 3.613098 -1.154453 -2.042236
v 3.613098 -1.154453 -1.542236
v 3.613098 -1.154453 -1.042236
v 3.613098 -1.154453 -0.542236
v 3.613098 -1.154453 -0.042236
v 3.613098 -1.154453 0.457764
v 3.613098 -1.154453 0.957764
v 3.613098 -1.154453 1.457764
v 3.613098 -1.154453 1.957764
v 3.613098 -1.154453 2.457764
v 3.613098 -1.154453 2.957764
v 3.613098 -1.154453 3.457764
v 3.613098 -1.154453 3.957764
v 3.613098 -1.154453 4.457764
v 3.613098 -1.154453 4.957764
v 3.613098 -1.154453 5.457764
v 3.613098 -1.154453 5.957764
v 3.613098 -1.154453 6.457764
v 3.613098 -1.154453 6.957764
v 3.613098 -1.154453 7.457764
v 3.613098 -1.154453 7.957764
v 3.613098 -1.154453 8.457764
v 3.613098 -1.154453 8.957764
v 4.113098 -1.154453 -5.542236
v 4.113098 -1.154453 -5.042236
v 4.113098 -1.154453 -4.542236
v 4.113098 -1.154453 -4.042236
v 4.113098 -1.154453 -3.542236
v 4.113098 -1.154453 -3.042236
v 4.113098 -1.154453 -2.542236
v 4.113098 -1.154453 -2.042236
v 4.113098 -1.154453 -1.542236
v 4.113098 -1.154453 -1.042236
v 4.113098 -1.154453 -0.542236
v 4.113098 -1.154453 -0.042236
v 4.113098 -1.154453 0.457764
v 4.113098 -1.154453 0.957764
v 4.113098 -1.154453 1.457764
v 4.113098 -1.154453 1.957764
v 4.113098 -1.154453 2.457764
v 4.113098 -1.154453 2.957764
v 4.113098 -1.154453 3.457764
v 4.113098 -1.154453 3.957764
v 4.113098 -1.154453 4.457764
v 4.113098 -1.154453 4.957764
v 4.113098 -1.154453 5.457764
v 4.113098 -1.154453 5.957764
v 4.113098 -1.154453 6.457764
v 4.113098 -1.154453 6.957764
v 4.113098 -1.154453 7.457764
v 4.113098 -1.154453 7.957764
v 4.113098 -1.154453 8.457764
v 4.113098 -1.154453 8.957764
v 4.113098 -1.154453 9.457764
v 4.613098 -1.154453 -5.542236
v 4.613098 -1.154453 -5.042236
v 4.613098 -1.154453 -4.542236
v 4.613098 -1.154453 -4.042236
v 4.613098 -1.154453 -3.542236
v 4.613098 -1.154453 -3.042236
v 4.613098 -1.154453 -2.542236
v 4.613098 -1.154453 -2.042236
v 4.613098 -1.154453 -1.542236
v 4.613098 -1.154453 -1.042236
v 4.613098 -1.154453 -0.542236
v 4.613098 -1.154453 -0.042236
v 4.613098 -1.154453 0.457764
v 4.613098 -1.154453 0.957764
v 4.613098 -1.154453 1.457764
v 4.613098 -1.154453 1.957764
v 4.613098 -1.154453 2.457764
v 4.613098 -1.154453 2.957764
v 4.613098 -1.154453 3.457764
v 4.613098 -1.154453 3.957764
v 4.613098 -1.154453 4.457764
v 4.613098 -1.154453 4.957764
v 4.613098 -1.154453 5.457764
v 4.613098 -1.154453 5.957764
v 4.613098 -1.154453 6.457764
v 4.613098 -1.154453 6.957764
v 4.613098 -1.154453 7.457764
v 4.613098 -1.154453 7.957764
v 4.613098 -1.154453 8.457764
v 4.613098 -1.154453 8.957764
v 4.613098 -1.154453 9.457764
v 5.113098 -1.154453 -5.542236
v 5.113098 -1.154453 -5.042236
v 5.113098 -1.154453 -4.542236
v 5.113098 -1.154453 -4.042236
v 5.113098 -1.154453 -3.542236
v 5.113098 -1.154453 -3.042236
v 5.113098 -1.154453 -2.542236
v 5.113098 -1.154453 -2.042236
v 5.113098 -1.154453 -1.542236
v 5.113098 -1.154453 -1.042236
v 5.113098 -1.154453 -0.542236
v 5.113098 -1.154453 -0.042236
v 5.113098 -1.154453 0.457764
v 5.113098 -1.154453 0.957764
v 5.113098 -1.154453 1.457764
v 5.113098 -1.154453 1.957764
v 5.113098 -1.154453 2.457764
v 5.113098 -1.154453 2.957764
v 5.113098 -1.154453 3.457764
v 5.113098 -1.154453 3.957764
v 5.113098 -1.154453 4.457764
v 5.113098 -1.154453 4.957764
v 5.113098 -1.154453 5.457764
v 5.113098 -1.154453 5.957764
v 5.113098 -1.154453 6.457764
v 5.113098 -1.154453 6.957764
v 5.113098 -1.154453 7.457764
v 5.113098 -1.154453 7.957764
v 5.113098 -1.154453 8.457764
v 5.113098 -1.154453 8.957764
v 5.113098 -1.154453 9.457764
v 5.613098 -1.154453 -5.542236
v 5.613098 -1.154453 -5.042236
v 5.613098 -1.154453 -4.542236
v 5.613098 -1.154453 -4.042236
v 5.613098 -1.154453 -3.542236
v 5.613098 -1.154453 -3.042236
v 5.613098 -1.154453 -2.542236
v 5.613098 -1.154453 -2.042236
v 5.613098 -1.154453 -1.542236
v 5.613098 -1.154453 -1.042236
v 5.613098 -1.154453 -0.542236
v 5.613098 -1.154453 -0.042236
v 5.613098 -1.154453 0.457764
v 5.613098 -1.154453 0.957764
v 5.613098 -1.154453 1.457764
v 5.613098 -1.154453 1.957764
v 5.613098 -1.154453 2.457764
v 5.613098 -1.154453 2.957764
v 5.613098 -1.154453 3.457764
v 5.613098 -1.154453 3.957764
v 5.613098 -1.154453 4.457764
v 5.613098 -1.154453 4.957764
v 5.613098 -1.154453 5.457764
v 5.613098 -1.154453 5.957764
v 5.613098 -1.154453 6.457764
v 5.613098 -1.154453 6.957764
v 5.613098 -1.154453 7.457764
v 5.613098 -1.154453 7.957764
v 5.613098 -1.154453 8.457764
v 5.613098 -1.154453 8.957764
v 5.613098 -1.154453 9.457764
v 6.113098 -1.154453 -5.542236
v 6.113098 -1.154453 -5.042236
v 6.113098 -1.154453 -4.542236
v 6.113098 -1.154453 -4.042236
v 6.113098 -1.154453 -3.542236
v 6.113098 -1.154453 -3.042236
v 6.113098 -1.154453 -2.542236
v 6.113098 -1.154453 -2.042236
v 6.113098 -1.154453 -1.542236
v 6.113098 -1.154453 -1.042236
v 6.113098 -1.154453 -0.542236
v 6.113098 -1.154453 -0.042236
v 6.113098 -1.154453 0.457764
v 6.113098 -1.154453 0.957764
v 6.113098 -1.154453 1.457764
v 6.113098 -1.154453 1.957764
v 6.113098 -1.154453 2.457764
v 6.113098 -1.154453 2.957764
v 6.113098 -1.154453 3.457764
v 6.113098 -1.154453 3.957764
v 6.113098 -1.154453 4.457764
v 6.113098 -1.154453 4.957764
v 6.113098 -1.154453 5.457764
v 6.113098 -1.154453 5.957764
v 6.113098 -1.154453 6.457764
v 6.113098 -1.154453 6.957764
v 6.113098 -1.154453 7.457764
v 6.113098 -1.154453 7.957764
v 6.113098 -1.154453 8.457764
v 6.113098 -1.154453 8.957764
v 6.113098 -1.154453 9.457764
v 6.613098 -1.154453 -6.042236
v 6.613098 -1.154453 -5.542236
v 6.613098 -1.154453 -5.042236
v 6.613098 -1.154453 -4.542236
v 6.613098 -1.154453 -4.042236
v 6.613098 -1.154453 -3.542236
v 6.613098 -1.154453 -3.042236
v 6.613098 -1.154453 -2.542236
v 6.613098 -1.154453 -2.042236
v 6.613098 -1.154453 -1.542236
v 6.613098 -1.154453 -1.042236
v 6.613098 -1.154453 -0.542236
v 6.613098 -1.154453 -0.042236
v 6.613098 -1.154453 0.457764
v 6.613098 -1.154453 0.957764
v 6.613098 -1.154453 1.457764
v 6.613098 -1.154453 1.957764
v 6.613098 -1.154453 2.457764
v 6.613098 -1.154453 2.957764
v 6.613098 -1.154453 3.457764
v 6.613098 -1.154453 3.957764
v 6.613098 -1.154453 4.457764
v 6.613098 -1.154453 4.957764
v 6.613098 -1.154453 5.457764
v 6.613098 -1.154453 5.957764
v 6.613098 -1.154453 6.457764
v 6.613098 -1.154453 6.957764
v 6.613098 -1.154453 7.457764
v 6.613098 -1.154453 7.957764
v 6.613098 -1.154453 8.457764
v 6.613098 -1.154453 8.957764
v 6.613098 -1.154453 9.457764
v 7.113098 -1.154453 -6.042236
v 7.113098 -1.154453 -5.542236
v 7.113098 -1.154453 -5.042236
v 7.113098 -1.154453 -4.542236
v 7.113098 -1.154453 -4.042236
v 7.113098 -1.154453 -3.542236
v 7.113098 -1.154453 -3.042236
v 7.113098 -1.154453 -2.542236
v 7.113098 -1.154453 -2.042236
v 7.113098 -1.154453 -1.542236
v 7.113098 -1.154453 -1.042236
v 7.113098 -1.154453 -0.542236
v 7.113098 -1.154453 -0.042236
v 7.113098 -1.154453 0.457764
v 7.113098 -1.154453 0.957764
v 7.113098 -1.154453 1.457764
v 7.113098 -1.154453 1.957764
v 7.113098 -1.154453 2.457764
v 7.113098 -1.154453 2.957764
v 7.113098 -1.154453 3.457764
v 7.113098 -1.154453 3.957764
v 7.113098 -1.154453 4.457764
v 7.113098 -1.154453 4.957764
v 7.113098 -1.154453 5.457764
v 7.113098 -1.154453 5.957764
v 7.113098 -1.154453 6.457764
v 7.113098 -1.154453 6.957764
v 7.113098 -1.154453 7.457764
v 7.113098 -1.154453 7.957764
v 7.113098 -1.154453 8.457764
v 7.113098 -1.154453 8.957764
v 7.613098 -1.154453 -6.042236
v 7.613098 -1.154453 -5.542236
v 7.613098 -1.154453 -5.042236
v 7.613098 -1.154453 -4.542236
v 7.613098 -1.154453 -4.042236
v 7.613098 -1.154453 -3.542236
v 7.613098 -1.154453 -3.042236
v 7.613098 -1.154453 -2.542236
v 7.613098 -1.154453 -2.042236
v 7.613098 -1.154453 -1.542236
v 7.613098 -1.154453 -1.042236
v 7.613098 -1.154453 -0.542236
v 7.613098 -1.154453 -0.042236
v 7.613098 -1.154453 0.457764
v 7.613098 -1.154453 0.957764
v 7.613098 -1.154453 1.457764
v 7.613098 -1.154453 1.957764
v 7.613098 -1.154453 2.457764
v 7.613098 -1.154453 2.957764
v 7.613098 -1.154453 3.457764
v 7.613098 -1.154453 3.957764
v 7.613098 -1.154453 4.457764
v 7.613098 -1.154453 4.957764
v 7.613098 -1.154453 5.457764
v 7.613098 -1.154453 5.957764
v 7.613098 -1.154453 6.457764
v 7.613098 -1.154453 6.957764
v 7.613098 -1.154453 7.457764
v 7.613098 -1.154453 7.957764
v 7.613098 -1.154453 8.457764
v 7.613098 -1.154453 8.957764
v 8.113098 -1.154453 -6.042236
v 8.113098 -1.154453 -5.542236
v 8.113098 -1.154453 -5.042236
v 8.113098 -1.154453 -4.542236
v 8.113098 -1.154453 -4.042236
v 8.113098 -1.154453 -3.542236
v 8.113098 -1.154453 -3.042236
v 8.113098 -1.154453 -2.542236
v 8.113098 -1.154453 -2.042236
v 8.113098 -1.154453 -1.542236
v 8.113098 -1.154453 -1.042236
v 8.113098 -1.154453 -0.542236
v 8.113098 -1.154453 -0.042236
v 8.113098 -1.154453 0.457764
v 8.113098 -1.154453 0.957764
v 8.113098 -1.154453 1.457764
v 8.113098 -1.154453 1.957764
v 8.113098 -1.154453 2.457764
v 8.113098 -1.154453 2.957764
v 8.113098 -1.154453 3.457764
v 8.113098 -1.154453 3.957764
v 8.113098 -1.154453 4.457764
v 8.113098 -1.154453 4.957764
v 8.113098 -1.154453 5.457764
v 8.113098 -1.154453 5.957764
v 8.113098 -1.154453 6.457764
v 8.113098 -1.154453 6.957764
v 8.113098 -1.154453 7.457764
v 8.113098 -1.154453 7.957764
v 8.113098 -1.154453 8.457764
v 8.113098 -1.154453 8.957764
v 8.613098 -1.154453 -5.542236
v 8.613098 -1.154453 -5.042236
v 8.613098 -1.154453 -4.542236
v 8.613098 -1.154453 -4.042236
v 8.613098 -1.154453 -3.542236
v 8.613098 -1.154453 -3.042236
v 8.613098 -1.154453 -2.542236
v 8.613098 -1.154453 -2.042236
v 8.613098 -1.154453 -1.542236
v 8.613098 -1.154453 -1.042236
v 8.613098 -1.154453 -0.542236
v 8.613098 -1.154453 -0.042236
v 8.613098 -1.154453 0.457764
v 8.613098 -1.154453 0.957764
v 8.613098 -1.154453 1.457764
v 8.613098 -1.154453 1.957764
v 8.613098 -1.154453 2.457764
v 8.613098 -1.154453 2.957764
v 8.613098 -1.154453 3.457764
v 8.613098 -1.154453 3.957764
v 8.613098 -1.154453 4.457764
v 8.613098 -1.154453 4.957764
v 8.613098 -1.154453 5.457764
v 8.613098 -1.154453 5.957764
v 8.613098 -1.154453 6.457764
v 8.613098 -1.154453 6.957764
v 8.613098 -1.154453 7.457764
v 8.613098 -1.154453 7.957764
v 8.613098 -1.154453 8.457764
v 9.113098 -1.154453 -5.042236
v 9.113098 -1.154453 -4.542236
v 9.113098 -1.154453 -4.042236
v 9.113098 -1.154453 -3.542236
v 9.113098 -1.154453 -3.042236
v 9.113098 -1.154453 -2.542236
v 9.113098 -1.154453 -2.042236
v 9.113098 -1.154453 -1.542236
v 9.113098 -1.154453 -1.042236
v 9.113098 -1.154453 -0.542236
v 9.113098 -1.154453 -0.042236
v 9.113098 -1.154453 0.457764
v 9.113098 -1.154453 0.957764
v 9.113098 -1.154453 1.457764
v 9.113098 -1.154453 1.957764
v 9.113098 -1.154453 2.457764
v 9.113098 -1.154453 2.957764
v 9.113098 -1.154453 3.457764
v 9.113098 -1.154453 3.957764
v 9.113098 -1.154453 4.457764
v 9.113098 -1.154453 4.957764
v 9.113098 -1.154453 5.457764
v 9.113098 -1.154453 5.957764
v 9.113098 -1.154453 6.457764
v 9.113098 -1.154453 6.957764
v 9.113098 -1.154453 7.457764
v 9.113098 -1.154453 7.957764
v 9.113098 -1.154453 8.457764
v 9.613098 -1.154453 -5.042236
v 9.613098 -1.154453 -4.542236
v 9.613098 -1.154453 -4.042236
v 9.613098 -1.154453 -3.542236
v 9.613098 -1.154453 -3.042236
v 9.613098 -1.154453 -2.542236
v 9.613098 -1.154453 -2.042236
v 9.613098 -1.154453 -1.542236
v 9.613098 -1.154453 -1.042236
v 9.613098 -1.154453 -0.542236
v 9.613098 -1.154453 -0.042236
v 9.613098 -1.154453 0.457764
v 9.613098 -1.154453 0.957764
v 9.613098 -1.154453 1.457764
v 9.613098 -1.154453 1.957764
v 9.613098 -1.154453 2.457764
v 9.613098 -1.154453 2.957764
v 9.613098 -1.154453 3.457764
v 9.613098 -1.154453 3.957764
v 9.613098 -1.154453 4.457764
v 9.613098 -1.154453 4.957764
v 9.613098 -1.154453 5.457764
v 9.613098 -1.154453 5.957764
v 9.613098 -1.154453 6.457764
v 9.613098 -1.154453 6.957764
v 9.613098 -1.154453 7.457764
v 9.613098 -1.154453 7.957764
v 10.113098 -1.154453 -4.542236
v 10.113098 -1.154453 -4.042236
v 10.113098 -1.154453 -3.542236
v 10.113098 -1.154453 -3.042236
v 10.113098 -1.154453 -2.542236
v 10.113098 -1.154453 -2.042236
v 10.113098 -1.154453 -1.542236
v 10.113098 -1.154453 -1.042236
v 10.113098 -1.154453 -0.542236
v 10.113098 -1.154453 -0.042236
v 10.113098 -1.154453 0.457764
v 10.113098 -1.154453 0.957764
v 10.113098 -1.154453 1.457764
v 10.113098 -1.154453 1.957764
v 10.113098 -1.154453 2.457764
v 10.113098 -1.154453 2.957764
v 10.113098 -1.154453 3.457764
v 10.113098 -1.154453 3.957764
v 10.113098 -1.154453 4.457764
v 10.113098 -1.154453 4.957764
v 10.113098 -1.154453 5.457764
v 10.113098 -1.154453 5.957764
v 10.113098 -1.154453 6.457764
v 10.113098 -1.154453 6.957764
v 10.113098 -1.154453 7.457764
v 10.613098 -1.154453 -4.042236
v 10.613098 -1.154453 -3.542236
v 10.613098 -1.154453 -3.042236
v 10.613098 -1.154453 -2.542236
v 10.613098 -1.154453 -2.042236
v 10.613098 -1.154453 -1.542236
v 10.613098 -1.154453 -1.042236
v 10.613098 -1.154453 -0.542236
v 10.613098 -1.154453 -0.042236
v 10.613098 -1.154453 0.457764
v 10.613098 -1.154453 0.957764
v 10.613098 -1.154453 1.457764
v 10.613098 -1.154453 1.957764
v 10.613098 -1.154453 2.457764
v 10.613098 -1.154453 2.957764
v 10.613098 -1.154453 3.457764
v 10.613098 -1.154453 3.957764
v 10.613098 -1.154453 4.457764
v 10.613098 -1.154453 4.957764
v 10.613098 -1.154453 5.457764
v 10.613098 -1.154453 5.957764
v 10.613098 -1.154453 6.457764
v 10.613098 -1.154453 6.957764
v 11.113098 -1.154453 -3.542236
v 11.113098 -1.154453 -3.042236
v 11.113098 -1.154453 -2.542236
v 11.113098 -1.154453 -2.042236
v 11.113098 -1.154453 -1.542236
v 11.113098 -1.154453 -1.042236
v 11.113098 -1.154453 -0.542236
v 11.113098 -1.154453 -0.042236
v 11.113098 -1.154453 0.457764
v 11.113098 -1.154453 0.957764
v 11.113098 -1.154453 1.457764
v 11.113098 -1.154453 1.957764
v 11.113098 -1.154453 2.457764
v 11.113098 -1.154453 2.957764
v 11.113098 -1.154453 3.457764
v 11.113098 -1.154453 3.957764
v 11.113098 -1.154453 4.457764
v 11.113098 -1.154453 4.957764
v 11.113098 -1.154453 5.457764
v 11.113098 -1.154453 5.957764
v 11.113098 -1.154453 6.457764
v 11.613098 -1.154453 -3.042236
v 11.613098 -1.154453 -2.542236
v 11.613098 -1.154453 -2.042236
v 11.613098 -1.154453 -1.542236
v 11.613098 -1.154453 -1.042236
v 11.613098 -1.154453 -0.542236
v 11.613098 -1.154453 -0.042236
v 11.613098 -1.154453 0.457764
v 11.613098 -1.154453 0.957764
v 11.613098 -1.154453 1.457764
v 11.613098 -1.154453 1.957764
v 11.613098 -1.154453 2.457764
v 11.613098 -1.154453 2.957764
v 11.613098 -1.154453 3.457764
v 11.613098 -1.154453 3.957764
v 11.613098 -1.154453 4.457764
v 11.613098 -1.154453 4.957764
v 11.613098 -1.154453 5.457764
v 11.613098 -1.154453 5.957764
v 11.613098 -1.154453 6.457764
v 12.113098 -1.154453 -2.042236
v 12.113098 -1.154453 -1.542236
v 12.113098 -1.154453 -1.042236
v 12.113098 -1.154453 -0.542236
v 12.113098 -1.154453 -0.042236
v 12.113098 -1.154453 0.457764
v 12.113098 -1.154453 0.957764
v 12.113098 -1.154453 1.457764
v 12.113098 -1.154453 1.957764
v 12.113098 -1.154453 2.457764
v 12.113098 -1.154453 2.957764
v 12.113098 -1.154453 3.457764
v 12.113098 -1.154453 3.957764
v 12.113098 -1.154453 4.457764
v 12.113098 -1.154453 4.957764
v 12.113098 -1.154453 5.457764
v 12.113098 -1.154453 5.957764
v 12.613098 -1.154453 -1.542236
v 12.613098 -1.154453 -1.042236
v 12.613098 -1.154453 -0.542236
v 12.613098 -1.154453 -0.042236
v 12.613098 -1.154453 0.457764
v 12.613098 -1.154453 0.957764
v 12.613098 -1.154453 1.457764
v 12.613098 -1.154453 1.957764
v 12.613098 -1.154453 2.457764
v 12.613098 -1.154453 2.957764
v 12.613098 -1.154453 3.457764
v 12.613098 -1.154453 3.957764
v 12.613098 -1.154453 4.457764
v 12.613098 -1.154453 4.957764
v 13.113098 -1.154453 -0.042236
v 13.113098 -1.154453 0.457764
v 13.113098 -1.154453 0.957764
v 13.113098 -1.154453 1.457764
v 13.113098 -1.154453 1.957764
v 13.113098 -1.154453 2.457764
v 13.113098 -1.154453 2.957764
v 13.113098 -1.154453 3.457764
v 13.113098 -1.154453 3.957764

vt 1.000000 0.000000
vt 1.000000 0.000000
vt 1.000000 0.000000
vt 1.000000 0.000000
vt 1.000000 0.000000
vt 1.000000 0.000000
vt 1.000000 0.000000
vt 1.000000 0.000000
vt 1.000000 0.000000
vt 1.000000 0.000000
vt 1.000000 0.000000
vt 1.000000 0.000000
vt 1.000000 0.000000
vt 1.000000 0.000000
vt 1.000000 0.000000
vt 1.000000 0.000000
vt 1.000000 0.000000
vt 1.000000 0.000000
vt 1.000000 0.000000
vt 1.000000 0.000000
vt 1.000000 0.000000
vt 1.000000 0.000000
vt 1.000000 0.000000
vt 1.000000 0.000000
vt 1.000000 0.000000
vt 1.000000 0.000000
vt 1.000000 0.000000
vt 1.000000 0.000000
vt 1.000000 0.000000
vt 1.000000 0.000000
vt 1.000000 0.000000
vt 1.000000 0.000000
vt 1.000000 0.000000
vt 1.000000 0.000000
vt 1.000000 0.000000
vt 1.000000 0.000000
vt 1.000000 0.000000
vt 1.000000 0.000000
vt 1.000000 0.000000
vt 1.000000 0.000000
vt 1.000000 0.000000
vt 1.000000 0.000000
vt 1.000000 0.000000
vt 1.000000 0.000000
vt 1.000000 0.000000
vt 1.000000 0.000000
vt 1.000000 0.000000
vt 1.000000 0.000000
vt 1.000000 0.000000
vt 1.000000 0.000000
vt 1.000000 0.000000
vt 1.000000 0.000000
vt 1.000000 0.000000
vt 1.000000 0.000000
vt 1.000000 0.000000
vt 1.000000 0.000000
vt 1.000000 0.000000
vt 1.000000 0.000000
vt 1.000000 0.000000
vt 1.000000 0.000000
vt 1.000000 0.000000
vt 1.000000 0.000000
vt 1.000000 0.000000
vt 1.000000 0.000000
vt 1.000000 0.000000
vt 1.000000 0.000000
vt 1.000000 0.000000
vt 1.000000 0.000000
vt 1.000000 0.000000
vt 1.000000 0.000000
vt 1.000000 0.000000
vt 1.000000 0.000000
vt 1.000000 0.000000
vt 1.000000 0.000000
vt 1.000000 0.000000
vt 1.000000 0.000000
vt 1.000000 0.000000
vt 1.000000 0.000000
vt 1.000000 0.000000
vt 1.000000 0.000000
vt 1.000000 0.000000
vt 1.000000 0.000000
vt 1.000000 0.000000
vt 1.000000 0.000000
vt 1.000000 0.000000
vt 1.000000 0.000000
vt 1.000000 0.000000
vt 1.000000 0.000000
vt 1.000000 0.000000
vt 1.000000 0.000000
vt 1.000000 0.000000
vt 1.000000 0.000000
vt 1.000000 0.000000
vt 1.000000 0.000000
vt 1.000000 0.000000
vt 1.000000 0.000000
vt 1.000000 0.000000
vt 1.000000 0.000000
vt 1.000000 0.000000
vt 1.000000 0.000000
vt 1.000000 0.000000
vt 1.000000 0.000000
vt 1.000000 0.000000
vt 1.000000 0.000000
vt 1.000000 0.000000
vt 1.000000 0.000000
vt 1.000000 0.000000
vt 1.000000 0.000000
vt 1.000000 0.000000
vt 1.000000 0.000000
vt 1.000000 0.000000
vt 1.000000 0.000000
vt 1.000000 0.000000
vt 1.000000 0.000000
vt 1.000000 0.000000
vt 1.000000 0.000000
vt 1.000000 0.000000
vt 1.000000 0.000000
vt 1.000000 0.000000
vt 1.000000 0.000000
vt 1.000000 0.000000
vt 1.000000 0.000000
vt 1.000000 0.000000
vt 1.000000 0.000000
vt 1.000000 0.000000
vt 1.000000 0.000000
vt 1.000000 0.000000
vt 1.000000 0.000000
vt 1.000000 0.000000
vt 1.000000 0.000000
vt 1.000000 0.000000
vt 1.000000 0.000000
vt 1.000000 0.000000
vt 1.000000 0.000000
vt 1.000000 0.000000
vt 1.000000 0.000000
vt 1.000000 0.000000
vt 1.000000 0.000000
vt 1.000000 0.000000
vt 1.000000 0.000000
vt 1.000000 0.000000
vt 1.000000 0.000000
vt 1.000000 0.000000
vt 1.000000 0.000000
vt 1.000000 0.000000
vt 1.000000 0.000000
vt 1.000000 0.000000
vt 1.000000 0.000000
vt 1.000000 0.000000
vt 1.000000 0.000000
vt 1.000000 0.000000
vt 1.000000 0.000000
vt 1.000000 0.000000
vt 1.000000 0.000000
vt 1.000000 0.000000
vt 1.000000 0.000000
vt 1.000000 0.000000
vt 1.000000 0.000000
vt 1.000000 0.000000
vt 1.000000 0.000000
vt 1.000000 0.000000
vt 1.000000 0.000000
vt 1.000000 0.000000
vt 1.000000 0.000000
vt 1.000000 0.000000
vt 1.000000 0.000000
vt 1.000000 0.000000
vt 1.000000 0.000000
vt 1.000000 0.000000
vt 1.000000 0.000000
vt 1.000000 0.000000
vt 1.000000 0.000000
vt 1.000000 0.000000
vt 1.000000 0.000000
vt 1.000000 0.000000
vt 1.000000 0.000000
vt 1.000000 0.000000
vt 1.000000 0.000000
vt 1.000000 0.000000
vt 1.000000 0.000000
vt 1.000000 0.000000
vt 1.000000 0.000000
vt 1.000000 0.000000
vt 1.000000 0.000000
vt 1.000000 0.000000
vt 1.000000 0.000000
vt 1.000000 0.000000
vt 1.000000 0.000000
vt 1.000000 0.000000
vt 1.000000 0.000000
vt 1.000000 0.000000
vt 1.000000 0.000000
vt 1.000000 0.000000
vt 1.000000 0.000000
vt 1.000000 0.000000
vt 1.000000 0.000000
vt 1.000000 0.000000
vt 1.000000 0.000000
vt 1.000000 0.000000
vt 1.000000 0.000000
vt 1.000000 0.000000
vt 1.000000 0.000000
vt 1.000000 0.000000
vt 1.000000 0.000000
vt 1.000000 0.000000
vt 1.000000 0.000000
vt 1.000000 0.000000
vt 1.000000 0.000000
vt 1.000000 0.000000
vt 1.000000 0.000000
vt 1.000000 0.000000
vt 1.000000 0.000000
vt 1.000000 0.000000
vt 1.000000 0.000000
vt 1.000000 0.000000
vt 1.000000 0.000000
vt 1.000000 0.000000
vt 1.000000 0.000000
vt 1.000000 0.000000
vt 1.000000 0.000000
vt 1.000000 0.000000
vt 1.000000 0.000000
vt 1.000000 0.000000
vt 1.000000 0.000000
vt 1.000000 0.000000
vt 1.000000 0.000000
vt 1.000000 0.000000
vt 1.000000 0.000000
vt 1.000000 0.000000
vt 1.000000 0.000000
vt 1.000000 0.000000
vt 1.000000 0.000000
vt 1.000000 0.000000
vt 1.000000 0.000000
vt 1.000000 0.000000
vt 1.000000 0.000000
vt 1.000000 0.000000
vt 1.000000 0.000000
vt 1.000000 0.000000
vt 1.000000 0.000000
vt 1.000000 0.000000
vt 1.000000 0.000000
vt 1.000000 0.000000
vt 1.000000 0.000000
vt 1.000000 0.000000
vt 1.000000 0.000000
vt 1.000000 0.000000
vt 1.000000 0.000000
vt 1.000000 0.000000
vt 1.000000 0.000000
vt 1.000000 0.000000
vt 1.000000 0.000000
vt 1.000000 0.000000
vt 1.000000 0.000000
vt 1.000000 0.000000
vt 1.000000 0.000000
vt 1.000000 0.000000
vt 1.000000 0.000000
vt 1.000000 0.000000
vt 1.000000 0.000000
vt 1.000000 0.000000
vt 1.000000 0.000000
vt 1.000000 0.000000
vt 1.000000 0.000000
vt 1.000000 0.000000
vt 1.000000 0.000000
vt 1.000000 0.000000
vt 1.000000 0.000000
vt 1.000000 0.000000
vt 1.000000 0.000000
vt 1.000000 0.000000
vt 1.000000 0.000000
vt 1.000000 0.000000
vt 1.000000 0.000000
vt 1.000000 0.000000
vt 1.000000 0.000000
vt 1.000000 0.000000
vt 1.000000 0.000000
vt 1.000000 0.000000
vt 1.000000 0.000000
vt 1.000000 0.000000
vt 1.000000 0.000000
vt 1.000000 0.000000
vt 1.000000 0.000000
vt 1.000000 0.000000
vt 1.000000 0.000000
vt 1.000000 0.000000
vt 1.000000 0.000000
vt 1.000000 0.000000
vt 1.000000 0.000000
vt 1.000000 0.000000
vt 1.000000 0.000000
vt 1.000000 0.000000
vt 1.000000 0.000000
vt 1.000000 0.000000
vt 1.000000 0.000000
vt 1.000000 0.000000
vt 1.000000 0.000000
vt 1.000000 0.000000
vt 1.000000 0.000000
vt 1.000000 0.000000
vt 1.000000 0.000000
vt 1.000000 0.000000
vt 1.000000 0.000000
vt 1.000000 0.000000
vt 1.000000 0.000000
vt 1.000000 0.000000
vt 1.000000 0.000000
vt 1.000000 0.000000
vt 1.000000 0.000000
vt 1.000000 0.000000
vt 1.000000 0.000000
vt 1.000000 0.000000
vt 1.000000 0.000000
vt 1.000000 0.000000
vt 1.000000 0.000000
vt 1.000000 0.000000
vt 1.000000 0.000000
vt 1.000000 0.000000
vt 1.000000 0.000000
vt 1.000000 0.000000
vt 1.000000 0.000000
vt 1.000000 0.000000
vt 1.000000 0.000000
vt 1.000000 0.000000
vt 1.000000 0.000000
vt 1.000000 0.000000
vt 1.000000 0.000000
vt 1.000000 0.000000
vt 1.000000 0.000000
vt 1.000000 0.000000
vt 1.000000 0.000000
vt 1.000000 0.000000
vt 1.000000 0.000000
vt 1.000000 0.000000
vt 1.000000 0.000000
vt 1.000000 0.000000
vt 1.000000 0.000000
vt 1.000000 0.000000
vt 1.000000 0.000000
vt 1.000000 0.000000
vt 1.000000 0.000000
vt 1.000000 0.000000
vt 1.000000 0.000000
vt 1.000000 0.000000
vt 1.000000 0.000000
vt 1.000000 0.000000
vt 1.000000 0.000000
vt 1.000000 0.000000
vt 1.000000 0.000000
vt 1.000000 0.000000
vt 1.000000 0.000000
vt 1.000000 0.000000
vt 1.000000 0.000000
vt 1.000000 0.000000
vt 1.000000 0.000000
vt 1.000000 0.000000
vt 1.000000 0.000000
vt 1.000000 0.000000
vt 1.000000 0.000000
vt 1.000000 0.000000
vt 1.000000 0.000000
vt 1.000000 0.000000
vt 1.000000 0.000000
vt 1.000000 0.000000
vt 1.000000 0.000000
vt 1.000000 0.000000
vt 1.000000 0.000000
vt 1.000000 0.000000
vt 1.000000 0.000000
vt 1.000000 0.000000
vt 1.000000 0.000000
vt 1.000000 0.000000
vt 1.000000 0.000000
vt 1.000000 0.000000
vt 1.000000 0.000000
vt 1.000000 0.000000
vt 1.000000 0.000000
vt 1.000000 0.000000
vt 1.000000 0.000000
vt 1.000000 0.000000
vt 1.000000 0.000000
vt 1.000000 0.000000
vt 1.000000 0.000000
vt 1.000000 0.000000
vt 1.000000 0.000000
vt 1.000000 0.000000
vt 1.000000 0.000000
vt 1.000000 0.000000
vt 1.000000 0.000000
vt 1.000000 0.000000
vt 1.000000 0.000000
vt 1.000000 0.000000
vt 1.000000 0.000000
vt 1.000000 0.000000
vt 1.000000 0.000000
vt 1.000000 0.000000
vt 1.000000 0.000000
vt 1.000000 0.000000
vt 1.000000 0.000000
vt 1.000000 0.000000
vt 1.000000 0.000000
vt 1.000000 0.000000
vt 1.000000 0.000000
vt 1.000000 0.000000
vt 1.000000 0.000000
vt 1.000000 0.000000
vt 1.000000 0.000000
vt 1.000000 0.000000
vt 1.000000 0.000000
vt 1.000000 0.000000
vt 1.000000 0.000000
vt 1.000000 0.000000
vt 1.000000 0.000000
vt 1.000000 0.000000
vt 1.000000 0.000000
vt 1.000000 0.000000
vt 1.000000 0.000000
vt 1.000000 0.000000
vt 1.000000 0.000000
vt 1.000000 0.000000
vt 1.000000 0.000000
vt 1.000000 0.000000
vt 1.000000 0.000000
vt 1.000000 0.000000
vt 1.000000 0.000000
vt 1.000000 0.000000
vt 1.000000 0.000000
vt 1.000000 0.000000
vt 1.000000 0.000000
vt 1.000000 0.000000
vt 1.000000 0.000000
vt 1.000000 0.000000
vt 1.000000 0.000000
vt 1.000000 0.000000
vt 1.000000 0.000000
vt 1.000000 0.000000
vt 1.000000 0.000000
vt 1.000000 0.000000
vt 1.000000 0.000000
vt 1.000000 0.000000
vt 1.000000 0.000000
vt 1.000000 0.000000
vt 1.000000 0.000000
vt 1.000000 0.000000
vt 1.000000 0.000000
vt 1.000000 0.000000
vt 1.000000 0.000000
vt 1.000000 0.000000
vt 1.000000 0.000000
vt 1.000000 0.000000
vt 1.000000 0.000000
vt 1.000000 0.000000
vt 1.000000 0.000000
vt 1.000000 0.000000
vt 1.000000 0.000000
vt 1.000000 0.000000
vt 1.000000 0.000000
vt 1.000000 0.000000
vt 1.000000 0.000000
vt 1.000000 0.000000
vt 1.000000 0.000000
vt 1.000000 0.000000
vt 1.000000 0.000000
vt 1.000000 0.000000
vt 1.000000 0.000000
vt 1.000000 0.000000
vt 1.000000 0.000000
vt 1.000000 0.000000
vt 1.000000 0.000000
vt 1.000000 0.000000
vt 1.000000 0.000000
vt 1.000000 0.000000
vt 1.000000 0.000000
vt 1.000000 0.000000
vt 1.000000 0.000000
vt 1.000000 0.000000
vt 1.000000 0.000000
vt 1.000000 0.000000
vt 1.000000 0.000000
vt 1.000000 0.000000
vt 1.000000 0.000000
vt 1.000000 0.000000
vt 1.000000 0.000000
vt 1.000000 0.000000
vt 1.000000 0.000000
vt 1.000000 0.000000
vt 1.000000 0.000000
vt 1.000000 0.000000
vt 1.000000 0.000000
vt 1.000000 0.000000
vt 1.000000 0.000000
vt 1.000000 0.000000
vt 1.000000 0.000000
vt 1.000000 0.000000
vt 1.000000 0.000000
vt 1.000000 0.000000
vt 1.000000 0.000000
vt 1.000000 0.000000
vt 1.000000 0.000000
vt 1.000000 0.000000
vt 1.000000 0.000000
vt 1.000000 0.000000
vt 1.000000 0.000000
vt 1.000000 0.000000
vt 1.000000 0.000000
vt 1.000000 0.000000
vt 1.000000 0.000000
vt 1.000000 0.000000
vt 1.000000 0.000000
vt 1.000000 0.000000
vt 1.000000 0.000000
vt 1.000000 0.000000
vt 1.000000 0.000000
vt 1.000000 0.000000
vt 1.000000 0.000000
vt 1.000000 0.000000
vt 1.000000 0.000000
vt 1.000000 0.000000
vt 1.000000 0.000000
vt 1.000000 0.000000
vt 1.000000 0.000000
vt 1.000000 0.000000
vt 1.000000 0.000000
vt 1.000000 0.000000
vt 1.000000 0.000000
vt 1.000000 0.000000
vt 1.000000 0.000000
vt 1.000000 0.000000
vt 1.000000 0.000000
vt 1.000000 0.000000
vt 1.000000 0.000000
vt 1.000000 0.000000
vt 1.000000 0.000000
vt 1.000000 0.000000
vt 1.000000 0.000000
vt 1.000000 0.000000
vt 1.000000 0.000000
vt 1.000000 0.000000
vt 1.000000 0.000000
vt 1.000000 0.000000
vt 1.000000 0.000000
vt 1.000000 0.000000
vt 1.000000 0.000000
vt 1.000000 0.000000
vt 1.000000 0.000000
vt 1.000000 0.000000
vt 1.000000 0.000000
vt 1.000000 0.000000
vt 1.000000 0.000000
vt 1.000000 0.000000
vt 1.000000 0.000000
vt 1.000000 0.000000
vt 1.000000 0.000000
vt 1.000000 0.000000
vt 1.000000 0.000000
vt 1.000000 0.000000
vt 1.000000 0.000000
vt 1.000000 0.000000
vt 1.000000 0.000000
vt 1.000000 0.000000
vt 1.000000 0.000000
vt 1.000000 0.000000
vt 1.000000 0.000000
vt 1.000000 0.000000
vt 1.000000 0.000000
vt 1.000000 0.000000
vt 1.000000 0.000000
vt 1.000000 0.000000
vt 1.000000 0.000000
vt 1.000000 0.000000
vt 1.000000 0.000000
vt 1.000000 0.000000
vt 1.000000 0.000000
vt 1.000000 0.000000
vt 1.000000 0.000000
vt 1.000000 0.000000
vt 1.000000 0.000000
vt 1.000000 0.000000
vt 1.000000 0.000000
vt 1.000000 0.000000
vt 1.000000 0.000000
vt 1.000000 0.000000
vt 1.000000 0.000000
vt 1.000000 0.000000
vt 1.000000 0.000000
vt 1.000000 0.000000
vt 1.000000 0.000000
vt 1.000000 0.000000
vt 1.000000 0.000000
vt 1.000000 0.000000
vt 1.000000 0.000000
vt 1.000000 0.000000
vt 1.000000 0.000000
vt 1.000000 0.000000
vt 1.000000 0.000000
vt 1.000000 0.000000
vt 1.000000 0.000000
vt 1.000000 0.000000
vt 1.000000 0.000000
vt 1.000000 0.000000
vt 1.000000 0.000000
vt 1.000000 0.000000
vt 1.000000 0.000000
vt 1.000000 0.000000
vt 1.000000 0.000000
vt 1.000000 0.000000
vt 1.000000 0.000000
vt 1.000000 0.000000
vt 1.000000 0.000000
vt 1.000000 0.000000
vt 1.000000 0.000000
vt 1.000000 0.000000
vt 1.000000 0.000000
vt 1.000000 0.000000
vt 1.000000 0.000000
vt 1.000000 0.000000
vt 1.000000 0.000000
vt 1.000000 0.000000
vt 1.000000 0.000000
vt 1.000000 0.000000
vt 1.000000 0.000000
vt 1.000000 0.000000
vt 1.000000 0.000000
vt 1.000000 0.000000
vt 1.000000 0.000000
vt 1.000000 0.000000
vt 1.000000 0.000000
vt 1.000000 0.000000
vt 1.000000 0.000000
vt 1.000000 0.000000
vt 1.000000 0.000000
vt 1.000000 0.000000
vt 1.000000 0.000000
vt 1.000000 0.000000
vt 1.000000 0.000000
vt 1.000000 0.000000
vt 1.000000 0.000000
vt 1.000000 0.000000
vt 1.000000 0.000000
vt 1.000000 0.000000
vt 1.000000 0.000000
vt 1.000000 0.000000
vt 1.000000 0.000000
vt 1.000000 0.000000
vt 1.000000 0.000000
vt 1.000000 0.000000
vt 1.000000 0.000000
vt 1.000000 0.000000
vt 1.000000 0.000000
vt 1.000000 0.000000
vt 1.000000 0.000000
vt 1.000000 0.000000
vt 1.000000 0.000000
vt 1.000000 0.000000
vt 1.000000 0.000000
vt 1.000000 0.000000
vt 1.000000 0.000000
vt 1.000000 0.000000
vt 1.000000 0.000000
vt 1.000000 0.000000
vt 1.000000 0.000000
vt 1.000000 0.000000
vt 1.000000 0.000000
vt 1.000000 0.000000
vt 1.000000 0.000000
vt 1.000000 0.000000
vt 1.000000 0.000000
vt 1.000000 0.000000
vt 1.000000 0.000000
vt 1.000000 0.000000
vt 1.000000 0.000000
vt 1.000000 0.000000
vt 1.000000 0.000000
vt 1.000000 0.000000
vt 1.000000 0.000000
vt 1.000000 0.000000
vt 1.000000 0.000000
vt 1.000000 0.000000
vt 1.000000 0.000000
vt 1.000000 0.000000
vt 1.000000 0.000000
vt 1.000000 0.000000
vt 1.000000 0.000000
vt 1.000000 0.000000
vt 1.000000 0.000000
vt 1.000000 0.000000
vt 1.000000 0.000000
vt 1.000000 0.000000
vt 1.000000 0.000000
vt 1.000000 0.000000
vt 1.000000 0.000000
vt 1.000000 0.000000
vt 1.000000 0.000000
vt 1.000000 0.000000
vt 1.000000 0.000000
vt 1.000000 0.000000
vt 1.000000 0.000000
vt 1.000000 0.000000
vt 1.000000 0.000000
vt 1.000000 0.000000
vt 1.000000 0.000000
vt 1.000000 0.000000
vt 1.000000 0.000000
vt 1.000000 0.000000
vt 1.000000 0.000000
vt 1.000000 0.000000
vt 1.000000 0.000000
vt 1.000000 0.000000
vt 1.000000 0.000000
vt 1.000000 0.000000
vt 1.000000 0.000000
vt 1.000000 0.000000
vt 1.000000 0.000000
vt 1.000000 0.000000
vt 1.000000 0.000000
vt 1.000000 0.000000
vt 1.000000 0.000000
vt 1.000000 0.000000
vt 1.000000 0.000000
vt 1.000000 0.000000
vt 1.000000 0.000000
vt 1.000000 0.000000
vt 1.000000 0.000000
vt 1.000000 0.000000
vt 1.000000 0.000000
vt 1.000000 0.000000
vt 1.000000 0.000000
vt 1.000000 0.000000
vt 1.000000 0.000000
vt 1.000000 0.000000
vt 1.000000 0.000000
vt 1.000000 0.000000
vt 1.000000 0.000000
vt 1.000000 0.000000
vt 1.000000 0.000000
vt 1.000000 0.000000
vt 1.000000 0.000000
vt 1.000000 0.000000
vt 1.000000 0.000000
vt 1.000000 0.000000
vt 1.000000 0.000000
vt 1.000000 0.000000
vt 1.000000 0.000000
vt 1.000000 0.000000
vt 1.000000 0.000000
vt 1.000000 0.000000
vt 1.000000 0.000000
vt 1.000000 0.000000
vt 1.000000 0.000000
vt 1.000000 0.000000
vt 1.000000 0.000000
vt 1.000000 0.000000
vt 1.000000 0.000000
vt 1.000000 0.000000
vt 1.000000 0.000000
vt 1.000000 0.000000
vt 1.000000 0.000000
vt 1.000000 0.000000
vt 1.000000 0.000000
vt 1.000000 0.000000
vt 1.000000 0.000000
vt 1.000000 0.000000
vt 1.000000 0.000000
vt 1.000000 0.000000
vt 1.000000 0.000000
vt 1.000000 0.000000
vt 1.000000 0.000000
vt 1.000000 0.000000
vt 1.000000 0.000000
vt 1.000000 0.000000
vt 1.000000 0.000000
vt 1.000000 0.000000
vt 1.000000 0.000000
vt 1.000000 0.000000
vt 1.000000 0.000000
vt 1.000000 0.000000
vt 1.000000 0.000000
vt 1.000000 0.000000
vt 1.000000 0.000000
vt 1.000000 0.000000
vt 1.000000 0.000000
vt 1.000000 0.000000
vt 1.000000 0.000000
vt 1.000000 0.000000
vt 1.000000 0.000000
vt 1.000000 0.000000
vt 1.000000 0.000000
vt 1.000000 0.000000
vt 1.000000 0.000000
vt 1.000000 0.000000
vt 1.000000 0.000000
vt 1.000000 0.000000
vt 1.000000 0.000000
vt 1.000000 0.000000
vt 1.000000 0.000000
vt 1.000000 0.000000
vt 1.000000 0.000000
vt 1.000000 0.000000
vt 1.000000 0.000000
vt 1.000000 0.000000
vt 1.000000 0.000000
vt 1.000000 0.000000
vt 1.000000 0.000000
vt 1.000000 0.000000
vt 1.000000 0.000000
vt 1.000000 0.000000
vt 1.000000 0.000000
vt 1.000000 0.000000
vt 1.000000 0.000000
vt 1.000000 0.000000
vt 1.000000 0.000000
vt 1.000000 0.000000
vt 1.000000 0.000000
vt 1.000000 0.000000
vt 1.000000 0.000000
vt 1.000000 0.000000
vt 1.000000 0.000000
vt 1.000000 0.000000
vt 1.000000 0.000000
vt 1.000000 0.000000
vt 1.000000 0.000000
vt 1.000000 0.000000
vt 1.000000 0.000000
vt 1.000000 0.000000
vt 1.000000 0.000000
vt 1.000000 0.000000
vt 1.000000 0.000000
vt 1.000000 0.000000
vt 1.000000 0.000000
vt 1.000000 0.000000
vt 1.000000 0.000000
vt 1.000000 0.000000
vt 1.000000 0.000000
vt 1.000000 0.000000
vt 1.000000 0.000000
vt 1.000000 0.000000
vt 1.000000 0.000000
vt 1.000000 0.000000
vt 1.000000 0.000000
vt 1.000000 0.000000
vt 1.000000 0.000000
vt 1.000000 0.000000
vt 1.000000 0.000000
vt 1.000000 0.000000
vt 1.000000 0.000000
vt 1.000000 0.000000
vt 1.000000 0.000000
vt 1.000000 0.000000
vt 1.000000 0.000000
vt 1.000000 0.000000
vt 1.000000 0.000000
vt 1.000000 0.000000
vt 1.000000 0.000000
vt 1.000000 0.000000
vt 1.000000 0.000000
vt 1.000000 0.000000
vt 1.000000 0.000000
vt 1.000000 0.000000
vt 1.000000 0.000000
vt 1.000000 0.000000
vt 1.000000 0.000000
vt 1.000000 0.000000
vt 1.000000 0.000000
vt 1.000000 0.000000
vt 1.000000 0.000000
vt 1.000000 0.000000
vt 1.000000 0.000000
vt 1.000000 0.000000
vt 1.000000 0.000000
vt 1.000000 0.000000
vt 1.000000 0.000000
vt 1.000000 0.000000
vt 1.000000 0.000000
vt 1.000000 0.000000
vt 1.000000 0.000000
vt 1.000000 0.000000
vt 1.000000 0.000000
vt 1.000000 0.000000
vt 1.000000 0.000000
vt 1.000000 0.000000
vt 1.000000 0.000000
vt 1.000000 0.000000
vt 1.000000 0.000000
vt 1.000000 0.000000
vt 1.000000 0.000000
vt 1.000000 0.000000
vt 1.000000 0.000000
vt 1.000000 0.000000
vt 1.000000 0.000000
vt 1.000000 0.000000
vt 1.000000 0.000000
vt 1.000000 0.000000
vt 1.000000 0.000000
vt 1.000000 0.000000
vt 1.000000 0.000000
vt 1.000000 0.000000
vt 1.000000 0.000000
vt 1.000000 0.000000
vt 1.000000 0.000000
vt 1.000000 0.000000
vt 1.000000 0.000000
vt 1.000000 0.000000
vt 1.000000 0.000000
vt 1.000000 0.000000
vt 1.000000 0.000000
vt 1.000000 0.000000
vt 1.000000 0.000000
vt 1.000000 0.000000
vt 1.000000 0.000000
vt 1.000000 0.000000
vt 1.000000 0.000000
vt 1.000000 0.000000
vt 1.000000 0.000000
vt 1.000000 0.000000
vt 1.000000 0.000000
vt 1.000000 0.000000
vt 1.000000 0.000000
vt 1.000000 0.000000
vt 1.000000 0.000000
vt 1.000000 0.000000
vt 1.000000 0.000000
vt 1.000000 0.000000
vt 1.000000 0.000000
vt 1.000000 0.000000
vt 1.000000 0.000000
vt 1.000000 0.000000
vt 1.000000 0.000000
vt 1.000000 0.000000
vt 1.000000 0.000000
vt 1.000000 0.000000
vt 1.000000 0.000000
vt 1.000000 0.000000
vt 1.000000 0.000000
vt 1.000000 0.000000
vt 1.000000 0.000000
vt 1.000000 0.000000
vt 1.000000 0.000000
vt 1.000000 0.000000
vt 1.000000 0.000000
vt 1.000000 0.000000
vt 1.000000 0.000000
vt 1.000000 0.000000
vt 1.000000 0.000000
vt 1.000000 0.000000
vt 1.000000 0.000000
vt 1.000000 0.000000
vt 1.000000 0.000000
vt 1.000000 0.000000
vt 1.000000 0.000000
vt 1.000000 0.000000
vt 1.000000 0.000000
vt 1.000000 0.000000
vt 1.000000 0.000000
vt 1.000000 0.000000
vt 1.000000 0.000000
vt 1.000000 0.000000
vt 1.000000 0.000000
vt 1.000000 0.000000
vt 1.000000 0.000000
vt 1.000000 0.000000
vt 1.000000 0.000000
vt 1.000000 0.000000
vt 1.000000 0.000000
vt 1.000000 0.000000
vt 1.000000 0.000000
vt 1.000000 0.000000
vt 1.000000 0.000000
vt 1.000000 0.000000
vt 1.000000 0.000000
vt 1.000000 0.000000
vt 1.000000 0.000000
vt 1.000000 0.000000
vt 1.000000 0.000000
vt 1.000000 0.000000
vt 1.000000 0.000000
vt 1.000000 0.000000
vt 1.000000 0.000000
vt 1.000000 0.000000
vt 1.000000 0.000000
vt 1.000000 0.000000
vt 1.000000 0.000000
vt 1.000000 0.000000
vt 1.000000 0.000000
vt 1.000000 0.000000
vt 1.000000 0.000000
vt 1.000000 0.000000
vt 1.000000 0.000000
vt 1.000000 0.000000
vt 1.000000 0.000000
vt 1.000000 0.000000
vt 1.000000 0.000000
vt 1.000000 0.000000
vt 1.000000 0.000000
vt 1.000000 0.000000
vt 1.000000 0.000000
vt 1.000000 0.000000
vt 1.000000 0.000000
vt 1.000000 0.000000
vt 1.000000 0.000000
vt 1.000000 0.000000
vt 1.000000 0.000000
vt 1.000000 0.000000
vt 1.000000 0.000000
vt 1.000000 0.000000
vt 1.000000 0.000000
vt 1.000000 0.000000
vt 1.000000 0.000000
vt 1.000000 0.000000
vt 1.000000 0.000000
vt 1.000000 0.000000
vt 1.000000 0.000000
vt 1.000000 0.000000
vt 1.000000 0.000000
vt 1.000000 0.000000
vt 1.000000 0.000000
vt 1.000000 0.000000
vt 1.000000 0.000000
vt 1.000000 0.000000
vt 1.000000 0.000000
vt 1.000000 0.000000
vt 1.000000 0.000000
vt 1.000000 0.000000
vt 1.000000 0.000000
vt 1.000000 0.000000
vt 1.000000 0.000000
vt 1.000000 0.000000
vt 1.000000 0.000000
vt 1.000000 0.000000
vt 1.000000 0.000000
vt 1.000000 0.000000
vt 1.000000 0.000000
vt 1.000000 0.000000
vt 1.000000 0.000000
vt 1.000000 0.000000
vt 1.000000 0.000000
vt 1.000000 0.000000
vt 1.000000 0.000000
vt 1.000000 0.000000
vt 1.000000 0.000000
vt 1.000000 0.000000
vt 1.000000 0.000000
vt 1.000000 0.000000
vt 1.000000 0.000000
vt 1.000000 0.000000
vt 1.000000 0.000000
vt 1.000000 0.000000
vt 1.000000 0.000000
vt 1.000000 0.000000
vt 1.000000 0.000000
vt 1.000000 0.000000
vt 1.000000 0.000000
vt 1.000000 0.000000
vt 1.000000 0.000000
vt 1.000000 0.000000
vt 1.000000 0.000000
vt 1.000000 0.000000
vt 1.000000 0.000000
vt 1.000000 0.000000
vt 1.000000 0.000000
vt 1.000000 0.000000
vt 1.000000 0.000000
vt 1.000000 0.000000
vt 1.000000 0.000000
vt 1.000000 0.000000
vt 1.000000 0.000000
vt 1.000000 0.000000
vt 1.000000 0.000000
vt 1.000000 0.000000
vt 1.000000 0.000000
vt 1.000000 0.000000
vt 1.000000 0.000000
vt 1.000000 0.000000
vt 1.000000 0.000000
vt 1.000000 0.000000
vt 1.000000 0.000000
vt 1.000000 0.000000
vt 1.000000 0.000000
vt 1.000000 0.000000
vt 1.000000 0.000000
vt 1.000000 0.000000
vt 1.000000 0.000000
vt 1.000000 0.000000
vt 1.000000 0.000000
vt 1.000000 0.000000
vt 1.000000 0.000000
vt 1.000000 0.000000
vt 1.000000 0.000000
vt 1.000000 0.000000
vt 1.000000 0.000000
vt 1.000000 0.000000
vt 1.000000 0.000000
vt 1.000000 0.000000
vt 1.000000 0.000000
vt 1.000000 0.000000
vt 1.000000 0.000000
vt 1.000000 0.000000
vt 1.000000 0.000000
vt 1.000000 0.000000
vt 1.000000 0.000000
vt 1.000000 0.000000
vt 1.000000 0.000000
vt 1.000000 0.000000
vt 1.000000 0.000000
vt 1.000000 0.000000
vt 1.000000 0.000000
vt 1.000000 0.000000
vt 1.000000 0.000000
vt 1.000000 0.000000
vt 1.000000 0.000000
vt 1.000000 0.000000
vt 1.000000 0.000000
vt 1.000000 0.000000
vt 1.000000 0.000000
vt 1.000000 0.000000
vt 1.000000 0.000000
vt 1.000000 0.000000
vt 1.000000 0.000000
vt 1.000000 0.000000
vt 1.000000 0.000000
vt 1.000000 0.000000
vt 1.000000 0.000000
vt 1.000000 0.000000
vt 1.000000 0.000000
vt 1.000000 0.000000
vt 1.000000 0.000000
vt 1.000000 0.000000
vt 1.000000 0.000000
vt 1.000000 0.000000
vt 1.000000 0.000000
vt 1.000000 0.000000
vt 1.000000 0.000000
vt 1.000000 0.000000
vt 1.000000 0.000000
vt 1.000000 0.000000
vt 1.000000 0.000000
vt 1.000000 0.000000
vt 1.000000 0.000000
vt 1.000000 0.000000
vt 1.000000 0.000000
vt 1.000000 0.000000
vt 1.000000 0.000000
vt 1.000000 0.000000
vt 1.000000 0.000000
vt 1.000000 0.000000
vt 1.000000 0.000000
vt 1.000000 0.000000
vt 1.000000 0.000000
vt 1.000000 0.000000
vt 1.000000 0.000000
vt 1.000000 0.000000
vt 1.000000 0.000000
vt 1.000000 0.000000
vt 1.000000 0.000000
vt 1.000000 0.000000
vt 1.000000 0.000000
vt 1.000000 0.000000
vt 1.000000 0.000000
vt 1.000000 0.000000
vt 1.000000 0.000000
vt 1.000000 0.000000
vt 1.000000 0.000000
vt 1.000000 0.000000
vt 1.000000 0.000000
vt 1.000000 0.000000
vt 1.000000 0.000000
vt 1.000000 0.000000
vt 1.000000 0.000000
vt 1.000000 0.000000
vt 1.000000 0.000000
vt 1.000000 0.000000
vt 1.000000 0.000000
vt 1.000000 0.000000
vt 1.000000 0.000000
vt 1.000000 0.000000
vt 1.000000 0.000000
vt 1.000000 0.000000
vt 1.000000 0.000000
vt 1.000000 0.000000
vt 1.000000 0.000000
vt 1.000000 0.000000
vt 1.000000 0.000000
vt 1.000000 0.000000
vt 1.000000 0.000000
vt 1.000000 0.000000
vt 1.000000 0.000000
vt 1.000000 0.000000
vt 1.000000 0.000000
vt 1.000000 0.000000
vt 1.000000 0.000000
vt 1.000000 0.000000
vt 1.000000 0.000000
vt 1.000000 0.000000
vt 1.000000 0.000000
vt 1.000000 0.000000
vt 1.000000 0.000000
vt 1.000000 0.000000
vt 1.000000 0.000000
vt 1.000000 0.000000
vt 1.000000 0.000000
vt 1.000000 0.000000
vt 1.000000 0.000000
vt 1.000000 0.000000
vt 1.000000 0.000000
vt 1.000000 0.000000
vt 1.000000 0.000000
vt 1.000000 0.000000
vt 1.000000 0.000000
vt 1.000000 0.000000
vt 1.000000 0.000000
vt 1.000000 0.000000
vt 1.000000 0.000000
vt 1.000000 0.000000
vt 1.000000 0.000000
vt 1.000000 0.000000
vt 1.000000 0.000000
vt 1.000000 0.000000
vt 1.000000 0.000000
vt 1.000000 0.000000
vt 1.000000 0.000000
vt 1.000000 0.000000
vt 1.000000 0.000000
vt 1.000000 0.000000
vt 1.000000 0.000000
vt 1.000000 0.000000
vt 1.000000 0.000000
vt 1.000000 0.000000
vt 1.000000 0.000000
vt 1.000000 0.000000
vt 1.000000 0.000000
vt 1.000000 0.000000
vt 1.000000 0.000000
vt 1.000000 0.000000
vt 1.000000 0.000000
vt 1.000000 0.000000
vt 1.000000 0.000000
vt 1.000000 0.000000
vt 1.000000 0.000000
vt 1.000000 0.000000
vt 1.000000 0.000000
vt 1.000000 0.000000
vt 1.000000 0.000000
vt 1.000000 0.000000
vt 1.000000 0.000000
vt 1.000000 0.000000
vt 1.000000 0.000000
vt 1.000000 0.000000
vt 1.000000 0.000000
vt 1.000000 0.000000
vt 1.000000 0.000000
vt 1.000000 0.000000
vt 1.000000 0.000000
vt 1.000000 0.000000
vt 1.000000 0.000000
vt 1.000000 0.000000
vt 1.000000 0.000000
vt 1.000000 0.000000
vt 1.000000 0.000000
vt 1.000000 0.000000
vt 1.000000 0.000000
vt 1.000000 0.000000
vt 1.000000 0.000000
vt 1.000000 0.000000
vt 1.000000 0.000000
vt 1.000000 0.000000
vt 1.000000 0.000000
vt 1.000000 0.000000
vt 1.000000 0.000000
vt 1.000000 0.000000
vt 1.000000 0.000000
vt 1.000000 0.000000
vt 1.000000 0.000000
vt 1.000000 0.000000
vt 1.000000 0.000000
vt 1.000000 0.000000
vt 1.000000 0.000000
vt 1.000000 0.000000
vt 1.000000 0.000000
vt 1.000000 0.000000
vt 1.000000 0.000000
vt 1.000000 0.000000
vt 1.000000 0.000000
vt 1.000000 0.000000
vt 1.000000 0.000000
vt 1.000000 0.000000
vt 1.000000 0.000000
vt 1.000000 0.000000
vt 1.000000 0.000000
vt 1.000000 0.000000
vt 1.000000 0.000000
vt 1.000000 0.000000
vt 1.000000 0.000000
vt 1.000000 0.000000
vt 1.000000 0.000000
vt 1.000000 0.000000
vt 1.000000 0.000000
vt 1.000000 0.000000
vt 1.000000 0.000000
vt 1.000000 0.000000
vt 1.000000 0.000000
vt 1.000000 0.000000
vt 1.000000 0.000000
vt 1.000000 0.000000
vt 1.000000 0.000000
vt 1.000000 0.000000
vt 1.000000 0.000000
vt 1.000000 0.000000
vt 1.000000 0.000000
vt 1.000000 0.000000
vt 1.000000 0.000000
vt 1.000000 0.000000
vt 1.000000 0.000000
vt 1.000000 0.000000
vt 1.000000 0.000000
vt 1.000000 0.000000
vt 1.000000 0.000000
vt 1.000000 0.000000
vt 1.000000 0.000000
vt 1.000000 0.000000
vt 1.000000 0.000000
vt 1.000000 0.000000
vt 1.000000 0.000000
vt 1.000000 0.000000
vt 1.000000 0.000000
vt 1.000000 0.000000
vt 1.000000 0.000000
vt 1.000000 0.000000
vt 1.000000 0.000000
vt 1.000000 0.000000
vt 1.000000 0.000000
vt 1.000000 0.000000
vt 1.000000 0.000000
vt 1.000000 0.000000
vt 1.000000 0.000000
vt 1.000000 0.000000
vt 1.000000 0.000000
vt 1.000000 0.000000
vt 1.000000 0.000000
vt 1.000000 0.000000
vt 1.000000 0.000000
vt 1.000000 0.000000
vt 1.000000 0.000000
vt 1.000000 0.000000
vt 1.000000 0.000000
vt 1.000000 0.000000
vt 1.000000 0.000000
vt 1.000000 0.000000
vt 1.000000 0.000000
vt 1.000000 0.000000
vt 1.000000 0.000000
vt 1.000000 0.000000
vt 1.000000 0.000000
vt 1.000000 0.000000
vt 1.000000 0.000000
vt 1.000000 0.000000
vt 1.000000 0.000000
vt 1.000000 0.000000
vt 1.000000 0.000000
vt 1.000000 0.000000
vt 1.000000 0.000000
vt 1.000000 0.000000
vt 1.000000 0.000000
vt 1.000000 0.000000
vt 1.000000 0.000000
vt 1.000000 0.000000
vt 1.000000 0.000000
vt 1.000000 0.000000
vt 1.000000 0.000000
vt 1.000000 0.000000
vt 1.000000 0.000000
vt 1.000000 0.000000
vt 1.000000 0.000000
vt 1.000000 0.000000
vt 1.000000 0.000000
vt 1.000000 0.000000
vt 1.000000 0.000000
vt 1.000000 0.000000
vt 1.000000 0.000000
vt 1.000000 0.000000
vt 1.000000 0.000000
vt 1.000000 0.000000
vt 1.000000 0.000000
vt 1.000000 0.000000
vt 1.000000 0.000000
vt 1.000000 0.000000
vt 1.000000 0.000000
vt 1.000000 0.000000
vt 1.000000 0.000000
vt 1.000000 0.000000
vt 1.000000 0.000000
vt 1.000000 0.000000
vt 1.000000 0.000000
vt 1.000000 0.000000
vt 1.000000 0.000000
vt 1.000000 0.000000
vt 1.000000 0.000000
vt 1.000000 0.000000
vt 1.000000 0.000000
vt 1.000000 0.000000
vt 1.000000 0.000000
vt 1.000000 0.000000
vt 1.000000 0.000000
vt 1.000000 0.000000
vt 1.000000 0.000000
vt 1.000000 0.000000
vt 1.000000 0.000000
vt 1.000000 0.000000
vt 1.000000 0.000000
vt 1.000000 0.000000
vt 1.000000 0.000000
vt 1.000000 0.000000
vt 1.000000 0.000000
vt 1.000000 0.000000
vt 1.000000 0.000000
vt 1.000000 0.000000
vt 1.000000 0.000000
vt 1.000000 0.000000
vt 1.000000 0.000000
vt 1.000000 0.000000
vt 1.000000 0.000000
vt 1.000000 0.000000
vt 1.000000 0.000000
vt 1.000000 0.000000
vt 1.000000 0.000000
vt 1.000000 0.000000
vt 1.000000 0.000000
vt 1.000000 0.000000
vt 1.000000 0.000000
vt 1.000000 0.000000
vt 1.000000 0.000000
vt 1.000000 0.000000
vt 1.000000 0.000000
vt 1.000000 0.000000
vt 1.000000 0.000000
vt 1.000000 0.000000
vt 1.000000 0.000000
vt 1.000000 0.000000
vt 1.000000 0.000000
vt 1.000000 0.000000
vt 1.000000 0.000000
vt 1.000000 0.000000
vt 1.000000 0.000000
vt 1.000000 0.000000
vt 1.000000 0.000000
vt 1.000000 0.000000
vt 1.000000 0.000000
vt 1.000000 0.000000
vt 1.000000 0.000000
vt 1.000000 0.000000
vt 1.000000 0.000000
vt 1.000000 0.000000
vt 1.000000 0.000000
vt 1.000000 0.000000
vt 1.000000 0.000000
vt 1.000000 0.000000
vt 1.000000 0.000000
vt 1.000000 0.000000
vt 1.000000 0.000000
vt 1.000000 0.000000
vt 1.000000 0.000000
vt 1.000000 0.000000
vt 1.000000 0.000000
vt 1.000000 0.000000
vt 1.000000 0.000000
vt 1.000000 0.000000
vt 1.000000 0.000000
vt 1.000000 0.000000
vt 1.000000 0.000000
vt 1.000000 0.000000
vt 1.000000 0.000000
vt 1.000000 0.000000
vt 1.000000 0.000000
vt 1.000000 0.000000
vt 1.000000 0.000000
vt 1.000000 0.000000
vt 1.000000 0.000000
vt 1.000000 0.000000
vt 1.000000 0.000000
vt 1.000000 0.000000
vt 1.000000 0.000000
vt 1.000000 0.000000
vt 1.000000 0.000000
vt 1.000000 0.000000
vt 1.000000 0.000000
vt 1.000000 0.000000
vt 1.000000 0.000000
vt 1.000000 0.000000
vt 1.000000 0.000000
vt 1.000000 0.000000
vt 1.000000 0.000000
vt 1.000000 0.000000
vt 1.000000 0.000000
vt 1.000000 0.000000
vt 1.000000 0.000000
vt 1.000000 0.000000
vt 1.000000 0.000000
vt 1.000000 0.000000
vt 1.000000 0.000000
vt 1.000000 0.000000
vt 1.000000 0.000000
vt 1.000000 0.000000
vt 1.000000 0.000000
vt 1.000000 0.000000
vt 1.000000 0.000000
vt 1.000000 0.000000
vt 1.000000 0.000000
vt 1.000000 0.000000
vt 1.000000 0.000000
vt 1.000000 0.000000
vt 1.000000 0.000000
vt 1.000000 0.000000
vt 1.000000 0.000000
vt 1.000000 0.000000
vt 1.000000 0.000000
vt 1.000000 0.000000
vt 1.000000 0.000000
vt 1.000000 0.000000
vt 1.000000 0.000000
vt 1.000000 0.000000
vt 1.000000 0.000000
vt 1.000000 0.000000
vt 1.000000 0.000000
vt 1.000000 0.000000
vt 1.000000 0.000000
vt 1.000000 0.000000
vt 1.000000 0.000000
vt 1.000000 0.000000
vt 1.000000 0.000000
vt 1.000000 0.000000
vt 1.000000 0.000000
vt 1.000000 0.000000
vt 1.000000 0.000000
vt 1.000000 0.000000
vt 1.000000 0.000000
vt 1.000000 0.000000
vt 1.000000 0.000000
vt 1.000000 0.000000
vt 1.000000 0.000000
vt 1.000000 0.000000
vt 1.000000 0.000000
vt 1.000000 0.000000
vt 1.000000 0.000000
vt 1.000000 0.000000
vt 1.000000 0.000000
vt 1.000000 0.000000
vt 1.000000 0.000000
vt 1.000000 0.000000
vt 1.000000 0.000000
vt 1.000000 0.000000
vt 1.000000 0.000000
vt 1.000000 0.000000
vt 1.000000 0.000000
vt 1.000000 0.000000
vt 1.000000 0.000000
vt 1.000000 0.000000
vt 1.000000 0.000000
vt 1.000000 0.000000
vt 1.000000 0.000000
vt 1.000000 0.000000
vt 1.000000 0.000000
vt 1.000000 0.000000
vt 1.000000 0.000000
vt 1.000000 0.000000
vt 1.000000 0.000000
vt 1.000000 0.000000
vt 1.000000 0.000000
vt 1.000000 0.000000
vt 1.000000 0.000000
vt 1.000000 0.000000
vt 1.000000 0.000000
vt 1.000000 0.000000
vt 1.000000 0.000000
vt 1.000000 0.000000
vt 1.000000 0.000000
vt 1.000000 0.000000
vt 1.000000 0.000000
vt 1.000000 0.000000
vt 1.000000 0.000000
vt 1.000000 0.000000
vt 1.000000 0.000000
vt 1.000000 0.000000
vt 1.000000 0.000000
vt 1.000000 0.000000
vt 1.000000 0.000000
vt 1.000000 0.000000
vt 1.000000 0.000000
vt 1.000000 0.000000
vt 1.000000 0.000000
vt 1.000000 0.000000
vt 1.000000 0.000000
vt 1.000000 0.000000
vt 1.000000 0.000000
vt 1.000000 0.000000
vt 1.000000 0.000000
vt 1.000000 0.000000
vt 1.000000 0.000000
vt 1.000000 0.000000
vt 1.000000 0.000000
vt 1.000000 0.000000
vt 1.000000 0.000000
vt 1.000000 0.000000
vt 1.000000 0.000000
vt 1.000000 0.000000
vt 1.000000 0.000000
vt 1.000000 0.000000
vt 1.000000 0.000000
vt 1.000000 0.000000
vt 1.000000 0.000000
vt 1.000000 0.000000
vt 1.000000 0.000000
vt 1.000000 0.000000
vt 1.000000 0.000000
vt 1.000000 0.000000
vt 1.000000 0.000000
vt 1.000000 0.000000
vt 1.000000 0.000000
vt 1.000000 0.000000
vt 1.000000 0.000000
vt 1.000000 0.000000
vt 1.000000 0.000000
vt 1.000000 0.000000
vt 1.000000 0.000000
vt 1.000000 0.000000
vt 1.000000 0.000000
vt 1.000000 0.000000
vt 1.000000 0.000000
vt 1.000000 0.000000
vt 1.000000 0.000000
vt 1.000000 0.000000
vt 1.000000 0.000000
vt 1.000000 0.000000
vt 1.000000 0.000000
vt 1.000000 0.000000
vt 1.000000 0.000000
vt 1.000000 0.000000
vt 1.000000 0.000000
vt 1.000000 0.000000
vt 1.000000 0.000000
vt 1.000000 0.000000
vt 1.000000 0.000000
vt 1.000000 0.000000
vt 1.000000 0.000000
vt 1.000000 0.000000
vt 1.000000 0.000000
vt 1.000000 0.000000
vt 1.000000 0.000000
vt 1.000000 0.000000
vt 1.000000 0.000000
vt 1.000000 0.000000
vt 1.000000 0.000000
vt 1.000000 0.000000
vt 1.000000 0.000000
vt 1.000000 0.000000
vt 1.000000 0.000000
vt 1.000000 0.000000
vt 1.000000 0.000000
vt 1.000000 0.000000
vt 1.000000 0.000000
vt 1.000000 0.000000
vt 1.000000 0.000000
vt 1.000000 0.000000
vt 1.000000 0.000000
vt 1.000000 0.000000
vt 1.000000 0.000000
vt 1.000000 0.000000
vt 1.000000 0.000000
vt 1.000000 0.000000
vt 1.000000 0.000000
vt 1.000000 0.000000
vt 1.000000 0.000000
vt 1.000000 0.000000
vt 1.000000 0.000000
vt 1.000000 0.000000
vt 1.000000 0.000000
vt 1.000000 0.000000
vt 1.000000 0.000000
vt 1.000000 0.000000
vt 1.000000 0.000000
vt 1.000000 0.000000
vt 1.000000 0.000000
vt 1.000000 0.000000
vt 1.000000 0.000000
vt 1.000000 0.000000
vt 1.000000 0.000000
vt 1.000000 0.000000
vt 1.000000 0.000000
vt 1.000000 0.000000
vt 1.000000 0.000000
vt 1.000000 0.000000
vt 1.000000 0.000000
vt 1.000000 0.000000
vt 1.000000 0.000000
vt 1.000000 0.000000
vt 1.000000 0.000000
vt 1.000000 0.000000
vt 1.000000 0.000000
vt 1.000000 0.000000
vt 1.000000 0.000000
vt 1.000000 0.000000
vt 1.000000 0.000000
vt 1.000000 0.000000
vt 1.000000 0.000000
vt 1.000000 0.000000
vt 1.000000 0.000000
vt 1.000000 0.000000
vt 1.000000 0.000000
vt 1.000000 0.000000
vt 1.000000 0.000000
vt 1.000000 0.000000
vt 1.000000 0.000000
vt 1.000000 0.000000
vt 1.000000 0.000000
vt 1.000000 0.000000
vt 1.000000 0.000000
vt 1.000000 0.000000
vt 1.000000 0.000000
vt 1.000000 0.000000
vt 1.000000 0.000000
vt 1.000000 0.000000
vt 1.000000 0.000000
vt 1.000000 0.000000
vt 1.000000 0.000000
vt 1.000000 0.000000
vt 1.000000 0.000000
vt 1.000000 0.000000
vt 1.000000 0.000000
vt 1.000000 0.000000
vt 1.000000 0.000000
vt 1.000000 0.000000
vt 1.000000 0.000000
vt 1.000000 0.000000
vt 1.000000 0.000000
vt 1.000000 0.000000
vt 1.000000 0.000000
vt 1.000000 0.000000
vt 1.000000 0.000000
vt 1.000000 0.000000
vt 1.000000 0.000000
vt 1.000000 0.000000
vt 1.000000 0.000000
vt 1.000000 0.000000
vt 1.000000 0.000000
vt 1.000000 0.000000
vt 1.000000 0.000000
vt 1.000000 0.000000
vt 1.000000 0.000000
vt 1.000000 0.000000
vt 1.000000 0.000000
vt 1.000000 0.000000
vt 1.000000 0.000000
vt 1.000000 0.000000
vt 1.000000 0.000000
vt 1.000000 0.000000
vt 1.000000 0.000000
vt 1.000000 0.000000
vt 1.000000 0.000000
vt 1.000000 0.000000
vt 1.000000 0.000000
vt 1.000000 0.000000
vt 1.000000 0.000000
vt 1.000000 0.000000
vt 1.000000 0.000000
vt 1.000000 0.000000
vt 1.000000 0.000000
vt 1.000000 0.000000
vt 1.000000 0.000000
vt 1.000000 0.000000
vt 1.000000 0.000000
vt 1.000000 0.000000
vt 1.000000 0.000000
vt 1.000000 0.000000
vt 1.000000 0.000000
vt 1.000000 0.000000
vt 1.000000 0.000000
vt 1.000000 0.000000
vt 1.000000 0.000000
vt 1.000000 0.000000
vt 1.000000 0.000000
vt 1.000000 0.000000
vt 1.000000 0.000000
vt 1.000000 0.000000
vt 1.000000 0.000000
vt 1.000000 0.000000
vt 1.000000 0.000000
vt 1.000000 0.000000
vt 1.000000 0.000000
vt 1.000000 0.000000
vt 1.000000 0.000000
vt 1.000000 0.000000
vt 1.000000 0.000000
vt 1.000000 0.000000
vt 1.000000 0.000000
vt 1.000000 0.000000
vt 1.000000 0.000000
vt 1.000000 0.000000
vt 1.000000 0.000000
vt 1.000000 0.000000
vt 1.000000 0.000000
vt 1.000000 0.000000
vt 1.000000 0.000000
vt 1.000000 0.000000
vt 1.000000 0.000000
vt 1.000000 0.000000
vt 1.000000 0.000000
vt 1.000000 0.000000
vt 1.000000 0.000000
vt 1.000000 0.000000
vt 1.000000 0.000000
vt 1.000000 0.000000
vt 1.000000 0.000000
vt 1.000000 0.000000
vt 1.000000 0.000000
vt 1.000000 0.000000
vt 1.000000 0.000000
vt 1.000000 0.000000
vt 1.000000 0.000000
vt 1.000000 0.000000
vt 1.000000 0.000000
vt 1.000000 0.000000
vt 1.000000 0.000000
vt 1.000000 0.000000
vt 1.000000 0.000000
vt 1.000000 0.000000
vt 1.000000 0.000000
vt 1.000000 0.000000
vt 1.000000 0.000000
vt 1.000000 0.000000
vt 1.000000 0.000000
vt 1.000000 0.000000
vt 1.000000 0.000000
vt 1.000000 0.000000
vt 1.000000 0.000000
vt 1.000000 0.000000
vt 1.000000 0.000000
vt 1.000000 0.000000
vt 1.000000 0.000000
vt 1.000000 0.000000
vt 1.000000 0.000000
vt 1.000000 0.000000
vt 1.000000 0.000000
vt 1.000000 0.000000
vt 1.000000 0.000000
vt 1.000000 0.000000
vt 1.000000 0.000000
vt 1.000000 0.000000
vt 1.000000 0.000000
vt 1.000000 0.000000
vt 1.000000 0.000000
vt 1.000000 0.000000
vt 1.000000 0.000000
vt 1.000000 0.000000
vt 1.000000 0.000000
vt 1.000000 0.000000
vt 1.000000 0.000000
vt 1.000000 0.000000
vt 1.000000 0.000000
vt 1.000000 0.000000
vt 1.000000 0.000000
vt 1.000000 0.000000
vt 1.000000 0.000000
vt 1.000000 0.000000
vt 1.000000 0.000000
vt 1.000000 0.000000
vt 1.000000 0.000000
vt 1.000000 0.000000
vt 1.000000 0.000000
vt 1.000000 0.000000
vt 1.000000 0.000000
vt 1.000000 0.000000
vt 1.000000 0.000000
vt 1.000000 0.000000
vt 1.000000 0.000000
vt 1.000000 0.000000
vt 1.000000 0.000000
vt 1.000000 0.000000
vt 1.000000 0.000000
vt 1.000000 0.000000
vt 1.000000 0.000000
vt 1.000000 0.000000
vt 1.000000 0.000000
vt 1.000000 0.000000
vt 1.000000 0.000000
vt 1.000000 0.000000
vt 1.000000 0.000000
vt 1.000000 0.000000
vt 1.000000 0.000000
vt 1.000000 0.000000
vt 1.000000 0.000000
vt 1.000000 0.000000
vt 1.000000 0.000000
vt 1.000000 0.000000
vt 1.000000 0.000000
vt 1.000000 0.000000
vt 1.000000 0.000000
vt 1.000000 0.000000
vt 1.000000 0.000000
vt 1.000000 0.000000
vt 1.000000 0.000000
vt 1.000000 0.000000
vt 1.000000 0.000000
vt 1.000000 0.000000
vt 1.000000 0.000000
vt 1.000000 0.000000
vt 1.000000 0.000000
vt 1.000000 0.000000
vt 1.000000 0.000000
vt 1.000000 0.000000
vt 1.000000 0.000000
vt 1.000000 0.000000
vt 1.000000 0.000000
vt 1.000000 0.000000
vt 1.000000 0.000000
vt 1.000000 0.000000
vt 1.000000 0.000000
vt 1.000000 0.000000
vt 1.000000 0.000000
vt 1.000000 0.000000
vt 1.000000 0.000000
vt 1.000000 0.000000
vt 1.000000 0.000000
vt 1.000000 0.000000
vt 1.000000 0.000000
vt 1.000000 0.000000
vt 1.000000 0.000000
vt 1.000000 0.000000
vt 1.000000 0.000000
vt 1.000000 0.000000
vt 1.000000 0.000000
vt 1.000000 0.000000
vt 1.000000 0.000000
vt 1.000000 0.000000
vt 1.000000 0.000000
vt 1.000000 0.000000
vt 1.000000 0.000000
vt 1.000000 0.000000
vt 1.000000 0.000000
vt 1.000000 0.000000
vt 1.000000 0.000000
vt 1.000000 0.000000
vt 1.000000 0.000000
vt 1.000000 0.000000
vt 1.000000 0.000000
vt 1.000000 0.000000
vt 1.000000 0.000000
vt 1.000000 0.000000
vt 1.000000 0.000000
vt 1.000000 0.000000
vt 1.000000 0.000000
vt 1.000000 0.000000
vt 1.000000 0.000000
vt 1.000000 0.000000
vt 1.000000 0.000000
vt 1.000000 0.000000
vt 1.000000 0.000000
vt 1.000000 0.000000
vt 1.000000 0.000000
vt 1.000000 0.000000
vt 1.000000 0.000000
vt 1.000000 0.000000
vt 1.000000 0.000000
vt 1.000000 0.000000
vt 1.000000 0.000000
vt 1.000000 0.000000
vt 1.000000 0.000000
vt 1.000000 0.000000
vt 1.000000 0.000000
vt 1.000000 0.000000
vt 1.000000 0.000000
vt 1.000000 0.000000
vt 1.000000 0.000000
vt 1.000000 0.000000
vt 1.000000 0.000000
vt 1.000000 0.000000
vt 1.000000 0.000000
vt 1.000000 0.000000
vt 1.000000 0.000000
vt 1.000000 0.000000
vt 1.000000 0.000000
vt 1.000000 0.000000
vt 1.000000 0.000000
vt 1.000000 0.000000
vt 1.000000 0.000000
vt 1.000000 0.000000
vt 1.000000 0.000000
vt 1.000000 0.000000
vt 1.000000 0.000000
vt 1.000000 0.000000
vt 1.000000 0.000000
vt 1.000000 0.000000
vt 1.000000 0.000000
vt 1.000000 0.000000
vt 1.000000 0.000000
vt 1.000000 0.000000
vt 1.000000 0.000000
vt 1.000000 0.000000
vt 1.000000 0.000000
vt 1.000000 0.000000
vt 1.000000 0.000000
vt 1.000000 0.000000
vt 1.000000 0.000000
vt 1.000000 0.000000
vt 1.000000 0.000000
vt 1.000000 0.000000
vt 1.000000 0.000000
vt 1.000000 0.000000
vt 1.000000 0.000000
vt 1.000000 0.000000
vt 1.000000 0.000000
vt 1.000000 0.000000
vt 1.000000 0.000000
vt 1.000000 0.000000
vt 1.000000 0.000000
vt 1.000000 0.000000
vt 1.000000 0.000000
vt 1.000000 0.000000
vt 1.000000 0.000000
vt 1.000000 0.000000
vt 1.000000 0.000000
vt 1.000000 0.000000
vt 1.000000 0.000000
vt 1.000000 0.000000
vt 1.000000 0.000000
vt 1.000000 0.000000
vt 1.000000 0.000000
vt 1.000000 0.000000
vt 1.000000 0.000000
vt 1.000000 0.000000
vt 1.000000 0.000000
vt 1.000000 0.000000
vt 1.000000 0.000000
vt 1.000000 0.000000
vt 1.000000 0.000000
vt 1.000000 0.000000
vt 1.000000 0.000000
vt 1.000000 0.000000
vt 1.000000 0.000000
vt 1.000000 0.000000
vt 1.000000 0.000000
vt 1.000000 0.000000
vt 1.000000 0.000000
vt 1.000000 0.000000
vt 1.000000 0.000000
vt 1.000000 0.000000
vt 1.000000 0.000000
vt 1.000000 0.000000
vt 1.000000 0.000000
vt 1.000000 0.000000
vt 1.000000 0.000000
vt 1.000000 0.000000
vt 1.000000 0.000000
vt 1.000000 0.000000
vt 1.000000 0.000000
vt 1.000000 0.000000
vt 1.000000 0.000000
vt 1.000000 0.000000
vt 1.000000 0.000000
vt 1.000000 0.000000
vt 1.000000 0.000000
vt 1.000000 0.000000
vt 1.000000 0.000000
vt 1.000000 0.000000
vt 1.000000 0.000000
vt 1.000000 0.000000
vt 1.000000 0.000000
vt 1.000000 0.000000
vt 1.000000 0.000000
vt 1.000000 0.000000
vt 1.000000 0.000000
vt 1.000000 0.000000
vt 1.000000 0.000000
vt 1.000000 0.000000
vt 1.000000 0.000000
vt 1.000000 0.000000
vt 1.000000 0.000000
vt 1.000000 0.000000
vt 1.000000 0.000000
vt 1.000000 0.000000
vt 1.000000 0.000000
vt 1.000000 0.000000
vt 1.000000 0.000000
vt 1.000000 0.000000
vt 1.000000 0.000000
vt 1.000000 0.000000
vt 1.000000 0.000000
vt 1.000000 0.000000
vt 1.000000 0.000000
vt 1.000000 0.000000
vt 1.000000 0.000000
vt 1.000000 0.000000
vt 1.000000 0.000000
vt 1.000000 0.000000
vt 1.000000 0.000000
vt 1.000000 0.000000
vt 1.000000 0.000000
vt 1.000000 0.000000
vt 1.000000 0.000000
vt 1.000000 0.000000
vt 1.000000 0.000000
vt 1.000000 0.000000
vt 1.000000 0.000000
vt 1.000000 0.000000
vt 1.000000 0.000000
vt 1.000000 0.000000
vt 1.000000 0.000000
vt 1.000000 0.000000
vt 1.000000 0.000000
vt 1.000000 0.000000
vt 1.000000 0.000000
vt 1.000000 0.000000
vt 1.000000 0.000000
vt 1.000000 0.000000
vt 1.000000 0.000000
vt 1.000000 0.000000
vt 1.000000 0.000000
vt 1.000000 0.000000
vt 1.000000 0.000000
vt 1.000000 0.000000
vt 1.000000 0.000000
vt 1.000000 0.000000
vt 1.000000 0.000000
vt 1.000000 0.000000
vt 1.000000 0.000000
vt 1.000000 0.000000
vt 1.000000 0.000000
vt 1.000000 0.000000
vt 1.000000 0.000000
vt 1.000000 0.000000
vt 1.000000 0.000000
vt 1.000000 0.000000
vt 1.000000 0.000000
vt 1.000000 0.000000
vt 1.000000 0.000000
vt 1.000000 0.000000
vt 1.000000 0.000000
vt 1.000000 0.000000
vt 1.000000 0.000000
vt 1.000000 0.000000
vt 1.000000 0.000000
vt 1.000000 0.000000
vt 1.000000 0.000000
vt 1.000000 0.000000
vt 1.000000 0.000000
vt 1.000000 0.000000
vt 1.000000 0.000000
vt 1.000000 0.000000
vt 1.000000 0.000000
vt 1.000000 0.000000
vt 1.000000 0.000000
vt 1.000000 0.000000
vt 1.000000 0.000000
vt 1.000000 0.000000
vt 1.000000 0.000000
vt 1.000000 0.000000
vt 1.000000 0.000000
vt 1.000000 0.000000
vt 1.000000 0.000000
vt 1.000000 0.000000
vt 1.000000 0.000000
vt 1.000000 0.000000
vt 1.000000 0.000000
vt 1.000000 0.000000
vt 1.000000 0.000000
vt 1.000000 0.000000
vt 1.000000 0.000000
vt 1.000000 0.000000
vt 1.000000 0.000000
vt 1.000000 0.000000
vt 1.000000 0.000000
vt 1.000000 0.000000
vt 1.000000 0.000000
vt 1.000000 0.000000
vt 1.000000 0.000000
vt 1.000000 0.000000
vt 1.000000 0.000000
vt 1.000000 0.000000
vt 1.000000 0.000000
vt 1.000000 0.000000
vt 1.000000 0.000000
vt 1.000000 0.000000
vt 1.000000 0.000000
vt 1.000000 0.000000
vt 1.000000 0.000000
vt 1.000000 0.000000
vt 1.000000 0.000000
vt 1.000000 0.000000
vt 1.000000 0.000000
vt 1.000000 0.000000
vt 1.000000 0.000000
vt 1.000000 0.000000
vt 1.000000 0.000000
vt 1.000000 0.000000
vt 1.000000 0.000000
vt 1.000000 0.000000
vt 1.000000 0.000000
vt 1.000000 0.000000
vt 1.000000 0.000000
vt 1.000000 0.000000
vt 1.000000 0.000000
vt 1.000000 0.000000
vt 1.000000 0.000000
vt 1.000000 0.000000
vt 1.000000 0.000000
vt 1.000000 0.000000
vt 1.000000 0.000000
vt 1.000000 0.000000
vt 1.000000 0.000000
vt 1.000000 0.000000
vt 1.000000 0.000000
vt 1.000000 0.000000
vt 1.000000 0.000000
vt 1.000000 0.000000
vt 1.000000 0.000000
vt 1.000000 0.000000
vt 1.000000 0.000000
vt 1.000000 0.000000
vt 1.000000 0.000000
vt 1.000000 0.000000
vt 1.000000 0.000000
vt 1.000000 0.000000
vt 1.000000 0.000000
vt 1.000000 0.000000
vt 1.000000 0.000000
vt 1.000000 0.000000
vt 1.000000 0.000000
vt 1.000000 0.000000
vt 1.000000 0.000000
vt 1.000000 0.000000
vt 1.000000 0.000000
vt 1.000000 0.000000
vt 1.000000 0.000000
vt 1.000000 0.000000
vt 1.000000 0.000000
vt 1.000000 0.000000
vt 1.000000 0.000000
vt 1.000000 0.000000
vt 1.000000 0.000000
vt 1.000000 0.000000
vt 1.000000 0.000000
vt 1.000000 0.000000
vt 1.000000 0.000000
vt 1.000000 0.000000
vt 1.000000 0.000000
vt 1.000000 0.000000
vt 1.000000 0.000000
vt 1.000000 0.000000
vt 1.000000 0.000000
vt 1.000000 0.000000
vt 1.000000 0.000000
vt 1.000000 0.000000
vt 1.000000 0.000000
vt 1.000000 0.000000
vt 1.000000 0.000000
vt 1.000000 0.000000
vt 1.000000 0.000000
vt 1.000000 0.000000
vt 1.000000 0.000000
vt 1.000000 0.000000
vt 1.000000 0.000000
vt 1.000000 0.000000
vt 1.000000 0.000000
vt 1.000000 0.000000
vt 1.000000 0.000000
vt 1.000000 0.000000
vt 1.000000 0.000000
vt 1.000000 0.000000
vt 1.000000 0.000000
vt 1.000000 0.000000
vt 1.000000 0.000000
vt 1.000000 0.000000
vt 1.000000 0.000000
vt 1.000000 0.000000
vt 1.000000 0.000000
vt 1.000000 0.000000
vt 1.000000 0.000000
vt 1.000000 0.000000
vt 1.000000 0.000000
vt 1.000000 0.000000
vt 1.000000 0.000000
vt 1.000000 0.000000
vt 1.000000 0.000000
vt 1.000000 0.000000
vt 1.000000 0.000000
vt 1.000000 0.000000
vt 1.000000 0.000000
vt 1.000000 0.000000
vt 1.000000 0.000000
vt 1.000000 0.000000
vt 1.000000 0.000000
vt 1.000000 0.000000
vt 1.000000 0.000000
vt 1.000000 0.000000
vt 1.000000 0.000000
vt 1.000000 0.000000
vt 1.000000 0.000000
vt 1.000000 0.000000
vt 1.000000 0.000000
vt 1.000000 0.000000
vt 1.000000 0.000000
vt 1.000000 0.000000
vt 1.000000 0.000000
vt 1.000000 0.000000
vt 1.000000 0.000000
vt 1.000000 0.000000
vt 1.000000 0.000000
vt 1.000000 0.000000
vt 1.000000 0.000000
vt 1.000000 0.000000
vt 1.000000 0.000000
vt 1.000000 0.000000
vt 1.000000 0.000000
vt 1.000000 0.000000
vt 1.000000 0.000000
vt 1.000000 0.000000
vt 1.000000 0.000000
vt 1.000000 0.000000
vt 1.000000 0.000000
vt 1.000000 0.000000
vt 1.000000 0.000000
vt 1.000000 0.000000
vt 1.000000 0.000000
vt 1.000000 0.000000
vt 1.000000 0.000000
vt 1.000000 0.000000
vt 1.000000 0.000000
vt 1.000000 0.000000
vt 1.000000 0.000000
vt 1.000000 0.000000
vt 1.000000 0.000000
vt 1.000000 0.000000
vt 1.000000 0.000000
vt 1.000000 0.000000
vt 1.000000 0.000000
vt 1.000000 0.000000
vt 1.000000 0.000000
vt 1.000000 0.000000
vt 1.000000 0.000000
vt 1.000000 0.000000
vt 1.000000 0.000000
vt 1.000000 0.000000
vt 1.000000 0.000000
vt 1.000000 0.000000
vt 1.000000 0.000000
vt 1.000000 0.000000
vt 1.000000 0.000000
vt 1.000000 0.000000
vt 1.000000 0.000000
vt 1.000000 0.000000
vt 1.000000 0.000000
vt 1.000000 0.000000
vt 1.000000 0.000000
vt 1.000000 0.000000
vt 1.000000 0.000000
vt 1.000000 0.000000
vt 1.000000 0.000000
vt 1.000000 0.000000
vt 1.000000 0.000000
vt 1.000000 0.000000
vt 1.000000 0.000000
vt 1.000000 0.000000
vt 1.000000 0.000000
vt 1.000000 0.000000
vt 1.000000 0.000000
vt 1.000000 0.000000
vt 1.000000 0.000000
vt 1.000000 0.000000
vt 1.000000 0.000000
vt 1.000000 0.000000
vt 1.000000 0.000000
vt 1.000000 0.000000
vt 1.000000 0.000000
vt 1.000000 0.000000
vt 1.000000 0.000000
vt 1.000000 0.000000
vt 1.000000 0.000000
vt 1.000000 0.000000
vt 1.000000 0.000000
vt 1.000000 0.000000
vt 1.000000 0.000000
vt 1.000000 0.000000
vt 1.000000 0.000000
vt 1.000000 0.000000
vt 1.000000 0.000000
vt 1.000000 0.000000
vt 1.000000 0.000000
vt 1.000000 0.000000
vt 1.000000 0.000000
vt 1.000000 0.000000
vt 1.000000 0.000000
vt 1.000000 0.000000
vt 1.000000 0.000000
vt 1.000000 0.000000
vt 1.000000 0.000000
vt 1.000000 0.000000
vt 1.000000 0.000000
vt 1.000000 0.000000
vt 1.000000 0.000000
vt 1.000000 0.000000
vt 1.000000 0.000000
vt 1.000000 0.000000
vt 1.000000 0.000000
vt 1.000000 0.000000
vt 1.000000 0.000000
vt 1.000000 0.000000
vt 1.000000 0.000000
vt 1.000000 0.000000
vt 1.000000 0.000000
vt 1.000000 0.000000
vt 1.000000 0.000000
vt 1.000000 0.000000
vt 1.000000 0.000000
vt 1.000000 0.000000
vt 1.000000 0.000000
vt 1.000000 0.000000
vt 1.000000 0.000000
vt 1.000000 0.000000
vt 1.000000 0.000000
vt 1.000000 0.000000
vt 1.000000 0.000000
vt 1.000000 0.000000
vt 1.000000 0.000000
vt 1.000000 0.000000
vt 1.000000 0.000000
vt 1.000000 0.000000
vt 1.000000 0.000000
vt 1.000000 0.000000
vt 1.000000 0.000000
vt 1.000000 0.000000
vt 1.000000 0.000000
vt 1.000000 0.000000
vt 1.000000 0.000000
vt 1.000000 0.000000
vt 1.000000 0.000000
vt 1.000000 0.000000
vt 1.000000 0.000000
vt 1.000000 0.000000
vt 1.000000 0.000000
vt 1.000000 0.000000
vt 1.000000 0.000000
vt 1.000000 0.000000
vt 1.000000 0.000000
vt 1.000000 0.000000
vt 1.000000 0.000000
vt 1.000000 0.000000
vt 1.000000 0.000000
vt 1.000000 0.000000
vt 1.000000 0.000000
vt 1.000000 0.000000
vt 1.000000 0.000000
vt 1.000000 0.000000
vt 1.000000 0.000000
vt 1.000000 0.000000
vt 1.000000 0.000000
vt 1.000000 0.000000
vt 1.000000 0.000000
vt 1.000000 0.000000
vt 1.000000 0.000000
vt 1.000000 0.000000
vt 1.000000 0.000000
vt 1.000000 0.000000
vt 1.000000 0.000000
vt 1.000000 0.000000
vt 1.000000 0.000000
vt 1.000000 0.000000
vt 1.000000 0.000000
vt 1.000000 0.000000
vt 1.000000 0.000000
vt 1.000000 0.000000
vt 1.000000 0.000000
vt 1.000000 0.000000
vt 1.000000 0.000000
vt 1.000000 0.000000
vt 1.000000 0.000000
vt 1.000000 0.000000
vt 1.000000 0.000000
vt 1.000000 0.000000
vt 1.000000 0.000000
vt 1.000000 0.000000
vt 1.000000 0.000000
vt 1.000000 0.000000
vt 1.000000 0.000000
vt 1.000000 0.000000
vt 1.000000 0.000000
vt 1.000000 0.000000
vt 1.000000 0.000000
vt 1.000000 0.000000
vt 1.000000 0.000000
vt 1.000000 0.000000
vt 1.000000 0.000000
vt 1.000000 0.000000
vt 1.000000 0.000000
vt 1.000000 0.000000
vt 1.000000 0.000000
vt 1.000000 0.000000
vt 1.000000 0.000000
vt 1.000000 0.000000
vt 1.000000 0.000000
vt 1.000000 0.000000
vt 1.000000 0.000000
vt 1.000000 0.000000
vt 1.000000 0.000000
vt 1.000000 0.000000
vt 1.000000 0.000000
vt 1.000000 0.000000
vt 1.000000 0.000000
vt 1.000000 0.000000
vt 1.000000 0.000000
vt 1.000000 0.000000
vt 1.000000 0.000000
vt 1.000000 0.000000
vt 1.000000 0.000000
vt 1.000000 0.000000
vt 1.000000 0.000000
vt 1.000000 0.000000
vt 1.000000 0.000000
vt 1.000000 0.000000
vt 1.000000 0.000000
vt 1.000000 0.000000
vt 1.000000 0.000000
vt 1.000000 0.000000
vt 1.000000 0.000000
vt 1.000000 0.000000
vt 1.000000 0.000000
vt 1.000000 0.000000
vt 1.000000 0.000000
vt 1.000000 0.000000
vt 1.000000 0.000000
vt 1.000000 0.000000
vt 1.000000 0.000000
vt 1.000000 0.000000
vt 1.000000 0.000000
vt 1.000000 0.000000
vt 1.000000 0.000000
vt 1.000000 0.000000
vt 1.000000 0.000000
vt 1.000000 0.000000
vt 1.000000 0.000000
vt 1.000000 0.000000
vt 1.000000 0.000000
vt 1.000000 0.000000
vt 1.000000 0.000000
vt 1.000000 0.000000
vt 1.000000 0.000000
vt 1.000000 0.000000
vt 1.000000 0.000000
vt 1.000000 0.000000
vt 1.000000 0.000000
vt 1.000000 0.000000
vt 1.000000 0.000000
vt 1.000000 0.000000
vt 1.000000 0.000000
vt 1.000000 0.000000
vt 1.000000 0.000000
vt 1.000000 0.000000
vt 1.000000 0.000000
vt 1.000000 0.000000
vt 1.000000 0.000000
vt 1.000000 0.000000
vt 1.000000 0.000000
vt 1.000000 0.000000
vt 1.000000 0.000000
vt 1.000000 0.000000
vt 1.000000 0.000000
vt 1.000000 0.000000
vt 1.000000 0.000000
vt 1.000000 0.000000
vt 1.000000 0.000000
vt 1.000000 0.000000
vt 1.000000 0.000000
vt 1.000000 0.000000
vt 1.000000 0.000000
vt 1.000000 0.000000
vt 1.000000 0.000000
vt 1.000000 0.000000
vt 1.000000 0.000000
vt 1.000000 0.000000
vt 1.000000 0.000000
vt 1.000000 0.000000
vt 1.000000 0.000000
vt 1.000000 0.000000
vt 1.000000 0.000000
vt 1.000000 0.000000
vt 1.000000 0.000000
vt 1.000000 0.000000
vt 1.000000 0.000000
vt 1.000000 0.000000
vt 1.000000 0.000000
vt 1.000000 0.000000
vt 1.000000 0.000000
vt 1.000000 0.000000
vt 1.000000 0.000000
vt 1.000000 0.000000
vt 1.000000 0.000000
vt 1.000000 0.000000
vt 1.000000 0.000000
vt 1.000000 0.000000
vt 1.000000 0.000000
vt 1.000000 0.000000
vt 1.000000 0.000000
vt 1.000000 0.000000
vt 1.000000 0.000000
vt 1.000000 0.000000
vt 1.000000 0.000000
vt 1.000000 0.000000
vt 1.000000 0.000000
vt 1.000000 0.000000
vt 1.000000 0.000000
vt 1.000000 0.000000
vt 1.000000 0.000000
vt 1.000000 0.000000
vt 1.000000 0.000000
vt 1.000000 0.000000
vt 1.000000 0.000000
vt 1.000000 0.000000
vt 1.000000 0.000000
vt 1.000000 0.000000
vt 1.000000 0.000000
vt 1.000000 0.000000
vt 1.000000 0.000000
vt 1.000000 0.000000
vt 1.000000 0.000000
vt 1.000000 0.000000
vt 1.000000 0.000000
vt 1.000000 0.000000
vt 1.000000 0.000000
vt 1.000000 0.000000
vt 1.000000 0.000000
vt 1.000000 0.000000
vt 1.000000 0.000000
vt 1.000000 0.000000
vt 1.000000 0.000000
vt 1.000000 0.000000
vt 1.000000 0.000000
vt 1.000000 0.000000
vt 1.000000 0.000000
vt 1.000000 0.000000
vt 1.000000 0.000000
vt 1.000000 0.000000
vt 1.000000 0.000000
vt 1.000000 0.000000
vt 1.000000 0.000000
vt 1.000000 0.000000
vt 1.000000 0.000000
vt 1.000000 0.000000
vt 1.000000 0.000000
vt 1.000000 0.000000
vt 1.000000 0.000000
vt 1.000000 0.000000
vt 1.000000 0.000000
vt 1.000000 0.000000
vt 1.000000 0.000000
vt 1.000000 0.000000
vt 1.000000 0.000000
vt 1.000000 0.000000
vt 1.000000 0.000000
vt 1.000000 0.000000
vt 1.000000 0.000000
vt 1.000000 0.000000
vt 1.000000 0.000000
vt 1.000000 0.000000
vt 1.000000 0.000000
vt 1.000000 0.000000
vt 1.000000 0.000000
vt 1.000000 0.000000
vt 1.000000 0.000000
vt 1.000000 0.000000
vt 1.000000 0.000000
vt 1.000000 0.000000
vt 1.000000 0.000000
vt 1.000000 0.000000
vt 1.000000 0.000000
vt 1.000000 0.000000
vt 1.000000 0.000000
vt 1.000000 0.000000
vt 1.000000 0.000000
vt 1.000000 0.000000
vt 1.000000 0.000000
vt 1.000000 0.000000
vt 1.000000 0.000000
vt 1.000000 0.000000
vt 1.000000 0.000000
vt 1.000000 0.000000
vt 1.000000 0.000000
vt 1.000000 0.000000
vt 1.000000 0.000000
vt 1.000000 0.000000
vt 1.000000 0.000000
vt 1.000000 0.000000
vt 1.000000 0.000000
vt 1.000000 0.000000
vt 1.000000 0.000000
vt 1.000000 0.000000
vt 1.000000 0.000000
vt 1.000000 0.000000
vt 1.000000 0.000000
vt 1.000000 0.000000
vt 1.000000 0.000000
vt 1.000000 0.000000
vt 1.000000 0.000000
vt 1.000000 0.000000
vt 1.000000 0.000000
vt 1.000000 0.000000
vt 1.000000 0.000000
vt 1.000000 0.000000
vt 1.000000 0.000000
vt 1.000000 0.000000
vt 1.000000 0.000000
vt 1.000000 0.000000
vt 1.000000 0.000000
vt 1.000000 0.000000
vt 1.000000 0.000000
vt 1.000000 0.000000
vt 1.000000 0.000000
vt 1.000000 0.000000
vt 1.000000 0.000000
vt 1.000000 0.000000
vt 1.000000 0.000000
vt 1.000000 0.000000
vt 1.000000 0.000000
vt 1.000000 0.000000
vt 1.000000 0.000000
vt 1.000000 0.000000
vt 1.000000 0.000000
vt 1.000000 0.000000
vt 1.000000 0.000000
vt 1.000000 0.000000
vt 1.000000 0.000000
vt 1.000000 0.000000
vt 1.000000 0.000000
vt 1.000000 0.000000
vt 1.000000 0.000000
vt 1.000000 0.000000
vt 1.000000 0.000000
vt 1.000000 0.000000
vt 1.000000 0.000000
vt 1.000000 0.000000
vt 1.000000 0.000000
vt 1.000000 0.000000
vt 1.000000 0.000000
vt 1.000000 0.000000
vt 1.000000 0.000000
vt 1.000000 0.000000
vt 1.000000 0.000000
vt 1.000000 0.000000
vt 1.000000 0.000000
vt 1.000000 0.000000
vt 1.000000 0.000000
vt 1.000000 0.000000
vt 1.000000 0.000000
vt 1.000000 0.000000
vt 1.000000 0.000000
vt 1.000000 0.000000
vt 1.000000 0.000000
vt 1.000000 0.000000
vt 1.000000 0.000000
vt 1.000000 0.000000
vt 1.000000 0.000000
vt 1.000000 0.000000
vt 1.000000 0.000000
vt 1.000000 0.000000
vt 1.000000 0.000000
vt 1.000000 0.000000
vt 1.000000 0.000000
vt 1.000000 0.000000
vt 1.000000 0.000000
vt 1.000000 0.000000
vt 1.000000 0.000000
vt 1.000000 0.000000
vt 1.000000 0.000000
vt 1.000000 0.000000
vt 1.000000 0.000000
vt 1.000000 0.000000
vt 1.000000 0.000000
vt 1.000000 0.000000
vt 1.000000 0.000000
vt 1.000000 0.000000
vt 1.000000 0.000000
vt 1.000000 0.000000
vt 1.000000 0.000000
vt 1.000000 0.000000
vt 1.000000 0.000000
vt 1.000000 0.000000
vt 1.000000 0.000000
vt 1.000000 0.000000
vt 1.000000 0.000000
vt 1.000000 0.000000
vt 1.000000 0.000000
vt 1.000000 0.000000
vt 1.000000 0.000000
vt 1.000000 0.000000
vt 1.000000 0.000000
vt 1.000000 0.000000
vt 1.000000 0.000000
vt 1.000000 0.000000
vt 1.000000 0.000000
vt 1.000000 0.000000
vt 1.000000 0.000000
vt 1.000000 0.000000
vt 1.000000 0.000000
vt 1.000000 0.000000
vt 1.000000 0.000000
vt 1.000000 0.000000
vt 1.000000 0.000000
vt 1.000000 0.000000
vt 1.000000 0.000000
vt 1.000000 0.000000
vt 1.000000 0.000000
vt 1.000000 0.000000
vt 1.000000 0.000000
vt 1.000000 0.000000
vt 1.000000 0.000000
vt 1.000000 0.000000
vt 1.000000 0.000000
vt 1.000000 0.000000
vt 1.000000 0.000000
vt 1.000000 0.000000
vt 1.000000 0.000000
vt 1.000000 0.000000
vt 1.000000 0.000000
vt 1.000000 0.000000
vt 1.000000 0.000000
vt 1.000000 0.000000
vt 1.000000 0.000000
vt 1.000000 0.000000
vt 1.000000 0.000000
vt 1.000000 0.000000
vt 1.000000 0.000000
vt 1.000000 0.000000
vt 1.000000 0.000000
vt 1.000000 0.000000
vt 1.000000 0.000000
vt 1.000000 0.000000
vt 1.000000 0.000000
vt 1.000000 0.000000
vt 1.000000 0.000000
vt 1.000000 0.000000
vt 1.000000 0.000000
vt 1.000000 0.000000
vt 1.000000 0.000000
vt 1.000000 0.000000
vt 1.000000 0.000000
vt 1.000000 0.000000
vt 1.000000 0.000000
vt 1.000000 0.000000
vt 1.000000 0.000000
vt 1.000000 0.000000
vt 1.000000 0.000000
vt 1.000000 0.000000
vt 1.000000 0.000000
vt 1.000000 0.000000
vt 1.000000 0.000000
vt 1.000000 0.000000
vt 1.000000 0.000000
vt 1.000000 0.000000
vt 1.000000 0.000000
vt 1.000000 0.000000
vt 1.000000 0.000000
vt 1.000000 0.000000
vt 1.000000 0.000000
vt 1.000000 0.000000
vt 1.000000 0.000000
vt 1.000000 0.000000
vt 1.000000 0.000000
vt 1.000000 0.000000
vt 1.000000 0.000000
vt 1.000000 0.000000
vt 1.000000 0.000000
vt 1.000000 0.000000
vt 1.000000 0.000000
vt 1.000000 0.000000
vt 1.000000 0.000000
vt 1.000000 0.000000
vt 1.000000 0.000000
vt 1.000000 0.000000
vt 1.000000 0.000000
vt 1.000000 0.000000
vt 1.000000 0.000000
vt 1.000000 0.000000
vt 1.000000 0.000000
vt 1.000000 0.000000
vt 1.000000 0.000000
vt 1.000000 0.000000
vt 1.000000 0.000000
vt 1.000000 0.000000
vt 1.000000 0.000000
vt 1.000000 0.000000
vt 1.000000 0.000000
vt 1.000000 0.000000
vt 1.000000 0.000000
vt 1.000000 0.000000
vt 1.000000 0.000000
vt 1.000000 0.000000
vt 1.000000 0.000000
vt 1.000000 0.000000
vt 1.000000 0.000000
vt 1.000000 0.000000
vt 1.000000 0.000000
vt 1.000000 0.000000
vt 1.000000 0.000000
vt 1.000000 0.000000
vt 1.000000 0.000000
vt 1.000000 0.000000
vt 1.000000 0.000000
vt 1.000000 0.000000
vt 1.000000 0.000000
vt 1.000000 0.000000
vt 1.000000 0.000000
vt 1.000000 0.000000
vt 1.000000 0.000000
vt 1.000000 0.000000
vt 1.000000 0.000000
vt 1.000000 0.000000
vt 1.000000 0.000000
vt 1.000000 0.000000
vt 1.000000 0.000000
vt 1.000000 0.000000
vt 1.000000 0.000000
vt 1.000000 0.000000
vt 1.000000 0.000000
vt 1.000000 0.000000
vt 1.000000 0.000000
vt 1.000000 0.000000
vt 1.000000 0.000000
vt 1.000000 0.000000
vt 1.000000 0.000000
vt 1.000000 0.000000
vt 1.000000 0.000000
vt 1.000000 0.000000
vt 1.000000 0.000000
vt 1.000000 0.000000
vt 1.000000 0.000000
vt 1.000000 0.000000
vt 1.000000 0.000000
vt 1.000000 0.000000
vt 1.000000 0.000000
vt 1.000000 0.000000
vt 1.000000 0.000000
vt 1.000000 0.000000
vt 1.000000 0.000000
vt 1.000000 0.000000
vt 1.000000 0.000000
vt 1.000000 0.000000
vt 1.000000 0.000000
vt 1.000000 0.000000
vt 1.000000 0.000000
vt 1.000000 0.000000
vt 1.000000 0.000000
vt 1.000000 0.000000
vt 1.000000 0.000000
vt 1.000000 0.000000
vt 1.000000 0.000000
vt 1.000000 0.000000
vt 1.000000 0.000000
vt 1.000000 0.000000
vt 1.000000 0.000000
vt 1.000000 0.000000
vt 1.000000 0.000000
vt 1.000000 0.000000
vt 1.000000 0.000000
vt 1.000000 0.000000
vt 1.000000 0.000000
vt 1.000000 0.000000
vt 1.000000 0.000000
vt 1.000000 0.000000
vt 1.000000 0.000000
vt 1.000000 0.000000
vt 1.000000 0.000000
vt 1.000000 0.000000
vt 1.000000 0.000000
vt 1.000000 0.000000
vt 1.000000 0.000000
vt 1.000000 0.000000
vt 1.000000 0.000000
vt 1.000000 0.000000
vt 1.000000 0.000000
vt 1.000000 0.000000
vt 1.000000 0.000000
vt 1.000000 0.000000
vt 1.000000 0.000000
vt 1.000000 0.000000
vt 1.000000 0.000000
vt 1.000000 0.000000
vt 1.000000 0.000000
vt 1.000000 0.000000
vt 1.000000 0.000000
vt 1.000000 0.000000
vt 1.000000 0.000000
vt 1.000000 0.000000
vt 1.000000 0.000000
vt 1.000000 0.000000
vt 1.000000 0.000000
vt 1.000000 0.000000
vt 1.000000 0.000000
vt 1.000000 0.000000
vt 1.000000 0.000000
vt 1.000000 0.000000
vt 1.000000 0.000000
vt 1.000000 0.000000
vt 1.000000 0.000000
vt 1.000000 0.000000
vt 1.000000 0.000000
vt 1.000000 0.000000
vt 1.000000 0.000000
vt 1.000000 0.000000
vt 1.000000 0.000000
vt 1.000000 0.000000
vt 1.000000 0.000000
vt 1.000000 0.000000
vt 1.000000 0.000000
vt 1.000000 0.000000
vt 1.000000 0.000000
vt 1.000000 0.000000
vt 1.000000 0.000000
vt 1.000000 0.000000
vt 1.000000 0.000000
vt 1.000000 0.000000
vt 1.000000 0.000000
vt 1.000000 0.000000
vt 1.000000 0.000000
vt 1.000000 0.000000
vt 1.000000 0.000000
vt 1.000000 0.000000
vt 1.000000 0.000000
vt 1.000000 0.000000
vt 1.000000 0.000000
vt 1.000000 0.000000
vt 1.000000 0.000000
vt 1.000000 0.000000
vt 1.000000 0.000000
vt 1.000000 0.000000
vt 1.000000 0.000000
vt 1.000000 0.000000
vt 1.000000 0.000000
vt 1.000000 0.000000
vt 1.000000 0.000000
vt 1.000000 0.000000
vt 1.000000 0.000000
vt 1.000000 0.000000
vt 1.000000 0.000000
vt 1.000000 0.000000
vt 1.000000 0.000000
vt 1.000000 0.000000
vt 1.000000 0.000000
vt 1.000000 0.000000
vt 1.000000 0.000000
vt 1.000000 0.000000
vt 1.000000 0.000000
vt 1.000000 0.000000
vt 1.000000 0.000000
vt 1.000000 0.000000
vt 1.000000 0.000000
vt 1.000000 0.000000
vt 1.000000 0.000000
vt 1.000000 0.000000
vt 1.000000 0.000000
vt 1.000000 0.000000
vt 1.000000 0.000000
vt 1.000000 0.000000
vt 1.000000 0.000000
vt 1.000000 0.000000
vt 1.000000 0.000000
vt 1.000000 0.000000
vt 1.000000 0.000000
vt 1.000000 0.000000
vt 1.000000 0.000000
vt 1.000000 0.000000
vt 1.000000 0.000000
vt 1.000000 0.000000
vt 1.000000 0.000000
vt 1.000000 0.000000
vt 1.000000 0.000000
vt 1.000000 0.000000
vt 1.000000 0.000000
vt 1.000000 0.000000
vt 1.000000 0.000000
vt 1.000000 0.000000
vt 1.000000 0.000000
vt 1.000000 0.000000
vt 1.000000 0.000000
vt 1.000000 0.000000
vt 1.000000 0.000000
vt 1.000000 0.000000
vt 1.000000 0.000000
vt 1.000000 0.000000
vt 1.000000 0.000000
vt 1.000000 0.000000
vt 1.000000 0.000000
vt 1.000000 0.000000
vt 1.000000 0.000000
vt 1.000000 0.000000
vt 1.000000 0.000000
vt 1.000000 0.000000
vt 1.000000 0.000000
vt 1.000000 0.000000
vt 1.000000 0.000000
vt 1.000000 0.000000
vt 1.000000 0.000000
vt 1.000000 0.000000
vt 1.000000 0.000000
vt 1.000000 0.000000
vt 1.000000 0.000000
vt 1.000000 0.000000
vt 1.000000 0.000000
vt 1.000000 0.000000
vt 1.000000 0.000000
vt 1.000000 0.000000
vt 1.000000 0.000000
vt 1.000000 0.000000
vt 1.000000 0.000000
vt 1.000000 0.000000
vt 1.000000 0.000000
vt 1.000000 0.000000
vt 1.000000 0.000000
vt 1.000000 0.000000
vt 1.000000 0.000000
vt 1.000000 0.000000
vt 1.000000 0.000000
vt 1.000000 0.000000
vt 1.000000 0.000000
vt 1.000000 0.000000
vt 1.000000 0.000000
vt 1.000000 0.000000
vt 1.000000 0.000000
vt 1.000000 0.000000
vt 1.000000 0.000000
vt 1.000000 0.000000
vt 1.000000 0.000000
vt 1.000000 0.000000
vt 1.000000 0.000000
vt 1.000000 0.000000
vt 1.000000 0.000000
vt 1.000000 0.000000
vt 1.000000 0.000000
vt 1.000000 0.000000
vt 1.000000 0.000000
vt 1.000000 0.000000
vt 1.000000 0.000000
vt 1.000000 0.000000
vt 1.000000 0.000000
vt 1.000000 0.000000
vt 1.000000 0.000000
vt 1.000000 0.000000
vt 1.000000 0.000000
vt 1.000000 0.000000
vt 1.000000 0.000000
vt 1.000000 0.000000
vt 1.000000 0.000000
vt 1.000000 0.000000
vt 1.000000 0.000000
vt 1.000000 0.000000
vt 1.000000 0.000000
vt 1.000000 0.000000
vt 1.000000 0.000000
vt 1.000000 0.000000
vt 1.000000 0.000000
vt 1.000000 0.000000
vt 1.000000 0.000000
vt 1.000000 0.000000
vt 1.000000 0.000000
vt 1.000000 0.000000
vt 1.000000 0.000000
vt 1.000000 0.000000
vt 1.000000 0.000000
vt 1.000000 0.000000
vt 1.000000 0.000000
vt 1.000000 0.000000
vt 1.000000 0.000000
vt 1.000000 0.000000
vt 1.000000 0.000000
vt 1.000000 0.000000
vt 1.000000 0.000000
vt 1.000000 0.000000
vt 1.000000 0.000000
vt 1.000000 0.000000
vt 1.000000 0.000000
vt 1.000000 0.000000
vt 1.000000 0.000000
vt 1.000000 0.000000
vt 1.000000 0.000000
vt 1.000000 0.000000
vt 1.000000 0.000000
vt 1.000000 0.000000
vt 1.000000 0.000000
vt 1.000000 0.000000
vt 1.000000 0.000000
vt 1.000000 0.000000
vt 1.000000 0.000000
vt 1.000000 0.000000
vt 1.000000 0.000000
vt 1.000000 0.000000
vt 1.000000 0.000000
vt 1.000000 0.000000
vt 1.000000 0.000000
vt 1.000000 0.000000
vt 1.000000 0.000000
vt 1.000000 0.000000
vt 1.000000 0.000000
vt 1.000000 0.000000
vt 1.000000 0.000000
vt 1.000000 0.000000
vt 1.000000 0.000000
vt 1.000000 0.000000
vt 1.000000 0.000000
vt 1.000000 0.000000
vt 1.000000 0.000000
vt 1.000000 0.000000
vt 1.000000 0.000000
vt 1.000000 0.000000
vt 1.000000 0.000000
vt 1.000000 0.000000
vt 1.000000 0.000000
vt 1.000000 0.000000
vt 1.000000 0.000000
vt 1.000000 0.000000
vt 1.000000 0.000000
vt 1.000000 0.000000
vt 1.000000 0.000000
vt 1.000000 0.000000
vt 1.000000 0.000000
vt 1.000000 0.000000
vt 1.000000 0.000000
vt 1.000000 0.000000
vt 1.000000 0.000000
vt 1.000000 0.000000
vt 1.000000 0.000000
vt 1.000000 0.000000
vt 1.000000 0.000000
vt 1.000000 0.000000
vt 1.000000 0.000000
vt 1.000000 0.000000
vt 1.000000 0.000000
vt 1.000000 0.000000
vt 1.000000 0.000000
vt 1.000000 0.000000
vt 1.000000 0.000000
vt 1.000000 0.000000
vt 1.000000 0.000000
vt 1.000000 0.000000
vt 1.000000 0.000000
vt 1.000000 0.000000
vt 1.000000 0.000000
vt 1.000000 0.000000
vt 1.000000 0.000000
vt 1.000000 0.000000
vt 1.000000 0.000000
vt 1.000000 0.000000
vt 1.000000 0.000000
vt 1.000000 0.000000
vt 1.000000 0.000000
vt 1.000000 0.000000
vt 1.000000 0.000000
vt 1.000000 0.000000
vt 1.000000 0.000000
vt 1.000000 0.000000
vt 1.000000 0.000000
vt 1.000000 0.000000
vt 1.000000 0.000000
vt 1.000000 0.000000
vt 1.000000 0.000000
vt 1.000000 0.000000
vt 1.000000 0.000000
vt 1.000000 0.000000
vt 1.000000 0.000000
vt 1.000000 0.000000
vt 1.000000 0.000000
vt 1.000000 0.000000
vt 1.000000 0.000000
vt 1.000000 0.000000
vt 1.000000 0.000000
vt 1.000000 0.000000
vt 1.000000 0.000000
vt 1.000000 0.000000
vt 1.000000 0.000000
vt 1.000000 0.000000
vt 1.000000 0.000000
vt 1.000000 0.000000
vt 1.000000 0.000000
vt 1.000000 0.000000
vt 1.000000 0.000000
vt 1.000000 0.000000
vt 1.000000 0.000000
vt 1.000000 0.000000
vt 1.000000 0.000000
vt 1.000000 0.000000
vt 1.000000 0.000000
vt 1.000000 0.000000
vt 1.000000 0.000000
vt 1.000000 0.000000
vt 1.000000 0.000000
vt 1.000000 0.000000
vt 1.000000 0.000000
vt 1.000000 0.000000
vt 1.000000 0.000000
vt 1.000000 0.000000
vt 1.000000 0.000000
vt 1.000000 0.000000
vt 1.000000 0.000000
vt 1.000000 0.000000
vt 1.000000 0.000000
vt 1.000000 0.000000
vt 1.000000 0.000000
vt 1.000000 0.000000
vt 1.000000 0.000000
vt 1.000000 0.000000
vt 1.000000 0.000000
vt 1.000000 0.000000
vt 1.000000 0.000000
vt 1.000000 0.000000
vt 1.000000 0.000000
vt 1.000000 0.000000
vt 1.000000 0.000000
vt 1.000000 0.000000
vt 1.000000 0.000000
vt 1.000000 0.000000
vt 1.000000 0.000000
vt 1.000000 0.000000
vt 1.000000 0.000000
vt 1.000000 0.000000
vt 1.000000 0.000000
vt 1.000000 0.000000
vt 1.000000 0.000000
vt 1.000000 0.000000
vt 1.000000 0.000000
vt 1.000000 0.000000
vt 1.000000 0.000000
vt 1.000000 0.000000
vt 1.000000 0.000000
vt 1.000000 0.000000
vt 1.000000 0.000000
vt 1.000000 0.000000
vt 1.000000 0.000000
vt 1.000000 0.000000
vt 1.000000 0.000000
vt 1.000000 0.000000
vt 1.000000 0.000000
vt 1.000000 0.000000
vt 1.000000 0.000000
vt 1.000000 0.000000
vt 1.000000 0.000000
vt 1.000000 0.000000
vt 1.000000 0.000000
vt 1.000000 0.000000
vt 1.000000 0.000000
vt 1.000000 0.000000
vt 1.000000 0.000000
vt 1.000000 0.000000
vt 1.000000 0.000000
vt 1.000000 0.000000
vt 1.000000 0.000000
vt 1.000000 0.000000
vt 1.000000 0.000000
vt 1.000000 0.000000
vt 1.000000 0.000000
vt 1.000000 0.000000
vt 1.000000 0.000000
vt 1.000000 0.000000
vt 1.000000 0.000000
vt 1.000000 0.000000
vt 1.000000 0.000000
vt 1.000000 0.000000
vt 1.000000 0.000000
vt 1.000000 0.000000
vt 1.000000 0.000000
vt 1.000000 0.000000
vt 1.000000 0.000000
vt 1.000000 0.000000
vt 1.000000 0.000000
vt 1.000000 0.000000
vt 1.000000 0.000000
vt 1.000000 0.000000
vt 1.000000 0.000000
vt 1.000000 0.000000
vt 1.000000 0.000000
vt 1.000000 0.000000
vt 1.000000 0.000000
vt 1.000000 0.000000
vt 1.000000 0.000000
vt 1.000000 0.000000
vt 1.000000 0.000000
vt 1.000000 0.000000
vt 1.000000 0.000000
vt 1.000000 0.000000
vt 1.000000 0.000000
vt 1.000000 0.000000
vt 1.000000 0.000000
vt 1.000000 0.000000
vt 1.000000 0.000000
vt 1.000000 0.000000
vt 1.000000 0.000000
vt 1.000000 0.000000
vt 1.000000 0.000000
vt 1.000000 0.000000
vt 1.000000 0.000000
vt 1.000000 0.000000
vt 1.000000 0.000000
vt 1.000000 0.000000
vt 1.000000 0.000000
vt 1.000000 0.000000
vt 1.000000 0.000000
vt 1.000000 0.000000
vt 1.000000 0.000000
vt 1.000000 0.000000
vt 1.000000 0.000000
vt 1.000000 0.000000
vt 1.000000 0.000000
vt 1.000000 0.000000
vt 1.000000 0.000000
vt 1.000000 0.000000
vt 1.000000 0.000000
vt 1.000000 0.000000
vt 1.000000 0.000000
vt 1.000000 0.000000
vt 1.000000 0.000000
vt 1.000000 0.000000
vt 1.000000 0.000000
vt 1.000000 0.000000
vt 1.000000 0.000000
vt 1.000000 0.000000
vt 1.000000 0.000000
vt 1.000000 0.000000
vt 1.000000 0.000000
vt 1.000000 0.000000
vt 1.000000 0.000000
vt 1.000000 0.000000
vt 1.000000 0.000000
vt 1.000000 0.000000
vt 1.000000 0.000000
vt 1.000000 0.000000
vt 1.000000 0.000000
vt 1.000000 0.000000
vt 1.000000 0.000000
vt 1.000000 0.000000
vt 1.000000 0.000000
vt 1.000000 0.000000
vt 1.000000 0.000000
vt 1.000000 0.000000
vt 1.000000 0.000000
vt 1.000000 0.000000
vt 1.000000 0.000000
vt 1.000000 0.000000
vt 1.000000 0.000000
vt 1.000000 0.000000
vt 1.000000 0.000000
vt 1.000000 0.000000
vt 1.000000 0.000000
vt 1.000000 0.000000
vt 1.000000 0.000000
vt 1.000000 0.000000
vt 1.000000 0.000000
vt 1.000000 0.000000
vt 1.000000 0.000000
vt 1.000000 0.000000
vt 1.000000 0.000000
vt 1.000000 0.000000
vt 1.000000 0.000000
vt 1.000000 0.000000
vt 1.000000 0.000000
vt 1.000000 0.000000
vt 1.000000 0.000000
vt 1.000000 0.000000
vt 1.000000 0.000000
vt 1.000000 0.000000
vt 1.000000 0.000000
vt 1.000000 0.000000
vt 1.000000 0.000000
vt 1.000000 0.000000
vt 1.000000 0.000000
vt 1.000000 0.000000
vt 1.000000 0.000000
vt 1.000000 0.000000
vt 1.000000 0.000000
vt 1.000000 0.000000
vt 1.000000 0.000000
vt 1.000000 0.000000
vt 1.000000 0.000000
vt 1.000000 0.000000
vt 1.000000 0.000000
vt 1.000000 0.000000
vt 1.000000 0.000000
vt 1.000000 0.000000
vt 1.000000 0.000000
vt 1.000000 0.000000
vt 1.000000 0.000000
vt 1.000000 0.000000
vt 1.000000 0.000000
vt 1.000000 0.000000
vt 1.000000 0.000000
vt 1.000000 0.000000
vt 1.000000 0.000000
vt 1.000000 0.000000
vt 1.000000 0.000000
vt 1.000000 0.000000
vt 1.000000 0.000000
vt 1.000000 0.000000
vt 1.000000 0.000000
vt 1.000000 0.000000
vt 1.000000 0.000000
vt 1.000000 0.000000
vt 1.000000 0.000000
vt 1.000000 0.000000
vt 1.000000 0.000000
vt 1.000000 0.000000
vt 1.000000 0.000000
vt 1.000000 0.000000
vt 1.000000 0.000000
vt 1.000000 0.000000
vt 1.000000 0.000000
vt 1.000000 0.000000
vt 1.000000 0.000000
vt 1.000000 0.000000
vt 1.000000 0.000000
vt 1.000000 0.000000
vt 1.000000 0.000000
vt 1.000000 0.000000
vt 1.000000 0.000000
vt 1.000000 0.000000
vt 1.000000 0.000000
vt 1.000000 0.000000
vt 1.000000 0.000000
vt 1.000000 0.000000
vt 1.000000 0.000000
vt 1.000000 0.000000
vt 1.000000 0.000000
vt 1.000000 0.000000
vt 1.000000 0.000000
vt 1.000000 0.000000
vt 1.000000 0.000000
vt 1.000000 0.000000
vt 1.000000 0.000000
vt 1.000000 0.000000
vt 1.000000 0.000000
vt 1.000000 0.000000
vt 1.000000 0.000000
vt 1.000000 0.000000
vt 1.000000 0.000000
vt 1.000000 0.000000
vt 1.000000 0.000000
vt 1.000000 0.000000
vt 1.000000 0.000000
vt 1.000000 0.000000
vt 1.000000 0.000000
vt 1.000000 0.000000
vt 1.000000 0.000000
vt 1.000000 0.000000
vt 1.000000 0.000000
vt 1.000000 0.000000
vt 1.000000 0.000000
vt 1.000000 0.000000
vt 1.000000 0.000000
vt 1.000000 0.000000
vt 1.000000 0.000000
vt 1.000000 0.000000
vt 1.000000 0.000000
vt 1.000000 0.000000
vt 1.000000 0.000000
vt 1.000000 0.000000
vt 1.000000 0.000000
vt 1.000000 0.000000
vt 1.000000 0.000000
vt 1.000000 0.000000
vt 1.000000 0.000000
vt 1.000000 0.000000
vt 1.000000 0.000000
vt 1.000000 0.000000
vt 1.000000 0.000000
vt 1.000000 0.000000
vt 1.000000 0.000000
vt 1.000000 0.000000
vt 1.000000 0.000000
vt 1.000000 0.000000
vt 1.000000 0.000000
vt 1.000000 0.000000
vt 1.000000 0.000000
vt 1.000000 0.000000
vt 1.000000 0.000000
vt 1.000000 0.000000
vt 1.000000 0.000000
vt 1.000000 0.000000
vt 1.000000 0.000000
vt 1.000000 0.000000
vt 1.000000 0.000000
vt 1.000000 0.000000
vt 1.000000 0.000000
vt 1.000000 0.000000
vt 1.000000 0.000000
vt 1.000000 0.000000
vt 1.000000 0.000000
vt 1.000000 0.000000
vt 1.000000 0.000000
vt 1.000000 0.000000
vt 1.000000 0.000000
vt 1.000000 0.000000
vt 1.000000 0.000000
vt 1.000000 0.000000
vt 1.000000 0.000000
vt 1.000000 0.000000
vt 1.000000 0.000000
vt 1.000000 0.000000
vt 1.000000 0.000000
vt 1.000000 0.000000
vt 1.000000 0.000000
vt 1.000000 0.000000
vt 1.000000 0.000000
vt 1.000000 0.000000
vt 1.000000 0.000000
vt 1.000000 0.000000
vt 1.000000 0.000000
vt 1.000000 0.000000
vt 1.000000 0.000000
vt 1.000000 0.000000
vt 1.000000 0.000000
vt 1.000000 0.000000
vt 1.000000 0.000000
vt 1.000000 0.000000
vt 1.000000 0.000000
vt 1.000000 0.000000
vt 1.000000 0.000000
vt 1.000000 0.000000
vt 1.000000 0.000000
vt 1.000000 0.000000
vt 1.000000 0.000000
vt 1.000000 0.000000
vt 1.000000 0.000000
vt 1.000000 0.000000
vt 1.000000 0.000000
vt 1.000000 0.000000
vt 1.000000 0.000000
vt 1.000000 0.000000
vt 1.000000 0.000000
vt 1.000000 0.000000
vt 1.000000 0.000000
vt 1.000000 0.000000
vt 1.000000 0.000000
vt 1.000000 0.000000
vt 1.000000 0.000000
vt 1.000000 0.000000
vt 1.000000 0.000000
vt 1.000000 0.000000
vt 1.000000 0.000000
vt 1.000000 0.000000
vt 1.000000 0.000000
vt 1.000000 0.000000
vt 1.000000 0.000000
vt 1.000000 0.000000
vt 1.000000 0.000000
vt 1.000000 0.000000
vt 1.000000 0.000000
vt 1.000000 0.000000
vt 1.000000 0.000000
vt 1.000000 0.000000
vt 1.000000 0.000000
vt 1.000000 0.000000
vt 1.000000 0.000000
vt 1.000000 0.000000
vt 1.000000 0.000000
vt 1.000000 0.000000
vt 1.000000 0.000000
vt 1.000000 0.000000
vt 1.000000 0.000000
vt 1.000000 0.000000
vt 1.000000 0.000000
vt 1.000000 0.000000
vt 1.000000 0.000000
vt 1.000000 0.000000
vt 1.000000 0.000000
vt 1.000000 0.000000
vt 1.000000 0.000000
vt 1.000000 0.000000
vt 1.000000 0.000000
vt 1.000000 0.000000
vt 1.000000 0.000000
vt 1.000000 0.000000
vt 1.000000 0.000000
vt 1.000000 0.000000
vt 1.000000 0.000000
vt 1.000000 0.000000
vt 1.000000 0.000000
vt 1.000000 0.000000
vt 1.000000 0.000000
vt 1.000000 0.000000
vt 1.000000 0.000000
vt 1.000000 0.000000
vt 1.000000 0.000000
vt 1.000000 0.000000
vt 1.000000 0.000000
vt 1.000000 0.000000
vt 1.000000 0.000000
vt 1.000000 0.000000
vt 1.000000 0.000000
vt 1.000000 0.000000
vt 1.000000 0.000000
vt 1.000000 0.000000
vt 1.000000 0.000000
vt 1.000000 0.000000
vt 1.000000 0.000000
vt 1.000000 0.000000
vt 1.000000 0.000000
vt 1.000000 0.000000
vt 1.000000 0.000000
vt 1.000000 0.000000
vt 1.000000 0.000000
vt 1.000000 0.000000
vt 1.000000 0.000000
vt 1.000000 0.000000
vt 1.000000 0.000000
vt 1.000000 0.000000
vt 1.000000 0.000000
vt 1.000000 0.000000
vt 1.000000 0.000000
vt 1.000000 0.000000
vt 1.000000 0.000000
vt 1.000000 0.000000
vt 1.000000 0.000000
vt 1.000000 0.000000
vt 1.000000 0.000000
vt 1.000000 0.000000
vt 1.000000 0.000000
vt 1.000000 0.000000
vt 1.000000 0.000000
vt 1.000000 0.000000
vt 1.000000 0.000000
vt 1.000000 0.000000
vt 1.000000 0.000000
vt 1.000000 0.000000
vt 1.000000 0.000000
vt 1.000000 0.000000
vt 1.000000 0.000000
vt 1.000000 0.000000
vt 1.000000 0.000000
vt 1.000000 0.000000
vt 1.000000 0.000000
vt 1.000000 0.000000
vt 1.000000 0.000000
vt 1.000000 0.000000
vt 1.000000 0.000000
vt 1.000000 0.000000
vt 1.000000 0.000000
vt 1.000000 0.000000
vt 1.000000 0.000000
vt 1.000000 0.000000
vt 1.000000 0.000000
vt 1.000000 0.000000
vt 1.000000 0.000000
vt 1.000000 0.000000
vt 1.000000 0.000000
vt 1.000000 0.000000
vt 1.000000 0.000000
vt 1.000000 0.000000
vt 1.000000 0.000000
vt 1.000000 0.000000
vt 1.000000 0.000000
vt 1.000000 0.000000
vt 1.000000 0.000000
vt 1.000000 0.000000
vt 1.000000 0.000000
vt 1.000000 0.000000
vt 1.000000 0.000000
vt 1.000000 0.000000
vt 1.000000 0.000000
vt 1.000000 0.000000
vt 1.000000 0.000000
vt 1.000000 0.000000
vt 1.000000 0.000000
vt 1.000000 0.000000
vt 1.000000 0.000000
vt 1.000000 0.000000
vt 1.000000 0.000000
vt 1.000000 0.000000
vt 1.000000 0.000000
vt 1.000000 0.000000
vt 1.000000 0.000000
vt 1.000000 0.000000
vt 1.000000 0.000000
vt 1.000000 0.000000
vt 1.000000 0.000000
vt 1.000000 0.000000
vt 1.000000 0.000000
vt 1.000000 0.000000
vt 1.000000 0.000000
vt 1.000000 0.000000
vt 1.000000 0.000000
vt 1.000000 0.000000
vt 1.000000 0.000000
vt 1.000000 0.000000
vt 1.000000 0.000000
vt 1.000000 0.000000
vt 1.000000 0.000000
vt 1.000000 0.000000
vt 1.000000 0.000000
vt 1.000000 0.000000
vt 1.000000 0.000000
vt 1.000000 0.000000
vt 1.000000 0.000000
vt 1.000000 0.000000
vt 1.000000 0.000000
vt 1.000000 0.000000
vt 1.000000 0.000000
vt 1.000000 0.000000
vt 1.000000 0.000000
vt 1.000000 0.000000
vt 1.000000 0.000000
vt 1.000000 0.000000
vt 1.000000 0.000000
vt 1.000000 0.000000
vt 1.000000 0.000000
vt 1.000000 0.000000
vt 1.000000 0.000000
vt 1.000000 0.000000
vt 1.000000 0.000000
vt 1.000000 0.000000
vt 1.000000 0.000000
vt 1.000000 0.000000
vt 1.000000 0.000000
vt 1.000000 0.000000
vt 1.000000 0.000000
vt 1.000000 0.000000
vt 1.000000 0.000000
vt 1.000000 0.000000
vt 1.000000 0.000000
vt 1.000000 0.000000
vt 1.000000 0.000000
vt 1.000000 0.000000
vt 1.000000 0.000000
vt 1.000000 0.000000
vt 1.000000 0.000000
vt 1.000000 0.000000
vt 1.000000 0.000000
vt 1.000000 0.000000
vt 1.000000 0.000000
vt 1.000000 0.000000
vt 1.000000 0.000000
vt 1.000000 0.000000
vt 1.000000 0.000000
vt 1.000000 0.000000
vt 1.000000 0.000000
vt 1.000000 0.000000
vt 1.000000 0.000000
vt 1.000000 0.000000
vt 1.000000 0.000000
vt 1.000000 0.000000
vt 1.000000 0.000000
vt 1.000000 0.000000
vt 1.000000 0.000000
vt 1.000000 0.000000
vt 1.000000 0.000000
vt 1.000000 0.000000
vt 1.000000 0.000000
vt 1.000000 0.000000
vt 1.000000 0.000000
vt 1.000000 0.000000
vt 1.000000 0.000000
vt 1.000000 0.000000
vt 1.000000 0.000000
vt 1.000000 0.000000
vt 1.000000 0.000000
vt 1.000000 0.000000
vt 1.000000 0.000000
vt 1.000000 0.000000
vt 1.000000 0.000000
vt 1.000000 0.000000
vt 1.000000 0.000000
vt 1.000000 0.000000
vt 1.000000 0.000000
vt 1.000000 0.000000
vt 1.000000 0.000000
vt 1.000000 0.000000
vt 1.000000 0.000000
vt 1.000000 0.000000
vt 1.000000 0.000000
vt 1.000000 0.000000
vt 1.000000 0.000000
vt 1.000000 0.000000
vt 1.000000 0.000000
vt 1.000000 0.000000
vt 1.000000 0.000000
vt 1.000000 0.000000
vt 1.000000 0.000000
vt 1.000000 0.000000
vt 1.000000 0.000000
vt 1.000000 0.000000
vt 1.000000 0.000000
vt 1.000000 0.000000
vt 1.000000 0.000000
vt 1.000000 0.000000
vt 1.000000 0.000000
vt 1.000000 0.000000
vt 1.000000 0.000000
vt 1.000000 0.000000
vt 1.000000 0.000000
vt 1.000000 0.000000
vt 1.000000 0.000000
vt 1.000000 0.000000
vt 1.000000 0.000000
vt 1.000000 0.000000
vt 1.000000 0.000000
vt 1.000000 0.000000
vt 1.000000 0.000000
vt 1.000000 0.000000
vt 1.000000 0.000000
vt 1.000000 0.000000
vt 1.000000 0.000000
vt 1.000000 0.000000
vt 1.000000 0.000000
vt 1.000000 0.000000
vt 1.000000 0.000000
vt 1.000000 0.000000
vt 1.000000 0.000000
vt 1.000000 0.000000
vt 1.000000 0.000000
vt 1.000000 0.000000
vt 1.000000 0.000000
vt 1.000000 0.000000
vt 1.000000 0.000000
vt 1.000000 0.000000
vt 1.000000 0.000000
vt 1.000000 0.000000
vt 1.000000 0.000000
vt 1.000000 0.000000
vt 1.000000 0.000000
vt 1.000000 0.000000
vt 1.000000 0.000000
vt 1.000000 0.000000
vt 1.000000 0.000000
vt 1.000000 0.000000
vt 1.000000 0.000000
vt 1.000000 0.000000
vt 1.000000 0.000000
vt 1.000000 0.000000
vt 1.000000 0.000000
vt 1.000000 0.000000
vt 1.000000 0.000000
vt 1.000000 0.000000
vt 1.000000 0.000000
vt 1.000000 0.000000
vt 1.000000 0.000000
vt 1.000000 0.000000
vt 1.000000 0.000000
vt 1.000000 0.000000
vt 1.000000 0.000000
vt 1.000000 0.000000
vt 1.000000 0.000000
vt 1.000000 0.000000
vt 1.000000 0.000000
vt 1.000000 0.000000
vt 1.000000 0.000000
vt 1.000000 0.000000
vt 1.000000 0.000000
vt 1.000000 0.000000
vt 1.000000 0.000000
vt 1.000000 0.000000
vt 1.000000 0.000000
vt 1.000000 0.000000
vt 1.000000 0.000000
vt 1.000000 0.000000
vt 1.000000 0.000000
vt 1.000000 0.000000
vt 1.000000 0.000000
vt 1.000000 0.000000
vt 1.000000 0.000000
vt 1.000000 0.000000
vt 1.000000 0.000000
vt 1.000000 0.000000
vt 1.000000 0.000000
vt 1.000000 0.000000
vt 1.000000 0.000000
vt 1.000000 0.000000
vt 1.000000 0.000000
vt 1.000000 0.000000
vt 1.000000 0.000000
vt 1.000000 0.000000
vt 1.000000 0.000000
vt 1.000000 0.000000
vt 1.000000 0.000000
vt 1.000000 0.000000
vt 1.000000 0.000000
vt 1.000000 0.000000
vt 1.000000 0.000000
vt 1.000000 0.000000
vt 1.000000 0.000000
vt 1.000000 0.000000
vt 1.000000 0.000000
vt 1.000000 0.000000
vt 1.000000 0.000000
vt 1.000000 0.000000
vt 1.000000 0.000000
vt 1.000000 0.000000
vt 1.000000 0.000000
vt 1.000000 0.000000
vt 1.000000 0.000000
vt 1.000000 0.000000
vt 1.000000 0.000000
vt 1.000000 0.000000
vt 1.000000 0.000000
vt 1.000000 0.000000
vt 1.000000 0.000000
vt 1.000000 0.000000
vt 1.000000 0.000000
vt 1.000000 0.000000
vt 1.000000 0.000000
vt 1.000000 0.000000
vt 1.000000 0.000000
vt 1.000000 0.000000
vt 1.000000 0.000000
vt 1.000000 0.000000
vt 1.000000 0.000000
vt 1.000000 0.000000
vt 1.000000 0.000000
vt 1.000000 0.000000
vt 1.000000 0.000000
vt 1.000000 0.000000
vt 1.000000 0.000000
vt 1.000000 0.000000
vt 1.000000 0.000000
vt 1.000000 0.000000
vt 1.000000 0.000000
vt 1.000000 0.000000
vt 1.000000 0.000000
vt 1.000000 0.000000
vt 1.000000 0.000000
vt 1.000000 0.000000
vt 1.000000 0.000000
vt 1.000000 0.000000
vt 1.000000 0.000000
vt 1.000000 0.000000
vt 1.000000 0.000000
vt 1.000000 0.000000
vt 1.000000 0.000000
vt 1.000000 0.000000
vt 1.000000 0.000000
vt 1.000000 0.000000
vt 1.000000 0.000000
vt 1.000000 0.000000
vt 1.000000 0.000000
vt 1.000000 0.000000
vt 1.000000 0.000000
vt 1.000000 0.000000
vt 1.000000 0.000000
vt 1.000000 0.000000
vt 1.000000 0.000000
vt 1.000000 0.000000
vt 1.000000 0.000000
vt 1.000000 0.000000
vt 1.000000 0.000000
vt 1.000000 0.000000
vt 1.000000 0.000000
vt 1.000000 0.000000
vt 1.000000 0.000000
vt 1.000000 0.000000
vt 1.000000 0.000000
vt 1.000000 0.000000
vt 1.000000 0.000000
vt 1.000000 0.000000
vt 1.000000 0.000000
vt 1.000000 0.000000
vt 1.000000 0.000000
vt 1.000000 0.000000
vt 1.000000 0.000000
vt 1.000000 0.000000
vt 1.000000 0.000000
vt 1.000000 0.000000
vt 1.000000 0.000000
vt 1.000000 0.000000
vt 1.000000 0.000000
vt 1.000000 0.000000
vt 1.000000 0.000000
vt 1.000000 0.000000
vt 1.000000 0.000000
vt 1.000000 0.000000
vt 1.000000 0.000000
vt 1.000000 0.000000
vt 1.000000 0.000000
vt 1.000000 0.000000
vt 1.000000 0.000000
vt 1.000000 0.000000
vt 1.000000 0.000000
vt 1.000000 0.000000
vt 1.000000 0.000000
vt 1.000000 0.000000
vt 1.000000 0.000000
vt 1.000000 0.000000
vt 1.000000 0.000000
vt 1.000000 0.000000
vt 1.000000 0.000000
vt 1.000000 0.000000
vt 1.000000 0.000000
vt 1.000000 0.000000
vt 1.000000 0.000000
vt 1.000000 0.000000
vt 1.000000 0.000000
vt 1.000000 0.000000
vt 1.000000 0.000000
vt 1.000000 0.000000
vt 1.000000 0.000000
vt 1.000000 0.000000
vt 1.000000 0.000000
vt 1.000000 0.000000
vt 1.000000 0.000000
vt 1.000000 0.000000
vt 1.000000 0.000000
vt 1.000000 0.000000
vt 1.000000 0.000000
vt 1.000000 0.000000
vt 1.000000 0.000000
vt 1.000000 0.000000
vt 1.000000 0.000000
vt 1.000000 0.000000
vt 1.000000 0.000000
vt 1.000000 0.000000
vt 1.000000 0.000000
vt 1.000000 0.000000
vt 1.000000 0.000000
vt 1.000000 0.000000
vt 1.000000 0.000000
vt 1.000000 0.000000
vt 1.000000 0.000000
vt 1.000000 0.000000
vt 1.000000 0.000000
vt 1.000000 0.000000
vt 1.000000 0.000000
vt 1.000000 0.000000
vt 1.000000 0.000000
vt 1.000000 0.000000
vt 1.000000 0.000000
vt 1.000000 0.000000
vt 1.000000 0.000000
vt 1.000000 0.000000
vt 1.000000 0.000000
vt 1.000000 0.000000
vt 1.000000 0.000000
vt 1.000000 0.000000
vt 1.000000 0.000000
vt 1.000000 0.000000
vt 1.000000 0.000000
vt 1.000000 0.000000
vt 1.000000 0.000000
vt 1.000000 0.000000
vt 1.000000 0.000000
vt 1.000000 0.000000
vt 1.000000 0.000000
vt 1.000000 0.000000
vt 1.000000 0.000000
vt 1.000000 0.000000
vt 1.000000 0.000000
vt 1.000000 0.000000
vt 1.000000 0.000000
vt 1.000000 0.000000
vt 1.000000 0.000000
vt 1.000000 0.000000
vt 1.000000 0.000000
vt 1.000000 0.000000
vt 1.000000 0.000000
vt 1.000000 0.000000
vt 1.000000 0.000000
vt 1.000000 0.000000
vt 1.000000 0.000000
vt 1.000000 0.000000
vt 1.000000 0.000000
vt 1.000000 0.000000
vt 1.000000 0.000000
vt 1.000000 0.000000
vt 1.000000 0.000000
vt 1.000000 0.000000
vt 1.000000 0.000000
vt 1.000000 0.000000
vt 1.000000 0.000000
vt 1.000000 0.000000
vt 1.000000 0.000000
vt 1.000000 0.000000
vt 1.000000 0.000000
vt 1.000000 0.000000
vt 1.000000 0.000000
vt 1.000000 0.000000
vt 1.000000 0.000000
vt 1.000000 0.000000
vt 1.000000 0.000000
vt 1.000000 0.000000
vt 1.000000 0.000000
vt 1.000000 0.000000
vt 1.000000 0.000000
vt 1.000000 0.000000
vt 1.000000 0.000000
vt 1.000000 0.000000
vt 1.000000 0.000000
vt 1.000000 0.000000
vt 1.000000 0.000000
vt 1.000000 0.000000
vt 1.000000 0.000000
vt 1.000000 0.000000
vt 1.000000 0.000000
vt 1.000000 0.000000
vt 1.000000 0.000000
vt 1.000000 0.000000
vt 1.000000 0.000000
vt 1.000000 0.000000
vt 1.000000 0.000000
vt 1.000000 0.000000
vt 1.000000 0.000000
vt 1.000000 0.000000
vt 1.000000 0.000000
vt 1.000000 0.000000
vt 1.000000 0.000000
vt 1.000000 0.000000
vt 1.000000 0.000000
vt 1.000000 0.000000
vt 1.000000 0.000000
vt 1.000000 0.000000
vt 1.000000 0.000000
vt 1.000000 0.000000
vt 1.000000 0.000000
vt 1.000000 0.000000
vt 1.000000 0.000000
vt 1.000000 0.000000
vt 1.000000 0.000000
vt 1.000000 0.000000
vt 1.000000 0.000000
vt 1.000000 0.000000
vt 1.000000 0.000000
vt 1.000000 0.000000
vt 1.000000 0.000000
vt 1.000000 0.000000
vt 1.000000 0.000000
vt 1.000000 0.000000
vt 1.000000 0.000000
vt 1.000000 0.000000
vt 1.000000 0.000000
vt 1.000000 0.000000
vt 1.000000 0.000000
vt 1.000000 0.000000
vt 1.000000 0.000000
vt 1.000000 0.000000
vt 1.000000 0.000000
vt 1.000000 0.000000
vt 1.000000 0.000000
vt 1.000000 0.000000
vt 1.000000 0.000000
vt 1.000000 0.000000
vt 1.000000 0.000000
vt 1.000000 0.000000
vt 1.000000 0.000000
vt 1.000000 0.000000
vt 1.000000 0.000000
vt 1.000000 0.000000
vt 1.000000 0.000000
vt 1.000000 0.000000
vt 1.000000 0.000000
vt 1.000000 0.000000
vt 1.000000 0.000000
vt 1.000000 0.000000
vt 1.000000 0.000000
vt 1.000000 0.000000
vt 1.000000 0.000000
vt 1.000000 0.000000
vt 1.000000 0.000000
vt 1.000000 0.000000
vt 1.000000 0.000000
vt 1.000000 0.000000
vt 1.000000 0.000000
vt 1.000000 0.000000
vt 1.000000 0.000000
vt 1.000000 0.000000
vt 1.000000 0.000000
vt 1.000000 0.000000
vt 1.000000 0.000000
vt 1.000000 0.000000
vt 1.000000 0.000000
vt 1.000000 0.000000
vt 1.000000 0.000000
vt 1.000000 0.000000
vt 1.000000 0.000000
vt 1.000000 0.000000
vt 1.000000 0.000000
vt 1.000000 0.000000
vt 1.000000 0.000000
vt 1.000000 0.000000
vt 1.000000 0.000000
vt 1.000000 0.000000
vt 1.000000 0.000000
vt 1.000000 0.000000
vt 1.000000 0.000000
vt 1.000000 0.000000
vt 1.000000 0.000000
vt 1.000000 0.000000
vt 1.000000 0.000000
vt 1.000000 0.000000
vt 1.000000 0.000000
vt 1.000000 0.000000
vt 1.000000 0.000000
vt 1.000000 0.000000
vt 1.000000 0.000000
vt 1.000000 0.000000
vt 1.000000 0.000000
vt 1.000000 0.000000
vt 1.000000 0.000000
vt 1.000000 0.000000
vt 1.000000 0.000000
vt 1.000000 0.000000
vt 1.000000 0.000000
vt 1.000000 0.000000
vt 1.000000 0.000000
vt 1.000000 0.000000
vt 1.000000 0.000000
vt 1.000000 0.000000
vt 1.000000 0.000000
vt 1.000000 0.000000
vt 1.000000 0.000000
vt 1.000000 0.000000
vt 1.000000 0.000000
vt 1.000000 0.000000
vt 1.000000 0.000000
vt 1.000000 0.000000
vt 1.000000 0.000000
vt 1.000000 0.000000
vt 1.000000 0.000000
vt 1.000000 0.000000
vt 1.000000 0.000000
vt 1.000000 0.000000
vt 1.000000 0.000000
vt 1.000000 0.000000
vt 1.000000 0.000000
vt 1.000000 0.000000
vt 1.000000 0.000000
vt 1.000000 0.000000
vt 1.000000 0.000000
vt 1.000000 0.000000
vt 1.000000 0.000000
vt 1.000000 0.000000
vt 1.000000 0.000000
vt 1.000000 0.000000
vt 1.000000 0.000000
vt 1.000000 0.000000
vt 1.000000 0.000000
vt 1.000000 0.000000
vt 1.000000 0.000000
vt 1.000000 0.000000
vt 1.000000 0.000000
vt 1.000000 0.000000
vt 1.000000 0.000000
vt 1.000000 0.000000
vt 1.000000 0.000000
vt 1.000000 0.000000
vt 1.000000 0.000000
vt 1.000000 0.000000
vt 1.000000 0.000000
vt 1.000000 0.000000
vt 1.000000 0.000000
vt 1.000000 0.000000
vt 1.000000 0.000000
vt 1.000000 0.000000
vt 1.000000 0.000000
vt 1.000000 0.000000
vt 1.000000 0.000000
vt 1.000000 0.000000
vt 1.000000 0.000000
vt 1.000000 0.000000
vt 1.000000 0.000000
vt 1.000000 0.000000
vt 1.000000 0.000000
vt 1.000000 0.000000
vt 1.000000 0.000000
vt 1.000000 0.000000
vt 1.000000 0.000000
vt 1.000000 0.000000
vt 1.000000 0.000000
vt 1.000000 0.000000
vt 1.000000 0.000000
vt 1.000000 0.000000
vt 1.000000 0.000000
vt 1.000000 0.000000
vt 1.000000 0.000000
vt 1.000000 0.000000
vt 1.000000 0.000000
vt 1.000000 0.000000
vt 1.000000 0.000000
vt 1.000000 0.000000
vt 1.000000 0.000000
vt 1.000000 0.000000
vt 1.000000 0.000000
vt 1.000000 0.000000
vt 1.000000 0.000000
vt 1.000000 0.000000
vt 1.000000 0.000000
vt 1.000000 0.000000
vt 1.000000 0.000000
vt 1.000000 0.000000
vt 1.000000 0.000000
vt 1.000000 0.000000
vt 1.000000 0.000000
vt 1.000000 0.000000
vt 1.000000 0.000000
vt 1.000000 0.000000
vt 1.000000 0.000000
vt 1.000000 0.000000
vt 1.000000 0.000000
vt 1.000000 0.000000
vt 1.000000 0.000000
vt 1.000000 0.000000
vt 1.000000 0.000000
vt 1.000000 0.000000
vt 1.000000 0.000000
vt 1.000000 0.000000
vt 1.000000 0.000000
vt 1.000000 0.000000
vt 1.000000 0.000000
vt 1.000000 0.000000
vt 1.000000 0.000000
vt 1.000000 0.000000
vt 1.000000 0.000000
vt 1.000000 0.000000
vt 1.000000 0.000000
vt 1.000000 0.000000
vt 1.000000 0.000000
vt 1.000000 0.000000
vt 1.000000 0.000000
vt 1.000000 0.000000
vt 1.000000 0.000000
vt 1.000000 0.000000
vt 1.000000 0.000000
vt 1.000000 0.000000
vt 1.000000 0.000000
vt 1.000000 0.000000
vt 1.000000 0.000000
vt 1.000000 0.000000
vt 1.000000 0.000000
vt 1.000000 0.000000
vt 1.000000 0.000000
vt 1.000000 0.000000
vt 1.000000 0.000000
vt 1.000000 0.000000
vt 1.000000 0.000000
vt 1.000000 0.000000
vt 1.000000 0.000000
vt 1.000000 0.000000
vt 1.000000 0.000000
vt 1.000000 0.000000
vt 1.000000 0.000000
vt 1.000000 0.000000
vt 1.000000 0.000000
vt 1.000000 0.000000
vt 1.000000 0.000000
vt 1.000000 0.000000
vt 1.000000 0.000000
vt 1.000000 0.000000
vt 1.000000 0.000000
vt 1.000000 0.000000
vt 1.000000 0.000000
vt 1.000000 0.000000
vt 1.000000 0.000000
vt 1.000000 0.000000
vt 1.000000 0.000000
vt 1.000000 0.000000
vt 1.000000 0.000000
vt 1.000000 0.000000
vt 1.000000 0.000000
vt 1.000000 0.000000
vt 1.000000 0.000000
vt 1.000000 0.000000
vt 1.000000 0.000000
vt 1.000000 0.000000
vt 1.000000 0.000000
vt 1.000000 0.000000
vt 1.000000 0.000000
vt 1.000000 0.000000
vt 1.000000 0.000000
vt 1.000000 0.000000
vt 1.000000 0.000000
vt 1.000000 0.000000
vt 1.000000 0.000000
vt 1.000000 0.000000
vt 1.000000 0.000000
vt 1.000000 0.000000
vt 1.000000 0.000000
vt 1.000000 0.000000
vt 1.000000 0.000000
vt 1.000000 0.000000
vt 1.000000 0.000000
vt 1.000000 0.000000
vt 1.000000 0.000000
vt 1.000000 0.000000
vt 1.000000 0.000000
vt 1.000000 0.000000
vt 1.000000 0.000000
vt 1.000000 0.000000
vt 1.000000 0.000000
vt 1.000000 0.000000
vt 1.000000 0.000000
vt 1.000000 0.000000
vt 1.000000 0.000000
vt 1.000000 0.000000
vt 1.000000 0.000000
vt 1.000000 0.000000
vt 1.000000 0.000000
vt 1.000000 0.000000
vt 1.000000 0.000000
vt 1.000000 0.000000
vt 1.000000 0.000000
vt 1.000000 0.000000
vt 1.000000 0.000000
vt 1.000000 0.000000
vt 1.000000 0.000000
vt 1.000000 0.000000
vt 1.000000 0.000000
vt 1.000000 0.000000
vt 1.000000 0.000000
vt 1.000000 0.000000
vt 1.000000 0.000000
vt 1.000000 0.000000
vt 1.000000 0.000000
vt 1.000000 0.000000
vt 1.000000 0.000000
vt 1.000000 0.000000
vt 1.000000 0.000000
vt 1.000000 0.000000
vt 1.000000 0.000000
vt 1.000000 0.000000
vt 1.000000 0.000000
vt 1.000000 0.000000
vt 1.000000 0.000000
vt 1.000000 0.000000
vt 1.000000 0.000000
vt 1.000000 0.000000
vt 1.000000 0.000000
vt 1.000000 0.000000
vt 1.000000 0.000000
vt 1.000000 0.000000
vt 1.000000 0.000000
vt 1.000000 0.000000
vt 1.000000 0.000000
vt 1.000000 0.000000
vt 1.000000 0.000000
vt 1.000000 0.000000
vt 1.000000 0.000000
vt 1.000000 0.000000
vt 1.000000 0.000000
vt 1.000000 0.000000
vt 1.000000 0.000000
vt 1.000000 0.000000
vt 1.000000 0.000000
vt 1.000000 0.000000
vt 1.000000 0.000000
vt 1.000000 0.000000
vt 1.000000 0.000000
vt 1.000000 0.000000
vt 1.000000 0.000000
vt 1.000000 0.000000
vt 1.000000 0.000000
vt 1.000000 0.000000
vt 1.000000 0.000000
vt 1.000000 0.000000
vt 1.000000 0.000000
vt 1.000000 0.000000
vt 1.000000 0.000000
vt 1.000000 0.000000
vt 1.000000 0.000000
vt 1.000000 0.000000
vt 1.000000 0.000000
vt 1.000000 0.000000
vt 1.000000 0.000000
vt 1.000000 0.000000
vt 1.000000 0.000000
vt 1.000000 0.000000
vt 1.000000 0.000000
vt 1.000000 0.000000
vt 1.000000 0.000000
vt 1.000000 0.000000
vt 1.000000 0.000000
vt 1.000000 0.000000
vt 1.000000 0.000000
vt 1.000000 0.000000
vt 1.000000 0.000000
vt 1.000000 0.000000
vt 1.000000 0.000000
vt 1.000000 0.000000
vt 1.000000 0.000000
vt 1.000000 0.000000
vt 1.000000 0.000000
vt 1.000000 0.000000
vt 1.000000 0.000000
vt 1.000000 0.000000
vt 1.000000 0.000000
vt 1.000000 0.000000
vt 1.000000 0.000000
vt 1.000000 0.000000
vt 1.000000 0.000000
vt 1.000000 0.000000
vt 1.000000 0.000000
vt 1.000000 0.000000
vt 1.000000 0.000000
vt 1.000000 0.000000
vt 1.000000 0.000000
vt 1.000000 0.000000
vt 1.000000 0.000000
vt 1.000000 0.000000
vt 1.000000 0.000000
vt 1.000000 0.000000
vt 1.000000 0.000000
vt 1.000000 0.000000
vt 1.000000 0.000000
vt 1.000000 0.000000
vt 1.000000 0.000000
vt 1.000000 0.000000
vt 1.000000 0.000000
vt 1.000000 0.000000
vt 1.000000 0.000000
vt 1.000000 0.000000
vt 1.000000 0.000000
vt 1.000000 0.000000
vt 1.000000 0.000000
vt 1.000000 0.000000
vt 1.000000 0.000000
vt 1.000000 0.000000
vt 1.000000 0.000000
vt 1.000000 0.000000
vt 1.000000 0.000000
vt 1.000000 0.000000
vt 1.000000 0.000000
vt 1.000000 0.000000
vt 1.000000 0.000000
vt 1.000000 0.000000
vt 1.000000 0.000000
vt 1.000000 0.000000
vt 1.000000 0.000000
vt 1.000000 0.000000
vt 1.000000 0.000000
vt 1.000000 0.000000
vt 1.000000 0.000000
vt 1.000000 0.000000
vt 1.000000 0.000000
vt 1.000000 0.000000
vt 1.000000 0.000000
vt 1.000000 0.000000
vt 1.000000 0.000000
vt 1.000000 0.000000
vt 1.000000 0.000000
vt 1.000000 0.000000
vt 1.000000 0.000000
vt 1.000000 0.000000
vt 1.000000 0.000000
vt 1.000000 0.000000
vt 1.000000 0.000000
vt 1.000000 0.000000
vt 1.000000 0.000000
vt 1.000000 0.000000
vt 1.000000 0.000000
vt 1.000000 0.000000
vt 1.000000 0.000000
vt 1.000000 0.000000
vt 1.000000 0.000000
vt 1.000000 0.000000
vt 1.000000 0.000000
vt 1.000000 0.000000
vt 1.000000 0.000000
vt 1.000000 0.000000
vt 1.000000 0.000000
vt 1.000000 0.000000
vt 1.000000 0.000000
vt 1.000000 0.000000
vt 1.000000 0.000000
vt 1.000000 0.000000
vt 1.000000 0.000000
vt 1.000000 0.000000
vt 1.000000 0.000000
vt 1.000000 0.000000
vt 1.000000 0.000000
vt 1.000000 0.000000
vt 1.000000 0.000000
vt 1.000000 0.000000
vt 1.000000 0.000000
vt 1.000000 0.000000
vt 1.000000 0.000000
vt 1.000000 0.000000
vt 1.000000 0.000000
vt 1.000000 0.000000
vt 1.000000 0.000000
vt 1.000000 0.000000
vt 1.000000 0.000000
vt 1.000000 0.000000
vt 1.000000 0.000000
vt 1.000000 0.000000
vt 1.000000 0.000000
vt 1.000000 0.000000
vt 1.000000 0.000000
vt 1.000000 0.000000
vt 1.000000 0.000000
vt 1.000000 0.000000
vt 1.000000 0.000000
vt 1.000000 0.000000
vt 1.000000 0.000000
vt 1.000000 0.000000
vt 1.000000 0.000000
vt 1.000000 0.000000
vt 1.000000 0.000000
vt 1.000000 0.000000
vt 1.000000 0.000000
vt 1.000000 0.000000
vt 1.000000 0.000000
vt 1.000000 0.000000
vt 1.000000 0.000000
vt 1.000000 0.000000
vt 1.000000 0.000000
vt 1.000000 0.000000
vt 1.000000 0.000000
vt 1.000000 0.000000
vt 1.000000 0.000000
vt 1.000000 0.000000
vt 1.000000 0.000000
vt 1.000000 0.000000
vt 1.000000 0.000000
vt 1.000000 0.000000
vt 1.000000 0.000000
vt 1.000000 0.000000
vt 1.000000 0.000000
vt 1.000000 0.000000
vt 1.000000 0.000000
vt 1.000000 0.000000
vt 1.000000 0.000000
vt 1.000000 0.000000
vt 1.000000 0.000000
vt 1.000000 0.000000
vt 1.000000 0.000000
vt 1.000000 0.000000
vt 1.000000 0.000000
vt 1.000000 0.000000
vt 1.000000 0.000000
vt 1.000000 0.000000
vt 1.000000 0.000000
vt 1.000000 0.000000
vt 1.000000 0.000000
vt 1.000000 0.000000
vt 1.000000 0.000000
vt 1.000000 0.000000
vt 1.000000 0.000000
vt 1.000000 0.000000
vt 1.000000 0.000000
vt 1.000000 0.000000
vt 1.000000 0.000000
vt 1.000000 0.000000
vt 1.000000 0.000000
vt 1.000000 0.000000
vt 1.000000 0.000000
vt 1.000000 0.000000
vt 1.000000 0.000000
vt 1.000000 0.000000
vt 1.000000 0.000000
vt 1.000000 0.000000
vt 1.000000 0.000000
vt 1.000000 0.000000
vt 1.000000 0.000000
vt 1.000000 0.000000
vt 1.000000 0.000000
vt 1.000000 0.000000
vt 1.000000 0.000000
vt 1.000000 0.000000
vt 1.000000 0.000000
vt 1.000000 0.000000
vt 1.000000 0.000000
vt 1.000000 0.000000
vt 1.000000 0.000000
vt 1.000000 0.000000
vt 1.000000 0.000000
vt 1.000000 0.000000
vt 1.000000 0.000000
vt 1.000000 0.000000
vt 1.000000 0.000000
vt 1.000000 0.000000
vt 1.000000 0.000000
vt 1.000000 0.000000
vt 1.000000 0.000000
vt 1.000000 0.000000
vt 1.000000 0.000000
vt 1.000000 0.000000
vt 1.000000 0.000000
vt 1.000000 0.000000
vt 1.000000 0.000000
vt 1.000000 0.000000
vt 1.000000 0.000000
vt 1.000000 0.000000
vt 1.000000 0.000000
vt 1.000000 0.000000
vt 1.000000 0.000000
vt 1.000000 0.000000
vt 1.000000 0.000000
vt 1.000000 0.000000
vt 1.000000 0.000000
vt 1.000000 0.000000
vt 1.000000 0.000000
vt 1.000000 0.000000
vt 1.000000 0.000000
vt 1.000000 0.000000
vt 1.000000 0.000000
vt 1.000000 0.000000
vt 1.000000 0.000000
vt 1.000000 0.000000
vt 1.000000 0.000000
vt 1.000000 0.000000
vt 1.000000 0.000000
vt 1.000000 0.000000
vt 1.000000 0.000000
vt 1.000000 0.000000
vt 1.000000 0.000000
vt 1.000000 0.000000
vt 1.000000 0.000000
vt 1.000000 0.000000
vt 1.000000 0.000000
vt 1.000000 0.000000
vt 1.000000 0.000000
vt 1.000000 0.000000
vt 1.000000 0.000000
vt 1.000000 0.000000
vt 1.000000 0.000000
vt 1.000000 0.000000
vt 1.000000 0.000000
vt 1.000000 0.000000
vt 1.000000 0.000000
vt 1.000000 0.000000
vt 1.000000 0.000000
vt 1.000000 0.000000
vt 1.000000 0.000000
vt 1.000000 0.000000
vt 1.000000 0.000000
vt 1.000000 0.000000
vt 1.000000 0.000000
vt 1.000000 0.000000
vt 1.000000 0.000000
vt 1.000000 0.000000
vt 1.000000 0.000000
vt 1.000000 0.000000
vt 1.000000 0.000000
vt 1.000000 0.000000
vt 1.000000 0.000000
vt 1.000000 0.000000
vt 1.000000 0.000000
vt 1.000000 0.000000
vt 1.000000 0.000000
vt 1.000000 0.000000
vt 1.000000 0.000000
vt 1.000000 0.000000
vt 1.000000 0.000000
vt 1.000000 0.000000
vt 1.000000 0.000000
vt 1.000000 0.000000
vt 1.000000 0.000000
vt 1.000000 0.000000
vt 1.000000 0.000000
vt 1.000000 0.000000
vt 1.000000 0.000000
vt 1.000000 0.000000
vt 1.000000 0.000000
vt 1.000000 0.000000
vt 1.000000 0.000000
vt 1.000000 0.000000
vt 1.000000 0.000000
vt 1.000000 0.000000
vt 1.000000 0.000000
vt 1.000000 0.000000
vt 1.000000 0.000000
vt 1.000000 0.000000
vt 1.000000 0.000000
vt 1.000000 0.000000
vt 1.000000 0.000000
vt 1.000000 0.000000
vt 1.000000 0.000000
vt 1.000000 0.000000
vt 1.000000 0.000000
vt 1.000000 0.000000
vt 1.000000 0.000000
vt 1.000000 0.000000
vt 1.000000 0.000000
vt 1.000000 0.000000
vt 1.000000 0.000000
vt 1.000000 0.000000
vt 1.000000 0.000000
vt 1.000000 0.000000
vt 1.000000 0.000000
vt 1.000000 0.000000
vt 1.000000 0.000000
vt 1.000000 0.000000
vt 1.000000 0.000000
vt 1.000000 0.000000
vt 1.000000 0.000000
vt 1.000000 0.000000
vt 1.000000 0.000000
vt 1.000000 0.000000
vt 1.000000 0.000000
vt 1.000000 0.000000
vt 1.000000 0.000000
vt 1.000000 0.000000
vt 1.000000 0.000000
vt 1.000000 0.000000
vt 1.000000 0.000000
vt 1.000000 0.000000
vt 1.000000 0.000000
vt 1.000000 0.000000
vt 1.000000 0.000000
vt 1.000000 0.000000
vt 1.000000 0.000000
vt 1.000000 0.000000
vt 1.000000 0.000000
vt 1.000000 0.000000
vt 1.000000 0.000000
vt 1.000000 0.000000
vt 1.000000 0.000000
vt 1.000000 0.000000
vt 1.000000 0.000000
vt 1.000000 0.000000
vt 1.000000 0.000000
vt 1.000000 0.000000
vt 1.000000 0.000000
vt 1.000000 0.000000
vt 1.000000 0.000000
vt 1.000000 0.000000
vt 1.000000 0.000000
vt 1.000000 0.000000
vt 1.000000 0.000000
vt 1.000000 0.000000
vt 1.000000 0.000000
vt 1.000000 0.000000
vt 1.000000 0.000000
vt 1.000000 0.000000
vt 1.000000 0.000000
vt 1.000000 0.000000
vt 1.000000 0.000000
vt 1.000000 0.000000
vt 1.000000 0.000000
vt 1.000000 0.000000
vt 1.000000 0.000000
vt 1.000000 0.000000
vt 1.000000 0.000000
vt 1.000000 0.000000
vt 1.000000 0.000000
vt 1.000000 0.000000
vt 1.000000 0.000000
vt 1.000000 0.000000
vt 1.000000 0.000000
vt 1.000000 0.000000
vt 1.000000 0.000000
vt 1.000000 0.000000
vt 1.000000 0.000000
vt 1.000000 0.000000
vt 1.000000 0.000000
vt 1.000000 0.000000
vt 1.000000 0.000000
vt 1.000000 0.000000
vt 1.000000 0.000000
vt 1.000000 0.000000
vt 1.000000 0.000000
vt 1.000000 0.000000
vt 1.000000 0.000000
vt 1.000000 0.000000
vt 1.000000 0.000000
vt 1.000000 0.000000
vt 1.000000 0.000000
vt 1.000000 0.000000
vt 1.000000 0.000000
vt 1.000000 0.000000
vt 1.000000 0.000000
vt 1.000000 0.000000
vt 1.000000 0.000000
vt 1.000000 0.000000
vt 1.000000 0.000000
vt 1.000000 0.000000
vt 1.000000 0.000000
vt 1.000000 0.000000
vt 1.000000 0.000000
vt 1.000000 0.000000
vt 1.000000 0.000000
vt 1.000000 0.000000
vt 1.000000 0.000000
vt 1.000000 0.000000
vt 1.000000 0.000000
vt 1.000000 0.000000
vt 1.000000 0.000000
vt 1.000000 0.000000
vt 1.000000 0.000000
vt 1.000000 0.000000
vt 1.000000 0.000000
vt 1.000000 0.000000
vt 1.000000 0.000000
vt 1.000000 0.000000
vt 1.000000 0.000000
vt 1.000000 0.000000
vt 1.000000 0.000000
vt 1.000000 0.000000
vt 1.000000 0.000000
vt 1.000000 0.000000
vt 1.000000 0.000000
vt 1.000000 0.000000
vt 1.000000 0.000000
vt 1.000000 0.000000
vt 1.000000 0.000000
vt 1.000000 0.000000
vt 1.000000 0.000000
vt 1.000000 0.000000
vt 1.000000 0.000000
vt 1.000000 0.000000
vt 1.000000 0.000000
vt 1.000000 0.000000
vt 1.000000 0.000000
vt 1.000000 0.000000
vt 1.000000 0.000000
vt 1.000000 0.000000
vt 1.000000 0.000000
vt 1.000000 0.000000
vt 1.000000 0.000000
vt 1.000000 0.000000
vt 1.000000 0.000000
vt 1.000000 0.000000
vt 1.000000 0.000000
vt 1.000000 0.000000
vt 1.000000 0.000000
vt 1.000000 0.000000
vt 1.000000 0.000000
vt 1.000000 0.000000
vt 1.000000 0.000000
vt 1.000000 0.000000
vt 1.000000 0.000000
vt 1.000000 0.000000
vt 1.000000 0.000000
vt 1.000000 0.000000
vt 1.000000 0.000000
vt 1.000000 0.000000
vt 1.000000 0.000000
vt 1.000000 0.000000
vt 1.000000 0.000000
vt 1.000000 0.000000
vt 1.000000 0.000000
vt 1.000000 0.000000
vt 1.000000 0.000000
vt 1.000000 0.000000
vt 1.000000 0.000000
vt 1.000000 0.000000
vt 1.000000 0.000000
vt 1.000000 0.000000
vt 1.000000 0.000000
vt 1.000000 0.000000
vt 1.000000 0.000000
vt 1.000000 0.000000
vt 1.000000 0.000000
vt 1.000000 0.000000
vt 1.000000 0.000000
vt 1.000000 0.000000
vt 1.000000 0.000000
vt 1.000000 0.000000
vt 1.000000 0.000000
vt 1.000000 0.000000
vt 1.000000 0.000000
vt 1.000000 0.000000
vt 1.000000 0.000000
vt 1.000000 0.000000
vt 1.000000 0.000000
vt 1.000000 0.000000
vt 1.000000 0.000000
vt 1.000000 0.000000
vt 1.000000 0.000000
vt 1.000000 0.000000
vt 1.000000 0.000000
vt 1.000000 0.000000
vt 1.000000 0.000000
vt 1.000000 0.000000
vt 1.000000 0.000000
vt 1.000000 0.000000
vt 1.000000 0.000000
vt 1.000000 0.000000
vt 1.000000 0.000000
vt 1.000000 0.000000
vt 1.000000 0.000000
vt 1.000000 0.000000
vt 1.000000 0.000000
vt 1.000000 0.000000
vt 1.000000 0.000000
vt 1.000000 0.000000
vt 1.000000 0.000000
vt 1.000000 0.000000
vt 1.000000 0.000000
vt 1.000000 0.000000
vt 1.000000 0.000000
vt 1.000000 0.000000
vt 1.000000 0.000000
vt 1.000000 0.000000
vt 1.000000 0.000000
vt 1.000000 0.000000
vt 1.000000 0.000000
vt 1.000000 0.000000
vt 1.000000 0.000000
vt 1.000000 0.000000
vt 1.000000 0.000000
vt 1.000000 0.000000
vt 1.000000 0.000000
vt 1.000000 0.000000
vt 1.000000 0.000000
vt 1.000000 0.000000
vt 1.000000 0.000000
vt 1.000000 0.000000
vt 1.000000 0.000000
vt 1.000000 0.000000
vt 1.000000 0.000000
vt 1.000000 0.000000
vt 1.000000 0.000000
vt 1.000000 0.000000
vt 1.000000 0.000000
vt 1.000000 0.000000
vt 1.000000 0.000000
vt 1.000000 0.000000
vt 1.000000 0.000000
vt 1.000000 0.000000
vt 1.000000 0.000000
vt 1.000000 0.000000
vt 1.000000 0.000000
vt 1.000000 0.000000
vt 1.000000 0.000000
vt 1.000000 0.000000
vt 1.000000 0.000000
vt 1.000000 0.000000
vt 1.000000 0.000000
vt 1.000000 0.000000
vt 1.000000 0.000000
vt 1.000000 0.000000
vt 1.000000 0.000000
vt 1.000000 0.000000
vt 1.000000 0.000000
vt 1.000000 0.000000
vt 1.000000 0.000000
vt 1.000000 0.000000
vt 1.000000 0.000000
vt 1.000000 0.000000
vt 1.000000 0.000000
vt 1.000000 0.000000
vt 1.000000 0.000000
vt 1.000000 0.000000
vt 1.000000 0.000000
vt 1.000000 0.000000
vt 1.000000 0.000000
vt 1.000000 0.000000
vt 1.000000 0.000000
vt 1.000000 0.000000
vt 1.000000 0.000000
vt 1.000000 0.000000
vt 1.000000 0.000000
vt 1.000000 0.000000
vt 1.000000 0.000000
vt 1.000000 0.000000
vt 1.000000 0.000000
vt 1.000000 0.000000
vt 1.000000 0.000000
vt 1.000000 0.000000
vt 1.000000 0.000000
vt 1.000000 0.000000
vt 1.000000 0.000000
vt 1.000000 0.000000
vt 1.000000 0.000000
vt 1.000000 0.000000
vt 1.000000 0.000000
vt 1.000000 0.000000
vt 1.000000 0.000000
vt 1.000000 0.000000
vt 1.000000 0.000000
vt 1.000000 0.000000
vt 1.000000 0.000000
vt 1.000000 0.000000
vt 1.000000 0.000000
vt 1.000000 0.000000
vt 1.000000 0.000000
vt 1.000000 0.000000
vt 1.000000 0.000000
vt 1.000000 0.000000
vt 1.000000 0.000000
vt 1.000000 0.000000
vt 1.000000 0.000000
vt 1.000000 0.000000
vt 1.000000 0.000000
vt 1.000000 0.000000
vt 1.000000 0.000000
vt 1.000000 0.000000
vt 1.000000 0.000000
vt 1.000000 0.000000
vt 1.000000 0.000000
vt 1.000000 0.000000
vt 1.000000 0.000000
vt 1.000000 0.000000
vt 1.000000 0.000000
vt 1.000000 0.000000
vt 1.000000 0.000000
vt 1.000000 0.000000
vt 1.000000 0.000000
vt 1.000000 0.000000
vt 1.000000 0.000000
vt 1.000000 0.000000
vt 1.000000 0.000000
vt 1.000000 0.000000
vt 1.000000 0.000000
vt 1.000000 0.000000
vt 1.000000 0.000000
vt 1.000000 0.000000
vt 1.000000 0.000000
vt 1.000000 0.000000
vt 1.000000 0.000000
vt 1.000000 0.000000
vt 1.000000 0.000000
vt 1.000000 0.000000
vt 1.000000 0.000000
vt 1.000000 0.000000
vt 1.000000 0.000000
vt 1.000000 0.000000
vt 1.000000 0.000000
vt 1.000000 0.000000
vt 1.000000 0.000000
vt 1.000000 0.000000
vt 1.000000 0.000000
vt 1.000000 0.000000
vt 1.000000 0.000000
vt 1.000000 0.000000
vt 1.000000 0.000000
vt 1.000000 0.000000
vt 1.000000 0.000000
vt 1.000000 0.000000
vt 1.000000 0.000000
vt 1.000000 0.000000
vt 1.000000 0.000000
vt 1.000000 0.000000
vt 1.000000 0.000000
vt 1.000000 0.000000
vt 1.000000 0.000000
vt 1.000000 0.000000
vt 1.000000 0.000000
vt 1.000000 0.000000
vt 1.000000 0.000000
vt 1.000000 0.000000
vt 1.000000 0.000000
vt 1.000000 0.000000
vt 1.000000 0.000000
vt 1.000000 0.000000
vt 1.000000 0.000000
vt 1.000000 0.000000
vt 1.000000 0.000000
vt 1.000000 0.000000
vt 1.000000 0.000000
vt 1.000000 0.000000
vt 1.000000 0.000000
vt 1.000000 0.000000
vt 1.000000 0.000000
vt 1.000000 0.000000
vt 1.000000 0.000000
vt 1.000000 0.000000
vt 1.000000 0.000000
vt 1.000000 0.000000
vt 1.000000 0.000000
vt 1.000000 0.000000
vt 1.000000 0.000000
vt 1.000000 0.000000
vt 1.000000 0.000000
vt 1.000000 0.000000
vt 1.000000 0.000000
vt 1.000000 0.000000
vt 1.000000 0.000000
vt 1.000000 0.000000
vt 1.000000 0.000000
vt 1.000000 0.000000
vt 1.000000 0.000000
vt 1.000000 0.000000
vt 1.000000 0.000000
vt 1.000000 0.000000
vt 1.000000 0.000000
vt 1.000000 0.000000
vt 1.000000 0.000000
vt 1.000000 0.000000
vt 1.000000 0.000000
vt 1.000000 0.000000
vt 1.000000 0.000000
vt 1.000000 0.000000
vt 1.000000 0.000000
vt 1.000000 0.000000
vt 1.000000 0.000000
vt 1.000000 0.000000
vt 1.000000 0.000000
vt 1.000000 0.000000
vt 1.000000 0.000000
vt 1.000000 0.000000
vt 1.000000 0.000000
vt 1.000000 0.000000
vt 1.000000 0.000000
vt 1.000000 0.000000
vt 1.000000 0.000000
vt 1.000000 0.000000
vt 1.000000 0.000000
vt 1.000000 0.000000
vt 1.000000 0.000000
vt 1.000000 0.000000
vt 1.000000 0.000000
vt 1.000000 0.000000
vt 1.000000 0.000000
vt 1.000000 0.000000
vt 1.000000 0.000000
vt 1.000000 0.000000
vt 1.000000 0.000000
vt 1.000000 0.000000
vt 1.000000 0.000000
vt 1.000000 0.000000
vt 1.000000 0.000000
vt 1.000000 0.000000
vt 1.000000 0.000000
vt 1.000000 0.000000
vt 1.000000 0.000000
vt 1.000000 0.000000
vt 1.000000 0.000000
vt 1.000000 0.000000
vt 1.000000 0.000000
vt 1.000000 0.000000
vt 1.000000 0.000000
vt 1.000000 0.000000
vt 1.000000 0.000000
vt 1.000000 0.000000
vt 1.000000 0.000000
vt 1.000000 0.000000
vt 1.000000 0.000000
vt 1.000000 0.000000
vt 1.000000 0.000000
vt 1.000000 0.000000
vt 1.000000 0.000000
vt 1.000000 0.000000
vt 1.000000 0.000000
vt 1.000000 0.000000
vt 1.000000 0.000000
vt 1.000000 0.000000
vt 1.000000 0.000000
vt 1.000000 0.000000
vt 1.000000 0.000000
vt 1.000000 0.000000
vt 1.000000 0.000000
vt 1.000000 0.000000
vt 1.000000 0.000000
vt 1.000000 0.000000
vt 1.000000 0.000000
vt 1.000000 0.000000
vt 1.000000 0.000000
vt 1.000000 0.000000
vt 1.000000 0.000000
vt 1.000000 0.000000
vt 1.000000 0.000000
vt 1.000000 0.000000
vt 1.000000 0.000000
vt 1.000000 0.000000
vt 1.000000 0.000000
vt 1.000000 0.000000
vt 1.000000 0.000000
vt 1.000000 0.000000
vt 1.000000 0.000000
vt 1.000000 0.000000
vt 1.000000 0.000000
vt 1.000000 0.000000
vt 1.000000 0.000000
vt 1.000000 0.000000
vt 1.000000 0.000000
vt 1.000000 0.000000
vt 1.000000 0.000000
vt 1.000000 0.000000
vt 1.000000 0.000000
vt 1.000000 0.000000
vt 1.000000 0.000000
vt 1.000000 0.000000
vt 1.000000 0.000000
vt 1.000000 0.000000
vt 1.000000 0.000000
vt 1.000000 0.000000
vt 1.000000 0.000000
vt 1.000000 0.000000
vt 1.000000 0.000000
vt 1.000000 0.000000
vt 1.000000 0.000000
vt 1.000000 0.000000
vt 1.000000 0.000000
vt 1.000000 0.000000
vt 1.000000 0.000000
vt 1.000000 0.000000
vt 1.000000 0.000000
vt 1.000000 0.000000
vt 1.000000 0.000000
vt 1.000000 0.000000
vt 1.000000 0.000000
vt 1.000000 0.000000
vt 1.000000 0.000000
vt 1.000000 0.000000
vt 1.000000 0.000000
vt 1.000000 0.000000
vt 1.000000 0.000000
vt 1.000000 0.000000
vt 1.000000 0.000000
vt 1.000000 0.000000
vt 1.000000 0.000000
vt 1.000000 0.000000
vt 1.000000 0.000000
vt 1.000000 0.000000
vt 1.000000 0.000000
vt 1.000000 0.000000
vt 1.000000 0.000000
vt 1.000000 0.000000
vt 1.000000 0.000000
vt 1.000000 0.000000
vt 1.000000 0.000000
vt 1.000000 0.000000
vt 1.000000 0.000000
vt 1.000000 0.000000
vt 1.000000 0.000000
vt 1.000000 0.000000
vt 1.000000 0.000000
vt 1.000000 0.000000
vt 1.000000 0.000000
vt 1.000000 0.000000
vt 1.000000 0.000000
vt 1.000000 0.000000
vt 1.000000 0.000000
vt 1.000000 0.000000
vt 1.000000 0.000000
vt 1.000000 0.000000
vt 1.000000 0.000000
vt 1.000000 0.000000
vt 1.000000 0.000000
vt 1.000000 0.000000
vt 1.000000 0.000000
vt 1.000000 0.000000
vt 1.000000 0.000000
vt 1.000000 0.000000
vt 1.000000 0.000000
vt 1.000000 0.000000
vt 1.000000 0.000000
vt 1.000000 0.000000
vt 1.000000 0.000000
vt 1.000000 0.000000
vt 1.000000 0.000000
vt 1.000000 0.000000
vt 1.000000 0.000000
vt 1.000000 0.000000
vt 1.000000 0.000000
vt 1.000000 0.000000
vt 1.000000 0.000000
vt 1.000000 0.000000
vt 1.000000 0.000000
vt 1.000000 0.000000
vt 1.000000 0.000000
vt 1.000000 0.000000
vt 1.000000 0.000000
vt 1.000000 0.000000
vt 1.000000 0.000000
vt 1.000000 0.000000
vt 1.000000 0.000000
vt 1.000000 0.000000
vt 1.000000 0.000000
vt 1.000000 0.000000
vt 1.000000 0.000000
vt 1.000000 0.000000
vt 1.000000 0.000000
vt 1.000000 0.000000
vt 1.000000 0.000000
vt 1.000000 0.000000
vt 1.000000 0.000000
vt 1.000000 0.000000
vt 1.000000 0.000000
vt 1.000000 0.000000
vt 1.000000 0.000000
vt 1.000000 0.000000
vt 1.000000 0.000000
vt 1.000000 0.000000
vt 1.000000 0.000000
vt 1.000000 0.000000
vt 1.000000 0.000000
vt 1.000000 0.000000
vt 1.000000 0.000000
vt 1.000000 0.000000
vt 1.000000 0.000000
vt 1.000000 0.000000
vt 1.000000 0.000000
vt 1.000000 0.000000
vt 1.000000 0.000000
vt 1.000000 0.000000
vt 1.000000 0.000000
vt 1.000000 0.000000
vt 1.000000 0.000000
vt 1.000000 0.000000
vt 1.000000 0.000000
vt 1.000000 0.000000
vt 1.000000 0.000000
vt 1.000000 0.000000
vt 1.000000 0.000000
vt 1.000000 0.000000
vt 1.000000 0.000000
vt 1.000000 0.000000
vt 1.000000 0.000000
vt 1.000000 0.000000
vt 1.000000 0.000000
vt 1.000000 0.000000
vt 1.000000 0.000000
vt 1.000000 0.000000
vt 1.000000 0.000000
vt 1.000000 0.000000
vt 1.000000 0.000000
vt 1.000000 0.000000
vt 1.000000 0.000000
vt 1.000000 0.000000
vt 1.000000 0.000000
vt 1.000000 0.000000
vt 1.000000 0.000000
vt 1.000000 0.000000
vt 1.000000 0.000000
vt 1.000000 0.000000
vt 1.000000 0.000000
vt 1.000000 0.000000
vt 1.000000 0.000000
vt 1.000000 0.000000
vt 1.000000 0.000000
vt 1.000000 0.000000
vt 1.000000 0.000000
vt 1.000000 0.000000
vt 1.000000 0.000000
vt 1.000000 0.000000
vt 1.000000 0.000000
vt 1.000000 0.000000
vt 1.000000 0.000000
vt 1.000000 0.000000
vt 1.000000 0.000000
vt 1.000000 0.000000
vt 1.000000 0.000000
vt 1.000000 0.000000
vt 1.000000 0.000000
vt 1.000000 0.000000
vt 1.000000 0.000000
vt 1.000000 0.000000
vt 1.000000 0.000000
vt 1.000000 0.000000
vt 1.000000 0.000000
vt 1.000000 0.000000
vt 1.000000 0.000000
vt 1.000000 0.000000
vt 1.000000 0.000000
vt 1.000000 0.000000
vt 1.000000 0.000000
vt 1.000000 0.000000
vt 1.000000 0.000000
vt 1.000000 0.000000
vt 1.000000 0.000000
vt 1.000000 0.000000
vt 1.000000 0.000000
vt 1.000000 0.000000
vt 1.000000 0.000000
vt 1.000000 0.000000
vt 1.000000 0.000000
vt 1.000000 0.000000
vt 1.000000 0.000000
vt 1.000000 0.000000
vt 1.000000 0.000000
vt 1.000000 0.000000
vt 1.000000 0.000000
vt 1.000000 0.000000
vt 1.000000 0.000000
vt 1.000000 0.000000
vt 1.000000 0.000000
vt 1.000000 0.000000
vt 1.000000 0.000000
vt 1.000000 0.000000
vt 1.000000 0.000000
vt 1.000000 0.000000
vt 1.000000 0.000000
vt 1.000000 0.000000
vt 1.000000 0.000000
vt 1.000000 0.000000
vt 1.000000 0.000000
vt 1.000000 0.000000
vt 1.000000 0.000000
vt 1.000000 0.000000
vt 1.000000 0.000000
vt 1.000000 0.000000
vt 1.000000 0.000000
vt 1.000000 0.000000
vt 1.000000 0.000000
vt 1.000000 0.000000
vt 1.000000 0.000000
vt 1.000000 0.000000
vt 1.000000 0.000000
vt 1.000000 0.000000
vt 1.000000 0.000000
vt 1.000000 0.000000
vt 1.000000 0.000000
vt 1.000000 0.000000
vt 1.000000 0.000000
vt 1.000000 0.000000
vt 1.000000 0.000000
vt 1.000000 0.000000
vt 1.000000 0.000000
vt 1.000000 0.000000
vt 1.000000 0.000000
vt 1.000000 0.000000
vt 1.000000 0.000000
vt 1.000000 0.000000
vt 1.000000 0.000000
vt 1.000000 0.000000
vt 1.000000 0.000000
vt 1.000000 0.000000
vt 1.000000 0.000000
vt 1.000000 0.000000
vt 1.000000 0.000000
vt 1.000000 0.000000
vt 1.000000 0.000000
vt 1.000000 0.000000
vt 1.000000 0.000000
vt 1.000000 0.000000
vt 1.000000 0.000000
vt 1.000000 0.000000
vt 1.000000 0.000000
vt 1.000000 0.000000
vt 1.000000 0.000000
vt 1.000000 0.000000
vt 1.000000 0.000000
vt 1.000000 0.000000
vt 1.000000 0.000000
vt 1.000000 0.000000
vt 1.000000 0.000000
vt 1.000000 0.000000
vt 1.000000 0.000000
vt 1.000000 0.000000
vt 1.000000 0.000000
vt 1.000000 0.000000
vt 1.000000 0.000000
vt 1.000000 0.000000
vt 1.000000 0.000000
vt 1.000000 0.000000
vt 1.000000 0.000000
vt 1.000000 0.000000
vt 1.000000 0.000000
vt 1.000000 0.000000
vt 1.000000 0.000000
vt 1.000000 0.000000
vt 1.000000 0.000000
vt 1.000000 0.000000
vt 1.000000 0.000000
vt 1.000000 0.000000
vt 1.000000 0.000000
vt 1.000000 0.000000
vt 1.000000 0.000000
vt 1.000000 0.000000
vt 1.000000 0.000000
vt 1.000000 0.000000
vt 1.000000 0.000000
vt 1.000000 0.000000
vt 1.000000 0.000000
vt 1.000000 0.000000
vt 1.000000 0.000000
vt 1.000000 0.000000
vt 1.000000 0.000000
vt 1.000000 0.000000
vt 1.000000 0.000000
vt 1.000000 0.000000
vt 1.000000 0.000000
vt 1.000000 0.000000
vt 1.000000 0.000000
vt 1.000000 0.000000
vt 1.000000 0.000000
vt 1.000000 0.000000
vt 1.000000 0.000000
vt 1.000000 0.000000
vt 1.000000 0.000000
vt 1.000000 0.000000
vt 1.000000 0.000000
vt 1.000000 0.000000
vt 1.000000 0.000000
vt 1.000000 0.000000
vt 1.000000 0.000000
vt 1.000000 0.000000
vt 1.000000 0.000000
vt 1.000000 0.000000
vt 1.000000 0.000000
vt 1.000000 0.000000
vt 1.000000 0.000000
vt 1.000000 0.000000
vt 1.000000 0.000000
vt 1.000000 0.000000
vt 1.000000 0.000000
vt 1.000000 0.000000
vt 1.000000 0.000000
vt 1.000000 0.000000
vt 1.000000 0.000000
vt 1.000000 0.000000
vt 1.000000 0.000000
vt 1.000000 0.000000
vt 1.000000 0.000000
vt 1.000000 0.000000
vt 1.000000 0.000000
vt 1.000000 0.000000
vt 1.000000 0.000000
vt 1.000000 0.000000
vt 1.000000 0.000000
vt 1.000000 0.000000
vt 1.000000 0.000000
vt 1.000000 0.000000
vt 1.000000 0.000000
vt 1.000000 0.000000
vt 1.000000 0.000000
vt 1.000000 0.000000
vt 1.000000 0.000000
vt 1.000000 0.000000
vt 1.000000 0.000000
vt 1.000000 0.000000
vt 1.000000 0.000000
vt 1.000000 0.000000
vt 1.000000 0.000000
vt 1.000000 0.000000
vt 1.000000 0.000000
vt 1.000000 0.000000
vt 1.000000 0.000000
vt 1.000000 0.000000
vt 1.000000 0.000000
vt 1.000000 0.000000
vt 1.000000 0.000000
vt 1.000000 0.000000
vt 1.000000 0.000000
vt 1.000000 0.000000
vt 1.000000 0.000000
vt 1.000000 0.000000
vt 1.000000 0.000000
vt 1.000000 0.000000
vt 1.000000 0.000000
vt 1.000000 0.000000
vt 1.000000 0.000000
vt 1.000000 0.000000
vt 1.000000 0.000000
vt 1.000000 0.000000
vt 1.000000 0.000000
vt 1.000000 0.000000
vt 1.000000 0.000000
vt 1.000000 0.000000
vt 1.000000 0.000000
vt 1.000000 0.000000
vt 1.000000 0.000000
vt 1.000000 0.000000
vt 1.000000 0.000000
vt 1.000000 0.000000
vt 1.000000 0.000000
vt 1.000000 0.000000
vt 1.000000 0.000000
vt 1.000000 0.000000
vt 1.000000 0.000000
vt 1.000000 0.000000
vt 1.000000 0.000000
vt 1.000000 0.000000
vt 1.000000 0.000000
vt 1.000000 0.000000
vt 1.000000 0.000000
vt 1.000000 0.000000
vt 1.000000 0.000000
vt 1.000000 0.000000
vt 1.000000 0.000000
vt 1.000000 0.000000
vt 1.000000 0.000000
vt 1.000000 0.000000
vt 1.000000 0.000000
vt 1.000000 0.000000
vt 1.000000 0.000000
vt 1.000000 0.000000
vt 1.000000 0.000000
vt 1.000000 0.000000
vt 1.000000 0.000000
vt 1.000000 0.000000
vt 1.000000 0.000000
vt 1.000000 0.000000
vt 1.000000 0.000000
vt 1.000000 0.000000
vt 1.000000 0.000000
vt 1.000000 0.000000
vt 1.000000 0.000000
vt 1.000000 0.000000
vt 1.000000 0.000000
vt 1.000000 0.000000
vt 1.000000 0.000000
vt 1.000000 0.000000
vt 1.000000 0.000000
vt 1.000000 0.000000
vt 1.000000 0.000000
vt 1.000000 0.000000
vt 1.000000 0.000000
vt 1.000000 0.000000
vt 1.000000 0.000000
vt 1.000000 0.000000
vt 1.000000 0.000000
vt 1.000000 0.000000
vt 1.000000 0.000000
vt 1.000000 0.000000
vt 1.000000 0.000000
vt 1.000000 0.000000
vt 1.000000 0.000000
vt 1.000000 0.000000
vt 1.000000 0.000000
vt 1.000000 0.000000
vt 1.000000 0.000000
vt 1.000000 0.000000
vt 1.000000 0.000000
vt 1.000000 0.000000
vt 1.000000 0.000000
vt 1.000000 0.000000
vt 1.000000 0.000000
vt 1.000000 0.000000
vt 1.000000 0.000000
vt 1.000000 0.000000
vt 1.000000 0.000000
vt 1.000000 0.000000
vt 1.000000 0.000000
vt 1.000000 0.000000
vt 1.000000 0.000000
vt 1.000000 0.000000
vt 1.000000 0.000000
vt 1.000000 0.000000
vt 1.000000 0.000000
vt 1.000000 0.000000
vt 1.000000 0.000000
vt 1.000000 0.000000
vt 1.000000 0.000000
vt 1.000000 0.000000
vt 1.000000 0.000000
vt 1.000000 0.000000
vt 1.000000 0.000000
vt 1.000000 0.000000
vt 1.000000 0.000000
vt 1.000000 0.000000
vt 1.000000 0.000000
vt 1.000000 0.000000
vt 1.000000 0.000000
vt 1.000000 0.000000
vt 1.000000 0.000000
vt 1.000000 0.000000
vt 1.000000 0.000000
vt 1.000000 0.000000
vt 1.000000 0.000000
vt 1.000000 0.000000
vt 1.000000 0.000000
vt 1.000000 0.000000
vt 1.000000 0.000000
vt 1.000000 0.000000
vt 1.000000 0.000000
vt 1.000000 0.000000
vt 1.000000 0.000000
vt 1.000000 0.000000
vt 1.000000 0.000000
vt 1.000000 0.000000
vt 1.000000 0.000000
vt 1.000000 0.000000
vt 1.000000 0.000000
vt 1.000000 0.000000
vt 1.000000 0.000000
vt 1.000000 0.000000
vt 1.000000 0.000000
vt 1.000000 0.000000
vt 1.000000 0.000000
vt 1.000000 0.000000
vt 1.000000 0.000000
vt 1.000000 0.000000
vt 1.000000 0.000000
vt 1.000000 0.000000
vt 1.000000 0.000000
vt 1.000000 0.000000
vt 1.000000 0.000000
vt 1.000000 0.000000
vt 1.000000 0.000000
vt 1.000000 0.000000
vt 1.000000 0.000000
vt 1.000000 0.000000
vt 1.000000 0.000000
vt 1.000000 0.000000
vt 1.000000 0.000000
vt 1.000000 0.000000
vt 1.000000 0.000000
vt 1.000000 0.000000
vt 1.000000 0.000000
vt 1.000000 0.000000
vt 1.000000 0.000000
vt 1.000000 0.000000
vt 1.000000 0.000000
vt 1.000000 0.000000
vt 1.000000 0.000000
vt 1.000000 0.000000
vt 1.000000 0.000000
vt 1.000000 0.000000
vt 1.000000 0.000000
vt 1.000000 0.000000
vt 1.000000 0.000000
vt 1.000000 0.000000
vt 1.000000 0.000000
vt 1.000000 0.000000
vt 1.000000 0.000000
vt 1.000000 0.000000
vt 1.000000 0.000000
vt 1.000000 0.000000
vt 1.000000 0.000000
vt 1.000000 0.000000
vt 1.000000 0.000000
vt 1.000000 0.000000
vt 1.000000 0.000000
vt 1.000000 0.000000
vt 1.000000 0.000000
vt 1.000000 0.000000
vt 1.000000 0.000000
vt 1.000000 0.000000
vt 1.000000 0.000000
vt 1.000000 0.000000
vt 1.000000 0.000000
vt 1.000000 0.000000
vt 1.000000 0.000000
vt 1.000000 0.000000
vt 1.000000 0.000000
vt 1.000000 0.000000
vt 1.000000 0.000000
vt 1.000000 0.000000
vt 1.000000 0.000000
vt 1.000000 0.000000
vt 1.000000 0.000000
vt 1.000000 0.000000
vt 1.000000 0.000000
vt 1.000000 0.000000
vt 1.000000 0.000000
vt 1.000000 0.000000
vt 1.000000 0.000000
vt 1.000000 0.000000
vt 1.000000 0.000000
vt 1.000000 0.000000
vt 1.000000 0.000000
vt 1.000000 0.000000
vt 1.000000 0.000000
vt 1.000000 0.000000
vt 1.000000 0.000000
vt 1.000000 0.000000
vt 1.000000 0.000000
vt 1.000000 0.000000
vt 1.000000 0.000000
vt 1.000000 0.000000
vt 1.000000 0.000000
vt 1.000000 0.000000
vt 1.000000 0.000000
vt 1.000000 0.000000
vt 1.000000 0.000000
vt 1.000000 0.000000
vt 1.000000 0.000000
vt 1.000000 0.000000
vt 1.000000 0.000000
vt 1.000000 0.000000
vt 1.000000 0.000000
vt 1.000000 0.000000
vt 1.000000 0.000000
vt 1.000000 0.000000
vt 1.000000 0.000000
vt 1.000000 0.000000
vt 1.000000 0.000000
vt 1.000000 0.000000
vt 1.000000 0.000000
vt 1.000000 0.000000
vt 1.000000 0.000000
vt 1.000000 0.000000
vt 1.000000 0.000000
vt 1.000000 0.000000
vt 1.000000 0.000000
vt 1.000000 0.000000
vt 1.000000 0.000000
vt 1.000000 0.000000
vt 1.000000 0.000000
vt 1.000000 0.000000
vt 1.000000 0.000000
vt 1.000000 0.000000
vt 1.000000 0.000000
vt 1.000000 0.000000
vt 1.000000 0.000000
vt 1.000000 0.000000
vt 1.000000 0.000000
vt 1.000000 0.000000
vt 1.000000 0.000000
vt 1.000000 0.000000
vt 1.000000 0.000000
vt 1.000000 0.000000
vt 1.000000 0.000000
vt 1.000000 0.000000
vt 1.000000 0.000000
vt 1.000000 0.000000
vt 1.000000 0.000000
vt 1.000000 0.000000
vt 1.000000 0.000000
vt 1.000000 0.000000
vt 1.000000 0.000000
vt 1.000000 0.000000
vt 1.000000 0.000000
vt 1.000000 0.000000
vt 1.000000 0.000000
vt 1.000000 0.000000
vt 1.000000 0.000000
vt 1.000000 0.000000
vt 1.000000 0.000000
vt 1.000000 0.000000
vt 1.000000 0.000000
vt 1.000000 0.000000
vt 1.000000 0.000000
vt 1.000000 0.000000
vt 1.000000 0.000000
vt 1.000000 0.000000
vt 1.000000 0.000000
vt 1.000000 0.000000
vt 1.000000 0.000000
vt 1.000000 0.000000
vt 1.000000 0.000000
vt 1.000000 0.000000
vt 1.000000 0.000000
vt 1.000000 0.000000
vt 1.000000 0.000000
vt 1.000000 0.000000
vt 1.000000 0.000000
vt 1.000000 0.000000
vt 1.000000 0.000000
vt 1.000000 0.000000
vt 1.000000 0.000000
vt 1.000000 0.000000
vt 1.000000 0.000000
vt 1.000000 0.000000
vt 1.000000 0.000000
vt 1.000000 0.000000
vt 1.000000 0.000000
vt 1.000000 0.000000
vt 1.000000 0.000000
vt 1.000000 0.000000
vt 1.000000 0.000000
vt 1.000000 0.000000
vt 1.000000 0.000000
vt 1.000000 0.000000
vt 1.000000 0.000000
vt 1.000000 0.000000
vt 1.000000 0.000000
vt 1.000000 0.000000
vt 1.000000 0.000000
vt 1.000000 0.000000
vt 1.000000 0.000000
vt 1.000000 0.000000
vt 1.000000 0.000000
vt 1.000000 0.000000
vt 1.000000 0.000000
vt 1.000000 0.000000
vt 1.000000 0.000000
vt 1.000000 0.000000
vt 1.000000 0.000000
vt 1.000000 0.000000
vt 1.000000 0.000000
vt 1.000000 0.000000
vt 1.000000 0.000000
vt 1.000000 0.000000
vt 1.000000 0.000000
vt 1.000000 0.000000
vt 1.000000 0.000000
vt 1.000000 0.000000
vt 1.000000 0.000000
vt 1.000000 0.000000
vt 1.000000 0.000000
vt 1.000000 0.000000
vt 1.000000 0.000000
vt 1.000000 0.000000
vt 1.000000 0.000000
vt 1.000000 0.000000
vt 1.000000 0.000000
vt 1.000000 0.000000
vt 1.000000 0.000000
vt 1.000000 0.000000
vt 1.000000 0.000000
vt 1.000000 0.000000
vt 1.000000 0.000000
vt 1.000000 0.000000
vt 1.000000 0.000000
vt 1.000000 0.000000
vt 1.000000 0.000000
vt 1.000000 0.000000
vt 1.000000 0.000000
vt 1.000000 0.000000
vt 1.000000 0.000000
vt 1.000000 0.000000
vt 1.000000 0.000000
vt 1.000000 0.000000
vt 1.000000 0.000000
vt 1.000000 0.000000
vt 1.000000 0.000000
vt 1.000000 0.000000
vt 1.000000 0.000000
vt 1.000000 0.000000
vt 1.000000 0.000000
vt 1.000000 0.000000
vt 1.000000 0.000000
vt 1.000000 0.000000
vt 1.000000 0.000000
vt 1.000000 0.000000
vt 1.000000 0.000000
vt 1.000000 0.000000
vt 1.000000 0.000000
vt 1.000000 0.000000
vt 1.000000 0.000000
vt 1.000000 0.000000
vt 1.000000 0.000000
vt 1.000000 0.000000
vt 1.000000 0.000000
vt 1.000000 0.000000
vt 1.000000 0.000000
vt 1.000000 0.000000
vt 1.000000 0.000000
vt 1.000000 0.000000
vt 1.000000 0.000000
vt 1.000000 0.000000
vt 1.000000 0.000000
vt 1.000000 0.000000
vt 1.000000 0.000000
vt 1.000000 0.000000
vt 1.000000 0.000000
vt 1.000000 0.000000
vt 1.000000 0.000000
vt 1.000000 0.000000
vt 1.000000 0.000000
vt 1.000000 0.000000
vt 1.000000 0.000000
vt 1.000000 0.000000
vt 1.000000 0.000000
vt 1.000000 0.000000
vt 1.000000 0.000000
vt 1.000000 0.000000
vt 1.000000 0.000000
vt 1.000000 0.000000
vt 1.000000 0.000000
vt 1.000000 0.000000
vt 1.000000 0.000000
vt 1.000000 0.000000
vt 1.000000 0.000000
vt 1.000000 0.000000
vt 1.000000 0.000000
vt 1.000000 0.000000
vt 1.000000 0.000000
vt 1.000000 0.000000
vt 1.000000 0.000000
vt 1.000000 0.000000
vt 1.000000 0.000000
vt 1.000000 0.000000
vt 1.000000 0.000000
vt 1.000000 0.000000
vt 1.000000 0.000000
vt 1.000000 0.000000
vt 1.000000 0.000000
vt 1.000000 0.000000
vt 1.000000 0.000000
vt 1.000000 0.000000
vt 1.000000 0.000000
vt 1.000000 0.000000
vt 1.000000 0.000000
vt 1.000000 0.000000
vt 1.000000 0.000000
vt 1.000000 0.000000
vt 1.000000 0.000000
vt 1.000000 0.000000
vt 1.000000 0.000000
vt 1.000000 0.000000
vt 1.000000 0.000000
vt 1.000000 0.000000
vt 1.000000 0.000000
vt 1.000000 0.000000
vt 1.000000 0.000000
vt 1.000000 0.000000
vt 1.000000 0.000000
vt 1.000000 0.000000
vt 1.000000 0.000000
vt 1.000000 0.000000
vt 1.000000 0.000000
vt 1.000000 0.000000
vt 1.000000 0.000000
vt 1.000000 0.000000
vt 1.000000 0.000000
vt 1.000000 0.000000
vt 1.000000 0.000000
vt 1.000000 0.000000
vt 1.000000 0.000000
vt 1.000000 0.000000
vt 1.000000 0.000000
vt 1.000000 0.000000
vt 1.000000 0.000000
vt 1.000000 0.000000
vt 1.000000 0.000000
vt 1.000000 0.000000
vt 1.000000 0.000000
vt 1.000000 0.000000
vt 1.000000 0.000000
vt 1.000000 0.000000
vt 1.000000 0.000000
vt 1.000000 0.000000
vt 1.000000 0.000000
vt 1.000000 0.000000
vt 1.000000 0.000000
vt 1.000000 0.000000
vt 1.000000 0.000000
vt 1.000000 0.000000
vt 1.000000 0.000000
vt 1.000000 0.000000
vt 1.000000 0.000000
vt 1.000000 0.000000
vt 1.000000 0.000000
vt 1.000000 0.000000
vt 1.000000 0.000000
vt 1.000000 0.000000
vt 1.000000 0.000000
vt 1.000000 0.000000
vt 1.000000 0.000000
vt 1.000000 0.000000
vt 1.000000 0.000000
vt 1.000000 0.000000
vt 1.000000 0.000000
vt 1.000000 0.000000
vt 1.000000 0.000000
vt 1.000000 0.000000
vt 1.000000 0.000000
vt 1.000000 0.000000
vt 1.000000 0.000000
vt 1.000000 0.000000
vt 1.000000 0.000000
vt 1.000000 0.000000
vt 1.000000 0.000000
vt 1.000000 0.000000
vt 1.000000 0.000000
vt 1.000000 0.000000
vt 1.000000 0.000000
vt 1.000000 0.000000
vt 1.000000 0.000000
vt 1.000000 0.000000
vt 1.000000 0.000000
vt 1.000000 0.000000
vt 1.000000 0.000000
vt 1.000000 0.000000
vt 1.000000 0.000000
vt 1.000000 0.000000
vt 1.000000 0.000000
vt 1.000000 0.000000
vt 1.000000 0.000000
vt 1.000000 0.000000
vt 1.000000 0.000000
vt 1.000000 0.000000
vt 1.000000 0.000000
vt 1.000000 0.000000
vt 1.000000 0.000000
vt 1.000000 0.000000
vt 1.000000 0.000000
vt 1.000000 0.000000
vt 1.000000 0.000000
vt 1.000000 0.000000
vt 1.000000 0.000000
vt 1.000000 0.000000
vt 1.000000 0.000000
vt 1.000000 0.000000
vt 1.000000 0.000000
vt 1.000000 0.000000
vt 1.000000 0.000000
vt 1.000000 0.000000
vt 1.000000 0.000000
vt 1.000000 0.000000
vt 1.000000 0.000000
vt 1.000000 0.000000
vt 1.000000 0.000000
vt 1.000000 0.000000
vt 1.000000 0.000000
vt 1.000000 0.000000
vt 1.000000 0.000000
vt 1.000000 0.000000
vt 1.000000 0.000000
vt 1.000000 0.000000
vt 1.000000 0.000000
vt 1.000000 0.000000
vt 1.000000 0.000000
vt 1.000000 0.000000
vt 1.000000 0.000000
vt 1.000000 0.000000
vt 1.000000 0.000000
vt 1.000000 0.000000
vt 1.000000 0.000000
vt 1.000000 0.000000
vt 1.000000 0.000000
vt 1.000000 0.000000
vt 1.000000 0.000000
vt 1.000000 0.000000
vt 1.000000 0.000000
vt 1.000000 0.000000
vt 1.000000 0.000000
vt 1.000000 0.000000
vt 1.000000 0.000000
vt 1.000000 0.000000
vt 1.000000 0.000000
vt 1.000000 0.000000
vt 1.000000 0.000000
vt 1.000000 0.000000
vt 1.000000 0.000000
vt 1.000000 0.000000
vt 1.000000 0.000000
vt 1.000000 0.000000
vt 1.000000 0.000000
vt 1.000000 0.000000
vt 1.000000 0.000000
vt 1.000000 0.000000
vt 1.000000 0.000000
vt 1.000000 0.000000
vt 1.000000 0.000000
vt 1.000000 0.000000
vt 1.000000 0.000000
vt 1.000000 0.000000
vt 1.000000 0.000000
vt 1.000000 0.000000
vt 1.000000 0.000000
vt 1.000000 0.000000
vt 1.000000 0.000000
vt 1.000000 0.000000
vt 1.000000 0.000000
vt 1.000000 0.000000
vt 1.000000 0.000000
vt 1.000000 0.000000
vt 1.000000 0.000000
vt 1.000000 0.000000
vt 1.000000 0.000000
vt 1.000000 0.000000
vt 1.000000 0.000000
vt 1.000000 0.000000
vt 1.000000 0.000000
vt 1.000000 0.000000
vt 1.000000 0.000000
vt 1.000000 0.000000
vt 1.000000 0.000000
vt 1.000000 0.000000
vt 1.000000 0.000000
vt 1.000000 0.000000
vt 1.000000 0.000000
vt 1.000000 0.000000
vt 1.000000 0.000000
vt 1.000000 0.000000
vt 1.000000 0.000000
vt 1.000000 0.000000
vt 1.000000 0.000000
vt 1.000000 0.000000
vt 1.000000 0.000000
vt 1.000000 0.000000
vt 1.000000 0.000000
vt 1.000000 0.000000
vt 1.000000 0.000000
vt 1.000000 0.000000
vt 1.000000 0.000000
vt 1.000000 0.000000
vt 1.000000 0.000000
vt 1.000000 0.000000
vt 1.000000 0.000000
vt 1.000000 0.000000
vt 1.000000 0.000000
vt 1.000000 0.000000
vt 1.000000 0.000000
vt 1.000000 0.000000
vt 1.000000 0.000000
vt 1.000000 0.000000
vt 1.000000 0.000000
vt 1.000000 0.000000
vt 1.000000 0.000000
vt 1.000000 0.000000
vt 1.000000 0.000000
vt 1.000000 0.000000
vt 1.000000 0.000000
vt 1.000000 0.000000
vt 1.000000 0.000000
vt 1.000000 0.000000
vt 1.000000 0.000000
vt 1.000000 0.000000
vt 1.000000 0.000000
vt 1.000000 0.000000
vt 1.000000 0.000000
vt 1.000000 0.000000
vt 1.000000 0.000000
vt 1.000000 0.000000
vt 1.000000 0.000000
vt 1.000000 0.000000
vt 1.000000 0.000000
vt 1.000000 0.000000
vt 1.000000 0.000000
vt 1.000000 0.000000
vt 1.000000 0.000000
vt 1.000000 0.000000
vt 1.000000 0.000000
vt 1.000000 0.000000
vt 1.000000 0.000000
vt 1.000000 0.000000
vt 1.000000 0.000000
vt 1.000000 0.000000
vt 1.000000 0.000000
vt 1.000000 0.000000
vt 1.000000 0.000000
vt 1.000000 0.000000
vt 1.000000 0.000000
vt 1.000000 0.000000
vt 1.000000 0.000000
vt 1.000000 0.000000
vt 1.000000 0.000000
vt 1.000000 0.000000
vt 1.000000 0.000000
vt 1.000000 0.000000
vt 1.000000 0.000000
vt 1.000000 0.000000
vt 1.000000 0.000000
vt 1.000000 0.000000
vt 1.000000 0.000000
vt 1.000000 0.000000
vt 1.000000 0.000000
vt 1.000000 0.000000
vt 1.000000 0.000000
vt 1.000000 0.000000
vt 1.000000 0.000000
vt 1.000000 0.000000
vt 1.000000 0.000000
vt 1.000000 0.000000
vt 1.000000 0.000000
vt 1.000000 0.000000
vt 1.000000 0.000000
vt 1.000000 0.000000
vt 1.000000 0.000000
vt 1.000000 0.000000
vt 1.000000 0.000000
vt 1.000000 0.000000
vt 1.000000 0.000000
vt 1.000000 0.000000
vt 1.000000 0.000000
vt 1.000000 0.000000
vt 1.000000 0.000000
vt 1.000000 0.000000
vt 1.000000 0.000000
vt 1.000000 0.000000
vt 1.000000 0.000000
vt 1.000000 0.000000
vt 1.000000 0.000000
vt 1.000000 0.000000
vt 1.000000 0.000000
vt 1.000000 0.000000
vt 1.000000 0.000000
vt 1.000000 0.000000
vt 1.000000 0.000000
vt 1.000000 0.000000
vt 1.000000 0.000000
vt 1.000000 0.000000
vt 1.000000 0.000000
vt 1.000000 0.000000
vt 1.000000 0.000000
vt 1.000000 0.000000
vt 1.000000 0.000000
vt 1.000000 0.000000
vt 1.000000 0.000000
vt 1.000000 0.000000
vt 1.000000 0.000000
vt 1.000000 0.000000
vt 1.000000 0.000000
vt 1.000000 0.000000
vt 1.000000 0.000000
vt 1.000000 0.000000
vt 1.000000 0.000000
vt 1.000000 0.000000
vt 1.000000 0.000000
vt 1.000000 0.000000
vt 1.000000 0.000000
vt 1.000000 0.000000
vt 1.000000 0.000000
vt 1.000000 0.000000
vt 1.000000 0.000000
vt 1.000000 0.000000
vt 1.000000 0.000000
vt 1.000000 0.000000
vt 1.000000 0.000000
vt 1.000000 0.000000
vt 1.000000 0.000000
vt 1.000000 0.000000
vt 1.000000 0.000000
vt 1.000000 0.000000
vt 1.000000 0.000000
vt 1.000000 0.000000
vt 1.000000 0.000000
vt 1.000000 0.000000
vt 1.000000 0.000000
vt 1.000000 0.000000
vt 1.000000 0.000000
vt 1.000000 0.000000
vt 1.000000 0.000000
vt 1.000000 0.000000
vt 1.000000 0.000000
vt 1.000000 0.000000
vt 1.000000 0.000000
vt 1.000000 0.000000
vt 1.000000 0.000000
vt 1.000000 0.000000
vt 1.000000 0.000000
vt 1.000000 0.000000
vt 1.000000 0.000000
vt 1.000000 0.000000
vt 1.000000 0.000000
vt 1.000000 0.000000
vt 1.000000 0.000000
vt 1.000000 0.000000
vt 1.000000 0.000000
vt 1.000000 0.000000
vt 1.000000 0.000000
vt 1.000000 0.000000
vt 1.000000 0.000000
vt 1.000000 0.000000
vt 1.000000 0.000000
vt 1.000000 0.000000
vt 1.000000 0.000000
vt 1.000000 0.000000
vt 1.000000 0.000000
vt 1.000000 0.000000
vt 1.000000 0.000000
vt 1.000000 0.000000
vt 1.000000 0.000000
vt 1.000000 0.000000
vt 1.000000 0.000000
vt 1.000000 0.000000
vt 1.000000 0.000000
vt 1.000000 0.000000
vt 1.000000 0.000000
vt 1.000000 0.000000
vt 1.000000 0.000000
vt 1.000000 0.000000
vt 1.000000 0.000000
vt 1.000000 0.000000
vt 1.000000 0.000000
vt 1.000000 0.000000
vt 1.000000 0.000000
vt 1.000000 0.000000
vt 1.000000 0.000000
vt 1.000000 0.000000
vt 1.000000 0.000000
vt 1.000000 0.000000
vt 1.000000 0.000000
vt 1.000000 0.000000
vt 1.000000 0.000000
vt 1.000000 0.000000
vt 1.000000 0.000000
vt 1.000000 0.000000
vt 1.000000 0.000000
vt 1.000000 0.000000
vt 1.000000 0.000000
vt 1.000000 0.000000
vt 1.000000 0.000000
vt 1.000000 0.000000
vt 1.000000 0.000000
vt 1.000000 0.000000
vt 1.000000 0.000000
vt 1.000000 0.000000
vt 1.000000 0.000000
vt 1.000000 0.000000
vt 1.000000 0.000000
vt 1.000000 0.000000
vt 1.000000 0.000000
vt 1.000000 0.000000
vt 1.000000 0.000000
vt 1.000000 0.000000
vt 1.000000 0.000000
vt 1.000000 0.000000
vt 1.000000 0.000000
vt 1.000000 0.000000
vt 1.000000 0.000000
vt 1.000000 0.000000
vt 1.000000 0.000000
vt 1.000000 0.000000
vt 1.000000 0.000000
vt 1.000000 0.000000
vt 1.000000 0.000000
vt 1.000000 0.000000
vt 1.000000 0.000000
vt 1.000000 0.000000
vt 1.000000 0.000000
vt 1.000000 0.000000
vt 1.000000 0.000000
vt 1.000000 0.000000
vt 1.000000 0.000000
vt 1.000000 0.000000
vt 1.000000 0.000000
vt 1.000000 0.000000
vt 1.000000 0.000000
vt 1.000000 0.000000
vt 1.000000 0.000000
vt 1.000000 0.000000
vt 1.000000 0.000000
vt 1.000000 0.000000
vt 1.000000 0.000000
vt 1.000000 0.000000
vt 1.000000 0.000000
vt 1.000000 0.000000
vt 1.000000 0.000000
vt 1.000000 0.000000
vt 1.000000 0.000000
vt 1.000000 0.000000
vt 1.000000 0.000000
vt 1.000000 0.000000
vt 1.000000 0.000000
vt 1.000000 0.000000
vt 1.000000 0.000000
vt 1.000000 0.000000
vt 1.000000 0.000000
vt 1.000000 0.000000
vt 1.000000 0.000000
vt 1.000000 0.000000
vt 1.000000 0.000000
vt 1.000000 0.000000
vt 1.000000 0.000000
vt 1.000000 0.000000
vt 1.000000 0.000000
vt 1.000000 0.000000
vt 1.000000 0.000000
vt 1.000000 0.000000
vt 1.000000 0.000000
vt 1.000000 0.000000
vt 1.000000 0.000000
vt 1.000000 0.000000
vt 1.000000 0.000000
vt 1.000000 0.000000
vt 1.000000 0.000000
vt 1.000000 0.000000
vt 1.000000 0.000000
vt 1.000000 0.000000
vt 1.000000 0.000000
vt 1.000000 0.000000
vt 1.000000 0.000000
vt 1.000000 0.000000
vt 1.000000 0.000000
vt 1.000000 0.000000
vt 1.000000 0.000000
vt 1.000000 0.000000
vt 1.000000 0.000000
vt 1.000000 0.000000
vt 1.000000 0.000000
vt 1.000000 0.000000
vt 1.000000 0.000000
vt 1.000000 0.000000
vt 1.000000 0.000000
vt 1.000000 0.000000
vt 1.000000 0.000000
vt 1.000000 0.000000
vt 1.000000 0.000000
vt 1.000000 0.000000
vt 1.000000 0.000000
vt 1.000000 0.000000
vt 1.000000 0.000000
vt 1.000000 0.000000
vt 1.000000 0.000000
vt 1.000000 0.000000
vt 1.000000 0.000000
vt 1.000000 0.000000
vt 1.000000 0.000000
vt 1.000000 0.000000
vt 1.000000 0.000000
vt 1.000000 0.000000
vt 1.000000 0.000000
vt 1.000000 0.000000
vt 1.000000 0.000000
vt 1.000000 0.000000
vt 1.000000 0.000000
vt 1.000000 0.000000
vt 1.000000 0.000000
vt 1.000000 0.000000
vt 1.000000 0.000000
vt 1.000000 0.000000
vt 1.000000 0.000000
vt 1.000000 0.000000
vt 1.000000 0.000000
vt 1.000000 0.000000
vt 1.000000 0.000000
vt 1.000000 0.000000
vt 1.000000 0.000000
vt 1.000000 0.000000
vt 1.000000 0.000000
vt 1.000000 0.000000
vt 1.000000 0.000000
vt 1.000000 0.000000
vt 1.000000 0.000000
vt 1.000000 0.000000
vt 1.000000 0.000000
vt 1.000000 0.000000
vt 1.000000 0.000000
vt 1.000000 0.000000
vt 1.000000 0.000000
vt 1.000000 0.000000
vt 1.000000 0.000000
vt 1.000000 0.000000
vt 1.000000 0.000000
vt 1.000000 0.000000
vt 1.000000 0.000000
vt 1.000000 0.000000
vt 1.000000 0.000000
vt 1.000000 0.000000
vt 1.000000 0.000000
vt 1.000000 0.000000
vt 1.000000 0.000000
vt 1.000000 0.000000
vt 1.000000 0.000000
vt 1.000000 0.000000
vt 1.000000 0.000000
vt 1.000000 0.000000
vt 1.000000 0.000000
vt 1.000000 0.000000
vt 1.000000 0.000000
vt 1.000000 0.000000
vt 1.000000 0.000000
vt 1.000000 0.000000
vt 1.000000 0.000000
vt 1.000000 0.000000
vt 1.000000 0.000000
vt 1.000000 0.000000
vt 1.000000 0.000000
vt 1.000000 0.000000
vt 1.000000 0.000000
vt 1.000000 0.000000
vt 1.000000 0.000000
vt 1.000000 0.000000
vt 1.000000 0.000000
vt 1.000000 0.000000
vt 1.000000 0.000000
vt 1.000000 0.000000
vt 1.000000 0.000000
vt 1.000000 0.000000
vt 1.000000 0.000000
vt 1.000000 0.000000
vt 1.000000 0.000000
vt 1.000000 0.000000
vt 1.000000 0.000000
vt 1.000000 0.000000
vt 1.000000 0.000000
vt 1.000000 0.000000
vt 1.000000 0.000000
vt 1.000000 0.000000
vt 1.000000 0.000000
vt 1.000000 0.000000
vt 1.000000 0.000000
vt 1.000000 0.000000
vt 1.000000 0.000000
vt 1.000000 0.000000
vt 1.000000 0.000000
vt 1.000000 0.000000
vt 1.000000 0.000000
vt 1.000000 0.000000
vt 1.000000 0.000000
vt 1.000000 0.000000
vt 1.000000 0.000000
vt 1.000000 0.000000
vt 1.000000 0.000000
vt 1.000000 0.000000
vt 1.000000 0.000000
vt 1.000000 0.000000
vt 1.000000 0.000000
vt 1.000000 0.000000
vt 1.000000 0.000000
vt 1.000000 0.000000
vt 1.000000 0.000000
vt 1.000000 0.000000
vt 1.000000 0.000000
vt 1.000000 0.000000
vt 1.000000 0.000000
vt 1.000000 0.000000
vt 1.000000 0.000000
vt 1.000000 0.000000
vt 1.000000 0.000000
vt 1.000000 0.000000
vt 1.000000 0.000000
vt 1.000000 0.000000
vt 1.000000 0.000000
vt 1.000000 0.000000
vt 1.000000 0.000000
vt 1.000000 0.000000
vt 1.000000 0.000000
vt 1.000000 0.000000
vt 1.000000 0.000000
vt 1.000000 0.000000
vt 1.000000 0.000000
vt 1.000000 0.000000
vt 1.000000 0.000000
vt 1.000000 0.000000
vt 1.000000 0.000000
vt 1.000000 0.000000
vt 1.000000 0.000000
vt 1.000000 0.000000
vt 1.000000 0.000000
vt 1.000000 0.000000
vt 1.000000 0.000000
vt 1.000000 0.000000
vt 1.000000 0.000000
vt 1.000000 0.000000
vt 1.000000 0.000000
vt 1.000000 0.000000
vt 1.000000 0.000000
vt 1.000000 0.000000
vt 1.000000 0.000000
vt 1.000000 0.000000
vt 1.000000 0.000000
vt 1.000000 0.000000
vt 1.000000 0.000000
vt 1.000000 0.000000
vt 1.000000 0.000000
vt 1.000000 0.000000
vt 1.000000 0.000000
vt 1.000000 0.000000
vt 1.000000 0.000000
vt 1.000000 0.000000
vt 1.000000 0.000000
vt 1.000000 0.000000
vt 1.000000 0.000000
vt 1.000000 0.000000
vt 1.000000 0.000000
vt 1.000000 0.000000
vt 1.000000 0.000000
vt 1.000000 0.000000
vt 1.000000 0.000000
vt 1.000000 0.000000
vt 1.000000 0.000000
vt 1.000000 0.000000
vt 1.000000 0.000000
vt 1.000000 0.000000
vt 1.000000 0.000000
vt 1.000000 0.000000
vt 1.000000 0.000000
vt 1.000000 0.000000
vt 1.000000 0.000000
vt 1.000000 0.000000
vt 1.000000 0.000000
vt 1.000000 0.000000
vt 1.000000 0.000000
vt 1.000000 0.000000
vt 1.000000 0.000000
vt 1.000000 0.000000
vt 1.000000 0.000000
vt 1.000000 0.000000
vt 1.000000 0.000000
vt 1.000000 0.000000
vt 1.000000 0.000000
vt 1.000000 0.000000
vt 1.000000 0.000000
vt 1.000000 0.000000
vt 1.000000 0.000000
vt 1.000000 0.000000
vt 1.000000 0.000000
vt 1.000000 0.000000
vt 1.000000 0.000000
vt 1.000000 0.000000
vt 1.000000 0.000000
vt 1.000000 0.000000
vt 1.000000 0.000000
vt 1.000000 0.000000
vt 1.000000 0.000000
vt 1.000000 0.000000
vt 1.000000 0.000000
vt 1.000000 0.000000
vt 1.000000 0.000000
vt 1.000000 0.000000
vt 1.000000 0.000000
vt 1.000000 0.000000
vt 1.000000 0.000000
vt 1.000000 0.000000
vt 1.000000 0.000000
vt 1.000000 0.000000
vt 1.000000 0.000000
vt 1.000000 0.000000
vt 1.000000 0.000000
vt 1.000000 0.000000
vt 1.000000 0.000000
vt 1.000000 0.000000
vt 1.000000 0.000000
vt 1.000000 0.000000
vt 1.000000 0.000000
vt 1.000000 0.000000
vt 1.000000 0.000000
vt 1.000000 0.000000
vt 1.000000 0.000000
vt 1.000000 0.000000
vt 1.000000 0.000000
vt 1.000000 0.000000
vt 1.000000 0.000000
vt 1.000000 0.000000
vt 1.000000 0.000000
vt 1.000000 0.000000
vt 1.000000 0.000000
vt 1.000000 0.000000
vt 1.000000 0.000000
vt 1.000000 0.000000
vt 1.000000 0.000000
vt 1.000000 0.000000
vt 1.000000 0.000000
vt 1.000000 0.000000
vt 1.000000 0.000000
vt 1.000000 0.000000
vt 1.000000 0.000000
vt 1.000000 0.000000
vt 1.000000 0.000000
vt 1.000000 0.000000
vt 1.000000 0.000000
vt 1.000000 0.000000
vt 1.000000 0.000000
vt 1.000000 0.000000
vt 1.000000 0.000000
vt 1.000000 0.000000
vt 1.000000 0.000000
vt 1.000000 0.000000
vt 1.000000 0.000000
vt 1.000000 0.000000
vt 1.000000 0.000000
vt 1.000000 0.000000
vt 1.000000 0.000000
vt 1.000000 0.000000
vt 1.000000 0.000000
vt 1.000000 0.000000
vt 1.000000 0.000000
vt 1.000000 0.000000
vt 1.000000 0.000000
vt 1.000000 0.000000
vt 1.000000 0.000000
vt 1.000000 0.000000
vt 1.000000 0.000000
vt 1.000000 0.000000
vt 1.000000 0.000000
vt 1.000000 0.000000
vt 1.000000 0.000000
vt 1.000000 0.000000
vt 1.000000 0.000000
vt 1.000000 0.000000
vt 1.000000 0.000000
vt 1.000000 0.000000
vt 1.000000 0.000000
vt 1.000000 0.000000
vt 1.000000 0.000000
vt 1.000000 0.000000
vt 1.000000 0.000000
vt 1.000000 0.000000
vt 1.000000 0.000000
vt 1.000000 0.000000
vt 1.000000 0.000000
vt 1.000000 0.000000
vt 1.000000 0.000000
vt 1.000000 0.000000
vt 1.000000 0.000000
vt 1.000000 0.000000
vt 1.000000 0.000000
vt 1.000000 0.000000
vt 1.000000 0.000000
vt 1.000000 0.000000
vt 1.000000 0.000000
vt 1.000000 0.000000
vt 1.000000 0.000000
vt 1.000000 0.000000
vt 1.000000 0.000000
vt 1.000000 0.000000
vt 1.000000 0.000000
vt 1.000000 0.000000
vt 1.000000 0.000000
vt 1.000000 0.000000
vt 1.000000 0.000000
vt 1.000000 0.000000
vt 1.000000 0.000000
vt 1.000000 0.000000
vt 1.000000 0.000000
vt 1.000000 0.000000
vt 1.000000 0.000000
vt 1.000000 0.000000
vt 1.000000 0.000000
vt 1.000000 0.000000
vt 1.000000 0.000000
vt 1.000000 0.000000
vt 1.000000 0.000000
vt 1.000000 0.000000
vt 1.000000 0.000000
vt 1.000000 0.000000
vt 1.000000 0.000000
vt 1.000000 0.000000
vt 1.000000 0.000000
vt 1.000000 0.000000
vt 1.000000 0.000000
vt 1.000000 0.000000
vt 1.000000 0.000000
vt 1.000000 0.000000
vt 1.000000 0.000000
vt 1.000000 0.000000
vt 1.000000 0.000000
vt 1.000000 0.000000
vt 1.000000 0.000000
vt 1.000000 0.000000
vt 1.000000 0.000000
vt 1.000000 0.000000
vt 1.000000 0.000000
vt 1.000000 0.000000
vt 1.000000 0.000000
vt 1.000000 0.000000
vt 1.000000 0.000000
vt 1.000000 0.000000
vt 1.000000 0.000000
vt 1.000000 0.000000
vt 1.000000 0.000000
vt 1.000000 0.000000
vt 1.000000 0.000000
vt 1.000000 0.000000
vt 1.000000 0.000000
vt 1.000000 0.000000
vt 1.000000 0.000000
vt 1.000000 0.000000
vt 1.000000 0.000000
vt 1.000000 0.000000
vt 1.000000 0.000000
vt 1.000000 0.000000
vt 1.000000 0.000000
vt 1.000000 0.000000
vt 1.000000 0.000000
vt 1.000000 0.000000
vt 1.000000 0.000000
vt 1.000000 0.000000
vt 1.000000 0.000000
vt 1.000000 0.000000
vt 1.000000 0.000000
vt 1.000000 0.000000
vt 1.000000 0.000000
vt 1.000000 0.000000
vt 1.000000 0.000000
vt 1.000000 0.000000
vt 1.000000 0.000000
vt 1.000000 0.000000
vt 1.000000 0.000000
vt 1.000000 0.000000
vt 1.000000 0.000000
vt 1.000000 0.000000
vt 1.000000 0.000000
vt 1.000000 0.000000
vt 1.000000 0.000000
vt 1.000000 0.000000
vt 1.000000 0.000000
vt 1.000000 0.000000
vt 1.000000 0.000000
vt 1.000000 0.000000
vt 1.000000 0.000000
vt 1.000000 0.000000
vt 1.000000 0.000000
vt 1.000000 0.000000
vt 1.000000 0.000000
vt 1.000000 0.000000
vt 1.000000 0.000000
vt 1.000000 0.000000
vt 1.000000 0.000000
vt 1.000000 0.000000
vt 1.000000 0.000000
vt 1.000000 0.000000
vt 1.000000 0.000000
vt 1.000000 0.000000
vt 1.000000 0.000000
vt 1.000000 0.000000
vt 1.000000 0.000000
vt 1.000000 0.000000
vt 1.000000 0.000000
vt 1.000000 0.000000
vt 1.000000 0.000000
vt 1.000000 0.000000
vt 1.000000 0.000000
vt 1.000000 0.000000
vt 1.000000 0.000000
vt 1.000000 0.000000
vt 1.000000 0.000000
vt 1.000000 0.000000
vt 1.000000 0.000000
vt 1.000000 0.000000
vt 1.000000 0.000000
vt 1.000000 0.000000
vt 1.000000 0.000000
vt 1.000000 0.000000
vt 1.000000 0.000000
vt 1.000000 0.000000
vt 1.000000 0.000000
vt 1.000000 0.000000
vt 1.000000 0.000000
vt 1.000000 0.000000
vt 1.000000 0.000000
vt 1.000000 0.000000
vt 1.000000 0.000000
vt 1.000000 0.000000
vt 1.000000 0.000000
vt 1.000000 0.000000
vt 1.000000 0.000000
vt 1.000000 0.000000
vt 1.000000 0.000000
vt 1.000000 0.000000
vt 1.000000 0.000000
vt 1.000000 0.000000
vt 1.000000 0.000000
vt 1.000000 0.000000
vt 1.000000 0.000000
vt 1.000000 0.000000
vt 1.000000 0.000000
vt 1.000000 0.000000
vt 1.000000 0.000000
vt 1.000000 0.000000
vt 1.000000 0.000000
vt 1.000000 0.000000
vt 1.000000 0.000000
vt 1.000000 0.000000
vt 1.000000 0.000000
vt 1.000000 0.000000
vt 1.000000 0.000000
vt 1.000000 0.000000
vt 1.000000 0.000000
vt 1.000000 0.000000
vt 1.000000 0.000000
vt 1.000000 0.000000
vt 1.000000 0.000000
vt 1.000000 0.000000
vt 1.000000 0.000000
vt 1.000000 0.000000
vt 1.000000 0.000000
vt 1.000000 0.000000
vt 1.000000 0.000000
vt 1.000000 0.000000
vt 1.000000 0.000000
vt 1.000000 0.000000
vt 1.000000 0.000000
vt 1.000000 0.000000
vt 1.000000 0.000000
vt 1.000000 0.000000
vt 1.000000 0.000000
vt 1.000000 0.000000
vt 1.000000 0.000000
vt 1.000000 0.000000
vt 1.000000 0.000000
vt 1.000000 0.000000
vt 1.000000 0.000000
vt 1.000000 0.000000
vt 1.000000 0.000000
vt 1.000000 0.000000
vt 1.000000 0.000000
vt 1.000000 0.000000
vt 1.000000 0.000000
vt 1.000000 0.000000
vt 1.000000 0.000000
vt 1.000000 0.000000
vt 1.000000 0.000000
vt 1.000000 0.000000
vt 1.000000 0.000000
vt 1.000000 0.000000
vt 1.000000 0.000000
vt 1.000000 0.000000
vt 1.000000 0.000000
vt 1.000000 0.000000
vt 1.000000 0.000000
vt 1.000000 0.000000
vt 1.000000 0.000000
vt 1.000000 0.000000
vt 1.000000 0.000000
vt 1.000000 0.000000
vt 1.000000 0.000000
vt 1.000000 0.000000
vt 1.000000 0.000000
vt 1.000000 0.000000
vt 1.000000 0.000000
vt 1.000000 0.000000
vt 1.000000 0.000000
vt 1.000000 0.000000
vt 1.000000 0.000000
vt 1.000000 0.000000
vt 1.000000 0.000000
vt 1.000000 0.000000
vt 1.000000 0.000000
vt 1.000000 0.000000
vt 1.000000 0.000000
vt 1.000000 0.000000
vt 1.000000 0.000000
vt 1.000000 0.000000
vt 1.000000 0.000000
vt 1.000000 0.000000
vt 1.000000 0.000000
vt 1.000000 0.000000
vt 1.000000 0.000000
vt 1.000000 0.000000
vt 1.000000 0.000000
vt 1.000000 0.000000
vt 1.000000 0.000000
vt 1.000000 0.000000
vt 1.000000 0.000000
vt 1.000000 0.000000
vt 1.000000 0.000000
vt 1.000000 0.000000
vt 1.000000 0.000000
vt 1.000000 0.000000
vt 1.000000 0.000000
vt 1.000000 0.000000
vt 1.000000 0.000000
vt 1.000000 0.000000
vt 1.000000 0.000000
vt 1.000000 0.000000
vt 1.000000 0.000000
vt 1.000000 0.000000
vt 1.000000 0.000000
vt 1.000000 0.000000
vt 1.000000 0.000000
vt 1.000000 0.000000
vt 1.000000 0.000000
vt 1.000000 0.000000
vt 1.000000 0.000000
vt 1.000000 0.000000
vt 1.000000 0.000000
vt 1.000000 0.000000
vt 1.000000 0.000000
vt 1.000000 0.000000
vt 1.000000 0.000000
vt 1.000000 0.000000
vt 1.000000 0.000000
vt 1.000000 0.000000
vt 1.000000 0.000000
vt 1.000000 0.000000
vt 1.000000 0.000000
vt 1.000000 0.000000
vt 1.000000 0.000000
vt 1.000000 0.000000
vt 1.000000 0.000000
vt 1.000000 0.000000
vt 1.000000 0.000000
vt 1.000000 0.000000
vt 1.000000 0.000000
vt 1.000000 0.000000
vt 1.000000 0.000000
vt 1.000000 0.000000
vt 1.000000 0.000000

vn 0.002714 0.997646 0.068515
vn 0.004447 0.997754 0.066843
vn 0.006113 0.997533 0.069936
vn 0.007698 0.997298 0.073062
vn 0.009255 0.997057 0.076105
vn 0.010819 0.996809 0.079092
vn 0.012382 0.996551 0.082057
vn 0.012082 0.996178 0.086501
vn 0.010466 0.995714 0.091891
vn 0.008802 0.995244 0.097015
vn 0.007062 0.994782 0.101776
vn 0.005188 0.994357 0.105956
vn 0.002999 0.993983 0.109497
vn -0.003728 0.993753 0.111539
vn -0.010369 0.993481 0.113522
vn -0.016859 0.993137 0.115739
vn -0.023135 0.992699 0.118376
vn -0.029220 0.992190 0.121262
vn -0.035518 0.991684 0.123694
vn -0.042280 0.991230 0.125202
vn -0.049156 0.990783 0.126227
vn -0.056244 0.990386 0.126381
vn -0.063559 0.990015 0.125820
vn -0.071071 0.989593 0.125121
vn -0.076651 0.989211 0.124845
vn -0.081499 0.988702 0.125800
vn -0.086254 0.988027 0.127914
vn -0.090967 0.987238 0.130715
vn -0.095541 0.986345 0.134151
vn -0.099249 0.985614 0.136802
vn -0.102382 0.985007 0.138852
vn -0.105519 0.984368 0.141016
vn -0.108801 0.983717 0.143052
vn -0.112315 0.983063 0.144816
vn -0.116302 0.982425 0.146000
vn -0.124690 0.981708 0.143880
vn -0.135479 0.980708 0.140915
vn -0.146761 0.979552 0.137618
vn -0.158239 0.978287 0.133849
vn -0.169675 0.976947 0.129557
vn -0.180781 0.975577 0.124771
vn -0.191232 0.974229 0.119619
vn -0.201097 0.972899 0.114142
vn -0.210667 0.971542 0.108280
vn -0.220222 0.970114 0.101888
vn -0.230658 0.968391 0.094953
vn -0.241539 0.966384 0.088099
vn -0.252445 0.964172 0.081508
vn -0.263331 0.961776 0.075124
vn -0.271890 0.959755 0.070324
vn -0.279487 0.957890 0.065835
vn -0.286505 0.956115 0.061320
vn -0.292307 0.954657 0.056444
vn -0.296704 0.953580 0.051503
vn -0.300552 0.952589 0.047349
vn -0.303810 0.951712 0.044084
vn -0.304319 0.951635 0.042189
vn -0.303261 0.952031 0.040872
vn -0.302182 0.952426 0.039640
vn -0.300980 0.952902 0.037266
vn -0.299614 0.953519 0.032141
vn -0.298424 0.954051 0.026992
vn -0.297424 0.954494 0.021891
vn -0.296585 0.954857 0.016921
vn -0.295883 0.955147 0.012125
vn -0.295291 0.955378 0.007563
vn -0.292244 0.956342 0.002130
vn -0.288310 0.957532 -0.003177
vn -0.284582 0.958617 -0.008150
vn -0.280986 0.959625 -0.012889
vn -0.277463 0.960577 -0.017493
vn -0.274005 0.961477 -0.021980
vn -0.269286 0.962708 -0.026036
vn -0.263133 0.964308 -0.029511
vn -0.257032 0.965853 -0.032600
vn -0.251039 0.967335 -0.035260
vn -0.244966 0.968806 -0.037500
vn -0.238770 0.970279 -0.039336
vn -0.230344 0.972239 -0.041150
vn -0.222101 0.974077 -0.042945
vn -0.214568 0.975680 -0.044815
vn -0.207967 0.977012 -0.046886
vn -0.202166 0.978117 -0.049146
vn -0.196800 0.979071 -0.051861
vn -0.191460 0.979939 -0.055349
vn -0.186003 0.980783 -0.058882
vn -0.180072 0.981663 -0.062541
vn -0.174063 0.982500 -0.066306
vn -0.168223 0.983247 -0.070186
vn -0.163818 0.983670 -0.074545
vn -0.160591 0.983837 -0.079211
vn -0.157968 0.983869 -0.083956
vn -0.155294 0.983852 -0.088985
vn -0.152797 0.983774 -0.094028
vn -0.150621 0.983620 -0.099017
vn -0.149775 0.983250 -0.103856
vn -0.148865 0.982873 -0.108628
vn -0.147903 0.982484 -0.113358
vn -0.146916 0.982084 -0.118014
vn -0.145918 0.981674 -0.122574
vn -0.145238 0.981281 -0.126468
vn -0.145005 0.980886 -0.129755
vn -0.144889 0.980466 -0.133014
vn -0.144804 0.980034 -0.136256
vn -0.144679 0.979599 -0.139478
vn -0.144440 0.979171 -0.142693
vn -0.144226 0.978852 -0.145076
vn -0.144544 0.978740 -0.145516
vn -0.145071 0.978592 -0.145986
vn -0.144128 0.978669 -0.146404
vn -0.143316 0.978745 -0.146691
vn -0.142684 0.978811 -0.146867
vn -0.142195 0.978878 -0.146897
vn -0.142450 0.979113 -0.145071
vn -0.142919 0.979375 -0.142826
vn -0.143423 0.979649 -0.140423
vn -0.143963 0.979938 -0.137829
vn -0.143683 0.980346 -0.135190
vn -0.142881 0.980834 -0.132474
vn -0.141982 0.981338 -0.129679
vn -0.140979 0.981859 -0.126796
vn -0.140155 0.982409 -0.123410
vn -0.139329 0.982954 -0.119957
vn -0.138454 0.983491 -0.116515
vn -0.137462 0.984033 -0.113065
vn -0.135623 0.984652 -0.109852
vn -0.133690 0.985286 -0.106479
vn -0.131650 0.985933 -0.102976
vn -0.129499 0.986585 -0.099399
vn -0.127274 0.987240 -0.095701
vn -0.124986 0.987872 -0.092133
vn -0.122627 0.988472 -0.088807
vn -0.119897 0.989062 -0.085907
vn -0.116974 0.989635 -0.083308
vn -0.113957 0.990186 -0.080905
vn -0.110841 0.990712 -0.078764
vn -0.107652 0.991209 -0.076917
vn -0.104413 0.991677 -0.075337
vn -0.101107 0.992121 -0.073988
vn -0.097798 0.992535 -0.072865
vn -0.094399 0.992943 -0.071780
vn -0.090872 0.993341 -0.070824
vn -0.087252 0.993719 -0.070069
vn -0.083627 0.994071 -0.069493
vn -0.080414 0.994375 -0.068934
vn -0.077656 0.994633 -0.068368
vn -0.075064 0.994866 -0.067867
vn -0.072578 0.995081 -0.067431
vn -0.070161 0.995274 -0.067130
vn -0.067761 0.995451 -0.066981
vn -0.065589 0.995609 -0.066784
vn -0.063458 0.995755 -0.066676
vn -0.061324 0.995886 -0.066708
vn -0.059198 0.996000 -0.066923
vn -0.057091 0.996092 -0.067385
vn -0.054794 0.996185 -0.067921
vn -0.052176 0.996288 -0.068463
vn -0.049531 0.996361 -0.069367
vn -0.046875 0.996410 -0.070498
vn -0.044226 0.996442 -0.071742
vn -0.041540 0.996483 -0.072775
vn -0.038670 0.996567 -0.073198
vn -0.035814 0.996632 -0.073768
vn -0.032957 0.996683 -0.074407
vn -0.030071 0.996730 -0.075005
vn -0.027125 0.996777 -0.075495
vn -0.024269 0.996858 -0.075405
vn -0.021495 0.996960 -0.074895
vn -0.018698 0.997058 -0.074336
vn -0.015885 0.997150 -0.073749
vn -0.013054 0.997231 -0.073211
vn -0.010228 0.997305 -0.072656
vn -0.007497 0.997408 -0.071558
vn -0.004743 0.997505 -0.070435
vn -0.001933 0.997588 -0.069391
vn 0.000963 0.997649 -0.068527
vn 0.003943 0.997690 -0.067817
vn 0.006893 0.997721 -0.067125
vn 0.009557 0.997757 -0.066251
vn 0.012288 0.997777 -0.065500
vn 0.015139 0.997767 -0.065052
vn 0.018198 0.997707 -0.065181
vn 0.021357 0.997626 -0.065473
vn 0.023992 0.997541 -0.065856
vn 0.025992 0.997470 -0.066161
vn 0.027989 0.997403 -0.066367
vn 0.029978 0.997339 -0.066459
vn 0.031980 0.997275 -0.066489
vn 0.034004 0.997209 -0.066468
vn 0.035648 0.997158 -0.066373
vn 0.036977 0.997121 -0.066199
vn 0.038415 0.997076 -0.066053
vn 0.039952 0.997025 -0.065915
vn 0.041525 0.996977 -0.065665
vn 0.043151 0.996938 -0.065215
vn 0.044665 0.996915 -0.064549
vn 0.045604 0.996943 -0.063445
vn 0.046396 0.996995 -0.062040
vn 0.047131 0.997058 -0.060453
vn 0.047911 0.997118 -0.058816
vn 0.048824 0.997166 -0.057235
vn 0.049495 0.997217 -0.055747
vn 0.049745 0.997286 -0.054279
vn 0.050080 0.997349 -0.052786
vn 0.050439 0.997413 -0.051218
vn 0.050790 0.997479 -0.049564
vn 0.051114 0.997547 -0.047831
vn 0.051235 0.997627 -0.045994
vn 0.051002 0.997724 -0.044112
vn 0.050886 0.997810 -0.042252
vn 0.050880 0.997887 -0.040417
vn 0.050908 0.997960 -0.038533
vn 0.050967 0.998029 -0.036601
vn 0.051140 0.998089 -0.034688
vn 0.050986 0.998163 -0.032730
vn 0.050679 0.998238 -0.030854
vn 0.050760 0.998284 -0.029208
vn 0.051174 0.998305 -0.027731
vn 0.051846 0.998297 -0.026729
vn 0.052482 0.998258 -0.026937
vn 0.053342 0.998194 -0.027630
vn 0.053974 0.998124 -0.028906
vn 0.054684 0.998022 -0.031019
vn 0.055606 0.997883 -0.033720
vn 0.056439 0.997735 -0.036612
vn 0.056115 0.997614 -0.040210
vn 0.054470 0.997534 -0.044253
vn 0.052467 0.997466 -0.048044
vn 0.050219 0.997391 -0.051857
vn 0.045609 0.997397 -0.055857
vn 0.041206 0.997314 -0.060552
vn 0.037016 0.997145 -0.065813
vn 0.032940 0.996900 -0.071448
vn 0.029048 0.996559 -0.077628
vn 0.024960 0.996283 -0.082440
vn 0.021022 0.996008 -0.086750
vn 0.016630 0.995794 -0.090102
vn 0.012830 0.995546 -0.093404
vn 0.009769 0.995255 -0.096810
vn 0.007337 0.994939 -0.100210
vn 0.005414 0.994615 -0.103494
vn 0.003994 0.994287 -0.106669
vn 0.003329 0.994626 -0.103481
vn 0.002821 0.995023 -0.099609
vn 0.003697 0.995500 -0.094684
vn 0.005094 0.995947 -0.089796
vn 0.006590 0.996343 -0.085194
vn 0.008193 0.996692 -0.080856
vn 0.010006 0.996994 -0.076833
vn 0.011765 0.997302 -0.072466
vn 0.012507 0.997727 -0.066208
vn 0.013073 0.998106 -0.060111
vn 0.014426 0.998410 -0.054492
vn 0.016349 0.998636 -0.049592
vn 0.018353 0.998805 -0.045289
vn 0.020403 0.998928 -0.041562
vn 0.022062 0.999018 -0.038414
vn 0.022181 0.999120 -0.035613
vn 0.021905 0.999216 -0.032984
vn 0.021227 0.999309 -0.030526
vn 0.020139 0.999398 -0.028245
vn 0.018849 0.999479 -0.026200
vn 0.018992 0.999507 -0.024994
vn 0.019208 0.999515 -0.024532
vn 0.019208 0.999520 -0.024308
vn 0.019199 0.999529 -0.023931
vn 0.019184 0.999542 -0.023406
vn 0.019162 0.999558 -0.022740
vn 0.019127 0.999576 -0.021944
vn 0.019109 0.999596 -0.021058
vn 0.020722 0.999546 -0.021867
vn 0.022218 0.999508 -0.022139
vn 0.024603 0.999462 -0.021683
vn 0.028230 0.999387 -0.020689
vn 0.032155 0.999293 -0.019472
vn 0.036314 0.999177 -0.018087
vn 0.041959 0.998928 -0.019560
vn 0.048128 0.998593 -0.022267
vn 0.054178 0.998221 -0.024886
vn 0.060102 0.997814 -0.027487
vn 0.065916 0.997369 -0.030166
vn 0.071598 0.996887 -0.033011
vn 0.077928 0.996275 -0.036918
vn 0.084426 0.995572 -0.041338
vn 0.090774 0.994819 -0.045777
vn 0.097012 0.994019 -0.050143
vn 0.103169 0.993177 -0.054358
vn 0.109327 0.992321 -0.057857
vn 0.115798 0.991575 -0.058057
vn 0.121961 0.990810 -0.058485
vn 0.127853 0.990021 -0.059269
vn 0.133943 0.989148 -0.060374
vn 0.140202 0.988198 -0.061709
vn 0.145650 0.987543 -0.059541
vn 0.151006 0.986896 -0.056869
vn 0.156437 0.986186 -0.054451
vn 0.161998 0.985410 -0.052190
vn 0.167231 0.984642 -0.050134
vn 0.170545 0.984265 -0.046221
vn 0.173091 0.984034 -0.041423
vn 0.175633 0.983772 -0.036683
vn 0.178181 0.983477 -0.031998
vn 0.180777 0.983146 -0.027266
vn 0.183451 0.982774 -0.022382
vn 0.183463 0.982887 -0.016577
vn 0.183634 0.982940 -0.010310
vn 0.183983 0.982923 -0.003604
vn 0.184512 0.982824 0.003528
vn 0.185221 0.982634 0.011086
vn 0.185155 0.982525 0.019045
vn 0.184512 0.982443 0.027594
vn 0.180859 0.982898 0.034665
vn 0.177113 0.983276 0.042425
vn 0.173259 0.983559 0.050915
vn 0.169314 0.983728 0.060096
vn 0.165272 0.983762 0.069982
vn 0.161048 0.983635 0.080784
vn 0.154699 0.983593 0.092808
vn 0.148021 0.983346 0.105456
vn 0.139742 0.983819 0.112122
vn 0.132046 0.984074 0.119002
vn 0.125102 0.984093 0.126136
vn 0.118761 0.983914 0.133448
vn 0.109114 0.984151 0.139789
vn 0.098797 0.984364 0.145834
vn 0.088609 0.984411 0.151931
vn 0.078273 0.984296 0.158226
vn 0.067844 0.984014 0.164660
vn 0.056056 0.983941 0.169463
vn 0.043058 0.984095 0.172344
vn 0.030647 0.984100 0.174952
vn 0.018793 0.983975 0.177315
vn 0.007194 0.983724 0.179544
vn -0.002549 0.983464 0.181084
vn -0.008062 0.983427 0.181128
vn -0.013568 0.983353 0.181200
vn -0.019148 0.983236 0.181329
vn -0.024810 0.983073 0.181529
vn -0.030526 0.982860 0.181807
vn -0.031762 0.982975 0.180971
vn -0.029731 0.983372 0.179150
vn -0.027917 0.984081 0.175516
vn -0.027119 0.984772 0.171724
vn -0.027390 0.985383 0.168136
vn -0.028652 0.985906 0.164830
vn -0.030802 0.986331 0.161868
vn -0.030959 0.987120 0.156960
vn -0.030174 0.988113 0.150743
vn -0.029953 0.989066 0.144399
vn -0.030005 0.990063 0.137388
vn -0.029777 0.991190 0.129057
vn -0.030328 0.992138 0.121417
vn -0.031668 0.992912 0.114554
vn -0.032421 0.993610 0.108112
vn -0.031133 0.994325 0.101732
vn -0.029258 0.994939 0.096128
vn -0.026660 0.995476 0.091191
vn -0.023480 0.995948 0.086806
vn -0.019883 0.996357 0.082926
vn -0.015614 0.996637 0.080448
vn -0.011718 0.996629 0.081204
vn -0.008120 0.996559 0.082487
vn -0.004419 0.996458 0.083979
vn -0.000618 0.996318 0.085729
vn 0.003274 0.996138 0.087739
vn 0.007257 0.995910 0.090061
vn 0.009872 0.995613 0.093046
vn 0.011920 0.995272 0.096392
vn 0.013938 0.994921 0.099685
vn 0.015971 0.994595 0.102594
vn 0.018073 0.994328 0.104805
vn 0.020305 0.994147 0.106115
vn 0.020190 0.994145 0.106155
vn 0.018694 0.994254 0.105398
vn 0.017167 0.994377 0.104500
vn 0.015594 0.994479 0.103774
vn 0.013971 0.994556 0.103260
vn 0.012219 0.994640 0.102673
vn 0.009266 0.994838 0.101048
vn 0.006319 0.995037 0.099310
vn 0.003397 0.995239 0.097401
vn 0.000614 0.995439 0.095394
vn -0.002032 0.995635 0.093309
vn -0.003770 0.995856 0.090862
vn -0.003732 0.996136 0.087741
vn -0.003693 0.996440 0.084229
vn -0.003637 0.996782 0.080081
vn -0.003566 0.997147 0.075406
vn -0.001514 0.997348 0.072762
vn 0.000717 0.997511 0.070511
vn 0.000884 0.965980 0.230468
vn -0.000683 0.966152 0.229379
vn -0.001520 0.959722 0.249708
vn -0.000832 0.959333 0.251922
vn 0.001553 0.959004 0.253844
vn 0.004608 0.959018 0.254260
vn 0.006726 0.959216 0.253860
vn 0.009052 0.949958 0.280176
vn 0.011739 0.949441 0.280383
vn 0.016010 0.950884 0.275006
vn 0.021918 0.952956 0.265795
vn 0.027686 0.956252 0.252497
vn 0.032265 0.957932 0.253789
vn 0.029772 0.962281 0.244151
vn 0.023046 0.967366 0.232277
vn 0.014708 0.969144 0.228554
vn 0.007082 0.968919 0.230126
vn 0.002593 0.967799 0.235224
vn 0.001281 0.967167 0.236995
vn 0.003515 0.967254 0.236419
vn 0.009735 0.967602 0.234319
vn 0.016495 0.968059 0.231249
vn 0.018982 0.968029 0.230443
vn 0.014486 0.967317 0.232675
vn 0.003433 0.966833 0.235325
vn -0.010546 0.965768 0.239867
vn -0.022209 0.964883 0.243101
vn -0.032512 0.960769 0.259551
vn -0.044827 0.954525 0.275403
vn -0.058003 0.954356 0.274580
vn -0.072596 0.953581 0.274548
vn -0.086865 0.952841 0.273705
vn -0.101093 0.952148 0.271925
vn -0.116495 0.950160 0.271926
vn -0.140388 0.940762 0.289607
vn -0.157671 0.940836 0.279346
vn -0.173164 0.944211 0.263185
vn -0.189178 0.943339 0.255597
vn -0.199484 0.942750 0.250222
vn -0.205085 0.942326 0.247392
vn -0.207686 0.941978 0.246324
vn -0.230342 0.928512 0.270202
vn -0.237154 0.927789 0.266612
vn -0.246241 0.926834 0.261546
vn -0.247483 0.932198 0.244461
vn -0.256416 0.932514 0.233394
vn -0.269058 0.930962 0.225458
vn -0.278722 0.929717 0.218879
vn -0.283686 0.928894 0.215602
vn -0.314361 0.909918 0.243269
vn -0.310842 0.909923 0.246345
vn -0.306471 0.910832 0.247795
vn -0.302277 0.913143 0.244038
vn -0.305039 0.912619 0.241904
vn -0.311582 0.911458 0.237878
vn -0.319891 0.910048 0.232647
vn -0.326483 0.908812 0.228644
vn -0.331752 0.907986 0.224694
vn -0.338696 0.907012 0.219026
vn -0.339729 0.910363 0.205655
vn -0.348776 0.908977 0.196687
vn -0.357502 0.907624 0.187275
vn -0.364520 0.906569 0.178744
vn -0.372018 0.904228 0.172902
vn -0.378229 0.901984 0.168975
vn -0.380909 0.902494 0.163924
vn -0.370743 0.908500 0.151263
vn -0.366624 0.912607 0.141313
vn -0.368654 0.912959 0.134022
vn -0.371621 0.912563 0.127468
vn -0.374433 0.912171 0.120924
vn -0.377095 0.911812 0.114260
vn -0.375513 0.913372 0.106923
vn -0.376251 0.913350 0.102316
vn -0.374529 0.914617 0.097718
vn -0.366280 0.918507 0.093928
vn -0.362032 0.919984 0.092690
vn -0.362342 0.919794 0.090267
vn -0.364384 0.919430 0.082989
vn -0.368910 0.918550 0.069717
vn -0.374624 0.917378 0.050827
vn -0.379349 0.916277 0.029595
vn -0.374165 0.919784 0.011350
vn -0.360072 0.925624 0.000524
vn -0.359197 0.925686 -0.002993
vn -0.357397 0.926054 -0.001660
vn -0.351277 0.927991 -0.000985
vn -0.345650 0.929707 -0.004920
vn -0.334522 0.934577 -0.012745
vn -0.322600 0.938582 -0.024475
vn -0.326349 0.936807 -0.039062
vn -0.332781 0.933855 -0.053900
vn -0.331924 0.933356 -0.065864
vn -0.328653 0.934060 -0.075142
vn -0.316617 0.938200 -0.080417
vn -0.316105 0.937840 -0.086244
vn -0.315380 0.937533 -0.092010
vn -0.314378 0.937116 -0.099506
vn -0.307586 0.938923 -0.107187
vn -0.305302 0.938459 -0.117618
vn -0.305076 0.936696 -0.131189
vn -0.301952 0.935859 -0.144619
vn -0.298774 0.935262 -0.155446
vn -0.293766 0.936016 -0.161760
vn -0.292575 0.935731 -0.165852
vn -0.292579 0.935657 -0.166329
vn -0.292179 0.935966 -0.165389
vn -0.291085 0.935602 -0.167993
vn -0.296013 0.931494 -0.181079
vn -0.288858 0.930793 -0.196124
vn -0.276711 0.930097 -0.216493
vn -0.261668 0.929921 -0.235574
vn -0.249838 0.929649 -0.249134
vn -0.236670 0.933948 -0.247588
vn -0.236541 0.934326 -0.246442
vn -0.240312 0.934376 -0.242387
vn -0.242525 0.934179 -0.240375
vn -0.242074 0.934105 -0.240808
vn -0.240371 0.934209 -0.241668
vn -0.237995 0.934317 -0.243120
vn -0.234663 0.934461 -0.245297
vn -0.222421 0.939816 -0.237879
vn -0.219071 0.940540 -0.238184
vn -0.217697 0.940740 -0.238141
vn -0.216010 0.941915 -0.235005
vn -0.217346 0.942025 -0.232753
vn -0.219202 0.942094 -0.230116
vn -0.219244 0.942203 -0.228906
vn -0.216435 0.942394 -0.229993
vn -0.202388 0.946791 -0.224195
vn -0.191104 0.950190 -0.222689
vn -0.184335 0.951384 -0.223560
vn -0.177017 0.952440 -0.224019
vn -0.169585 0.952913 -0.226919
vn -0.160037 0.953528 -0.230476
vn -0.150229 0.953426 -0.236113
vn -0.139338 0.954038 -0.239534
vn -0.129291 0.954668 -0.241995
vn -0.119937 0.955944 -0.241710
vn -0.114245 0.955360 -0.245644
vn -0.103694 0.958511 -0.236343
vn -0.093052 0.962745 -0.226910
vn -0.084819 0.965427 -0.221786
vn -0.081182 0.964671 -0.225413
vn -0.077432 0.965297 -0.224160
vn -0.075186 0.965457 -0.224130
vn -0.073103 0.965580 -0.224132
vn -0.069861 0.965401 -0.225962
vn -0.065010 0.965068 -0.227819
vn -0.058141 0.965420 -0.228008
vn -0.051325 0.965941 -0.227427
vn -0.046006 0.966216 -0.227337
vn -0.040446 0.966156 -0.228432
vn -0.033352 0.966353 -0.228470
vn -0.024608 0.966802 -0.227672
vn -0.013904 0.967351 -0.226248
vn -0.003144 0.967888 -0.224340
vn 0.005409 0.967984 -0.224173
vn 0.010906 0.967715 -0.224575
vn 0.013698 0.967831 -0.224241
vn 0.016287 0.967540 -0.225316
vn 0.020625 0.967697 -0.224453
vn 0.024819 0.967874 -0.223479
vn 0.025927 0.968055 -0.222815
vn 0.024059 0.968701 -0.221254
vn 0.020998 0.968573 -0.222489
vn 0.018413 0.967946 -0.225201
vn 0.017326 0.967957 -0.225310
vn 0.017280 0.967990 -0.225245
vn 0.018531 0.967985 -0.225128
vn 0.019268 0.969103 -0.220519
vn 0.019162 0.969730 -0.218805
vn 0.020024 0.969311 -0.220116
vn 0.022972 0.969349 -0.219534
vn 0.028280 0.969446 -0.218392
vn 0.034812 0.969500 -0.217128
vn 0.039995 0.969804 -0.214778
vn 0.045101 0.969220 -0.215054
vn 0.050642 0.968545 -0.215635
vn 0.057602 0.967402 -0.218510
vn 0.065918 0.966506 -0.220677
vn 0.073009 0.966535 -0.218527
vn 0.079328 0.966555 -0.216476
vn 0.085337 0.965015 -0.220014
vn 0.087034 0.964975 -0.219667
vn 0.085516 0.966334 -0.214041
vn 0.085186 0.967920 -0.209808
vn 0.087198 0.968053 -0.208753
vn 0.089701 0.968060 -0.207808
vn 0.094137 0.966756 -0.210936
vn 0.097920 0.966724 -0.209419
vn 0.102790 0.966654 -0.207468
vn 0.106040 0.966638 -0.206019
vn 0.107455 0.965298 -0.209327
vn 0.106774 0.963948 -0.215866
vn 0.102663 0.962217 -0.223894
vn 0.091164 0.964971 -0.216182
vn 0.084402 0.967971 -0.210079
vn 0.084571 0.968126 -0.209245
vn 0.089424 0.968051 -0.207379
vn 0.096771 0.967985 -0.204288
vn 0.104996 0.966643 -0.205372
vn 0.109127 0.966547 -0.203380
vn 0.110987 0.966553 -0.202135
vn 0.111439 0.966535 -0.201685
vn 0.110927 0.966549 -0.201590
vn 0.110396 0.966460 -0.201751
vn 0.109580 0.967006 -0.198347
vn 0.107840 0.968603 -0.191319
vn 0.107203 0.970830 -0.184391
vn 0.108242 0.971359 -0.181758
vn 0.108595 0.971369 -0.181118
vn 0.110154 0.971365 -0.179906
vn 0.114555 0.971289 -0.177271
vn 0.123680 0.970162 -0.176125
vn 0.132136 0.969822 -0.171231
vn 0.138871 0.969642 -0.166554
vn 0.144391 0.969612 -0.162067
vn 0.148344 0.969962 -0.156737
vn 0.153295 0.969833 -0.152923
vn 0.160269 0.969628 -0.147238
vn 0.169783 0.968938 -0.141232
vn 0.175305 0.968552 -0.136929
vn 0.175289 0.968496 -0.137988
vn 0.171763 0.967708 -0.146188
vn 0.168244 0.965280 -0.163855
vn 0.156863 0.965387 -0.174595
vn 0.148900 0.965457 -0.181433
vn 0.144832 0.965487 -0.184930
vn 0.141483 0.967112 -0.180758
vn 0.142863 0.967071 -0.180029
vn 0.142205 0.967021 -0.181061
vn 0.141195 0.966954 -0.182485
vn 0.155982 0.959363 -0.199109
vn 0.165741 0.956893 -0.203918
vn 0.170578 0.957143 -0.198500
vn 0.163076 0.962855 -0.180628
vn 0.164545 0.963454 -0.176081
vn 0.164898 0.963574 -0.174835
vn 0.164182 0.963447 -0.176045
vn 0.162737 0.963202 -0.178657
vn 0.158917 0.964349 -0.177130
vn 0.158497 0.964525 -0.176006
vn 0.158370 0.964626 -0.175040
vn 0.159315 0.964407 -0.174667
vn 0.159270 0.964396 -0.174358
vn 0.158484 0.964383 -0.174944
vn 0.158664 0.964415 -0.174340
vn 0.159327 0.965280 -0.169989
vn 0.143656 0.972734 -0.146566
vn 0.147685 0.973021 -0.139653
vn 0.151437 0.973292 -0.132672
vn 0.154708 0.973302 -0.127951
vn 0.156980 0.973265 -0.124648
vn 0.158064 0.973340 -0.122542
vn 0.158740 0.973385 -0.121297
vn 0.150576 0.976172 -0.113373
vn 0.151384 0.976218 -0.111478
vn 0.151750 0.976250 -0.110159
vn 0.151766 0.976267 -0.109323
vn 0.151178 0.976285 -0.109240
vn 0.150111 0.976328 -0.109503
vn 0.149612 0.976501 -0.108575
vn 0.150031 0.976882 -0.106543
vn 0.150165 0.977548 -0.102442
vn 0.150161 0.978195 -0.096425
vn 0.149773 0.978757 -0.090254
vn 0.151328 0.978797 -0.087046
vn 0.151956 0.978830 -0.085429
vn 0.152362 0.978707 -0.085832
vn 0.151909 0.978677 -0.087833
vn 0.151409 0.978649 -0.089625
vn 0.159271 0.977168 -0.094268
vn 0.171106 0.973649 -0.098239
vn 0.174122 0.973615 -0.094303
vn 0.176873 0.973814 -0.089235
vn 0.177775 0.974317 -0.085371
vn 0.182160 0.973766 -0.083313
vn 0.193190 0.970873 -0.082065
vn 0.209084 0.968131 -0.080416
vn 0.213535 0.968080 -0.071834
vn 0.217514 0.968061 -0.062640
vn 0.221943 0.967612 -0.056566
vn 0.224236 0.967528 -0.053000
vn 0.226012 0.967362 -0.052908
vn 0.227353 0.967135 -0.055502
vn 0.247125 0.960260 -0.062058
vn 0.258948 0.957742 -0.063643
vn 0.260943 0.957771 -0.058304
vn 0.265972 0.957161 -0.049542
vn 0.273364 0.955822 -0.039584
vn 0.278260 0.954934 -0.031477
vn 0.289252 0.951156 -0.023973
vn 0.300814 0.947647 -0.012900
vn 0.298385 0.948644 0.000880
vn 0.292721 0.950373 0.014906
vn 0.284109 0.952704 0.027134
vn 0.288280 0.950018 0.040292
vn 0.297566 0.946121 0.056600
vn 0.291792 0.947025 0.070331
vn 0.283717 0.948239 0.085455
vn 0.274117 0.949387 0.101188
vn 0.268307 0.949233 0.115748
vn 0.260156 0.950523 0.124472
vn 0.271142 0.944191 0.141189
vn 0.267223 0.944681 0.146535
vn 0.262570 0.945058 0.153266
vn 0.255780 0.945905 0.160503
vn 0.247312 0.947699 0.165819
vn 0.239833 0.948920 0.170779
vn 0.234001 0.949553 0.176619
vn 0.244639 0.941481 0.198321
vn 0.237817 0.942138 0.204234
vn 0.230220 0.942894 0.210339
vn 0.222885 0.943257 0.217325
vn 0.216931 0.943668 0.222694
vn 0.214769 0.942621 0.229662
vn 0.209501 0.942121 0.237549
vn 0.197616 0.942371 0.247273
vn 0.181465 0.941045 0.263664
vn 0.156261 0.942171 0.274985
vn 0.134381 0.939626 0.293436
vn 0.113160 0.938927 0.303112
vn 0.094311 0.939560 0.307782
vn 0.080074 0.940378 0.309914
vn 0.068937 0.940991 0.311502
vn 0.058722 0.936290 0.325919
vn 0.045161 0.936805 0.327318
vn 0.030075 0.938427 0.325449
vn 0.013270 0.938646 0.326183
vn -0.005370 0.938921 0.325924
vn -0.024585 0.938815 0.325460
vn -0.042266 0.939388 0.322446
vn -0.059439 0.936922 0.326198
vn -0.072626 0.936939 0.323372
vn -0.084067 0.937022 0.320413
vn -0.095023 0.937159 0.317011
vn -0.107550 0.937410 0.312372
vn -0.119153 0.940287 0.299299
vn -0.133481 0.941761 0.289359
vn -0.151111 0.942298 0.277499
vn -0.167880 0.943915 0.260549
vn -0.179321 0.945408 0.245939
vn -0.184064 0.946157 0.238882
vn -0.183462 0.946175 0.239248
vn -0.180282 0.945790 0.243492
vn -0.178615 0.945671 0.245155
vn -0.178442 0.945867 0.243732
vn -0.172687 0.950136 0.235135
vn -0.150106 0.961627 0.205861
vn -0.151613 0.961958 0.202303
vn -0.154660 0.962335 0.197267
vn -0.155739 0.962533 0.194873
vn -0.152471 0.962511 0.197306
vn -0.143700 0.962384 0.203748
vn -0.129782 0.962117 0.213362
vn -0.115065 0.961969 0.221487
vn -0.103728 0.962021 0.226010
vn -0.096956 0.962179 0.227663
vn -0.095007 0.962313 0.227414
vn -0.092939 0.964571 0.219828
vn -0.091239 0.965004 0.218751
vn -0.088608 0.965327 0.218956
vn -0.087072 0.965294 0.219639
vn -0.086177 0.965243 0.220169
vn -0.087921 0.965294 0.219086
vn -0.089461 0.967133 0.211564
vn -0.090037 0.967119 0.211592
vn -0.084056 0.966718 0.216230
vn -0.070761 0.965972 0.224762
vn -0.050266 0.965059 0.234688
vn -0.028577 0.963954 0.242068
vn -0.013863 0.962126 0.248874
vn -0.007052 0.961045 0.252002
vn -0.008016 0.960363 0.253452
vn -0.013553 0.959455 0.255075
vn -0.017309 0.958080 0.257866
vn -0.017087 0.957537 0.256796
vn -0.016054 0.957102 0.260892
vn -0.013682 0.955813 0.266340
vn -0.010020 0.954784 0.270338
vn -0.005937 0.954188 0.272526
vn -0.002625 0.953949 0.273161
vn -0.000773 0.956820 0.262236
vn -0.000124 0.960321 0.253262
vn 0.000119 0.960464 0.252128
vn 0.000850 0.960703 0.250460
vn 0.001502 0.961043 0.248246
vn 0.001986 0.965617 0.232886
vn 0.001923 0.965840 0.231455
vn 0.000884 0.965980 0.230468
vn -0.000683 0.966152 0.229379
vn -0.001520 0.959722 0.249708
vn -0.000832 0.959333 0.251922
vn 0.001553 0.959004 0.253844
vn 0.004608 0.959018 0.254260
vn 0.006726 0.959216 0.253860
vn 0.009052 0.949958 0.280176
vn 0.011739 0.949441 0.280383
vn 0.016010 0.950884 0.275006
vn 0.021918 0.952956 0.265795
vn 0.027686 0.956252 0.252497
vn 0.032265 0.957932 0.253789
vn 0.029772 0.962281 0.244151
vn 0.023046 0.967366 0.232277
vn 0.014708 0.969144 0.228554
vn 0.007082 0.968919 0.230126
vn 0.002593 0.967799 0.235224
vn 0.001281 0.967167 0.236995
vn 0.003515 0.967254 0.236419
vn 0.009735 0.967602 0.234319
vn 0.016495 0.968059 0.231249
vn 0.018982 0.968029 0.230443
vn 0.014486 0.967317 0.232675
vn 0.003433 0.966833 0.235325
vn -0.010546 0.965768 0.239867
vn -0.022209 0.964883 0.243101
vn -0.032512 0.960769 0.259551
vn -0.044827 0.954525 0.275403
vn -0.058003 0.954356 0.274580
vn -0.072596 0.953581 0.274548
vn -0.086865 0.952841 0.273705
vn -0.101093 0.952148 0.271925
vn -0.116495 0.950160 0.271926
vn -0.140388 0.940762 0.289607
vn -0.157671 0.940836 0.279346
vn -0.173164 0.944211 0.263185
vn -0.189178 0.943339 0.255597
vn -0.199484 0.942750 0.250222
vn -0.205085 0.942326 0.247392
vn -0.207686 0.941978 0.246324
vn -0.230342 0.928512 0.270202
vn -0.237154 0.927789 0.266612
vn -0.246241 0.926834 0.261546
vn -0.247483 0.932198 0.244461
vn -0.256416 0.932514 0.233394
vn -0.269058 0.930962 0.225458
vn -0.278722 0.929717 0.218879
vn -0.283686 0.928894 0.215602
vn -0.314361 0.909918 0.243269
vn -0.310842 0.909923 0.246345
vn -0.306471 0.910832 0.247795
vn -0.302277 0.913143 0.244038
vn -0.305039 0.912619 0.241904
vn -0.311582 0.911458 0.237878
vn -0.319891 0.910048 0.232647
vn -0.326483 0.908812 0.228644
vn -0.331752 0.907986 0.224694
vn -0.338696 0.907012 0.219026
vn -0.339729 0.910363 0.205655
vn -0.348776 0.908977 0.196687
vn -0.357502 0.907624 0.187275
vn -0.364520 0.906569 0.178744
vn -0.372018 0.904228 0.172902
vn -0.378229 0.901984 0.168975
vn -0.380909 0.902494 0.163924
vn -0.370743 0.908500 0.151263
vn -0.366624 0.912607 0.141313
vn -0.368654 0.912959 0.134022
vn -0.371621 0.912563 0.127468
vn -0.374433 0.912171 0.120924
vn -0.377095 0.911812 0.114260
vn -0.375513 0.913372 0.106923
vn -0.376251 0.913350 0.102316
vn -0.374529 0.914617 0.097718
vn -0.366280 0.918507 0.093928
vn -0.362032 0.919984 0.092690
vn -0.362342 0.919794 0.090267
vn -0.364384 0.919430 0.082989
vn -0.368910 0.918550 0.069717
vn -0.374624 0.917378 0.050827
vn -0.379349 0.916277 0.029595
vn -0.374165 0.919784 0.011350
vn -0.360072 0.925624 0.000524
vn -0.359197 0.925686 -0.002993
vn -0.357397 0.926054 -0.001660
vn -0.351277 0.927991 -0.000985
vn -0.345650 0.929707 -0.004920
vn -0.334522 0.934577 -0.012745
vn -0.322600 0.938582 -0.024475
vn -0.326349 0.936807 -0.039062
vn -0.332781 0.933855 -0.053900
vn -0.331924 0.933356 -0.065864
vn -0.328653 0.934060 -0.075142
vn -0.316617 0.938200 -0.080417
vn -0.316105 0.937840 -0.086244
vn -0.315380 0.937533 -0.092010
vn -0.314378 0.937116 -0.099506
vn -0.307586 0.938923 -0.107187
vn -0.305302 0.938459 -0.117618
vn -0.305076 0.936696 -0.131189
vn -0.301952 0.935859 -0.144619
vn -0.298774 0.935262 -0.155446
vn -0.293766 0.936016 -0.161760
vn -0.292575 0.935731 -0.165852
vn -0.292579 0.935657 -0.166329
vn -0.292179 0.935966 -0.165389
vn -0.291085 0.935602 -0.167993
vn -0.296013 0.931494 -0.181079
vn -0.288858 0.930793 -0.196124
vn -0.276711 0.930097 -0.216493
vn -0.261668 0.929921 -0.235574
vn -0.249838 0.929649 -0.249134
vn -0.236670 0.933948 -0.247588
vn -0.236541 0.934326 -0.246442
vn -0.240312 0.934376 -0.242387
vn -0.242525 0.934179 -0.240375
vn -0.242074 0.934105 -0.240808
vn -0.240371 0.934209 -0.241668
vn -0.237995 0.934317 -0.243120
vn -0.234663 0.934461 -0.245297
vn -0.222421 0.939816 -0.237879
vn -0.219071 0.940540 -0.238184
vn -0.217697 0.940740 -0.238141
vn -0.216010 0.941915 -0.235005
vn -0.217346 0.942025 -0.232753
vn -0.219202 0.942094 -0.230116
vn -0.219244 0.942203 -0.228906
vn -0.216435 0.942394 -0.229993
vn -0.202388 0.946791 -0.224195
vn -0.191104 0.950190 -0.222689
vn -0.184335 0.951384 -0.223560
vn -0.177017 0.952440 -0.224019
vn -0.169585 0.952913 -0.226919
vn -0.160037 0.953528 -0.230476
vn -0.150229 0.953426 -0.236113
vn -0.139338 0.954038 -0.239534
vn -0.129291 0.954668 -0.241995
vn -0.119937 0.955944 -0.241710
vn -0.114245 0.955360 -0.245644
vn -0.103694 0.958511 -0.236343
vn -0.093052 0.962745 -0.226910
vn -0.084819 0.965427 -0.221786
vn -0.081182 0.964671 -0.225413
vn -0.077432 0.965297 -0.224160
vn -0.075186 0.965457 -0.224130
vn -0.073103 0.965580 -0.224132
vn -0.069861 0.965401 -0.225962
vn -0.065010 0.965068 -0.227819
vn -0.058141 0.965420 -0.228008
vn -0.051325 0.965941 -0.227427
vn -0.046006 0.966216 -0.227337
vn -0.040446 0.966156 -0.228432
vn -0.033352 0.966353 -0.228470
vn -0.024608 0.966802 -0.227672
vn -0.013904 0.967351 -0.226248
vn -0.003144 0.967888 -0.224340
vn 0.005409 0.967984 -0.224173
vn 0.010906 0.967715 -0.224575
vn 0.013698 0.967831 -0.224241
vn 0.016287 0.967540 -0.225316
vn 0.020625 0.967697 -0.224453
vn 0.024819 0.967874 -0.223479
vn 0.025927 0.968055 -0.222815
vn 0.024059 0.968701 -0.221254
vn 0.020998 0.968573 -0.222489
vn 0.018413 0.967946 -0.225201
vn 0.017326 0.967957 -0.225310
vn 0.017280 0.967990 -0.225245
vn 0.018531 0.967985 -0.225128
vn 0.019268 0.969103 -0.220519
vn 0.019162 0.969730 -0.218805
vn 0.020024 0.969311 -0.220116
vn 0.022972 0.969349 -0.219534
vn 0.028280 0.969446 -0.218392
vn 0.034812 0.969500 -0.217128
vn 0.039995 0.969804 -0.214778
vn 0.045101 0.969220 -0.215054
vn 0.050642 0.968545 -0.215635
vn 0.057602 0.967402 -0.218510
vn 0.065918 0.966506 -0.220677
vn 0.073009 0.966535 -0.218527
vn 0.079328 0.966555 -0.216476
vn 0.085337 0.965015 -0.220014
vn 0.087034 0.964975 -0.219667
vn 0.085516 0.966334 -0.214041
vn 0.085186 0.967920 -0.209808
vn 0.087198 0.968053 -0.208753
vn 0.089701 0.968060 -0.207808
vn 0.094137 0.966756 -0.210936
vn 0.097920 0.966724 -0.209419
vn 0.102790 0.966654 -0.207468
vn 0.106040 0.966638 -0.206019
vn 0.107455 0.965298 -0.209327
vn 0.106774 0.963948 -0.215866
vn 0.102663 0.962217 -0.223894
vn 0.091164 0.964971 -0.216182
vn 0.084402 0.967971 -0.210079
vn 0.084571 0.968126 -0.209245
vn 0.089424 0.968051 -0.207379
vn 0.096771 0.967985 -0.204288
vn 0.104996 0.966643 -0.205372
vn 0.109127 0.966547 -0.203380
vn 0.110987 0.966553 -0.202135
vn 0.111439 0.966535 -0.201685
vn 0.110927 0.966549 -0.201590
vn 0.110396 0.966460 -0.201751
vn 0.109580 0.967006 -0.198347
vn 0.107840 0.968603 -0.191319
vn 0.107203 0.970830 -0.184391
vn 0.108242 0.971359 -0.181758
vn 0.108595 0.971369 -0.181118
vn 0.110154 0.971365 -0.179906
vn 0.114555 0.971289 -0.177271
vn 0.123680 0.970162 -0.176125
vn 0.132136 0.969822 -0.171231
vn 0.138871 0.969642 -0.166554
vn 0.144391 0.969612 -0.162067
vn 0.148344 0.969962 -0.156737
vn 0.153295 0.969833 -0.152923
vn 0.160269 0.969628 -0.147238
vn 0.169783 0.968938 -0.141232
vn 0.175305 0.968552 -0.136929
vn 0.175289 0.968496 -0.137988
vn 0.171763 0.967708 -0.146188
vn 0.168244 0.965280 -0.163855
vn 0.156863 0.965387 -0.174595
vn 0.148900 0.965457 -0.181433
vn 0.144832 0.965487 -0.184930
vn 0.141483 0.967112 -0.180758
vn 0.142863 0.967071 -0.180029
vn 0.142205 0.967021 -0.181061
vn 0.141195 0.966954 -0.182485
vn 0.155982 0.959363 -0.199109
vn 0.165741 0.956893 -0.203918
vn 0.170578 0.957143 -0.198500
vn 0.163076 0.962855 -0.180628
vn 0.164545 0.963454 -0.176081
vn 0.164898 0.963574 -0.174835
vn 0.164182 0.963447 -0.176045
vn 0.162737 0.963202 -0.178657
vn 0.158917 0.964349 -0.177130
vn 0.158497 0.964525 -0.176006
vn 0.158370 0.964626 -0.175040
vn 0.159315 0.964407 -0.174667
vn 0.159270 0.964396 -0.174358
vn 0.158484 0.964383 -0.174944
vn 0.158664 0.964415 -0.174340
vn 0.159327 0.965280 -0.169989
vn 0.143656 0.972734 -0.146566
vn 0.147685 0.973021 -0.139653
vn 0.151437 0.973292 -0.132672
vn 0.154708 0.973302 -0.127951
vn 0.156980 0.973265 -0.124648
vn 0.158064 0.973340 -0.122542
vn 0.158740 0.973385 -0.121297
vn 0.150576 0.976172 -0.113373
vn 0.151384 0.976218 -0.111478
vn 0.151750 0.976250 -0.110159
vn 0.151766 0.976267 -0.109323
vn 0.151178 0.976285 -0.109240
vn 0.150111 0.976328 -0.109503
vn 0.149612 0.976501 -0.108575
vn 0.150031 0.976882 -0.106543
vn 0.150165 0.977548 -0.102442
vn 0.150161 0.978195 -0.096425
vn 0.149773 0.978757 -0.090254
vn 0.151328 0.978797 -0.087046
vn 0.151956 0.978830 -0.085429
vn 0.152362 0.978707 -0.085832
vn 0.151909 0.978677 -0.087833
vn 0.151409 0.978649 -0.089625
vn 0.159271 0.977168 -0.094268
vn 0.171106 0.973649 -0.098239
vn 0.174122 0.973615 -0.094303
vn 0.176873 0.973814 -0.089235
vn 0.177775 0.974317 -0.085371
vn 0.182160 0.973766 -0.083313
vn 0.193190 0.970873 -0.082065
vn 0.209084 0.968131 -0.080416
vn 0.213535 0.968080 -0.071834
vn 0.217514 0.968061 -0.062640
vn 0.221943 0.967612 -0.056566
vn 0.224236 0.967528 -0.053000
vn 0.226012 0.967362 -0.052908
vn 0.227353 0.967135 -0.055502
vn 0.247125 0.960260 -0.062058
vn 0.258948 0.957742 -0.063643
vn 0.260943 0.957771 -0.058304
vn 0.265972 0.957161 -0.049542
vn 0.273364 0.955822 -0.039584
vn 0.278260 0.954934 -0.031477
vn 0.289252 0.951156 -0.023973
vn 0.300814 0.947647 -0.012900
vn 0.298385 0.948644 0.000880
vn 0.292721 0.950373 0.014906
vn 0.284109 0.952704 0.027134
vn 0.288280 0.950018 0.040292
vn 0.297566 0.946121 0.056600
vn 0.291792 0.947025 0.070331
vn 0.283717 0.948239 0.085455
vn 0.274117 0.949387 0.101188
vn 0.268307 0.949233 0.115748
vn 0.260156 0.950523 0.124472
vn 0.271142 0.944191 0.141189
vn 0.267223 0.944681 0.146535
vn 0.262570 0.945058 0.153266
vn 0.255780 0.945905 0.160503
vn 0.247312 0.947699 0.165819
vn 0.239833 0.948920 0.170779
vn 0.234001 0.949553 0.176619
vn 0.244639 0.941481 0.198321
vn 0.237817 0.942138 0.204234
vn 0.230220 0.942894 0.210339
vn 0.222885 0.943257 0.217325
vn 0.216931 0.943668 0.222694
vn 0.214769 0.942621 0.229662
vn 0.209501 0.942121 0.237549
vn 0.197616 0.942371 0.247273
vn 0.181465 0.941045 0.263664
vn 0.156261 0.942171 0.274985
vn 0.134381 0.939626 0.293436
vn 0.113160 0.938927 0.303112
vn 0.094311 0.939560 0.307782
vn 0.080074 0.940378 0.309914
vn 0.068937 0.940991 0.311502
vn 0.058722 0.936290 0.325919
vn 0.045161 0.936805 0.327318
vn 0.030075 0.938427 0.325449
vn 0.013270 0.938646 0.326183
vn -0.005370 0.938921 0.325924
vn -0.024585 0.938815 0.325460
vn -0.042266 0.939388 0.322446
vn -0.059439 0.936922 0.326198
vn -0.072626 0.936939 0.323372
vn -0.084067 0.937022 0.320413
vn -0.095023 0.937159 0.317011
vn -0.107550 0.937410 0.312372
vn -0.119153 0.940287 0.299299
vn -0.133481 0.941761 0.289359
vn -0.151111 0.942298 0.277499
vn -0.167880 0.943915 0.260549
vn -0.179321 0.945408 0.245939
vn -0.184064 0.946157 0.238882
vn -0.183462 0.946175 0.239248
vn -0.180282 0.945790 0.243492
vn -0.178615 0.945671 0.245155
vn -0.178442 0.945867 0.243732
vn -0.172687 0.950136 0.235135
vn -0.150106 0.961627 0.205861
vn -0.151613 0.961958 0.202303
vn -0.154660 0.962335 0.197267
vn -0.155739 0.962533 0.194873
vn -0.152471 0.962511 0.197306
vn -0.143700 0.962384 0.203748
vn -0.129782 0.962117 0.213362
vn -0.115065 0.961969 0.221487
vn -0.103728 0.962021 0.226010
vn -0.096956 0.962179 0.227663
vn -0.095007 0.962313 0.227414
vn -0.092939 0.964571 0.219828
vn -0.091239 0.965004 0.218751
vn -0.088608 0.965327 0.218956
vn -0.087072 0.965294 0.219639
vn -0.086177 0.965243 0.220169
vn -0.087921 0.965294 0.219086
vn -0.089461 0.967133 0.211564
vn -0.090037 0.967119 0.211592
vn -0.084056 0.966718 0.216230
vn -0.070761 0.965972 0.224762
vn -0.050266 0.965059 0.234688
vn -0.028577 0.963954 0.242068
vn -0.013863 0.962126 0.248874
vn -0.007052 0.961045 0.252002
vn -0.008016 0.960363 0.253452
vn -0.013553 0.959455 0.255075
vn -0.017309 0.958080 0.257866
vn -0.017087 0.957537 0.256796
vn -0.016054 0.957102 0.260892
vn -0.013682 0.955813 0.266340
vn -0.010020 0.954784 0.270338
vn -0.005937 0.954188 0.272526
vn -0.002625 0.953949 0.273161
vn -0.000773 0.956820 0.262236
vn -0.000124 0.960321 0.253262
vn 0.000119 0.960464 0.252128
vn 0.000850 0.960703 0.250460
vn 0.001502 0.961043 0.248246
vn 0.001986 0.965617 0.232886
vn 0.001923 0.965840 0.231455
vn 0.001145 0.784499 0.481522
vn -0.002572 0.784543 0.481097
vn -0.004794 0.776993 0.494693
vn -0.003464 0.776917 0.495545
vn 0.000688 0.776828 0.496395
vn 0.006863 0.776756 0.497154
vn 0.010831 0.776697 0.497844
vn 0.014957 0.769817 0.513294
vn 0.020678 0.763756 0.519917
vn 0.029803 0.763710 0.520741
vn 0.043441 0.763574 0.520974
vn 0.058784 0.764661 0.517781
vn 0.068304 0.767959 0.510151
vn 0.066360 0.770251 0.501612
vn 0.055314 0.775254 0.490226
vn 0.039003 0.779003 0.486163
vn 0.023414 0.781656 0.486647
vn 0.014805 0.783363 0.487520
vn 0.013738 0.783588 0.489305
vn 0.020391 0.786202 0.487417
vn 0.036465 0.787810 0.484537
vn 0.055039 0.788021 0.480966
vn 0.062333 0.788378 0.478722
vn 0.054309 0.787352 0.481279
vn 0.031017 0.787083 0.484758
vn 0.001074 0.785862 0.489019
vn -0.023145 0.785113 0.491136
vn -0.042152 0.784227 0.492374
vn -0.064875 0.774909 0.507622
vn -0.089547 0.774695 0.505413
vn -0.117043 0.773875 0.502215
vn -0.143662 0.773184 0.497587
vn -0.169677 0.771618 0.492084
vn -0.198070 0.766487 0.488766
vn -0.228559 0.761259 0.489092
vn -0.261249 0.756296 0.478628
vn -0.289566 0.760543 0.453344
vn -0.313594 0.763750 0.437065
vn -0.329469 0.763879 0.426784
vn -0.337384 0.763414 0.422069
vn -0.339109 0.763392 0.421464
vn -0.352273 0.755279 0.431037
vn -0.362603 0.750788 0.426733
vn -0.374298 0.751863 0.417389
vn -0.383291 0.756072 0.399235
vn -0.400804 0.754639 0.385738
vn -0.418168 0.753448 0.371237
vn -0.431155 0.752326 0.360000
vn -0.437078 0.751585 0.355305
vn -0.450739 0.741112 0.368508
vn -0.447506 0.735512 0.376760
vn -0.440756 0.737189 0.380979
vn -0.438172 0.738057 0.380524
vn -0.441536 0.737590 0.377394
vn -0.450116 0.736549 0.369984
vn -0.460717 0.735422 0.360484
vn -0.469091 0.734465 0.352874
vn -0.476366 0.733629 0.345729
vn -0.484986 0.734130 0.335246
vn -0.492507 0.735758 0.319108
vn -0.504246 0.734643 0.303928
vn -0.515826 0.733276 0.287928
vn -0.525306 0.731169 0.274430
vn -0.534094 0.729157 0.264665
vn -0.540836 0.727332 0.256884
vn -0.539229 0.731631 0.246658
vn -0.543006 0.731317 0.238572
vn -0.541698 0.734896 0.225143
vn -0.543644 0.737860 0.213490
vn -0.547656 0.737456 0.203249
vn -0.551168 0.737217 0.193453
vn -0.554894 0.736861 0.182645
vn -0.555290 0.738302 0.173128
vn -0.556746 0.738435 0.165205
vn -0.554321 0.741328 0.159023
vn -0.550185 0.743655 0.155278
vn -0.548326 0.744132 0.155421
vn -0.548795 0.743876 0.151163
vn -0.551427 0.743679 0.138625
vn -0.556647 0.743226 0.117772
vn -0.563769 0.742205 0.085968
vn -0.569040 0.741385 0.052662
vn -0.562390 0.748022 0.024752
vn -0.560104 0.749119 0.008575
vn -0.559051 0.749303 0.003512
vn -0.557338 0.749584 0.006644
vn -0.555673 0.749887 0.008198
vn -0.554555 0.749952 0.003561
vn -0.544883 0.756655 -0.009514
vn -0.541924 0.757527 -0.029027
vn -0.541057 0.756882 -0.054119
vn -0.539275 0.756267 -0.077130
vn -0.536775 0.755838 -0.096518
vn -0.531282 0.758296 -0.111437
vn -0.525046 0.760001 -0.122775
vn -0.523534 0.759758 -0.131328
vn -0.521719 0.759437 -0.140537
vn -0.519291 0.759054 -0.152134
vn -0.512754 0.760805 -0.165663
vn -0.508091 0.760261 -0.183534
vn -0.503104 0.758770 -0.204624
vn -0.495820 0.758043 -0.226127
vn -0.488695 0.757772 -0.244036
vn -0.482472 0.758220 -0.255410
vn -0.479955 0.757873 -0.261629
vn -0.479977 0.757780 -0.262172
vn -0.481084 0.757390 -0.260312
vn -0.480801 0.755853 -0.265621
vn -0.475659 0.754256 -0.281134
vn -0.462193 0.753705 -0.305267
vn -0.440347 0.753173 -0.338362
vn -0.414648 0.752990 -0.370344
vn -0.394376 0.752718 -0.392385
vn -0.380979 0.754901 -0.399473
vn -0.380616 0.756519 -0.397565
vn -0.386672 0.756817 -0.391021
vn -0.390194 0.756461 -0.387833
vn -0.388772 0.756510 -0.388442
vn -0.385827 0.756705 -0.390473
vn -0.381629 0.756852 -0.393658
vn -0.376551 0.756852 -0.397590
vn -0.367052 0.759660 -0.398043
vn -0.361197 0.762213 -0.399337
vn -0.359209 0.762375 -0.399933
vn -0.358468 0.763491 -0.397563
vn -0.361252 0.763516 -0.394042
vn -0.364549 0.763757 -0.389805
vn -0.364925 0.763733 -0.388338
vn -0.360195 0.763992 -0.391164
vn -0.348693 0.765317 -0.396622
vn -0.331852 0.770866 -0.398823
vn -0.320920 0.772558 -0.402964
vn -0.310899 0.772931 -0.408764
vn -0.298225 0.773535 -0.415900
vn -0.281726 0.774032 -0.424810
vn -0.262691 0.774094 -0.435558
vn -0.243510 0.774704 -0.444133
vn -0.226008 0.775225 -0.451067
vn -0.210641 0.776293 -0.455324
vn -0.199077 0.775847 -0.460544
vn -0.187173 0.776077 -0.464190
vn -0.171318 0.779572 -0.460928
vn -0.157762 0.783580 -0.457350
vn -0.149045 0.784959 -0.459901
vn -0.142770 0.785630 -0.460275
vn -0.138993 0.785544 -0.460929
vn -0.135215 0.785975 -0.461362
vn -0.128562 0.786002 -0.462595
vn -0.118464 0.785441 -0.466060
vn -0.105209 0.785598 -0.468269
vn -0.091468 0.786204 -0.469669
vn -0.081077 0.786316 -0.470807
vn -0.069638 0.786861 -0.471956
vn -0.054876 0.786706 -0.473506
vn -0.036695 0.787069 -0.474102
vn -0.014247 0.787778 -0.473695
vn 0.008602 0.788185 -0.472444
vn 0.026319 0.788699 -0.470693
vn 0.037703 0.788121 -0.471070
vn 0.043061 0.788111 -0.470737
vn 0.047855 0.787952 -0.471015
vn 0.056776 0.788193 -0.469671
vn 0.065381 0.788175 -0.468396
vn 0.067061 0.788278 -0.468295
vn 0.062577 0.788718 -0.468055
vn 0.054359 0.788864 -0.469556
vn 0.047625 0.788484 -0.471587
vn 0.044314 0.788339 -0.472045
vn 0.043328 0.788045 -0.472235
vn 0.045276 0.788376 -0.471821
vn 0.047167 0.788845 -0.470402
vn 0.046299 0.790194 -0.468291
vn 0.047098 0.789747 -0.468894
vn 0.052440 0.789949 -0.467944
vn 0.063711 0.789904 -0.466230
vn 0.077352 0.789389 -0.464216
vn 0.089211 0.787810 -0.462771
vn 0.099695 0.786446 -0.463065
vn 0.110040 0.787268 -0.461705
vn 0.122813 0.786536 -0.460076
vn 0.137422 0.786659 -0.455913
vn 0.152080 0.786664 -0.451358
vn 0.164496 0.786792 -0.447152
vn 0.173916 0.785279 -0.446843
vn 0.176569 0.785197 -0.446135
vn 0.177631 0.785413 -0.445499
vn 0.178123 0.786901 -0.440977
vn 0.181701 0.788490 -0.438365
vn 0.186735 0.788205 -0.436578
vn 0.193064 0.786979 -0.436555
vn 0.200693 0.787078 -0.433171
vn 0.210764 0.787022 -0.428603
vn 0.217369 0.786062 -0.426055
vn 0.218983 0.784255 -0.429670
vn 0.211714 0.784176 -0.434050
vn 0.199230 0.782459 -0.443099
vn 0.183471 0.782980 -0.448293
vn 0.171862 0.786111 -0.444026
vn 0.172085 0.788333 -0.441959
vn 0.182371 0.788342 -0.437728
vn 0.197669 0.788212 -0.431121
vn 0.212312 0.787177 -0.426605
vn 0.220599 0.786719 -0.422652
vn 0.224991 0.786551 -0.420173
vn 0.225207 0.786854 -0.419561
vn 0.223866 0.786872 -0.419882
vn 0.223239 0.786501 -0.420375
vn 0.224819 0.786102 -0.420130
vn 0.227026 0.786222 -0.417227
vn 0.229241 0.788417 -0.408709
vn 0.231909 0.790931 -0.403804
vn 0.232122 0.792012 -0.402538
vn 0.235752 0.791766 -0.400185
vn 0.245991 0.791547 -0.394041
vn 0.262359 0.790999 -0.385460
vn 0.280116 0.790129 -0.373964
vn 0.294498 0.790179 -0.362990
vn 0.306257 0.790257 -0.352963
vn 0.316673 0.790365 -0.343326
vn 0.327401 0.790076 -0.333956
vn 0.341426 0.790179 -0.320551
vn 0.359150 0.789485 -0.303107
vn 0.370228 0.788791 -0.292180
vn 0.369445 0.788973 -0.293959
vn 0.360665 0.786632 -0.310176
vn 0.340967 0.785554 -0.336434
vn 0.317975 0.785442 -0.358540
vn 0.301853 0.785554 -0.372384
vn 0.294284 0.785679 -0.378688
vn 0.293820 0.787215 -0.375764
vn 0.298000 0.787330 -0.372726
vn 0.297755 0.787164 -0.373513
vn 0.297349 0.785406 -0.375691
vn 0.311027 0.776992 -0.385953
vn 0.318247 0.777269 -0.379395
vn 0.329722 0.777566 -0.368463
vn 0.335487 0.780764 -0.351858
vn 0.340586 0.783738 -0.342639
vn 0.343357 0.783624 -0.339378
vn 0.341991 0.783488 -0.341136
vn 0.338559 0.783482 -0.345335
vn 0.335531 0.784595 -0.344773
vn 0.335366 0.784691 -0.343895
vn 0.335236 0.784795 -0.342930
vn 0.335458 0.784736 -0.342173
vn 0.334100 0.784808 -0.343035
vn 0.332046 0.784513 -0.344879
vn 0.331781 0.784649 -0.344535
vn 0.332713 0.789151 -0.337240
vn 0.332568 0.793368 -0.319106
vn 0.342798 0.793691 -0.305602
vn 0.351889 0.793990 -0.292713
vn 0.358739 0.794100 -0.282483
vn 0.363419 0.793887 -0.276033
vn 0.365261 0.793982 -0.272952
vn 0.366062 0.794494 -0.271041
vn 0.362967 0.797213 -0.264999
vn 0.364826 0.797120 -0.261788
vn 0.366003 0.797169 -0.259343
vn 0.366454 0.797268 -0.257821
vn 0.365582 0.797123 -0.258341
vn 0.363731 0.796618 -0.260453
vn 0.362873 0.797164 -0.259498
vn 0.363412 0.799274 -0.254225
vn 0.366857 0.799680 -0.245716
vn 0.372587 0.800053 -0.235130
vn 0.378957 0.800175 -0.224163
vn 0.383669 0.800182 -0.215582
vn 0.385215 0.800171 -0.212504
vn 0.385606 0.800153 -0.212707
vn 0.383566 0.800066 -0.217540
vn 0.381518 0.799984 -0.222116
vn 0.381106 0.800116 -0.223381
vn 0.392303 0.796804 -0.223927
vn 0.399425 0.794337 -0.215430
vn 0.405178 0.794769 -0.204357
vn 0.409735 0.795004 -0.197158
vn 0.417655 0.791779 -0.190997
vn 0.431587 0.788987 -0.182796
vn 0.440264 0.788446 -0.168262
vn 0.448613 0.788487 -0.148599
vn 0.455976 0.788412 -0.128594
vn 0.462440 0.787926 -0.112648
vn 0.465953 0.787923 -0.104217
vn 0.468079 0.787727 -0.102573
vn 0.470777 0.784580 -0.106956
vn 0.486443 0.777591 -0.114271
vn 0.487459 0.778107 -0.112465
vn 0.490986 0.778040 -0.101363
vn 0.494747 0.778364 -0.083731
vn 0.498088 0.778593 -0.062947
vn 0.500269 0.778808 -0.046816
vn 0.511295 0.772787 -0.032112
vn 0.514705 0.772111 -0.011962
vn 0.514078 0.772603 0.012896
vn 0.511830 0.773178 0.039442
vn 0.508393 0.773905 0.063364
vn 0.512568 0.769178 0.088290
vn 0.510727 0.767262 0.112762
vn 0.502555 0.768154 0.138747
vn 0.491434 0.769175 0.167140
vn 0.477868 0.769446 0.198072
vn 0.465093 0.770166 0.224076
vn 0.453675 0.771345 0.242003
vn 0.454935 0.765418 0.259371
vn 0.449092 0.765797 0.268701
vn 0.441402 0.766315 0.280526
vn 0.431101 0.767303 0.294169
vn 0.419627 0.769026 0.305426
vn 0.409988 0.769850 0.316949
vn 0.401622 0.770237 0.327040
vn 0.400686 0.763953 0.346037
vn 0.390694 0.763640 0.356823
vn 0.379093 0.764385 0.367866
vn 0.367635 0.764606 0.379187
vn 0.358601 0.765045 0.387859
vn 0.353602 0.764085 0.395691
vn 0.343637 0.764182 0.405536
vn 0.324755 0.763938 0.421752
vn 0.294815 0.763634 0.444870
vn 0.253337 0.763735 0.468371
vn 0.212228 0.763371 0.489110
vn 0.176171 0.760702 0.506040
vn 0.145636 0.761341 0.514308
vn 0.122753 0.762186 0.519213
vn 0.105185 0.762582 0.522727
vn 0.087228 0.758647 0.532662
vn 0.066122 0.759274 0.535621
vn 0.042312 0.760555 0.536299
vn 0.015403 0.760827 0.537538
vn -0.015203 0.761046 0.537259
vn -0.046382 0.761043 0.535817
vn -0.075437 0.761212 0.532348
vn -0.102282 0.759181 0.531445
vn -0.124096 0.759082 0.526837
vn -0.142923 0.759349 0.521817
vn -0.161216 0.759498 0.516382
vn -0.182112 0.759453 0.509229
vn -0.206211 0.760219 0.498486
vn -0.232992 0.761527 0.482705
vn -0.264765 0.763493 0.461750
vn -0.297968 0.765385 0.435305
vn -0.321380 0.766622 0.413475
vn -0.331439 0.767439 0.402669
vn -0.329840 0.767470 0.403833
vn -0.322550 0.767088 0.410833
vn -0.319066 0.766973 0.414198
vn -0.318970 0.767190 0.412819
vn -0.311279 0.776896 0.401763
vn -0.304033 0.781828 0.390351
vn -0.307277 0.782143 0.385424
vn -0.314054 0.782603 0.377497
vn -0.315743 0.782865 0.374562
vn -0.307894 0.782889 0.380660
vn -0.289154 0.782673 0.394787
vn -0.260231 0.782350 0.414154
vn -0.229649 0.782210 0.431160
vn -0.206812 0.782425 0.441383
vn -0.193770 0.782637 0.446330
vn -0.191657 0.782566 0.446721
vn -0.193032 0.784576 0.441890
vn -0.191564 0.784706 0.441955
vn -0.187404 0.785334 0.442565
vn -0.185233 0.785475 0.443486
vn -0.184301 0.785435 0.443988
vn -0.189638 0.785494 0.441601
vn -0.198431 0.787336 0.433850
vn -0.200146 0.787358 0.433416
vn -0.187173 0.786776 0.440987
vn -0.157245 0.786160 0.455271
vn -0.112641 0.783108 0.472807
vn -0.066906 0.779018 0.487306
vn -0.034696 0.777179 0.495471
vn -0.019934 0.776050 0.498980
vn -0.021357 0.775378 0.500447
vn -0.032471 0.774410 0.501917
vn -0.039518 0.772924 0.504624
vn -0.038803 0.771588 0.508025
vn -0.034657 0.772873 0.505853
vn -0.028886 0.772780 0.506072
vn -0.020433 0.772883 0.506262
vn -0.011777 0.772845 0.506207
vn -0.004726 0.773126 0.505786
vn -0.000483 0.773602 0.504265
vn 0.000570 0.779390 0.494324
vn 0.001037 0.779476 0.493479
vn 0.002759 0.779574 0.492459
vn 0.004149 0.779684 0.491293
vn 0.004756 0.784413 0.482554
vn 0.003779 0.784457 0.482010
vn 0.001145 0.784499 0.481522
vn -0.002572 0.784543 0.481097
vn -0.004794 0.776993 0.494693
vn -0.003464 0.776917 0.495545
vn 0.000688 0.776828 0.496395
vn 0.006863 0.776756 0.497154
vn 0.010831 0.776697 0.497844
vn 0.014957 0.769817 0.513294
vn 0.020678 0.763756 0.519917
vn 0.029803 0.763710 0.520741
vn 0.043441 0.763574 0.520974
vn 0.058784 0.764661 0.517781
vn 0.068304 0.767959 0.510151
vn 0.066360 0.770251 0.501612
vn 0.055314 0.775254 0.490226
vn 0.039003 0.779003 0.486163
vn 0.023414 0.781656 0.486647
vn 0.014805 0.783363 0.487520
vn 0.013738 0.783588 0.489305
vn 0.020391 0.786202 0.487417
vn 0.036465 0.787810 0.484537
vn 0.055039 0.788021 0.480966
vn 0.062333 0.788378 0.478722
vn 0.054309 0.787352 0.481279
vn 0.031017 0.787083 0.484758
vn 0.001074 0.785862 0.489019
vn -0.023145 0.785113 0.491136
vn -0.042152 0.784227 0.492374
vn -0.064875 0.774909 0.507622
vn -0.089547 0.774695 0.505413
vn -0.117043 0.773875 0.502215
vn -0.143662 0.773184 0.497587
vn -0.169677 0.771618 0.492084
vn -0.198070 0.766487 0.488766
vn -0.228559 0.761259 0.489092
vn -0.261249 0.756296 0.478628
vn -0.289566 0.760543 0.453344
vn -0.313594 0.763750 0.437065
vn -0.329469 0.763879 0.426784
vn -0.337384 0.763414 0.422069
vn -0.339109 0.763392 0.421464
vn -0.352273 0.755279 0.431037
vn -0.362603 0.750788 0.426733
vn -0.374298 0.751863 0.417389
vn -0.383291 0.756072 0.399235
vn -0.400804 0.754639 0.385738
vn -0.418168 0.753448 0.371237
vn -0.431155 0.752326 0.360000
vn -0.437078 0.751585 0.355305
vn -0.450739 0.741112 0.368508
vn -0.447506 0.735512 0.376760
vn -0.440756 0.737189 0.380979
vn -0.438172 0.738057 0.380524
vn -0.441536 0.737590 0.377394
vn -0.450116 0.736549 0.369984
vn -0.460717 0.735422 0.360484
vn -0.469091 0.734465 0.352874
vn -0.476366 0.733629 0.345729
vn -0.484986 0.734130 0.335246
vn -0.492507 0.735758 0.319108
vn -0.504246 0.734643 0.303928
vn -0.515826 0.733276 0.287928
vn -0.525306 0.731169 0.274430
vn -0.534094 0.729157 0.264665
vn -0.540836 0.727332 0.256884
vn -0.539229 0.731631 0.246658
vn -0.543006 0.731317 0.238572
vn -0.541698 0.734896 0.225143
vn -0.543644 0.737860 0.213490
vn -0.547656 0.737456 0.203249
vn -0.551168 0.737217 0.193453
vn -0.554894 0.736861 0.182645
vn -0.555290 0.738302 0.173128
vn -0.556746 0.738435 0.165205
vn -0.554321 0.741328 0.159023
vn -0.550185 0.743655 0.155278
vn -0.548326 0.744132 0.155421
vn -0.548795 0.743876 0.151163
vn -0.551427 0.743679 0.138625
vn -0.556647 0.743226 0.117772
vn -0.563769 0.742205 0.085968
vn -0.569040 0.741385 0.052662
vn -0.562390 0.748022 0.024752
vn -0.560104 0.749119 0.008575
vn -0.559051 0.749303 0.003512
vn -0.557338 0.749584 0.006644
vn -0.555673 0.749887 0.008198
vn -0.554555 0.749952 0.003561
vn -0.544883 0.756655 -0.009514
vn -0.541924 0.757527 -0.029027
vn -0.541057 0.756882 -0.054119
vn -0.539275 0.756267 -0.077130
vn -0.536775 0.755838 -0.096518
vn -0.531282 0.758296 -0.111437
vn -0.525046 0.760001 -0.122775
vn -0.523534 0.759758 -0.131328
vn -0.521719 0.759437 -0.140537
vn -0.519291 0.759054 -0.152134
vn -0.512754 0.760805 -0.165663
vn -0.508091 0.760261 -0.183534
vn -0.503104 0.758770 -0.204624
vn -0.495820 0.758043 -0.226127
vn -0.488695 0.757772 -0.244036
vn -0.482472 0.758220 -0.255410
vn -0.479955 0.757873 -0.261629
vn -0.479977 0.757780 -0.262172
vn -0.481084 0.757390 -0.260312
vn -0.480801 0.755853 -0.265621
vn -0.475659 0.754256 -0.281134
vn -0.462193 0.753705 -0.305267
vn -0.440347 0.753173 -0.338362
vn -0.414648 0.752990 -0.370344
vn -0.394376 0.752718 -0.392385
vn -0.380979 0.754901 -0.399473
vn -0.380616 0.756519 -0.397565
vn -0.386672 0.756817 -0.391021
vn -0.390194 0.756461 -0.387833
vn -0.388772 0.756510 -0.388442
vn -0.385827 0.756705 -0.390473
vn -0.381629 0.756852 -0.393658
vn -0.376551 0.756852 -0.397590
vn -0.367052 0.759660 -0.398043
vn -0.361197 0.762213 -0.399337
vn -0.359209 0.762375 -0.399933
vn -0.358468 0.763491 -0.397563
vn -0.361252 0.763516 -0.394042
vn -0.364549 0.763757 -0.389805
vn -0.364925 0.763733 -0.388338
vn -0.360195 0.763992 -0.391164
vn -0.348693 0.765317 -0.396622
vn -0.331852 0.770866 -0.398823
vn -0.320920 0.772558 -0.402964
vn -0.310899 0.772931 -0.408764
vn -0.298225 0.773535 -0.415900
vn -0.281726 0.774032 -0.424810
vn -0.262691 0.774094 -0.435558
vn -0.243510 0.774704 -0.444133
vn -0.226008 0.775225 -0.451067
vn -0.210641 0.776293 -0.455324
vn -0.199077 0.775847 -0.460544
vn -0.187173 0.776077 -0.464190
vn -0.171318 0.779572 -0.460928
vn -0.157762 0.783580 -0.457350
vn -0.149045 0.784959 -0.459901
vn -0.142770 0.785630 -0.460275
vn -0.138993 0.785544 -0.460929
vn -0.135215 0.785975 -0.461362
vn -0.128562 0.786002 -0.462595
vn -0.118464 0.785441 -0.466060
vn -0.105209 0.785598 -0.468269
vn -0.091468 0.786204 -0.469669
vn -0.081077 0.786316 -0.470807
vn -0.069638 0.786861 -0.471956
vn -0.054876 0.786706 -0.473506
vn -0.036695 0.787069 -0.474102
vn -0.014247 0.787778 -0.473695
vn 0.008602 0.788185 -0.472444
vn 0.026319 0.788699 -0.470693
vn 0.037703 0.788121 -0.471070
vn 0.043061 0.788111 -0.470737
vn 0.047855 0.787952 -0.471015
vn 0.056776 0.788193 -0.469671
vn 0.065381 0.788175 -0.468396
vn 0.067061 0.788278 -0.468295
vn 0.062577 0.788718 -0.468055
vn 0.054359 0.788864 -0.469556
vn 0.047625 0.788484 -0.471587
vn 0.044314 0.788339 -0.472045
vn 0.043328 0.788045 -0.472235
vn 0.045276 0.788376 -0.471821
vn 0.047167 0.788845 -0.470402
vn 0.046299 0.790194 -0.468291
vn 0.047098 0.789747 -0.468894
vn 0.052440 0.789949 -0.467944
vn 0.063711 0.789904 -0.466230
vn 0.077352 0.789389 -0.464216
vn 0.089211 0.787810 -0.462771
vn 0.099695 0.786446 -0.463065
vn 0.110040 0.787268 -0.461705
vn 0.122813 0.786536 -0.460076
vn 0.137422 0.786659 -0.455913
vn 0.152080 0.786664 -0.451358
vn 0.164496 0.786792 -0.447152
vn 0.173916 0.785279 -0.446843
vn 0.176569 0.785197 -0.446135
vn 0.177631 0.785413 -0.445499
vn 0.178123 0.786901 -0.440977
vn 0.181701 0.788490 -0.438365
vn 0.186735 0.788205 -0.436578
vn 0.193064 0.786979 -0.436555
vn 0.200693 0.787078 -0.433171
vn 0.210764 0.787022 -0.428603
vn 0.217369 0.786062 -0.426055
vn 0.218983 0.784255 -0.429670
vn 0.211714 0.784176 -0.434050
vn 0.199230 0.782459 -0.443099
vn 0.183471 0.782980 -0.448293
vn 0.171862 0.786111 -0.444026
vn 0.172085 0.788333 -0.441959
vn 0.182371 0.788342 -0.437728
vn 0.197669 0.788212 -0.431121
vn 0.212312 0.787177 -0.426605
vn 0.220599 0.786719 -0.422652
vn 0.224991 0.786551 -0.420173
vn 0.225207 0.786854 -0.419561
vn 0.223866 0.786872 -0.419882
vn 0.223239 0.786501 -0.420375
vn 0.224819 0.786102 -0.420130
vn 0.227026 0.786222 -0.417227
vn 0.229241 0.788417 -0.408709
vn 0.231909 0.790931 -0.403804
vn 0.232122 0.792012 -0.402538
vn 0.235752 0.791766 -0.400185
vn 0.245991 0.791547 -0.394041
vn 0.262359 0.790999 -0.385460
vn 0.280116 0.790129 -0.373964
vn 0.294498 0.790179 -0.362990
vn 0.306257 0.790257 -0.352963
vn 0.316673 0.790365 -0.343326
vn 0.327401 0.790076 -0.333956
vn 0.341426 0.790179 -0.320551
vn 0.359150 0.789485 -0.303107
vn 0.370228 0.788791 -0.292180
vn 0.369445 0.788973 -0.293959
vn 0.360665 0.786632 -0.310176
vn 0.340967 0.785554 -0.336434
vn 0.317975 0.785442 -0.358540
vn 0.301853 0.785554 -0.372384
vn 0.294284 0.785679 -0.378688
vn 0.293820 0.787215 -0.375764
vn 0.298000 0.787330 -0.372726
vn 0.297755 0.787164 -0.373513
vn 0.297349 0.785406 -0.375691
vn 0.311027 0.776992 -0.385953
vn 0.318247 0.777269 -0.379395
vn 0.329722 0.777566 -0.368463
vn 0.335487 0.780764 -0.351858
vn 0.340586 0.783738 -0.342639
vn 0.343357 0.783624 -0.339378
vn 0.341991 0.783488 -0.341136
vn 0.338559 0.783482 -0.345335
vn 0.335531 0.784595 -0.344773
vn 0.335366 0.784691 -0.343895
vn 0.335236 0.784795 -0.342930
vn 0.335458 0.784736 -0.342173
vn 0.334100 0.784808 -0.343035
vn 0.332046 0.784513 -0.344879
vn 0.331781 0.784649 -0.344535
vn 0.332713 0.789151 -0.337240
vn 0.332568 0.793368 -0.319106
vn 0.342798 0.793691 -0.305602
vn 0.351889 0.793990 -0.292713
vn 0.358739 0.794100 -0.282483
vn 0.363419 0.793887 -0.276033
vn 0.365261 0.793982 -0.272952
vn 0.366062 0.794494 -0.271041
vn 0.362967 0.797213 -0.264999
vn 0.364826 0.797120 -0.261788
vn 0.366003 0.797169 -0.259343
vn 0.366454 0.797268 -0.257821
vn 0.365582 0.797123 -0.258341
vn 0.363731 0.796618 -0.260453
vn 0.362873 0.797164 -0.259498
vn 0.363412 0.799274 -0.254225
vn 0.366857 0.799680 -0.245716
vn 0.372587 0.800053 -0.235130
vn 0.378957 0.800175 -0.224163
vn 0.383669 0.800182 -0.215582
vn 0.385215 0.800171 -0.212504
vn 0.385606 0.800153 -0.212707
vn 0.383566 0.800066 -0.217540
vn 0.381518 0.799984 -0.222116
vn 0.381106 0.800116 -0.223381
vn 0.392303 0.796804 -0.223927
vn 0.399425 0.794337 -0.215430
vn 0.405178 0.794769 -0.204357
vn 0.409735 0.795004 -0.197158
vn 0.417655 0.791779 -0.190997
vn 0.431587 0.788987 -0.182796
vn 0.440264 0.788446 -0.168262
vn 0.448613 0.788487 -0.148599
vn 0.455976 0.788412 -0.128594
vn 0.462440 0.787926 -0.112648
vn 0.465953 0.787923 -0.104217
vn 0.468079 0.787727 -0.102573
vn 0.470777 0.784580 -0.106956
vn 0.486443 0.777591 -0.114271
vn 0.487459 0.778107 -0.112465
vn 0.490986 0.778040 -0.101363
vn 0.494747 0.778364 -0.083731
vn 0.498088 0.778593 -0.062947
vn 0.500269 0.778808 -0.046816
vn 0.511295 0.772787 -0.032112
vn 0.514705 0.772111 -0.011962
vn 0.514078 0.772603 0.012896
vn 0.511830 0.773178 0.039442
vn 0.508393 0.773905 0.063364
vn 0.512568 0.769178 0.088290
vn 0.510727 0.767262 0.112762
vn 0.502555 0.768154 0.138747
vn 0.491434 0.769175 0.167140
vn 0.477868 0.769446 0.198072
vn 0.465093 0.770166 0.224076
vn 0.453675 0.771345 0.242003
vn 0.454935 0.765418 0.259371
vn 0.449092 0.765797 0.268701
vn 0.441402 0.766315 0.280526
vn 0.431101 0.767303 0.294169
vn 0.419627 0.769026 0.305426
vn 0.409988 0.769850 0.316949
vn 0.401622 0.770237 0.327040
vn 0.400686 0.763953 0.346037
vn 0.390694 0.763640 0.356823
vn 0.379093 0.764385 0.367866
vn 0.367635 0.764606 0.379187
vn 0.358601 0.765045 0.387859
vn 0.353602 0.764085 0.395691
vn 0.343637 0.764182 0.405536
vn 0.324755 0.763938 0.421752
vn 0.294815 0.763634 0.444870
vn 0.253337 0.763735 0.468371
vn 0.212228 0.763371 0.489110
vn 0.176171 0.760702 0.506040
vn 0.145636 0.761341 0.514308
vn 0.122753 0.762186 0.519213
vn 0.105185 0.762582 0.522727
vn 0.087228 0.758647 0.532662
vn 0.066122 0.759274 0.535621
vn 0.042312 0.760555 0.536299
vn 0.015403 0.760827 0.537538
vn -0.015203 0.761046 0.537259
vn -0.046382 0.761043 0.535817
vn -0.075437 0.761212 0.532348
vn -0.102282 0.759181 0.531445
vn -0.124096 0.759082 0.526837
vn -0.142923 0.759349 0.521817
vn -0.161216 0.759498 0.516382
vn -0.182112 0.759453 0.509229
vn -0.206211 0.760219 0.498486
vn -0.232992 0.761527 0.482705
vn -0.264765 0.763493 0.461750
vn -0.297968 0.765385 0.435305
vn -0.321380 0.766622 0.413475
vn -0.331439 0.767439 0.402669
vn -0.329840 0.767470 0.403833
vn -0.322550 0.767088 0.410833
vn -0.319066 0.766973 0.414198
vn -0.318970 0.767190 0.412819
vn -0.311279 0.776896 0.401763
vn -0.304033 0.781828 0.390351
vn -0.307277 0.782143 0.385424
vn -0.314054 0.782603 0.377497
vn -0.315743 0.782865 0.374562
vn -0.307894 0.782889 0.380660
vn -0.289154 0.782673 0.394787
vn -0.260231 0.782350 0.414154
vn -0.229649 0.782210 0.431160
vn -0.206812 0.782425 0.441383
vn -0.193770 0.782637 0.446330
vn -0.191657 0.782566 0.446721
vn -0.193032 0.784576 0.441890
vn -0.191564 0.784706 0.441955
vn -0.187404 0.785334 0.442565
vn -0.185233 0.785475 0.443486
vn -0.184301 0.785435 0.443988
vn -0.189638 0.785494 0.441601
vn -0.198431 0.787336 0.433850
vn -0.200146 0.787358 0.433416
vn -0.187173 0.786776 0.440987
vn -0.157245 0.786160 0.455271
vn -0.112641 0.783108 0.472807
vn -0.066906 0.779018 0.487306
vn -0.034696 0.777179 0.495471
vn -0.019934 0.776050 0.498980
vn -0.021357 0.775378 0.500447
vn -0.032471 0.774410 0.501917
vn -0.039518 0.772924 0.504624
vn -0.038803 0.771588 0.508025
vn -0.034657 0.772873 0.505853
vn -0.028886 0.772780 0.506072
vn -0.020433 0.772883 0.506262
vn -0.011777 0.772845 0.506207
vn -0.004726 0.773126 0.505786
vn -0.000483 0.773602 0.504265
vn 0.000570 0.779390 0.494324
vn 0.001037 0.779476 0.493479
vn 0.002759 0.779574 0.492459
vn 0.004149 0.779684 0.491293
vn 0.004756 0.784413 0.482554
vn 0.003779 0.784457 0.482010
vn 0.001090 0.195406 0.980722
vn -0.008160 0.197178 0.980334
vn -0.013573 0.203608 0.978958
vn -0.012217 0.203707 0.978956
vn -0.004615 0.203698 0.979023
vn 0.007060 0.203202 0.979111
vn 0.013849 0.202444 0.979196
vn 0.021694 0.213829 0.976630
vn 0.033853 0.216901 0.975606
vn 0.052779 0.217999 0.974521
vn 0.080382 0.217704 0.972699
vn 0.112450 0.215120 0.970092
vn 0.134704 0.211559 0.968038
vn 0.137509 0.199619 0.970177
vn 0.122096 0.187911 0.974568
vn 0.092237 0.181285 0.979096
vn 0.062275 0.177717 0.982109
vn 0.046986 0.174592 0.983519
vn 0.048431 0.167496 0.984682
vn 0.066862 0.157702 0.985221
vn 0.106162 0.148260 0.983234
vn 0.150899 0.138578 0.978788
vn 0.171964 0.130070 0.976479
vn 0.157536 0.121874 0.979964
vn 0.109116 0.113875 0.987485
vn 0.045807 0.106925 0.993211
vn -0.004639 0.100881 0.994888
vn -0.043947 0.095542 0.994455
vn -0.087803 0.088661 0.992184
vn -0.137963 0.083853 0.986881
vn -0.193658 0.080797 0.977736
vn -0.247365 0.078408 0.965745
vn -0.299173 0.076298 0.951144
vn -0.352097 0.074004 0.933033
vn -0.402813 0.073774 0.912304
vn -0.460915 0.070284 0.884657
vn -0.521074 0.067730 0.850820
vn -0.566538 0.067181 0.821293
vn -0.593086 0.066000 0.802429
vn -0.603195 0.064802 0.794957
vn -0.601592 0.063812 0.796251
vn -0.604298 0.062637 0.794293
vn -0.617076 0.058863 0.784699
vn -0.635761 0.057045 0.769775
vn -0.659724 0.054558 0.749525
vn -0.688034 0.052082 0.723807
vn -0.716340 0.049907 0.695964
vn -0.735345 0.048016 0.675990
vn -0.741668 0.046303 0.669167
vn -0.736451 0.044668 0.675014
vn -0.722928 0.040929 0.689710
vn -0.709860 0.038627 0.703283
vn -0.705681 0.036151 0.707607
vn -0.710064 0.033956 0.703318
vn -0.723009 0.032070 0.690094
vn -0.740468 0.030472 0.671401
vn -0.753100 0.029195 0.657258
vn -0.765691 0.028074 0.642596
vn -0.782330 0.027251 0.622267
vn -0.801743 0.026235 0.597093
vn -0.822433 0.025300 0.568299
vn -0.842318 0.024418 0.538428
vn -0.857865 0.023504 0.513338
vn -0.869416 0.022883 0.493551
vn -0.877603 0.022311 0.478869
vn -0.884062 0.021932 0.466854
vn -0.891446 0.021327 0.452626
vn -0.900223 0.020776 0.434933
vn -0.908882 0.020613 0.416543
vn -0.916776 0.020189 0.398892
vn -0.924119 0.019780 0.381592
vn -0.931566 0.019385 0.363054
vn -0.937572 0.019033 0.347269
vn -0.942392 0.018643 0.333991
vn -0.945510 0.018429 0.325071
vn -0.946632 0.018055 0.321810
vn -0.946115 0.017697 0.323347
vn -0.948717 0.017326 0.315653
vn -0.956270 0.016980 0.291994
vn -0.967817 0.016683 0.251100
vn -0.981550 0.016403 0.190502
vn -0.991911 0.016204 0.125895
vn -0.997014 0.016298 0.075484
vn -0.998887 0.016112 0.044321
vn -0.999178 0.015982 0.037255
vn -0.998863 0.015851 0.044966
vn -0.998653 0.015719 0.049455
vn -0.999020 0.015568 0.041430
vn -0.999710 0.015669 0.018308
vn -0.999713 0.015477 -0.018308
vn -0.997669 0.015310 -0.066495
vn -0.993763 0.015186 -0.110477
vn -0.989098 0.015061 -0.146485
vn -0.984500 0.015105 -0.174735
vn -0.980436 0.014955 -0.196270
vn -0.977311 0.014846 -0.211291
vn -0.973674 0.014709 -0.227470
vn -0.968644 0.014595 -0.248022
vn -0.961251 0.014546 -0.275292
vn -0.951142 0.014410 -0.308418
vn -0.937455 0.014273 -0.347813
vn -0.921148 0.014152 -0.388956
vn -0.906181 0.014072 -0.422656
vn -0.895527 0.013976 -0.444788
vn -0.889898 0.013883 -0.455949
vn -0.890492 0.013781 -0.454791
vn -0.893185 0.013639 -0.449483
vn -0.888685 0.013495 -0.458320
vn -0.873860 0.013386 -0.485993
vn -0.845931 0.013297 -0.533126
vn -0.801835 0.013220 -0.597400
vn -0.750580 0.013177 -0.660648
vn -0.710254 0.013125 -0.703823
vn -0.689329 0.013130 -0.724329
vn -0.690299 0.013230 -0.723404
vn -0.702454 0.013256 -0.711606
vn -0.708407 0.013246 -0.705680
vn -0.706081 0.013253 -0.708007
vn -0.700840 0.013272 -0.713195
vn -0.692862 0.013276 -0.720948
vn -0.682629 0.013281 -0.730644
vn -0.671670 0.013289 -0.740731
vn -0.663208 0.013475 -0.748314
vn -0.659602 0.013524 -0.751493
vn -0.661149 0.013585 -0.750132
vn -0.667267 0.013622 -0.744694
vn -0.675038 0.013669 -0.737656
vn -0.676447 0.013680 -0.736364
vn -0.668392 0.013718 -0.743682
vn -0.649117 0.013747 -0.760564
vn -0.625984 0.013996 -0.779710
vn -0.607935 0.014107 -0.793862
vn -0.588417 0.014202 -0.808433
vn -0.563903 0.014296 -0.825718
vn -0.531786 0.014378 -0.846756
vn -0.493446 0.014455 -0.869656
vn -0.455628 0.014557 -0.890051
vn -0.420762 0.014654 -0.907053
vn -0.391723 0.014782 -0.919965
vn -0.368246 0.014842 -0.929610
vn -0.344913 0.014941 -0.938516
vn -0.318651 0.015070 -0.947752
vn -0.295725 0.015314 -0.955150
vn -0.279234 0.015604 -0.960096
vn -0.267667 0.015752 -0.963383
vn -0.260304 0.015848 -0.965397
vn -0.254277 0.015987 -0.966999
vn -0.240760 0.016084 -0.970451
vn -0.219623 0.016169 -0.975451
vn -0.191973 0.016265 -0.981265
vn -0.163964 0.016389 -0.986330
vn -0.142024 0.016489 -0.989726
vn -0.118278 0.016643 -0.992841
vn -0.087337 0.016743 -0.996038
vn -0.048825 0.016869 -0.998665
vn -0.000799 0.017026 -0.999855
vn 0.048028 0.017154 -0.998699
vn 0.085750 0.017315 -0.996166
vn 0.109027 0.017431 -0.993886
vn 0.119277 0.017582 -0.992705
vn 0.128448 0.017696 -0.991558
vn 0.146069 0.017807 -0.989114
vn 0.163324 0.017897 -0.986410
vn 0.165515 0.018014 -0.986043
vn 0.154469 0.018106 -0.987832
vn 0.134974 0.018231 -0.990681
vn 0.118132 0.018324 -0.992829
vn 0.109026 0.018367 -0.993869
vn 0.105249 0.018401 -0.994276
vn 0.107913 0.018478 -0.993989
vn 0.110604 0.018545 -0.993692
vn 0.107519 0.018704 -0.994027
vn 0.107842 0.018715 -0.993992
vn 0.118131 0.018731 -0.992821
vn 0.141514 0.018730 -0.989759
vn 0.169679 0.018713 -0.985322
vn 0.193820 0.018583 -0.980861
vn 0.213976 0.018570 -0.976662
vn 0.235239 0.018710 -0.971757
vn 0.260595 0.018702 -0.965267
vn 0.290709 0.018730 -0.956628
vn 0.321270 0.018752 -0.946802
vn 0.347085 0.018787 -0.937646
vn 0.363554 0.018751 -0.931385
vn 0.368562 0.018749 -0.929414
vn 0.369885 0.018726 -0.928889
vn 0.373628 0.018706 -0.927390
vn 0.381244 0.018850 -0.924282
vn 0.391019 0.018829 -0.920190
vn 0.401484 0.018798 -0.915673
vn 0.417879 0.018761 -0.908309
vn 0.438895 0.018734 -0.898343
vn 0.452012 0.018618 -0.891817
vn 0.450335 0.018562 -0.892667
vn 0.433336 0.018567 -0.901041
vn 0.402670 0.018485 -0.915159
vn 0.369197 0.018411 -0.929169
vn 0.349981 0.018349 -0.936577
vn 0.350777 0.018540 -0.936275
vn 0.372561 0.018495 -0.927823
vn 0.406329 0.018420 -0.913541
vn 0.435271 0.018377 -0.900112
vn 0.452911 0.018280 -0.891369
vn 0.462109 0.018189 -0.886636
vn 0.462618 0.018148 -0.886372
vn 0.459562 0.018084 -0.887962
vn 0.457518 0.017999 -0.889018
vn 0.459426 0.017947 -0.888035
vn 0.465671 0.017829 -0.884778
vn 0.476826 0.017742 -0.878818
vn 0.485507 0.017880 -0.874050
vn 0.486894 0.017933 -0.873277
vn 0.494431 0.017858 -0.869033
vn 0.516668 0.017799 -0.856001
vn 0.550818 0.017759 -0.834436
vn 0.589529 0.017621 -0.807555
vn 0.620659 0.017590 -0.783883
vn 0.646473 0.017541 -0.762735
vn 0.670034 0.017481 -0.742125
vn 0.692629 0.017403 -0.721084
vn 0.723346 0.017377 -0.690267
vn 0.759861 0.017315 -0.649855
vn 0.781935 0.017241 -0.623121
vn 0.780129 0.017216 -0.625381
vn 0.755251 0.017040 -0.655214
vn 0.708854 0.017029 -0.705149
vn 0.659566 0.017014 -0.751454
vn 0.625955 0.016993 -0.779674
vn 0.610692 0.016969 -0.791686
vn 0.615368 0.017000 -0.788056
vn 0.627047 0.017002 -0.778796
vn 0.628192 0.016997 -0.777873
vn 0.628710 0.016818 -0.777458
vn 0.637972 0.016655 -0.769880
vn 0.656576 0.016748 -0.754074
vn 0.683170 0.016864 -0.730065
vn 0.709165 0.016980 -0.704838
vn 0.726715 0.017386 -0.686719
vn 0.734074 0.017576 -0.678843
vn 0.732534 0.017764 -0.680498
vn 0.726158 0.017976 -0.687293
vn 0.723256 0.018198 -0.690340
vn 0.723254 0.018382 -0.690337
vn 0.723251 0.018571 -0.690335
vn 0.723249 0.018763 -0.690333
vn 0.719557 0.018947 -0.694175
vn 0.713612 0.019124 -0.700280
vn 0.712096 0.019320 -0.701816
vn 0.719545 0.019909 -0.694160
vn 0.737035 0.019996 -0.675558
vn 0.760481 0.020082 -0.649050
vn 0.781695 0.020181 -0.623335
vn 0.796962 0.020267 -0.603689
vn 0.805343 0.020365 -0.592459
vn 0.808975 0.020451 -0.587487
vn 0.810120 0.020607 -0.585902
vn 0.813343 0.020739 -0.581415
vn 0.817573 0.020759 -0.575450
vn 0.820279 0.020789 -0.571586
vn 0.821134 0.020840 -0.570354
vn 0.819449 0.020848 -0.572773
vn 0.816027 0.020809 -0.577639
vn 0.816135 0.020895 -0.577483
vn 0.822109 0.021106 -0.568939
vn 0.833437 0.021125 -0.552211
vn 0.848569 0.021169 -0.528661
vn 0.863716 0.021215 -0.503532
vn 0.874253 0.021251 -0.485005
vn 0.878316 0.021289 -0.477607
vn 0.877722 0.021343 -0.478695
vn 0.872157 0.021376 -0.488759
vn 0.866393 0.021402 -0.498904
vn 0.865011 0.021457 -0.501294
vn 0.870406 0.021501 -0.491865
vn 0.881587 0.021183 -0.471546
vn 0.893578 0.021222 -0.448406
vn 0.902083 0.021173 -0.431044
vn 0.910337 0.020841 -0.413343
vn 0.922012 0.020859 -0.386598
vn 0.935889 0.020869 -0.351676
vn 0.951387 0.020907 -0.307288
vn 0.965100 0.020940 -0.261042
vn 0.974310 0.020993 -0.224231
vn 0.978832 0.021103 -0.203574
vn 0.980075 0.021191 -0.197496
vn 0.978836 0.020940 -0.203574
vn 0.977378 0.021000 -0.210457
vn 0.978476 0.021212 -0.205265
vn 0.983036 0.021384 -0.182164
vn 0.989320 0.021600 -0.144149
vn 0.994759 0.021805 -0.099896
vn 0.997650 0.022053 -0.064869
vn 0.999242 0.022006 -0.032115
vn 0.999711 0.022310 0.009000
vn 0.998015 0.022578 0.058789
vn 0.993249 0.022913 0.113713
vn 0.986219 0.023296 0.163795
vn 0.977148 0.023524 0.211255
vn 0.965545 0.023901 0.259137
vn 0.950266 0.024334 0.310488
vn 0.929359 0.024818 0.368342
vn 0.902249 0.025261 0.430475
vn 0.875322 0.026078 0.482836
vn 0.853679 0.026928 0.520103
vn 0.839175 0.027304 0.543175
vn 0.828501 0.027923 0.559290
vn 0.813292 0.028652 0.581149
vn 0.794095 0.029472 0.607079
vn 0.775345 0.030320 0.630810
vn 0.757666 0.031248 0.651894
vn 0.741408 0.032224 0.670280
vn 0.723691 0.032938 0.689338
vn 0.705419 0.033671 0.707990
vn 0.685347 0.034616 0.727394
vn 0.664276 0.035403 0.746648
vn 0.648750 0.036285 0.760136
vn 0.638887 0.037196 0.768401
vn 0.621767 0.038326 0.782264
vn 0.586108 0.039028 0.809292
vn 0.527408 0.039890 0.848675
vn 0.447358 0.040779 0.893425
vn 0.365295 0.042040 0.929942
vn 0.293765 0.042420 0.954936
vn 0.237544 0.043397 0.970407
vn 0.197031 0.044619 0.979381
vn 0.166619 0.045982 0.984949
vn 0.134118 0.047155 0.989843
vn 0.097163 0.048536 0.994084
vn 0.055651 0.049435 0.997226
vn 0.008018 0.049846 0.998725
vn -0.047299 0.050468 0.997605
vn -0.104455 0.051200 0.993211
vn -0.157406 0.052189 0.986154
vn -0.205267 0.053108 0.977264
vn -0.246117 0.053172 0.967781
vn -0.281371 0.053509 0.958106
vn -0.315334 0.053943 0.947446
vn -0.354992 0.054514 0.933279
vn -0.401717 0.055370 0.914088
vn -0.456487 0.056358 0.887944
vn -0.523817 0.058203 0.849840
vn -0.594948 0.060332 0.801497
vn -0.645196 0.063032 0.761413
vn -0.666806 0.066183 0.742287
vn -0.662417 0.069716 0.745884
vn -0.645330 0.073427 0.760366
vn -0.635988 0.077405 0.767807
vn -0.635259 0.081883 0.767946
vn -0.634944 0.087707 0.767564
vn -0.635504 0.089556 0.766886
vn -0.642615 0.091554 0.760699
vn -0.657346 0.093783 0.747730
vn -0.659688 0.096371 0.745335
vn -0.641502 0.098832 0.760728
vn -0.600584 0.101231 0.793127
vn -0.538471 0.103187 0.836302
vn -0.473406 0.104653 0.874605
vn -0.426984 0.105523 0.898081
vn -0.402034 0.106257 0.909438
vn -0.400178 0.106698 0.910205
vn -0.408956 0.108238 0.906112
vn -0.407932 0.110913 0.906250
vn -0.401699 0.113744 0.908680
vn -0.399310 0.116771 0.909349
vn -0.398902 0.119861 0.909126
vn -0.412686 0.123190 0.902505
vn -0.436417 0.127853 0.890615
vn -0.441623 0.134407 0.887076
vn -0.412967 0.141545 0.899680
vn -0.348308 0.148936 0.925472
vn -0.250916 0.155422 0.955450
vn -0.152475 0.161173 0.975077
vn -0.083420 0.167688 0.982304
vn -0.051091 0.173168 0.983566
vn -0.053226 0.178473 0.982504
vn -0.074704 0.184573 0.979976
vn -0.087721 0.191816 0.977503
vn -0.084783 0.200141 0.976092
vn -0.075261 0.202013 0.976487
vn -0.061672 0.204319 0.976960
vn -0.042879 0.206280 0.977553
vn -0.023895 0.207016 0.978046
vn -0.008137 0.207473 0.978207
vn 0.001630 0.204097 0.978949
vn 0.004077 0.199669 0.979855
vn 0.005167 0.198308 0.980126
vn 0.008696 0.196597 0.980446
vn 0.011690 0.194573 0.980818
vn 0.011694 0.192017 0.981322
vn 0.008167 0.193722 0.981023
vn 0.001090 0.195406 0.980722
vn -0.008160 0.197178 0.980334
vn -0.013573 0.203608 0.978958
vn -0.012217 0.203707 0.978956
vn -0.004615 0.203698 0.979023
vn 0.007060 0.203202 0.979111
vn 0.013849 0.202444 0.979196
vn 0.021694 0.213829 0.976630
vn 0.033853 0.216901 0.975606
vn 0.052779 0.217999 0.974521
vn 0.080382 0.217704 0.972699
vn 0.112450 0.215120 0.970092
vn 0.134704 0.211559 0.968038
vn 0.137509 0.199619 0.970177
vn 0.122096 0.187911 0.974568
vn 0.092237 0.181285 0.979096
vn 0.062275 0.177717 0.982109
vn 0.046986 0.174592 0.983519
vn 0.048431 0.167496 0.984682
vn 0.066862 0.157702 0.985221
vn 0.106162 0.148260 0.983234
vn 0.150899 0.138578 0.978788
vn 0.171964 0.130070 0.976479
vn 0.157536 0.121874 0.979964
vn 0.109116 0.113875 0.987485
vn 0.045807 0.106925 0.993211
vn -0.004639 0.100881 0.994888
vn -0.043947 0.095542 0.994455
vn -0.087803 0.088661 0.992184
vn -0.137963 0.083853 0.986881
vn -0.193658 0.080797 0.977736
vn -0.247365 0.078408 0.965745
vn -0.299173 0.076298 0.951144
vn -0.352097 0.074004 0.933033
vn -0.402813 0.073774 0.912304
vn -0.460915 0.070284 0.884657
vn -0.521074 0.067730 0.850820
vn -0.566538 0.067181 0.821293
vn -0.593086 0.066000 0.802429
vn -0.603195 0.064802 0.794957
vn -0.601592 0.063812 0.796251
vn -0.604298 0.062637 0.794293
vn -0.617076 0.058863 0.784699
vn -0.635761 0.057045 0.769775
vn -0.659724 0.054558 0.749525
vn -0.688034 0.052082 0.723807
vn -0.716340 0.049907 0.695964
vn -0.735345 0.048016 0.675990
vn -0.741668 0.046303 0.669167
vn -0.736451 0.044668 0.675014
vn -0.722928 0.040929 0.689710
vn -0.709860 0.038627 0.703283
vn -0.705681 0.036151 0.707607
vn -0.710064 0.033956 0.703318
vn -0.723009 0.032070 0.690094
vn -0.740468 0.030472 0.671401
vn -0.753100 0.029195 0.657258
vn -0.765691 0.028074 0.642596
vn -0.782330 0.027251 0.622267
vn -0.801743 0.026235 0.597093
vn -0.822433 0.025300 0.568299
vn -0.842318 0.024418 0.538428
vn -0.857865 0.023504 0.513338
vn -0.869416 0.022883 0.493551
vn -0.877603 0.022311 0.478869
vn -0.884062 0.021932 0.466854
vn -0.891446 0.021327 0.452626
vn -0.900223 0.020776 0.434933
vn -0.908882 0.020613 0.416543
vn -0.916776 0.020189 0.398892
vn -0.924119 0.019780 0.381592
vn -0.931566 0.019385 0.363054
vn -0.937572 0.019033 0.347269
vn -0.942392 0.018643 0.333991
vn -0.945510 0.018429 0.325071
vn -0.946632 0.018055 0.321810
vn -0.946115 0.017697 0.323347
vn -0.948717 0.017326 0.315653
vn -0.956270 0.016980 0.291994
vn -0.967817 0.016683 0.251100
vn -0.981550 0.016403 0.190502
vn -0.991911 0.016204 0.125895
vn -0.997014 0.016298 0.075484
vn -0.998887 0.016112 0.044321
vn -0.999178 0.015982 0.037255
vn -0.998863 0.015851 0.044966
vn -0.998653 0.015719 0.049455
vn -0.999020 0.015568 0.041430
vn -0.999710 0.015669 0.018308
vn -0.999713 0.015477 -0.018308
vn -0.997669 0.015310 -0.066495
vn -0.993763 0.015186 -0.110477
vn -0.989098 0.015061 -0.146485
vn -0.984500 0.015105 -0.174735
vn -0.980436 0.014955 -0.196270
vn -0.977311 0.014846 -0.211291
vn -0.973674 0.014709 -0.227470
vn -0.968644 0.014595 -0.248022
vn -0.961251 0.014546 -0.275292
vn -0.951142 0.014410 -0.308418
vn -0.937455 0.014273 -0.347813
vn -0.921148 0.014152 -0.388956
vn -0.906181 0.014072 -0.422656
vn -0.895527 0.013976 -0.444788
vn -0.889898 0.013883 -0.455949
vn -0.890492 0.013781 -0.454791
vn -0.893185 0.013639 -0.449483
vn -0.888685 0.013495 -0.458320
vn -0.873860 0.013386 -0.485993
vn -0.845931 0.013297 -0.533126
vn -0.801835 0.013220 -0.597400
vn -0.750580 0.013177 -0.660648
vn -0.710254 0.013125 -0.703823
vn -0.689329 0.013130 -0.724329
vn -0.690299 0.013230 -0.723404
vn -0.702454 0.013256 -0.711606
vn -0.708407 0.013246 -0.705680
vn -0.706081 0.013253 -0.708007
vn -0.700840 0.013272 -0.713195
vn -0.692862 0.013276 -0.720948
vn -0.682629 0.013281 -0.730644
vn -0.671670 0.013289 -0.740731
vn -0.663208 0.013475 -0.748314
vn -0.659602 0.013524 -0.751493
vn -0.661149 0.013585 -0.750132
vn -0.667267 0.013622 -0.744694
vn -0.675038 0.013669 -0.737656
vn -0.676447 0.013680 -0.736364
vn -0.668392 0.013718 -0.743682
vn -0.649117 0.013747 -0.760564
vn -0.625984 0.013996 -0.779710
vn -0.607935 0.014107 -0.793862
vn -0.588417 0.014202 -0.808433
vn -0.563903 0.014296 -0.825718
vn -0.531786 0.014378 -0.846756
vn -0.493446 0.014455 -0.869656
vn -0.455628 0.014557 -0.890051
vn -0.420762 0.014654 -0.907053
vn -0.391723 0.014782 -0.919965
vn -0.368246 0.014842 -0.929610
vn -0.344913 0.014941 -0.938516
vn -0.318651 0.015070 -0.947752
vn -0.295725 0.015314 -0.955150
vn -0.279234 0.015604 -0.960096
vn -0.267667 0.015752 -0.963383
vn -0.260304 0.015848 -0.965397
vn -0.254277 0.015987 -0.966999
vn -0.240760 0.016084 -0.970451
vn -0.219623 0.016169 -0.975451
vn -0.191973 0.016265 -0.981265
vn -0.163964 0.016389 -0.986330
vn -0.142024 0.016489 -0.989726
vn -0.118278 0.016643 -0.992841
vn -0.087337 0.016743 -0.996038
vn -0.048825 0.016869 -0.998665
vn -0.000799 0.017026 -0.999855
vn 0.048028 0.017154 -0.998699
vn 0.085750 0.017315 -0.996166
vn 0.109027 0.017431 -0.993886
vn 0.119277 0.017582 -0.992705
vn 0.128448 0.017696 -0.991558
vn 0.146069 0.017807 -0.989114
vn 0.163324 0.017897 -0.986410
vn 0.165515 0.018014 -0.986043
vn 0.154469 0.018106 -0.987832
vn 0.134974 0.018231 -0.990681
vn 0.118132 0.018324 -0.992829
vn 0.109026 0.018367 -0.993869
vn 0.105249 0.018401 -0.994276
vn 0.107913 0.018478 -0.993989
vn 0.110604 0.018545 -0.993692
vn 0.107519 0.018704 -0.994027
vn 0.107842 0.018715 -0.993992
vn 0.118131 0.018731 -0.992821
vn 0.141514 0.018730 -0.989759
vn 0.169679 0.018713 -0.985322
vn 0.193820 0.018583 -0.980861
vn 0.213976 0.018570 -0.976662
vn 0.235239 0.018710 -0.971757
vn 0.260595 0.018702 -0.965267
vn 0.290709 0.018730 -0.956628
vn 0.321270 0.018752 -0.946802
vn 0.347085 0.018787 -0.937646
vn 0.363554 0.018751 -0.931385
vn 0.368562 0.018749 -0.929414
vn 0.369885 0.018726 -0.928889
vn 0.373628 0.018706 -0.927390
vn 0.381244 0.018850 -0.924282
vn 0.391019 0.018829 -0.920190
vn 0.401484 0.018798 -0.915673
vn 0.417879 0.018761 -0.908309
vn 0.438895 0.018734 -0.898343
vn 0.452012 0.018618 -0.891817
vn 0.450335 0.018562 -0.892667
vn 0.433336 0.018567 -0.901041
vn 0.402670 0.018485 -0.915159
vn 0.369197 0.018411 -0.929169
vn 0.349981 0.018349 -0.936577
vn 0.350777 0.018540 -0.936275
vn 0.372561 0.018495 -0.927823
vn 0.406329 0.018420 -0.913541
vn 0.435271 0.018377 -0.900112
vn 0.452911 0.018280 -0.891369
vn 0.462109 0.018189 -0.886636
vn 0.462618 0.018148 -0.886372
vn 0.459562 0.018084 -0.887962
vn 0.457518 0.017999 -0.889018
vn 0.459426 0.017947 -0.888035
vn 0.465671 0.017829 -0.884778
vn 0.476826 0.017742 -0.878818
vn 0.485507 0.017880 -0.874050
vn 0.486894 0.017933 -0.873277
vn 0.494431 0.017858 -0.869033
vn 0.516668 0.017799 -0.856001
vn 0.550818 0.017759 -0.834436
vn 0.589529 0.017621 -0.807555
vn 0.620659 0.017590 -0.783883
vn 0.646473 0.017541 -0.762735
vn 0.670034 0.017481 -0.742125
vn 0.692629 0.017403 -0.721084
vn 0.723346 0.017377 -0.690267
vn 0.759861 0.017315 -0.649855
vn 0.781935 0.017241 -0.623121
vn 0.780129 0.017216 -0.625381
vn 0.755251 0.017040 -0.655214
vn 0.708854 0.017029 -0.705149
vn 0.659566 0.017014 -0.751454
vn 0.625955 0.016993 -0.779674
vn 0.610692 0.016969 -0.791686
vn 0.615368 0.017000 -0.788056
vn 0.627047 0.017002 -0.778796
vn 0.628192 0.016997 -0.777873
vn 0.628710 0.016818 -0.777458
vn 0.637972 0.016655 -0.769880
vn 0.656576 0.016748 -0.754074
vn 0.683170 0.016864 -0.730065
vn 0.709165 0.016980 -0.704838
vn 0.726715 0.017386 -0.686719
vn 0.734074 0.017576 -0.678843
vn 0.732534 0.017764 -0.680498
vn 0.726158 0.017976 -0.687293
vn 0.723256 0.018198 -0.690340
vn 0.723254 0.018382 -0.690337
vn 0.723251 0.018571 -0.690335
vn 0.723249 0.018763 -0.690333
vn 0.719557 0.018947 -0.694175
vn 0.713612 0.019124 -0.700280
vn 0.712096 0.019320 -0.701816
vn 0.719545 0.019909 -0.694160
vn 0.737035 0.019996 -0.675558
vn 0.760481 0.020082 -0.649050
vn 0.781695 0.020181 -0.623335
vn 0.796962 0.020267 -0.603689
vn 0.805343 0.020365 -0.592459
vn 0.808975 0.020451 -0.587487
vn 0.810120 0.020607 -0.585902
vn 0.813343 0.020739 -0.581415
vn 0.817573 0.020759 -0.575450
vn 0.820279 0.020789 -0.571586
vn 0.821134 0.020840 -0.570354
vn 0.819449 0.020848 -0.572773
vn 0.816027 0.020809 -0.577639
vn 0.816135 0.020895 -0.577483
vn 0.822109 0.021106 -0.568939
vn 0.833437 0.021125 -0.552211
vn 0.848569 0.021169 -0.528661
vn 0.863716 0.021215 -0.503532
vn 0.874253 0.021251 -0.485005
vn 0.878316 0.021289 -0.477607
vn 0.877722 0.021343 -0.478695
vn 0.872157 0.021376 -0.488759
vn 0.866393 0.021402 -0.498904
vn 0.865011 0.021457 -0.501294
vn 0.870406 0.021501 -0.491865
vn 0.881587 0.021183 -0.471546
vn 0.893578 0.021222 -0.448406
vn 0.902083 0.021173 -0.431044
vn 0.910337 0.020841 -0.413343
vn 0.922012 0.020859 -0.386598
vn 0.935889 0.020869 -0.351676
vn 0.951387 0.020907 -0.307288
vn 0.965100 0.020940 -0.261042
vn 0.974310 0.020993 -0.224231
vn 0.978832 0.021103 -0.203574
vn 0.980075 0.021191 -0.197496
vn 0.978836 0.020940 -0.203574
vn 0.977378 0.021000 -0.210457
vn 0.978476 0.021212 -0.205265
vn 0.983036 0.021384 -0.182164
vn 0.989320 0.021600 -0.144149
vn 0.994759 0.021805 -0.099896
vn 0.997650 0.022053 -0.064869
vn 0.999242 0.022006 -0.032115
vn 0.999711 0.022310 0.009000
vn 0.998015 0.022578 0.058789
vn 0.993249 0.022913 0.113713
vn 0.986219 0.023296 0.163795
vn 0.977148 0.023524 0.211255
vn 0.965545 0.023901 0.259137
vn 0.950266 0.024334 0.310488
vn 0.929359 0.024818 0.368342
vn 0.902249 0.025261 0.430475
vn 0.875322 0.026078 0.482836
vn 0.853679 0.026928 0.520103
vn 0.839175 0.027304 0.543175
vn 0.828501 0.027923 0.559290
vn 0.813292 0.028652 0.581149
vn 0.794095 0.029472 0.607079
vn 0.775345 0.030320 0.630810
vn 0.757666 0.031248 0.651894
vn 0.741408 0.032224 0.670280
vn 0.723691 0.032938 0.689338
vn 0.705419 0.033671 0.707990
vn 0.685347 0.034616 0.727394
vn 0.664276 0.035403 0.746648
vn 0.648750 0.036285 0.760136
vn 0.638887 0.037196 0.768401
vn 0.621767 0.038326 0.782264
vn 0.586108 0.039028 0.809292
vn 0.527408 0.039890 0.848675
vn 0.447358 0.040779 0.893425
vn 0.365295 0.042040 0.929942
vn 0.293765 0.042420 0.954936
vn 0.237544 0.043397 0.970407
vn 0.197031 0.044619 0.979381
vn 0.166619 0.045982 0.984949
vn 0.134118 0.047155 0.989843
vn 0.097163 0.048536 0.994084
vn 0.055651 0.049435 0.997226
vn 0.008018 0.049846 0.998725
vn -0.047299 0.050468 0.997605
vn -0.104455 0.051200 0.993211
vn -0.157406 0.052189 0.986154
vn -0.205267 0.053108 0.977264
vn -0.246117 0.053172 0.967781
vn -0.281371 0.053509 0.958106
vn -0.315334 0.053943 0.947446
vn -0.354992 0.054514 0.933279
vn -0.401717 0.055370 0.914088
vn -0.456487 0.056358 0.887944
vn -0.523817 0.058203 0.849840
vn -0.594948 0.060332 0.801497
vn -0.645196 0.063032 0.761413
vn -0.666806 0.066183 0.742287
vn -0.662417 0.069716 0.745884
vn -0.645330 0.073427 0.760366
vn -0.635988 0.077405 0.767807
vn -0.635259 0.081883 0.767946
vn -0.634944 0.087707 0.767564
vn -0.635504 0.089556 0.766886
vn -0.642615 0.091554 0.760699
vn -0.657346 0.093783 0.747730
vn -0.659688 0.096371 0.745335
vn -0.641502 0.098832 0.760728
vn -0.600584 0.101231 0.793127
vn -0.538471 0.103187 0.836302
vn -0.473406 0.104653 0.874605
vn -0.426984 0.105523 0.898081
vn -0.402034 0.106257 0.909438
vn -0.400178 0.106698 0.910205
vn -0.408956 0.108238 0.906112
vn -0.407932 0.110913 0.906250
vn -0.401699 0.113744 0.908680
vn -0.399310 0.116771 0.909349
vn -0.398902 0.119861 0.909126
vn -0.412686 0.123190 0.902505
vn -0.436417 0.127853 0.890615
vn -0.441623 0.134407 0.887076
vn -0.412967 0.141545 0.899680
vn -0.348308 0.148936 0.925472
vn -0.250916 0.155422 0.955450
vn -0.152475 0.161173 0.975077
vn -0.083420 0.167688 0.982304
vn -0.051091 0.173168 0.983566
vn -0.053226 0.178473 0.982504
vn -0.074704 0.184573 0.979976
vn -0.087721 0.191816 0.977503
vn -0.084783 0.200141 0.976092
vn -0.075261 0.202013 0.976487
vn -0.061672 0.204319 0.976960
vn -0.042879 0.206280 0.977553
vn -0.023895 0.207016 0.978046
vn -0.008137 0.207473 0.978207
vn 0.001630 0.204097 0.978949
vn 0.004077 0.199669 0.979855
vn 0.005167 0.198308 0.980126
vn 0.008696 0.196597 0.980446
vn 0.011690 0.194573 0.980818
vn 0.011694 0.192017 0.981322
vn 0.008167 0.193722 0.981023
vn 0.001062 0.493623 0.869675
vn -0.007333 0.497573 0.867391
vn -0.011553 0.519957 0.854114
vn -0.010867 0.520172 0.853992
vn -0.003650 0.520174 0.854053
vn 0.006180 0.519059 0.854716
vn 0.012096 0.517341 0.855694
vn 0.018443 0.543551 0.839174
vn 0.028576 0.563310 0.825751
vn 0.044638 0.565457 0.823569
vn 0.067978 0.564744 0.822462
vn 0.095524 0.559416 0.823364
vn 0.114631 0.551199 0.826462
vn 0.119037 0.530205 0.839472
vn 0.107658 0.503316 0.857369
vn 0.082312 0.482292 0.872135
vn 0.056132 0.466311 0.882838
vn 0.042518 0.453438 0.890273
vn 0.044378 0.434263 0.899692
vn 0.062440 0.404820 0.912262
vn 0.099857 0.378993 0.919996
vn 0.141974 0.355867 0.923689
vn 0.163748 0.334502 0.928060
vn 0.150644 0.315215 0.936988
vn 0.104997 0.295219 0.949643
vn 0.044526 0.278708 0.959343
vn -0.004122 0.263731 0.964587
vn -0.043030 0.250748 0.967096
vn -0.085440 0.238205 0.967449
vn -0.134928 0.225680 0.964812
vn -0.189503 0.218087 0.957354
vn -0.242352 0.212056 0.946730
vn -0.293617 0.207816 0.933060
vn -0.345090 0.205889 0.915709
vn -0.395575 0.204948 0.895275
vn -0.452771 0.199974 0.868912
vn -0.512139 0.192236 0.837114
vn -0.558302 0.186177 0.808479
vn -0.584437 0.182291 0.790698
vn -0.594318 0.179164 0.784019
vn -0.593816 0.176085 0.785096
vn -0.596280 0.173423 0.783820
vn -0.609446 0.167230 0.774990
vn -0.628730 0.160328 0.760916
vn -0.652758 0.152986 0.741958
vn -0.681480 0.146510 0.717021
vn -0.710435 0.140589 0.689578
vn -0.729641 0.135461 0.670280
vn -0.736633 0.130684 0.663546
vn -0.731137 0.126180 0.670460
vn -0.718344 0.119587 0.685333
vn -0.705866 0.112081 0.699422
vn -0.702291 0.104940 0.704113
vn -0.707105 0.098650 0.700194
vn -0.720009 0.093370 0.687654
vn -0.737718 0.088917 0.669228
vn -0.750502 0.085303 0.655340
vn -0.763438 0.082187 0.640631
vn -0.780246 0.079297 0.620426
vn -0.799770 0.076476 0.595415
vn -0.820813 0.073963 0.566387
vn -0.840387 0.071725 0.537220
vn -0.855899 0.069785 0.512413
vn -0.867814 0.067975 0.492218
vn -0.875604 0.066382 0.478447
vn -0.882181 0.064687 0.466447
vn -0.890204 0.062939 0.451194
vn -0.898750 0.061404 0.434141
vn -0.907417 0.060011 0.415924
vn -0.915338 0.058887 0.398357
vn -0.923033 0.057749 0.380363
vn -0.930100 0.056703 0.362903
vn -0.936493 0.055522 0.346262
vn -0.941064 0.054400 0.333826
vn -0.944488 0.053266 0.324199
vn -0.945361 0.052174 0.321825
vn -0.945031 0.051109 0.322962
vn -0.947536 0.050127 0.315693
vn -0.955024 0.049225 0.292413
vn -0.967000 0.048423 0.250133
vn -0.980372 0.047796 0.191274
vn -0.990918 0.047325 0.125863
vn -0.996064 0.046772 0.075291
vn -0.997956 0.046308 0.044048
vn -0.998241 0.045926 0.037504
vn -0.997956 0.045559 0.044812
vn -0.997736 0.045167 0.049834
vn -0.998181 0.044757 0.040396
vn -0.998853 0.044244 0.018294
vn -0.998868 0.043771 -0.018598
vn -0.996875 0.043370 -0.066030
vn -0.992909 0.043079 -0.110798
vn -0.988309 0.042785 -0.146337
vn -0.983756 0.042473 -0.174416
vn -0.979859 0.042077 -0.195209
vn -0.976602 0.041768 -0.210959
vn -0.973036 0.041427 -0.226905
vn -0.967943 0.041134 -0.247779
vn -0.960399 0.040826 -0.275619
vn -0.950645 0.040480 -0.307628
vn -0.936769 0.040216 -0.347629
vn -0.920391 0.039933 -0.388955
vn -0.905631 0.039684 -0.422205
vn -0.895026 0.039392 -0.444271
vn -0.889215 0.039168 -0.455809
vn -0.890294 0.038883 -0.453723
vn -0.892553 0.038602 -0.449287
vn -0.887901 0.038336 -0.458435
vn -0.873326 0.038066 -0.485646
vn -0.845259 0.037854 -0.533014
vn -0.801287 0.037674 -0.597093
vn -0.750196 0.037569 -0.660147
vn -0.709883 0.037466 -0.703322
vn -0.688750 0.037476 -0.724030
vn -0.689643 0.037471 -0.723180
vn -0.702097 0.037482 -0.711095
vn -0.707905 0.037494 -0.705312
vn -0.705693 0.037536 -0.707523
vn -0.700637 0.037568 -0.712528
vn -0.692943 0.037571 -0.720013
vn -0.682193 0.037620 -0.730204
vn -0.671350 0.037635 -0.740185
vn -0.663020 0.037713 -0.747651
vn -0.659143 0.037860 -0.751064
vn -0.660813 0.037940 -0.749591
vn -0.666760 0.038070 -0.744300
vn -0.674756 0.038168 -0.737053
vn -0.676066 0.038237 -0.735849
vn -0.668247 0.038320 -0.742952
vn -0.648904 0.038398 -0.759901
vn -0.625643 0.038525 -0.779158
vn -0.607526 0.038695 -0.793357
vn -0.588074 0.038929 -0.807870
vn -0.563317 0.039117 -0.825315
vn -0.531246 0.039321 -0.846305
vn -0.493459 0.039515 -0.868871
vn -0.455440 0.039747 -0.889379
vn -0.420251 0.039986 -0.906527
vn -0.391263 0.040260 -0.919398
vn -0.367929 0.040471 -0.928973
vn -0.344542 0.040738 -0.937886
vn -0.318726 0.041024 -0.946959
vn -0.295077 0.041312 -0.954580
vn -0.279255 0.041629 -0.959314
vn -0.267676 0.041952 -0.962595
vn -0.259926 0.042261 -0.964703
vn -0.254245 0.042545 -0.966204
vn -0.240339 0.042838 -0.969743
vn -0.219569 0.043099 -0.974644
vn -0.191473 0.043373 -0.980539
vn -0.163897 0.043625 -0.985512
vn -0.141456 0.043917 -0.988970
vn -0.117811 0.044186 -0.992053
vn -0.087202 0.044512 -0.995196
vn -0.048709 0.044826 -0.997807
vn -0.000686 0.045137 -0.998981
vn 0.048100 0.045462 -0.997807
vn 0.085911 0.045812 -0.995249
vn 0.109159 0.046187 -0.992951
vn 0.119361 0.046599 -0.991757
vn 0.128533 0.046901 -0.990596
vn 0.145841 0.047157 -0.988184
vn 0.162805 0.047436 -0.985517
vn 0.165299 0.047716 -0.985089
vn 0.154288 0.047975 -0.986861
vn 0.135331 0.048251 -0.989625
vn 0.118239 0.048494 -0.991800
vn 0.109146 0.048659 -0.992834
vn 0.105357 0.048842 -0.993234
vn 0.108014 0.048950 -0.992943
vn 0.110365 0.049110 -0.992677
vn 0.107237 0.049322 -0.993009
vn 0.107705 0.049400 -0.992955
vn 0.118308 0.049403 -0.991747
vn 0.141473 0.049433 -0.988707
vn 0.169608 0.049554 -0.984265
vn 0.193206 0.049714 -0.979898
vn 0.213312 0.049877 -0.975710
vn 0.235343 0.049793 -0.970636
vn 0.260262 0.049840 -0.964251
vn 0.290232 0.049876 -0.955656
vn 0.320651 0.049949 -0.945880
vn 0.346890 0.050005 -0.936572
vn 0.362830 0.050088 -0.930508
vn 0.368429 0.050088 -0.928306
vn 0.369520 0.049997 -0.927877
vn 0.373474 0.049967 -0.926294
vn 0.380985 0.049913 -0.923233
vn 0.390640 0.049941 -0.919188
vn 0.400877 0.049988 -0.914767
vn 0.417648 0.049854 -0.907240
vn 0.438409 0.049789 -0.897395
vn 0.451528 0.049767 -0.890868
vn 0.449217 0.049763 -0.892036
vn 0.432890 0.049717 -0.900075
vn 0.402297 0.049701 -0.914159
vn 0.368885 0.049480 -0.928157
vn 0.349846 0.049266 -0.935511
vn 0.350198 0.049138 -0.935386
vn 0.371745 0.049007 -0.927041
vn 0.406100 0.048841 -0.912522
vn 0.434451 0.048799 -0.899373
vn 0.452583 0.048657 -0.890394
vn 0.461314 0.048474 -0.885912
vn 0.462354 0.048274 -0.885380
vn 0.459337 0.048104 -0.886959
vn 0.456857 0.047953 -0.888247
vn 0.458488 0.047851 -0.887412
vn 0.465082 0.047664 -0.883983
vn 0.476277 0.047449 -0.878014
vn 0.484900 0.047239 -0.873293
vn 0.486697 0.047071 -0.872302
vn 0.493941 0.046953 -0.868227
vn 0.515610 0.046847 -0.855542
vn 0.549990 0.046707 -0.833864
vn 0.589202 0.046534 -0.806644
vn 0.620222 0.046395 -0.783053
vn 0.645759 0.046261 -0.762138
vn 0.669582 0.046112 -0.741305
vn 0.691650 0.045973 -0.720768
vn 0.722902 0.045832 -0.689429
vn 0.758880 0.045773 -0.649620
vn 0.780930 0.045666 -0.622946
vn 0.779538 0.045541 -0.624697
vn 0.754355 0.045495 -0.654888
vn 0.708395 0.045453 -0.704351
vn 0.658934 0.045456 -0.750826
vn 0.625342 0.045379 -0.779030
vn 0.609796 0.045277 -0.791264
vn 0.614615 0.045199 -0.787531
vn 0.626332 0.045167 -0.778246
vn 0.627340 0.045179 -0.777434
vn 0.627990 0.045179 -0.776909
vn 0.637123 0.045399 -0.769424
vn 0.656330 0.045594 -0.753095
vn 0.682455 0.045869 -0.729487
vn 0.708254 0.046182 -0.704445
vn 0.726076 0.046542 -0.686038
vn 0.732707 0.047091 -0.678913
vn 0.731517 0.047605 -0.680159
vn 0.725528 0.048120 -0.686508
vn 0.722237 0.048624 -0.689934
vn 0.722296 0.049110 -0.689839
vn 0.722278 0.049612 -0.689821
vn 0.722295 0.050129 -0.689766
vn 0.719191 0.050601 -0.692967
vn 0.712889 0.051173 -0.699407
vn 0.711324 0.051674 -0.700962
vn 0.719138 0.052051 -0.692915
vn 0.736018 0.052318 -0.674937
vn 0.759412 0.052512 -0.648487
vn 0.781341 0.052737 -0.621872
vn 0.796236 0.052964 -0.602663
vn 0.804242 0.053262 -0.591911
vn 0.808165 0.053479 -0.586523
vn 0.809225 0.053730 -0.585037
vn 0.812274 0.053763 -0.580793
vn 0.816728 0.053861 -0.574504
vn 0.819341 0.053929 -0.570764
vn 0.819702 0.054034 -0.570235
vn 0.817956 0.054107 -0.572730
vn 0.814957 0.054183 -0.576983
vn 0.815299 0.054270 -0.576491
vn 0.821158 0.054291 -0.568113
vn 0.832174 0.054416 -0.551838
vn 0.847661 0.054492 -0.527732
vn 0.863022 0.054576 -0.502210
vn 0.872817 0.054676 -0.484975
vn 0.877443 0.054785 -0.476542
vn 0.876297 0.054899 -0.478633
vn 0.870792 0.055007 -0.488564
vn 0.865080 0.055100 -0.498599
vn 0.864177 0.055184 -0.500152
vn 0.869357 0.055352 -0.491074
vn 0.880418 0.055352 -0.470957
vn 0.892170 0.055377 -0.448293
vn 0.900918 0.055236 -0.430459
vn 0.909087 0.055274 -0.412924
vn 0.920761 0.055284 -0.386190
vn 0.934745 0.055329 -0.350986
vn 0.950097 0.055385 -0.307000
vn 0.964073 0.055480 -0.259777
vn 0.972962 0.055675 -0.224155
vn 0.977532 0.055921 -0.203232
vn 0.978736 0.056164 -0.197287
vn 0.977467 0.056506 -0.203386
vn 0.975866 0.057056 -0.210784
vn 0.977148 0.057503 -0.204634
vn 0.981474 0.057966 -0.182618
vn 0.987907 0.058443 -0.143610
vn 0.993247 0.058952 -0.099926
vn 0.996144 0.059553 -0.064430
vn 0.997667 0.060470 -0.031674
vn 0.998082 0.061164 0.009593
vn 0.996363 0.061818 0.058649
vn 0.991568 0.062639 0.113439
vn 0.984361 0.063522 0.164314
vn 0.975368 0.064829 0.210844
vn 0.963489 0.066151 0.259448
vn 0.948494 0.067180 0.309591
vn 0.927392 0.068364 0.367791
vn 0.900531 0.069681 0.429172
vn 0.873710 0.071606 0.481149
vn 0.851777 0.073718 0.518692
vn 0.837094 0.075827 0.541779
vn 0.826445 0.077502 0.557658
vn 0.811136 0.079370 0.579447
vn 0.792134 0.081367 0.604899
vn 0.773014 0.083488 0.628872
vn 0.755619 0.085808 0.649367
vn 0.738454 0.088470 0.668476
vn 0.720887 0.091390 0.687000
vn 0.702581 0.093837 0.705390
vn 0.682822 0.096292 0.724212
vn 0.661397 0.098499 0.743540
vn 0.645956 0.100809 0.756689
vn 0.635713 0.103540 0.764950
vn 0.618664 0.106563 0.778395
vn 0.582898 0.108666 0.805246
vn 0.524167 0.110854 0.844370
vn 0.445173 0.113489 0.888224
vn 0.362485 0.116685 0.924656
vn 0.292084 0.118933 0.948969
vn 0.235711 0.121523 0.964195
vn 0.195635 0.124642 0.972724
vn 0.165369 0.128408 0.977837
vn 0.133074 0.132774 0.982172
vn 0.096165 0.136295 0.985990
vn 0.055087 0.138461 0.988835
vn 0.007935 0.139506 0.990189
vn -0.046500 0.141216 0.988886
vn -0.103354 0.143194 0.984283
vn -0.155780 0.145995 0.976943
vn -0.203269 0.149139 0.967698
vn -0.243716 0.149387 0.958272
vn -0.278815 0.150103 0.948542
vn -0.312070 0.151239 0.937944
vn -0.351397 0.152971 0.923645
vn -0.397794 0.155213 0.904251
vn -0.451685 0.158163 0.878046
vn -0.518003 0.161874 0.839923
vn -0.587822 0.166864 0.791594
vn -0.636946 0.173833 0.751054
vn -0.657351 0.182074 0.731258
vn -0.651975 0.191634 0.733625
vn -0.633832 0.201941 0.746644
vn -0.623617 0.212737 0.752227
vn -0.621081 0.224750 0.750830
vn -0.620042 0.232494 0.749329
vn -0.619522 0.237563 0.748169
vn -0.625801 0.242732 0.741252
vn -0.639325 0.248267 0.727755
vn -0.640681 0.254790 0.724299
vn -0.622333 0.261149 0.737904
vn -0.582094 0.267559 0.767841
vn -0.520589 0.272954 0.809001
vn -0.457363 0.276867 0.845082
vn -0.412491 0.278918 0.867212
vn -0.387976 0.280632 0.877907
vn -0.385913 0.281913 0.878406
vn -0.394548 0.284568 0.873701
vn -0.392831 0.291401 0.872221
vn -0.385843 0.298084 0.873081
vn -0.382829 0.305357 0.871894
vn -0.381525 0.313104 0.869715
vn -0.393723 0.321218 0.861279
vn -0.414693 0.331319 0.847501
vn -0.417875 0.347310 0.839498
vn -0.387897 0.365279 0.846231
vn -0.325414 0.383468 0.864325
vn -0.232447 0.404542 0.884485
vn -0.139795 0.425309 0.894186
vn -0.076132 0.441507 0.894022
vn -0.046130 0.454771 0.889413
vn -0.047945 0.467286 0.882805
vn -0.066411 0.481551 0.873898
vn -0.077240 0.498588 0.863391
vn -0.074198 0.517009 0.852758
vn -0.066106 0.520314 0.851413
vn -0.053455 0.525869 0.848885
vn -0.037247 0.529945 0.847214
vn -0.020592 0.531833 0.846599
vn -0.007073 0.532105 0.846649
vn 0.001039 0.524632 0.851328
vn 0.003681 0.508187 0.861239
vn 0.004661 0.505130 0.863031
vn 0.007476 0.501286 0.865249
vn 0.010067 0.496716 0.867855
vn 0.010217 0.486006 0.873896
vn 0.007451 0.489845 0.871778
vn 0.001062 0.493623 0.869675
vn -0.007333 0.497573 0.867391
vn -0.011553 0.519957 0.854114
vn -0.010867 0.520172 0.853992
vn -0.003650 0.520174 0.854053
vn 0.006180 0.519059 0.854716
vn 0.012096 0.517341 0.855694
vn 0.018443 0.543551 0.839174
vn 0.028576 0.563310 0.825751
vn 0.044638 0.565457 0.823569
vn 0.067978 0.564744 0.822462
vn 0.095524 0.559416 0.823364
vn 0.114631 0.551199 0.826462
vn 0.119037 0.530205 0.839472
vn 0.107658 0.503316 0.857369
vn 0.082312 0.482292 0.872135
vn 0.056132 0.466311 0.882838
vn 0.042518 0.453438 0.890273
vn 0.044378 0.434263 0.899692
vn 0.062440 0.404820 0.912262
vn 0.099857 0.378993 0.919996
vn 0.141974 0.355867 0.923689
vn 0.163748 0.334502 0.928060
vn 0.150644 0.315215 0.936988
vn 0.104997 0.295219 0.949643
vn 0.044526 0.278708 0.959343
vn -0.004122 0.263731 0.964587
vn -0.043030 0.250748 0.967096
vn -0.085440 0.238205 0.967449
vn -0.134928 0.225680 0.964812
vn -0.189503 0.218087 0.957354
vn -0.242352 0.212056 0.946730
vn -0.293617 0.207816 0.933060
vn -0.345090 0.205889 0.915709
vn -0.395575 0.204948 0.895275
vn -0.452771 0.199974 0.868912
vn -0.512139 0.192236 0.837114
vn -0.558302 0.186177 0.808479
vn -0.584437 0.182291 0.790698
vn -0.594318 0.179164 0.784019
vn -0.593816 0.176085 0.785096
vn -0.596280 0.173423 0.783820
vn -0.609446 0.167230 0.774990
vn -0.628730 0.160328 0.760916
vn -0.652758 0.152986 0.741958
vn -0.681480 0.146510 0.717021
vn -0.710435 0.140589 0.689578
vn -0.729641 0.135461 0.670280
vn -0.736633 0.130684 0.663546
vn -0.731137 0.126180 0.670460
vn -0.718344 0.119587 0.685333
vn -0.705866 0.112081 0.699422
vn -0.702291 0.104940 0.704113
vn -0.707105 0.098650 0.700194
vn -0.720009 0.093370 0.687654
vn -0.737718 0.088917 0.669228
vn -0.750502 0.085303 0.655340
vn -0.763438 0.082187 0.640631
vn -0.780246 0.079297 0.620426
vn -0.799770 0.076476 0.595415
vn -0.820813 0.073963 0.566387
vn -0.840387 0.071725 0.537220
vn -0.855899 0.069785 0.512413
vn -0.867814 0.067975 0.492218
vn -0.875604 0.066382 0.478447
vn -0.882181 0.064687 0.466447
vn -0.890204 0.062939 0.451194
vn -0.898750 0.061404 0.434141
vn -0.907417 0.060011 0.415924
vn -0.915338 0.058887 0.398357
vn -0.923033 0.057749 0.380363
vn -0.930100 0.056703 0.362903
vn -0.936493 0.055522 0.346262
vn -0.941064 0.054400 0.333826
vn -0.944488 0.053266 0.324199
vn -0.945361 0.052174 0.321825
vn -0.945031 0.051109 0.322962
vn -0.947536 0.050127 0.315693
vn -0.955024 0.049225 0.292413
vn -0.967000 0.048423 0.250133
vn -0.980372 0.047796 0.191274
vn -0.990918 0.047325 0.125863
vn -0.996064 0.046772 0.075291
vn -0.997956 0.046308 0.044048
vn -0.998241 0.045926 0.037504
vn -0.997956 0.045559 0.044812
vn -0.997736 0.045167 0.049834
vn -0.998181 0.044757 0.040396
vn -0.998853 0.044244 0.018294
vn -0.998868 0.043771 -0.018598
vn -0.996875 0.043370 -0.066030
vn -0.992909 0.043079 -0.110798
vn -0.988309 0.042785 -0.146337
vn -0.983756 0.042473 -0.174416
vn -0.979859 0.042077 -0.195209
vn -0.976602 0.041768 -0.210959
vn -0.973036 0.041427 -0.226905
vn -0.967943 0.041134 -0.247779
vn -0.960399 0.040826 -0.275619
vn -0.950645 0.040480 -0.307628
vn -0.936769 0.040216 -0.347629
vn -0.920391 0.039933 -0.388955
vn -0.905631 0.039684 -0.422205
vn -0.895026 0.039392 -0.444271
vn -0.889215 0.039168 -0.455809
vn -0.890294 0.038883 -0.453723
vn -0.892553 0.038602 -0.449287
vn -0.887901 0.038336 -0.458435
vn -0.873326 0.038066 -0.485646
vn -0.845259 0.037854 -0.533014
vn -0.801287 0.037674 -0.597093
vn -0.750196 0.037569 -0.660147
vn -0.709883 0.037466 -0.703322
vn -0.688750 0.037476 -0.724030
vn -0.689643 0.037471 -0.723180
vn -0.702097 0.037482 -0.711095
vn -0.707905 0.037494 -0.705312
vn -0.705693 0.037536 -0.707523
vn -0.700637 0.037568 -0.712528
vn -0.692943 0.037571 -0.720013
vn -0.682193 0.037620 -0.730204
vn -0.671350 0.037635 -0.740185
vn -0.663020 0.037713 -0.747651
vn -0.659143 0.037860 -0.751064
vn -0.660813 0.037940 -0.749591
vn -0.666760 0.038070 -0.744300
vn -0.674756 0.038168 -0.737053
vn -0.676066 0.038237 -0.735849
vn -0.668247 0.038320 -0.742952
vn -0.648904 0.038398 -0.759901
vn -0.625643 0.038525 -0.779158
vn -0.607526 0.038695 -0.793357
vn -0.588074 0.038929 -0.807870
vn -0.563317 0.039117 -0.825315
vn -0.531246 0.039321 -0.846305
vn -0.493459 0.039515 -0.868871
vn -0.455440 0.039747 -0.889379
vn -0.420251 0.039986 -0.906527
vn -0.391263 0.040260 -0.919398
vn -0.367929 0.040471 -0.928973
vn -0.344542 0.040738 -0.937886
vn -0.318726 0.041024 -0.946959
vn -0.295077 0.041312 -0.954580
vn -0.279255 0.041629 -0.959314
vn -0.267676 0.041952 -0.962595
vn -0.259926 0.042261 -0.964703
vn -0.254245 0.042545 -0.966204
vn -0.240339 0.042838 -0.969743
vn -0.219569 0.043099 -0.974644
vn -0.191473 0.043373 -0.980539
vn -0.163897 0.043625 -0.985512
vn -0.141456 0.043917 -0.988970
vn -0.117811 0.044186 -0.992053
vn -0.087202 0.044512 -0.995196
vn -0.048709 0.044826 -0.997807
vn -0.000686 0.045137 -0.998981
vn 0.048100 0.045462 -0.997807
vn 0.085911 0.045812 -0.995249
vn 0.109159 0.046187 -0.992951
vn 0.119361 0.046599 -0.991757
vn 0.128533 0.046901 -0.990596
vn 0.145841 0.047157 -0.988184
vn 0.162805 0.047436 -0.985517
vn 0.165299 0.047716 -0.985089
vn 0.154288 0.047975 -0.986861
vn 0.135331 0.048251 -0.989625
vn 0.118239 0.048494 -0.991800
vn 0.109146 0.048659 -0.992834
vn 0.105357 0.048842 -0.993234
vn 0.108014 0.048950 -0.992943
vn 0.110365 0.049110 -0.992677
vn 0.107237 0.049322 -0.993009
vn 0.107705 0.049400 -0.992955
vn 0.118308 0.049403 -0.991747
vn 0.141473 0.049433 -0.988707
vn 0.169608 0.049554 -0.984265
vn 0.193206 0.049714 -0.979898
vn 0.213312 0.049877 -0.975710
vn 0.235343 0.049793 -0.970636
vn 0.260262 0.049840 -0.964251
vn 0.290232 0.049876 -0.955656
vn 0.320651 0.049949 -0.945880
vn 0.346890 0.050005 -0.936572
vn 0.362830 0.050088 -0.930508
vn 0.368429 0.050088 -0.928306
vn 0.369520 0.049997 -0.927877
vn 0.373474 0.049967 -0.926294
vn 0.380985 0.049913 -0.923233
vn 0.390640 0.049941 -0.919188
vn 0.400877 0.049988 -0.914767
vn 0.417648 0.049854 -0.907240
vn 0.438409 0.049789 -0.897395
vn 0.451528 0.049767 -0.890868
vn 0.449217 0.049763 -0.892036
vn 0.432890 0.049717 -0.900075
vn 0.402297 0.049701 -0.914159
vn 0.368885 0.049480 -0.928157
vn 0.349846 0.049266 -0.935511
vn 0.350198 0.049138 -0.935386
vn 0.371745 0.049007 -0.927041
vn 0.406100 0.048841 -0.912522
vn 0.434451 0.048799 -0.899373
vn 0.452583 0.048657 -0.890394
vn 0.461314 0.048474 -0.885912
vn 0.462354 0.048274 -0.885380
vn 0.459337 0.048104 -0.886959
vn 0.456857 0.047953 -0.888247
vn 0.458488 0.047851 -0.887412
vn 0.465082 0.047664 -0.883983
vn 0.476277 0.047449 -0.878014
vn 0.484900 0.047239 -0.873293
vn 0.486697 0.047071 -0.872302
vn 0.493941 0.046953 -0.868227
vn 0.515610 0.046847 -0.855542
vn 0.549990 0.046707 -0.833864
vn 0.589202 0.046534 -0.806644
vn 0.620222 0.046395 -0.783053
vn 0.645759 0.046261 -0.762138
vn 0.669582 0.046112 -0.741305
vn 0.691650 0.045973 -0.720768
vn 0.722902 0.045832 -0.689429
vn 0.758880 0.045773 -0.649620
vn 0.780930 0.045666 -0.622946
vn 0.779538 0.045541 -0.624697
vn 0.754355 0.045495 -0.654888
vn 0.708395 0.045453 -0.704351
vn 0.658934 0.045456 -0.750826
vn 0.625342 0.045379 -0.779030
vn 0.609796 0.045277 -0.791264
vn 0.614615 0.045199 -0.787531
vn 0.626332 0.045167 -0.778246
vn 0.627340 0.045179 -0.777434
vn 0.627990 0.045179 -0.776909
vn 0.637123 0.045399 -0.769424
vn 0.656330 0.045594 -0.753095
vn 0.682455 0.045869 -0.729487
vn 0.708254 0.046182 -0.704445
vn 0.726076 0.046542 -0.686038
vn 0.732707 0.047091 -0.678913
vn 0.731517 0.047605 -0.680159
vn 0.725528 0.048120 -0.686508
vn 0.722237 0.048624 -0.689934
vn 0.722296 0.049110 -0.689839
vn 0.722278 0.049612 -0.689821
vn 0.722295 0.050129 -0.689766
vn 0.719191 0.050601 -0.692967
vn 0.712889 0.051173 -0.699407
vn 0.711324 0.051674 -0.700962
vn 0.719138 0.052051 -0.692915
vn 0.736018 0.052318 -0.674937
vn 0.759412 0.052512 -0.648487
vn 0.781341 0.052737 -0.621872
vn 0.796236 0.052964 -0.602663
vn 0.804242 0.053262 -0.591911
vn 0.808165 0.053479 -0.586523
vn 0.809225 0.053730 -0.585037
vn 0.812274 0.053763 -0.580793
vn 0.816728 0.053861 -0.574504
vn 0.819341 0.053929 -0.570764
vn 0.819702 0.054034 -0.570235
vn 0.817956 0.054107 -0.572730
vn 0.814957 0.054183 -0.576983
vn 0.815299 0.054270 -0.576491
vn 0.821158 0.054291 -0.568113
vn 0.832174 0.054416 -0.551838
vn 0.847661 0.054492 -0.527732
vn 0.863022 0.054576 -0.502210
vn 0.872817 0.054676 -0.484975
vn 0.877443 0.054785 -0.476542
vn 0.876297 0.054899 -0.478633
vn 0.870792 0.055007 -0.488564
vn 0.865080 0.055100 -0.498599
vn 0.864177 0.055184 -0.500152
vn 0.869357 0.055352 -0.491074
vn 0.880418 0.055352 -0.470957
vn 0.892170 0.055377 -0.448293
vn 0.900918 0.055236 -0.430459
vn 0.909087 0.055274 -0.412924
vn 0.920761 0.055284 -0.386190
vn 0.934745 0.055329 -0.350986
vn 0.950097 0.055385 -0.307000
vn 0.964073 0.055480 -0.259777
vn 0.972962 0.055675 -0.224155
vn 0.977532 0.055921 -0.203232
vn 0.978736 0.056164 -0.197287
vn 0.977467 0.056506 -0.203386
vn 0.975866 0.057056 -0.210784
vn 0.977148 0.057503 -0.204634
vn 0.981474 0.057966 -0.182618
vn 0.987907 0.058443 -0.143610
vn 0.993247 0.058952 -0.099926
vn 0.996144 0.059553 -0.064430
vn 0.997667 0.060470 -0.031674
vn 0.998082 0.061164 0.009593
vn 0.996363 0.061818 0.058649
vn 0.991568 0.062639 0.113439
vn 0.984361 0.063522 0.164314
vn 0.975368 0.064829 0.210844
vn 0.963489 0.066151 0.259448
vn 0.948494 0.067180 0.309591
vn 0.927392 0.068364 0.367791
vn 0.900531 0.069681 0.429172
vn 0.873710 0.071606 0.481149
vn 0.851777 0.073718 0.518692
vn 0.837094 0.075827 0.541779
vn 0.826445 0.077502 0.557658
vn 0.811136 0.079370 0.579447
vn 0.792134 0.081367 0.604899
vn 0.773014 0.083488 0.628872
vn 0.755619 0.085808 0.649367
vn 0.738454 0.088470 0.668476
vn 0.720887 0.091390 0.687000
vn 0.702581 0.093837 0.705390
vn 0.682822 0.096292 0.724212
vn 0.661397 0.098499 0.743540
vn 0.645956 0.100809 0.756689
vn 0.635713 0.103540 0.764950
vn 0.618664 0.106563 0.778395
vn 0.582898 0.108666 0.805246
vn 0.524167 0.110854 0.844370
vn 0.445173 0.113489 0.888224
vn 0.362485 0.116685 0.924656
vn 0.292084 0.118933 0.948969
vn 0.235711 0.121523 0.964195
vn 0.195635 0.124642 0.972724
vn 0.165369 0.128408 0.977837
vn 0.133074 0.132774 0.982172
vn 0.096165 0.136295 0.985990
vn 0.055087 0.138461 0.988835
vn 0.007935 0.139506 0.990189
vn -0.046500 0.141216 0.988886
vn -0.103354 0.143194 0.984283
vn -0.155780 0.145995 0.976943
vn -0.203269 0.149139 0.967698
vn -0.243716 0.149387 0.958272
vn -0.278815 0.150103 0.948542
vn -0.312070 0.151239 0.937944
vn -0.351397 0.152971 0.923645
vn -0.397794 0.155213 0.904251
vn -0.451685 0.158163 0.878046
vn -0.518003 0.161874 0.839923
vn -0.587822 0.166864 0.791594
vn -0.636946 0.173833 0.751054
vn -0.657351 0.182074 0.731258
vn -0.651975 0.191634 0.733625
vn -0.633832 0.201941 0.746644
vn -0.623617 0.212737 0.752227
vn -0.621081 0.224750 0.750830
vn -0.620042 0.232494 0.749329
vn -0.619522 0.237563 0.748169
vn -0.625801 0.242732 0.741252
vn -0.639325 0.248267 0.727755
vn -0.640681 0.254790 0.724299
vn -0.622333 0.261149 0.737904
vn -0.582094 0.267559 0.767841
vn -0.520589 0.272954 0.809001
vn -0.457363 0.276867 0.845082
vn -0.412491 0.278918 0.867212
vn -0.387976 0.280632 0.877907
vn -0.385913 0.281913 0.878406
vn -0.394548 0.284568 0.873701
vn -0.392831 0.291401 0.872221
vn -0.385843 0.298084 0.873081
vn -0.382829 0.305357 0.871894
vn -0.381525 0.313104 0.869715
vn -0.393723 0.321218 0.861279
vn -0.414693 0.331319 0.847501
vn -0.417875 0.347310 0.839498
vn -0.387897 0.365279 0.846231
vn -0.325414 0.383468 0.864325
vn -0.232447 0.404542 0.884485
vn -0.139795 0.425309 0.894186
vn -0.076132 0.441507 0.894022
vn -0.046130 0.454771 0.889413
vn -0.047945 0.467286 0.882805
vn -0.066411 0.481551 0.873898
vn -0.077240 0.498588 0.863391
vn -0.074198 0.517009 0.852758
vn -0.066106 0.520314 0.851413
vn -0.053455 0.525869 0.848885
vn -0.037247 0.529945 0.847214
vn -0.020592 0.531833 0.846599
vn -0.007073 0.532105 0.846649
vn 0.001039 0.524632 0.851328
vn 0.003681 0.508187 0.861239
vn 0.004661 0.505130 0.863031
vn 0.007476 0.501286 0.865249
vn 0.010067 0.496716 0.867855
vn 0.010217 0.486006 0.873896
vn 0.007451 0.489845 0.871778
vn 0.000516 0.869324 0.423010
vn -0.003548 0.869209 0.423164
vn -0.005752 0.869222 0.423121
vn -0.005356 0.869219 0.423131
vn -0.001808 0.869204 0.423183
vn 0.002911 0.869207 0.423172
vn 0.006010 0.869223 0.423115
vn 0.009297 0.869254 0.423011
vn 0.014581 0.869259 0.422854
vn 0.022727 0.869250 0.422508
vn 0.034860 0.869267 0.421655
vn 0.048741 0.869251 0.420301
vn 0.058285 0.869274 0.419049
vn 0.059408 0.869231 0.418955
vn 0.052663 0.869300 0.419755
vn 0.039677 0.869168 0.421374
vn 0.026754 0.869177 0.422380
vn 0.020212 0.869255 0.422628
vn 0.020778 0.869269 0.422580
vn 0.028856 0.869248 0.422137
vn 0.045519 0.869259 0.420649
vn 0.064324 0.869215 0.418252
vn 0.073352 0.869237 0.416731
vn 0.067251 0.869186 0.417835
vn 0.046580 0.869320 0.420445
vn 0.019621 0.869293 0.422601
vn -0.001929 0.869204 0.423182
vn -0.018668 0.869219 0.422753
vn -0.037377 0.869255 0.421457
vn -0.058559 0.869241 0.419060
vn -0.082138 0.869232 0.415097
vn -0.104935 0.869234 0.409925
vn -0.127039 0.869273 0.403562
vn -0.149345 0.869190 0.395980
vn -0.171074 0.869259 0.386979
vn -0.195368 0.869214 0.375374
vn -0.220868 0.869256 0.360887
vn -0.240436 0.869215 0.348229
vn -0.251530 0.869256 0.340228
vn -0.255752 0.869212 0.337146
vn -0.255290 0.869244 0.337437
vn -0.256171 0.869259 0.336741
vn -0.261517 0.869263 0.332599
vn -0.269560 0.869277 0.326087
vn -0.279535 0.869289 0.317556
vn -0.291515 0.869244 0.306684
vn -0.303385 0.869228 0.294982
vn -0.311476 0.869318 0.286232
vn -0.314377 0.869219 0.283258
vn -0.312031 0.869227 0.285822
vn -0.306147 0.869260 0.292046
vn -0.300629 0.869271 0.297701
vn -0.298802 0.869250 0.299577
vn -0.300567 0.869190 0.297932
vn -0.306015 0.869258 0.292190
vn -0.313322 0.869255 0.284347
vn -0.318956 0.869246 0.278031
vn -0.324259 0.869194 0.271947
vn -0.331119 0.869237 0.263449
vn -0.339362 0.869245 0.252723
vn -0.348258 0.869229 0.240358
vn -0.356491 0.869240 0.227938
vn -0.363031 0.869276 0.217268
vn -0.368003 0.869254 0.208802
vn -0.371482 0.869213 0.202671
vn -0.374100 0.869248 0.197690
vn -0.377210 0.869284 0.191574
vn -0.380947 0.869244 0.184164
vn -0.384612 0.869228 0.176438
vn -0.387968 0.869229 0.168929
vn -0.391162 0.869259 0.161279
vn -0.394271 0.869255 0.153536
vn -0.396730 0.869256 0.147060
vn -0.398787 0.869259 0.141376
vn -0.400238 0.869210 0.137437
vn -0.400666 0.869216 0.136156
vn -0.400443 0.869226 0.136764
vn -0.401393 0.869268 0.133758
vn -0.404580 0.869262 0.123813
vn -0.409636 0.869237 0.106034
vn -0.415273 0.869271 0.080940
vn -0.419768 0.869220 0.053490
vn -0.421929 0.869248 0.031748
vn -0.422691 0.869252 0.018973
vn -0.422797 0.869276 0.015492
vn -0.422701 0.869249 0.018835
vn -0.422572 0.869266 0.021036
vn -0.422773 0.869248 0.017183
vn -0.422976 0.869299 0.007745
vn -0.423057 0.869240 -0.008025
vn -0.422145 0.869280 -0.028023
vn -0.420482 0.869273 -0.046856
vn -0.418486 0.869273 -0.062210
vn -0.416612 0.869257 -0.073857
vn -0.414856 0.869298 -0.082850
vn -0.413567 0.869256 -0.089352
vn -0.412075 0.869245 -0.096076
vn -0.409806 0.869264 -0.105219
vn -0.406664 0.869277 -0.116706
vn -0.402465 0.869261 -0.130528
vn -0.396688 0.869248 -0.147209
vn -0.389778 0.869250 -0.164629
vn -0.383468 0.869241 -0.178864
vn -0.378958 0.869280 -0.188103
vn -0.376635 0.869258 -0.192786
vn -0.377018 0.869200 -0.192221
vn -0.377877 0.869257 -0.190342
vn -0.375974 0.869266 -0.194046
vn -0.369745 0.869253 -0.205705
vn -0.358060 0.869210 -0.225549
vn -0.339270 0.869210 -0.252933
vn -0.317599 0.869245 -0.279583
vn -0.300365 0.869301 -0.297904
vn -0.291749 0.869204 -0.306544
vn -0.291945 0.869310 -0.306142
vn -0.297380 0.869247 -0.300995
vn -0.299835 0.869250 -0.298543
vn -0.298802 0.869250 -0.299577
vn -0.296579 0.869258 -0.301762
vn -0.293148 0.869268 -0.305077
vn -0.289026 0.869234 -0.309052
vn -0.284284 0.869244 -0.313399
vn -0.280808 0.869213 -0.316578
vn -0.279101 0.869283 -0.317949
vn -0.279523 0.869271 -0.317600
vn -0.282280 0.869278 -0.315140
vn -0.285688 0.869255 -0.312098
vn -0.286256 0.869263 -0.311562
vn -0.282827 0.869234 -0.314735
vn -0.274752 0.869265 -0.321749
vn -0.264941 0.869264 -0.329876
vn -0.257153 0.869251 -0.336007
vn -0.249194 0.869227 -0.341994
vn -0.238716 0.869205 -0.349428
vn -0.225016 0.869247 -0.358331
vn -0.208741 0.869320 -0.367926
vn -0.192761 0.869262 -0.376641
vn -0.177924 0.869260 -0.383875
vn -0.165744 0.869189 -0.389402
vn -0.155630 0.869328 -0.393335
vn -0.145895 0.869267 -0.397144
vn -0.134973 0.869274 -0.400977
vn -0.124968 0.869278 -0.404201
vn -0.118056 0.869216 -0.406368
vn -0.113200 0.869234 -0.407719
vn -0.110141 0.869266 -0.408507
vn -0.107511 0.869241 -0.409245
vn -0.101789 0.869290 -0.410632
vn -0.093004 0.869208 -0.412834
vn -0.081092 0.869250 -0.415275
vn -0.069281 0.869342 -0.417272
vn -0.059906 0.869269 -0.418829
vn -0.049933 0.869198 -0.420238
vn -0.036935 0.869235 -0.421526
vn -0.020589 0.869264 -0.422597
vn -0.000447 0.869324 -0.423010
vn 0.020332 0.869258 -0.422618
vn 0.036321 0.869331 -0.421438
vn 0.046229 0.869247 -0.420590
vn 0.050533 0.869289 -0.420033
vn 0.054199 0.869330 -0.419515
vn 0.061810 0.869215 -0.418631
vn 0.069064 0.869269 -0.417416
vn 0.070078 0.869212 -0.417331
vn 0.065351 0.869226 -0.418076
vn 0.057278 0.869221 -0.419267
vn 0.049933 0.869198 -0.420238
vn 0.046229 0.869247 -0.420590
vn 0.044598 0.869280 -0.420718
vn 0.045746 0.869344 -0.420501
vn 0.046761 0.869206 -0.420592
vn 0.045470 0.869204 -0.420736
vn 0.045569 0.869262 -0.420640
vn 0.050118 0.869210 -0.420199
vn 0.059840 0.869263 -0.418846
vn 0.071951 0.869308 -0.416870
vn 0.081975 0.869269 -0.415073
vn 0.090505 0.869187 -0.413420
vn 0.099508 0.869323 -0.411141
vn 0.110247 0.869282 -0.408455
vn 0.123120 0.869249 -0.404811
vn 0.135977 0.869191 -0.400766
vn 0.146926 0.869268 -0.396761
vn 0.153711 0.869266 -0.394185
vn 0.156054 0.869197 -0.393373
vn 0.156583 0.869242 -0.393092
vn 0.158101 0.869213 -0.392530
vn 0.161349 0.869244 -0.391156
vn 0.165454 0.869264 -0.389406
vn 0.170004 0.869198 -0.387546
vn 0.176956 0.869215 -0.384395
vn 0.185762 0.869245 -0.380168
vn 0.191279 0.869263 -0.377394
vn 0.190339 0.869292 -0.377821
vn 0.183362 0.869250 -0.381324
vn 0.170463 0.869240 -0.387278
vn 0.156251 0.869245 -0.393218
vn 0.148129 0.869226 -0.396379
vn 0.148371 0.869197 -0.396334
vn 0.157678 0.869193 -0.392731
vn 0.171854 0.869304 -0.386560
vn 0.184188 0.869169 -0.381057
vn 0.191878 0.869210 -0.377176
vn 0.195413 0.869305 -0.375200
vn 0.195933 0.869227 -0.375057
vn 0.194686 0.869231 -0.375699
vn 0.193374 0.869289 -0.376282
vn 0.194351 0.869280 -0.375793
vn 0.196980 0.869251 -0.374470
vn 0.201785 0.869239 -0.371922
vn 0.205354 0.869340 -0.369795
vn 0.205978 0.869316 -0.369487
vn 0.209321 0.869283 -0.367659
vn 0.218586 0.869193 -0.362382
vn 0.233031 0.869242 -0.353180
vn 0.249323 0.869326 -0.341722
vn 0.262758 0.869198 -0.331742
vn 0.273536 0.869262 -0.322789
vn 0.283699 0.869222 -0.313973
vn 0.293016 0.869294 -0.305150
vn 0.306021 0.869283 -0.292130
vn 0.321633 0.869210 -0.275011
vn 0.330820 0.869227 -0.263850
vn 0.330178 0.869273 -0.264543
vn 0.319526 0.869252 -0.277362
vn 0.299858 0.869319 -0.298378
vn 0.279072 0.869243 -0.318053
vn 0.265007 0.869201 -0.329941
vn 0.258350 0.869238 -0.335111
vn 0.260371 0.869260 -0.333503
vn 0.265249 0.869273 -0.329612
vn 0.266028 0.869239 -0.329048
vn 0.265910 0.869294 -0.329040
vn 0.269841 0.869267 -0.325875
vn 0.277756 0.869276 -0.319138
vn 0.289038 0.869258 -0.308992
vn 0.300197 0.869208 -0.298268
vn 0.307367 0.869309 -0.290657
vn 0.310395 0.869309 -0.287421
vn 0.309914 0.869295 -0.287970
vn 0.307352 0.869239 -0.290822
vn 0.306094 0.869177 -0.292278
vn 0.306015 0.869258 -0.292190
vn 0.306015 0.869258 -0.292190
vn 0.306230 0.869198 -0.292089
vn 0.304535 0.869285 -0.293673
vn 0.302022 0.869278 -0.296272
vn 0.301358 0.869212 -0.297086
vn 0.304756 0.869245 -0.293530
vn 0.312031 0.869227 -0.285822
vn 0.321749 0.869265 -0.274752
vn 0.331007 0.869253 -0.263553
vn 0.337120 0.869310 -0.255550
vn 0.341003 0.869212 -0.250586
vn 0.342202 0.869314 -0.248693
vn 0.342870 0.869259 -0.247908
vn 0.344156 0.869261 -0.246114
vn 0.345815 0.869271 -0.243752
vn 0.346992 0.869287 -0.242033
vn 0.347554 0.869204 -0.241440
vn 0.346646 0.869251 -0.242621
vn 0.345271 0.869232 -0.244623
vn 0.345475 0.869208 -0.244394
vn 0.347974 0.869281 -0.240635
vn 0.352612 0.869284 -0.233778
vn 0.359354 0.869209 -0.223484
vn 0.365534 0.869303 -0.212952
vn 0.369903 0.869246 -0.205440
vn 0.371807 0.869254 -0.201950
vn 0.371560 0.869211 -0.202537
vn 0.369211 0.869196 -0.206834
vn 0.366609 0.869248 -0.211257
vn 0.366055 0.869301 -0.212060
vn 0.368387 0.869235 -0.208180
vn 0.373033 0.869276 -0.199608
vn 0.378164 0.869225 -0.189875
vn 0.381745 0.869259 -0.182454
vn 0.385348 0.869263 -0.174702
vn 0.390297 0.869265 -0.163336
vn 0.396077 0.869277 -0.148723
vn 0.402660 0.869238 -0.130035
vn 0.408445 0.869264 -0.110383
vn 0.412355 0.869238 -0.094909
vn 0.414276 0.869261 -0.085974
vn 0.414845 0.869245 -0.083300
vn 0.414275 0.869241 -0.086126
vn 0.413521 0.869291 -0.089327
vn 0.414175 0.869234 -0.086647
vn 0.415949 0.869280 -0.077320
vn 0.418707 0.869264 -0.060803
vn 0.420969 0.869267 -0.042348
vn 0.422235 0.869254 -0.027236
vn 0.422971 0.869210 -0.013193
vn 0.423071 0.869271 0.003753
vn 0.422318 0.869285 0.025164
vn 0.420314 0.869287 0.048159
vn 0.417351 0.869283 0.069332
vn 0.413517 0.869271 0.089479
vn 0.408673 0.869216 0.109807
vn 0.402178 0.869286 0.131294
vn 0.393312 0.869254 0.155982
vn 0.381810 0.869260 0.182314
vn 0.370648 0.869193 0.204254
vn 0.361416 0.869234 0.220063
vn 0.355235 0.869270 0.229811
vn 0.350537 0.869287 0.236869
vn 0.344241 0.869298 0.245902
vn 0.336256 0.869204 0.256942
vn 0.328206 0.869264 0.267007
vn 0.320865 0.869207 0.275913
vn 0.313697 0.869256 0.283930
vn 0.306246 0.869268 0.291924
vn 0.298568 0.869269 0.299772
vn 0.290059 0.869315 0.307921
vn 0.281135 0.869296 0.316125
vn 0.274583 0.869256 0.321911
vn 0.270487 0.869294 0.325287
vn 0.263270 0.869232 0.331271
vn 0.248295 0.869229 0.342644
vn 0.223175 0.869265 0.359449
vn 0.189386 0.869318 0.378256
vn 0.154470 0.869279 0.393869
vn 0.124462 0.869267 0.404373
vn 0.100529 0.869252 0.411000
vn 0.083435 0.869223 0.414852
vn 0.070635 0.869262 0.417163
vn 0.056820 0.869242 0.419299
vn 0.041067 0.869237 0.421140
vn 0.023579 0.869203 0.422530
vn 0.003428 0.869209 0.423165
vn -0.019898 0.869177 0.422758
vn -0.044178 0.869204 0.420874
vn -0.066740 0.869269 0.417793
vn -0.086845 0.869247 0.414115
vn -0.104250 0.869270 0.410045
vn -0.119365 0.869198 0.406013
vn -0.133592 0.869246 0.401482
vn -0.150312 0.869244 0.395528
vn -0.170393 0.869153 0.387447
vn -0.193418 0.869305 0.376233
vn -0.221809 0.869307 0.360222
vn -0.252069 0.869278 0.339787
vn -0.273687 0.869248 0.322688
vn -0.282842 0.869258 0.314675
vn -0.280868 0.869301 0.316354
vn -0.273775 0.869208 0.322689
vn -0.269841 0.869267 0.325875
vn -0.269668 0.869260 0.326032
vn -0.269841 0.869267 0.325875
vn -0.269876 0.869306 0.325772
vn -0.272932 0.869270 0.323284
vn -0.279189 0.869244 0.317947
vn -0.280509 0.869231 0.316808
vn -0.272761 0.869262 0.323444
vn -0.255641 0.869232 0.337193
vn -0.228901 0.869268 0.355824
vn -0.201702 0.869206 0.372023
vn -0.181627 0.869295 0.382081
vn -0.171037 0.869248 0.387012
vn -0.170275 0.869276 0.387303
vn -0.174105 0.869221 0.385684
vn -0.173632 0.869239 0.385869
vn -0.171123 0.869273 0.386934
vn -0.170001 0.869288 0.387405
vn -0.170051 0.869302 0.387361
vn -0.175943 0.869249 0.384805
vn -0.186029 0.869240 0.380046
vn -0.188274 0.869292 0.378854
vn -0.176298 0.869265 0.384616
vn -0.148925 0.869324 0.395929
vn -0.107635 0.869316 0.409099
vn -0.065287 0.869348 0.417907
vn -0.035776 0.869255 0.421597
vn -0.021887 0.869227 0.422586
vn -0.022795 0.869252 0.422502
vn -0.032099 0.869226 0.421935
vn -0.037699 0.869270 0.421407
vn -0.036680 0.869223 0.421565
vn -0.032729 0.869251 0.421850
vn -0.026617 0.869172 0.422395
vn -0.018599 0.869217 0.422758
vn -0.010140 0.869264 0.422977
vn -0.003358 0.869208 0.423166
vn 0.000636 0.869324 0.423010
vn 0.001808 0.869204 0.423183
vn 0.002256 0.869205 0.423179
vn 0.003686 0.869210 0.423162
vn 0.005028 0.869217 0.423137
vn 0.004977 0.869216 0.423139
vn 0.003617 0.869209 0.423163
vn 0.000516 0.869324 0.423010
vn -0.003548 0.869209 0.423164
vn -0.005752 0.869222 0.423121
vn -0.005356 0.869219 0.423131
vn -0.001808 0.869204 0.423183
vn 0.002911 0.869207 0.423172
vn 0.006010 0.869223 0.423115
vn 0.009297 0.869254 0.423011
vn 0.014581 0.869259 0.422854
vn 0.022727 0.869250 0.422508
vn 0.034860 0.869267 0.421655
vn 0.048741 0.869251 0.420301
vn 0.058285 0.869274 0.419049
vn 0.059408 0.869231 0.418955
vn 0.052663 0.869300 0.419755
vn 0.039677 0.869168 0.421374
vn 0.026754 0.869177 0.422380
vn 0.020212 0.869255 0.422628
vn 0.020778 0.869269 0.422580
vn 0.028856 0.869248 0.422137
vn 0.045519 0.869259 0.420649
vn 0.064324 0.869215 0.418252
vn 0.073352 0.869237 0.416731
vn 0.067251 0.869186 0.417835
vn 0.046580 0.869320 0.420445
vn 0.019621 0.869293 0.422601
vn -0.001929 0.869204 0.423182
vn -0.018668 0.869219 0.422753
vn -0.037377 0.869255 0.421457
vn -0.058559 0.869241 0.419060
vn -0.082138 0.869232 0.415097
vn -0.104935 0.869234 0.409925
vn -0.127039 0.869273 0.403562
vn -0.149345 0.869190 0.395980
vn -0.171074 0.869259 0.386979
vn -0.195368 0.869214 0.375374
vn -0.220868 0.869256 0.360887
vn -0.240436 0.869215 0.348229
vn -0.251530 0.869256 0.340228
vn -0.255752 0.869212 0.337146
vn -0.255290 0.869244 0.337437
vn -0.256171 0.869259 0.336741
vn -0.261517 0.869263 0.332599
vn -0.269560 0.869277 0.326087
vn -0.279535 0.869289 0.317556
vn -0.291515 0.869244 0.306684
vn -0.303385 0.869228 0.294982
vn -0.311476 0.869318 0.286232
vn -0.314377 0.869219 0.283258
vn -0.312031 0.869227 0.285822
vn -0.306147 0.869260 0.292046
vn -0.300629 0.869271 0.297701
vn -0.298802 0.869250 0.299577
vn -0.300567 0.869190 0.297932
vn -0.306015 0.869258 0.292190
vn -0.313322 0.869255 0.284347
vn -0.318956 0.869246 0.278031
vn -0.324259 0.869194 0.271947
vn -0.331119 0.869237 0.263449
vn -0.339362 0.869245 0.252723
vn -0.348258 0.869229 0.240358
vn -0.356491 0.869240 0.227938
vn -0.363031 0.869276 0.217268
vn -0.368003 0.869254 0.208802
vn -0.371482 0.869213 0.202671
vn -0.374100 0.869248 0.197690
vn -0.377210 0.869284 0.191574
vn -0.380947 0.869244 0.184164
vn -0.384612 0.869228 0.176438
vn -0.387968 0.869229 0.168929
vn -0.391162 0.869259 0.161279
vn -0.394271 0.869255 0.153536
vn -0.396730 0.869256 0.147060
vn -0.398787 0.869259 0.141376
vn -0.400238 0.869210 0.137437
vn -0.400666 0.869216 0.136156
vn -0.400443 0.869226 0.136764
vn -0.401393 0.869268 0.133758
vn -0.404580 0.869262 0.123813
vn -0.409636 0.869237 0.106034
vn -0.415273 0.869271 0.080940
vn -0.419768 0.869220 0.053490
vn -0.421929 0.869248 0.031748
vn -0.422691 0.869252 0.018973
vn -0.422797 0.869276 0.015492
vn -0.422701 0.869249 0.018835
vn -0.422572 0.869266 0.021036
vn -0.422773 0.869248 0.017183
vn -0.422976 0.869299 0.007745
vn -0.423057 0.869240 -0.008025
vn -0.422145 0.869280 -0.028023
vn -0.420482 0.869273 -0.046856
vn -0.418486 0.869273 -0.062210
vn -0.416612 0.869257 -0.073857
vn -0.414856 0.869298 -0.082850
vn -0.413567 0.869256 -0.089352
vn -0.412075 0.869245 -0.096076
vn -0.409806 0.869264 -0.105219
vn -0.406664 0.869277 -0.116706
vn -0.402465 0.869261 -0.130528
vn -0.396688 0.869248 -0.147209
vn -0.389778 0.869250 -0.164629
vn -0.383468 0.869241 -0.178864
vn -0.378958 0.869280 -0.188103
vn -0.376635 0.869258 -0.192786
vn -0.377018 0.869200 -0.192221
vn -0.377877 0.869257 -0.190342
vn -0.375974 0.869266 -0.194046
vn -0.369745 0.869253 -0.205705
vn -0.358060 0.869210 -0.225549
vn -0.339270 0.869210 -0.252933
vn -0.317599 0.869245 -0.279583
vn -0.300365 0.869301 -0.297904
vn -0.291749 0.869204 -0.306544
vn -0.291945 0.869310 -0.306142
vn -0.297380 0.869247 -0.300995
vn -0.299835 0.869250 -0.298543
vn -0.298802 0.869250 -0.299577
vn -0.296579 0.869258 -0.301762
vn -0.293148 0.869268 -0.305077
vn -0.289026 0.869234 -0.309052
vn -0.284284 0.869244 -0.313399
vn -0.280808 0.869213 -0.316578
vn -0.279101 0.869283 -0.317949
vn -0.279523 0.869271 -0.317600
vn -0.282280 0.869278 -0.315140
vn -0.285688 0.869255 -0.312098
vn -0.286256 0.869263 -0.311562
vn -0.282827 0.869234 -0.314735
vn -0.274752 0.869265 -0.321749
vn -0.264941 0.869264 -0.329876
vn -0.257153 0.869251 -0.336007
vn -0.249194 0.869227 -0.341994
vn -0.238716 0.869205 -0.349428
vn -0.225016 0.869247 -0.358331
vn -0.208741 0.869320 -0.367926
vn -0.192761 0.869262 -0.376641
vn -0.177924 0.869260 -0.383875
vn -0.165744 0.869189 -0.389402
vn -0.155630 0.869328 -0.393335
vn -0.145895 0.869267 -0.397144
vn -0.134973 0.869274 -0.400977
vn -0.124968 0.869278 -0.404201
vn -0.118056 0.869216 -0.406368
vn -0.113200 0.869234 -0.407719
vn -0.110141 0.869266 -0.408507
vn -0.107511 0.869241 -0.409245
vn -0.101789 0.869290 -0.410632
vn -0.093004 0.869208 -0.412834
vn -0.081092 0.869250 -0.415275
vn -0.069281 0.869342 -0.417272
vn -0.059906 0.869269 -0.418829
vn -0.049933 0.869198 -0.420238
vn -0.036935 0.869235 -0.421526
vn -0.020589 0.869264 -0.422597
vn -0.000447 0.869324 -0.423010
vn 0.020332 0.869258 -0.422618
vn 0.036321 0.869331 -0.421438
vn 0.046229 0.869247 -0.420590
vn 0.050533 0.869289 -0.420033
vn 0.054199 0.869330 -0.419515
vn 0.061810 0.869215 -0.418631
vn 0.069064 0.869269 -0.417416
vn 0.070078 0.869212 -0.417331
vn 0.065351 0.869226 -0.418076
vn 0.057278 0.869221 -0.419267
vn 0.049933 0.869198 -0.420238
vn 0.046229 0.869247 -0.420590
vn 0.044598 0.869280 -0.420718
vn 0.045746 0.869344 -0.420501
vn 0.046761 0.869206 -0.420592
vn 0.045470 0.869204 -0.420736
vn 0.045569 0.869262 -0.420640
vn 0.050118 0.869210 -0.420199
vn 0.059840 0.869263 -0.418846
vn 0.071951 0.869308 -0.416870
vn 0.081975 0.869269 -0.415073
vn 0.090505 0.869187 -0.413420
vn 0.099508 0.869323 -0.411141
vn 0.110247 0.869282 -0.408455
vn 0.123120 0.869249 -0.404811
vn 0.135977 0.869191 -0.400766
vn 0.146926 0.869268 -0.396761
vn 0.153711 0.869266 -0.394185
vn 0.156054 0.869197 -0.393373
vn 0.156583 0.869242 -0.393092
vn 0.158101 0.869213 -0.392530
vn 0.161349 0.869244 -0.391156
vn 0.165454 0.869264 -0.389406
vn 0.170004 0.869198 -0.387546
vn 0.176956 0.869215 -0.384395
vn 0.185762 0.869245 -0.380168
vn 0.191279 0.869263 -0.377394
vn 0.190339 0.869292 -0.377821
vn 0.183362 0.869250 -0.381324
vn 0.170463 0.869240 -0.387278
vn 0.156251 0.869245 -0.393218
vn 0.148129 0.869226 -0.396379
vn 0.148371 0.869197 -0.396334
vn 0.157678 0.869193 -0.392731
vn 0.171854 0.869304 -0.386560
vn 0.184188 0.869169 -0.381057
vn 0.191878 0.869210 -0.377176
vn 0.195413 0.869305 -0.375200
vn 0.195933 0.869227 -0.375057
vn 0.194686 0.869231 -0.375699
vn 0.193374 0.869289 -0.376282
vn 0.194351 0.869280 -0.375793
vn 0.196980 0.869251 -0.374470
vn 0.201785 0.869239 -0.371922
vn 0.205354 0.869340 -0.369795
vn 0.205978 0.869316 -0.369487
vn 0.209321 0.869283 -0.367659
vn 0.218586 0.869193 -0.362382
vn 0.233031 0.869242 -0.353180
vn 0.249323 0.869326 -0.341722
vn 0.262758 0.869198 -0.331742
vn 0.273536 0.869262 -0.322789
vn 0.283699 0.869222 -0.313973
vn 0.293016 0.869294 -0.305150
vn 0.306021 0.869283 -0.292130
vn 0.321633 0.869210 -0.275011
vn 0.330820 0.869227 -0.263850
vn 0.330178 0.869273 -0.264543
vn 0.319526 0.869252 -0.277362
vn 0.299858 0.869319 -0.298378
vn 0.279072 0.869243 -0.318053
vn 0.265007 0.869201 -0.329941
vn 0.258350 0.869238 -0.335111
vn 0.260371 0.869260 -0.333503
vn 0.265249 0.869273 -0.329612
vn 0.266028 0.869239 -0.329048
vn 0.265910 0.869294 -0.329040
vn 0.269841 0.869267 -0.325875
vn 0.277756 0.869276 -0.319138
vn 0.289038 0.869258 -0.308992
vn 0.300197 0.869208 -0.298268
vn 0.307367 0.869309 -0.290657
vn 0.310395 0.869309 -0.287421
vn 0.309914 0.869295 -0.287970
vn 0.307352 0.869239 -0.290822
vn 0.306094 0.869177 -0.292278
vn 0.306015 0.869258 -0.292190
vn 0.306015 0.869258 -0.292190
vn 0.306230 0.869198 -0.292089
vn 0.304535 0.869285 -0.293673
vn 0.302022 0.869278 -0.296272
vn 0.301358 0.869212 -0.297086
vn 0.304756 0.869245 -0.293530
vn 0.312031 0.869227 -0.285822
vn 0.321749 0.869265 -0.274752
vn 0.331007 0.869253 -0.263553
vn 0.337120 0.869310 -0.255550
vn 0.341003 0.869212 -0.250586
vn 0.342202 0.869314 -0.248693
vn 0.342870 0.869259 -0.247908
vn 0.344156 0.869261 -0.246114
vn 0.345815 0.869271 -0.243752
vn 0.346992 0.869287 -0.242033
vn 0.347554 0.869204 -0.241440
vn 0.346646 0.869251 -0.242621
vn 0.345271 0.869232 -0.244623
vn 0.345475 0.869208 -0.244394
vn 0.347974 0.869281 -0.240635
vn 0.352612 0.869284 -0.233778
vn 0.359354 0.869209 -0.223484
vn 0.365534 0.869303 -0.212952
vn 0.369903 0.869246 -0.205440
vn 0.371807 0.869254 -0.201950
vn 0.371560 0.869211 -0.202537
vn 0.369211 0.869196 -0.206834
vn 0.366609 0.869248 -0.211257
vn 0.366055 0.869301 -0.212060
vn 0.368387 0.869235 -0.208180
vn 0.373033 0.869276 -0.199608
vn 0.378164 0.869225 -0.189875
vn 0.381745 0.869259 -0.182454
vn 0.385348 0.869263 -0.174702
vn 0.390297 0.869265 -0.163336
vn 0.396077 0.869277 -0.148723
vn 0.402660 0.869238 -0.130035
vn 0.408445 0.869264 -0.110383
vn 0.412355 0.869238 -0.094909
vn 0.414276 0.869261 -0.085974
vn 0.414845 0.869245 -0.083300
vn 0.414275 0.869241 -0.086126
vn 0.413521 0.869291 -0.089327
vn 0.414175 0.869234 -0.086647
vn 0.415949 0.869280 -0.077320
vn 0.418707 0.869264 -0.060803
vn 0.420969 0.869267 -0.042348
vn 0.422235 0.869254 -0.027236
vn 0.422971 0.869210 -0.013193
vn 0.423071 0.869271 0.003753
vn 0.422318 0.869285 0.025164
vn 0.420314 0.869287 0.048159
vn 0.417351 0.869283 0.069332
vn 0.413517 0.869271 0.089479
vn 0.408673 0.869216 0.109807
vn 0.402178 0.869286 0.131294
vn 0.393312 0.869254 0.155982
vn 0.381810 0.869260 0.182314
vn 0.370648 0.869193 0.204254
vn 0.361416 0.869234 0.220063
vn 0.355235 0.869270 0.229811
vn 0.350537 0.869287 0.236869
vn 0.344241 0.869298 0.245902
vn 0.336256 0.869204 0.256942
vn 0.328206 0.869264 0.267007
vn 0.320865 0.869207 0.275913
vn 0.313697 0.869256 0.283930
vn 0.306246 0.869268 0.291924
vn 0.298568 0.869269 0.299772
vn 0.290059 0.869315 0.307921
vn 0.281135 0.869296 0.316125
vn 0.274583 0.869256 0.321911
vn 0.270487 0.869294 0.325287
vn 0.263270 0.869232 0.331271
vn 0.248295 0.869229 0.342644
vn 0.223175 0.869265 0.359449
vn 0.189386 0.869318 0.378256
vn 0.154470 0.869279 0.393869
vn 0.124462 0.869267 0.404373
vn 0.100529 0.869252 0.411000
vn 0.083435 0.869223 0.414852
vn 0.070635 0.869262 0.417163
vn 0.056820 0.869242 0.419299
vn 0.041067 0.869237 0.421140
vn 0.023579 0.869203 0.422530
vn 0.003428 0.869209 0.423165
vn -0.019898 0.869177 0.422758
vn -0.044178 0.869204 0.420874
vn -0.066740 0.869269 0.417793
vn -0.086845 0.869247 0.414115
vn -0.104250 0.869270 0.410045
vn -0.119365 0.869198 0.406013
vn -0.133592 0.869246 0.401482
vn -0.150312 0.869244 0.395528
vn -0.170393 0.869153 0.387447
vn -0.193418 0.869305 0.376233
vn -0.221809 0.869307 0.360222
vn -0.252069 0.869278 0.339787
vn -0.273687 0.869248 0.322688
vn -0.282842 0.869258 0.314675
vn -0.280868 0.869301 0.316354
vn -0.273775 0.869208 0.322689
vn -0.269841 0.869267 0.325875
vn -0.269668 0.869260 0.326032
vn -0.269841 0.869267 0.325875
vn -0.269876 0.869306 0.325772
vn -0.272932 0.869270 0.323284
vn -0.279189 0.869244 0.317947
vn -0.280509 0.869231 0.316808
vn -0.272761 0.869262 0.323444
vn -0.255641 0.869232 0.337193
vn -0.228901 0.869268 0.355824
vn -0.201702 0.869206 0.372023
vn -0.181627 0.869295 0.382081
vn -0.171037 0.869248 0.387012
vn -0.170275 0.869276 0.387303
vn -0.174105 0.869221 0.385684
vn -0.173632 0.869239 0.385869
vn -0.171123 0.869273 0.386934
vn -0.170001 0.869288 0.387405
vn -0.170051 0.869302 0.387361
vn -0.175943 0.869249 0.384805
vn -0.186029 0.869240 0.380046
vn -0.188274 0.869292 0.378854
vn -0.176298 0.869265 0.384616
vn -0.148925 0.869324 0.395929
vn -0.107635 0.869316 0.409099
vn -0.065287 0.869348 0.417907
vn -0.035776 0.869255 0.421597
vn -0.021887 0.869227 0.422586
vn -0.022795 0.869252 0.422502
vn -0.032099 0.869226 0.421935
vn -0.037699 0.869270 0.421407
vn -0.036680 0.869223 0.421565
vn -0.032729 0.869251 0.421850
vn -0.026617 0.869172 0.422395
vn -0.018599 0.869217 0.422758
vn -0.010140 0.869264 0.422977
vn -0.003358 0.869208 0.423166
vn 0.000636 0.869324 0.423010
vn 0.001808 0.869204 0.423183
vn 0.002256 0.869205 0.423179
vn 0.003686 0.869210 0.423162
vn 0.005028 0.869217 0.423137
vn 0.004977 0.869216 0.423139
vn 0.003617 0.869209 0.423163
vn 0.000370 0.936081 0.302972
vn -0.002591 0.936003 0.303138
vn -0.004091 0.935995 0.303141
vn -0.003866 0.936009 0.303113
vn -0.001315 0.936000 0.303153
vn 0.002074 0.936002 0.303145
vn 0.004276 0.935996 0.303136
vn 0.006661 0.936012 0.303056
vn 0.010502 0.936039 0.302886
vn 0.016301 0.936011 0.302694
vn 0.024975 0.936066 0.301975
vn 0.034936 0.936035 0.301057
vn 0.041736 0.936070 0.300111
vn 0.042562 0.936000 0.300153
vn 0.037718 0.936022 0.300752
vn 0.028391 0.935957 0.301923
vn 0.019130 0.935962 0.302639
vn 0.014437 0.935989 0.302838
vn 0.014931 0.935998 0.302793
vn 0.020692 0.935986 0.302481
vn 0.032576 0.936061 0.301263
vn 0.046118 0.935946 0.299752
vn 0.052533 0.936026 0.298511
vn 0.048159 0.935942 0.299440
vn 0.033393 0.936081 0.301129
vn 0.014027 0.936079 0.302653
vn -0.001422 0.936000 0.303152
vn -0.013369 0.935970 0.302929
vn -0.026788 0.936013 0.301940
vn -0.042017 0.935985 0.300264
vn -0.058907 0.935957 0.297478
vn -0.075206 0.935954 0.293788
vn -0.090948 0.936067 0.289035
vn -0.107026 0.935973 0.283702
vn -0.122631 0.936000 0.277246
vn -0.140055 0.935948 0.268998
vn -0.158180 0.936031 0.258536
vn -0.172244 0.936014 0.249432
vn -0.180148 0.936032 0.243735
vn -0.183305 0.935965 0.241560
vn -0.182929 0.936010 0.241717
vn -0.183533 0.936020 0.241231
vn -0.187365 0.936025 0.238254
vn -0.193007 0.936061 0.233601
vn -0.200264 0.936034 0.227491
vn -0.208761 0.936043 0.219691
vn -0.217354 0.935987 0.211373
vn -0.223065 0.936076 0.205040
vn -0.225251 0.935988 0.202933
vn -0.223606 0.935982 0.204764
vn -0.219218 0.936036 0.209279
vn -0.215262 0.936046 0.213315
vn -0.214070 0.936010 0.214625
vn -0.215453 0.935943 0.213454
vn -0.219180 0.936030 0.209338
vn -0.224584 0.935968 0.203740
vn -0.228566 0.935988 0.199195
vn -0.232332 0.935981 0.194813
vn -0.237222 0.936009 0.188726
vn -0.243182 0.935994 0.181038
vn -0.249531 0.935985 0.172218
vn -0.255455 0.935989 0.163283
vn -0.260032 0.936036 0.155684
vn -0.263702 0.935995 0.149574
vn -0.266162 0.935987 0.145190
vn -0.267997 0.935999 0.141712
vn -0.270247 0.936022 0.137261
vn -0.273010 0.935987 0.131863
vn -0.275624 0.935986 0.126311
vn -0.277916 0.936012 0.121040
vn -0.280234 0.936023 0.115509
vn -0.282472 0.936014 0.109974
vn -0.284221 0.936013 0.105380
vn -0.285684 0.936012 0.101350
vn -0.286732 0.935990 0.098503
vn -0.287086 0.935989 0.097471
vn -0.286842 0.936006 0.098068
vn -0.287525 0.936042 0.095793
vn -0.289818 0.936030 0.088705
vn -0.293503 0.935998 0.075913
vn -0.297525 0.936012 0.058017
vn -0.300750 0.935996 0.038201
vn -0.302222 0.936032 0.022857
vn -0.302795 0.936024 0.013650
vn -0.302844 0.936048 0.011133
vn -0.302799 0.936023 0.013611
vn -0.302685 0.936043 0.015086
vn -0.302887 0.936009 0.012289
vn -0.302989 0.936052 0.005508
vn -0.303078 0.936012 -0.005628
vn -0.302455 0.936018 -0.020019
vn -0.301177 0.936048 -0.033615
vn -0.299763 0.936039 -0.044638
vn -0.298483 0.936005 -0.052959
vn -0.297178 0.936038 -0.059473
vn -0.296227 0.936039 -0.064026
vn -0.295268 0.935985 -0.068856
vn -0.293584 0.936020 -0.075399
vn -0.291373 0.936014 -0.083586
vn -0.288365 0.935997 -0.093563
vn -0.284222 0.936004 -0.105434
vn -0.279224 0.936009 -0.118008
vn -0.274744 0.936013 -0.128068
vn -0.271501 0.936027 -0.134738
vn -0.269847 0.936024 -0.138034
vn -0.270089 0.935986 -0.137748
vn -0.270834 0.935976 -0.136328
vn -0.269339 0.936022 -0.139031
vn -0.264929 0.936011 -0.147315
vn -0.256604 0.935966 -0.161571
vn -0.243177 0.935958 -0.181181
vn -0.227590 0.936007 -0.200244
vn -0.215216 0.936011 -0.213473
vn -0.209077 0.935966 -0.219630
vn -0.209184 0.936027 -0.219338
vn -0.212962 0.936047 -0.215609
vn -0.214809 0.936011 -0.213884
vn -0.214070 0.936010 -0.214625
vn -0.212537 0.936014 -0.216130
vn -0.209996 0.936023 -0.218573
vn -0.207123 0.935985 -0.221415
vn -0.203618 0.936032 -0.224499
vn -0.201091 0.936019 -0.226805
vn -0.199932 0.936034 -0.227782
vn -0.200284 0.936000 -0.227574
vn -0.202316 0.935989 -0.225802
vn -0.204761 0.935977 -0.223624
vn -0.205163 0.935974 -0.223267
vn -0.202686 0.935990 -0.225470
vn -0.196838 0.936018 -0.230508
vn -0.189754 0.936036 -0.236322
vn -0.184349 0.935981 -0.240719
vn -0.178542 0.936005 -0.244990
vn -0.171087 0.935971 -0.250345
vn -0.161143 0.936022 -0.256723
vn -0.149541 0.936061 -0.263548
vn -0.138181 0.936007 -0.269817
vn -0.127524 0.935998 -0.275035
vn -0.118845 0.935958 -0.278994
vn -0.111518 0.936038 -0.281807
vn -0.104522 0.936019 -0.284521
vn -0.096653 0.936071 -0.287168
vn -0.089497 0.936047 -0.289533
vn -0.084640 0.935948 -0.291225
vn -0.081103 0.935976 -0.292162
vn -0.078854 0.936013 -0.292691
vn -0.077043 0.935982 -0.293245
vn -0.072939 0.935992 -0.294269
vn -0.066616 0.936002 -0.295742
vn -0.058097 0.936011 -0.297513
vn -0.049665 0.936094 -0.298844
vn -0.042937 0.936021 -0.300052
vn -0.035769 0.935974 -0.301098
vn -0.026462 0.936002 -0.301995
vn -0.014786 0.935996 -0.302806
vn -0.000331 0.936081 -0.302972
vn 0.014602 0.935992 -0.302823
vn 0.026037 0.936086 -0.301841
vn 0.033132 0.935986 -0.301373
vn 0.036205 0.936078 -0.300808
vn 0.038841 0.936062 -0.300516
vn 0.044260 0.935982 -0.299950
vn 0.049535 0.936000 -0.299081
vn 0.050148 0.936026 -0.298921
vn 0.046826 0.935990 -0.299542
vn 0.041076 0.935949 -0.300477
vn 0.035750 0.935973 -0.301103
vn 0.033113 0.935985 -0.301377
vn 0.031969 0.936051 -0.301351
vn 0.032719 0.936067 -0.301234
vn 0.033494 0.936001 -0.301298
vn 0.032589 0.935962 -0.301485
vn 0.032681 0.936065 -0.301242
vn 0.035911 0.935981 -0.301066
vn 0.042899 0.936019 -0.300062
vn 0.051518 0.936088 -0.298546
vn 0.058745 0.936046 -0.297304
vn 0.064817 0.935990 -0.296169
vn 0.071216 0.936076 -0.294495
vn 0.078982 0.936028 -0.292622
vn 0.088201 0.936035 -0.289959
vn 0.097443 0.935945 -0.287201
vn 0.105297 0.935998 -0.284286
vn 0.110162 0.935980 -0.282483
vn 0.111818 0.935974 -0.281844
vn 0.112158 0.936002 -0.281642
vn 0.113206 0.936025 -0.281165
vn 0.115670 0.935993 -0.280239
vn 0.118556 0.936023 -0.278958
vn 0.121758 0.935993 -0.277648
vn 0.126751 0.936005 -0.275375
vn 0.133066 0.936003 -0.272385
vn 0.137010 0.936043 -0.270321
vn 0.136326 0.936035 -0.270686
vn 0.131421 0.935993 -0.273207
vn 0.122070 0.936023 -0.277437
vn 0.111981 0.935986 -0.281750
vn 0.106170 0.935995 -0.283969
vn 0.106268 0.935995 -0.283934
vn 0.112921 0.935989 -0.281368
vn 0.123123 0.936052 -0.276900
vn 0.132011 0.935968 -0.272986
vn 0.137458 0.936007 -0.270184
vn 0.139979 0.936047 -0.268785
vn 0.140337 0.935987 -0.268751
vn 0.139514 0.935998 -0.269151
vn 0.138489 0.936052 -0.269544
vn 0.139197 0.936049 -0.269187
vn 0.141151 0.936020 -0.268242
vn 0.144548 0.935999 -0.266480
vn 0.147055 0.936088 -0.264874
vn 0.147546 0.936053 -0.264691
vn 0.149966 0.936030 -0.263387
vn 0.156624 0.935972 -0.259636
vn 0.166894 0.936023 -0.253019
vn 0.178641 0.936035 -0.244834
vn 0.188222 0.935998 -0.237652
vn 0.195996 0.935998 -0.231284
vn 0.203156 0.936016 -0.224967
vn 0.209917 0.936029 -0.218630
vn 0.219217 0.936031 -0.209298
vn 0.230451 0.935984 -0.197025
vn 0.236949 0.936027 -0.189003
vn 0.236599 0.936012 -0.189497
vn 0.228918 0.936003 -0.198737
vn 0.214855 0.936040 -0.213745
vn 0.199872 0.936013 -0.227897
vn 0.189945 0.935967 -0.236369
vn 0.184992 0.936027 -0.240094
vn 0.186473 0.936027 -0.238947
vn 0.190111 0.935986 -0.236180
vn 0.190550 0.936011 -0.235752
vn 0.190585 0.936000 -0.235758
vn 0.193324 0.936024 -0.233445
vn 0.198995 0.936032 -0.228607
vn 0.207123 0.935985 -0.221415
vn 0.215094 0.935982 -0.213691
vn 0.220235 0.936035 -0.208213
vn 0.222348 0.936059 -0.205874
vn 0.221968 0.936062 -0.206274
vn 0.220196 0.936004 -0.208354
vn 0.219377 0.935938 -0.209433
vn 0.219180 0.936030 -0.209338
vn 0.219180 0.936030 -0.209338
vn 0.219417 0.935963 -0.209310
vn 0.218151 0.936018 -0.210449
vn 0.216318 0.936050 -0.212231
vn 0.215903 0.935979 -0.212883
vn 0.218355 0.935996 -0.210309
vn 0.223570 0.935993 -0.204770
vn 0.230508 0.936018 -0.196838
vn 0.237195 0.936001 -0.188789
vn 0.241552 0.936028 -0.183082
vn 0.244274 0.935999 -0.179543
vn 0.245128 0.936059 -0.178144
vn 0.245633 0.936025 -0.177580
vn 0.246665 0.935993 -0.176268
vn 0.247785 0.936010 -0.174623
vn 0.248536 0.936044 -0.173419
vn 0.249029 0.935971 -0.172996
vn 0.248296 0.936021 -0.173852
vn 0.247457 0.935989 -0.175167
vn 0.247482 0.935993 -0.175118
vn 0.249291 0.936030 -0.172385
vn 0.252588 0.936043 -0.167465
vn 0.257525 0.935972 -0.160074
vn 0.261812 0.936048 -0.152618
vn 0.264966 0.936016 -0.147225
vn 0.266358 0.936023 -0.144658
vn 0.266175 0.935993 -0.145137
vn 0.264529 0.935983 -0.148159
vn 0.262673 0.935989 -0.151399
vn 0.262226 0.936042 -0.151932
vn 0.263937 0.935992 -0.149171
vn 0.267336 0.936006 -0.142924
vn 0.270991 0.935983 -0.135982
vn 0.273550 0.935995 -0.130697
vn 0.276141 0.935990 -0.125154
vn 0.279607 0.936030 -0.116975
vn 0.283792 0.936013 -0.106529
vn 0.288445 0.936011 -0.093211
vn 0.292586 0.936031 -0.079085
vn 0.295446 0.935987 -0.068075
vn 0.296775 0.936014 -0.061716
vn 0.297239 0.935995 -0.059670
vn 0.296776 0.936010 -0.061759
vn 0.296257 0.936033 -0.063955
vn 0.296739 0.935987 -0.062190
vn 0.297987 0.936024 -0.055456
vn 0.299894 0.936046 -0.043640
vn 0.301616 0.936008 -0.030345
vn 0.302488 0.936015 -0.019611
vn 0.303049 0.935984 -0.009372
vn 0.303043 0.936045 0.002667
vn 0.302526 0.936041 0.018045
vn 0.301155 0.936019 0.034409
vn 0.298968 0.936042 0.049638
vn 0.296242 0.936036 0.063991
vn 0.292813 0.935991 0.078590
vn 0.288151 0.936026 0.094006
vn 0.281791 0.936014 0.111708
vn 0.273568 0.935995 0.130657
vn 0.265585 0.935962 0.146358
vn 0.258941 0.935992 0.157685
vn 0.254493 0.936024 0.164632
vn 0.251068 0.936053 0.169695
vn 0.246694 0.936027 0.176093
vn 0.240970 0.935959 0.184102
vn 0.235101 0.936022 0.191317
vn 0.229844 0.936003 0.197666
vn 0.224683 0.936043 0.203378
vn 0.219493 0.935994 0.209129
vn 0.213785 0.936045 0.214798
vn 0.207724 0.936071 0.220585
vn 0.201499 0.936007 0.226478
vn 0.196803 0.935977 0.230660
vn 0.193817 0.936025 0.233033
vn 0.188668 0.935980 0.237352
vn 0.177930 0.935974 0.245522
vn 0.159873 0.936012 0.257542
vn 0.135679 0.936060 0.270949
vn 0.110643 0.936032 0.282167
vn 0.089187 0.936005 0.289728
vn 0.071969 0.936031 0.294418
vn 0.059780 0.936012 0.297177
vn 0.050529 0.936036 0.298834
vn 0.040693 0.936029 0.300348
vn 0.029433 0.935980 0.301769
vn 0.016853 0.936022 0.302637
vn 0.002425 0.936003 0.303141
vn -0.014272 0.935986 0.302852
vn -0.031686 0.935955 0.301598
vn -0.047852 0.936023 0.299303
vn -0.062168 0.936029 0.296647
vn -0.074713 0.936024 0.293750
vn -0.085452 0.936017 0.290825
vn -0.095718 0.935983 0.287691
vn -0.107665 0.936032 0.283318
vn -0.122130 0.935928 0.277646
vn -0.138489 0.936052 0.269544
vn -0.158882 0.936046 0.258065
vn -0.180576 0.936019 0.243455
vn -0.195988 0.936041 0.231164
vn -0.202682 0.935985 0.225488
vn -0.201199 0.936049 0.226619
vn -0.196230 0.935976 0.231150
vn -0.193319 0.936019 0.233463
vn -0.193244 0.935990 0.233611
vn -0.193315 0.936015 0.233481
vn -0.193350 0.936051 0.233347
vn -0.195538 0.936026 0.231588
vn -0.200130 0.935972 0.227793
vn -0.201018 0.935978 0.226993
vn -0.195496 0.935980 0.231759
vn -0.183070 0.936038 0.241530
vn -0.164016 0.936033 0.254868
vn -0.144484 0.936001 0.266508
vn -0.130108 0.936011 0.273790
vn -0.122556 0.935984 0.277320
vn -0.122016 0.936031 0.277442
vn -0.124793 0.935966 0.276364
vn -0.124388 0.936003 0.276456
vn -0.122671 0.935990 0.277254
vn -0.121901 0.936005 0.277556
vn -0.121901 0.936005 0.277556
vn -0.126017 0.936002 0.275719
vn -0.133226 0.936024 0.272254
vn -0.134847 0.936035 0.271426
vn -0.126294 0.936048 0.275479
vn -0.106713 0.936036 0.283666
vn -0.077055 0.936074 0.293027
vn -0.046746 0.936070 0.299371
vn -0.025600 0.935988 0.302100
vn -0.015726 0.936014 0.302717
vn -0.016301 0.936011 0.302694
vn -0.022953 0.936034 0.302208
vn -0.027009 0.936021 0.301904
vn -0.026273 0.936011 0.301991
vn -0.023450 0.936034 0.302171
vn -0.019092 0.935961 0.302644
vn -0.013330 0.935970 0.302932
vn -0.007254 0.936018 0.303030
vn -0.002425 0.936003 0.303141
vn 0.000496 0.936082 0.302972
vn 0.001295 0.936000 0.303153
vn 0.001665 0.936001 0.303150
vn 0.002610 0.936004 0.303138
vn 0.003642 0.936008 0.303118
vn 0.003535 0.936007 0.303120
vn 0.002591 0.936003 0.303138
vn 0.000370 0.936081 0.302972
vn -0.002591 0.936003 0.303138
vn -0.004091 0.935995 0.303141
vn -0.003866 0.936009 0.303113
vn -0.001315 0.936000 0.303153
vn 0.002074 0.936002 0.303145
vn 0.004276 0.935996 0.303136
vn 0.006661 0.936012 0.303056
vn 0.010502 0.936039 0.302886
vn 0.016301 0.936011 0.302694
vn 0.024975 0.936066 0.301975
vn 0.034936 0.936035 0.301057
vn 0.041736 0.936070 0.300111
vn 0.042562 0.936000 0.300153
vn 0.037718 0.936022 0.300752
vn 0.028391 0.935957 0.301923
vn 0.019130 0.935962 0.302639
vn 0.014437 0.935989 0.302838
vn 0.014931 0.935998 0.302793
vn 0.020692 0.935986 0.302481
vn 0.032576 0.936061 0.301263
vn 0.046118 0.935946 0.299752
vn 0.052533 0.936026 0.298511
vn 0.048159 0.935942 0.299440
vn 0.033393 0.936081 0.301129
vn 0.014027 0.936079 0.302653
vn -0.001422 0.936000 0.303152
vn -0.013369 0.935970 0.302929
vn -0.026788 0.936013 0.301940
vn -0.042017 0.935985 0.300264
vn -0.058907 0.935957 0.297478
vn -0.075206 0.935954 0.293788
vn -0.090948 0.936067 0.289035
vn -0.107026 0.935973 0.283702
vn -0.122631 0.936000 0.277246
vn -0.140055 0.935948 0.268998
vn -0.158180 0.936031 0.258536
vn -0.172244 0.936014 0.249432
vn -0.180148 0.936032 0.243735
vn -0.183305 0.935965 0.241560
vn -0.182929 0.936010 0.241717
vn -0.183533 0.936020 0.241231
vn -0.187365 0.936025 0.238254
vn -0.193007 0.936061 0.233601
vn -0.200264 0.936034 0.227491
vn -0.208761 0.936043 0.219691
vn -0.217354 0.935987 0.211373
vn -0.223065 0.936076 0.205040
vn -0.225251 0.935988 0.202933
vn -0.223606 0.935982 0.204764
vn -0.219218 0.936036 0.209279
vn -0.215262 0.936046 0.213315
vn -0.214070 0.936010 0.214625
vn -0.215453 0.935943 0.213454
vn -0.219180 0.936030 0.209338
vn -0.224584 0.935968 0.203740
vn -0.228566 0.935988 0.199195
vn -0.232332 0.935981 0.194813
vn -0.237222 0.936009 0.188726
vn -0.243182 0.935994 0.181038
vn -0.249531 0.935985 0.172218
vn -0.255455 0.935989 0.163283
vn -0.260032 0.936036 0.155684
vn -0.263702 0.935995 0.149574
vn -0.266162 0.935987 0.145190
vn -0.267997 0.935999 0.141712
vn -0.270247 0.936022 0.137261
vn -0.273010 0.935987 0.131863
vn -0.275624 0.935986 0.126311
vn -0.277916 0.936012 0.121040
vn -0.280234 0.936023 0.115509
vn -0.282472 0.936014 0.109974
vn -0.284221 0.936013 0.105380
vn -0.285684 0.936012 0.101350
vn -0.286732 0.935990 0.098503
vn -0.287086 0.935989 0.097471
vn -0.286842 0.936006 0.098068
vn -0.287525 0.936042 0.095793
vn -0.289818 0.936030 0.088705
vn -0.293503 0.935998 0.075913
vn -0.297525 0.936012 0.058017
vn -0.300750 0.935996 0.038201
vn -0.302222 0.936032 0.022857
vn -0.302795 0.936024 0.013650
vn -0.302844 0.936048 0.011133
vn -0.302799 0.936023 0.013611
vn -0.302685 0.936043 0.015086
vn -0.302887 0.936009 0.012289
vn -0.302989 0.936052 0.005508
vn -0.303078 0.936012 -0.005628
vn -0.302455 0.936018 -0.020019
vn -0.301177 0.936048 -0.033615
vn -0.299763 0.936039 -0.044638
vn -0.298483 0.936005 -0.052959
vn -0.297178 0.936038 -0.059473
vn -0.296227 0.936039 -0.064026
vn -0.295268 0.935985 -0.068856
vn -0.293584 0.936020 -0.075399
vn -0.291373 0.936014 -0.083586
vn -0.288365 0.935997 -0.093563
vn -0.284222 0.936004 -0.105434
vn -0.279224 0.936009 -0.118008
vn -0.274744 0.936013 -0.128068
vn -0.271501 0.936027 -0.134738
vn -0.269847 0.936024 -0.138034
vn -0.270089 0.935986 -0.137748
vn -0.270834 0.935976 -0.136328
vn -0.269339 0.936022 -0.139031
vn -0.264929 0.936011 -0.147315
vn -0.256604 0.935966 -0.161571
vn -0.243177 0.935958 -0.181181
vn -0.227590 0.936007 -0.200244
vn -0.215216 0.936011 -0.213473
vn -0.209077 0.935966 -0.219630
vn -0.209184 0.936027 -0.219338
vn -0.212962 0.936047 -0.215609
vn -0.214809 0.936011 -0.213884
vn -0.214070 0.936010 -0.214625
vn -0.212537 0.936014 -0.216130
vn -0.209996 0.936023 -0.218573
vn -0.207123 0.935985 -0.221415
vn -0.203618 0.936032 -0.224499
vn -0.201091 0.936019 -0.226805
vn -0.199932 0.936034 -0.227782
vn -0.200284 0.936000 -0.227574
vn -0.202316 0.935989 -0.225802
vn -0.204761 0.935977 -0.223624
vn -0.205163 0.935974 -0.223267
vn -0.202686 0.935990 -0.225470
vn -0.196838 0.936018 -0.230508
vn -0.189754 0.936036 -0.236322
vn -0.184349 0.935981 -0.240719
vn -0.178542 0.936005 -0.244990
vn -0.171087 0.935971 -0.250345
vn -0.161143 0.936022 -0.256723
vn -0.149541 0.936061 -0.263548
vn -0.138181 0.936007 -0.269817
vn -0.127524 0.935998 -0.275035
vn -0.118845 0.935958 -0.278994
vn -0.111518 0.936038 -0.281807
vn -0.104522 0.936019 -0.284521
vn -0.096653 0.936071 -0.287168
vn -0.089497 0.936047 -0.289533
vn -0.084640 0.935948 -0.291225
vn -0.081103 0.935976 -0.292162
vn -0.078854 0.936013 -0.292691
vn -0.077043 0.935982 -0.293245
vn -0.072939 0.935992 -0.294269
vn -0.066616 0.936002 -0.295742
vn -0.058097 0.936011 -0.297513
vn -0.049665 0.936094 -0.298844
vn -0.042937 0.936021 -0.300052
vn -0.035769 0.935974 -0.301098
vn -0.026462 0.936002 -0.301995
vn -0.014786 0.935996 -0.302806
vn -0.000331 0.936081 -0.302972
vn 0.014602 0.935992 -0.302823
vn 0.026037 0.936086 -0.301841
vn 0.033132 0.935986 -0.301373
vn 0.036205 0.936078 -0.300808
vn 0.038841 0.936062 -0.300516
vn 0.044260 0.935982 -0.299950
vn 0.049535 0.936000 -0.299081
vn 0.050148 0.936026 -0.298921
vn 0.046826 0.935990 -0.299542
vn 0.041076 0.935949 -0.300477
vn 0.035750 0.935973 -0.301103
vn 0.033113 0.935985 -0.301377
vn 0.031969 0.936051 -0.301351
vn 0.032719 0.936067 -0.301234
vn 0.033494 0.936001 -0.301298
vn 0.032589 0.935962 -0.301485
vn 0.032681 0.936065 -0.301242
vn 0.035911 0.935981 -0.301066
vn 0.042899 0.936019 -0.300062
vn 0.051518 0.936088 -0.298546
vn 0.058745 0.936046 -0.297304
vn 0.064817 0.935990 -0.296169
vn 0.071216 0.936076 -0.294495
vn 0.078982 0.936028 -0.292622
vn 0.088201 0.936035 -0.289959
vn 0.097443 0.935945 -0.287201
vn 0.105297 0.935998 -0.284286
vn 0.110162 0.935980 -0.282483
vn 0.111818 0.935974 -0.281844
vn 0.112158 0.936002 -0.281642
vn 0.113206 0.936025 -0.281165
vn 0.115670 0.935993 -0.280239
vn 0.118556 0.936023 -0.278958
vn 0.121758 0.935993 -0.277648
vn 0.126751 0.936005 -0.275375
vn 0.133066 0.936003 -0.272385
vn 0.137010 0.936043 -0.270321
vn 0.136326 0.936035 -0.270686
vn 0.131421 0.935993 -0.273207
vn 0.122070 0.936023 -0.277437
vn 0.111981 0.935986 -0.281750
vn 0.106170 0.935995 -0.283969
vn 0.106268 0.935995 -0.283934
vn 0.112921 0.935989 -0.281368
vn 0.123123 0.936052 -0.276900
vn 0.132011 0.935968 -0.272986
vn 0.137458 0.936007 -0.270184
vn 0.139979 0.936047 -0.268785
vn 0.140337 0.935987 -0.268751
vn 0.139514 0.935998 -0.269151
vn 0.138489 0.936052 -0.269544
vn 0.139197 0.936049 -0.269187
vn 0.141151 0.936020 -0.268242
vn 0.144548 0.935999 -0.266480
vn 0.147055 0.936088 -0.264874
vn 0.147546 0.936053 -0.264691
vn 0.149966 0.936030 -0.263387
vn 0.156624 0.935972 -0.259636
vn 0.166894 0.936023 -0.253019
vn 0.178641 0.936035 -0.244834
vn 0.188222 0.935998 -0.237652
vn 0.195996 0.935998 -0.231284
vn 0.203156 0.936016 -0.224967
vn 0.209917 0.936029 -0.218630
vn 0.219217 0.936031 -0.209298
vn 0.230451 0.935984 -0.197025
vn 0.236949 0.936027 -0.189003
vn 0.236599 0.936012 -0.189497
vn 0.228918 0.936003 -0.198737
vn 0.214855 0.936040 -0.213745
vn 0.199872 0.936013 -0.227897
vn 0.189945 0.935967 -0.236369
vn 0.184992 0.936027 -0.240094
vn 0.186473 0.936027 -0.238947
vn 0.190111 0.935986 -0.236180
vn 0.190550 0.936011 -0.235752
vn 0.190585 0.936000 -0.235758
vn 0.193324 0.936024 -0.233445
vn 0.198995 0.936032 -0.228607
vn 0.207123 0.935985 -0.221415
vn 0.215094 0.935982 -0.213691
vn 0.220235 0.936035 -0.208213
vn 0.222348 0.936059 -0.205874
vn 0.221968 0.936062 -0.206274
vn 0.220196 0.936004 -0.208354
vn 0.219377 0.935938 -0.209433
vn 0.219180 0.936030 -0.209338
vn 0.219180 0.936030 -0.209338
vn 0.219417 0.935963 -0.209310
vn 0.218151 0.936018 -0.210449
vn 0.216318 0.936050 -0.212231
vn 0.215903 0.935979 -0.212883
vn 0.218355 0.935996 -0.210309
vn 0.223570 0.935993 -0.204770
vn 0.230508 0.936018 -0.196838
vn 0.237195 0.936001 -0.188789
vn 0.241552 0.936028 -0.183082
vn 0.244274 0.935999 -0.179543
vn 0.245128 0.936059 -0.178144
vn 0.245633 0.936025 -0.177580
vn 0.246665 0.935993 -0.176268
vn 0.247785 0.936010 -0.174623
vn 0.248536 0.936044 -0.173419
vn 0.249029 0.935971 -0.172996
vn 0.248296 0.936021 -0.173852
vn 0.247457 0.935989 -0.175167
vn 0.247482 0.935993 -0.175118
vn 0.249291 0.936030 -0.172385
vn 0.252588 0.936043 -0.167465
vn 0.257525 0.935972 -0.160074
vn 0.261812 0.936048 -0.152618
vn 0.264966 0.936016 -0.147225
vn 0.266358 0.936023 -0.144658
vn 0.266175 0.935993 -0.145137
vn 0.264529 0.935983 -0.148159
vn 0.262673 0.935989 -0.151399
vn 0.262226 0.936042 -0.151932
vn 0.263937 0.935992 -0.149171
vn 0.267336 0.936006 -0.142924
vn 0.270991 0.935983 -0.135982
vn 0.273550 0.935995 -0.130697
vn 0.276141 0.935990 -0.125154
vn 0.279607 0.936030 -0.116975
vn 0.283792 0.936013 -0.106529
vn 0.288445 0.936011 -0.093211
vn 0.292586 0.936031 -0.079085
vn 0.295446 0.935987 -0.068075
vn 0.296775 0.936014 -0.061716
vn 0.297239 0.935995 -0.059670
vn 0.296776 0.936010 -0.061759
vn 0.296257 0.936033 -0.063955
vn 0.296739 0.935987 -0.062190
vn 0.297987 0.936024 -0.055456
vn 0.299894 0.936046 -0.043640
vn 0.301616 0.936008 -0.030345
vn 0.302488 0.936015 -0.019611
vn 0.303049 0.935984 -0.009372
vn 0.303043 0.936045 0.002667
vn 0.302526 0.936041 0.018045
vn 0.301155 0.936019 0.034409
vn 0.298968 0.936042 0.049638
vn 0.296242 0.936036 0.063991
vn 0.292813 0.935991 0.078590
vn 0.288151 0.936026 0.094006
vn 0.281791 0.936014 0.111708
vn 0.273568 0.935995 0.130657
vn 0.265585 0.935962 0.146358
vn 0.258941 0.935992 0.157685
vn 0.254493 0.936024 0.164632
vn 0.251068 0.936053 0.169695
vn 0.246694 0.936027 0.176093
vn 0.240970 0.935959 0.184102
vn 0.235101 0.936022 0.191317
vn 0.229844 0.936003 0.197666
vn 0.224683 0.936043 0.203378
vn 0.219493 0.935994 0.209129
vn 0.213785 0.936045 0.214798
vn 0.207724 0.936071 0.220585
vn 0.201499 0.936007 0.226478
vn 0.196803 0.935977 0.230660
vn 0.193817 0.936025 0.233033
vn 0.188668 0.935980 0.237352
vn 0.177930 0.935974 0.245522
vn 0.159873 0.936012 0.257542
vn 0.135679 0.936060 0.270949
vn 0.110643 0.936032 0.282167
vn 0.089187 0.936005 0.289728
vn 0.071969 0.936031 0.294418
vn 0.059780 0.936012 0.297177
vn 0.050529 0.936036 0.298834
vn 0.040693 0.936029 0.300348
vn 0.029433 0.935980 0.301769
vn 0.016853 0.936022 0.302637
vn 0.002425 0.936003 0.303141
vn -0.014272 0.935986 0.302852
vn -0.031686 0.935955 0.301598
vn -0.047852 0.936023 0.299303
vn -0.062168 0.936029 0.296647
vn -0.074713 0.936024 0.293750
vn -0.085452 0.936017 0.290825
vn -0.095718 0.935983 0.287691
vn -0.107665 0.936032 0.283318
vn -0.122130 0.935928 0.277646
vn -0.138489 0.936052 0.269544
vn -0.158882 0.936046 0.258065
vn -0.180576 0.936019 0.243455
vn -0.195988 0.936041 0.231164
vn -0.202682 0.935985 0.225488
vn -0.201199 0.936049 0.226619
vn -0.196230 0.935976 0.231150
vn -0.193319 0.936019 0.233463
vn -0.193244 0.935990 0.233611
vn -0.193315 0.936015 0.233481
vn -0.193350 0.936051 0.233347
vn -0.195538 0.936026 0.231588
vn -0.200130 0.935972 0.227793
vn -0.201018 0.935978 0.226993
vn -0.195496 0.935980 0.231759
vn -0.183070 0.936038 0.241530
vn -0.164016 0.936033 0.254868
vn -0.144484 0.936001 0.266508
vn -0.130108 0.936011 0.273790
vn -0.122556 0.935984 0.277320
vn -0.122016 0.936031 0.277442
vn -0.124793 0.935966 0.276364
vn -0.124388 0.936003 0.276456
vn -0.122671 0.935990 0.277254
vn -0.121901 0.936005 0.277556
vn -0.121901 0.936005 0.277556
vn -0.126017 0.936002 0.275719
vn -0.133226 0.936024 0.272254
vn -0.134847 0.936035 0.271426
vn -0.126294 0.936048 0.275479
vn -0.106713 0.936036 0.283666
vn -0.077055 0.936074 0.293027
vn -0.046746 0.936070 0.299371
vn -0.025600 0.935988 0.302100
vn -0.015726 0.936014 0.302717
vn -0.016301 0.936011 0.302694
vn -0.022953 0.936034 0.302208
vn -0.027009 0.936021 0.301904
vn -0.026273 0.936011 0.301991
vn -0.023450 0.936034 0.302171
vn -0.019092 0.935961 0.302644
vn -0.013330 0.935970 0.302932
vn -0.007254 0.936018 0.303030
vn -0.002425 0.936003 0.303141
vn 0.000496 0.936082 0.302972
vn 0.001295 0.936000 0.303153
vn 0.001665 0.936001 0.303150
vn 0.002610 0.936004 0.303138
vn 0.003642 0.936008 0.303118
vn 0.003535 0.936007 0.303120
vn 0.002591 0.936003 0.303138
vn 0.000000 1.000000 0.000000
vn 0.000000 1.000000 0.000000
vn 0.000000 1.000000 0.000000
vn 0.000000 1.000000 0.000000
vn 0.000000 1.000000 0.000000
vn 0.000000 1.000000 0.000000
vn 0.000000 1.000000 0.000000
vn 0.000000 1.000000 0.000000
vn 0.000000 1.000000 0.000000
vn 0.000000 1.000000 0.000000
vn 0.000000 1.000000 0.000000
vn 0.000000 1.000000 0.000000
vn 0.000000 1.000000 0.000000
vn 0.000000 1.000000 0.000000
vn 0.000000 1.000000 0.000000
vn 0.000000 1.000000 0.000000
vn 0.000000 1.000000 0.000000
vn 0.000000 1.000000 0.000000
vn 0.000000 1.000000 0.000000
vn 0.000000 1.000000 0.000000
vn 0.000000 1.000000 0.000000
vn 0.000000 1.000000 0.000000
vn 0.000000 1.000000 0.000000
vn 0.000000 1.000000 0.000000
vn 0.000000 1.000000 0.000000
vn 0.000000 1.000000 0.000000
vn 0.000000 1.000000 0.000000
vn 0.000000 1.000000 0.000000
vn 0.000000 1.000000 0.000000
vn 0.000000 1.000000 0.000000
vn 0.000000 1.000000 0.000000
vn 0.000000 1.000000 0.000000
vn 0.000000 1.000000 0.000000
vn 0.000000 1.000000 0.000000
vn 0.000000 1.000000 0.000000
vn 0.000000 1.000000 0.000000
vn 0.000000 1.000000 0.000000
vn 0.000000 1.000000 0.000000
vn 0.000000 1.000000 0.000000
vn 0.000000 1.000000 0.000000
vn 0.000000 1.000000 0.000000
vn 0.000000 1.000000 0.000000
vn 0.000000 1.000000 0.000000
vn 0.000000 1.000000 0.000000
vn 0.000000 1.000000 0.000000
vn 0.000000 1.000000 0.000000
vn 0.000000 1.000000 0.000000
vn 0.000000 1.000000 0.000000
vn 0.000000 1.000000 0.000000
vn 0.000000 1.000000 0.000000
vn 0.000000 1.000000 0.000000
vn 0.000000 1.000000 0.000000
vn 0.000000 1.000000 0.000000
vn 0.000000 1.000000 0.000000
vn 0.000000 1.000000 0.000000
vn 0.000000 1.000000 0.000000
vn 0.000000 1.000000 0.000000
vn 0.000000 1.000000 0.000000
vn 0.000000 1.000000 0.000000
vn 0.000000 1.000000 0.000000
vn 0.000000 1.000000 0.000000
vn 0.000000 1.000000 0.000000
vn 0.000000 1.000000 0.000000
vn 0.000000 1.000000 0.000000
vn 0.000000 1.000000 0.000000
vn 0.000000 1.000000 0.000000
vn 0.000000 1.000000 0.000000
vn 0.000000 1.000000 0.000000
vn 0.000000 1.000000 0.000000
vn 0.000000 1.000000 0.000000
vn 0.000000 1.000000 0.000000
vn 0.000000 1.000000 0.000000
vn 0.000000 1.000000 0.000000
vn 0.000000 1.000000 0.000000
vn 0.000000 1.000000 0.000000
vn 0.000000 1.000000 0.000000
vn 0.000000 1.000000 0.000000
vn 0.000000 1.000000 0.000000
vn 0.000000 1.000000 0.000000
vn 0.000000 1.000000 0.000000
vn 0.000000 1.000000 0.000000
vn 0.000000 1.000000 0.000000
vn 0.000000 1.000000 0.000000
vn 0.000000 1.000000 0.000000
vn 0.000000 1.000000 0.000000
vn 0.000000 1.000000 0.000000
vn 0.000000 1.000000 0.000000
vn 0.000000 1.000000 0.000000
vn 0.000000 1.000000 0.000000
vn 0.000000 1.000000 0.000000
vn 0.000000 1.000000 0.000000
vn 0.000000 1.000000 0.000000
vn 0.000000 1.000000 0.000000
vn 0.000000 1.000000 0.000000
vn 0.000000 1.000000 0.000000
vn 0.000000 1.000000 0.000000
vn 0.000000 1.000000 0.000000
vn 0.000000 1.000000 0.000000
vn 0.000000 1.000000 0.000000
vn 0.000000 1.000000 0.000000
vn 0.000000 1.000000 0.000000
vn 0.000000 1.000000 0.000000
vn 0.000000 1.000000 0.000000
vn 0.000000 1.000000 0.000000
vn 0.000000 1.000000 0.000000
vn 0.000000 1.000000 0.000000
vn 0.000000 1.000000 0.000000
vn 0.000000 1.000000 0.000000
vn 0.000000 1.000000 0.000000
vn 0.000000 1.000000 0.000000
vn 0.000000 1.000000 0.000000
vn 0.000000 1.000000 0.000000
vn 0.000000 1.000000 0.000000
vn 0.000000 1.000000 0.000000
vn 0.000000 1.000000 0.000000
vn 0.000000 1.000000 0.000000
vn 0.000000 1.000000 0.000000
vn 0.000000 1.000000 0.000000
vn 0.000000 1.000000 0.000000
vn 0.000000 1.000000 0.000000
vn 0.000000 1.000000 0.000000
vn 0.000000 1.000000 0.000000
vn 0.000000 1.000000 0.000000
vn 0.000000 1.000000 0.000000
vn 0.000000 1.000000 0.000000
vn 0.000000 1.000000 0.000000
vn 0.000000 1.000000 0.000000
vn 0.000000 1.000000 0.000000
vn 0.000000 1.000000 0.000000
vn 0.000000 1.000000 0.000000
vn 0.000000 1.000000 0.000000
vn 0.000000 1.000000 0.000000
vn 0.000000 1.000000 0.000000
vn 0.000000 1.000000 0.000000
vn 0.000000 1.000000 0.000000
vn 0.000000 1.000000 0.000000
vn 0.000000 1.000000 0.000000
vn 0.000000 1.000000 0.000000
vn 0.000000 1.000000 0.000000
vn 0.000000 1.000000 0.000000
vn 0.000000 1.000000 0.000000
vn 0.000000 1.000000 0.000000
vn 0.000000 1.000000 0.000000
vn 0.000000 1.000000 0.000000
vn 0.000000 1.000000 0.000000
vn 0.000000 1.000000 0.000000
vn 0.000000 1.000000 0.000000
vn 0.000000 1.000000 0.000000
vn 0.000000 1.000000 0.000000
vn 0.000000 1.000000 0.000000
vn 0.000000 1.000000 0.000000
vn 0.000000 1.000000 0.000000
vn 0.000000 1.000000 0.000000
vn 0.000000 1.000000 0.000000
vn 0.000000 1.000000 0.000000
vn 0.000000 1.000000 0.000000
vn 0.000000 1.000000 0.000000
vn 0.000000 1.000000 0.000000
vn 0.000000 1.000000 0.000000
vn 0.000000 1.000000 0.000000
vn 0.000000 1.000000 0.000000
vn 0.000000 1.000000 0.000000
vn 0.000000 1.000000 0.000000
vn 0.000000 1.000000 0.000000
vn 0.000000 1.000000 0.000000
vn 0.000000 1.000000 0.000000
vn 0.000000 1.000000 0.000000
vn 0.000000 1.000000 0.000000
vn 0.000000 1.000000 0.000000
vn 0.000000 1.000000 0.000000
vn 0.000000 1.000000 0.000000
vn 0.000000 1.000000 0.000000
vn 0.000000 1.000000 0.000000
vn 0.000000 1.000000 0.000000
vn 0.000000 1.000000 0.000000
vn 0.000000 1.000000 0.000000
vn 0.000000 1.000000 0.000000
vn 0.000000 1.000000 0.000000
vn 0.000000 1.000000 0.000000
vn 0.000000 1.000000 0.000000
vn 0.000000 1.000000 0.000000
vn 0.000000 1.000000 0.000000
vn 0.000000 1.000000 0.000000
vn 0.000000 1.000000 0.000000
vn 0.000000 1.000000 0.000000
vn 0.000000 1.000000 0.000000
vn 0.000000 1.000000 0.000000
vn 0.000000 1.000000 0.000000
vn 0.000000 1.000000 0.000000
vn 0.000000 1.000000 0.000000
vn 0.000000 1.000000 0.000000
vn 0.000000 1.000000 0.000000
vn 0.000000 1.000000 0.000000
vn 0.000000 1.000000 0.000000
vn 0.000000 1.000000 0.000000
vn 0.000000 1.000000 0.000000
vn 0.000000 1.000000 0.000000
vn 0.000000 1.000000 0.000000
vn 0.000000 1.000000 0.000000
vn 0.000000 1.000000 0.000000
vn 0.000000 1.000000 0.000000
vn 0.000000 1.000000 0.000000
vn 0.000000 1.000000 0.000000
vn 0.000000 1.000000 0.000000
vn 0.000000 1.000000 0.000000
vn 0.000000 1.000000 0.000000
vn 0.000000 1.000000 0.000000
vn 0.000000 1.000000 0.000000
vn 0.000000 1.000000 0.000000
vn 0.000000 1.000000 0.000000
vn 0.000000 1.000000 0.000000
vn 0.000000 1.000000 0.000000
vn 0.000000 1.000000 0.000000
vn 0.000000 1.000000 0.000000
vn 0.000000 1.000000 0.000000
vn 0.000000 1.000000 0.000000
vn 0.000000 1.000000 0.000000
vn 0.000000 1.000000 0.000000
vn 0.000000 1.000000 0.000000
vn 0.000000 1.000000 0.000000
vn 0.000000 1.000000 0.000000
vn 0.000000 1.000000 0.000000
vn 0.000000 1.000000 0.000000
vn 0.000000 1.000000 0.000000
vn 0.000000 1.000000 0.000000
vn 0.000000 1.000000 0.000000
vn 0.000000 1.000000 0.000000
vn 0.000000 1.000000 0.000000
vn 0.000000 1.000000 0.000000
vn 0.000000 1.000000 0.000000
vn 0.000000 1.000000 0.000000
vn 0.000000 1.000000 0.000000
vn 0.000000 1.000000 0.000000
vn 0.000000 1.000000 0.000000
vn 0.000000 1.000000 0.000000
vn 0.000000 1.000000 0.000000
vn 0.000000 1.000000 0.000000
vn 0.000000 1.000000 0.000000
vn 0.000000 1.000000 0.000000
vn 0.000000 1.000000 0.000000
vn 0.000000 1.000000 0.000000
vn 0.000000 1.000000 0.000000
vn 0.000000 1.000000 0.000000
vn 0.000000 1.000000 0.000000
vn 0.000000 1.000000 0.000000
vn 0.000000 1.000000 0.000000
vn 0.000000 1.000000 0.000000
vn 0.000000 1.000000 0.000000
vn 0.000000 1.000000 0.000000
vn 0.000000 1.000000 0.000000
vn 0.000000 1.000000 0.000000
vn 0.000000 1.000000 0.000000
vn 0.000000 1.000000 0.000000
vn 0.000000 1.000000 0.000000
vn 0.000000 1.000000 0.000000
vn 0.000000 1.000000 0.000000
vn 0.000000 1.000000 0.000000
vn 0.000000 1.000000 0.000000
vn 0.000000 1.000000 0.000000
vn 0.000000 1.000000 0.000000
vn 0.000000 1.000000 0.000000
vn 0.000000 1.000000 0.000000
vn 0.000000 1.000000 0.000000
vn 0.000000 1.000000 0.000000
vn 0.000000 1.000000 0.000000
vn 0.000000 1.000000 0.000000
vn 0.000000 1.000000 0.000000
vn 0.000000 1.000000 0.000000
vn 0.000000 1.000000 0.000000
vn 0.000000 1.000000 0.000000
vn 0.000000 1.000000 0.000000
vn 0.000000 1.000000 0.000000
vn 0.000000 1.000000 0.000000
vn 0.000000 1.000000 0.000000
vn 0.000000 1.000000 0.000000
vn 0.000000 1.000000 0.000000
vn 0.000000 1.000000 0.000000
vn 0.000000 1.000000 0.000000
vn 0.000000 1.000000 0.000000
vn 0.000000 1.000000 0.000000
vn 0.000000 1.000000 0.000000
vn 0.000000 1.000000 0.000000
vn 0.000000 1.000000 0.000000
vn 0.000000 1.000000 0.000000
vn 0.000000 1.000000 0.000000
vn 0.000000 1.000000 0.000000
vn 0.000000 1.000000 0.000000
vn 0.000000 1.000000 0.000000
vn 0.000000 1.000000 0.000000
vn 0.000000 1.000000 0.000000
vn 0.000000 1.000000 0.000000
vn 0.000000 1.000000 0.000000
vn 0.000000 1.000000 0.000000
vn 0.000000 1.000000 0.000000
vn 0.000000 1.000000 0.000000
vn 0.000000 1.000000 0.000000
vn 0.000000 1.000000 0.000000
vn 0.000000 1.000000 0.000000
vn 0.000000 1.000000 0.000000
vn 0.000000 1.000000 0.000000
vn 0.000000 1.000000 0.000000
vn 0.000000 1.000000 0.000000
vn 0.000000 1.000000 0.000000
vn 0.000000 1.000000 0.000000
vn 0.000000 1.000000 0.000000
vn 0.000000 1.000000 0.000000
vn 0.000000 1.000000 0.000000
vn 0.000000 1.000000 0.000000
vn 0.000000 1.000000 0.000000
vn 0.000000 1.000000 0.000000
vn 0.000000 1.000000 0.000000
vn 0.000000 1.000000 0.000000
vn 0.000000 1.000000 0.000000
vn 0.000000 1.000000 0.000000
vn 0.000000 1.000000 0.000000
vn 0.000000 1.000000 0.000000
vn 0.000000 1.000000 0.000000
vn 0.000000 1.000000 0.000000
vn 0.000000 1.000000 0.000000
vn 0.000000 1.000000 0.000000
vn 0.000000 1.000000 0.000000
vn 0.000000 1.000000 0.000000
vn 0.000000 1.000000 0.000000
vn 0.000000 1.000000 0.000000
vn 0.000000 1.000000 0.000000
vn 0.000000 1.000000 0.000000
vn 0.000000 1.000000 0.000000
vn 0.000000 1.000000 0.000000
vn 0.000000 1.000000 0.000000
vn 0.000000 1.000000 0.000000
vn 0.000000 1.000000 0.000000
vn 0.000000 1.000000 0.000000
vn 0.000000 1.000000 0.000000
vn 0.000000 1.000000 0.000000
vn 0.000000 1.000000 0.000000
vn 0.000000 1.000000 0.000000
vn 0.000000 1.000000 0.000000
vn 0.000000 1.000000 0.000000
vn 0.000000 1.000000 0.000000
vn 0.000000 1.000000 0.000000
vn 0.000000 1.000000 0.000000
vn 0.000000 1.000000 0.000000
vn 0.000000 1.000000 0.000000
vn 0.000000 1.000000 0.000000
vn 0.000000 1.000000 0.000000
vn 0.000000 1.000000 0.000000
vn 0.000000 1.000000 0.000000
vn 0.000000 1.000000 0.000000
vn 0.000000 1.000000 0.000000
vn 0.000000 1.000000 0.000000
vn 0.000000 1.000000 0.000000
vn 0.000000 1.000000 0.000000
vn 0.000000 1.000000 0.000000
vn 0.000000 1.000000 0.000000
vn 0.000000 1.000000 0.000000
vn 0.000000 1.000000 0.000000
vn 0.000000 1.000000 0.000000
vn 0.000000 1.000000 0.000000
vn 0.000000 1.000000 0.000000
vn 0.000000 1.000000 0.000000
vn 0.000000 1.000000 0.000000
vn 0.000000 1.000000 0.000000
vn 0.000000 1.000000 0.000000
vn 0.000000 1.000000 0.000000
vn 0.000000 1.000000 0.000000
vn 0.000000 1.000000 0.000000
vn 0.000000 1.000000 0.000000
vn 0.000000 1.000000 0.000000
vn 0.000000 1.000000 0.000000
vn 0.000000 1.000000 0.000000
vn 0.000000 1.000000 0.000000
vn 0.000000 1.000000 0.000000
vn 0.000000 1.000000 0.000000
vn 0.000000 1.000000 0.000000
vn 0.000000 1.000000 0.000000
vn 0.000000 1.000000 0.000000
vn 0.000000 1.000000 0.000000
vn 0.000000 1.000000 0.000000
vn 0.000000 1.000000 0.000000
vn 0.000000 1.000000 0.000000
vn 0.000000 1.000000 0.000000
vn 0.000000 1.000000 0.000000
vn 0.000000 1.000000 0.000000
vn 0.000000 1.000000 0.000000
vn 0.000000 1.000000 0.000000
vn 0.000000 1.000000 0.000000
vn 0.000000 1.000000 0.000000
vn 0.000000 1.000000 0.000000
vn 0.000000 1.000000 0.000000
vn 0.000000 1.000000 0.000000
vn 0.000000 1.000000 0.000000
vn 0.000000 1.000000 0.000000
vn 0.000000 1.000000 0.000000
vn 0.000000 1.000000 0.000000
vn 0.000000 1.000000 0.000000
vn 0.000000 1.000000 0.000000
vn 0.000000 1.000000 0.000000
vn 0.000000 1.000000 0.000000
vn 0.000000 1.000000 0.000000
vn 0.000000 1.000000 0.000000
vn 0.000000 1.000000 0.000000
vn 0.000000 1.000000 0.000000
vn 0.000000 1.000000 0.000000
vn 0.000000 1.000000 0.000000
vn 0.000000 1.000000 0.000000
vn 0.000000 1.000000 0.000000
vn 0.000000 1.000000 0.000000
vn 0.000000 1.000000 0.000000
vn 0.000000 1.000000 0.000000
vn 0.000000 1.000000 0.000000
vn 0.000000 1.000000 0.000000
vn 0.000000 1.000000 0.000000
vn 0.000000 1.000000 0.000000
vn 0.000000 1.000000 0.000000
vn 0.000000 1.000000 0.000000
vn 0.000000 1.000000 0.000000
vn 0.000000 1.000000 0.000000
vn 0.000000 1.000000 0.000000
vn 0.000000 1.000000 0.000000
vn 0.000000 1.000000 0.000000
vn 0.000000 1.000000 0.000000
vn 0.000000 1.000000 0.000000
vn 0.000000 1.000000 0.000000
vn 0.000000 1.000000 0.000000
vn 0.000000 1.000000 0.000000
vn 0.000000 1.000000 0.000000
vn 0.000000 1.000000 0.000000
vn 0.000000 1.000000 0.000000
vn 0.000000 1.000000 0.000000
vn 0.000000 1.000000 0.000000
vn 0.000000 1.000000 0.000000
vn 0.000000 1.000000 0.000000
vn 0.000000 1.000000 0.000000
vn 0.000000 1.000000 0.000000
vn 0.000000 1.000000 0.000000
vn 0.000000 1.000000 0.000000
vn 0.000000 1.000000 0.000000
vn 0.000000 1.000000 0.000000
vn 0.000000 1.000000 0.000000
vn 0.000000 1.000000 0.000000
vn 0.000000 1.000000 0.000000
vn 0.000000 1.000000 0.000000
vn 0.000000 1.000000 0.000000
vn 0.000000 1.000000 0.000000
vn 0.000000 1.000000 0.000000
vn 0.000000 1.000000 0.000000
vn 0.000000 1.000000 0.000000
vn 0.000000 1.000000 0.000000
vn 0.000000 1.000000 0.000000
vn 0.000000 1.000000 0.000000
vn 0.000000 1.000000 0.000000
vn 0.000000 1.000000 0.000000
vn 0.000000 1.000000 0.000000
vn 0.000000 1.000000 0.000000
vn 0.000000 1.000000 0.000000
vn 0.000000 1.000000 0.000000
vn 0.000000 1.000000 0.000000
vn 0.000000 1.000000 0.000000
vn 0.000000 1.000000 0.000000
vn 0.000000 1.000000 0.000000
vn 0.000000 1.000000 0.000000
vn 0.000000 1.000000 0.000000
vn 0.000000 1.000000 0.000000
vn 0.000000 1.000000 0.000000
vn 0.000000 1.000000 0.000000
vn 0.000000 1.000000 0.000000
vn 0.000000 1.000000 0.000000
vn 0.000000 1.000000 0.000000
vn 0.000000 1.000000 0.000000
vn 0.000000 1.000000 0.000000
vn 0.000000 1.000000 0.000000
vn 0.000000 1.000000 0.000000
vn 0.000000 1.000000 0.000000
vn 0.000000 1.000000 0.000000
vn 0.000000 1.000000 0.000000
vn 0.000000 1.000000 0.000000
vn 0.000000 1.000000 0.000000
vn 0.000000 1.000000 0.000000
vn 0.000000 1.000000 0.000000
vn 0.000000 1.000000 0.000000
vn 0.000000 1.000000 0.000000
vn 0.000000 1.000000 0.000000
vn 0.000000 1.000000 0.000000
vn 0.000000 1.000000 0.000000
vn 0.000000 1.000000 0.000000
vn 0.000000 1.000000 0.000000
vn 0.000000 1.000000 0.000000
vn 0.000000 1.000000 0.000000
vn 0.000000 1.000000 0.000000
vn 0.000000 1.000000 0.000000
vn 0.000000 1.000000 0.000000
vn 0.000000 1.000000 0.000000
vn 0.000000 1.000000 0.000000
vn 0.000000 1.000000 0.000000
vn 0.000000 1.000000 0.000000
vn 0.000000 1.000000 0.000000
vn 0.000000 1.000000 0.000000
vn 0.000000 1.000000 0.000000
vn 0.000000 1.000000 0.000000
vn 0.000000 1.000000 0.000000
vn 0.000000 1.000000 0.000000
vn 0.000000 1.000000 0.000000
vn 0.000000 1.000000 0.000000
vn 0.000000 1.000000 0.000000
vn 0.000000 1.000000 0.000000
vn 0.000000 1.000000 0.000000
vn 0.000000 1.000000 0.000000
vn 0.000000 1.000000 0.000000
vn 0.000000 1.000000 0.000000
vn 0.000000 1.000000 0.000000
vn 0.000000 1.000000 0.000000
vn 0.000000 1.000000 0.000000
vn 0.000000 1.000000 0.000000
vn 0.000000 1.000000 0.000000
vn 0.000000 1.000000 0.000000
vn 0.000000 1.000000 0.000000
vn 0.000000 1.000000 0.000000
vn 0.000000 1.000000 0.000000
vn 0.000000 1.000000 0.000000
vn 0.000000 1.000000 0.000000
vn 0.000000 1.000000 0.000000
vn 0.000000 1.000000 0.000000
vn 0.000000 1.000000 0.000000
vn 0.000000 1.000000 0.000000
vn 0.000000 1.000000 0.000000
vn 0.000000 1.000000 0.000000
vn 0.000000 1.000000 0.000000
vn 0.000000 1.000000 0.000000
vn 0.000000 1.000000 0.000000
vn 0.000000 1.000000 0.000000
vn 0.000000 1.000000 0.000000
vn 0.000000 1.000000 0.000000
vn 0.000000 1.000000 0.000000
vn 0.000000 1.000000 0.000000
vn 0.000000 1.000000 0.000000
vn 0.000000 1.000000 0.000000
vn 0.000000 1.000000 0.000000
vn 0.000000 1.000000 0.000000
vn 0.000000 1.000000 0.000000
vn 0.000000 1.000000 0.000000
vn 0.000000 1.000000 0.000000
vn 0.000000 1.000000 0.000000
vn 0.000000 1.000000 0.000000
vn 0.000000 1.000000 0.000000
vn 0.000000 1.000000 0.000000
vn 0.000000 1.000000 0.000000
vn 0.000000 1.000000 0.000000
vn 0.000000 1.000000 0.000000
vn 0.000000 1.000000 0.000000
vn 0.000000 1.000000 0.000000
vn 0.000000 1.000000 0.000000
vn 0.000000 1.000000 0.000000
vn 0.000000 1.000000 0.000000
vn 0.000000 1.000000 0.000000
vn 0.000000 1.000000 0.000000
vn 0.000000 1.000000 0.000000
vn 0.000000 1.000000 0.000000
vn 0.000000 1.000000 0.000000
vn 0.000000 1.000000 0.000000
vn 0.000000 1.000000 0.000000
vn 0.000000 1.000000 0.000000
vn 0.000000 1.000000 0.000000
vn 0.000000 1.000000 0.000000
vn 0.000000 1.000000 0.000000
vn 0.000000 1.000000 0.000000
vn 0.000000 1.000000 0.000000
vn 0.000000 1.000000 0.000000
vn 0.000000 1.000000 0.000000
vn 0.000000 1.000000 0.000000
vn 0.000000 1.000000 0.000000
vn 0.000000 1.000000 0.000000
vn 0.000000 1.000000 0.000000
vn 0.000000 1.000000 0.000000
vn 0.000000 1.000000 0.000000
vn 0.000000 1.000000 0.000000
vn 0.000000 1.000000 0.000000
vn 0.000000 1.000000 0.000000
vn 0.000000 1.000000 0.000000
vn 0.000000 1.000000 0.000000
vn 0.000000 1.000000 0.000000
vn 0.000000 1.000000 0.000000
vn 0.000000 1.000000 0.000000
vn 0.000000 1.000000 0.000000
vn 0.000000 1.000000 0.000000
vn 0.000000 1.000000 0.000000
vn 0.000000 1.000000 0.000000
vn 0.000000 1.000000 0.000000
vn 0.000000 1.000000 0.000000
vn 0.000000 1.000000 0.000000
vn 0.000000 1.000000 0.000000
vn 0.000000 1.000000 0.000000
vn 0.000000 1.000000 0.000000
vn 0.000000 1.000000 0.000000
vn 0.000000 1.000000 0.000000
vn 0.000000 1.000000 0.000000
vn 0.000000 1.000000 0.000000
vn 0.000000 1.000000 0.000000
vn 0.000000 1.000000 0.000000
vn 0.000000 1.000000 0.000000
vn 0.000000 1.000000 0.000000
vn 0.000000 1.000000 0.000000
vn 0.000000 1.000000 0.000000
vn 0.000000 1.000000 0.000000
vn 0.000000 1.000000 0.000000
vn 0.000000 1.000000 0.000000
vn 0.000000 1.000000 0.000000
vn 0.000000 1.000000 0.000000
vn 0.000000 1.000000 0.000000
vn 0.000000 1.000000 0.000000
vn 0.000000 1.000000 0.000000
vn 0.000000 1.000000 0.000000
vn 0.000000 1.000000 0.000000
vn 0.000000 1.000000 0.000000
vn 0.000000 1.000000 0.000000
vn 0.000000 1.000000 0.000000
vn 0.000000 1.000000 0.000000
vn 0.000000 1.000000 0.000000
vn 0.000000 1.000000 0.000000
vn 0.000000 1.000000 0.000000
vn 0.000000 1.000000 0.000000
vn 0.000000 1.000000 0.000000
vn 0.000000 1.000000 0.000000
vn 0.000000 1.000000 0.000000
vn 0.000000 1.000000 0.000000
vn 0.000000 1.000000 0.000000
vn 0.000000 1.000000 0.000000
vn 0.000000 1.000000 0.000000
vn 0.000000 1.000000 0.000000
vn 0.000000 1.000000 0.000000
vn 0.000000 1.000000 0.000000
vn 0.000000 1.000000 0.000000
vn 0.000000 1.000000 0.000000
vn 0.000000 1.000000 0.000000
vn 0.000000 1.000000 0.000000
vn 0.000000 1.000000 0.000000
vn 0.000000 1.000000 0.000000
vn 0.000000 1.000000 0.000000
vn 0.000000 1.000000 0.000000
vn 0.000000 1.000000 0.000000
vn 0.000000 1.000000 0.000000
vn 0.000000 1.000000 0.000000
vn 0.000000 1.000000 0.000000
vn 0.000000 1.000000 0.000000
vn 0.000000 1.000000 0.000000
vn 0.000000 1.000000 0.000000
vn 0.000000 1.000000 0.000000
vn 0.000000 1.000000 0.000000
vn 0.000000 1.000000 0.000000
vn 0.000000 1.000000 0.000000
vn 0.000000 1.000000 0.000000
vn 0.000000 1.000000 0.000000
vn 0.000000 1.000000 0.000000
vn 0.000000 1.000000 0.000000
vn 0.000000 1.000000 0.000000
vn 0.000000 1.000000 0.000000
vn 0.000000 1.000000 0.000000
vn 0.000000 1.000000 0.000000
vn 0.000000 1.000000 0.000000
vn 0.000000 1.000000 0.000000
vn 0.000000 1.000000 0.000000
vn 0.000000 1.000000 0.000000
vn 0.000000 1.000000 0.000000
vn 0.000000 1.000000 0.000000
vn 0.000000 1.000000 0.000000
vn 0.000000 1.000000 0.000000
vn 0.000000 1.000000 0.000000
vn 0.000000 1.000000 0.000000
vn 0.000000 1.000000 0.000000
vn 0.000000 1.000000 0.000000
vn 0.000000 1.000000 0.000000
vn 0.000000 1.000000 0.000000
vn 0.000000 1.000000 0.000000
vn 0.000000 1.000000 0.000000
vn 0.000000 1.000000 0.000000
vn 0.000000 1.000000 0.000000
vn 0.000000 1.000000 0.000000
vn 0.000000 1.000000 0.000000
vn 0.000000 1.000000 0.000000
vn 0.000000 1.000000 0.000000
vn 0.000000 1.000000 0.000000
vn 0.000000 1.000000 0.000000
vn 0.000000 1.000000 0.000000
vn 0.000000 1.000000 0.000000
vn 0.000000 1.000000 0.000000
vn 0.000000 1.000000 0.000000
vn 0.000000 1.000000 0.000000
vn 0.000000 1.000000 0.000000
vn 0.000000 1.000000 0.000000
vn 0.000000 1.000000 0.000000
vn 0.000000 1.000000 0.000000
vn 0.000000 1.000000 0.000000
vn 0.000000 1.000000 0.000000
vn 0.000000 1.000000 0.000000
vn 0.000000 1.000000 0.000000
vn 0.000000 1.000000 0.000000
vn 0.000000 1.000000 0.000000
vn 0.000000 1.000000 0.000000
vn 0.000000 1.000000 0.000000
vn 0.000000 1.000000 0.000000
vn 0.000000 1.000000 0.000000
vn 0.000000 1.000000 0.000000
vn 0.000000 1.000000 0.000000
vn 0.000000 1.000000 0.000000
vn 0.000000 1.000000 0.000000
vn 0.000000 1.000000 0.000000
vn 0.000000 1.000000 0.000000
vn 0.000000 1.000000 0.000000
vn 0.000000 1.000000 0.000000
vn 0.000000 1.000000 0.000000
vn 0.000000 1.000000 0.000000
vn 0.000000 1.000000 0.000000
vn 0.000000 1.000000 0.000000
vn 0.000000 1.000000 0.000000
vn 0.000000 1.000000 0.000000
vn 0.000000 1.000000 0.000000
vn 0.000000 1.000000 0.000000
vn 0.000000 1.000000 0.000000
vn 0.000000 1.000000 0.000000
vn 0.000000 1.000000 0.000000
vn 0.000000 1.000000 0.000000
vn 0.000000 1.000000 0.000000
vn 0.000000 1.000000 0.000000
vn 0.000000 1.000000 0.000000
vn 0.000000 1.000000 0.000000
vn 0.000000 1.000000 0.000000
vn 0.000000 1.000000 0.000000
vn 0.000000 1.000000 0.000000
vn 0.000000 1.000000 0.000000
vn 0.000000 1.000000 0.000000
vn 0.000000 1.000000 0.000000
vn 0.000000 1.000000 0.000000
vn 0.000000 1.000000 0.000000
vn 0.000000 1.000000 0.000000
vn 0.000000 1.000000 0.000000
vn 0.000000 1.000000 0.000000
vn 0.000000 1.000000 0.000000
vn 0.000000 1.000000 0.000000
vn 0.000000 1.000000 0.000000
vn 0.000000 1.000000 0.000000
vn 0.000000 1.000000 0.000000
vn 0.000000 1.000000 0.000000
vn 0.000000 1.000000 0.000000
vn 0.000000 1.000000 0.000000
vn 0.000000 1.000000 0.000000
vn 0.000000 1.000000 0.000000
vn 0.000000 1.000000 0.000000
vn 0.000000 1.000000 0.000000
vn 0.000000 1.000000 0.000000
vn 0.000000 1.000000 0.000000
vn 0.000000 1.000000 0.000000
vn 0.000000 1.000000 0.000000
vn 0.000000 1.000000 0.000000
vn 0.000000 1.000000 0.000000
vn 0.000000 1.000000 0.000000
vn 0.000000 1.000000 0.000000
vn 0.000000 1.000000 0.000000
vn 0.000000 1.000000 0.000000
vn 0.000000 1.000000 0.000000
vn 0.000000 1.000000 0.000000
vn 0.000000 1.000000 0.000000
vn 0.000000 1.000000 0.000000
vn 0.000000 1.000000 0.000000
vn 0.000000 1.000000 0.000000
vn 0.000000 1.000000 0.000000
vn 0.000000 1.000000 0.000000
vn 0.000000 1.000000 0.000000
vn 0.000000 1.000000 0.000000
vn 0.000000 1.000000 0.000000
vn 0.000000 1.000000 0.000000
vn 0.000000 1.000000 0.000000
vn 0.000000 1.000000 0.000000
vn 0.000000 1.000000 0.000000
vn 0.000000 1.000000 0.000000
vn 0.000000 1.000000 0.000000
vn 0.000000 1.000000 0.000000
vn 0.000000 1.000000 0.000000
vn 0.000000 1.000000 0.000000
vn 0.000000 1.000000 0.000000
vn 0.000000 1.000000 0.000000
vn 0.000000 1.000000 0.000000
vn 0.000000 1.000000 0.000000
vn 0.000000 1.000000 0.000000
vn 0.000000 1.000000 0.000000
vn 0.000000 1.000000 0.000000
vn 0.000000 1.000000 0.000000
vn 0.000000 1.000000 0.000000
vn 0.000000 1.000000 0.000000
vn 0.000000 1.000000 0.000000
vn 0.000000 1.000000 0.000000
vn 0.000000 1.000000 0.000000
vn 0.000000 1.000000 0.000000
vn 0.000000 1.000000 0.000000
vn 0.000000 1.000000 0.000000
vn 0.000000 1.000000 0.000000
vn 0.000000 1.000000 0.000000
vn 0.000000 1.000000 0.000000
vn 0.000000 1.000000 0.000000
vn 0.000000 1.000000 0.000000
vn 0.000000 1.000000 0.000000
vn 0.000000 1.000000 0.000000
vn 0.000000 1.000000 0.000000
vn 0.000000 1.000000 0.000000
vn 0.000000 1.000000 0.000000
vn 0.000000 1.000000 0.000000
vn 0.000000 1.000000 0.000000
vn 0.000000 1.000000 0.000000
vn 0.000000 1.000000 0.000000
vn 0.000000 1.000000 0.000000
vn 0.000000 1.000000 0.000000
vn 0.000000 1.000000 0.000000
vn 0.000000 1.000000 0.000000
vn 0.000000 1.000000 0.000000
vn 0.000000 1.000000 0.000000
vn 0.000000 1.000000 0.000000
vn 0.000000 1.000000 0.000000
vn 0.000000 1.000000 0.000000
vn 0.000000 1.000000 0.000000
vn 0.000000 1.000000 0.000000
vn 0.000000 1.000000 0.000000
vn 0.000000 1.000000 0.000000
vn 0.000000 1.000000 0.000000
vn 0.000000 1.000000 0.000000
vn 0.000000 1.000000 0.000000
vn 0.000000 1.000000 0.000000
vn 0.000000 1.000000 0.000000
vn 0.000000 1.000000 0.000000
vn 0.000000 1.000000 0.000000
vn 0.000000 1.000000 0.000000
vn 0.000000 1.000000 0.000000
vn 0.000000 1.000000 0.000000
vn 0.000000 1.000000 0.000000
vn 0.000000 1.000000 0.000000
vn 0.000000 1.000000 0.000000
vn 0.000000 1.000000 0.000000
vn 0.000000 1.000000 0.000000
vn 0.000000 1.000000 0.000000
vn 0.000000 1.000000 0.000000
vn 0.000000 1.000000 0.000000
vn 0.000000 1.000000 0.000000
vn 0.000000 1.000000 0.000000
vn 0.000000 1.000000 0.000000
vn 0.000000 1.000000 0.000000
vn 0.000000 1.000000 0.000000
vn 0.000000 1.000000 0.000000
vn 0.000000 1.000000 0.000000
vn 0.000000 1.000000 0.000000
vn 0.000000 1.000000 0.000000
vn 0.000000 1.000000 0.000000
vn 0.000000 1.000000 0.000000
vn 0.000000 1.000000 0.000000
vn 0.000000 1.000000 0.000000
vn 0.000000 1.000000 0.000000
vn 0.000000 1.000000 0.000000
vn 0.000000 1.000000 0.000000
vn 0.000000 1.000000 0.000000
vn 0.000000 1.000000 0.000000
vn 0.000000 1.000000 0.000000
vn 0.000000 1.000000 0.000000
vn 0.000000 1.000000 0.000000
vn 0.000000 1.000000 0.000000
vn 0.000000 1.000000 0.000000
vn 0.000000 1.000000 0.000000
vn 0.000000 1.000000 0.000000
vn 0.000000 1.000000 0.000000
vn 0.000000 1.000000 0.000000
vn 0.000000 1.000000 0.000000
vn 0.000000 1.000000 0.000000
vn 0.000000 1.000000 0.000000
vn 0.000000 1.000000 0.000000
vn 0.000000 1.000000 0.000000
vn 0.000000 1.000000 0.000000
vn 0.000000 1.000000 0.000000
vn 0.000000 1.000000 0.000000
vn 0.000000 1.000000 0.000000
vn 0.000000 1.000000 0.000000
vn 0.000000 1.000000 0.000000
vn 0.000000 1.000000 0.000000
vn 0.000000 1.000000 0.000000
vn 0.000000 1.000000 0.000000
vn 0.000000 1.000000 0.000000
vn 0.000000 1.000000 0.000000
vn 0.000000 1.000000 0.000000
vn 0.000000 1.000000 0.000000
vn 0.000000 1.000000 0.000000
vn 0.000000 1.000000 0.000000
vn 0.000000 1.000000 0.000000
vn 0.000000 1.000000 0.000000
vn 0.000000 1.000000 0.000000
vn 0.000000 1.000000 0.000000
vn 0.000000 1.000000 0.000000
vn 0.000000 1.000000 0.000000
vn 0.000000 1.000000 0.000000
vn 0.000000 1.000000 0.000000
vn 0.000000 1.000000 0.000000
vn 0.000000 1.000000 0.000000
vn 0.000000 1.000000 0.000000
vn 0.000000 1.000000 0.000000
vn 0.000000 1.000000 0.000000
vn 0.000000 1.000000 0.000000
vn 0.000000 1.000000 0.000000
vn 0.000000 1.000000 0.000000
vn 0.000000 1.000000 0.000000
vn 0.000000 1.000000 0.000000
vn 0.000000 1.000000 0.000000
vn 0.000000 1.000000 0.000000
vn 0.000000 1.000000 0.000000
vn 0.000000 1.000000 0.000000
vn 0.000000 1.000000 0.000000
vn 0.000000 1.000000 0.000000
vn 0.000000 1.000000 0.000000
vn 0.000000 1.000000 0.000000
vn 0.000000 1.000000 0.000000
vn 0.000000 1.000000 0.000000
vn 0.000000 1.000000 0.000000
vn 0.000000 1.000000 0.000000
vn 0.000000 1.000000 0.000000
vn 0.000000 1.000000 0.000000
vn 0.000000 1.000000 0.000000
vn 0.000000 1.000000 0.000000
vn 0.000000 1.000000 0.000000
vn 0.000000 1.000000 0.000000
vn 0.000000 1.000000 0.000000
vn 0.000000 1.000000 0.000000
vn 0.000000 1.000000 0.000000
vn 0.000000 1.000000 0.000000
vn 0.000000 1.000000 0.000000
vn 0.000000 1.000000 0.000000
vn 0.000000 1.000000 0.000000
vn 0.000000 1.000000 0.000000
vn 0.000000 1.000000 0.000000
vn 0.000000 1.000000 0.000000
vn 0.000000 1.000000 0.000000
vn 0.000000 1.000000 0.000000
vn 0.000000 1.000000 0.000000
vn 0.000000 1.000000 0.000000
vn 0.000000 1.000000 0.000000
vn 0.000000 1.000000 0.000000
vn 0.000000 1.000000 0.000000
vn 0.000000 1.000000 0.000000
vn 0.000000 1.000000 0.000000
vn 0.000000 1.000000 0.000000
vn 0.000000 1.000000 0.000000
vn 0.000000 1.000000 0.000000
vn 0.000000 1.000000 0.000000
vn 0.000000 1.000000 0.000000
vn 0.000000 1.000000 0.000000
vn 0.000000 1.000000 0.000000
vn 0.000000 1.000000 0.000000
vn 0.000000 1.000000 0.000000
vn 0.000000 1.000000 0.000000
vn 0.000000 1.000000 0.000000
vn 0.000000 1.000000 0.000000
vn 0.000000 1.000000 0.000000
vn 0.000000 1.000000 0.000000
vn 0.000000 1.000000 0.000000
vn 0.000000 1.000000 0.000000
vn 0.000000 1.000000 0.000000
vn 0.000000 1.000000 0.000000
vn 0.000000 1.000000 0.000000
vn 0.000000 1.000000 0.000000
vn 0.000000 1.000000 0.000000
vn 0.000000 1.000000 0.000000
vn 0.000000 1.000000 0.000000
vn 0.000000 1.000000 0.000000
vn 0.000000 1.000000 0.000000
vn 0.000000 1.000000 0.000000
vn 0.000000 1.000000 0.000000
vn 0.000000 1.000000 0.000000
vn 0.000000 1.000000 0.000000
vn 0.000000 1.000000 0.000000
vn 0.000000 1.000000 0.000000
vn 0.000000 1.000000 0.000000
vn 0.000000 1.000000 0.000000
vn 0.000000 1.000000 0.000000
vn 0.000000 1.000000 0.000000
vn 0.000000 1.000000 0.000000
vn 0.000000 1.000000 0.000000
vn 0.000000 1.000000 0.000000
vn 0.000000 1.000000 0.000000
vn 0.000000 1.000000 0.000000
vn 0.000000 1.000000 0.000000
vn 0.000000 1.000000 0.000000
vn 0.000000 1.000000 0.000000
vn 0.000000 1.000000 0.000000
vn 0.000000 1.000000 0.000000
vn 0.000000 1.000000 0.000000
vn 0.000000 1.000000 0.000000
vn 0.000000 1.000000 0.000000
vn 0.000000 1.000000 0.000000
vn 0.000000 1.000000 0.000000
vn 0.000000 1.000000 0.000000
vn 0.000000 1.000000 0.000000
vn 0.000000 1.000000 0.000000
vn 0.000000 1.000000 0.000000
vn 0.000000 1.000000 0.000000
vn 0.000000 1.000000 0.000000
vn 0.000000 1.000000 0.000000
vn 0.000000 1.000000 0.000000
vn 0.000000 1.000000 0.000000
vn 0.000000 1.000000 0.000000
vn 0.000000 1.000000 0.000000
vn 0.000000 1.000000 0.000000
vn 0.000000 1.000000 0.000000
vn 0.000000 1.000000 0.000000
vn 0.000000 1.000000 0.000000
vn 0.000000 1.000000 0.000000
vn 0.000000 1.000000 0.000000
vn 0.000000 1.000000 0.000000
vn 0.000000 1.000000 0.000000
vn 0.000000 1.000000 0.000000
vn 0.000000 1.000000 0.000000
vn 0.000000 1.000000 0.000000
vn 0.000000 1.000000 0.000000
vn 0.000000 1.000000 0.000000
vn 0.000000 1.000000 0.000000
vn 0.000000 1.000000 0.000000
vn 0.000000 1.000000 0.000000
vn 0.000000 1.000000 0.000000
vn 0.000000 1.000000 0.000000
vn 0.000000 1.000000 0.000000
vn 0.000000 1.000000 0.000000
vn 0.000000 1.000000 0.000000
vn 0.000000 1.000000 0.000000
vn 0.000000 1.000000 0.000000
vn 0.000000 1.000000 0.000000
vn 0.000000 1.000000 0.000000
vn 0.000000 1.000000 0.000000
vn 0.000000 1.000000 0.000000
vn 0.000000 1.000000 0.000000
vn 0.000000 1.000000 0.000000
vn 0.000000 1.000000 0.000000
vn 0.000000 1.000000 0.000000
vn 0.000000 1.000000 0.000000
vn 0.000000 1.000000 0.000000
vn 0.000000 1.000000 0.000000
vn 0.000000 1.000000 0.000000
vn 0.000000 1.000000 0.000000
vn 0.000000 1.000000 0.000000
vn 0.000000 1.000000 0.000000
vn 0.000000 1.000000 0.000000
vn 0.000000 1.000000 0.000000
vn 0.000000 1.000000 0.000000
vn 0.000000 1.000000 0.000000
vn 0.000000 1.000000 0.000000
vn 0.000000 1.000000 0.000000
vn 0.000000 1.000000 0.000000
vn 0.000000 1.000000 0.000000
vn 0.000000 1.000000 0.000000
vn 0.000000 1.000000 0.000000
vn 0.000000 1.000000 0.000000
vn 0.000000 1.000000 0.000000
vn 0.000000 1.000000 0.000000
vn 0.000000 1.000000 0.000000
vn 0.000000 1.000000 0.000000
vn 0.000000 1.000000 0.000000
vn 0.000000 1.000000 0.000000
vn 0.000000 1.000000 0.000000
vn 0.000000 1.000000 0.000000
vn 0.000000 1.000000 0.000000
vn 0.000000 1.000000 0.000000
vn 0.000000 1.000000 0.000000
vn 0.000000 1.000000 0.000000
vn 0.000000 1.000000 0.000000
vn 0.000000 1.000000 0.000000
vn 0.000000 1.000000 0.000000
vn 0.000000 1.000000 0.000000
vn 0.000000 1.000000 0.000000
vn 0.000000 1.000000 0.000000
vn 0.000000 1.000000 0.000000
vn 0.000000 1.000000 0.000000
vn 0.000000 1.000000 0.000000
vn 0.000000 1.000000 0.000000
vn 0.000000 1.000000 0.000000
vn 0.000000 1.000000 0.000000
vn 0.000000 1.000000 0.000000
vn 0.000000 1.000000 0.000000
vn 0.000000 1.000000 0.000000
vn 0.000000 1.000000 0.000000
vn 0.000000 1.000000 0.000000
vn 0.000000 1.000000 0.000000
vn 0.000000 1.000000 0.000000
vn 0.000000 1.000000 0.000000
vn 0.000000 1.000000 0.000000
vn 0.000000 1.000000 0.000000
vn 0.000000 1.000000 0.000000
vn 0.000000 1.000000 0.000000
vn 0.000000 1.000000 0.000000
vn 0.000000 1.000000 0.000000
vn 0.000000 1.000000 0.000000
vn 0.000000 1.000000 0.000000
vn 0.000000 1.000000 0.000000
vn 0.000000 1.000000 0.000000
vn 0.000000 1.000000 0.000000
vn 0.000000 1.000000 0.000000
vn 0.000000 1.000000 0.000000
vn 0.000000 1.000000 0.000000
vn 0.000000 1.000000 0.000000
vn 0.000000 1.000000 0.000000
vn 0.000000 1.000000 0.000000
vn 0.000000 1.000000 0.000000
vn 0.000000 1.000000 0.000000
vn 0.000000 1.000000 0.000000
vn 0.000000 1.000000 0.000000
vn 0.000000 1.000000 0.000000
vn 0.000000 1.000000 0.000000
vn 0.000000 1.000000 0.000000
vn 0.000000 1.000000 0.000000
vn 0.000000 1.000000 0.000000
vn 0.000000 1.000000 0.000000
vn 0.000000 1.000000 0.000000
vn 0.000000 1.000000 0.000000
vn 0.000000 1.000000 0.000000
vn 0.000000 1.000000 0.000000
vn 0.000000 1.000000 0.000000
vn 0.000000 1.000000 0.000000
vn 0.000000 1.000000 0.000000
vn 0.000000 1.000000 0.000000
vn 0.000000 1.000000 0.000000
vn 0.000000 1.000000 0.000000
vn 0.000000 1.000000 0.000000
vn 0.000000 1.000000 0.000000
vn 0.000000 1.000000 0.000000
vn 0.000000 1.000000 0.000000
vn 0.000000 1.000000 0.000000
vn 0.000000 1.000000 0.000000
vn 0.000000 1.000000 0.000000
vn 0.000000 1.000000 0.000000
vn 0.000000 1.000000 0.000000
vn 0.000000 1.000000 0.000000
vn 0.000000 1.000000 0.000000
vn 0.000000 1.000000 0.000000
vn 0.000000 1.000000 0.000000
vn 0.000000 1.000000 0.000000
vn 0.000000 1.000000 0.000000
vn 0.000000 1.000000 0.000000
vn 0.000000 1.000000 0.000000
vn 0.000000 1.000000 0.000000
vn 0.000000 1.000000 0.000000
vn 0.000000 1.000000 0.000000
vn 0.000000 1.000000 0.000000
vn 0.000000 1.000000 0.000000
vn 0.000000 1.000000 0.000000
vn 0.000000 1.000000 0.000000
vn 0.000000 1.000000 0.000000
vn 0.000000 1.000000 0.000000
vn 0.000000 1.000000 0.000000
vn 0.000000 1.000000 0.000000
vn 0.000000 1.000000 0.000000
vn 0.000000 1.000000 0.000000
vn 0.000000 1.000000 0.000000
vn 0.000000 1.000000 0.000000
vn 0.000000 1.000000 0.000000
vn 0.000000 1.000000 0.000000
vn 0.000000 1.000000 0.000000
vn 0.000000 1.000000 0.000000
vn 0.000000 1.000000 0.000000
vn 0.000000 1.000000 0.000000
vn 0.000000 1.000000 0.000000
vn 0.000000 1.000000 0.000000
vn 0.000000 1.000000 0.000000
vn 0.000000 1.000000 0.000000
vn 0.000000 1.000000 0.000000
vn 0.000000 1.000000 0.000000
vn 0.000000 1.000000 0.000000
vn 0.000000 1.000000 0.000000
vn 0.000000 1.000000 0.000000
vn 0.000000 1.000000 0.000000
vn 0.000000 1.000000 0.000000
vn 0.000000 1.000000 0.000000
vn 0.000000 1.000000 0.000000
vn 0.000000 1.000000 0.000000
vn 0.000000 1.000000 0.000000
vn 0.000000 1.000000 0.000000
vn 0.000000 1.000000 0.000000
vn 0.000000 1.000000 0.000000
vn 0.000000 1.000000 0.000000
vn 0.000000 1.000000 0.000000
vn 0.000000 1.000000 0.000000
vn 0.000000 1.000000 0.000000
vn 0.000000 1.000000 0.000000
vn 0.000000 1.000000 0.000000
vn 0.000000 1.000000 0.000000
vn 0.000000 1.000000 0.000000
vn 0.000000 1.000000 0.000000
vn 0.000000 1.000000 0.000000
vn 0.000000 1.000000 0.000000
vn 0.000000 1.000000 0.000000
vn 0.000000 1.000000 0.000000
vn 0.000000 1.000000 0.000000
vn 0.000000 1.000000 0.000000
vn 0.000000 1.000000 0.000000
vn 0.000000 1.000000 0.000000
vn 0.000000 1.000000 0.000000
vn 0.000000 1.000000 0.000000
vn 0.000000 1.000000 0.000000
vn 0.000000 1.000000 0.000000
vn 0.000000 1.000000 0.000000
vn 0.000000 1.000000 0.000000
vn 0.000000 1.000000 0.000000
vn 0.000000 1.000000 0.000000
vn 0.000000 1.000000 0.000000
vn 0.000000 1.000000 0.000000
vn 0.000000 1.000000 0.000000
vn 0.000000 1.000000 0.000000
vn 0.000000 1.000000 0.000000
vn 0.000000 1.000000 0.000000
vn 0.000000 1.000000 0.000000
vn 0.000000 1.000000 0.000000
vn 0.000000 1.000000 0.000000
vn 0.000000 1.000000 0.000000
vn 0.000000 1.000000 0.000000
vn 0.000000 1.000000 0.000000
vn 0.000000 1.000000 0.000000
vn 0.000000 1.000000 0.000000
vn 0.000000 1.000000 0.000000
vn 0.000000 1.000000 0.000000
vn 0.000000 1.000000 0.000000
vn 0.000000 1.000000 0.000000
vn 0.000000 1.000000 0.000000
vn 0.000000 1.000000 0.000000
vn 0.000000 1.000000 0.000000
vn 0.000000 1.000000 0.000000
vn 0.000000 1.000000 0.000000
vn 0.000000 1.000000 0.000000
vn 0.000000 1.000000 0.000000
vn 0.000000 1.000000 0.000000
vn 0.000000 1.000000 0.000000
vn 0.000000 1.000000 0.000000
vn 0.000000 1.000000 0.000000
vn 0.000000 1.000000 0.000000
vn 0.000000 1.000000 0.000000
vn 0.000000 1.000000 0.000000
vn 0.000000 1.000000 0.000000
vn 0.000000 1.000000 0.000000
vn 0.000000 1.000000 0.000000
vn 0.000000 1.000000 0.000000
vn 0.000000 1.000000 0.000000
vn 0.000000 1.000000 0.000000
vn 0.000000 1.000000 0.000000
vn 0.000000 1.000000 0.000000
vn 0.000000 1.000000 0.000000
vn 0.000000 1.000000 0.000000
vn 0.000000 1.000000 0.000000
vn 0.000000 1.000000 0.000000
vn 0.000000 1.000000 0.000000
vn 0.000000 1.000000 0.000000
vn 0.000000 1.000000 0.000000
vn 0.000000 1.000000 0.000000
vn 0.000000 1.000000 0.000000
vn 0.000000 1.000000 0.000000
vn 0.000000 1.000000 0.000000
vn 0.000000 1.000000 0.000000
vn 0.000000 1.000000 0.000000
vn 0.000000 1.000000 0.000000
vn 0.000000 1.000000 0.000000
vn 0.000000 1.000000 0.000000
vn 0.000000 1.000000 0.000000
vn 0.000000 1.000000 0.000000
vn 0.000000 1.000000 0.000000
vn 0.000000 1.000000 0.000000
vn 0.000000 1.000000 0.000000
vn 0.000000 1.000000 0.000000
vn 0.000000 1.000000 0.000000
vn 0.000000 1.000000 0.000000
vn 0.000000 1.000000 0.000000
vn 0.000000 1.000000 0.000000
vn 0.000000 1.000000 0.000000
vn 0.000000 1.000000 0.000000
vn 0.000000 1.000000 0.000000
vn 0.000000 1.000000 0.000000
vn 0.000000 1.000000 0.000000
vn 0.000000 1.000000 0.000000
vn 0.000000 1.000000 0.000000
vn 0.000000 1.000000 0.000000
vn 0.000000 1.000000 0.000000
vn 0.000000 1.000000 0.000000
vn 0.000000 1.000000 0.000000
vn 0.000000 1.000000 0.000000
vn 0.000000 1.000000 0.000000
vn 0.000000 1.000000 0.000000
vn 0.000000 1.000000 0.000000
vn 0.000000 1.000000 0.000000
vn 0.000000 1.000000 0.000000
vn 0.000000 1.000000 0.000000
vn 0.000000 1.000000 0.000000
vn 0.000000 1.000000 0.000000
vn 0.000000 1.000000 0.000000
vn 0.000000 1.000000 0.000000
vn 0.000000 1.000000 0.000000
vn 0.000000 1.000000 0.000000
vn 0.000000 1.000000 0.000000
vn 0.000000 1.000000 0.000000
vn 0.000000 1.000000 0.000000
vn 0.000000 1.000000 0.000000
vn 0.000000 1.000000 0.000000
vn 0.000000 1.000000 0.000000
vn 0.000000 1.000000 0.000000
vn 0.000000 1.000000 0.000000
vn 0.000000 1.000000 0.000000
vn 0.000000 1.000000 0.000000
vn 0.000000 1.000000 0.000000
vn 0.000000 1.000000 0.000000
vn 0.000000 1.000000 0.000000
vn 0.000000 1.000000 0.000000
vn 0.000000 1.000000 0.000000
vn 0.000000 1.000000 0.000000
vn 0.000000 1.000000 0.000000
vn 0.000000 1.000000 0.000000
vn 0.000000 1.000000 0.000000
vn 0.000000 1.000000 0.000000
vn 0.000000 1.000000 0.000000
vn 0.000000 1.000000 0.000000
vn 0.000000 1.000000 0.000000
vn 0.000000 1.000000 0.000000
vn 0.000000 1.000000 0.000000
vn 0.000000 1.000000 0.000000
vn 0.000000 1.000000 0.000000
vn 0.000000 1.000000 0.000000
vn 0.000000 1.000000 0.000000
vn 0.000000 1.000000 0.000000
vn 0.000000 1.000000 0.000000
vn 0.000000 1.000000 0.000000
vn 0.000000 1.000000 0.000000
vn 0.000000 1.000000 0.000000
vn 0.000000 1.000000 0.000000
vn 0.000000 1.000000 0.000000
vn 0.000000 1.000000 0.000000
vn 0.000000 1.000000 0.000000
vn 0.000000 1.000000 0.000000
vn 0.000000 1.000000 0.000000
vn 0.000000 1.000000 0.000000
vn 0.000000 1.000000 0.000000
vn 0.000000 1.000000 0.000000
vn 0.000000 1.000000 0.000000
vn 0.000000 1.000000 0.000000
vn 0.000000 1.000000 0.000000
vn 0.000000 1.000000 0.000000
vn 0.000000 1.000000 0.000000
vn 0.000000 1.000000 0.000000
vn 0.000000 1.000000 0.000000
vn 0.000000 1.000000 0.000000
vn 0.000000 1.000000 0.000000
vn 0.000000 1.000000 0.000000
vn 0.000000 1.000000 0.000000
vn 0.000000 1.000000 0.000000
vn 0.000000 1.000000 0.000000
vn 0.000000 1.000000 0.000000
vn 0.000000 1.000000 0.000000
vn 0.000000 1.000000 0.000000
vn 0.000000 1.000000 0.000000
vn 0.000000 1.000000 0.000000
vn 0.000000 1.000000 0.000000
vn 0.000000 1.000000 0.000000
vn 0.000000 1.000000 0.000000
vn 0.000000 1.000000 0.000000
vn 0.000000 1.000000 0.000000
vn 0.000000 1.000000 0.000000
vn 0.000000 1.000000 0.000000
vn 0.000000 1.000000 0.000000
vn 0.000000 1.000000 0.000000
vn 0.000000 1.000000 0.000000
vn 0.000000 1.000000 0.000000
vn 0.000000 1.000000 0.000000
vn 0.000000 1.000000 0.000000
vn 0.000000 1.000000 0.000000
vn 0.000000 1.000000 0.000000
vn 0.000000 1.000000 0.000000
vn 0.000000 1.000000 0.000000
vn 0.000000 1.000000 0.000000
vn 0.000000 1.000000 0.000000
vn 0.000000 1.000000 0.000000
vn 0.000000 1.000000 0.000000
vn 0.000000 1.000000 0.000000
vn 0.000000 1.000000 0.000000
vn 0.000000 1.000000 0.000000
vn 0.000000 1.000000 0.000000
vn 0.000000 1.000000 0.000000
vn 0.000000 1.000000 0.000000
vn 0.000000 1.000000 0.000000
vn 0.000000 1.000000 0.000000
vn 0.000000 1.000000 0.000000
vn 0.000000 1.000000 0.000000
vn 0.000000 1.000000 0.000000
vn 0.000000 1.000000 0.000000
vn 0.000000 1.000000 0.000000
vn 0.000000 1.000000 0.000000
vn 0.000000 1.000000 0.000000
vn 0.000000 1.000000 0.000000
vn 0.000000 1.000000 0.000000
vn 0.000000 1.000000 0.000000
vn 0.000000 1.000000 0.000000
vn 0.000000 1.000000 0.000000
vn 0.000000 1.000000 0.000000
vn 0.000000 1.000000 0.000000
vn 0.000000 1.000000 0.000000
vn 0.000000 1.000000 0.000000
vn 0.000000 1.000000 0.000000
vn 0.000000 1.000000 0.000000
vn 0.000000 1.000000 0.000000
vn 0.000000 1.000000 0.000000
vn 0.000000 1.000000 0.000000
vn 0.000000 1.000000 0.000000
vn 0.000000 1.000000 0.000000
vn 0.000000 1.000000 0.000000
vn 0.000000 1.000000 0.000000
vn 0.000000 1.000000 0.000000
vn 0.000000 1.000000 0.000000
vn 0.000000 1.000000 0.000000
vn 0.000000 1.000000 0.000000
vn 0.000000 1.000000 0.000000
vn 0.000000 1.000000 0.000000
vn 0.000000 1.000000 0.000000
vn 0.000000 1.000000 0.000000
vn 0.000000 1.000000 0.000000
vn 0.000000 1.000000 0.000000
vn 0.000000 1.000000 0.000000
vn 0.000000 1.000000 0.000000
vn 0.000000 1.000000 0.000000
vn 0.000000 1.000000 0.000000
vn 0.000000 1.000000 0.000000
vn 0.000000 1.000000 0.000000
vn 0.000000 1.000000 0.000000
vn 0.000000 1.000000 0.000000
vn 0.000000 1.000000 0.000000
vn 0.000000 1.000000 0.000000
vn 0.000000 1.000000 0.000000
vn 0.000000 1.000000 0.000000
vn 0.000000 1.000000 0.000000
vn 0.000000 1.000000 0.000000
vn 0.000000 1.000000 0.000000
vn 0.000000 1.000000 0.000000
vn 0.000000 1.000000 0.000000
vn 0.000000 1.000000 0.000000
vn 0.000000 1.000000 0.000000
vn 0.000000 1.000000 0.000000
vn 0.000000 1.000000 0.000000
vn 0.000000 1.000000 0.000000
vn 0.000000 1.000000 0.000000
vn 0.000000 1.000000 0.000000
vn 0.000000 1.000000 0.000000
vn 0.000000 1.000000 0.000000
vn 0.000000 1.000000 0.000000
vn 0.000000 1.000000 0.000000
vn 0.000000 1.000000 0.000000
vn 0.000000 1.000000 0.000000
vn 0.000000 1.000000 0.000000
vn 0.000000 1.000000 0.000000
vn 0.000000 1.000000 0.000000
vn 0.000000 1.000000 0.000000
vn 0.000000 1.000000 0.000000
vn 0.000000 1.000000 0.000000
vn 0.000000 1.000000 0.000000
vn 0.000000 1.000000 0.000000
vn 0.000000 1.000000 0.000000
vn 0.000000 1.000000 0.000000
vn 0.000000 1.000000 0.000000
vn 0.000000 1.000000 0.000000
vn 0.000000 1.000000 0.000000
vn 0.000000 1.000000 0.000000
vn 0.000000 1.000000 0.000000
vn 0.000000 1.000000 0.000000
vn 0.000000 1.000000 0.000000
vn 0.000000 1.000000 0.000000
vn 0.000000 1.000000 0.000000
vn 0.000000 1.000000 0.000000
vn 0.000000 1.000000 0.000000
vn 0.000000 1.000000 0.000000
vn 0.000000 1.000000 0.000000
vn 0.000000 1.000000 0.000000
vn 0.000000 1.000000 0.000000
vn 0.000000 1.000000 0.000000
vn 0.000000 1.000000 0.000000
vn 0.000000 1.000000 0.000000
vn 0.000000 1.000000 0.000000
vn 0.000000 1.000000 0.000000
vn 0.000000 1.000000 0.000000
vn 0.000000 1.000000 0.000000
vn 0.000000 1.000000 0.000000
vn 0.000000 1.000000 0.000000
vn 0.000000 1.000000 0.000000
vn 0.000000 1.000000 0.000000
vn 0.000000 1.000000 0.000000
vn 0.000000 1.000000 0.000000
vn 0.000000 1.000000 0.000000
vn 0.000000 1.000000 0.000000
vn 0.000000 1.000000 0.000000
vn 0.000000 1.000000 0.000000
vn 0.000000 1.000000 0.000000
vn 0.000000 1.000000 0.000000
vn 0.000000 1.000000 0.000000
vn 0.000000 1.000000 0.000000
vn 0.000000 1.000000 0.000000
vn 0.000000 1.000000 0.000000
vn 0.000000 1.000000 0.000000
vn 0.000000 1.000000 0.000000
vn 0.000000 1.000000 0.000000
vn 0.000000 1.000000 0.000000
vn 0.000000 1.000000 0.000000
vn 0.000000 1.000000 0.000000
vn 0.000000 1.000000 0.000000
vn 0.000000 1.000000 0.000000
vn 0.000000 1.000000 0.000000
vn 0.000000 1.000000 0.000000
vn 0.000000 1.000000 0.000000
vn 0.000000 1.000000 0.000000
vn 0.000000 1.000000 0.000000
vn 0.000000 1.000000 0.000000
vn 0.000000 1.000000 0.000000
vn 0.000000 1.000000 0.000000
vn 0.000000 1.000000 0.000000
vn 0.000000 1.000000 0.000000
vn 0.000000 1.000000 0.000000
vn 0.000000 1.000000 0.000000
vn 0.000000 1.000000 0.000000
vn 0.000000 1.000000 0.000000
vn 0.000000 1.000000 0.000000
vn 0.000000 1.000000 0.000000
vn 0.000000 1.000000 0.000000
vn 0.000000 1.000000 0.000000
vn 0.000000 1.000000 0.000000
vn 0.000000 1.000000 0.000000
vn 0.000000 1.000000 0.000000
vn 0.000000 1.000000 0.000000
vn 0.000000 1.000000 0.000000
vn 0.000000 1.000000 0.000000
vn 0.000000 1.000000 0.000000
vn 0.000000 1.000000 0.000000
vn 0.000000 1.000000 0.000000
vn 0.000000 1.000000 0.000000
vn 0.000000 1.000000 0.000000
vn 0.000000 1.000000 0.000000
vn 0.000000 1.000000 0.000000
vn 0.000000 1.000000 0.000000
vn 0.000000 1.000000 0.000000
vn 0.000000 1.000000 0.000000
vn 0.000000 1.000000 0.000000
vn 0.000000 1.000000 0.000000
vn 0.000000 1.000000 0.000000
vn 0.000000 1.000000 0.000000
vn 0.000000 1.000000 0.000000
vn 0.000000 1.000000 0.000000
vn 0.000000 1.000000 0.000000
vn 0.000000 1.000000 0.000000
vn 0.000000 1.000000 0.000000
vn 0.000000 1.000000 0.000000
vn 0.000000 1.000000 0.000000
vn 0.000000 1.000000 0.000000
vn 0.000000 1.000000 0.000000
vn 0.000000 1.000000 0.000000
vn 0.000000 1.000000 0.000000
vn 0.000000 1.000000 0.000000
vn 0.000000 1.000000 0.000000
vn 0.000000 1.000000 0.000000
vn 0.000000 1.000000 0.000000
vn 0.000000 1.000000 0.000000
vn 0.000000 1.000000 0.000000
vn 0.000000 1.000000 0.000000
vn 0.000000 1.000000 0.000000
vn 0.000000 1.000000 0.000000
vn 0.000000 1.000000 0.000000
vn 0.000000 1.000000 0.000000
vn 0.000000 1.000000 0.000000
vn 0.000000 1.000000 0.000000
vn 0.000000 1.000000 0.000000
vn 0.000000 1.000000 0.000000
vn 0.000000 1.000000 0.000000
vn 0.000000 1.000000 0.000000
vn 0.000000 1.000000 0.000000
vn 0.000000 1.000000 0.000000
vn 0.000000 1.000000 0.000000
vn 0.000000 1.000000 0.000000
vn 0.000000 1.000000 0.000000
vn 0.000000 1.000000 0.000000
vn 0.000000 1.000000 0.000000
vn 0.000000 1.000000 0.000000
vn 0.000000 1.000000 0.000000
vn 0.000000 1.000000 0.000000
vn 0.000000 1.000000 0.000000
vn 0.000000 1.000000 0.000000
vn 0.000000 1.000000 0.000000
vn 0.000000 1.000000 0.000000
vn 0.000000 1.000000 0.000000
vn 0.000000 1.000000 0.000000
vn 0.000000 1.000000 0.000000
vn 0.000000 1.000000 0.000000
vn 0.000000 1.000000 0.000000
vn 0.000000 1.000000 0.000000
vn 0.000000 1.000000 0.000000
vn 0.000000 1.000000 0.000000
vn 0.000000 1.000000 0.000000
vn 0.000000 1.000000 0.000000
vn 0.000000 1.000000 0.000000
vn 0.000000 1.000000 0.000000
vn 0.000000 1.000000 0.000000
vn 0.000000 1.000000 0.000000
vn 0.000000 1.000000 0.000000
vn 0.000000 1.000000 0.000000
vn 0.000000 1.000000 0.000000
vn 0.000000 1.000000 0.000000
vn 0.000000 1.000000 0.000000
vn 0.000000 1.000000 0.000000
vn 0.000000 1.000000 0.000000
vn 0.000000 1.000000 0.000000
vn 0.000000 1.000000 0.000000
vn 0.000000 1.000000 0.000000
vn 0.000000 1.000000 0.000000
vn 0.000000 1.000000 0.000000
vn 0.000000 1.000000 0.000000
vn 0.000000 1.000000 0.000000
vn 0.000000 1.000000 0.000000
vn 0.000000 1.000000 0.000000
vn 0.000000 1.000000 0.000000
vn 0.000000 1.000000 0.000000
vn 0.000000 1.000000 0.000000
vn 0.000000 1.000000 0.000000
vn 0.000000 1.000000 0.000000
vn 0.000000 1.000000 0.000000
vn 0.000000 1.000000 0.000000
vn 0.000000 1.000000 0.000000
vn 0.000000 1.000000 0.000000
vn 0.000000 1.000000 0.000000
vn 0.000000 1.000000 0.000000
vn 0.000000 1.000000 0.000000
vn 0.000000 1.000000 0.000000
vn 0.000000 1.000000 0.000000
vn 0.000000 1.000000 0.000000
vn 0.000000 1.000000 0.000000
vn 0.000000 1.000000 0.000000
vn 0.000000 1.000000 0.000000
vn 0.000000 1.000000 0.000000
vn 0.000000 1.000000 0.000000
vn 0.000000 1.000000 0.000000
vn 0.000000 1.000000 0.000000
vn 0.000000 1.000000 0.000000
vn 0.000000 1.000000 0.000000
vn 0.000000 1.000000 0.000000
vn 0.000000 1.000000 0.000000
vn 0.000000 1.000000 0.000000
vn 0.000000 1.000000 0.000000
vn 0.000000 1.000000 0.000000
vn 0.000000 1.000000 0.000000
vn 0.000000 1.000000 0.000000
vn 0.000000 1.000000 0.000000
vn 0.000000 1.000000 0.000000
vn 0.000000 1.000000 0.000000
vn 0.000000 1.000000 0.000000
vn 0.000000 1.000000 0.000000
vn 0.000000 1.000000 0.000000
vn 0.000000 1.000000 0.000000
vn 0.000000 1.000000 0.000000
vn 0.000000 1.000000 0.000000
vn 0.000000 1.000000 0.000000
vn 0.000000 1.000000 0.000000
vn 0.000000 1.000000 0.000000
vn 0.000000 1.000000 0.000000
vn 0.000000 1.000000 0.000000
vn 0.000000 1.000000 0.000000
vn 0.000000 1.000000 0.000000
vn 0.000000 1.000000 0.000000
vn 0.000000 1.000000 0.000000
vn 0.000000 1.000000 0.000000
vn 0.000000 1.000000 0.000000
vn 0.000000 1.000000 0.000000
vn 0.000000 1.000000 0.000000
vn 0.000000 1.000000 0.000000
vn 0.000000 1.000000 0.000000
vn 0.000000 1.000000 0.000000
vn 0.000000 1.000000 0.000000
vn 0.000000 1.000000 0.000000
vn 0.000000 1.000000 0.000000
vn 0.000000 1.000000 0.000000
vn 0.000000 1.000000 0.000000
vn 0.000000 1.000000 0.000000
vn 0.000000 1.000000 0.000000
vn 0.000000 1.000000 0.000000
vn 0.000000 1.000000 0.000000
vn 0.000000 1.000000 0.000000
vn 0.000000 1.000000 0.000000
vn 0.000000 1.000000 0.000000
vn 0.000000 1.000000 0.000000
vn 0.000000 1.000000 0.000000
vn 0.000000 1.000000 0.000000
vn 0.000000 1.000000 0.000000
vn 0.000000 1.000000 0.000000
vn 0.000000 1.000000 0.000000
vn 0.000000 1.000000 0.000000
vn 0.000000 1.000000 0.000000
vn 0.000000 1.000000 0.000000
vn 0.000000 1.000000 0.000000
vn 0.000000 1.000000 0.000000
vn 0.000000 1.000000 0.000000
vn 0.000000 1.000000 0.000000
vn 0.000000 1.000000 0.000000
vn 0.000000 1.000000 0.000000
vn 0.000000 1.000000 0.000000
vn 0.000000 1.000000 0.000000
vn 0.000000 1.000000 0.000000
vn 0.000000 1.000000 0.000000
vn 0.000000 1.000000 0.000000
vn 0.000000 1.000000 0.000000
vn 0.000000 1.000000 0.000000
vn 0.000000 1.000000 0.000000
vn 0.000000 1.000000 0.000000
vn 0.000000 1.000000 0.000000
vn 0.000000 1.000000 0.000000
vn 0.000000 1.000000 0.000000
vn 0.000000 1.000000 0.000000
vn 0.000000 1.000000 0.000000
vn 0.000000 1.000000 0.000000
vn 0.000000 1.000000 0.000000
vn 0.000000 1.000000 0.000000
vn 0.000000 1.000000 0.000000
vn 0.000000 1.000000 0.000000
vn 0.000000 1.000000 0.000000
vn 0.000000 1.000000 0.000000
vn 0.000000 1.000000 0.000000
vn 0.000000 1.000000 0.000000
vn 0.000000 1.000000 0.000000
vn 0.000000 1.000000 0.000000
vn 0.000000 1.000000 0.000000
vn 0.000000 1.000000 0.000000
vn 0.000000 1.000000 0.000000
vn 0.000000 1.000000 0.000000
vn 0.000000 1.000000 0.000000
vn 0.000000 1.000000 0.000000
vn 0.000000 1.000000 0.000000
vn 0.000000 1.000000 0.000000
vn 0.000000 1.000000 0.000000
vn 0.000000 1.000000 0.000000
vn 0.000000 1.000000 0.000000
vn 0.000000 1.000000 0.000000
vn 0.000000 1.000000 0.000000
vn 0.000000 1.000000 0.000000
vn 0.000000 1.000000 0.000000
vn 0.000000 1.000000 0.000000
vn 0.000000 1.000000 0.000000
vn 0.000000 1.000000 0.000000
vn 0.000000 1.000000 0.000000
vn 0.000000 1.000000 0.000000
vn 0.000000 1.000000 0.000000
vn 0.000000 1.000000 0.000000
vn 0.000000 1.000000 0.000000
vn 0.000000 1.000000 0.000000
vn 0.000000 1.000000 0.000000
vn 0.000000 1.000000 0.000000
vn 0.000000 1.000000 0.000000
vn 0.000000 1.000000 0.000000
vn 0.000000 1.000000 0.000000
vn 0.000000 1.000000 0.000000
vn 0.000000 1.000000 0.000000
vn 0.000000 1.000000 0.000000
vn 0.000000 1.000000 0.000000
vn 0.000000 1.000000 0.000000
vn 0.000000 1.000000 0.000000
vn 0.000000 1.000000 0.000000
vn 0.000000 1.000000 0.000000
vn 0.000000 1.000000 0.000000
vn 0.000000 1.000000 0.000000
vn 0.000000 1.000000 0.000000
vn 0.000000 1.000000 0.000000
vn 0.000000 1.000000 0.000000
vn 0.000000 1.000000 0.000000
vn 0.000000 1.000000 0.000000
vn 0.000000 1.000000 0.000000
vn 0.000000 1.000000 0.000000
vn 0.000000 1.000000 0.000000
vn 0.000000 1.000000 0.000000
vn 0.000000 1.000000 0.000000
vn 0.000000 1.000000 0.000000
vn 0.000000 1.000000 0.000000
vn 0.000000 1.000000 0.000000
vn 0.000000 1.000000 0.000000
vn 0.000000 1.000000 0.000000
vn 0.000000 1.000000 0.000000
vn 0.000000 1.000000 0.000000
vn 0.000000 1.000000 0.000000
vn 0.000000 1.000000 0.000000
vn 0.000000 1.000000 0.000000
vn 0.000000 1.000000 0.000000
vn 0.000000 1.000000 0.000000
vn 0.000000 1.000000 0.000000
vn 0.000000 1.000000 0.000000
vn 0.000000 1.000000 0.000000
vn 0.000000 1.000000 0.000000
vn 0.000000 1.000000 0.000000
vn 0.000000 1.000000 0.000000
vn 0.000000 1.000000 0.000000
vn 0.000000 1.000000 0.000000
vn 0.000000 1.000000 0.000000
vn 0.000000 1.000000 0.000000
vn 0.000000 1.000000 0.000000
vn 0.000000 1.000000 0.000000
vn 0.000000 1.000000 0.000000
vn 0.000000 1.000000 0.000000
vn 0.000000 1.000000 0.000000
vn 0.000000 1.000000 0.000000
vn 0.000000 1.000000 0.000000
vn 0.000000 1.000000 0.000000
vn 0.000000 1.000000 0.000000
vn 0.000000 1.000000 0.000000
vn 0.000000 1.000000 0.000000
vn 0.000000 1.000000 0.000000
vn 0.000000 1.000000 0.000000
vn 0.000000 1.000000 0.000000
vn 0.000000 1.000000 0.000000
vn 0.000000 1.000000 0.000000
vn 0.000000 1.000000 0.000000
vn 0.000000 1.000000 0.000000
vn 0.000000 1.000000 0.000000
vn 0.000000 1.000000 0.000000
vn 0.000000 1.000000 0.000000
vn 0.000000 1.000000 0.000000
vn 0.000000 1.000000 0.000000
vn 0.000000 1.000000 0.000000
vn 0.000000 1.000000 0.000000
vn 0.000000 1.000000 0.000000
vn 0.000000 1.000000 0.000000
vn 0.000000 1.000000 0.000000
vn 0.000000 1.000000 0.000000
vn 0.000000 1.000000 0.000000
vn 0.000000 1.000000 0.000000
vn 0.000000 1.000000 0.000000
vn 0.000000 1.000000 0.000000
vn 0.000000 1.000000 0.000000
vn 0.000000 1.000000 0.000000
vn 0.000000 1.000000 0.000000
vn 0.000000 1.000000 0.000000
vn 0.000000 1.000000 0.000000
vn 0.000000 1.000000 0.000000
vn 0.000000 1.000000 0.000000
vn 0.000000 1.000000 0.000000
vn 0.000000 1.000000 0.000000
vn 0.000000 1.000000 0.000000
vn 0.000000 1.000000 0.000000
vn 0.000000 1.000000 0.000000
vn 0.000000 1.000000 0.000000
vn 0.000000 1.000000 0.000000
vn 0.000000 1.000000 0.000000
vn 0.000000 1.000000 0.000000
vn 0.000000 1.000000 0.000000
vn 0.000000 1.000000 0.000000
vn 0.000000 1.000000 0.000000
vn 0.000000 1.000000 0.000000
vn 0.000000 1.000000 0.000000
vn 0.000000 1.000000 0.000000
vn 0.000000 1.000000 0.000000
vn 0.000000 1.000000 0.000000
vn 0.000000 1.000000 0.000000
vn 0.000000 1.000000 0.000000
vn 0.000000 1.000000 0.000000
vn 0.000000 1.000000 0.000000
vn 0.000000 1.000000 0.000000
vn 0.000000 1.000000 0.000000
vn 0.000000 1.000000 0.000000
vn 0.000000 1.000000 0.000000
vn 0.000000 1.000000 0.000000
vn 0.000000 1.000000 0.000000
vn 0.000000 1.000000 0.000000
vn 0.000000 1.000000 0.000000
vn 0.000000 1.000000 0.000000
vn 0.000000 1.000000 0.000000
vn 0.000000 1.000000 0.000000
vn 0.000000 1.000000 0.000000
vn 0.000000 1.000000 0.000000
vn 0.000000 1.000000 0.000000
vn 0.000000 1.000000 0.000000
vn 0.000000 1.000000 0.000000
vn 0.000000 1.000000 0.000000
vn 0.000000 1.000000 0.000000
vn 0.000000 1.000000 0.000000
vn 0.000000 1.000000 0.000000
vn 0.000000 1.000000 0.000000
vn 0.000000 1.000000 0.000000
vn 0.000000 1.000000 0.000000
vn 0.000000 1.000000 0.000000
vn 0.000000 1.000000 0.000000
vn 0.000000 1.000000 0.000000
vn 0.000000 1.000000 0.000000
vn 0.000000 1.000000 0.000000
vn 0.000000 1.000000 0.000000
vn 0.000000 1.000000 0.000000
vn 0.000000 1.000000 0.000000
vn 0.000000 1.000000 0.000000
vn 0.000000 1.000000 0.000000
vn 0.000000 1.000000 0.000000
vn 0.000000 1.000000 0.000000
vn 0.000000 1.000000 0.000000
vn 0.000000 1.000000 0.000000
vn 0.000000 1.000000 0.000000
vn 0.000000 1.000000 0.000000
vn 0.000000 1.000000 0.000000
vn 0.000000 1.000000 0.000000
vn 0.000000 1.000000 0.000000
vn 0.000000 1.000000 0.000000
vn 0.000000 1.000000 0.000000
vn 0.000000 1.000000 0.000000
vn 0.000000 1.000000 0.000000
vn 0.000000 1.000000 0.000000
vn 0.000000 1.000000 0.000000
vn 0.000000 1.000000 0.000000
vn 0.000000 1.000000 0.000000
vn 0.000000 1.000000 0.000000
vn 0.000000 1.000000 0.000000
vn 0.000000 1.000000 0.000000
vn 0.000000 1.000000 0.000000
vn 0.000000 1.000000 0.000000
vn 0.000000 1.000000 0.000000
vn 0.000000 1.000000 0.000000
vn 0.000000 1.000000 0.000000
vn 0.000000 1.000000 0.000000
vn 0.000000 1.000000 0.000000
vn 0.000000 1.000000 0.000000
vn 0.000000 1.000000 0.000000
vn 0.000000 1.000000 0.000000
vn 0.000000 1.000000 0.000000
vn 0.000000 1.000000 0.000000
vn 0.000000 1.000000 0.000000
vn 0.000000 1.000000 0.000000
vn 0.000000 1.000000 0.000000
vn 0.000000 1.000000 0.000000
vn 0.000000 1.000000 0.000000
vn 0.000000 1.000000 0.000000
vn 0.000000 1.000000 0.000000
vn 0.000000 1.000000 0.000000
vn 0.000000 1.000000 0.000000
vn 0.000000 1.000000 0.000000
vn 0.000000 1.000000 0.000000
vn 0.000000 1.000000 0.000000
vn 0.000000 1.000000 0.000000
vn 0.000000 1.000000 0.000000
vn 0.000000 1.000000 0.000000
vn 0.000000 1.000000 0.000000
vn 0.000000 1.000000 0.000000
vn 0.000000 1.000000 0.000000
vn 0.000000 1.000000 0.000000
vn 0.000000 1.000000 0.000000
vn 0.000000 1.000000 0.000000
vn 0.000000 1.000000 0.000000
vn 0.000000 1.000000 0.000000
vn 0.000000 1.000000 0.000000
vn 0.000000 1.000000 0.000000
vn 0.000000 1.000000 0.000000
vn 0.000000 1.000000 0.000000
vn 0.000000 1.000000 0.000000
vn 0.000000 1.000000 0.000000
vn 0.000000 1.000000 0.000000
vn 0.000000 1.000000 0.000000
vn 0.000000 1.000000 0.000000
vn 0.000000 1.000000 0.000000
vn 0.000000 1.000000 0.000000
vn 0.000000 1.000000 0.000000
vn 0.000000 1.000000 0.000000
vn 0.000000 1.000000 0.000000
vn 0.000000 1.000000 0.000000
vn 0.000000 1.000000 0.000000
vn 0.000000 1.000000 0.000000
vn 0.000000 1.000000 0.000000
vn 0.000000 1.000000 0.000000
vn 0.000000 1.000000 0.000000
vn 0.000000 1.000000 0.000000
vn 0.000000 1.000000 0.000000
vn 0.000000 1.000000 0.000000
vn 0.000000 1.000000 0.000000
vn 0.000000 1.000000 0.000000
vn 0.000000 1.000000 0.000000
vn 0.000000 1.000000 0.000000
vn 0.000000 1.000000 0.000000
vn 0.000000 1.000000 0.000000
vn 0.000000 1.000000 0.000000
vn 0.000000 1.000000 0.000000
vn 0.000000 1.000000 0.000000
vn 0.000000 1.000000 0.000000
vn 0.000000 1.000000 0.000000
vn 0.000000 1.000000 0.000000
vn 0.000000 1.000000 0.000000
vn 0.000000 1.000000 0.000000
vn 0.000000 1.000000 0.000000
vn 0.000000 1.000000 0.000000
vn 0.000000 1.000000 0.000000
vn 0.000000 1.000000 0.000000
vn 0.000000 1.000000 0.000000
vn 0.000000 1.000000 0.000000
vn 0.000000 1.000000 0.000000
vn 0.000000 1.000000 0.000000
vn 0.000000 1.000000 0.000000
vn 0.000000 1.000000 0.000000
vn 0.000000 1.000000 0.000000
vn 0.000000 1.000000 0.000000
vn 0.000000 1.000000 0.000000
vn 0.000000 1.000000 0.000000
vn 0.000000 1.000000 0.000000
vn 0.000000 1.000000 0.000000
vn 0.000000 1.000000 0.000000
vn 0.000000 1.000000 0.000000
vn 0.000000 1.000000 0.000000
vn 0.000000 1.000000 0.000000
vn 0.000000 1.000000 0.000000
vn 0.000000 1.000000 0.000000
vn 0.000000 1.000000 0.000000
vn 0.000000 1.000000 0.000000
vn 0.000000 1.000000 0.000000
vn 0.000000 1.000000 0.000000
vn 0.000000 1.000000 0.000000
vn 0.000000 1.000000 0.000000
vn 0.000000 1.000000 0.000000
vn 0.000000 1.000000 0.000000
vn 0.000000 1.000000 0.000000
vn 0.000000 1.000000 0.000000
vn 0.000000 1.000000 0.000000
vn 0.000000 1.000000 0.000000
vn 0.000000 1.000000 0.000000
vn 0.000000 1.000000 0.000000
vn 0.000000 1.000000 0.000000
vn 0.000000 1.000000 0.000000
vn 0.000000 1.000000 0.000000
vn 0.000000 1.000000 0.000000
vn 0.000000 1.000000 0.000000
vn 0.000000 1.000000 0.000000
vn 0.000000 1.000000 0.000000
vn 0.000000 1.000000 0.000000
vn 0.000000 1.000000 0.000000
vn 0.000000 1.000000 0.000000
vn 0.000000 1.000000 0.000000
vn 0.000000 1.000000 0.000000
vn 0.000000 1.000000 0.000000
vn 0.000000 1.000000 0.000000
vn 0.000000 1.000000 0.000000
vn 0.000000 1.000000 0.000000
vn 0.000000 1.000000 0.000000
vn 0.000000 1.000000 0.000000
vn 0.000000 1.000000 0.000000
vn 0.000000 1.000000 0.000000
vn 0.000000 1.000000 0.000000
vn 0.000000 1.000000 0.000000
vn 0.000000 1.000000 0.000000
vn 0.000000 1.000000 0.000000
vn 0.000000 1.000000 0.000000
vn 0.000000 1.000000 0.000000
vn 0.000000 1.000000 0.000000
vn 0.000000 1.000000 0.000000
vn 0.000000 1.000000 0.000000
vn 0.000000 1.000000 0.000000
vn 0.000000 1.000000 0.000000
vn 0.000000 1.000000 0.000000
vn 0.000000 1.000000 0.000000
vn 0.000000 1.000000 0.000000
vn 0.000000 1.000000 0.000000
vn 0.000000 1.000000 0.000000
vn 0.000000 1.000000 0.000000
vn 0.000000 1.000000 0.000000
vn 0.000000 1.000000 0.000000
vn 0.000000 1.000000 0.000000
vn 0.000000 1.000000 0.000000
vn 0.000000 1.000000 0.000000
vn 0.000000 1.000000 0.000000
vn 0.000000 1.000000 0.000000
vn 0.000000 1.000000 0.000000
vn 0.000000 1.000000 0.000000
vn 0.000000 1.000000 0.000000
vn 0.000000 1.000000 0.000000
vn 0.000000 1.000000 0.000000
vn 0.000000 1.000000 0.000000
vn 0.000000 1.000000 0.000000
vn 0.000000 1.000000 0.000000
vn 0.000000 1.000000 0.000000
vn 0.000000 1.000000 0.000000
vn 0.000000 1.000000 0.000000
vn 0.000000 1.000000 0.000000
vn 0.000000 1.000000 0.000000
vn 0.000000 1.000000 0.000000
vn 0.000000 1.000000 0.000000
vn 0.000000 1.000000 0.000000
vn 0.000000 1.000000 0.000000
vn 0.000000 1.000000 0.000000
vn 0.000000 1.000000 0.000000
vn 0.000000 1.000000 0.000000
vn 0.000000 1.000000 0.000000
vn 0.000000 1.000000 0.000000
vn 0.000000 1.000000 0.000000
vn 0.000000 1.000000 0.000000
vn 0.000000 1.000000 0.000000
vn 0.000000 1.000000 0.000000
vn 0.000000 1.000000 0.000000
vn 0.000000 1.000000 0.000000
vn 0.000000 1.000000 0.000000
vn 0.000000 1.000000 0.000000
vn 0.000000 1.000000 0.000000
vn 0.000000 1.000000 0.000000
vn 0.000000 1.000000 0.000000
vn 0.000000 1.000000 0.000000
vn 0.000000 1.000000 0.000000
vn 0.000000 1.000000 0.000000
vn 0.000000 1.000000 0.000000
vn 0.000000 1.000000 0.000000
vn 0.000000 1.000000 0.000000
vn 0.000000 1.000000 0.000000
vn 0.000000 1.000000 0.000000
vn 0.000000 1.000000 0.000000
vn 0.000000 1.000000 0.000000
vn 0.000000 1.000000 0.000000
vn 0.000000 1.000000 0.000000
vn 0.000000 1.000000 0.000000
vn 0.000000 1.000000 0.000000
vn 0.000000 1.000000 0.000000
vn 0.000000 1.000000 0.000000
vn 0.000000 1.000000 0.000000
vn 0.000000 1.000000 0.000000
vn 0.000000 1.000000 0.000000
vn 0.000000 1.000000 0.000000
vn 0.000000 1.000000 0.000000
vn 0.000000 1.000000 0.000000
vn 0.000000 1.000000 0.000000
vn 0.000000 1.000000 0.000000
vn 0.000000 1.000000 0.000000
vn 0.000000 1.000000 0.000000
vn 0.000000 1.000000 0.000000
vn 0.000000 1.000000 0.000000
vn 0.000000 1.000000 0.000000
vn 0.000000 1.000000 0.000000
vn 0.000000 1.000000 0.000000
vn 0.000000 1.000000 0.000000
vn 0.000000 1.000000 0.000000
vn 0.000000 1.000000 0.000000
vn 0.000000 1.000000 0.000000
vn 0.000000 1.000000 0.000000
vn 0.000000 1.000000 0.000000
vn 0.000000 1.000000 0.000000
vn 0.000000 1.000000 0.000000
vn 0.000000 1.000000 0.000000
vn 0.000000 1.000000 0.000000
vn 0.000000 1.000000 0.000000
vn 0.000000 1.000000 0.000000
vn 0.000000 1.000000 0.000000
vn 0.000000 1.000000 0.000000
vn 0.000000 1.000000 0.000000
vn 0.000000 1.000000 0.000000
vn 0.000000 1.000000 0.000000
vn 0.000000 1.000000 0.000000
vn 0.000000 1.000000 0.000000
vn 0.000000 1.000000 0.000000
vn 0.000000 1.000000 0.000000
vn 0.000000 1.000000 0.000000

f 391/391/391 392/392/392 1/1/1
f 1/1/1 392/392/392 2/2/2
f 392/392/392 393/393/393 2/2/2
f 2/2/2 393/393/393 3/3/3
f 393/393/393 394/394/394 3/3/3
f 3/3/3 394/394/394 4/4/4
f 394/394/394 395/395/395 4/4/4
f 4/4/4 395/395/395 5/5/5
f 395/395/395 396/396/396 5/5/5
f 5/5/5 396/396/396 6/6/6
f 396/396/396 397/397/397 6/6/6
f 6/6/6 397/397/397 7/7/7
f 397/397/397 398/398/398 7/7/7
f 7/7/7 398/398/398 8/8/8
f 398/398/398 399/399/399 8/8/8
f 8/8/8 399/399/399 9/9/9
f 399/399/399 400/400/400 9/9/9
f 9/9/9 400/400/400 10/10/10
f 400/400/400 401/401/401 10/10/10
f 10/10/10 401/401/401 11/11/11
f 401/401/401 402/402/402 11/11/11
f 11/11/11 402/402/402 12/12/12
f 402/402/402 403/403/403 12/12/12
f 12/12/12 403/403/403 13/13/13
f 403/403/403 404/404/404 13/13/13
f 13/13/13 404/404/404 14/14/14
f 404/404/404 405/405/405 14/14/14
f 14/14/14 405/405/405 15/15/15
f 405/405/405 406/406/406 15/15/15
f 15/15/15 406/406/406 16/16/16
f 406/406/406 407/407/407 16/16/16
f 16/16/16 407/407/407 17/17/17
f 407/407/407 408/408/408 17/17/17
f 17/17/17 408/408/408 18/18/18
f 408/408/408 409/409/409 18/18/18
f 18/18/18 409/409/409 19/19/19
f 409/409/409 410/410/410 19/19/19
f 19/19/19 410/410/410 20/20/20
f 410/410/410 411/411/411 20/20/20
f 20/20/20 411/411/411 21/21/21
f 411/411/411 412/412/412 21/21/21
f 21/21/21 412/412/412 22/22/22
f 412/412/412 413/413/413 22/22/22
f 22/22/22 413/413/413 23/23/23
f 413/413/413 414/414/414 23/23/23
f 23/23/23 414/414/414 24/24/24
f 414/414/414 415/415/415 24/24/24
f 24/24/24 415/415/415 25/25/25
f 415/415/415 416/416/416 25/25/25
f 25/25/25 416/416/416 26/26/26
f 416/416/416 417/417/417 26/26/26
f 26/26/26 417/417/417 27/27/27
f 417/417/417 418/418/418 27/27/27
f 27/27/27 418/418/418 28/28/28
f 418/418/418 419/419/419 28/28/28
f 28/28/28 419/419/419 29/29/29
f 419/419/419 420/420/420 29/29/29
f 29/29/29 420/420/420 30/30/30
f 420/420/420 421/421/421 30/30/30
f 30/30/30 421/421/421 31/31/31
f 421/421/421 422/422/422 31/31/31
f 31/31/31 422/422/422 32/32/32
f 422/422/422 423/423/423 32/32/32
f 32/32/32 423/423/423 33/33/33
f 423/423/423 424/424/424 33/33/33
f 33/33/33 424/424/424 34/34/34
f 424/424/424 425/425/425 34/34/34
f 34/34/34 425/425/425 35/35/35
f 425/425/425 426/426/426 35/35/35
f 35/35/35 426/426/426 36/36/36
f 426/426/426 427/427/427 36/36/36
f 36/36/36 427/427/427 37/37/37
f 427/427/427 428/428/428 37/37/37
f 37/37/37 428/428/428 38/38/38
f 428/428/428 429/429/429 38/38/38
f 38/38/38 429/429/429 39/39/39
f 429/429/429 430/430/430 39/39/39
f 39/39/39 430/430/430 40/40/40
f 430/430/430 431/431/431 40/40/40
f 40/40/40 431/431/431 41/41/41
f 431/431/431 432/432/432 41/41/41
f 41/41/41 432/432/432 42/42/42
f 432/432/432 433/433/433 42/42/42
f 42/42/42 433/433/433 43/43/43
f 433/433/433 434/434/434 43/43/43
f 43/43/43 434/434/434 44/44/44
f 434/434/434 435/435/435 44/44/44
f 44/44/44 435/435/435 45/45/45
f 435/435/435 436/436/436 45/45/45
f 45/45/45 436/436/436 46/46/46
f 436/436/436 437/437/437 46/46/46
f 46/46/46 437/437/437 47/47/47
f 437/437/437 438/438/438 47/47/47
f 47/47/47 438/438/438 48/48/48
f 438/438/438 439/439/439 48/48/48
f 48/48/48 439/439/439 49/49/49
f 439/439/439 440/440/440 49/49/49
f 49/49/49 440/440/440 50/50/50
f 440/440/440 441/441/441 50/50/50
f 50/50/50 441/441/441 51/51/51
f 441/441/441 442/442/442 51/51/51
f 51/51/51 442/442/442 52/52/52
f 442/442/442 443/443/443 52/52/52
f 52/52/52 443/443/443 53/53/53
f 443/443/443 444/444/444 53/53/53
f 53/53/53 444/444/444 54/54/54
f 444/444/444 445/445/445 54/54/54
f 54/54/54 445/445/445 55/55/55
f 445/445/445 446/446/446 55/55/55
f 55/55/55 446/446/446 56/56/56
f 446/446/446 447/447/447 56/56/56
f 56/56/56 447/447/447 57/57/57
f 447/447/447 448/448/448 57/57/57
f 57/57/57 448/448/448 58/58/58
f 448/448/448 449/449/449 58/58/58
f 58/58/58 449/449/449 59/59/59
f 449/449/449 450/450/450 59/59/59
f 59/59/59 450/450/450 60/60/60
f 450/450/450 451/451/451 60/60/60
f 60/60/60 451/451/451 61/61/61
f 451/451/451 452/452/452 61/61/61
f 61/61/61 452/452/452 62/62/62
f 452/452/452 453/453/453 62/62/62
f 62/62/62 453/453/453 63/63/63
f 453/453/453 454/454/454 63/63/63
f 63/63/63 454/454/454 64/64/64
f 454/454/454 455/455/455 64/64/64
f 64/64/64 455/455/455 65/65/65
f 455/455/455 456/456/456 65/65/65
f 65/65/65 456/456/456 66/66/66
f 456/456/456 457/457/457 66/66/66
f 66/66/66 457/457/457 67/67/67
f 457/457/457 458/458/458 67/67/67
f 67/67/67 458/458/458 68/68/68
f 458/458/458 459/459/459 68/68/68
f 68/68/68 459/459/459 69/69/69
f 459/459/459 460/460/460 69/69/69
f 69/69/69 460/460/460 70/70/70
f 460/460/460 461/461/461 70/70/70
f 70/70/70 461/461/461 71/71/71
f 461/461/461 462/462/462 71/71/71
f 71/71/71 462/462/462 72/72/72
f 462/462/462 463/463/463 72/72/72
f 72/72/72 463/463/463 73/73/73
f 463/463/463 464/464/464 73/73/73
f 73/73/73 464/464/464 74/74/74
f 464/464/464 465/465/465 74/74/74
f 74/74/74 465/465/465 75/75/75
f 465/465/465 466/466/466 75/75/75
f 75/75/75 466/466/466 76/76/76
f 466/466/466 467/467/467 76/76/76
f 76/76/76 467/467/467 77/77/77
f 467/467/467 468/468/468 77/77/77
f 77/77/77 468/468/468 78/78/78
f 468/468/468 469/469/469 78/78/78
f 78/78/78 469/469/469 79/79/79
f 469/469/469 470/470/470 79/79/79
f 79/79/79 470/470/470 80/80/80
f 470/470/470 471/471/471 80/80/80
f 80/80/80 471/471/471 81/81/81
f 471/471/471 472/472/472 81/81/81
f 81/81/81 472/472/472 82/82/82
f 472/472/472 473/473/473 82/82/82
f 82/82/82 473/473/473 83/83/83
f 473/473/473 474/474/474 83/83/83
f 83/83/83 474/474/474 84/84/84
f 474/474/474 475/475/475 84/84/84
f 84/84/84 475/475/475 85/85/85
f 475/475/475 476/476/476 85/85/85
f 85/85/85 476/476/476 86/86/86
f 476/476/476 477/477/477 86/86/86
f 86/86/86 477/477/477 87/87/87
f 477/477/477 478/478/478 87/87/87
f 87/87/87 478/478/478 88/88/88
f 478/478/478 479/479/479 88/88/88
f 88/88/88 479/479/479 89/89/89
f 479/479/479 480/480/480 89/89/89
f 89/89/89 480/480/480 90/90/90
f 480/480/480 481/481/481 90/90/90
f 90/90/90 481/481/481 91/91/91
f 481/481/481 482/482/482 91/91/91
f 91/91/91 482/482/482 92/92/92
f 482/482/482 483/483/483 92/92/92
f 92/92/92 483/483/483 93/93/93
f 483/483/483 484/484/484 93/93/93
f 93/93/93 484/484/484 94/94/94
f 484/484/484 485/485/485 94/94/94
f 94/94/94 485/485/485 95/95/95
f 485/485/485 486/486/486 95/95/95
f 95/95/95 486/486/486 96/96/96
f 486/486/486 487/487/487 96/96/96
f 96/96/96 487/487/487 97/97/97
f 487/487/487 488/488/488 97/97/97
f 97/97/97 488/488/488 98/98/98
f 488/488/488 489/489/489 98/98/98
f 98/98/98 489/489/489 99/99/99
f 489/489/489 490/490/490 99/99/99
f 99/99/99 490/490/490 100/100/100
f 490/490/490 491/491/491 100/100/100
f 100/100/100 491/491/491 101/101/101
f 491/491/491 492/492/492 101/101/101
f 101/101/101 492/492/492 102/102/102
f 492/492/492 493/493/493 102/102/102
f 102/102/102 493/493/493 103/103/103
f 493/493/493 494/494/494 103/103/103
f 103/103/103 494/494/494 104/104/104
f 494/494/494 495/495/495 104/104/104
f 104/104/104 495/495/495 105/105/105
f 495/495/495 496/496/496 105/105/105
f 105/105/105 496/496/496 106/106/106
f 496/496/496 497/497/497 106/106/106
f 106/106/106 497/497/497 107/107/107
f 497/497/497 498/498/498 107/107/107
f 107/107/107 498/498/498 108/108/108
f 498/498/498 499/499/499 108/108/108
f 108/108/108 499/499/499 109/109/109
f 499/499/499 500/500/500 109/109/109
f 109/109/109 500/500/500 110/110/110
f 500/500/500 501/501/501 110/110/110
f 110/110/110 501/501/501 111/111/111
f 501/501/501 502/502/502 111/111/111
f 111/111/111 502/502/502 112/112/112
f 502/502/502 503/503/503 112/112/112
f 112/112/112 503/503/503 113/113/113
f 503/503/503 504/504/504 113/113/113
f 113/113/113 504/504/504 114/114/114
f 504/504/504 505/505/505 114/114/114
f 114/114/114 505/505/505 115/115/115
f 505/505/505 506/506/506 115/115/115
f 115/115/115 506/506/506 116/116/116
f 506/506/506 507/507/507 116/116/116
f 116/116/116 507/507/507 117/117/117
f 507/507/507 508/508/508 117/117/117
f 117/117/117 508/508/508 118/118/118
f 508/508/508 509/509/509 118/118/118
f 118/118/118 509/509/509 119/119/119
f 509/509/509 510/510/510 119/119/119
f 119/119/119 510/510/510 120/120/120
f 510/510/510 511/511/511 120/120/120
f 120/120/120 511/511/511 121/121/121
f 511/511/511 512/512/512 121/121/121
f 121/121/121 512/512/512 122/122/122
f 512/512/512 513/513/513 122/122/122
f 122/122/122 513/513/513 123/123/123
f 513/513/513 514/514/514 123/123/123
f 123/123/123 514/514/514 124/124/124
f 514/514/514 515/515/515 124/124/124
f 124/124/124 515/515/515 125/125/125
f 515/515/515 516/516/516 125/125/125
f 125/125/125 516/516/516 126/126/126
f 516/516/516 517/517/517 126/126/126
f 126/126/126 517/517/517 127/127/127
f 517/517/517 518/518/518 127/127/127
f 127/127/127 518/518/518 128/128/128
f 518/518/518 519/519/519 128/128/128
f 128/128/128 519/519/519 129/129/129
f 519/519/519 520/520/520 129/129/129
f 129/129/129 520/520/520 130/130/130
f 520/520/520 521/521/521 130/130/130
f 130/130/130 521/521/521 131/131/131
f 521/521/521 522/522/522 131/131/131
f 131/131/131 522/522/522 132/132/132
f 522/522/522 523/523/523 132/132/132
f 132/132/132 523/523/523 133/133/133
f 523/523/523 524/524/524 133/133/133
f 133/133/133 524/524/524 134/134/134
f 524/524/524 525/525/525 134/134/134
f 134/134/134 525/525/525 135/135/135
f 525/525/525 526/526/526 135/135/135
f 135/135/135 526/526/526 136/136/136
f 526/526/526 527/527/527 136/136/136
f 136/136/136 527/527/527 137/137/137
f 527/527/527 528/528/528 137/137/137
f 137/137/137 528/528/528 138/138/138
f 528/528/528 529/529/529 138/138/138
f 138/138/138 529/529/529 139/139/139
f 529/529/529 530/530/530 139/139/139
f 139/139/139 530/530/530 140/140/140
f 530/530/530 531/531/531 140/140/140
f 140/140/140 531/531/531 141/141/141
f 531/531/531 532/532/532 141/141/141
f 141/141/141 532/532/532 142/142/142
f 532/532/532 533/533/533 142/142/142
f 142/142/142 533/533/533 143/143/143
f 533/533/533 534/534/534 143/143/143
f 143/143/143 534/534/534 144/144/144
f 534/534/534 535/535/535 144/144/144
f 144/144/144 535/535/535 145/145/145
f 535/535/535 536/536/536 145/145/145
f 145/145/145 536/536/536 146/146/146
f 536/536/536 537/537/537 146/146/146
f 146/146/146 537/537/537 147/147/147
f 537/537/537 538/538/538 147/147/147
f 147/147/147 538/538/538 148/148/148
f 538/538/538 539/539/539 148/148/148
f 148/148/148 539/539/539 149/149/149
f 539/539/539 540/540/540 149/149/149
f 149/149/149 540/540/540 150/150/150
f 540/540/540 541/541/541 150/150/150
f 150/150/150 541/541/541 151/151/151
f 541/541/541 542/542/542 151/151/151
f 151/151/151 542/542/542 152/152/152
f 542/542/542 543/543/543 152/152/152
f 152/152/152 543/543/543 153/153/153
f 543/543/543 544/544/544 153/153/153
f 153/153/153 544/544/544 154/154/154
f 544/544/544 545/545/545 154/154/154
f 154/154/154 545/545/545 155/155/155
f 545/545/545 546/546/546 155/155/155
f 155/155/155 546/546/546 156/156/156
f 546/546/546 547/547/547 156/156/156
f 156/156/156 547/547/547 157/157/157
f 547/547/547 548/548/548 157/157/157
f 157/157/157 548/548/548 158/158/158
f 548/548/548 549/549/549 158/158/158
f 158/158/158 549/549/549 159/159/159
f 549/549/549 550/550/550 159/159/159
f 159/159/159 550/550/550 160/160/160
f 550/550/550 551/551/551 160/160/160
f 160/160/160 551/551/551 161/161/161
f 551/551/551 552/552/552 161/161/161
f 161/161/161 552/552/552 162/162/162
f 552/552/552 553/553/553 162/162/162
f 162/162/162 553/553/553 163/163/163
f 553/553/553 554/554/554 163/163/163
f 163/163/163 554/554/554 164/164/164
f 554/554/554 555/555/555 164/164/164
f 164/164/164 555/555/555 165/165/165
f 555/555/555 556/556/556 165/165/165
f 165/165/165 556/556/556 166/166/166
f 556/556/556 557/557/557 166/166/166
f 166/166/166 557/557/557 167/167/167
f 557/557/557 558/558/558 167/167/167
f 167/167/167 558/558/558 168/168/168
f 558/558/558 559/559/559 168/168/168
f 168/168/168 559/559/559 169/169/169
f 559/559/559 560/560/560 169/169/169
f 169/169/169 560/560/560 170/170/170
f 560/560/560 561/561/561 170/170/170
f 170/170/170 561/561/561 171/171/171
f 561/561/561 562/562/562 171/171/171
f 171/171/171 562/562/562 172/172/172
f 562/562/562 563/563/563 172/172/172
f 172/172/172 563/563/563 173/173/173
f 563/563/563 564/564/564 173/173/173
f 173/173/173 564/564/564 174/174/174
f 564/564/564 565/565/565 174/174/174
f 174/174/174 565/565/565 175/175/175
f 565/565/565 566/566/566 175/175/175
f 175/175/175 566/566/566 176/176/176
f 566/566/566 567/567/567 176/176/176
f 176/176/176 567/567/567 177/177/177
f 567/567/567 568/568/568 177/177/177
f 177/177/177 568/568/568 178/178/178
f 568/568/568 569/569/569 178/178/178
f 178/178/178 569/569/569 179/179/179
f 569/569/569 570/570/570 179/179/179
f 179/179/179 570/570/570 180/180/180
f 570/570/570 571/571/571 180/180/180
f 180/180/180 571/571/571 181/181/181
f 571/571/571 572/572/572 181/181/181
f 181/181/181 572/572/572 182/182/182
f 572/572/572 573/573/573 182/182/182
f 182/182/182 573/573/573 183/183/183
f 573/573/573 574/574/574 183/183/183
f 183/183/183 574/574/574 184/184/184
f 574/574/574 575/575/575 184/184/184
f 184/184/184 575/575/575 185/185/185
f 575/575/575 576/576/576 185/185/185
f 185/185/185 576/576/576 186/186/186
f 576/576/576 577/577/577 186/186/186
f 186/186/186 577/577/577 187/187/187
f 577/577/577 578/578/578 187/187/187
f 187/187/187 578/578/578 188/188/188
f 578/578/578 579/579/579 188/188/188
f 188/188/188 579/579/579 189/189/189
f 579/579/579 580/580/580 189/189/189
f 189/189/189 580/580/580 190/190/190
f 580/580/580 581/581/581 190/190/190
f 190/190/190 581/581/581 191/191/191
f 581/581/581 582/582/582 191/191/191
f 191/191/191 582/582/582 192/192/192
f 582/582/582 583/583/583 192/192/192
f 192/192/192 583/583/583 193/193/193
f 583/583/583 584/584/584 193/193/193
f 193/193/193 584/584/584 194/194/194
f 584/584/584 585/585/585 194/194/194
f 194/194/194 585/585/585 195/195/195
f 585/585/585 586/586/586 195/195/195
f 195/195/195 586/586/586 196/196/196
f 586/586/586 587/587/587 196/196/196
f 196/196/196 587/587/587 197/197/197
f 587/587/587 588/588/588 197/197/197
f 197/197/197 588/588/588 198/198/198
f 588/588/588 589/589/589 198/198/198
f 198/198/198 589/589/589 199/199/199
f 589/589/589 590/590/590 199/199/199
f 199/199/199 590/590/590 200/200/200
f 590/590/590 591/591/591 200/200/200
f 200/200/200 591/591/591 201/201/201
f 591/591/591 592/592/592 201/201/201
f 201/201/201 592/592/592 202/202/202
f 592/592/592 593/593/593 202/202/202
f 202/202/202 593/593/593 203/203/203
f 593/593/593 594/594/594 203/203/203
f 203/203/203 594/594/594 204/204/204
f 594/594/594 595/595/595 204/204/204
f 204/204/204 595/595/595 205/205/205
f 595/595/595 596/596/596 205/205/205
f 205/205/205 596/596/596 206/206/206
f 596/596/596 597/597/597 206/206/206
f 206/206/206 597/597/597 207/207/207
f 597/597/597 598/598/598 207/207/207
f 207/207/207 598/598/598 208/208/208
f 598/598/598 599/599/599 208/208/208
f 208/208/208 599/599/599 209/209/209
f 599/599/599 600/600/600 209/209/209
f 209/209/209 600/600/600 210/210/210
f 600/600/600 601/601/601 210/210/210
f 210/210/210 601/601/601 211/211/211
f 601/601/601 602/602/602 211/211/211
f 211/211/211 602/602/602 212/212/212
f 602/602/602 603/603/603 212/212/212
f 212/212/212 603/603/603 213/213/213
f 603/603/603 604/604/604 213/213/213
f 213/213/213 604/604/604 214/214/214
f 604/604/604 605/605/605 214/214/214
f 214/214/214 605/605/605 215/215/215
f 605/605/605 606/606/606 215/215/215
f 215/215/215 606/606/606 216/216/216
f 606/606/606 607/607/607 216/216/216
f 216/216/216 607/607/607 217/217/217
f 607/607/607 608/608/608 217/217/217
f 217/217/217 608/608/608 218/218/218
f 608/608/608 609/609/609 218/218/218
f 218/218/218 609/609/609 219/219/219
f 609/609/609 610/610/610 219/219/219
f 219/219/219 610/610/610 220/220/220
f 610/610/610 611/611/611 220/220/220
f 220/220/220 611/611/611 221/221/221
f 611/611/611 612/612/612 221/221/221
f 221/221/221 612/612/612 222/222/222
f 612/612/612 613/613/613 222/222/222
f 222/222/222 613/613/613 223/223/223
f 613/613/613 614/614/614 223/223/223
f 223/223/223 614/614/614 224/224/224
f 614/614/614 615/615/615 224/224/224
f 224/224/224 615/615/615 225/225/225
f 615/615/615 616/616/616 225/225/225
f 225/225/225 616/616/616 226/226/226
f 616/616/616 617/617/617 226/226/226
f 226/226/226 617/617/617 227/227/227
f 617/617/617 618/618/618 227/227/227
f 227/227/227 618/618/618 228/228/228
f 618/618/618 619/619/619 228/228/228
f 228/228/228 619/619/619 229/229/229
f 619/619/619 620/620/620 229/229/229
f 229/229/229 620/620/620 230/230/230
f 620/620/620 621/621/621 230/230/230
f 230/230/230 621/621/621 231/231/231
f 621/621/621 622/622/622 231/231/231
f 231/231/231 622/622/622 232/232/232
f 622/622/622 623/623/623 232/232/232
f 232/232/232 623/623/623 233/233/233
f 623/623/623 624/624/624 233/233/233
f 233/233/233 624/624/624 234/234/234
f 624/624/624 625/625/625 234/234/234
f 234/234/234 625/625/625 235/235/235
f 625/625/625 626/626/626 235/235/235
f 235/235/235 626/626/626 236/236/236
f 626/626/626 627/627/627 236/236/236
f 236/236/236 627/627/627 237/237/237
f 627/627/627 628/628/628 237/237/237
f 237/237/237 628/628/628 238/238/238
f 628/628/628 629/629/629 238/238/238
f 238/238/238 629/629/629 239/239/239
f 629/629/629 630/630/630 239/239/239
f 239/239/239 630/630/630 240/240/240
f 630/630/630 631/631/631 240/240/240
f 240/240/240 631/631/631 241/241/241
f 631/631/631 632/632/632 241/241/241
f 241/241/241 632/632/632 242/242/242
f 632/632/632 633/633/633 242/242/242
f 242/242/242 633/633/633 243/243/243
f 633/633/633 634/634/634 243/243/243
f 243/243/243 634/634/634 244/244/244
f 634/634/634 635/635/635 244/244/244
f 244/244/244 635/635/635 245/245/245
f 635/635/635 636/636/636 245/245/245
f 245/245/245 636/636/636 246/246/246
f 636/636/636 637/637/637 246/246/246
f 246/246/246 637/637/637 247/247/247
f 637/637/637 638/638/638 247/247/247
f 247/247/247 638/638/638 248/248/248
f 638/638/638 639/639/639 248/248/248
f 248/248/248 639/639/639 249/249/249
f 639/639/639 640/640/640 249/249/249
f 249/249/249 640/640/640 250/250/250
f 640/640/640 641/641/641 250/250/250
f 250/250/250 641/641/641 251/251/251
f 641/641/641 642/642/642 251/251/251
f 251/251/251 642/642/642 252/252/252
f 642/642/642 643/643/643 252/252/252
f 252/252/252 643/643/643 253/253/253
f 643/643/643 644/644/644 253/253/253
f 253/253/253 644/644/644 254/254/254
f 644/644/644 645/645/645 254/254/254
f 254/254/254 645/645/645 255/255/255
f 645/645/645 646/646/646 255/255/255
f 255/255/255 646/646/646 256/256/256
f 646/646/646 647/647/647 256/256/256
f 256/256/256 647/647/647 257/257/257
f 647/647/647 648/648/648 257/257/257
f 257/257/257 648/648/648 258/258/258
f 648/648/648 649/649/649 258/258/258
f 258/258/258 649/649/649 259/259/259
f 649/649/649 650/650/650 259/259/259
f 259/259/259 650/650/650 260/260/260
f 650/650/650 651/651/651 260/260/260
f 260/260/260 651/651/651 261/261/261
f 651/651/651 652/652/652 261/261/261
f 261/261/261 652/652/652 262/262/262
f 652/652/652 653/653/653 262/262/262
f 262/262/262 653/653/653 263/263/263
f 653/653/653 654/654/654 263/263/263
f 263/263/263 654/654/654 264/264/264
f 654/654/654 655/655/655 264/264/264
f 264/264/264 655/655/655 265/265/265
f 655/655/655 656/656/656 265/265/265
f 265/265/265 656/656/656 266/266/266
f 656/656/656 657/657/657 266/266/266
f 266/266/266 657/657/657 267/267/267
f 657/657/657 658/658/658 267/267/267
f 267/267/267 658/658/658 268/268/268
f 658/658/658 659/659/659 268/268/268
f 268/268/268 659/659/659 269/269/269
f 659/659/659 660/660/660 269/269/269
f 269/269/269 660/660/660 270/270/270
f 660/660/660 661/661/661 270/270/270
f 270/270/270 661/661/661 271/271/271
f 661/661/661 662/662/662 271/271/271
f 271/271/271 662/662/662 272/272/272
f 662/662/662 663/663/663 272/272/272
f 272/272/272 663/663/663 273/273/273
f 663/663/663 664/664/664 273/273/273
f 273/273/273 664/664/664 274/274/274
f 664/664/664 665/665/665 274/274/274
f 274/274/274 665/665/665 275/275/275
f 665/665/665 666/666/666 275/275/275
f 275/275/275 666/666/666 276/276/276
f 666/666/666 667/667/667 276/276/276
f 276/276/276 667/667/667 277/277/277
f 667/667/667 668/668/668 277/277/277
f 277/277/277 668/668/668 278/278/278
f 668/668/668 669/669/669 278/278/278
f 278/278/278 669/669/669 279/279/279
f 669/669/669 670/670/670 279/279/279
f 279/279/279 670/670/670 280/280/280
f 670/670/670 671/671/671 280/280/280
f 280/280/280 671/671/671 281/281/281
f 671/671/671 672/672/672 281/281/281
f 281/281/281 672/672/672 282/282/282
f 672/672/672 673/673/673 282/282/282
f 282/282/282 673/673/673 283/283/283
f 673/673/673 674/674/674 283/283/283
f 283/283/283 674/674/674 284/284/284
f 674/674/674 675/675/675 284/284/284
f 284/284/284 675/675/675 285/285/285
f 675/675/675 676/676/676 285/285/285
f 285/285/285 676/676/676 286/286/286
f 676/676/676 677/677/677 286/286/286
f 286/286/286 677/677/677 287/287/287
f 677/677/677 678/678/678 287/287/287
f 287/287/287 678/678/678 288/288/288
f 678/678/678 679/679/679 288/288/288
f 288/288/288 679/679/679 289/289/289
f 679/679/679 680/680/680 289/289/289
f 289/289/289 680/680/680 290/290/290
f 680/680/680 681/681/681 290/290/290
f 290/290/290 681/681/681 291/291/291
f 681/681/681 682/682/682 291/291/291
f 291/291/291 682/682/682 292/292/292
f 682/682/682 683/683/683 292/292/292
f 292/292/292 683/683/683 293/293/293
f 683/683/683 684/684/684 293/293/293
f 293/293/293 684/684/684 294/294/294
f 684/684/684 685/685/685 294/294/294
f 294/294/294 685/685/685 295/295/295
f 685/685/685 686/686/686 295/295/295
f 295/295/295 686/686/686 296/296/296
f 686/686/686 687/687/687 296/296/296
f 296/296/296 687/687/687 297/297/297
f 687/687/687 688/688/688 297/297/297
f 297/297/297 688/688/688 298/298/298
f 688/688/688 689/689/689 298/298/298
f 298/298/298 689/689/689 299/299/299
f 689/689/689 690/690/690 299/299/299
f 299/299/299 690/690/690 300/300/300
f 690/690/690 691/691/691 300/300/300
f 300/300/300 691/691/691 301/301/301
f 691/691/691 692/692/692 301/301/301
f 301/301/301 692/692/692 302/302/302
f 692/692/692 693/693/693 302/302/302
f 302/302/302 693/693/693 303/303/303
f 693/693/693 694/694/694 303/303/303
f 303/303/303 694/694/694 304/304/304
f 694/694/694 695/695/695 304/304/304
f 304/304/304 695/695/695 305/305/305
f 695/695/695 696/696/696 305/305/305
f 305/305/305 696/696/696 306/306/306
f 696/696/696 697/697/697 306/306/306
f 306/306/306 697/697/697 307/307/307
f 697/697/697 698/698/698 307/307/307
f 307/307/307 698/698/698 308/308/308
f 698/698/698 699/699/699 308/308/308
f 308/308/308 699/699/699 309/309/309
f 699/699/699 700/700/700 309/309/309
f 309/309/309 700/700/700 310/310/310
f 700/700/700 701/701/701 310/310/310
f 310/310/310 701/701/701 311/311/311
f 701/701/701 702/702/702 311/311/311
f 311/311/311 702/702/702 312/312/312
f 702/702/702 703/703/703 312/312/312
f 312/312/312 703/703/703 313/313/313
f 703/703/703 704/704/704 313/313/313
f 313/313/313 704/704/704 314/314/314
f 704/704/704 705/705/705 314/314/314
f 314/314/314 705/705/705 315/315/315
f 705/705/705 706/706/706 315/315/315
f 315/315/315 706/706/706 316/316/316
f 706/706/706 707/707/707 316/316/316
f 316/316/316 707/707/707 317/317/317
f 707/707/707 708/708/708 317/317/317
f 317/317/317 708/708/708 318/318/318
f 708/708/708 709/709/709 318/318/318
f 318/318/318 709/709/709 319/319/319
f 709/709/709 710/710/710 319/319/319
f 319/319/319 710/710/710 320/320/320
f 710/710/710 711/711/711 320/320/320
f 320/320/320 711/711/711 321/321/321
f 711/711/711 712/712/712 321/321/321
f 321/321/321 712/712/712 322/322/322
f 712/712/712 713/713/713 322/322/322
f 322/322/322 713/713/713 323/323/323
f 713/713/713 714/714/714 323/323/323
f 323/323/323 714/714/714 324/324/324
f 714/714/714 715/715/715 324/324/324
f 324/324/324 715/715/715 325/325/325
f 715/715/715 716/716/716 325/325/325
f 325/325/325 716/716/716 326/326/326
f 716/716/716 717/717/717 326/326/326
f 326/326/326 717/717/717 327/327/327
f 717/717/717 718/718/718 327/327/327
f 327/327/327 718/718/718 328/328/328
f 718/718/718 719/719/719 328/328/328
f 328/328/328 719/719/719 329/329/329
f 719/719/719 720/720/720 329/329/329
f 329/329/329 720/720/720 330/330/330
f 720/720/720 721/721/721 330/330/330
f 330/330/330 721/721/721 331/331/331
f 721/721/721 722/722/722 331/331/331
f 331/331/331 722/722/722 332/332/332
f 722/722/722 723/723/723 332/332/332
f 332/332/332 723/723/723 333/333/333
f 723/723/723 724/724/724 333/333/333
f 333/333/333 724/724/724 334/334/334
f 724/724/724 725/725/725 334/334/334
f 334/334/334 725/725/725 335/335/335
f 725/725/725 726/726/726 335/335/335
f 335/335/335 726/726/726 336/336/336
f 726/726/726 727/727/727 336/336/336
f 336/336/336 727/727/727 337/337/337
f 727/727/727 728/728/728 337/337/337
f 337/337/337 728/728/728 338/338/338
f 728/728/728 729/729/729 338/338/338
f 338/338/338 729/729/729 339/339/339
f 729/729/729 730/730/730 339/339/339
f 339/339/339 730/730/730 340/340/340
f 730/730/730 731/731/731 340/340/340
f 340/340/340 731/731/731 341/341/341
f 731/731/731 732/732/732 341/341/341
f 341/341/341 732/732/732 342/342/342
f 732/732/732 733/733/733 342/342/342
f 342/342/342 733/733/733 343/343/343
f 733/733/733 734/734/734 343/343/343
f 343/343/343 734/734/734 344/344/344
f 734/734/734 735/735/735 344/344/344
f 344/344/344 735/735/735 345/345/345
f 735/735/735 736/736/736 345/345/345
f 345/345/345 736/736/736 346/346/346
f 736/736/736 737/737/737 346/346/346
f 346/346/346 737/737/737 347/347/347
f 737/737/737 738/738/738 347/347/347
f 347/347/347 738/738/738 348/348/348
f 738/738/738 739/739/739 348/348/348
f 348/348/348 739/739/739 349/349/349
f 739/739/739 740/740/740 349/349/349
f 349/349/349 740/740/740 350/350/350
f 740/740/740 741/741/741 350/350/350
f 350/350/350 741/741/741 351/351/351
f 741/741/741 742/742/742 351/351/351
f 351/351/351 742/742/742 352/352/352
f 742/742/742 743/743/743 352/352/352
f 352/352/352 743/743/743 353/353/353
f 743/743/743 744/744/744 353/353/353
f 353/353/353 744/744/744 354/354/354
f 744/744/744 745/745/745 354/354/354
f 354/354/354 745/745/745 355/355/355
f 745/745/745 746/746/746 355/355/355
f 355/355/355 746/746/746 356/356/356
f 746/746/746 747/747/747 356/356/356
f 356/356/356 747/747/747 357/357/357
f 747/747/747 748/748/748 357/357/357
f 357/357/357 748/748/748 358/358/358
f 748/748/748 749/749/749 358/358/358
f 358/358/358 749/749/749 359/359/359
f 749/749/749 750/750/750 359/359/359
f 359/359/359 750/750/750 360/360/360
f 750/750/750 751/751/751 360/360/360
f 360/360/360 751/751/751 361/361/361
f 751/751/751 752/752/752 361/361/361
f 361/361/361 752/752/752 362/362/362
f 752/752/752 753/753/753 362/362/362
f 362/362/362 753/753/753 363/363/363
f 753/753/753 754/754/754 363/363/363
f 363/363/363 754/754/754 364/364/364
f 754/754/754 755/755/755 364/364/364
f 364/364/364 755/755/755 365/365/365
f 755/755/755 756/756/756 365/365/365
f 365/365/365 756/756/756 366/366/366
f 756/756/756 757/757/757 366/366/366
f 366/366/366 757/757/757 367/367/367
f 757/757/757 758/758/758 367/367/367
f 367/367/367 758/758/758 368/368/368
f 758/758/758 759/759/759 368/368/368
f 368/368/368 759/759/759 369/369/369
f 759/759/759 760/760/760 369/369/369
f 369/369/369 760/760/760 370/370/370
f 760/760/760 761/761/761 370/370/370
f 370/370/370 761/761/761 371/371/371
f 761/761/761 762/762/762 371/371/371
f 371/371/371 762/762/762 372/372/372
f 762/762/762 763/763/763 372/372/372
f 372/372/372 763/763/763 373/373/373
f 763/763/763 764/764/764 373/373/373
f 373/373/373 764/764/764 374/374/374
f 764/764/764 765/765/765 374/374/374
f 374/374/374 765/765/765 375/375/375
f 765/765/765 766/766/766 375/375/375
f 375/375/375 766/766/766 376/376/376
f 766/766/766 767/767/767 376/376/376
f 376/376/376 767/767/767 377/377/377
f 767/767/767 768/768/768 377/377/377
f 377/377/377 768/768/768 378/378/378
f 768/768/768 769/769/769 378/378/378
f 378/378/378 769/769/769 379/379/379
f 769/769/769 770/770/770 379/379/379
f 379/379/379 770/770/770 380/380/380
f 770/770/770 771/771/771 380/380/380
f 380/380/380 771/771/771 381/381/381
f 771/771/771 772/772/772 381/381/381
f 381/381/381 772/772/772 382/382/382
f 772/772/772 773/773/773 382/382/382
f 382/382/382 773/773/773 383/383/383
f 773/773/773 774/774/774 383/383/383
f 383/383/383 774/774/774 384/384/384
f 774/774/774 775/775/775 384/384/384
f 384/384/384 775/775/775 385/385/385
f 775/775/775 776/776/776 385/385/385
f 385/385/385 776/776/776 386/386/386
f 776/776/776 777/777/777 386/386/386
f 386/386/386 777/777/777 387/387/387
f 777/777/777 778/778/778 387/387/387
f 387/387/387 778/778/778 388/388/388
f 778/778/778 779/779/779 388/388/388
f 388/388/388 779/779/779 389/389/389
f 779/779/779 780/780/780 389/389/389
f 389/389/389 780/780/780 390/390/390
f 780/780/780 391/391/391 390/390/390
f 390/390/390 391/391/391 1/1/1
f 1171/1171/1171 1172/1172/1172 781/781/781
f 781/781/781 1172/1172/1172 782/782/782
f 1172/1172/1172 1173/1173/1173 782/782/782
f 782/782/782 1173/1173/1173 783/783/783
f 1173/1173/1173 1174/1174/1174 783/783/783
f 783/783/783 1174/1174/1174 784/784/784
f 1174/1174/1174 1175/1175/1175 784/784/784
f 784/784/784 1175/1175/1175 785/785/785
f 1175/1175/1175 1176/1176/1176 785/785/785
f 785/785/785 1176/1176/1176 786/786/786
f 1176/1176/1176 1177/1177/1177 786/786/786
f 786/786/786 1177/1177/1177 787/787/787
f 1177/1177/1177 1178/1178/1178 787/787/787
f 787/787/787 1178/1178/1178 788/788/788
f 1178/1178/1178 1179/1179/1179 788/788/788
f 788/788/788 1179/1179/1179 789/789/789
f 1179/1179/1179 1180/1180/1180 789/789/789
f 789/789/789 1180/1180/1180 790/790/790
f 1180/1180/1180 1181/1181/1181 790/790/790
f 790/790/790 1181/1181/1181 791/791/791
f 1181/1181/1181 1182/1182/1182 791/791/791
f 791/791/791 1182/1182/1182 792/792/792
f 1182/1182/1182 1183/1183/1183 792/792/792
f 792/792/792 1183/1183/1183 793/793/793
f 1183/1183/1183 1184/1184/1184 793/793/793
f 793/793/793 1184/1184/1184 794/794/794
f 1184/1184/1184 1185/1185/1185 794/794/794
f 794/794/794 1185/1185/1185 795/795/795
f 1185/1185/1185 1186/1186/1186 795/795/795
f 795/795/795 1186/1186/1186 796/796/796
f 1186/1186/1186 1187/1187/1187 796/796/796
f 796/796/796 1187/1187/1187 797/797/797
f 1187/1187/1187 1188/1188/1188 797/797/797
f 797/797/797 1188/1188/1188 798/798/798
f 1188/1188/1188 1189/1189/1189 798/798/798
f 798/798/798 1189/1189/1189 799/799/799
f 1189/1189/1189 1190/1190/1190 799/799/799
f 799/799/799 1190/1190/1190 800/800/800
f 1190/1190/1190 1191/1191/1191 800/800/800
f 800/800/800 1191/1191/1191 801/801/801
f 1191/1191/1191 1192/1192/1192 801/801/801
f 801/801/801 1192/1192/1192 802/802/802
f 1192/1192/1192 1193/1193/1193 802/802/802
f 802/802/802 1193/1193/1193 803/803/803
f 1193/1193/1193 1194/1194/1194 803/803/803
f 803/803/803 1194/1194/1194 804/804/804
f 1194/1194/1194 1195/1195/1195 804/804/804
f 804/804/804 1195/1195/1195 805/805/805
f 1195/1195/1195 1196/1196/1196 805/805/805
f 805/805/805 1196/1196/1196 806/806/806
f 1196/1196/1196 1197/1197/1197 806/806/806
f 806/806/806 1197/1197/1197 807/807/807
f 1197/1197/1197 1198/1198/1198 807/807/807
f 807/807/807 1198/1198/1198 808/808/808
f 1198/1198/1198 1199/1199/1199 808/808/808
f 808/808/808 1199/1199/1199 809/809/809
f 1199/1199/1199 1200/1200/1200 809/809/809
f 809/809/809 1200/1200/1200 810/810/810
f 1200/1200/1200 1201/1201/1201 810/810/810
f 810/810/810 1201/1201/1201 811/811/811
f 1201/1201/1201 1202/1202/1202 811/811/811
f 811/811/811 1202/1202/1202 812/812/812
f 1202/1202/1202 1203/1203/1203 812/812/812
f 812/812/812 1203/1203/1203 813/813/813
f 1203/1203/1203 1204/1204/1204 813/813/813
f 813/813/813 1204/1204/1204 814/814/814
f 1204/1204/1204 1205/1205/1205 814/814/814
f 814/814/814 1205/1205/1205 815/815/815
f 1205/1205/1205 1206/1206/1206 815/815/815
f 815/815/815 1206/1206/1206 816/816/816
f 1206/1206/1206 1207/1207/1207 816/816/816
f 816/816/816 1207/1207/1207 817/817/817
f 1207/1207/1207 1208/1208/1208 817/817/817
f 817/817/817 1208/1208/1208 818/818/818
f 1208/1208/1208 1209/1209/1209 818/818/818
f 818/818/818 1209/1209/1209 819/819/819
f 1209/1209/1209 1210/1210/1210 819/819/819
f 819/819/819 1210/1210/1210 820/820/820
f 1210/1210/1210 1211/1211/1211 820/820/820
f 820/820/820 1211/1211/1211 821/821/821
f 1211/1211/1211 1212/1212/1212 821/821/821
f 821/821/821 1212/1212/1212 822/822/822
f 1212/1212/1212 1213/1213/1213 822/822/822
f 822/822/822 1213/1213/1213 823/823/823
f 1213/1213/1213 1214/1214/1214 823/823/823
f 823/823/823 1214/1214/1214 824/824/824
f 1214/1214/1214 1215/1215/1215 824/824/824
f 824/824/824 1215/1215/1215 825/825/825
f 1215/1215/1215 1216/1216/1216 825/825/825
f 825/825/825 1216/1216/1216 826/826/826
f 1216/1216/1216 1217/1217/1217 826/826/826
f 826/826/826 1217/1217/1217 827/827/827
f 1217/1217/1217 1218/1218/1218 827/827/827
f 827/827/827 1218/1218/1218 828/828/828
f 1218/1218/1218 1219/1219/1219 828/828/828
f 828/828/828 1219/1219/1219 829/829/829
f 1219/1219/1219 1220/1220/1220 829/829/829
f 829/829/829 1220/1220/1220 830/830/830
f 1220/1220/1220 1221/1221/1221 830/830/830
f 830/830/830 1221/1221/1221 831/831/831
f 1221/1221/1221 1222/1222/1222 831/831/831
f 831/831/831 1222/1222/1222 832/832/832
f 1222/1222/1222 1223/1223/1223 832/832/832
f 832/832/832 1223/1223/1223 833/833/833
f 1223/1223/1223 1224/1224/1224 833/833/833
f 833/833/833 1224/1224/1224 834/834/834
f 1224/1224/1224 1225/1225/1225 834/834/834
f 834/834/834 1225/1225/1225 835/835/835
f 1225/1225/1225 1226/1226/1226 835/835/835
f 835/835/835 1226/1226/1226 836/836/836
f 1226/1226/1226 1227/1227/1227 836/836/836
f 836/836/836 1227/1227/1227 837/837/837
f 1227/1227/1227 1228/1228/1228 837/837/837
f 837/837/837 1228/1228/1228 838/838/838
f 1228/1228/1228 1229/1229/1229 838/838/838
f 838/838/838 1229/1229/1229 839/839/839
f 1229/1229/1229 1230/1230/1230 839/839/839
f 839/839/839 1230/1230/1230 840/840/840
f 1230/1230/1230 1231/1231/1231 840/840/840
f 840/840/840 1231/1231/1231 841/841/841
f 1231/1231/1231 1232/1232/1232 841/841/841
f 841/841/841 1232/1232/1232 842/842/842
f 1232/1232/1232 1233/1233/1233 842/842/842
f 842/842/842 1233/1233/1233 843/843/843
f 1233/1233/1233 1234/1234/1234 843/843/843
f 843/843/843 1234/1234/1234 844/844/844
f 1234/1234/1234 1235/1235/1235 844/844/844
f 844/844/844 1235/1235/1235 845/845/845
f 1235/1235/1235 1236/1236/1236 845/845/845
f 845/845/845 1236/1236/1236 846/846/846
f 1236/1236/1236 1237/1237/1237 846/846/846
f 846/846/846 1237/1237/1237 847/847/847
f 1237/1237/1237 1238/1238/1238 847/847/847
f 847/847/847 1238/1238/1238 848/848/848
f 1238/1238/1238 1239/1239/1239 848/848/848
f 848/848/848 1239/1239/1239 849/849/849
f 1239/1239/1239 1240/1240/1240 849/849/849
f 849/849/849 1240/1240/1240 850/850/850
f 1240/1240/1240 1241/1241/1241 850/850/850
f 850/850/850 1241/1241/1241 851/851/851
f 1241/1241/1241 1242/1242/1242 851/851/851
f 851/851/851 1242/1242/1242 852/852/852
f 1242/1242/1242 1243/1243/1243 852/852/852
f 852/852/852 1243/1243/1243 853/853/853
f 1243/1243/1243 1244/1244/1244 853/853/853
f 853/853/853 1244/1244/1244 854/854/854
f 1244/1244/1244 1245/1245/1245 854/854/854
f 854/854/854 1245/1245/1245 855/855/855
f 1245/1245/1245 1246/1246/1246 855/855/855
f 855/855/855 1246/1246/1246 856/856/856
f 1246/1246/1246 1247/1247/1247 856/856/856
f 856/856/856 1247/1247/1247 857/857/857
f 1247/1247/1247 1248/1248/1248 857/857/857
f 857/857/857 1248/1248/1248 858/858/858
f 1248/1248/1248 1249/1249/1249 858/858/858
f 858/858/858 1249/1249/1249 859/859/859
f 1249/1249/1249 1250/1250/1250 859/859/859
f 859/859/859 1250/1250/1250 860/860/860
f 1250/1250/1250 1251/1251/1251 860/860/860
f 860/860/860 1251/1251/1251 861/861/861
f 1251/1251/1251 1252/1252/1252 861/861/861
f 861/861/861 1252/1252/1252 862/862/862
f 1252/1252/1252 1253/1253/1253 862/862/862
f 862/862/862 1253/1253/1253 863/863/863
f 1253/1253/1253 1254/1254/1254 863/863/863
f 863/863/863 1254/1254/1254 864/864/864
f 1254/1254/1254 1255/1255/1255 864/864/864
f 864/864/864 1255/1255/1255 865/865/865
f 1255/1255/1255 1256/1256/1256 865/865/865
f 865/865/865 1256/1256/1256 866/866/866
f 1256/1256/1256 1257/1257/1257 866/866/866
f 866/866/866 1257/1257/1257 867/867/867
f 1257/1257/1257 1258/1258/1258 867/867/867
f 867/867/867 1258/1258/1258 868/868/868
f 1258/1258/1258 1259/1259/1259 868/868/868
f 868/868/868 1259/1259/1259 869/869/869
f 1259/1259/1259 1260/1260/1260 869/869/869
f 869/869/869 1260/1260/1260 870/870/870
f 1260/1260/1260 1261/1261/1261 870/870/870
f 870/870/870 1261/1261/1261 871/871/871
f 1261/1261/1261 1262/1262/1262 871/871/871
f 871/871/871 1262/1262/1262 872/872/872
f 1262/1262/1262 1263/1263/1263 872/872/872
f 872/872/872 1263/1263/1263 873/873/873
f 1263/1263/1263 1264/1264/1264 873/873/873
f 873/873/873 1264/1264/1264 874/874/874
f 1264/1264/1264 1265/1265/1265 874/874/874
f 874/874/874 1265/1265/1265 875/875/875
f 1265/1265/1265 1266/1266/1266 875/875/875
f 875/875/875 1266/1266/1266 876/876/876
f 1266/1266/1266 1267/1267/1267 876/876/876
f 876/876/876 1267/1267/1267 877/877/877
f 1267/1267/1267 1268/1268/1268 877/877/877
f 877/877/877 1268/1268/1268 878/878/878
f 1268/1268/1268 1269/1269/1269 878/878/878
f 878/878/878 1269/1269/1269 879/879/879
f 1269/1269/1269 1270/1270/1270 879/879/879
f 879/879/879 1270/1270/1270 880/880/880
f 1270/1270/1270 1271/1271/1271 880/880/880
f 880/880/880 1271/1271/1271 881/881/881
f 1271/1271/1271 1272/1272/1272 881/881/881
f 881/881/881 1272/1272/1272 882/882/882
f 1272/1272/1272 1273/1273/1273 882/882/882
f 882/882/882 1273/1273/1273 883/883/883
f 1273/1273/1273 1274/1274/1274 883/883/883
f 883/883/883 1274/1274/1274 884/884/884
f 1274/1274/1274 1275/1275/1275 884/884/884
f 884/884/884 1275/1275/1275 885/885/885
f 1275/1275/1275 1276/1276/1276 885/885/885
f 885/885/885 1276/1276/1276 886/886/886
f 1276/1276/1276 1277/1277/1277 886/886/886
f 886/886/886 1277/1277/1277 887/887/887
f 1277/1277/1277 1278/1278/1278 887/887/887
f 887/887/887 1278/1278/1278 888/888/888
f 1278/1278/1278 1279/1279/1279 888/888/888
f 888/888/888 1279/1279/1279 889/889/889
f 1279/1279/1279 1280/1280/1280 889/889/889
f 889/889/889 1280/1280/1280 890/890/890
f 1280/1280/1280 1281/1281/1281 890/890/890
f 890/890/890 1281/1281/1281 891/891/891
f 1281/1281/1281 1282/1282/1282 891/891/891
f 891/891/891 1282/1282/1282 892/892/892
f 1282/1282/1282 1283/1283/1283 892/892/892
f 892/892/892 1283/1283/1283 893/893/893
f 1283/1283/1283 1284/1284/1284 893/893/893
f 893/893/893 1284/1284/1284 894/894/894
f 1284/1284/1284 1285/1285/1285 894/894/894
f 894/894/894 1285/1285/1285 895/895/895
f 1285/1285/1285 1286/1286/1286 895/895/895
f 895/895/895 1286/1286/1286 896/896/896
f 1286/1286/1286 1287/1287/1287 896/896/896
f 896/896/896 1287/1287/1287 897/897/897
f 1287/1287/1287 1288/1288/1288 897/897/897
f 897/897/897 1288/1288/1288 898/898/898
f 1288/1288/1288 1289/1289/1289 898/898/898
f 898/898/898 1289/1289/1289 899/899/899
f 1289/1289/1289 1290/1290/1290 899/899/899
f 899/899/899 1290/1290/1290 900/900/900
f 1290/1290/1290 1291/1291/1291 900/900/900
f 900/900/900 1291/1291/1291 901/901/901
f 1291/1291/1291 1292/1292/1292 901/901/901
f 901/901/901 1292/1292/1292 902/902/902
f 1292/1292/1292 1293/1293/1293 902/902/902
f 902/902/902 1293/1293/1293 903/903/903
f 1293/1293/1293 1294/1294/1294 903/903/903
f 903/903/903 1294/1294/1294 904/904/904
f 1294/1294/1294 1295/1295/1295 904/904/904
f 904/904/904 1295/1295/1295 905/905/905
f 1295/1295/1295 1296/1296/1296 905/905/905
f 905/905/905 1296/1296/1296 906/906/906
f 1296/1296/1296 1297/1297/1297 906/906/906
f 906/906/906 1297/1297/1297 907/907/907
f 1297/1297/1297 1298/1298/1298 907/907/907
f 907/907/907 1298/1298/1298 908/908/908
f 1298/1298/1298 1299/1299/1299 908/908/908
f 908/908/908 1299/1299/1299 909/909/909
f 1299/1299/1299 1300/1300/1300 909/909/909
f 909/909/909 1300/1300/1300 910/910/910
f 1300/1300/1300 1301/1301/1301 910/910/910
f 910/910/910 1301/1301/1301 911/911/911
f 1301/1301/1301 1302/1302/1302 911/911/911
f 911/911/911 1302/1302/1302 912/912/912
f 1302/1302/1302 1303/1303/1303 912/912/912
f 912/912/912 1303/1303/1303 913/913/913
f 1303/1303/1303 1304/1304/1304 913/913/913
f 913/913/913 1304/1304/1304 914/914/914
f 1304/1304/1304 1305/1305/1305 914/914/914
f 914/914/914 1305/1305/1305 915/915/915
f 1305/1305/1305 1306/1306/1306 915/915/915
f 915/915/915 1306/1306/1306 916/916/916
f 1306/1306/1306 1307/1307/1307 916/916/916
f 916/916/916 1307/1307/1307 917/917/917
f 1307/1307/1307 1308/1308/1308 917/917/917
f 917/917/917 1308/1308/1308 918/918/918
f 1308/1308/1308 1309/1309/1309 918/918/918
f 918/918/918 1309/1309/1309 919/919/919
f 1309/1309/1309 1310/1310/1310 919/919/919
f 919/919/919 1310/1310/1310 920/920/920
f 1310/1310/1310 1311/1311/1311 920/920/920
f 920/920/920 1311/1311/1311 921/921/921
f 1311/1311/1311 1312/1312/1312 921/921/921
f 921/921/921 1312/1312/1312 922/922/922
f 1312/1312/1312 1313/1313/1313 922/922/922
f 922/922/922 1313/1313/1313 923/923/923
f 1313/1313/1313 1314/1314/1314 923/923/923
f 923/923/923 1314/1314/1314 924/924/924
f 1314/1314/1314 1315/1315/1315 924/924/924
f 924/924/924 1315/1315/1315 925/925/925
f 1315/1315/1315 1316/1316/1316 925/925/925
f 925/925/925 1316/1316/1316 926/926/926
f 1316/1316/1316 1317/1317/1317 926/926/926
f 926/926/926 1317/1317/1317 927/927/927
f 1317/1317/1317 1318/1318/1318 927/927/927
f 927/927/927 1318/1318/1318 928/928/928
f 1318/1318/1318 1319/1319/1319 928/928/928
f 928/928/928 1319/1319/1319 929/929/929
f 1319/1319/1319 1320/1320/1320 929/929/929
f 929/929/929 1320/1320/1320 930/930/930
f 1320/1320/1320 1321/1321/1321 930/930/930
f 930/930/930 1321/1321/1321 931/931/931
f 1321/1321/1321 1322/1322/1322 931/931/931
f 931/931/931 1322/1322/1322 932/932/932
f 1322/1322/1322 1323/1323/1323 932/932/932
f 932/932/932 1323/1323/1323 933/933/933
f 1323/1323/1323 1324/1324/1324 933/933/933
f 933/933/933 1324/1324/1324 934/934/934
f 1324/1324/1324 1325/1325/1325 934/934/934
f 934/934/934 1325/1325/1325 935/935/935
f 1325/1325/1325 1326/1326/1326 935/935/935
f 935/935/935 1326/1326/1326 936/936/936
f 1326/1326/1326 1327/1327/1327 936/936/936
f 936/936/936 1327/1327/1327 937/937/937
f 1327/1327/1327 1328/1328/1328 937/937/937
f 937/937/937 1328/1328/1328 938/938/938
f 1328/1328/1328 1329/1329/1329 938/938/938
f 938/938/938 1329/1329/1329 939/939/939
f 1329/1329/1329 1330/1330/1330 939/939/939
f 939/939/939 1330/1330/1330 940/940/940
f 1330/1330/1330 1331/1331/1331 940/940/940
f 940/940/940 1331/1331/1331 941/941/941
f 1331/1331/1331 1332/1332/1332 941/941/941
f 941/941/941 1332/1332/1332 942/942/942
f 1332/1332/1332 1333/1333/1333 942/942/942
f 942/942/942 1333/1333/1333 943/943/943
f 1333/1333/1333 1334/1334/1334 943/943/943
f 943/943/943 1334/1334/1334 944/944/944
f 1334/1334/1334 1335/1335/1335 944/944/944
f 944/944/944 1335/1335/1335 945/945/945
f 1335/1335/1335 1336/1336/1336 945/945/945
f 945/945/945 1336/1336/1336 946/946/946
f 1336/1336/1336 1337/1337/1337 946/946/946
f 946/946/946 1337/1337/1337 947/947/947
f 1337/1337/1337 1338/1338/1338 947/947/947
f 947/947/947 1338/1338/1338 948/948/948
f 1338/1338/1338 1339/1339/1339 948/948/948
f 948/948/948 1339/1339/1339 949/949/949
f 1339/1339/1339 1340/1340/1340 949/949/949
f 949/949/949 1340/1340/1340 950/950/950
f 1340/1340/1340 1341/1341/1341 950/950/950
f 950/950/950 1341/1341/1341 951/951/951
f 1341/1341/1341 1342/1342/1342 951/951/951
f 951/951/951 1342/1342/1342 952/952/952
f 1342/1342/1342 1343/1343/1343 952/952/952
f 952/952/952 1343/1343/1343 953/953/953
f 1343/1343/1343 1344/1344/1344 953/953/953
f 953/953/953 1344/1344/1344 954/954/954
f 1344/1344/1344 1345/1345/1345 954/954/954
f 954/954/954 1345/1345/1345 955/955/955
f 1345/1345/1345 1346/1346/1346 955/955/955
f 955/955/955 1346/1346/1346 956/956/956
f 1346/1346/1346 1347/1347/1347 956/956/956
f 956/956/956 1347/1347/1347 957/957/957
f 1347/1347/1347 1348/1348/1348 957/957/957
f 957/957/957 1348/1348/1348 958/958/958
f 1348/1348/1348 1349/1349/1349 958/958/958
f 958/958/958 1349/1349/1349 959/959/959
f 1349/1349/1349 1350/1350/1350 959/959/959
f 959/959/959 1350/1350/1350 960/960/960
f 1350/1350/1350 1351/1351/1351 960/960/960
f 960/960/960 1351/1351/1351 961/961/961
f 1351/1351/1351 1352/1352/1352 961/961/961
f 961/961/961 1352/1352/1352 962/962/962
f 1352/1352/1352 1353/1353/1353 962/962/962
f 962/962/962 1353/1353/1353 963/963/963
f 1353/1353/1353 1354/1354/1354 963/963/963
f 963/963/963 1354/1354/1354 964/964/964
f 1354/1354/1354 1355/1355/1355 964/964/964
f 964/964/964 1355/1355/1355 965/965/965
f 1355/1355/1355 1356/1356/1356 965/965/965
f 965/965/965 1356/1356/1356 966/966/966
f 1356/1356/1356 1357/1357/1357 966/966/966
f 966/966/966 1357/1357/1357 967/967/967
f 1357/1357/1357 1358/1358/1358 967/967/967
f 967/967/967 1358/1358/1358 968/968/968
f 1358/1358/1358 1359/1359/1359 968/968/968
f 968/968/968 1359/1359/1359 969/969/969
f 1359/1359/1359 1360/1360/1360 969/969/969
f 969/969/969 1360/1360/1360 970/970/970
f 1360/1360/1360 1361/1361/1361 970/970/970
f 970/970/970 1361/1361/1361 971/971/971
f 1361/1361/1361 1362/1362/1362 971/971/971
f 971/971/971 1362/1362/1362 972/972/972
f 1362/1362/1362 1363/1363/1363 972/972/972
f 972/972/972 1363/1363/1363 973/973/973
f 1363/1363/1363 1364/1364/1364 973/973/973
f 973/973/973 1364/1364/1364 974/974/974
f 1364/1364/1364 1365/1365/1365 974/974/974
f 974/974/974 1365/1365/1365 975/975/975
f 1365/1365/1365 1366/1366/1366 975/975/975
f 975/975/975 1366/1366/1366 976/976/976
f 1366/1366/1366 1367/1367/1367 976/976/976
f 976/976/976 1367/1367/1367 977/977/977
f 1367/1367/1367 1368/1368/1368 977/977/977
f 977/977/977 1368/1368/1368 978/978/978
f 1368/1368/1368 1369/1369/1369 978/978/978
f 978/978/978 1369/1369/1369 979/979/979
f 1369/1369/1369 1370/1370/1370 979/979/979
f 979/979/979 1370/1370/1370 980/980/980
f 1370/1370/1370 1371/1371/1371 980/980/980
f 980/980/980 1371/1371/1371 981/981/981
f 1371/1371/1371 1372/1372/1372 981/981/981
f 981/981/981 1372/1372/1372 982/982/982
f 1372/1372/1372 1373/1373/1373 982/982/982
f 982/982/982 1373/1373/1373 983/983/983
f 1373/1373/1373 1374/1374/1374 983/983/983
f 983/983/983 1374/1374/1374 984/984/984
f 1374/1374/1374 1375/1375/1375 984/984/984
f 984/984/984 1375/1375/1375 985/985/985
f 1375/1375/1375 1376/1376/1376 985/985/985
f 985/985/985 1376/1376/1376 986/986/986
f 1376/1376/1376 1377/1377/1377 986/986/986
f 986/986/986 1377/1377/1377 987/987/987
f 1377/1377/1377 1378/1378/1378 987/987/987
f 987/987/987 1378/1378/1378 988/988/988
f 1378/1378/1378 1379/1379/1379 988/988/988
f 988/988/988 1379/1379/1379 989/989/989
f 1379/1379/1379 1380/1380/1380 989/989/989
f 989/989/989 1380/1380/1380 990/990/990
f 1380/1380/1380 1381/1381/1381 990/990/990
f 990/990/990 1381/1381/1381 991/991/991
f 1381/1381/1381 1382/1382/1382 991/991/991
f 991/991/991 1382/1382/1382 992/992/992
f 1382/1382/1382 1383/1383/1383 992/992/992
f 992/992/992 1383/1383/1383 993/993/993
f 1383/1383/1383 1384/1384/1384 993/993/993
f 993/993/993 1384/1384/1384 994/994/994
f 1384/1384/1384 1385/1385/1385 994/994/994
f 994/994/994 1385/1385/1385 995/995/995
f 1385/1385/1385 1386/1386/1386 995/995/995
f 995/995/995 1386/1386/1386 996/996/996
f 1386/1386/1386 1387/1387/1387 996/996/996
f 996/996/996 1387/1387/1387 997/997/997
f 1387/1387/1387 1388/1388/1388 997/997/997
f 997/997/997 1388/1388/1388 998/998/998
f 1388/1388/1388 1389/1389/1389 998/998/998
f 998/998/998 1389/1389/1389 999/999/999
f 1389/1389/1389 1390/1390/1390 999/999/999
f 999/999/999 1390/1390/1390 1000/1000/1000
f 1390/1390/1390 1391/1391/1391 1000/1000/1000
f 1000/1000/1000 1391/1391/1391 1001/1001/1001
f 1391/1391/1391 1392/1392/1392 1001/1001/1001
f 1001/1001/1001 1392/1392/1392 1002/1002/1002
f 1392/1392/1392 1393/1393/1393 1002/1002/1002
f 1002/1002/1002 1393/1393/1393 1003/1003/1003
f 1393/1393/1393 1394/1394/1394 1003/1003/1003
f 1003/1003/1003 1394/1394/1394 1004/1004/1004
f 1394/1394/1394 1395/1395/1395 1004/1004/1004
f 1004/1004/1004 1395/1395/1395 1005/1005/1005
f 1395/1395/1395 1396/1396/1396 1005/1005/1005
f 1005/1005/1005 1396/1396/1396 1006/1006/1006
f 1396/1396/1396 1397/1397/1397 1006/1006/1006
f 1006/1006/1006 1397/1397/1397 1007/1007/1007
f 1397/1397/1397 1398/1398/1398 1007/1007/1007
f 1007/1007/1007 1398/1398/1398 1008/1008/1008
f 1398/1398/1398 1399/1399/1399 1008/1008/1008
f 1008/1008/1008 1399/1399/1399 1009/1009/1009
f 1399/1399/1399 1400/1400/1400 1009/1009/1009
f 1009/1009/1009 1400/1400/1400 1010/1010/1010
f 1400/1400/1400 1401/1401/1401 1010/1010/1010
f 1010/1010/1010 1401/1401/1401 1011/1011/1011
f 1401/1401/1401 1402/1402/1402 1011/1011/1011
f 1011/1011/1011 1402/1402/1402 1012/1012/1012
f 1402/1402/1402 1403/1403/1403 1012/1012/1012
f 1012/1012/1012 1403/1403/1403 1013/1013/1013
f 1403/1403/1403 1404/1404/1404 1013/1013/1013
f 1013/1013/1013 1404/1404/1404 1014/1014/1014
f 1404/1404/1404 1405/1405/1405 1014/1014/1014
f 1014/1014/1014 1405/1405/1405 1015/1015/1015
f 1405/1405/1405 1406/1406/1406 1015/1015/1015
f 1015/1015/1015 1406/1406/1406 1016/1016/1016
f 1406/1406/1406 1407/1407/1407 1016/1016/1016
f 1016/1016/1016 1407/1407/1407 1017/1017/1017
f 1407/1407/1407 1408/1408/1408 1017/1017/1017
f 1017/1017/1017 1408/1408/1408 1018/1018/1018
f 1408/1408/1408 1409/1409/1409 1018/1018/1018
f 1018/1018/1018 1409/1409/1409 1019/1019/1019
f 1409/1409/1409 1410/1410/1410 1019/1019/1019
f 1019/1019/1019 1410/1410/1410 1020/1020/1020
f 1410/1410/1410 1411/1411/1411 1020/1020/1020
f 1020/1020/1020 1411/1411/1411 1021/1021/1021
f 1411/1411/1411 1412/1412/1412 1021/1021/1021
f 1021/1021/1021 1412/1412/1412 1022/1022/1022
f 1412/1412/1412 1413/1413/1413 1022/1022/1022
f 1022/1022/1022 1413/1413/1413 1023/1023/1023
f 1413/1413/1413 1414/1414/1414 1023/1023/1023
f 1023/1023/1023 1414/1414/1414 1024/1024/1024
f 1414/1414/1414 1415/1415/1415 1024/1024/1024
f 1024/1024/1024 1415/1415/1415 1025/1025/1025
f 1415/1415/1415 1416/1416/1416 1025/1025/1025
f 1025/1025/1025 1416/1416/1416 1026/1026/1026
f 1416/1416/1416 1417/1417/1417 1026/1026/1026
f 1026/1026/1026 1417/1417/1417 1027/1027/1027
f 1417/1417/1417 1418/1418/1418 1027/1027/1027
f 1027/1027/1027 1418/1418/1418 1028/1028/1028
f 1418/1418/1418 1419/1419/1419 1028/1028/1028
f 1028/1028/1028 1419/1419/1419 1029/1029/1029
f 1419/1419/1419 1420/1420/1420 1029/1029/1029
f 1029/1029/1029 1420/1420/1420 1030/1030/1030
f 1420/1420/1420 1421/1421/1421 1030/1030/1030
f 1030/1030/1030 1421/1421/1421 1031/1031/1031
f 1421/1421/1421 1422/1422/1422 1031/1031/1031
f 1031/1031/1031 1422/1422/1422 1032/1032/1032
f 1422/1422/1422 1423/1423/1423 1032/1032/1032
f 1032/1032/1032 1423/1423/1423 1033/1033/1033
f 1423/1423/1423 1424/1424/1424 1033/1033/1033
f 1033/1033/1033 1424/1424/1424 1034/1034/1034
f 1424/1424/1424 1425/1425/1425 1034/1034/1034
f 1034/1034/1034 1425/1425/1425 1035/1035/1035
f 1425/1425/1425 1426/1426/1426 1035/1035/1035
f 1035/1035/1035 1426/1426/1426 1036/1036/1036
f 1426/1426/1426 1427/1427/1427 1036/1036/1036
f 1036/1036/1036 1427/1427/1427 1037/1037/1037
f 1427/1427/1427 1428/1428/1428 1037/1037/1037
f 1037/1037/1037 1428/1428/1428 1038/1038/1038
f 1428/1428/1428 1429/1429/1429 1038/1038/1038
f 1038/1038/1038 1429/1429/1429 1039/1039/1039
f 1429/1429/1429 1430/1430/1430 1039/1039/1039
f 1039/1039/1039 1430/1430/1430 1040/1040/1040
f 1430/1430/1430 1431/1431/1431 1040/1040/1040
f 1040/1040/1040 1431/1431/1431 1041/1041/1041
f 1431/1431/1431 1432/1432/1432 1041/1041/1041
f 1041/1041/1041 1432/1432/1432 1042/1042/1042
f 1432/1432/1432 1433/1433/1433 1042/1042/1042
f 1042/1042/1042 1433/1433/1433 1043/1043/1043
f 1433/1433/1433 1434/1434/1434 1043/1043/1043
f 1043/1043/1043 1434/1434/1434 1044/1044/1044
f 1434/1434/1434 1435/1435/1435 1044/1044/1044
f 1044/1044/1044 1435/1435/1435 1045/1045/1045
f 1435/1435/1435 1436/1436/1436 1045/1045/1045
f 1045/1045/1045 1436/1436/1436 1046/1046/1046
f 1436/1436/1436 1437/1437/1437 1046/1046/1046
f 1046/1046/1046 1437/1437/1437 1047/1047/1047
f 1437/1437/1437 1438/1438/1438 1047/1047/1047
f 1047/1047/1047 1438/1438/1438 1048/1048/1048
f 1438/1438/1438 1439/1439/1439 1048/1048/1048
f 1048/1048/1048 1439/1439/1439 1049/1049/1049
f 1439/1439/1439 1440/1440/1440 1049/1049/1049
f 1049/1049/1049 1440/1440/1440 1050/1050/1050
f 1440/1440/1440 1441/1441/1441 1050/1050/1050
f 1050/1050/1050 1441/1441/1441 1051/1051/1051
f 1441/1441/1441 1442/1442/1442 1051/1051/1051
f 1051/1051/1051 1442/1442/1442 1052/1052/1052
f 1442/1442/1442 1443/1443/1443 1052/1052/1052
f 1052/1052/1052 1443/1443/1443 1053/1053/1053
f 1443/1443/1443 1444/1444/1444 1053/1053/1053
f 1053/1053/1053 1444/1444/1444 1054/1054/1054
f 1444/1444/1444 1445/1445/1445 1054/1054/1054
f 1054/1054/1054 1445/1445/1445 1055/1055/1055
f 1445/1445/1445 1446/1446/1446 1055/1055/1055
f 1055/1055/1055 1446/1446/1446 1056/1056/1056
f 1446/1446/1446 1447/1447/1447 1056/1056/1056
f 1056/1056/1056 1447/1447/1447 1057/1057/1057
f 1447/1447/1447 1448/1448/1448 1057/1057/1057
f 1057/1057/1057 1448/1448/1448 1058/1058/1058
f 1448/1448/1448 1449/1449/1449 1058/1058/1058
f 1058/1058/1058 1449/1449/1449 1059/1059/1059
f 1449/1449/1449 1450/1450/1450 1059/1059/1059
f 1059/1059/1059 1450/1450/1450 1060/1060/1060
f 1450/1450/1450 1451/1451/1451 1060/1060/1060
f 1060/1060/1060 1451/1451/1451 1061/1061/1061
f 1451/1451/1451 1452/1452/1452 1061/1061/1061
f 1061/1061/1061 1452/1452/1452 1062/1062/1062
f 1452/1452/1452 1453/1453/1453 1062/1062/1062
f 1062/1062/1062 1453/1453/1453 1063/1063/1063
f 1453/1453/1453 1454/1454/1454 1063/1063/1063
f 1063/1063/1063 1454/1454/1454 1064/1064/1064
f 1454/1454/1454 1455/1455/1455 1064/1064/1064
f 1064/1064/1064 1455/1455/1455 1065/1065/1065
f 1455/1455/1455 1456/1456/1456 1065/1065/1065
f 1065/1065/1065 1456/1456/1456 1066/1066/1066
f 1456/1456/1456 1457/1457/1457 1066/1066/1066
f 1066/1066/1066 1457/1457/1457 1067/1067/1067
f 1457/1457/1457 1458/1458/1458 1067/1067/1067
f 1067/1067/1067 1458/1458/1458 1068/1068/1068
f 1458/1458/1458 1459/1459/1459 1068/1068/1068
f 1068/1068/1068 1459/1459/1459 1069/1069/1069
f 1459/1459/1459 1460/1460/1460 1069/1069/1069
f 1069/1069/1069 1460/1460/1460 1070/1070/1070
f 1460/1460/1460 1461/1461/1461 1070/1070/1070
f 1070/1070/1070 1461/1461/1461 1071/1071/1071
f 1461/1461/1461 1462/1462/1462 1071/1071/1071
f 1071/1071/1071 1462/1462/1462 1072/1072/1072
f 1462/1462/1462 1463/1463/1463 1072/1072/1072
f 1072/1072/1072 1463/1463/1463 1073/1073/1073
f 1463/1463/1463 1464/1464/1464 1073/1073/1073
f 1073/1073/1073 1464/1464/1464 1074/1074/1074
f 1464/1464/1464 1465/1465/1465 1074/1074/1074
f 1074/1074/1074 1465/1465/1465 1075/1075/1075
f 1465/1465/1465 1466/1466/1466 1075/1075/1075
f 1075/1075/1075 1466/1466/1466 1076/1076/1076
f 1466/1466/1466 1467/1467/1467 1076/1076/1076
f 1076/1076/1076 1467/1467/1467 1077/1077/1077
f 1467/1467/1467 1468/1468/1468 1077/1077/1077
f 1077/1077/1077 1468/1468/1468 1078/1078/1078
f 1468/1468/1468 1469/1469/1469 1078/1078/1078
f 1078/1078/1078 1469/1469/1469 1079/1079/1079
f 1469/1469/1469 1470/1470/1470 1079/1079/1079
f 1079/1079/1079 1470/1470/1470 1080/1080/1080
f 1470/1470/1470 1471/1471/1471 1080/1080/1080
f 1080/1080/1080 1471/1471/1471 1081/1081/1081
f 1471/1471/1471 1472/1472/1472 1081/1081/1081
f 1081/1081/1081 1472/1472/1472 1082/1082/1082
f 1472/1472/1472 1473/1473/1473 1082/1082/1082
f 1082/1082/1082 1473/1473/1473 1083/1083/1083
f 1473/1473/1473 1474/1474/1474 1083/1083/1083
f 1083/1083/1083 1474/1474/1474 1084/1084/1084
f 1474/1474/1474 1475/1475/1475 1084/1084/1084
f 1084/1084/1084 1475/1475/1475 1085/1085/1085
f 1475/1475/1475 1476/1476/1476 1085/1085/1085
f 1085/1085/1085 1476/1476/1476 1086/1086/1086
f 1476/1476/1476 1477/1477/1477 1086/1086/1086
f 1086/1086/1086 1477/1477/1477 1087/1087/1087
f 1477/1477/1477 1478/1478/1478 1087/1087/1087
f 1087/1087/1087 1478/1478/1478 1088/1088/1088
f 1478/1478/1478 1479/1479/1479 1088/1088/1088
f 1088/1088/1088 1479/1479/1479 1089/1089/1089
f 1479/1479/1479 1480/1480/1480 1089/1089/1089
f 1089/1089/1089 1480/1480/1480 1090/1090/1090
f 1480/1480/1480 1481/1481/1481 1090/1090/1090
f 1090/1090/1090 1481/1481/1481 1091/1091/1091
f 1481/1481/1481 1482/1482/1482 1091/1091/1091
f 1091/1091/1091 1482/1482/1482 1092/1092/1092
f 1482/1482/1482 1483/1483/1483 1092/1092/1092
f 1092/1092/1092 1483/1483/1483 1093/1093/1093
f 1483/1483/1483 1484/1484/1484 1093/1093/1093
f 1093/1093/1093 1484/1484/1484 1094/1094/1094
f 1484/1484/1484 1485/1485/1485 1094/1094/1094
f 1094/1094/1094 1485/1485/1485 1095/1095/1095
f 1485/1485/1485 1486/1486/1486 1095/1095/1095
f 1095/1095/1095 1486/1486/1486 1096/1096/1096
f 1486/1486/1486 1487/1487/1487 1096/1096/1096
f 1096/1096/1096 1487/1487/1487 1097/1097/1097
f 1487/1487/1487 1488/1488/1488 1097/1097/1097
f 1097/1097/1097 1488/1488/1488 1098/1098/1098
f 1488/1488/1488 1489/1489/1489 1098/1098/1098
f 1098/1098/1098 1489/1489/1489 1099/1099/1099
f 1489/1489/1489 1490/1490/1490 1099/1099/1099
f 1099/1099/1099 1490/1490/1490 1100/1100/1100
f 1490/1490/1490 1491/1491/1491 1100/1100/1100
f 1100/1100/1100 1491/1491/1491 1101/1101/1101
f 1491/1491/1491 1492/1492/1492 1101/1101/1101
f 1101/1101/1101 1492/1492/1492 1102/1102/1102
f 1492/1492/1492 1493/1493/1493 1102/1102/1102
f 1102/1102/1102 1493/1493/1493 1103/1103/1103
f 1493/1493/1493 1494/1494/1494 1103/1103/1103
f 1103/1103/1103 1494/1494/1494 1104/1104/1104
f 1494/1494/1494 1495/1495/1495 1104/1104/1104
f 1104/1104/1104 1495/1495/1495 1105/1105/1105
f 1495/1495/1495 1496/1496/1496 1105/1105/1105
f 1105/1105/1105 1496/1496/1496 1106/1106/1106
f 1496/1496/1496 1497/1497/1497 1106/1106/1106
f 1106/1106/1106 1497/1497/1497 1107/1107/1107
f 1497/1497/1497 1498/1498/1498 1107/1107/1107
f 1107/1107/1107 1498/1498/1498 1108/1108/1108
f 1498/1498/1498 1499/1499/1499 1108/1108/1108
f 1108/1108/1108 1499/1499/1499 1109/1109/1109
f 1499/1499/1499 1500/1500/1500 1109/1109/1109
f 1109/1109/1109 1500/1500/1500 1110/1110/1110
f 1500/1500/1500 1501/1501/1501 1110/1110/1110
f 1110/1110/1110 1501/1501/1501 1111/1111/1111
f 1501/1501/1501 1502/1502/1502 1111/1111/1111
f 1111/1111/1111 1502/1502/1502 1112/1112/1112
f 1502/1502/1502 1503/1503/1503 1112/1112/1112
f 1112/1112/1112 1503/1503/1503 1113/1113/1113
f 1503/1503/1503 1504/1504/1504 1113/1113/1113
f 1113/1113/1113 1504/1504/1504 1114/1114/1114
f 1504/1504/1504 1505/1505/1505 1114/1114/1114
f 1114/1114/1114 1505/1505/1505 1115/1115/1115
f 1505/1505/1505 1506/1506/1506 1115/1115/1115
f 1115/1115/1115 1506/1506/1506 1116/1116/1116
f 1506/1506/1506 1507/1507/1507 1116/1116/1116
f 1116/1116/1116 1507/1507/1507 1117/1117/1117
f 1507/1507/1507 1508/1508/1508 1117/1117/1117
f 1117/1117/1117 1508/1508/1508 1118/1118/1118
f 1508/1508/1508 1509/1509/1509 1118/1118/1118
f 1118/1118/1118 1509/1509/1509 1119/1119/1119
f 1509/1509/1509 1510/1510/1510 1119/1119/1119
f 1119/1119/1119 1510/1510/1510 1120/1120/1120
f 1510/1510/1510 1511/1511/1511 1120/1120/1120
f 1120/1120/1120 1511/1511/1511 1121/1121/1121
f 1511/1511/1511 1512/1512/1512 1121/1121/1121
f 1121/1121/1121 1512/1512/1512 1122/1122/1122
f 1512/1512/1512 1513/1513/1513 1122/1122/1122
f 1122/1122/1122 1513/1513/1513 1123/1123/1123
f 1513/1513/1513 1514/1514/1514 1123/1123/1123
f 1123/1123/1123 1514/1514/1514 1124/1124/1124
f 1514/1514/1514 1515/1515/1515 1124/1124/1124
f 1124/1124/1124 1515/1515/1515 1125/1125/1125
f 1515/1515/1515 1516/1516/1516 1125/1125/1125
f 1125/1125/1125 1516/1516/1516 1126/1126/1126
f 1516/1516/1516 1517/1517/1517 1126/1126/1126
f 1126/1126/1126 1517/1517/1517 1127/1127/1127
f 1517/1517/1517 1518/1518/1518 1127/1127/1127
f 1127/1127/1127 1518/1518/1518 1128/1128/1128
f 1518/1518/1518 1519/1519/1519 1128/1128/1128
f 1128/1128/1128 1519/1519/1519 1129/1129/1129
f 1519/1519/1519 1520/1520/1520 1129/1129/1129
f 1129/1129/1129 1520/1520/1520 1130/1130/1130
f 1520/1520/1520 1521/1521/1521 1130/1130/1130
f 1130/1130/1130 1521/1521/1521 1131/1131/1131
f 1521/1521/1521 1522/1522/1522 1131/1131/1131
f 1131/1131/1131 1522/1522/1522 1132/1132/1132
f 1522/1522/1522 1523/1523/1523 1132/1132/1132
f 1132/1132/1132 1523/1523/1523 1133/1133/1133
f 1523/1523/1523 1524/1524/1524 1133/1133/1133
f 1133/1133/1133 1524/1524/1524 1134/1134/1134
f 1524/1524/1524 1525/1525/1525 1134/1134/1134
f 1134/1134/1134 1525/1525/1525 1135/1135/1135
f 1525/1525/1525 1526/1526/1526 1135/1135/1135
f 1135/1135/1135 1526/1526/1526 1136/1136/1136
f 1526/1526/1526 1527/1527/1527 1136/1136/1136
f 1136/1136/1136 1527/1527/1527 1137/1137/1137
f 1527/1527/1527 1528/1528/1528 1137/1137/1137
f 1137/1137/1137 1528/1528/1528 1138/1138/1138
f 1528/1528/1528 1529/1529/1529 1138/1138/1138
f 1138/1138/1138 1529/1529/1529 1139/1139/1139
f 1529/1529/1529 1530/1530/1530 1139/1139/1139
f 1139/1139/1139 1530/1530/1530 1140/1140/1140
f 1530/1530/1530 1531/1531/1531 1140/1140/1140
f 1140/1140/1140 1531/1531/1531 1141/1141/1141
f 1531/1531/1531 1532/1532/1532 1141/1141/1141
f 1141/1141/1141 1532/1532/1532 1142/1142/1142
f 1532/1532/1532 1533/1533/1533 1142/1142/1142
f 1142/1142/1142 1533/1533/1533 1143/1143/1143
f 1533/1533/1533 1534/1534/1534 1143/1143/1143
f 1143/1143/1143 1534/1534/1534 1144/1144/1144
f 1534/1534/1534 1535/1535/1535 1144/1144/1144
f 1144/1144/1144 1535/1535/1535 1145/1145/1145
f 1535/1535/1535 1536/1536/1536 1145/1145/1145
f 1145/1145/1145 1536/1536/1536 1146/1146/1146
f 1536/1536/1536 1537/1537/1537 1146/1146/1146
f 1146/1146/1146 1537/1537/1537 1147/1147/1147
f 1537/1537/1537 1538/1538/1538 1147/1147/1147
f 1147/1147/1147 1538/1538/1538 1148/1148/1148
f 1538/1538/1538 1539/1539/1539 1148/1148/1148
f 1148/1148/1148 1539/1539/1539 1149/1149/1149
f 1539/1539/1539 1540/1540/1540 1149/1149/1149
f 1149/1149/1149 1540/1540/1540 1150/1150/1150
f 1540/1540/1540 1541/1541/1541 1150/1150/1150
f 1150/1150/1150 1541/1541/1541 1151/1151/1151
f 1541/1541/1541 1542/1542/1542 1151/1151/1151
f 1151/1151/1151 1542/1542/1542 1152/1152/1152
f 1542/1542/1542 1543/1543/1543 1152/1152/1152
f 1152/1152/1152 1543/1543/1543 1153/1153/1153
f 1543/1543/1543 1544/1544/1544 1153/1153/1153
f 1153/1153/1153 1544/1544/1544 1154/1154/1154
f 1544/1544/1544 1545/1545/1545 1154/1154/1154
f 1154/1154/1154 1545/1545/1545 1155/1155/1155
f 1545/1545/1545 1546/1546/1546 1155/1155/1155
f 1155/1155/1155 1546/1546/1546 1156/1156/1156
f 1546/1546/1546 1547/1547/1547 1156/1156/1156
f 1156/1156/1156 1547/1547/1547 1157/1157/1157
f 1547/1547/1547 1548/1548/1548 1157/1157/1157
f 1157/1157/1157 1548/1548/1548 1158/1158/1158
f 1548/1548/1548 1549/1549/1549 1158/1158/1158
f 1158/1158/1158 1549/1549/1549 1159/1159/1159
f 1549/1549/1549 1550/1550/1550 1159/1159/1159
f 1159/1159/1159 1550/1550/1550 1160/1160/1160
f 1550/1550/1550 1551/1551/1551 1160/1160/1160
f 1160/1160/1160 1551/1551/1551 1161/1161/1161
f 1551/1551/1551 1552/1552/1552 1161/1161/1161
f 1161/1161/1161 1552/1552/1552 1162/1162/1162
f 1552/1552/1552 1553/1553/1553 1162/1162/1162
f 1162/1162/1162 1553/1553/1553 1163/1163/1163
f 1553/1553/1553 1554/1554/1554 1163/1163/1163
f 1163/1163/1163 1554/1554/1554 1164/1164/1164
f 1554/1554/1554 1555/1555/1555 1164/1164/1164
f 1164/1164/1164 1555/1555/1555 1165/1165/1165
f 1555/1555/1555 1556/1556/1556 1165/1165/1165
f 1165/1165/1165 1556/1556/1556 1166/1166/1166
f 1556/1556/1556 1557/1557/1557 1166/1166/1166
f 1166/1166/1166 1557/1557/1557 1167/1167/1167
f 1557/1557/1557 1558/1558/1558 1167/1167/1167
f 1167/1167/1167 1558/1558/1558 1168/1168/1168
f 1558/1558/1558 1559/1559/1559 1168/1168/1168
f 1168/1168/1168 1559/1559/1559 1169/1169/1169
f 1559/1559/1559 1560/1560/1560 1169/1169/1169
f 1169/1169/1169 1560/1560/1560 1170/1170/1170
f 1560/1560/1560 1171/1171/1171 1170/1170/1170
f 1170/1170/1170 1171/1171/1171 781/781/781
f 1951/1951/1951 1952/1952/1952 1561/1561/1561
f 1561/1561/1561 1952/1952/1952 1562/1562/1562
f 1952/1952/1952 1953/1953/1953 1562/1562/1562
f 1562/1562/1562 1953/1953/1953 1563/1563/1563
f 1953/1953/1953 1954/1954/1954 1563/1563/1563
f 1563/1563/1563 1954/1954/1954 1564/1564/1564
f 1954/1954/1954 1955/1955/1955 1564/1564/1564
f 1564/1564/1564 1955/1955/1955 1565/1565/1565
f 1955/1955/1955 1956/1956/1956 1565/1565/1565
f 1565/1565/1565 1956/1956/1956 1566/1566/1566
f 1956/1956/1956 1957/1957/1957 1566/1566/1566
f 1566/1566/1566 1957/1957/1957 1567/1567/1567
f 1957/1957/1957 1958/1958/1958 1567/1567/1567
f 1567/1567/1567 1958/1958/1958 1568/1568/1568
f 1958/1958/1958 1959/1959/1959 1568/1568/1568
f 1568/1568/1568 1959/1959/1959 1569/1569/1569
f 1959/1959/1959 1960/1960/1960 1569/1569/1569
f 1569/1569/1569 1960/1960/1960 1570/1570/1570
f 1960/1960/1960 1961/1961/1961 1570/1570/1570
f 1570/1570/1570 1961/1961/1961 1571/1571/1571
f 1961/1961/1961 1962/1962/1962 1571/1571/1571
f 1571/1571/1571 1962/1962/1962 1572/1572/1572
f 1962/1962/1962 1963/1963/1963 1572/1572/1572
f 1572/1572/1572 1963/1963/1963 1573/1573/1573
f 1963/1963/1963 1964/1964/1964 1573/1573/1573
f 1573/1573/1573 1964/1964/1964 1574/1574/1574
f 1964/1964/1964 1965/1965/1965 1574/1574/1574
f 1574/1574/1574 1965/1965/1965 1575/1575/1575
f 1965/1965/1965 1966/1966/1966 1575/1575/1575
f 1575/1575/1575 1966/1966/1966 1576/1576/1576
f 1966/1966/1966 1967/1967/1967 1576/1576/1576
f 1576/1576/1576 1967/1967/1967 1577/1577/1577
f 1967/1967/1967 1968/1968/1968 1577/1577/1577
f 1577/1577/1577 1968/1968/1968 1578/1578/1578
f 1968/1968/1968 1969/1969/1969 1578/1578/1578
f 1578/1578/1578 1969/1969/1969 1579/1579/1579
f 1969/1969/1969 1970/1970/1970 1579/1579/1579
f 1579/1579/1579 1970/1970/1970 1580/1580/1580
f 1970/1970/1970 1971/1971/1971 1580/1580/1580
f 1580/1580/1580 1971/1971/1971 1581/1581/1581
f 1971/1971/1971 1972/1972/1972 1581/1581/1581
f 1581/1581/1581 1972/1972/1972 1582/1582/1582
f 1972/1972/1972 1973/1973/1973 1582/1582/1582
f 1582/1582/1582 1973/1973/1973 1583/1583/1583
f 1973/1973/1973 1974/1974/1974 1583/1583/1583
f 1583/1583/1583 1974/1974/1974 1584/1584/1584
f 1974/1974/1974 1975/1975/1975 1584/1584/1584
f 1584/1584/1584 1975/1975/1975 1585/1585/1585
f 1975/1975/1975 1976/1976/1976 1585/1585/1585
f 1585/1585/1585 1976/1976/1976 1586/1586/1586
f 1976/1976/1976 1977/1977/1977 1586/1586/1586
f 1586/1586/1586 1977/1977/1977 1587/1587/1587
f 1977/1977/1977 1978/1978/1978 1587/1587/1587
f 1587/1587/1587 1978/1978/1978 1588/1588/1588
f 1978/1978/1978 1979/1979/1979 1588/1588/1588
f 1588/1588/1588 1979/1979/1979 1589/1589/1589
f 1979/1979/1979 1980/1980/1980 1589/1589/1589
f 1589/1589/1589 1980/1980/1980 1590/1590/1590
f 1980/1980/1980 1981/1981/1981 1590/1590/1590
f 1590/1590/1590 1981/1981/1981 1591/1591/1591
f 1981/1981/1981 1982/1982/1982 1591/1591/1591
f 1591/1591/1591 1982/1982/1982 1592/1592/1592
f 1982/1982/1982 1983/1983/1983 1592/1592/1592
f 1592/1592/1592 1983/1983/1983 1593/1593/1593
f 1983/1983/1983 1984/1984/1984 1593/1593/1593
f 1593/1593/1593 1984/1984/1984 1594/1594/1594
f 1984/1984/1984 1985/1985/1985 1594/1594/1594
f 1594/1594/1594 1985/1985/1985 1595/1595/1595
f 1985/1985/1985 1986/1986/1986 1595/1595/1595
f 1595/1595/1595 1986/1986/1986 1596/1596/1596
f 1986/1986/1986 1987/1987/1987 1596/1596/1596
f 1596/1596/1596 1987/1987/1987 1597/1597/1597
f 1987/1987/1987 1988/1988/1988 1597/1597/1597
f 1597/1597/1597 1988/1988/1988 1598/1598/1598
f 1988/1988/1988 1989/1989/1989 1598/1598/1598
f 1598/1598/1598 1989/1989/1989 1599/1599/1599
f 1989/1989/1989 1990/1990/1990 1599/1599/1599
f 1599/1599/1599 1990/1990/1990 1600/1600/1600
f 1990/1990/1990 1991/1991/1991 1600/1600/1600
f 1600/1600/1600 1991/1991/1991 1601/1601/1601
f 1991/1991/1991 1992/1992/1992 1601/1601/1601
f 1601/1601/1601 1992/1992/1992 1602/1602/1602
f 1992/1992/1992 1993/1993/1993 1602/1602/1602
f 1602/1602/1602 1993/1993/1993 1603/1603/1603
f 1993/1993/1993 1994/1994/1994 1603/1603/1603
f 1603/1603/1603 1994/1994/1994 1604/1604/1604
f 1994/1994/1994 1995/1995/1995 1604/1604/1604
f 1604/1604/1604 1995/1995/1995 1605/1605/1605
f 1995/1995/1995 1996/1996/1996 1605/1605/1605
f 1605/1605/1605 1996/1996/1996 1606/1606/1606
f 1996/1996/1996 1997/1997/1997 1606/1606/1606
f 1606/1606/1606 1997/1997/1997 1607/1607/1607
f 1997/1997/1997 1998/1998/1998 1607/1607/1607
f 1607/1607/1607 1998/1998/1998 1608/1608/1608
f 1998/1998/1998 1999/1999/1999 1608/1608/1608
f 1608/1608/1608 1999/1999/1999 1609/1609/1609
f 1999/1999/1999 2000/2000/2000 1609/1609/1609
f 1609/1609/1609 2000/2000/2000 1610/1610/1610
f 2000/2000/2000 2001/2001/2001 1610/1610/1610
f 1610/1610/1610 2001/2001/2001 1611/1611/1611
f 2001/2001/2001 2002/2002/2002 1611/1611/1611
f 1611/1611/1611 2002/2002/2002 1612/1612/1612
f 2002/2002/2002 2003/2003/2003 1612/1612/1612
f 1612/1612/1612 2003/2003/2003 1613/1613/1613
f 2003/2003/2003 2004/2004/2004 1613/1613/1613
f 1613/1613/1613 2004/2004/2004 1614/1614/1614
f 2004/2004/2004 2005/2005/2005 1614/1614/1614
f 1614/1614/1614 2005/2005/2005 1615/1615/1615
f 2005/2005/2005 2006/2006/2006 1615/1615/1615
f 1615/1615/1615 2006/2006/2006 1616/1616/1616
f 2006/2006/2006 2007/2007/2007 1616/1616/1616
f 1616/1616/1616 2007/2007/2007 1617/1617/1617
f 2007/2007/2007 2008/2008/2008 1617/1617/1617
f 1617/1617/1617 2008/2008/2008 1618/1618/1618
f 2008/2008/2008 2009/2009/2009 1618/1618/1618
f 1618/1618/1618 2009/2009/2009 1619/1619/1619
f 2009/2009/2009 2010/2010/2010 1619/1619/1619
f 1619/1619/1619 2010/2010/2010 1620/1620/1620
f 2010/2010/2010 2011/2011/2011 1620/1620/1620
f 1620/1620/1620 2011/2011/2011 1621/1621/1621
f 2011/2011/2011 2012/2012/2012 1621/1621/1621
f 1621/1621/1621 2012/2012/2012 1622/1622/1622
f 2012/2012/2012 2013/2013/2013 1622/1622/1622
f 1622/1622/1622 2013/2013/2013 1623/1623/1623
f 2013/2013/2013 2014/2014/2014 1623/1623/1623
f 1623/1623/1623 2014/2014/2014 1624/1624/1624
f 2014/2014/2014 2015/2015/2015 1624/1624/1624
f 1624/1624/1624 2015/2015/2015 1625/1625/1625
f 2015/2015/2015 2016/2016/2016 1625/1625/1625
f 1625/1625/1625 2016/2016/2016 1626/1626/1626
f 2016/2016/2016 2017/2017/2017 1626/1626/1626
f 1626/1626/1626 2017/2017/2017 1627/1627/1627
f 2017/2017/2017 2018/2018/2018 1627/1627/1627
f 1627/1627/1627 2018/2018/2018 1628/1628/1628
f 2018/2018/2018 2019/2019/2019 1628/1628/1628
f 1628/1628/1628 2019/2019/2019 1629/1629/1629
f 2019/2019/2019 2020/2020/2020 1629/1629/1629
f 1629/1629/1629 2020/2020/2020 1630/1630/1630
f 2020/2020/2020 2021/2021/2021 1630/1630/1630
f 1630/1630/1630 2021/2021/2021 1631/1631/1631
f 2021/2021/2021 2022/2022/2022 1631/1631/1631
f 1631/1631/1631 2022/2022/2022 1632/1632/1632
f 2022/2022/2022 2023/2023/2023 1632/1632/1632
f 1632/1632/1632 2023/2023/2023 1633/1633/1633
f 2023/2023/2023 2024/2024/2024 1633/1633/1633
f 1633/1633/1633 2024/2024/2024 1634/1634/1634
f 2024/2024/2024 2025/2025/2025 1634/1634/1634
f 1634/1634/1634 2025/2025/2025 1635/1635/1635
f 2025/2025/2025 2026/2026/2026 1635/1635/1635
f 1635/1635/1635 2026/2026/2026 1636/1636/1636
f 2026/2026/2026 2027/2027/2027 1636/1636/1636
f 1636/1636/1636 2027/2027/2027 1637/1637/1637
f 2027/2027/2027 2028/2028/2028 1637/1637/1637
f 1637/1637/1637 2028/2028/2028 1638/1638/1638
f 2028/2028/2028 2029/2029/2029 1638/1638/1638
f 1638/1638/1638 2029/2029/2029 1639/1639/1639
f 2029/2029/2029 2030/2030/2030 1639/1639/1639
f 1639/1639/1639 2030/2030/2030 1640/1640/1640
f 2030/2030/2030 2031/2031/2031 1640/1640/1640
f 1640/1640/1640 2031/2031/2031 1641/1641/1641
f 2031/2031/2031 2032/2032/2032 1641/1641/1641
f 1641/1641/1641 2032/2032/2032 1642/1642/1642
f 2032/2032/2032 2033/2033/2033 1642/1642/1642
f 1642/1642/1642 2033/2033/2033 1643/1643/1643
f 2033/2033/2033 2034/2034/2034 1643/1643/1643
f 1643/1643/1643 2034/2034/2034 1644/1644/1644
f 2034/2034/2034 2035/2035/2035 1644/1644/1644
f 1644/1644/1644 2035/2035/2035 1645/1645/1645
f 2035/2035/2035 2036/2036/2036 1645/1645/1645
f 1645/1645/1645 2036/2036/2036 1646/1646/1646
f 2036/2036/2036 2037/2037/2037 1646/1646/1646
f 1646/1646/1646 2037/2037/2037 1647/1647/1647
f 2037/2037/2037 2038/2038/2038 1647/1647/1647
f 1647/1647/1647 2038/2038/2038 1648/1648/1648
f 2038/2038/2038 2039/2039/2039 1648/1648/1648
f 1648/1648/1648 2039/2039/2039 1649/1649/1649
f 2039/2039/2039 2040/2040/2040 1649/1649/1649
f 1649/1649/1649 2040/2040/2040 1650/1650/1650
f 2040/2040/2040 2041/2041/2041 1650/1650/1650
f 1650/1650/1650 2041/2041/2041 1651/1651/1651
f 2041/2041/2041 2042/2042/2042 1651/1651/1651
f 1651/1651/1651 2042/2042/2042 1652/1652/1652
f 2042/2042/2042 2043/2043/2043 1652/1652/1652
f 1652/1652/1652 2043/2043/2043 1653/1653/1653
f 2043/2043/2043 2044/2044/2044 1653/1653/1653
f 1653/1653/1653 2044/2044/2044 1654/1654/1654
f 2044/2044/2044 2045/2045/2045 1654/1654/1654
f 1654/1654/1654 2045/2045/2045 1655/1655/1655
f 2045/2045/2045 2046/2046/2046 1655/1655/1655
f 1655/1655/1655 2046/2046/2046 1656/1656/1656
f 2046/2046/2046 2047/2047/2047 1656/1656/1656
f 1656/1656/1656 2047/2047/2047 1657/1657/1657
f 2047/2047/2047 2048/2048/2048 1657/1657/1657
f 1657/1657/1657 2048/2048/2048 1658/1658/1658
f 2048/2048/2048 2049/2049/2049 1658/1658/1658
f 1658/1658/1658 2049/2049/2049 1659/1659/1659
f 2049/2049/2049 2050/2050/2050 1659/1659/1659
f 1659/1659/1659 2050/2050/2050 1660/1660/1660
f 2050/2050/2050 2051/2051/2051 1660/1660/1660
f 1660/1660/1660 2051/2051/2051 1661/1661/1661
f 2051/2051/2051 2052/2052/2052 1661/1661/1661
f 1661/1661/1661 2052/2052/2052 1662/1662/1662
f 2052/2052/2052 2053/2053/2053 1662/1662/1662
f 1662/1662/1662 2053/2053/2053 1663/1663/1663
f 2053/2053/2053 2054/2054/2054 1663/1663/1663
f 1663/1663/1663 2054/2054/2054 1664/1664/1664
f 2054/2054/2054 2055/2055/2055 1664/1664/1664
f 1664/1664/1664 2055/2055/2055 1665/1665/1665
f 2055/2055/2055 2056/2056/2056 1665/1665/1665
f 1665/1665/1665 2056/2056/2056 1666/1666/1666
f 2056/2056/2056 2057/2057/2057 1666/1666/1666
f 1666/1666/1666 2057/2057/2057 1667/1667/1667
f 2057/2057/2057 2058/2058/2058 1667/1667/1667
f 1667/1667/1667 2058/2058/2058 1668/1668/1668
f 2058/2058/2058 2059/2059/2059 1668/1668/1668
f 1668/1668/1668 2059/2059/2059 1669/1669/1669
f 2059/2059/2059 2060/2060/2060 1669/1669/1669
f 1669/1669/1669 2060/2060/2060 1670/1670/1670
f 2060/2060/2060 2061/2061/2061 1670/1670/1670
f 1670/1670/1670 2061/2061/2061 1671/1671/1671
f 2061/2061/2061 2062/2062/2062 1671/1671/1671
f 1671/1671/1671 2062/2062/2062 1672/1672/1672
f 2062/2062/2062 2063/2063/2063 1672/1672/1672
f 1672/1672/1672 2063/2063/2063 1673/1673/1673
f 2063/2063/2063 2064/2064/2064 1673/1673/1673
f 1673/1673/1673 2064/2064/2064 1674/1674/1674
f 2064/2064/2064 2065/2065/2065 1674/1674/1674
f 1674/1674/1674 2065/2065/2065 1675/1675/1675
f 2065/2065/2065 2066/2066/2066 1675/1675/1675
f 1675/1675/1675 2066/2066/2066 1676/1676/1676
f 2066/2066/2066 2067/2067/2067 1676/1676/1676
f 1676/1676/1676 2067/2067/2067 1677/1677/1677
f 2067/2067/2067 2068/2068/2068 1677/1677/1677
f 1677/1677/1677 2068/2068/2068 1678/1678/1678
f 2068/2068/2068 2069/2069/2069 1678/1678/1678
f 1678/1678/1678 2069/2069/2069 1679/1679/1679
f 2069/2069/2069 2070/2070/2070 1679/1679/1679
f 1679/1679/1679 2070/2070/2070 1680/1680/1680
f 2070/2070/2070 2071/2071/2071 1680/1680/1680
f 1680/1680/1680 2071/2071/2071 1681/1681/1681
f 2071/2071/2071 2072/2072/2072 1681/1681/1681
f 1681/1681/1681 2072/2072/2072 1682/1682/1682
f 2072/2072/2072 2073/2073/2073 1682/1682/1682
f 1682/1682/1682 2073/2073/2073 1683/1683/1683
f 2073/2073/2073 2074/2074/2074 1683/1683/1683
f 1683/1683/1683 2074/2074/2074 1684/1684/1684
f 2074/2074/2074 2075/2075/2075 1684/1684/1684
f 1684/1684/1684 2075/2075/2075 1685/1685/1685
f 2075/2075/2075 2076/2076/2076 1685/1685/1685
f 1685/1685/1685 2076/2076/2076 1686/1686/1686
f 2076/2076/2076 2077/2077/2077 1686/1686/1686
f 1686/1686/1686 2077/2077/2077 1687/1687/1687
f 2077/2077/2077 2078/2078/2078 1687/1687/1687
f 1687/1687/1687 2078/2078/2078 1688/1688/1688
f 2078/2078/2078 2079/2079/2079 1688/1688/1688
f 1688/1688/1688 2079/2079/2079 1689/1689/1689
f 2079/2079/2079 2080/2080/2080 1689/1689/1689
f 1689/1689/1689 2080/2080/2080 1690/1690/1690
f 2080/2080/2080 2081/2081/2081 1690/1690/1690
f 1690/1690/1690 2081/2081/2081 1691/1691/1691
f 2081/2081/2081 2082/2082/2082 1691/1691/1691
f 1691/1691/1691 2082/2082/2082 1692/1692/1692
f 2082/2082/2082 2083/2083/2083 1692/1692/1692
f 1692/1692/1692 2083/2083/2083 1693/1693/1693
f 2083/2083/2083 2084/2084/2084 1693/1693/1693
f 1693/1693/1693 2084/2084/2084 1694/1694/1694
f 2084/2084/2084 2085/2085/2085 1694/1694/1694
f 1694/1694/1694 2085/2085/2085 1695/1695/1695
f 2085/2085/2085 2086/2086/2086 1695/1695/1695
f 1695/1695/1695 2086/2086/2086 1696/1696/1696
f 2086/2086/2086 2087/2087/2087 1696/1696/1696
f 1696/1696/1696 2087/2087/2087 1697/1697/1697
f 2087/2087/2087 2088/2088/2088 1697/1697/1697
f 1697/1697/1697 2088/2088/2088 1698/1698/1698
f 2088/2088/2088 2089/2089/2089 1698/1698/1698
f 1698/1698/1698 2089/2089/2089 1699/1699/1699
f 2089/2089/2089 2090/2090/2090 1699/1699/1699
f 1699/1699/1699 2090/2090/2090 1700/1700/1700
f 2090/2090/2090 2091/2091/2091 1700/1700/1700
f 1700/1700/1700 2091/2091/2091 1701/1701/1701
f 2091/2091/2091 2092/2092/2092 1701/1701/1701
f 1701/1701/1701 2092/2092/2092 1702/1702/1702
f 2092/2092/2092 2093/2093/2093 1702/1702/1702
f 1702/1702/1702 2093/2093/2093 1703/1703/1703
f 2093/2093/2093 2094/2094/2094 1703/1703/1703
f 1703/1703/1703 2094/2094/2094 1704/1704/1704
f 2094/2094/2094 2095/2095/2095 1704/1704/1704
f 1704/1704/1704 2095/2095/2095 1705/1705/1705
f 2095/2095/2095 2096/2096/2096 1705/1705/1705
f 1705/1705/1705 2096/2096/2096 1706/1706/1706
f 2096/2096/2096 2097/2097/2097 1706/1706/1706
f 1706/1706/1706 2097/2097/2097 1707/1707/1707
f 2097/2097/2097 2098/2098/2098 1707/1707/1707
f 1707/1707/1707 2098/2098/2098 1708/1708/1708
f 2098/2098/2098 2099/2099/2099 1708/1708/1708
f 1708/1708/1708 2099/2099/2099 1709/1709/1709
f 2099/2099/2099 2100/2100/2100 1709/1709/1709
f 1709/1709/1709 2100/2100/2100 1710/1710/1710
f 2100/2100/2100 2101/2101/2101 1710/1710/1710
f 1710/1710/1710 2101/2101/2101 1711/1711/1711
f 2101/2101/2101 2102/2102/2102 1711/1711/1711
f 1711/1711/1711 2102/2102/2102 1712/1712/1712
f 2102/2102/2102 2103/2103/2103 1712/1712/1712
f 1712/1712/1712 2103/2103/2103 1713/1713/1713
f 2103/2103/2103 2104/2104/2104 1713/1713/1713
f 1713/1713/1713 2104/2104/2104 1714/1714/1714
f 2104/2104/2104 2105/2105/2105 1714/1714/1714
f 1714/1714/1714 2105/2105/2105 1715/1715/1715
f 2105/2105/2105 2106/2106/2106 1715/1715/1715
f 1715/1715/1715 2106/2106/2106 1716/1716/1716
f 2106/2106/2106 2107/2107/2107 1716/1716/1716
f 1716/1716/1716 2107/2107/2107 1717/1717/1717
f 2107/2107/2107 2108/2108/2108 1717/1717/1717
f 1717/1717/1717 2108/2108/2108 1718/1718/1718
f 2108/2108/2108 2109/2109/2109 1718/1718/1718
f 1718/1718/1718 2109/2109/2109 1719/1719/1719
f 2109/2109/2109 2110/2110/2110 1719/1719/1719
f 1719/1719/1719 2110/2110/2110 1720/1720/1720
f 2110/2110/2110 2111/2111/2111 1720/1720/1720
f 1720/1720/1720 2111/2111/2111 1721/1721/1721
f 2111/2111/2111 2112/2112/2112 1721/1721/1721
f 1721/1721/1721 2112/2112/2112 1722/1722/1722
f 2112/2112/2112 2113/2113/2113 1722/1722/1722
f 1722/1722/1722 2113/2113/2113 1723/1723/1723
f 2113/2113/2113 2114/2114/2114 1723/1723/1723
f 1723/1723/1723 2114/2114/2114 1724/1724/1724
f 2114/2114/2114 2115/2115/2115 1724/1724/1724
f 1724/1724/1724 2115/2115/2115 1725/1725/1725
f 2115/2115/2115 2116/2116/2116 1725/1725/1725
f 1725/1725/1725 2116/2116/2116 1726/1726/1726
f 2116/2116/2116 2117/2117/2117 1726/1726/1726
f 1726/1726/1726 2117/2117/2117 1727/1727/1727
f 2117/2117/2117 2118/2118/2118 1727/1727/1727
f 1727/1727/1727 2118/2118/2118 1728/1728/1728
f 2118/2118/2118 2119/2119/2119 1728/1728/1728
f 1728/1728/1728 2119/2119/2119 1729/1729/1729
f 2119/2119/2119 2120/2120/2120 1729/1729/1729
f 1729/1729/1729 2120/2120/2120 1730/1730/1730
f 2120/2120/2120 2121/2121/2121 1730/1730/1730
f 1730/1730/1730 2121/2121/2121 1731/1731/1731
f 2121/2121/2121 2122/2122/2122 1731/1731/1731
f 1731/1731/1731 2122/2122/2122 1732/1732/1732
f 2122/2122/2122 2123/2123/2123 1732/1732/1732
f 1732/1732/1732 2123/2123/2123 1733/1733/1733
f 2123/2123/2123 2124/2124/2124 1733/1733/1733
f 1733/1733/1733 2124/2124/2124 1734/1734/1734
f 2124/2124/2124 2125/2125/2125 1734/1734/1734
f 1734/1734/1734 2125/2125/2125 1735/1735/1735
f 2125/2125/2125 2126/2126/2126 1735/1735/1735
f 1735/1735/1735 2126/2126/2126 1736/1736/1736
f 2126/2126/2126 2127/2127/2127 1736/1736/1736
f 1736/1736/1736 2127/2127/2127 1737/1737/1737
f 2127/2127/2127 2128/2128/2128 1737/1737/1737
f 1737/1737/1737 2128/2128/2128 1738/1738/1738
f 2128/2128/2128 2129/2129/2129 1738/1738/1738
f 1738/1738/1738 2129/2129/2129 1739/1739/1739
f 2129/2129/2129 2130/2130/2130 1739/1739/1739
f 1739/1739/1739 2130/2130/2130 1740/1740/1740
f 2130/2130/2130 2131/2131/2131 1740/1740/1740
f 1740/1740/1740 2131/2131/2131 1741/1741/1741
f 2131/2131/2131 2132/2132/2132 1741/1741/1741
f 1741/1741/1741 2132/2132/2132 1742/1742/1742
f 2132/2132/2132 2133/2133/2133 1742/1742/1742
f 1742/1742/1742 2133/2133/2133 1743/1743/1743
f 2133/2133/2133 2134/2134/2134 1743/1743/1743
f 1743/1743/1743 2134/2134/2134 1744/1744/1744
f 2134/2134/2134 2135/2135/2135 1744/1744/1744
f 1744/1744/1744 2135/2135/2135 1745/1745/1745
f 2135/2135/2135 2136/2136/2136 1745/1745/1745
f 1745/1745/1745 2136/2136/2136 1746/1746/1746
f 2136/2136/2136 2137/2137/2137 1746/1746/1746
f 1746/1746/1746 2137/2137/2137 1747/1747/1747
f 2137/2137/2137 2138/2138/2138 1747/1747/1747
f 1747/1747/1747 2138/2138/2138 1748/1748/1748
f 2138/2138/2138 2139/2139/2139 1748/1748/1748
f 1748/1748/1748 2139/2139/2139 1749/1749/1749
f 2139/2139/2139 2140/2140/2140 1749/1749/1749
f 1749/1749/1749 2140/2140/2140 1750/1750/1750
f 2140/2140/2140 2141/2141/2141 1750/1750/1750
f 1750/1750/1750 2141/2141/2141 1751/1751/1751
f 2141/2141/2141 2142/2142/2142 1751/1751/1751
f 1751/1751/1751 2142/2142/2142 1752/1752/1752
f 2142/2142/2142 2143/2143/2143 1752/1752/1752
f 1752/1752/1752 2143/2143/2143 1753/1753/1753
f 2143/2143/2143 2144/2144/2144 1753/1753/1753
f 1753/1753/1753 2144/2144/2144 1754/1754/1754
f 2144/2144/2144 2145/2145/2145 1754/1754/1754
f 1754/1754/1754 2145/2145/2145 1755/1755/1755
f 2145/2145/2145 2146/2146/2146 1755/1755/1755
f 1755/1755/1755 2146/2146/2146 1756/1756/1756
f 2146/2146/2146 2147/2147/2147 1756/1756/1756
f 1756/1756/1756 2147/2147/2147 1757/1757/1757
f 2147/2147/2147 2148/2148/2148 1757/1757/1757
f 1757/1757/1757 2148/2148/2148 1758/1758/1758
f 2148/2148/2148 2149/2149/2149 1758/1758/1758
f 1758/1758/1758 2149/2149/2149 1759/1759/1759
f 2149/2149/2149 2150/2150/2150 1759/1759/1759
f 1759/1759/1759 2150/2150/2150 1760/1760/1760
f 2150/2150/2150 2151/2151/2151 1760/1760/1760
f 1760/1760/1760 2151/2151/2151 1761/1761/1761
f 2151/2151/2151 2152/2152/2152 1761/1761/1761
f 1761/1761/1761 2152/2152/2152 1762/1762/1762
f 2152/2152/2152 2153/2153/2153 1762/1762/1762
f 1762/1762/1762 2153/2153/2153 1763/1763/1763
f 2153/2153/2153 2154/2154/2154 1763/1763/1763
f 1763/1763/1763 2154/2154/2154 1764/1764/1764
f 2154/2154/2154 2155/2155/2155 1764/1764/1764
f 1764/1764/1764 2155/2155/2155 1765/1765/1765
f 2155/2155/2155 2156/2156/2156 1765/1765/1765
f 1765/1765/1765 2156/2156/2156 1766/1766/1766
f 2156/2156/2156 2157/2157/2157 1766/1766/1766
f 1766/1766/1766 2157/2157/2157 1767/1767/1767
f 2157/2157/2157 2158/2158/2158 1767/1767/1767
f 1767/1767/1767 2158/2158/2158 1768/1768/1768
f 2158/2158/2158 2159/2159/2159 1768/1768/1768
f 1768/1768/1768 2159/2159/2159 1769/1769/1769
f 2159/2159/2159 2160/2160/2160 1769/1769/1769
f 1769/1769/1769 2160/2160/2160 1770/1770/1770
f 2160/2160/2160 2161/2161/2161 1770/1770/1770
f 1770/1770/1770 2161/2161/2161 1771/1771/1771
f 2161/2161/2161 2162/2162/2162 1771/1771/1771
f 1771/1771/1771 2162/2162/2162 1772/1772/1772
f 2162/2162/2162 2163/2163/2163 1772/1772/1772
f 1772/1772/1772 2163/2163/2163 1773/1773/1773
f 2163/2163/2163 2164/2164/2164 1773/1773/1773
f 1773/1773/1773 2164/2164/2164 1774/1774/1774
f 2164/2164/2164 2165/2165/2165 1774/1774/1774
f 1774/1774/1774 2165/2165/2165 1775/1775/1775
f 2165/2165/2165 2166/2166/2166 1775/1775/1775
f 1775/1775/1775 2166/2166/2166 1776/1776/1776
f 2166/2166/2166 2167/2167/2167 1776/1776/1776
f 1776/1776/1776 2167/2167/2167 1777/1777/1777
f 2167/2167/2167 2168/2168/2168 1777/1777/1777
f 1777/1777/1777 2168/2168/2168 1778/1778/1778
f 2168/2168/2168 2169/2169/2169 1778/1778/1778
f 1778/1778/1778 2169/2169/2169 1779/1779/1779
f 2169/2169/2169 2170/2170/2170 1779/1779/1779
f 1779/1779/1779 2170/2170/2170 1780/1780/1780
f 2170/2170/2170 2171/2171/2171 1780/1780/1780
f 1780/1780/1780 2171/2171/2171 1781/1781/1781
f 2171/2171/2171 2172/2172/2172 1781/1781/1781
f 1781/1781/1781 2172/2172/2172 1782/1782/1782
f 2172/2172/2172 2173/2173/2173 1782/1782/1782
f 1782/1782/1782 2173/2173/2173 1783/1783/1783
f 2173/2173/2173 2174/2174/2174 1783/1783/1783
f 1783/1783/1783 2174/2174/2174 1784/1784/1784
f 2174/2174/2174 2175/2175/2175 1784/1784/1784
f 1784/1784/1784 2175/2175/2175 1785/1785/1785
f 2175/2175/2175 2176/2176/2176 1785/1785/1785
f 1785/1785/1785 2176/2176/2176 1786/1786/1786
f 2176/2176/2176 2177/2177/2177 1786/1786/1786
f 1786/1786/1786 2177/2177/2177 1787/1787/1787
f 2177/2177/2177 2178/2178/2178 1787/1787/1787
f 1787/1787/1787 2178/2178/2178 1788/1788/1788
f 2178/2178/2178 2179/2179/2179 1788/1788/1788
f 1788/1788/1788 2179/2179/2179 1789/1789/1789
f 2179/2179/2179 2180/2180/2180 1789/1789/1789
f 1789/1789/1789 2180/2180/2180 1790/1790/1790
f 2180/2180/2180 2181/2181/2181 1790/1790/1790
f 1790/1790/1790 2181/2181/2181 1791/1791/1791
f 2181/2181/2181 2182/2182/2182 1791/1791/1791
f 1791/1791/1791 2182/2182/2182 1792/1792/1792
f 2182/2182/2182 2183/2183/2183 1792/1792/1792
f 1792/1792/1792 2183/2183/2183 1793/1793/1793
f 2183/2183/2183 2184/2184/2184 1793/1793/1793
f 1793/1793/1793 2184/2184/2184 1794/1794/1794
f 2184/2184/2184 2185/2185/2185 1794/1794/1794
f 1794/1794/1794 2185/2185/2185 1795/1795/1795
f 2185/2185/2185 2186/2186/2186 1795/1795/1795
f 1795/1795/1795 2186/2186/2186 1796/1796/1796
f 2186/2186/2186 2187/2187/2187 1796/1796/1796
f 1796/1796/1796 2187/2187/2187 1797/1797/1797
f 2187/2187/2187 2188/2188/2188 1797/1797/1797
f 1797/1797/1797 2188/2188/2188 1798/1798/1798
f 2188/2188/2188 2189/2189/2189 1798/1798/1798
f 1798/1798/1798 2189/2189/2189 1799/1799/1799
f 2189/2189/2189 2190/2190/2190 1799/1799/1799
f 1799/1799/1799 2190/2190/2190 1800/1800/1800
f 2190/2190/2190 2191/2191/2191 1800/1800/1800
f 1800/1800/1800 2191/2191/2191 1801/1801/1801
f 2191/2191/2191 2192/2192/2192 1801/1801/1801
f 1801/1801/1801 2192/2192/2192 1802/1802/1802
f 2192/2192/2192 2193/2193/2193 1802/1802/1802
f 1802/1802/1802 2193/2193/2193 1803/1803/1803
f 2193/2193/2193 2194/2194/2194 1803/1803/1803
f 1803/1803/1803 2194/2194/2194 1804/1804/1804
f 2194/2194/2194 2195/2195/2195 1804/1804/1804
f 1804/1804/1804 2195/2195/2195 1805/1805/1805
f 2195/2195/2195 2196/2196/2196 1805/1805/1805
f 1805/1805/1805 2196/2196/2196 1806/1806/1806
f 2196/2196/2196 2197/2197/2197 1806/1806/1806
f 1806/1806/1806 2197/2197/2197 1807/1807/1807
f 2197/2197/2197 2198/2198/2198 1807/1807/1807
f 1807/1807/1807 2198/2198/2198 1808/1808/1808
f 2198/2198/2198 2199/2199/2199 1808/1808/1808
f 1808/1808/1808 2199/2199/2199 1809/1809/1809
f 2199/2199/2199 2200/2200/2200 1809/1809/1809
f 1809/1809/1809 2200/2200/2200 1810/1810/1810
f 2200/2200/2200 2201/2201/2201 1810/1810/1810
f 1810/1810/1810 2201/2201/2201 1811/1811/1811
f 2201/2201/2201 2202/2202/2202 1811/1811/1811
f 1811/1811/1811 2202/2202/2202 1812/1812/1812
f 2202/2202/2202 2203/2203/2203 1812/1812/1812
f 1812/1812/1812 2203/2203/2203 1813/1813/1813
f 2203/2203/2203 2204/2204/2204 1813/1813/1813
f 1813/1813/1813 2204/2204/2204 1814/1814/1814
f 2204/2204/2204 2205/2205/2205 1814/1814/1814
f 1814/1814/1814 2205/2205/2205 1815/1815/1815
f 2205/2205/2205 2206/2206/2206 1815/1815/1815
f 1815/1815/1815 2206/2206/2206 1816/1816/1816
f 2206/2206/2206 2207/2207/2207 1816/1816/1816
f 1816/1816/1816 2207/2207/2207 1817/1817/1817
f 2207/2207/2207 2208/2208/2208 1817/1817/1817
f 1817/1817/1817 2208/2208/2208 1818/1818/1818
f 2208/2208/2208 2209/2209/2209 1818/1818/1818
f 1818/1818/1818 2209/2209/2209 1819/1819/1819
f 2209/2209/2209 2210/2210/2210 1819/1819/1819
f 1819/1819/1819 2210/2210/2210 1820/1820/1820
f 2210/2210/2210 2211/2211/2211 1820/1820/1820
f 1820/1820/1820 2211/2211/2211 1821/1821/1821
f 2211/2211/2211 2212/2212/2212 1821/1821/1821
f 1821/1821/1821 2212/2212/2212 1822/1822/1822
f 2212/2212/2212 2213/2213/2213 1822/1822/1822
f 1822/1822/1822 2213/2213/2213 1823/1823/1823
f 2213/2213/2213 2214/2214/2214 1823/1823/1823
f 1823/1823/1823 2214/2214/2214 1824/1824/1824
f 2214/2214/2214 2215/2215/2215 1824/1824/1824
f 1824/1824/1824 2215/2215/2215 1825/1825/1825
f 2215/2215/2215 2216/2216/2216 1825/1825/1825
f 1825/1825/1825 2216/2216/2216 1826/1826/1826
f 2216/2216/2216 2217/2217/2217 1826/1826/1826
f 1826/1826/1826 2217/2217/2217 1827/1827/1827
f 2217/2217/2217 2218/2218/2218 1827/1827/1827
f 1827/1827/1827 2218/2218/2218 1828/1828/1828
f 2218/2218/2218 2219/2219/2219 1828/1828/1828
f 1828/1828/1828 2219/2219/2219 1829/1829/1829
f 2219/2219/2219 2220/2220/2220 1829/1829/1829
f 1829/1829/1829 2220/2220/2220 1830/1830/1830
f 2220/2220/2220 2221/2221/2221 1830/1830/1830
f 1830/1830/1830 2221/2221/2221 1831/1831/1831
f 2221/2221/2221 2222/2222/2222 1831/1831/1831
f 1831/1831/1831 2222/2222/2222 1832/1832/1832
f 2222/2222/2222 2223/2223/2223 1832/1832/1832
f 1832/1832/1832 2223/2223/2223 1833/1833/1833
f 2223/2223/2223 2224/2224/2224 1833/1833/1833
f 1833/1833/1833 2224/2224/2224 1834/1834/1834
f 2224/2224/2224 2225/2225/2225 1834/1834/1834
f 1834/1834/1834 2225/2225/2225 1835/1835/1835
f 2225/2225/2225 2226/2226/2226 1835/1835/1835
f 1835/1835/1835 2226/2226/2226 1836/1836/1836
f 2226/2226/2226 2227/2227/2227 1836/1836/1836
f 1836/1836/1836 2227/2227/2227 1837/1837/1837
f 2227/2227/2227 2228/2228/2228 1837/1837/1837
f 1837/1837/1837 2228/2228/2228 1838/1838/1838
f 2228/2228/2228 2229/2229/2229 1838/1838/1838
f 1838/1838/1838 2229/2229/2229 1839/1839/1839
f 2229/2229/2229 2230/2230/2230 1839/1839/1839
f 1839/1839/1839 2230/2230/2230 1840/1840/1840
f 2230/2230/2230 2231/2231/2231 1840/1840/1840
f 1840/1840/1840 2231/2231/2231 1841/1841/1841
f 2231/2231/2231 2232/2232/2232 1841/1841/1841
f 1841/1841/1841 2232/2232/2232 1842/1842/1842
f 2232/2232/2232 2233/2233/2233 1842/1842/1842
f 1842/1842/1842 2233/2233/2233 1843/1843/1843
f 2233/2233/2233 2234/2234/2234 1843/1843/1843
f 1843/1843/1843 2234/2234/2234 1844/1844/1844
f 2234/2234/2234 2235/2235/2235 1844/1844/1844
f 1844/1844/1844 2235/2235/2235 1845/1845/1845
f 2235/2235/2235 2236/2236/2236 1845/1845/1845
f 1845/1845/1845 2236/2236/2236 1846/1846/1846
f 2236/2236/2236 2237/2237/2237 1846/1846/1846
f 1846/1846/1846 2237/2237/2237 1847/1847/1847
f 2237/2237/2237 2238/2238/2238 1847/1847/1847
f 1847/1847/1847 2238/2238/2238 1848/1848/1848
f 2238/2238/2238 2239/2239/2239 1848/1848/1848
f 1848/1848/1848 2239/2239/2239 1849/1849/1849
f 2239/2239/2239 2240/2240/2240 1849/1849/1849
f 1849/1849/1849 2240/2240/2240 1850/1850/1850
f 2240/2240/2240 2241/2241/2241 1850/1850/1850
f 1850/1850/1850 2241/2241/2241 1851/1851/1851
f 2241/2241/2241 2242/2242/2242 1851/1851/1851
f 1851/1851/1851 2242/2242/2242 1852/1852/1852
f 2242/2242/2242 2243/2243/2243 1852/1852/1852
f 1852/1852/1852 2243/2243/2243 1853/1853/1853
f 2243/2243/2243 2244/2244/2244 1853/1853/1853
f 1853/1853/1853 2244/2244/2244 1854/1854/1854
f 2244/2244/2244 2245/2245/2245 1854/1854/1854
f 1854/1854/1854 2245/2245/2245 1855/1855/1855
f 2245/2245/2245 2246/2246/2246 1855/1855/1855
f 1855/1855/1855 2246/2246/2246 1856/1856/1856
f 2246/2246/2246 2247/2247/2247 1856/1856/1856
f 1856/1856/1856 2247/2247/2247 1857/1857/1857
f 2247/2247/2247 2248/2248/2248 1857/1857/1857
f 1857/1857/1857 2248/2248/2248 1858/1858/1858
f 2248/2248/2248 2249/2249/2249 1858/1858/1858
f 1858/1858/1858 2249/2249/2249 1859/1859/1859
f 2249/2249/2249 2250/2250/2250 1859/1859/1859
f 1859/1859/1859 2250/2250/2250 1860/1860/1860
f 2250/2250/2250 2251/2251/2251 1860/1860/1860
f 1860/1860/1860 2251/2251/2251 1861/1861/1861
f 2251/2251/2251 2252/2252/2252 1861/1861/1861
f 1861/1861/1861 2252/2252/2252 1862/1862/1862
f 2252/2252/2252 2253/2253/2253 1862/1862/1862
f 1862/1862/1862 2253/2253/2253 1863/1863/1863
f 2253/2253/2253 2254/2254/2254 1863/1863/1863
f 1863/1863/1863 2254/2254/2254 1864/1864/1864
f 2254/2254/2254 2255/2255/2255 1864/1864/1864
f 1864/1864/1864 2255/2255/2255 1865/1865/1865
f 2255/2255/2255 2256/2256/2256 1865/1865/1865
f 1865/1865/1865 2256/2256/2256 1866/1866/1866
f 2256/2256/2256 2257/2257/2257 1866/1866/1866
f 1866/1866/1866 2257/2257/2257 1867/1867/1867
f 2257/2257/2257 2258/2258/2258 1867/1867/1867
f 1867/1867/1867 2258/2258/2258 1868/1868/1868
f 2258/2258/2258 2259/2259/2259 1868/1868/1868
f 1868/1868/1868 2259/2259/2259 1869/1869/1869
f 2259/2259/2259 2260/2260/2260 1869/1869/1869
f 1869/1869/1869 2260/2260/2260 1870/1870/1870
f 2260/2260/2260 2261/2261/2261 1870/1870/1870
f 1870/1870/1870 2261/2261/2261 1871/1871/1871
f 2261/2261/2261 2262/2262/2262 1871/1871/1871
f 1871/1871/1871 2262/2262/2262 1872/1872/1872
f 2262/2262/2262 2263/2263/2263 1872/1872/1872
f 1872/1872/1872 2263/2263/2263 1873/1873/1873
f 2263/2263/2263 2264/2264/2264 1873/1873/1873
f 1873/1873/1873 2264/2264/2264 1874/1874/1874
f 2264/2264/2264 2265/2265/2265 1874/1874/1874
f 1874/1874/1874 2265/2265/2265 1875/1875/1875
f 2265/2265/2265 2266/2266/2266 1875/1875/1875
f 1875/1875/1875 2266/2266/2266 1876/1876/1876
f 2266/2266/2266 2267/2267/2267 1876/1876/1876
f 1876/1876/1876 2267/2267/2267 1877/1877/1877
f 2267/2267/2267 2268/2268/2268 1877/1877/1877
f 1877/1877/1877 2268/2268/2268 1878/1878/1878
f 2268/2268/2268 2269/2269/2269 1878/1878/1878
f 1878/1878/1878 2269/2269/2269 1879/1879/1879
f 2269/2269/2269 2270/2270/2270 1879/1879/1879
f 1879/1879/1879 2270/2270/2270 1880/1880/1880
f 2270/2270/2270 2271/2271/2271 1880/1880/1880
f 1880/1880/1880 2271/2271/2271 1881/1881/1881
f 2271/2271/2271 2272/2272/2272 1881/1881/1881
f 1881/1881/1881 2272/2272/2272 1882/1882/1882
f 2272/2272/2272 2273/2273/2273 1882/1882/1882
f 1882/1882/1882 2273/2273/2273 1883/1883/1883
f 2273/2273/2273 2274/2274/2274 1883/1883/1883
f 1883/1883/1883 2274/2274/2274 1884/1884/1884
f 2274/2274/2274 2275/2275/2275 1884/1884/1884
f 1884/1884/1884 2275/2275/2275 1885/1885/1885
f 2275/2275/2275 2276/2276/2276 1885/1885/1885
f 1885/1885/1885 2276/2276/2276 1886/1886/1886
f 2276/2276/2276 2277/2277/2277 1886/1886/1886
f 1886/1886/1886 2277/2277/2277 1887/1887/1887
f 2277/2277/2277 2278/2278/2278 1887/1887/1887
f 1887/1887/1887 2278/2278/2278 1888/1888/1888
f 2278/2278/2278 2279/2279/2279 1888/1888/1888
f 1888/1888/1888 2279/2279/2279 1889/1889/1889
f 2279/2279/2279 2280/2280/2280 1889/1889/1889
f 1889/1889/1889 2280/2280/2280 1890/1890/1890
f 2280/2280/2280 2281/2281/2281 1890/1890/1890
f 1890/1890/1890 2281/2281/2281 1891/1891/1891
f 2281/2281/2281 2282/2282/2282 1891/1891/1891
f 1891/1891/1891 2282/2282/2282 1892/1892/1892
f 2282/2282/2282 2283/2283/2283 1892/1892/1892
f 1892/1892/1892 2283/2283/2283 1893/1893/1893
f 2283/2283/2283 2284/2284/2284 1893/1893/1893
f 1893/1893/1893 2284/2284/2284 1894/1894/1894
f 2284/2284/2284 2285/2285/2285 1894/1894/1894
f 1894/1894/1894 2285/2285/2285 1895/1895/1895
f 2285/2285/2285 2286/2286/2286 1895/1895/1895
f 1895/1895/1895 2286/2286/2286 1896/1896/1896
f 2286/2286/2286 2287/2287/2287 1896/1896/1896
f 1896/1896/1896 2287/2287/2287 1897/1897/1897
f 2287/2287/2287 2288/2288/2288 1897/1897/1897
f 1897/1897/1897 2288/2288/2288 1898/1898/1898
f 2288/2288/2288 2289/2289/2289 1898/1898/1898
f 1898/1898/1898 2289/2289/2289 1899/1899/1899
f 2289/2289/2289 2290/2290/2290 1899/1899/1899
f 1899/1899/1899 2290/2290/2290 1900/1900/1900
f 2290/2290/2290 2291/2291/2291 1900/1900/1900
f 1900/1900/1900 2291/2291/2291 1901/1901/1901
f 2291/2291/2291 2292/2292/2292 1901/1901/1901
f 1901/1901/1901 2292/2292/2292 1902/1902/1902
f 2292/2292/2292 2293/2293/2293 1902/1902/1902
f 1902/1902/1902 2293/2293/2293 1903/1903/1903
f 2293/2293/2293 2294/2294/2294 1903/1903/1903
f 1903/1903/1903 2294/2294/2294 1904/1904/1904
f 2294/2294/2294 2295/2295/2295 1904/1904/1904
f 1904/1904/1904 2295/2295/2295 1905/1905/1905
f 2295/2295/2295 2296/2296/2296 1905/1905/1905
f 1905/1905/1905 2296/2296/2296 1906/1906/1906
f 2296/2296/2296 2297/2297/2297 1906/1906/1906
f 1906/1906/1906 2297/2297/2297 1907/1907/1907
f 2297/2297/2297 2298/2298/2298 1907/1907/1907
f 1907/1907/1907 2298/2298/2298 1908/1908/1908
f 2298/2298/2298 2299/2299/2299 1908/1908/1908
f 1908/1908/1908 2299/2299/2299 1909/1909/1909
f 2299/2299/2299 2300/2300/2300 1909/1909/1909
f 1909/1909/1909 2300/2300/2300 1910/1910/1910
f 2300/2300/2300 2301/2301/2301 1910/1910/1910
f 1910/1910/1910 2301/2301/2301 1911/1911/1911
f 2301/2301/2301 2302/2302/2302 1911/1911/1911
f 1911/1911/1911 2302/2302/2302 1912/1912/1912
f 2302/2302/2302 2303/2303/2303 1912/1912/1912
f 1912/1912/1912 2303/2303/2303 1913/1913/1913
f 2303/2303/2303 2304/2304/2304 1913/1913/1913
f 1913/1913/1913 2304/2304/2304 1914/1914/1914
f 2304/2304/2304 2305/2305/2305 1914/1914/1914
f 1914/1914/1914 2305/2305/2305 1915/1915/1915
f 2305/2305/2305 2306/2306/2306 1915/1915/1915
f 1915/1915/1915 2306/2306/2306 1916/1916/1916
f 2306/2306/2306 2307/2307/2307 1916/1916/1916
f 1916/1916/1916 2307/2307/2307 1917/1917/1917
f 2307/2307/2307 2308/2308/2308 1917/1917/1917
f 1917/1917/1917 2308/2308/2308 1918/1918/1918
f 2308/2308/2308 2309/2309/2309 1918/1918/1918
f 1918/1918/1918 2309/2309/2309 1919/1919/1919
f 2309/2309/2309 2310/2310/2310 1919/1919/1919
f 1919/1919/1919 2310/2310/2310 1920/1920/1920
f 2310/2310/2310 2311/2311/2311 1920/1920/1920
f 1920/1920/1920 2311/2311/2311 1921/1921/1921
f 2311/2311/2311 2312/2312/2312 1921/1921/1921
f 1921/1921/1921 2312/2312/2312 1922/1922/1922
f 2312/2312/2312 2313/2313/2313 1922/1922/1922
f 1922/1922/1922 2313/2313/2313 1923/1923/1923
f 2313/2313/2313 2314/2314/2314 1923/1923/1923
f 1923/1923/1923 2314/2314/2314 1924/1924/1924
f 2314/2314/2314 2315/2315/2315 1924/1924/1924
f 1924/1924/1924 2315/2315/2315 1925/1925/1925
f 2315/2315/2315 2316/2316/2316 1925/1925/1925
f 1925/1925/1925 2316/2316/2316 1926/1926/1926
f 2316/2316/2316 2317/2317/2317 1926/1926/1926
f 1926/1926/1926 2317/2317/2317 1927/1927/1927
f 2317/2317/2317 2318/2318/2318 1927/1927/1927
f 1927/1927/1927 2318/2318/2318 1928/1928/1928
f 2318/2318/2318 2319/2319/2319 1928/1928/1928
f 1928/1928/1928 2319/2319/2319 1929/1929/1929
f 2319/2319/2319 2320/2320/2320 1929/1929/1929
f 1929/1929/1929 2320/2320/2320 1930/1930/1930
f 2320/2320/2320 2321/2321/2321 1930/1930/1930
f 1930/1930/1930 2321/2321/2321 1931/1931/1931
f 2321/2321/2321 2322/2322/2322 1931/1931/1931
f 1931/1931/1931 2322/2322/2322 1932/1932/1932
f 2322/2322/2322 2323/2323/2323 1932/1932/1932
f 1932/1932/1932 2323/2323/2323 1933/1933/1933
f 2323/2323/2323 2324/2324/2324 1933/1933/1933
f 1933/1933/1933 2324/2324/2324 1934/1934/1934
f 2324/2324/2324 2325/2325/2325 1934/1934/1934
f 1934/1934/1934 2325/2325/2325 1935/1935/1935
f 2325/2325/2325 2326/2326/2326 1935/1935/1935
f 1935/1935/1935 2326/2326/2326 1936/1936/1936
f 2326/2326/2326 2327/2327/2327 1936/1936/1936
f 1936/1936/1936 2327/2327/2327 1937/1937/1937
f 2327/2327/2327 2328/2328/2328 1937/1937/1937
f 1937/1937/1937 2328/2328/2328 1938/1938/1938
f 2328/2328/2328 2329/2329/2329 1938/1938/1938
f 1938/1938/1938 2329/2329/2329 1939/1939/1939
f 2329/2329/2329 2330/2330/2330 1939/1939/1939
f 1939/1939/1939 2330/2330/2330 1940/1940/1940
f 2330/2330/2330 2331/2331/2331 1940/1940/1940
f 1940/1940/1940 2331/2331/2331 1941/1941/1941
f 2331/2331/2331 2332/2332/2332 1941/1941/1941
f 1941/1941/1941 2332/2332/2332 1942/1942/1942
f 2332/2332/2332 2333/2333/2333 1942/1942/1942
f 1942/1942/1942 2333/2333/2333 1943/1943/1943
f 2333/2333/2333 2334/2334/2334 1943/1943/1943
f 1943/1943/1943 2334/2334/2334 1944/1944/1944
f 2334/2334/2334 2335/2335/2335 1944/1944/1944
f 1944/1944/1944 2335/2335/2335 1945/1945/1945
f 2335/2335/2335 2336/2336/2336 1945/1945/1945
f 1945/1945/1945 2336/2336/2336 1946/1946/1946
f 2336/2336/2336 2337/2337/2337 1946/1946/1946
f 1946/1946/1946 2337/2337/2337 1947/1947/1947
f 2337/2337/2337 2338/2338/2338 1947/1947/1947
f 1947/1947/1947 2338/2338/2338 1948/1948/1948
f 2338/2338/2338 2339/2339/2339 1948/1948/1948
f 1948/1948/1948 2339/2339/2339 1949/1949/1949
f 2339/2339/2339 2340/2340/2340 1949/1949/1949
f 1949/1949/1949 2340/2340/2340 1950/1950/1950
f 2340/2340/2340 1951/1951/1951 1950/1950/1950
f 1950/1950/1950 1951/1951/1951 1561/1561/1561
f 2731/2731/2731 2732/2732/2732 2341/2341/2341
f 2341/2341/2341 2732/2732/2732 2342/2342/2342
f 2732/2732/2732 2733/2733/2733 2342/2342/2342
f 2342/2342/2342 2733/2733/2733 2343/2343/2343
f 2733/2733/2733 2734/2734/2734 2343/2343/2343
f 2343/2343/2343 2734/2734/2734 2344/2344/2344
f 2734/2734/2734 2735/2735/2735 2344/2344/2344
f 2344/2344/2344 2735/2735/2735 2345/2345/2345
f 2735/2735/2735 2736/2736/2736 2345/2345/2345
f 2345/2345/2345 2736/2736/2736 2346/2346/2346
f 2736/2736/2736 2737/2737/2737 2346/2346/2346
f 2346/2346/2346 2737/2737/2737 2347/2347/2347
f 2737/2737/2737 2738/2738/2738 2347/2347/2347
f 2347/2347/2347 2738/2738/2738 2348/2348/2348
f 2738/2738/2738 2739/2739/2739 2348/2348/2348
f 2348/2348/2348 2739/2739/2739 2349/2349/2349
f 2739/2739/2739 2740/2740/2740 2349/2349/2349
f 2349/2349/2349 2740/2740/2740 2350/2350/2350
f 2740/2740/2740 2741/2741/2741 2350/2350/2350
f 2350/2350/2350 2741/2741/2741 2351/2351/2351
f 2741/2741/2741 2742/2742/2742 2351/2351/2351
f 2351/2351/2351 2742/2742/2742 2352/2352/2352
f 2742/2742/2742 2743/2743/2743 2352/2352/2352
f 2352/2352/2352 2743/2743/2743 2353/2353/2353
f 2743/2743/2743 2744/2744/2744 2353/2353/2353
f 2353/2353/2353 2744/2744/2744 2354/2354/2354
f 2744/2744/2744 2745/2745/2745 2354/2354/2354
f 2354/2354/2354 2745/2745/2745 2355/2355/2355
f 2745/2745/2745 2746/2746/2746 2355/2355/2355
f 2355/2355/2355 2746/2746/2746 2356/2356/2356
f 2746/2746/2746 2747/2747/2747 2356/2356/2356
f 2356/2356/2356 2747/2747/2747 2357/2357/2357
f 2747/2747/2747 2748/2748/2748 2357/2357/2357
f 2357/2357/2357 2748/2748/2748 2358/2358/2358
f 2748/2748/2748 2749/2749/2749 2358/2358/2358
f 2358/2358/2358 2749/2749/2749 2359/2359/2359
f 2749/2749/2749 2750/2750/2750 2359/2359/2359
f 2359/2359/2359 2750/2750/2750 2360/2360/2360
f 2750/2750/2750 2751/2751/2751 2360/2360/2360
f 2360/2360/2360 2751/2751/2751 2361/2361/2361
f 2751/2751/2751 2752/2752/2752 2361/2361/2361
f 2361/2361/2361 2752/2752/2752 2362/2362/2362
f 2752/2752/2752 2753/2753/2753 2362/2362/2362
f 2362/2362/2362 2753/2753/2753 2363/2363/2363
f 2753/2753/2753 2754/2754/2754 2363/2363/2363
f 2363/2363/2363 2754/2754/2754 2364/2364/2364
f 2754/2754/2754 2755/2755/2755 2364/2364/2364
f 2364/2364/2364 2755/2755/2755 2365/2365/2365
f 2755/2755/2755 2756/2756/2756 2365/2365/2365
f 2365/2365/2365 2756/2756/2756 2366/2366/2366
f 2756/2756/2756 2757/2757/2757 2366/2366/2366
f 2366/2366/2366 2757/2757/2757 2367/2367/2367
f 2757/2757/2757 2758/2758/2758 2367/2367/2367
f 2367/2367/2367 2758/2758/2758 2368/2368/2368
f 2758/2758/2758 2759/2759/2759 2368/2368/2368
f 2368/2368/2368 2759/2759/2759 2369/2369/2369
f 2759/2759/2759 2760/2760/2760 2369/2369/2369
f 2369/2369/2369 2760/2760/2760 2370/2370/2370
f 2760/2760/2760 2761/2761/2761 2370/2370/2370
f 2370/2370/2370 2761/2761/2761 2371/2371/2371
f 2761/2761/2761 2762/2762/2762 2371/2371/2371
f 2371/2371/2371 2762/2762/2762 2372/2372/2372
f 2762/2762/2762 2763/2763/2763 2372/2372/2372
f 2372/2372/2372 2763/2763/2763 2373/2373/2373
f 2763/2763/2763 2764/2764/2764 2373/2373/2373
f 2373/2373/2373 2764/2764/2764 2374/2374/2374
f 2764/2764/2764 2765/2765/2765 2374/2374/2374
f 2374/2374/2374 2765/2765/2765 2375/2375/2375
f 2765/2765/2765 2766/2766/2766 2375/2375/2375
f 2375/2375/2375 2766/2766/2766 2376/2376/2376
f 2766/2766/2766 2767/2767/2767 2376/2376/2376
f 2376/2376/2376 2767/2767/2767 2377/2377/2377
f 2767/2767/2767 2768/2768/2768 2377/2377/2377
f 2377/2377/2377 2768/2768/2768 2378/2378/2378
f 2768/2768/2768 2769/2769/2769 2378/2378/2378
f 2378/2378/2378 2769/2769/2769 2379/2379/2379
f 2769/2769/2769 2770/2770/2770 2379/2379/2379
f 2379/2379/2379 2770/2770/2770 2380/2380/2380
f 2770/2770/2770 2771/2771/2771 2380/2380/2380
f 2380/2380/2380 2771/2771/2771 2381/2381/2381
f 2771/2771/2771 2772/2772/2772 2381/2381/2381
f 2381/2381/2381 2772/2772/2772 2382/2382/2382
f 2772/2772/2772 2773/2773/2773 2382/2382/2382
f 2382/2382/2382 2773/2773/2773 2383/2383/2383
f 2773/2773/2773 2774/2774/2774 2383/2383/2383
f 2383/2383/2383 2774/2774/2774 2384/2384/2384
f 2774/2774/2774 2775/2775/2775 2384/2384/2384
f 2384/2384/2384 2775/2775/2775 2385/2385/2385
f 2775/2775/2775 2776/2776/2776 2385/2385/2385
f 2385/2385/2385 2776/2776/2776 2386/2386/2386
f 2776/2776/2776 2777/2777/2777 2386/2386/2386
f 2386/2386/2386 2777/2777/2777 2387/2387/2387
f 2777/2777/2777 2778/2778/2778 2387/2387/2387
f 2387/2387/2387 2778/2778/2778 2388/2388/2388
f 2778/2778/2778 2779/2779/2779 2388/2388/2388
f 2388/2388/2388 2779/2779/2779 2389/2389/2389
f 2779/2779/2779 2780/2780/2780 2389/2389/2389
f 2389/2389/2389 2780/2780/2780 2390/2390/2390
f 2780/2780/2780 2781/2781/2781 2390/2390/2390
f 2390/2390/2390 2781/2781/2781 2391/2391/2391
f 2781/2781/2781 2782/2782/2782 2391/2391/2391
f 2391/2391/2391 2782/2782/2782 2392/2392/2392
f 2782/2782/2782 2783/2783/2783 2392/2392/2392
f 2392/2392/2392 2783/2783/2783 2393/2393/2393
f 2783/2783/2783 2784/2784/2784 2393/2393/2393
f 2393/2393/2393 2784/2784/2784 2394/2394/2394
f 2784/2784/2784 2785/2785/2785 2394/2394/2394
f 2394/2394/2394 2785/2785/2785 2395/2395/2395
f 2785/2785/2785 2786/2786/2786 2395/2395/2395
f 2395/2395/2395 2786/2786/2786 2396/2396/2396
f 2786/2786/2786 2787/2787/2787 2396/2396/2396
f 2396/2396/2396 2787/2787/2787 2397/2397/2397
f 2787/2787/2787 2788/2788/2788 2397/2397/2397
f 2397/2397/2397 2788/2788/2788 2398/2398/2398
f 2788/2788/2788 2789/2789/2789 2398/2398/2398
f 2398/2398/2398 2789/2789/2789 2399/2399/2399
f 2789/2789/2789 2790/2790/2790 2399/2399/2399
f 2399/2399/2399 2790/2790/2790 2400/2400/2400
f 2790/2790/2790 2791/2791/2791 2400/2400/2400
f 2400/2400/2400 2791/2791/2791 2401/2401/2401
f 2791/2791/2791 2792/2792/2792 2401/2401/2401
f 2401/2401/2401 2792/2792/2792 2402/2402/2402
f 2792/2792/2792 2793/2793/2793 2402/2402/2402
f 2402/2402/2402 2793/2793/2793 2403/2403/2403
f 2793/2793/2793 2794/2794/2794 2403/2403/2403
f 2403/2403/2403 2794/2794/2794 2404/2404/2404
f 2794/2794/2794 2795/2795/2795 2404/2404/2404
f 2404/2404/2404 2795/2795/2795 2405/2405/2405
f 2795/2795/2795 2796/2796/2796 2405/2405/2405
f 2405/2405/2405 2796/2796/2796 2406/2406/2406
f 2796/2796/2796 2797/2797/2797 2406/2406/2406
f 2406/2406/2406 2797/2797/2797 2407/2407/2407
f 2797/2797/2797 2798/2798/2798 2407/2407/2407
f 2407/2407/2407 2798/2798/2798 2408/2408/2408
f 2798/2798/2798 2799/2799/2799 2408/2408/2408
f 2408/2408/2408 2799/2799/2799 2409/2409/2409
f 2799/2799/2799 2800/2800/2800 2409/2409/2409
f 2409/2409/2409 2800/2800/2800 2410/2410/2410
f 2800/2800/2800 2801/2801/2801 2410/2410/2410
f 2410/2410/2410 2801/2801/2801 2411/2411/2411
f 2801/2801/2801 2802/2802/2802 2411/2411/2411
f 2411/2411/2411 2802/2802/2802 2412/2412/2412
f 2802/2802/2802 2803/2803/2803 2412/2412/2412
f 2412/2412/2412 2803/2803/2803 2413/2413/2413
f 2803/2803/2803 2804/2804/2804 2413/2413/2413
f 2413/2413/2413 2804/2804/2804 2414/2414/2414
f 2804/2804/2804 2805/2805/2805 2414/2414/2414
f 2414/2414/2414 2805/2805/2805 2415/2415/2415
f 2805/2805/2805 2806/2806/2806 2415/2415/2415
f 2415/2415/2415 2806/2806/2806 2416/2416/2416
f 2806/2806/2806 2807/2807/2807 2416/2416/2416
f 2416/2416/2416 2807/2807/2807 2417/2417/2417
f 2807/2807/2807 2808/2808/2808 2417/2417/2417
f 2417/2417/2417 2808/2808/2808 2418/2418/2418
f 2808/2808/2808 2809/2809/2809 2418/2418/2418
f 2418/2418/2418 2809/2809/2809 2419/2419/2419
f 2809/2809/2809 2810/2810/2810 2419/2419/2419
f 2419/2419/2419 2810/2810/2810 2420/2420/2420
f 2810/2810/2810 2811/2811/2811 2420/2420/2420
f 2420/2420/2420 2811/2811/2811 2421/2421/2421
f 2811/2811/2811 2812/2812/2812 2421/2421/2421
f 2421/2421/2421 2812/2812/2812 2422/2422/2422
f 2812/2812/2812 2813/2813/2813 2422/2422/2422
f 2422/2422/2422 2813/2813/2813 2423/2423/2423
f 2813/2813/2813 2814/2814/2814 2423/2423/2423
f 2423/2423/2423 2814/2814/2814 2424/2424/2424
f 2814/2814/2814 2815/2815/2815 2424/2424/2424
f 2424/2424/2424 2815/2815/2815 2425/2425/2425
f 2815/2815/2815 2816/2816/2816 2425/2425/2425
f 2425/2425/2425 2816/2816/2816 2426/2426/2426
f 2816/2816/2816 2817/2817/2817 2426/2426/2426
f 2426/2426/2426 2817/2817/2817 2427/2427/2427
f 2817/2817/2817 2818/2818/2818 2427/2427/2427
f 2427/2427/2427 2818/2818/2818 2428/2428/2428
f 2818/2818/2818 2819/2819/2819 2428/2428/2428
f 2428/2428/2428 2819/2819/2819 2429/2429/2429
f 2819/2819/2819 2820/2820/2820 2429/2429/2429
f 2429/2429/2429 2820/2820/2820 2430/2430/2430
f 2820/2820/2820 2821/2821/2821 2430/2430/2430
f 2430/2430/2430 2821/2821/2821 2431/2431/2431
f 2821/2821/2821 2822/2822/2822 2431/2431/2431
f 2431/2431/2431 2822/2822/2822 2432/2432/2432
f 2822/2822/2822 2823/2823/2823 2432/2432/2432
f 2432/2432/2432 2823/2823/2823 2433/2433/2433
f 2823/2823/2823 2824/2824/2824 2433/2433/2433
f 2433/2433/2433 2824/2824/2824 2434/2434/2434
f 2824/2824/2824 2825/2825/2825 2434/2434/2434
f 2434/2434/2434 2825/2825/2825 2435/2435/2435
f 2825/2825/2825 2826/2826/2826 2435/2435/2435
f 2435/2435/2435 2826/2826/2826 2436/2436/2436
f 2826/2826/2826 2827/2827/2827 2436/2436/2436
f 2436/2436/2436 2827/2827/2827 2437/2437/2437
f 2827/2827/2827 2828/2828/2828 2437/2437/2437
f 2437/2437/2437 2828/2828/2828 2438/2438/2438
f 2828/2828/2828 2829/2829/2829 2438/2438/2438
f 2438/2438/2438 2829/2829/2829 2439/2439/2439
f 2829/2829/2829 2830/2830/2830 2439/2439/2439
f 2439/2439/2439 2830/2830/2830 2440/2440/2440
f 2830/2830/2830 2831/2831/2831 2440/2440/2440
f 2440/2440/2440 2831/2831/2831 2441/2441/2441
f 2831/2831/2831 2832/2832/2832 2441/2441/2441
f 2441/2441/2441 2832/2832/2832 2442/2442/2442
f 2832/2832/2832 2833/2833/2833 2442/2442/2442
f 2442/2442/2442 2833/2833/2833 2443/2443/2443
f 2833/2833/2833 2834/2834/2834 2443/2443/2443
f 2443/2443/2443 2834/2834/2834 2444/2444/2444
f 2834/2834/2834 2835/2835/2835 2444/2444/2444
f 2444/2444/2444 2835/2835/2835 2445/2445/2445
f 2835/2835/2835 2836/2836/2836 2445/2445/2445
f 2445/2445/2445 2836/2836/2836 2446/2446/2446
f 2836/2836/2836 2837/2837/2837 2446/2446/2446
f 2446/2446/2446 2837/2837/2837 2447/2447/2447
f 2837/2837/2837 2838/2838/2838 2447/2447/2447
f 2447/2447/2447 2838/2838/2838 2448/2448/2448
f 2838/2838/2838 2839/2839/2839 2448/2448/2448
f 2448/2448/2448 2839/2839/2839 2449/2449/2449
f 2839/2839/2839 2840/2840/2840 2449/2449/2449
f 2449/2449/2449 2840/2840/2840 2450/2450/2450
f 2840/2840/2840 2841/2841/2841 2450/2450/2450
f 2450/2450/2450 2841/2841/2841 2451/2451/2451
f 2841/2841/2841 2842/2842/2842 2451/2451/2451
f 2451/2451/2451 2842/2842/2842 2452/2452/2452
f 2842/2842/2842 2843/2843/2843 2452/2452/2452
f 2452/2452/2452 2843/2843/2843 2453/2453/2453
f 2843/2843/2843 2844/2844/2844 2453/2453/2453
f 2453/2453/2453 2844/2844/2844 2454/2454/2454
f 2844/2844/2844 2845/2845/2845 2454/2454/2454
f 2454/2454/2454 2845/2845/2845 2455/2455/2455
f 2845/2845/2845 2846/2846/2846 2455/2455/2455
f 2455/2455/2455 2846/2846/2846 2456/2456/2456
f 2846/2846/2846 2847/2847/2847 2456/2456/2456
f 2456/2456/2456 2847/2847/2847 2457/2457/2457
f 2847/2847/2847 2848/2848/2848 2457/2457/2457
f 2457/2457/2457 2848/2848/2848 2458/2458/2458
f 2848/2848/2848 2849/2849/2849 2458/2458/2458
f 2458/2458/2458 2849/2849/2849 2459/2459/2459
f 2849/2849/2849 2850/2850/2850 2459/2459/2459
f 2459/2459/2459 2850/2850/2850 2460/2460/2460
f 2850/2850/2850 2851/2851/2851 2460/2460/2460
f 2460/2460/2460 2851/2851/2851 2461/2461/2461
f 2851/2851/2851 2852/2852/2852 2461/2461/2461
f 2461/2461/2461 2852/2852/2852 2462/2462/2462
f 2852/2852/2852 2853/2853/2853 2462/2462/2462
f 2462/2462/2462 2853/2853/2853 2463/2463/2463
f 2853/2853/2853 2854/2854/2854 2463/2463/2463
f 2463/2463/2463 2854/2854/2854 2464/2464/2464
f 2854/2854/2854 2855/2855/2855 2464/2464/2464
f 2464/2464/2464 2855/2855/2855 2465/2465/2465
f 2855/2855/2855 2856/2856/2856 2465/2465/2465
f 2465/2465/2465 2856/2856/2856 2466/2466/2466
f 2856/2856/2856 2857/2857/2857 2466/2466/2466
f 2466/2466/2466 2857/2857/2857 2467/2467/2467
f 2857/2857/2857 2858/2858/2858 2467/2467/2467
f 2467/2467/2467 2858/2858/2858 2468/2468/2468
f 2858/2858/2858 2859/2859/2859 2468/2468/2468
f 2468/2468/2468 2859/2859/2859 2469/2469/2469
f 2859/2859/2859 2860/2860/2860 2469/2469/2469
f 2469/2469/2469 2860/2860/2860 2470/2470/2470
f 2860/2860/2860 2861/2861/2861 2470/2470/2470
f 2470/2470/2470 2861/2861/2861 2471/2471/2471
f 2861/2861/2861 2862/2862/2862 2471/2471/2471
f 2471/2471/2471 2862/2862/2862 2472/2472/2472
f 2862/2862/2862 2863/2863/2863 2472/2472/2472
f 2472/2472/2472 2863/2863/2863 2473/2473/2473
f 2863/2863/2863 2864/2864/2864 2473/2473/2473
f 2473/2473/2473 2864/2864/2864 2474/2474/2474
f 2864/2864/2864 2865/2865/2865 2474/2474/2474
f 2474/2474/2474 2865/2865/2865 2475/2475/2475
f 2865/2865/2865 2866/2866/2866 2475/2475/2475
f 2475/2475/2475 2866/2866/2866 2476/2476/2476
f 2866/2866/2866 2867/2867/2867 2476/2476/2476
f 2476/2476/2476 2867/2867/2867 2477/2477/2477
f 2867/2867/2867 2868/2868/2868 2477/2477/2477
f 2477/2477/2477 2868/2868/2868 2478/2478/2478
f 2868/2868/2868 2869/2869/2869 2478/2478/2478
f 2478/2478/2478 2869/2869/2869 2479/2479/2479
f 2869/2869/2869 2870/2870/2870 2479/2479/2479
f 2479/2479/2479 2870/2870/2870 2480/2480/2480
f 2870/2870/2870 2871/2871/2871 2480/2480/2480
f 2480/2480/2480 2871/2871/2871 2481/2481/2481
f 2871/2871/2871 2872/2872/2872 2481/2481/2481
f 2481/2481/2481 2872/2872/2872 2482/2482/2482
f 2872/2872/2872 2873/2873/2873 2482/2482/2482
f 2482/2482/2482 2873/2873/2873 2483/2483/2483
f 2873/2873/2873 2874/2874/2874 2483/2483/2483
f 2483/2483/2483 2874/2874/2874 2484/2484/2484
f 2874/2874/2874 2875/2875/2875 2484/2484/2484
f 2484/2484/2484 2875/2875/2875 2485/2485/2485
f 2875/2875/2875 2876/2876/2876 2485/2485/2485
f 2485/2485/2485 2876/2876/2876 2486/2486/2486
f 2876/2876/2876 2877/2877/2877 2486/2486/2486
f 2486/2486/2486 2877/2877/2877 2487/2487/2487
f 2877/2877/2877 2878/2878/2878 2487/2487/2487
f 2487/2487/2487 2878/2878/2878 2488/2488/2488
f 2878/2878/2878 2879/2879/2879 2488/2488/2488
f 2488/2488/2488 2879/2879/2879 2489/2489/2489
f 2879/2879/2879 2880/2880/2880 2489/2489/2489
f 2489/2489/2489 2880/2880/2880 2490/2490/2490
f 2880/2880/2880 2881/2881/2881 2490/2490/2490
f 2490/2490/2490 2881/2881/2881 2491/2491/2491
f 2881/2881/2881 2882/2882/2882 2491/2491/2491
f 2491/2491/2491 2882/2882/2882 2492/2492/2492
f 2882/2882/2882 2883/2883/2883 2492/2492/2492
f 2492/2492/2492 2883/2883/2883 2493/2493/2493
f 2883/2883/2883 2884/2884/2884 2493/2493/2493
f 2493/2493/2493 2884/2884/2884 2494/2494/2494
f 2884/2884/2884 2885/2885/2885 2494/2494/2494
f 2494/2494/2494 2885/2885/2885 2495/2495/2495
f 2885/2885/2885 2886/2886/2886 2495/2495/2495
f 2495/2495/2495 2886/2886/2886 2496/2496/2496
f 2886/2886/2886 2887/2887/2887 2496/2496/2496
f 2496/2496/2496 2887/2887/2887 2497/2497/2497
f 2887/2887/2887 2888/2888/2888 2497/2497/2497
f 2497/2497/2497 2888/2888/2888 2498/2498/2498
f 2888/2888/2888 2889/2889/2889 2498/2498/2498
f 2498/2498/2498 2889/2889/2889 2499/2499/2499
f 2889/2889/2889 2890/2890/2890 2499/2499/2499
f 2499/2499/2499 2890/2890/2890 2500/2500/2500
f 2890/2890/2890 2891/2891/2891 2500/2500/2500
f 2500/2500/2500 2891/2891/2891 2501/2501/2501
f 2891/2891/2891 2892/2892/2892 2501/2501/2501
f 2501/2501/2501 2892/2892/2892 2502/2502/2502
f 2892/2892/2892 2893/2893/2893 2502/2502/2502
f 2502/2502/2502 2893/2893/2893 2503/2503/2503
f 2893/2893/2893 2894/2894/2894 2503/2503/2503
f 2503/2503/2503 2894/2894/2894 2504/2504/2504
f 2894/2894/2894 2895/2895/2895 2504/2504/2504
f 2504/2504/2504 2895/2895/2895 2505/2505/2505
f 2895/2895/2895 2896/2896/2896 2505/2505/2505
f 2505/2505/2505 2896/2896/2896 2506/2506/2506
f 2896/2896/2896 2897/2897/2897 2506/2506/2506
f 2506/2506/2506 2897/2897/2897 2507/2507/2507
f 2897/2897/2897 2898/2898/2898 2507/2507/2507
f 2507/2507/2507 2898/2898/2898 2508/2508/2508
f 2898/2898/2898 2899/2899/2899 2508/2508/2508
f 2508/2508/2508 2899/2899/2899 2509/2509/2509
f 2899/2899/2899 2900/2900/2900 2509/2509/2509
f 2509/2509/2509 2900/2900/2900 2510/2510/2510
f 2900/2900/2900 2901/2901/2901 2510/2510/2510
f 2510/2510/2510 2901/2901/2901 2511/2511/2511
f 2901/2901/2901 2902/2902/2902 2511/2511/2511
f 2511/2511/2511 2902/2902/2902 2512/2512/2512
f 2902/2902/2902 2903/2903/2903 2512/2512/2512
f 2512/2512/2512 2903/2903/2903 2513/2513/2513
f 2903/2903/2903 2904/2904/2904 2513/2513/2513
f 2513/2513/2513 2904/2904/2904 2514/2514/2514
f 2904/2904/2904 2905/2905/2905 2514/2514/2514
f 2514/2514/2514 2905/2905/2905 2515/2515/2515
f 2905/2905/2905 2906/2906/2906 2515/2515/2515
f 2515/2515/2515 2906/2906/2906 2516/2516/2516
f 2906/2906/2906 2907/2907/2907 2516/2516/2516
f 2516/2516/2516 2907/2907/2907 2517/2517/2517
f 2907/2907/2907 2908/2908/2908 2517/2517/2517
f 2517/2517/2517 2908/2908/2908 2518/2518/2518
f 2908/2908/2908 2909/2909/2909 2518/2518/2518
f 2518/2518/2518 2909/2909/2909 2519/2519/2519
f 2909/2909/2909 2910/2910/2910 2519/2519/2519
f 2519/2519/2519 2910/2910/2910 2520/2520/2520
f 2910/2910/2910 2911/2911/2911 2520/2520/2520
f 2520/2520/2520 2911/2911/2911 2521/2521/2521
f 2911/2911/2911 2912/2912/2912 2521/2521/2521
f 2521/2521/2521 2912/2912/2912 2522/2522/2522
f 2912/2912/2912 2913/2913/2913 2522/2522/2522
f 2522/2522/2522 2913/2913/2913 2523/2523/2523
f 2913/2913/2913 2914/2914/2914 2523/2523/2523
f 2523/2523/2523 2914/2914/2914 2524/2524/2524
f 2914/2914/2914 2915/2915/2915 2524/2524/2524
f 2524/2524/2524 2915/2915/2915 2525/2525/2525
f 2915/2915/2915 2916/2916/2916 2525/2525/2525
f 2525/2525/2525 2916/2916/2916 2526/2526/2526
f 2916/2916/2916 2917/2917/2917 2526/2526/2526
f 2526/2526/2526 2917/2917/2917 2527/2527/2527
f 2917/2917/2917 2918/2918/2918 2527/2527/2527
f 2527/2527/2527 2918/2918/2918 2528/2528/2528
f 2918/2918/2918 2919/2919/2919 2528/2528/2528
f 2528/2528/2528 2919/2919/2919 2529/2529/2529
f 2919/2919/2919 2920/2920/2920 2529/2529/2529
f 2529/2529/2529 2920/2920/2920 2530/2530/2530
f 2920/2920/2920 2921/2921/2921 2530/2530/2530
f 2530/2530/2530 2921/2921/2921 2531/2531/2531
f 2921/2921/2921 2922/2922/2922 2531/2531/2531
f 2531/2531/2531 2922/2922/2922 2532/2532/2532
f 2922/2922/2922 2923/2923/2923 2532/2532/2532
f 2532/2532/2532 2923/2923/2923 2533/2533/2533
f 2923/2923/2923 2924/2924/2924 2533/2533/2533
f 2533/2533/2533 2924/2924/2924 2534/2534/2534
f 2924/2924/2924 2925/2925/2925 2534/2534/2534
f 2534/2534/2534 2925/2925/2925 2535/2535/2535
f 2925/2925/2925 2926/2926/2926 2535/2535/2535
f 2535/2535/2535 2926/2926/2926 2536/2536/2536
f 2926/2926/2926 2927/2927/2927 2536/2536/2536
f 2536/2536/2536 2927/2927/2927 2537/2537/2537
f 2927/2927/2927 2928/2928/2928 2537/2537/2537
f 2537/2537/2537 2928/2928/2928 2538/2538/2538
f 2928/2928/2928 2929/2929/2929 2538/2538/2538
f 2538/2538/2538 2929/2929/2929 2539/2539/2539
f 2929/2929/2929 2930/2930/2930 2539/2539/2539
f 2539/2539/2539 2930/2930/2930 2540/2540/2540
f 2930/2930/2930 2931/2931/2931 2540/2540/2540
f 2540/2540/2540 2931/2931/2931 2541/2541/2541
f 2931/2931/2931 2932/2932/2932 2541/2541/2541
f 2541/2541/2541 2932/2932/2932 2542/2542/2542
f 2932/2932/2932 2933/2933/2933 2542/2542/2542
f 2542/2542/2542 2933/2933/2933 2543/2543/2543
f 2933/2933/2933 2934/2934/2934 2543/2543/2543
f 2543/2543/2543 2934/2934/2934 2544/2544/2544
f 2934/2934/2934 2935/2935/2935 2544/2544/2544
f 2544/2544/2544 2935/2935/2935 2545/2545/2545
f 2935/2935/2935 2936/2936/2936 2545/2545/2545
f 2545/2545/2545 2936/2936/2936 2546/2546/2546
f 2936/2936/2936 2937/2937/2937 2546/2546/2546
f 2546/2546/2546 2937/2937/2937 2547/2547/2547
f 2937/2937/2937 2938/2938/2938 2547/2547/2547
f 2547/2547/2547 2938/2938/2938 2548/2548/2548
f 2938/2938/2938 2939/2939/2939 2548/2548/2548
f 2548/2548/2548 2939/2939/2939 2549/2549/2549
f 2939/2939/2939 2940/2940/2940 2549/2549/2549
f 2549/2549/2549 2940/2940/2940 2550/2550/2550
f 2940/2940/2940 2941/2941/2941 2550/2550/2550
f 2550/2550/2550 2941/2941/2941 2551/2551/2551
f 2941/2941/2941 2942/2942/2942 2551/2551/2551
f 2551/2551/2551 2942/2942/2942 2552/2552/2552
f 2942/2942/2942 2943/2943/2943 2552/2552/2552
f 2552/2552/2552 2943/2943/2943 2553/2553/2553
f 2943/2943/2943 2944/2944/2944 2553/2553/2553
f 2553/2553/2553 2944/2944/2944 2554/2554/2554
f 2944/2944/2944 2945/2945/2945 2554/2554/2554
f 2554/2554/2554 2945/2945/2945 2555/2555/2555
f 2945/2945/2945 2946/2946/2946 2555/2555/2555
f 2555/2555/2555 2946/2946/2946 2556/2556/2556
f 2946/2946/2946 2947/2947/2947 2556/2556/2556
f 2556/2556/2556 2947/2947/2947 2557/2557/2557
f 2947/2947/2947 2948/2948/2948 2557/2557/2557
f 2557/2557/2557 2948/2948/2948 2558/2558/2558
f 2948/2948/2948 2949/2949/2949 2558/2558/2558
f 2558/2558/2558 2949/2949/2949 2559/2559/2559
f 2949/2949/2949 2950/2950/2950 2559/2559/2559
f 2559/2559/2559 2950/2950/2950 2560/2560/2560
f 2950/2950/2950 2951/2951/2951 2560/2560/2560
f 2560/2560/2560 2951/2951/2951 2561/2561/2561
f 2951/2951/2951 2952/2952/2952 2561/2561/2561
f 2561/2561/2561 2952/2952/2952 2562/2562/2562
f 2952/2952/2952 2953/2953/2953 2562/2562/2562
f 2562/2562/2562 2953/2953/2953 2563/2563/2563
f 2953/2953/2953 2954/2954/2954 2563/2563/2563
f 2563/2563/2563 2954/2954/2954 2564/2564/2564
f 2954/2954/2954 2955/2955/2955 2564/2564/2564
f 2564/2564/2564 2955/2955/2955 2565/2565/2565
f 2955/2955/2955 2956/2956/2956 2565/2565/2565
f 2565/2565/2565 2956/2956/2956 2566/2566/2566
f 2956/2956/2956 2957/2957/2957 2566/2566/2566
f 2566/2566/2566 2957/2957/2957 2567/2567/2567
f 2957/2957/2957 2958/2958/2958 2567/2567/2567
f 2567/2567/2567 2958/2958/2958 2568/2568/2568
f 2958/2958/2958 2959/2959/2959 2568/2568/2568
f 2568/2568/2568 2959/2959/2959 2569/2569/2569
f 2959/2959/2959 2960/2960/2960 2569/2569/2569
f 2569/2569/2569 2960/2960/2960 2570/2570/2570
f 2960/2960/2960 2961/2961/2961 2570/2570/2570
f 2570/2570/2570 2961/2961/2961 2571/2571/2571
f 2961/2961/2961 2962/2962/2962 2571/2571/2571
f 2571/2571/2571 2962/2962/2962 2572/2572/2572
f 2962/2962/2962 2963/2963/2963 2572/2572/2572
f 2572/2572/2572 2963/2963/2963 2573/2573/2573
f 2963/2963/2963 2964/2964/2964 2573/2573/2573
f 2573/2573/2573 2964/2964/2964 2574/2574/2574
f 2964/2964/2964 2965/2965/2965 2574/2574/2574
f 2574/2574/2574 2965/2965/2965 2575/2575/2575
f 2965/2965/2965 2966/2966/2966 2575/2575/2575
f 2575/2575/2575 2966/2966/2966 2576/2576/2576
f 2966/2966/2966 2967/2967/2967 2576/2576/2576
f 2576/2576/2576 2967/2967/2967 2577/2577/2577
f 2967/2967/2967 2968/2968/2968 2577/2577/2577
f 2577/2577/2577 2968/2968/2968 2578/2578/2578
f 2968/2968/2968 2969/2969/2969 2578/2578/2578
f 2578/2578/2578 2969/2969/2969 2579/2579/2579
f 2969/2969/2969 2970/2970/2970 2579/2579/2579
f 2579/2579/2579 2970/2970/2970 2580/2580/2580
f 2970/2970/2970 2971/2971/2971 2580/2580/2580
f 2580/2580/2580 2971/2971/2971 2581/2581/2581
f 2971/2971/2971 2972/2972/2972 2581/2581/2581
f 2581/2581/2581 2972/2972/2972 2582/2582/2582
f 2972/2972/2972 2973/2973/2973 2582/2582/2582
f 2582/2582/2582 2973/2973/2973 2583/2583/2583
f 2973/2973/2973 2974/2974/2974 2583/2583/2583
f 2583/2583/2583 2974/2974/2974 2584/2584/2584
f 2974/2974/2974 2975/2975/2975 2584/2584/2584
f 2584/2584/2584 2975/2975/2975 2585/2585/2585
f 2975/2975/2975 2976/2976/2976 2585/2585/2585
f 2585/2585/2585 2976/2976/2976 2586/2586/2586
f 2976/2976/2976 2977/2977/2977 2586/2586/2586
f 2586/2586/2586 2977/2977/2977 2587/2587/2587
f 2977/2977/2977 2978/2978/2978 2587/2587/2587
f 2587/2587/2587 2978/2978/2978 2588/2588/2588
f 2978/2978/2978 2979/2979/2979 2588/2588/2588
f 2588/2588/2588 2979/2979/2979 2589/2589/2589
f 2979/2979/2979 2980/2980/2980 2589/2589/2589
f 2589/2589/2589 2980/2980/2980 2590/2590/2590
f 2980/2980/2980 2981/2981/2981 2590/2590/2590
f 2590/2590/2590 2981/2981/2981 2591/2591/2591
f 2981/2981/2981 2982/2982/2982 2591/2591/2591
f 2591/2591/2591 2982/2982/2982 2592/2592/2592
f 2982/2982/2982 2983/2983/2983 2592/2592/2592
f 2592/2592/2592 2983/2983/2983 2593/2593/2593
f 2983/2983/2983 2984/2984/2984 2593/2593/2593
f 2593/2593/2593 2984/2984/2984 2594/2594/2594
f 2984/2984/2984 2985/2985/2985 2594/2594/2594
f 2594/2594/2594 2985/2985/2985 2595/2595/2595
f 2985/2985/2985 2986/2986/2986 2595/2595/2595
f 2595/2595/2595 2986/2986/2986 2596/2596/2596
f 2986/2986/2986 2987/2987/2987 2596/2596/2596
f 2596/2596/2596 2987/2987/2987 2597/2597/2597
f 2987/2987/2987 2988/2988/2988 2597/2597/2597
f 2597/2597/2597 2988/2988/2988 2598/2598/2598
f 2988/2988/2988 2989/2989/2989 2598/2598/2598
f 2598/2598/2598 2989/2989/2989 2599/2599/2599
f 2989/2989/2989 2990/2990/2990 2599/2599/2599
f 2599/2599/2599 2990/2990/2990 2600/2600/2600
f 2990/2990/2990 2991/2991/2991 2600/2600/2600
f 2600/2600/2600 2991/2991/2991 2601/2601/2601
f 2991/2991/2991 2992/2992/2992 2601/2601/2601
f 2601/2601/2601 2992/2992/2992 2602/2602/2602
f 2992/2992/2992 2993/2993/2993 2602/2602/2602
f 2602/2602/2602 2993/2993/2993 2603/2603/2603
f 2993/2993/2993 2994/2994/2994 2603/2603/2603
f 2603/2603/2603 2994/2994/2994 2604/2604/2604
f 2994/2994/2994 2995/2995/2995 2604/2604/2604
f 2604/2604/2604 2995/2995/2995 2605/2605/2605
f 2995/2995/2995 2996/2996/2996 2605/2605/2605
f 2605/2605/2605 2996/2996/2996 2606/2606/2606
f 2996/2996/2996 2997/2997/2997 2606/2606/2606
f 2606/2606/2606 2997/2997/2997 2607/2607/2607
f 2997/2997/2997 2998/2998/2998 2607/2607/2607
f 2607/2607/2607 2998/2998/2998 2608/2608/2608
f 2998/2998/2998 2999/2999/2999 2608/2608/2608
f 2608/2608/2608 2999/2999/2999 2609/2609/2609
f 2999/2999/2999 3000/3000/3000 2609/2609/2609
f 2609/2609/2609 3000/3000/3000 2610/2610/2610
f 3000/3000/3000 3001/3001/3001 2610/2610/2610
f 2610/2610/2610 3001/3001/3001 2611/2611/2611
f 3001/3001/3001 3002/3002/3002 2611/2611/2611
f 2611/2611/2611 3002/3002/3002 2612/2612/2612
f 3002/3002/3002 3003/3003/3003 2612/2612/2612
f 2612/2612/2612 3003/3003/3003 2613/2613/2613
f 3003/3003/3003 3004/3004/3004 2613/2613/2613
f 2613/2613/2613 3004/3004/3004 2614/2614/2614
f 3004/3004/3004 3005/3005/3005 2614/2614/2614
f 2614/2614/2614 3005/3005/3005 2615/2615/2615
f 3005/3005/3005 3006/3006/3006 2615/2615/2615
f 2615/2615/2615 3006/3006/3006 2616/2616/2616
f 3006/3006/3006 3007/3007/3007 2616/2616/2616
f 2616/2616/2616 3007/3007/3007 2617/2617/2617
f 3007/3007/3007 3008/3008/3008 2617/2617/2617
f 2617/2617/2617 3008/3008/3008 2618/2618/2618
f 3008/3008/3008 3009/3009/3009 2618/2618/2618
f 2618/2618/2618 3009/3009/3009 2619/2619/2619
f 3009/3009/3009 3010/3010/3010 2619/2619/2619
f 2619/2619/2619 3010/3010/3010 2620/2620/2620
f 3010/3010/3010 3011/3011/3011 2620/2620/2620
f 2620/2620/2620 3011/3011/3011 2621/2621/2621
f 3011/3011/3011 3012/3012/3012 2621/2621/2621
f 2621/2621/2621 3012/3012/3012 2622/2622/2622
f 3012/3012/3012 3013/3013/3013 2622/2622/2622
f 2622/2622/2622 3013/3013/3013 2623/2623/2623
f 3013/3013/3013 3014/3014/3014 2623/2623/2623
f 2623/2623/2623 3014/3014/3014 2624/2624/2624
f 3014/3014/3014 3015/3015/3015 2624/2624/2624
f 2624/2624/2624 3015/3015/3015 2625/2625/2625
f 3015/3015/3015 3016/3016/3016 2625/2625/2625
f 2625/2625/2625 3016/3016/3016 2626/2626/2626
f 3016/3016/3016 3017/3017/3017 2626/2626/2626
f 2626/2626/2626 3017/3017/3017 2627/2627/2627
f 3017/3017/3017 3018/3018/3018 2627/2627/2627
f 2627/2627/2627 3018/3018/3018 2628/2628/2628
f 3018/3018/3018 3019/3019/3019 2628/2628/2628
f 2628/2628/2628 3019/3019/3019 2629/2629/2629
f 3019/3019/3019 3020/3020/3020 2629/2629/2629
f 2629/2629/2629 3020/3020/3020 2630/2630/2630
f 3020/3020/3020 3021/3021/3021 2630/2630/2630
f 2630/2630/2630 3021/3021/3021 2631/2631/2631
f 3021/3021/3021 3022/3022/3022 2631/2631/2631
f 2631/2631/2631 3022/3022/3022 2632/2632/2632
f 3022/3022/3022 3023/3023/3023 2632/2632/2632
f 2632/2632/2632 3023/3023/3023 2633/2633/2633
f 3023/3023/3023 3024/3024/3024 2633/2633/2633
f 2633/2633/2633 3024/3024/3024 2634/2634/2634
f 3024/3024/3024 3025/3025/3025 2634/2634/2634
f 2634/2634/2634 3025/3025/3025 2635/2635/2635
f 3025/3025/3025 3026/3026/3026 2635/2635/2635
f 2635/2635/2635 3026/3026/3026 2636/2636/2636
f 3026/3026/3026 3027/3027/3027 2636/2636/2636
f 2636/2636/2636 3027/3027/3027 2637/2637/2637
f 3027/3027/3027 3028/3028/3028 2637/2637/2637
f 2637/2637/2637 3028/3028/3028 2638/2638/2638
f 3028/3028/3028 3029/3029/3029 2638/2638/2638
f 2638/2638/2638 3029/3029/3029 2639/2639/2639
f 3029/3029/3029 3030/3030/3030 2639/2639/2639
f 2639/2639/2639 3030/3030/3030 2640/2640/2640
f 3030/3030/3030 3031/3031/3031 2640/2640/2640
f 2640/2640/2640 3031/3031/3031 2641/2641/2641
f 3031/3031/3031 3032/3032/3032 2641/2641/2641
f 2641/2641/2641 3032/3032/3032 2642/2642/2642
f 3032/3032/3032 3033/3033/3033 2642/2642/2642
f 2642/2642/2642 3033/3033/3033 2643/2643/2643
f 3033/3033/3033 3034/3034/3034 2643/2643/2643
f 2643/2643/2643 3034/3034/3034 2644/2644/2644
f 3034/3034/3034 3035/3035/3035 2644/2644/2644
f 2644/2644/2644 3035/3035/3035 2645/2645/2645
f 3035/3035/3035 3036/3036/3036 2645/2645/2645
f 2645/2645/2645 3036/3036/3036 2646/2646/2646
f 3036/3036/3036 3037/3037/3037 2646/2646/2646
f 2646/2646/2646 3037/3037/3037 2647/2647/2647
f 3037/3037/3037 3038/3038/3038 2647/2647/2647
f 2647/2647/2647 3038/3038/3038 2648/2648/2648
f 3038/3038/3038 3039/3039/3039 2648/2648/2648
f 2648/2648/2648 3039/3039/3039 2649/2649/2649
f 3039/3039/3039 3040/3040/3040 2649/2649/2649
f 2649/2649/2649 3040/3040/3040 2650/2650/2650
f 3040/3040/3040 3041/3041/3041 2650/2650/2650
f 2650/2650/2650 3041/3041/3041 2651/2651/2651
f 3041/3041/3041 3042/3042/3042 2651/2651/2651
f 2651/2651/2651 3042/3042/3042 2652/2652/2652
f 3042/3042/3042 3043/3043/3043 2652/2652/2652
f 2652/2652/2652 3043/3043/3043 2653/2653/2653
f 3043/3043/3043 3044/3044/3044 2653/2653/2653
f 2653/2653/2653 3044/3044/3044 2654/2654/2654
f 3044/3044/3044 3045/3045/3045 2654/2654/2654
f 2654/2654/2654 3045/3045/3045 2655/2655/2655
f 3045/3045/3045 3046/3046/3046 2655/2655/2655
f 2655/2655/2655 3046/3046/3046 2656/2656/2656
f 3046/3046/3046 3047/3047/3047 2656/2656/2656
f 2656/2656/2656 3047/3047/3047 2657/2657/2657
f 3047/3047/3047 3048/3048/3048 2657/2657/2657
f 2657/2657/2657 3048/3048/3048 2658/2658/2658
f 3048/3048/3048 3049/3049/3049 2658/2658/2658
f 2658/2658/2658 3049/3049/3049 2659/2659/2659
f 3049/3049/3049 3050/3050/3050 2659/2659/2659
f 2659/2659/2659 3050/3050/3050 2660/2660/2660
f 3050/3050/3050 3051/3051/3051 2660/2660/2660
f 2660/2660/2660 3051/3051/3051 2661/2661/2661
f 3051/3051/3051 3052/3052/3052 2661/2661/2661
f 2661/2661/2661 3052/3052/3052 2662/2662/2662
f 3052/3052/3052 3053/3053/3053 2662/2662/2662
f 2662/2662/2662 3053/3053/3053 2663/2663/2663
f 3053/3053/3053 3054/3054/3054 2663/2663/2663
f 2663/2663/2663 3054/3054/3054 2664/2664/2664
f 3054/3054/3054 3055/3055/3055 2664/2664/2664
f 2664/2664/2664 3055/3055/3055 2665/2665/2665
f 3055/3055/3055 3056/3056/3056 2665/2665/2665
f 2665/2665/2665 3056/3056/3056 2666/2666/2666
f 3056/3056/3056 3057/3057/3057 2666/2666/2666
f 2666/2666/2666 3057/3057/3057 2667/2667/2667
f 3057/3057/3057 3058/3058/3058 2667/2667/2667
f 2667/2667/2667 3058/3058/3058 2668/2668/2668
f 3058/3058/3058 3059/3059/3059 2668/2668/2668
f 2668/2668/2668 3059/3059/3059 2669/2669/2669
f 3059/3059/3059 3060/3060/3060 2669/2669/2669
f 2669/2669/2669 3060/3060/3060 2670/2670/2670
f 3060/3060/3060 3061/3061/3061 2670/2670/2670
f 2670/2670/2670 3061/3061/3061 2671/2671/2671
f 3061/3061/3061 3062/3062/3062 2671/2671/2671
f 2671/2671/2671 3062/3062/3062 2672/2672/2672
f 3062/3062/3062 3063/3063/3063 2672/2672/2672
f 2672/2672/2672 3063/3063/3063 2673/2673/2673
f 3063/3063/3063 3064/3064/3064 2673/2673/2673
f 2673/2673/2673 3064/3064/3064 2674/2674/2674
f 3064/3064/3064 3065/3065/3065 2674/2674/2674
f 2674/2674/2674 3065/3065/3065 2675/2675/2675
f 3065/3065/3065 3066/3066/3066 2675/2675/2675
f 2675/2675/2675 3066/3066/3066 2676/2676/2676
f 3066/3066/3066 3067/3067/3067 2676/2676/2676
f 2676/2676/2676 3067/3067/3067 2677/2677/2677
f 3067/3067/3067 3068/3068/3068 2677/2677/2677
f 2677/2677/2677 3068/3068/3068 2678/2678/2678
f 3068/3068/3068 3069/3069/3069 2678/2678/2678
f 2678/2678/2678 3069/3069/3069 2679/2679/2679
f 3069/3069/3069 3070/3070/3070 2679/2679/2679
f 2679/2679/2679 3070/3070/3070 2680/2680/2680
f 3070/3070/3070 3071/3071/3071 2680/2680/2680
f 2680/2680/2680 3071/3071/3071 2681/2681/2681
f 3071/3071/3071 3072/3072/3072 2681/2681/2681
f 2681/2681/2681 3072/3072/3072 2682/2682/2682
f 3072/3072/3072 3073/3073/3073 2682/2682/2682
f 2682/2682/2682 3073/3073/3073 2683/2683/2683
f 3073/3073/3073 3074/3074/3074 2683/2683/2683
f 2683/2683/2683 3074/3074/3074 2684/2684/2684
f 3074/3074/3074 3075/3075/3075 2684/2684/2684
f 2684/2684/2684 3075/3075/3075 2685/2685/2685
f 3075/3075/3075 3076/3076/3076 2685/2685/2685
f 2685/2685/2685 3076/3076/3076 2686/2686/2686
f 3076/3076/3076 3077/3077/3077 2686/2686/2686
f 2686/2686/2686 3077/3077/3077 2687/2687/2687
f 3077/3077/3077 3078/3078/3078 2687/2687/2687
f 2687/2687/2687 3078/3078/3078 2688/2688/2688
f 3078/3078/3078 3079/3079/3079 2688/2688/2688
f 2688/2688/2688 3079/3079/3079 2689/2689/2689
f 3079/3079/3079 3080/3080/3080 2689/2689/2689
f 2689/2689/2689 3080/3080/3080 2690/2690/2690
f 3080/3080/3080 3081/3081/3081 2690/2690/2690
f 2690/2690/2690 3081/3081/3081 2691/2691/2691
f 3081/3081/3081 3082/3082/3082 2691/2691/2691
f 2691/2691/2691 3082/3082/3082 2692/2692/2692
f 3082/3082/3082 3083/3083/3083 2692/2692/2692
f 2692/2692/2692 3083/3083/3083 2693/2693/2693
f 3083/3083/3083 3084/3084/3084 2693/2693/2693
f 2693/2693/2693 3084/3084/3084 2694/2694/2694
f 3084/3084/3084 3085/3085/3085 2694/2694/2694
f 2694/2694/2694 3085/3085/3085 2695/2695/2695
f 3085/3085/3085 3086/3086/3086 2695/2695/2695
f 2695/2695/2695 3086/3086/3086 2696/2696/2696
f 3086/3086/3086 3087/3087/3087 2696/2696/2696
f 2696/2696/2696 3087/3087/3087 2697/2697/2697
f 3087/3087/3087 3088/3088/3088 2697/2697/2697
f 2697/2697/2697 3088/3088/3088 2698/2698/2698
f 3088/3088/3088 3089/3089/3089 2698/2698/2698
f 2698/2698/2698 3089/3089/3089 2699/2699/2699
f 3089/3089/3089 3090/3090/3090 2699/2699/2699
f 2699/2699/2699 3090/3090/3090 2700/2700/2700
f 3090/3090/3090 3091/3091/3091 2700/2700/2700
f 2700/2700/2700 3091/3091/3091 2701/2701/2701
f 3091/3091/3091 3092/3092/3092 2701/2701/2701
f 2701/2701/2701 3092/3092/3092 2702/2702/2702
f 3092/3092/3092 3093/3093/3093 2702/2702/2702
f 2702/2702/2702 3093/3093/3093 2703/2703/2703
f 3093/3093/3093 3094/3094/3094 2703/2703/2703
f 2703/2703/2703 3094/3094/3094 2704/2704/2704
f 3094/3094/3094 3095/3095/3095 2704/2704/2704
f 2704/2704/2704 3095/3095/3095 2705/2705/2705
f 3095/3095/3095 3096/3096/3096 2705/2705/2705
f 2705/2705/2705 3096/3096/3096 2706/2706/2706
f 3096/3096/3096 3097/3097/3097 2706/2706/2706
f 2706/2706/2706 3097/3097/3097 2707/2707/2707
f 3097/3097/3097 3098/3098/3098 2707/2707/2707
f 2707/2707/2707 3098/3098/3098 2708/2708/2708
f 3098/3098/3098 3099/3099/3099 2708/2708/2708
f 2708/2708/2708 3099/3099/3099 2709/2709/2709
f 3099/3099/3099 3100/3100/3100 2709/2709/2709
f 2709/2709/2709 3100/3100/3100 2710/2710/2710
f 3100/3100/3100 3101/3101/3101 2710/2710/2710
f 2710/2710/2710 3101/3101/3101 2711/2711/2711
f 3101/3101/3101 3102/3102/3102 2711/2711/2711
f 2711/2711/2711 3102/3102/3102 2712/2712/2712
f 3102/3102/3102 3103/3103/3103 2712/2712/2712
f 2712/2712/2712 3103/3103/3103 2713/2713/2713
f 3103/3103/3103 3104/3104/3104 2713/2713/2713
f 2713/2713/2713 3104/3104/3104 2714/2714/2714
f 3104/3104/3104 3105/3105/3105 2714/2714/2714
f 2714/2714/2714 3105/3105/3105 2715/2715/2715
f 3105/3105/3105 3106/3106/3106 2715/2715/2715
f 2715/2715/2715 3106/3106/3106 2716/2716/2716
f 3106/3106/3106 3107/3107/3107 2716/2716/2716
f 2716/2716/2716 3107/3107/3107 2717/2717/2717
f 3107/3107/3107 3108/3108/3108 2717/2717/2717
f 2717/2717/2717 3108/3108/3108 2718/2718/2718
f 3108/3108/3108 3109/3109/3109 2718/2718/2718
f 2718/2718/2718 3109/3109/3109 2719/2719/2719
f 3109/3109/3109 3110/3110/3110 2719/2719/2719
f 2719/2719/2719 3110/3110/3110 2720/2720/2720
f 3110/3110/3110 3111/3111/3111 2720/2720/2720
f 2720/2720/2720 3111/3111/3111 2721/2721/2721
f 3111/3111/3111 3112/3112/3112 2721/2721/2721
f 2721/2721/2721 3112/3112/3112 2722/2722/2722
f 3112/3112/3112 3113/3113/3113 2722/2722/2722
f 2722/2722/2722 3113/3113/3113 2723/2723/2723
f 3113/3113/3113 3114/3114/3114 2723/2723/2723
f 2723/2723/2723 3114/3114/3114 2724/2724/2724
f 3114/3114/3114 3115/3115/3115 2724/2724/2724
f 2724/2724/2724 3115/3115/3115 2725/2725/2725
f 3115/3115/3115 3116/3116/3116 2725/2725/2725
f 2725/2725/2725 3116/3116/3116 2726/2726/2726
f 3116/3116/3116 3117/3117/3117 2726/2726/2726
f 2726/2726/2726 3117/3117/3117 2727/2727/2727
f 3117/3117/3117 3118/3118/3118 2727/2727/2727
f 2727/2727/2727 3118/3118/3118 2728/2728/2728
f 3118/3118/3118 3119/3119/3119 2728/2728/2728
f 2728/2728/2728 3119/3119/3119 2729/2729/2729
f 3119/3119/3119 3120/3120/3120 2729/2729/2729
f 2729/2729/2729 3120/3120/3120 2730/2730/2730
f 3120/3120/3120 2731/2731/2731 2730/2730/2730
f 2730/2730/2730 2731/2731/2731 2341/2341/2341
f 3511/3511/3511 3512/3512/3512 3121/3121/3121
f 3121/3121/3121 3512/3512/3512 3122/3122/3122
f 3512/3512/3512 3513/3513/3513 3122/3122/3122
f 3122/3122/3122 3513/3513/3513 3123/3123/3123
f 3513/3513/3513 3514/3514/3514 3123/3123/3123
f 3123/3123/3123 3514/3514/3514 3124/3124/3124
f 3514/3514/3514 3515/3515/3515 3124/3124/3124
f 3124/3124/3124 3515/3515/3515 3125/3125/3125
f 3515/3515/3515 3516/3516/3516 3125/3125/3125
f 3125/3125/3125 3516/3516/3516 3126/3126/3126
f 3516/3516/3516 3517/3517/3517 3126/3126/3126
f 3126/3126/3126 3517/3517/3517 3127/3127/3127
f 3517/3517/3517 3518/3518/3518 3127/3127/3127
f 3127/3127/3127 3518/3518/3518 3128/3128/3128
f 3518/3518/3518 3519/3519/3519 3128/3128/3128
f 3128/3128/3128 3519/3519/3519 3129/3129/3129
f 3519/3519/3519 3520/3520/3520 3129/3129/3129
f 3129/3129/3129 3520/3520/3520 3130/3130/3130
f 3520/3520/3520 3521/3521/3521 3130/3130/3130
f 3130/3130/3130 3521/3521/3521 3131/3131/3131
f 3521/3521/3521 3522/3522/3522 3131/3131/3131
f 3131/3131/3131 3522/3522/3522 3132/3132/3132
f 3522/3522/3522 3523/3523/3523 3132/3132/3132
f 3132/3132/3132 3523/3523/3523 3133/3133/3133
f 3523/3523/3523 3524/3524/3524 3133/3133/3133
f 3133/3133/3133 3524/3524/3524 3134/3134/3134
f 3524/3524/3524 3525/3525/3525 3134/3134/3134
f 3134/3134/3134 3525/3525/3525 3135/3135/3135
f 3525/3525/3525 3526/3526/3526 3135/3135/3135
f 3135/3135/3135 3526/3526/3526 3136/3136/3136
f 3526/3526/3526 3527/3527/3527 3136/3136/3136
f 3136/3136/3136 3527/3527/3527 3137/3137/3137
f 3527/3527/3527 3528/3528/3528 3137/3137/3137
f 3137/3137/3137 3528/3528/3528 3138/3138/3138
f 3528/3528/3528 3529/3529/3529 3138/3138/3138
f 3138/3138/3138 3529/3529/3529 3139/3139/3139
f 3529/3529/3529 3530/3530/3530 3139/3139/3139
f 3139/3139/3139 3530/3530/3530 3140/3140/3140
f 3530/3530/3530 3531/3531/3531 3140/3140/3140
f 3140/3140/3140 3531/3531/3531 3141/3141/3141
f 3531/3531/3531 3532/3532/3532 3141/3141/3141
f 3141/3141/3141 3532/3532/3532 3142/3142/3142
f 3532/3532/3532 3533/3533/3533 3142/3142/3142
f 3142/3142/3142 3533/3533/3533 3143/3143/3143
f 3533/3533/3533 3534/3534/3534 3143/3143/3143
f 3143/3143/3143 3534/3534/3534 3144/3144/3144
f 3534/3534/3534 3535/3535/3535 3144/3144/3144
f 3144/3144/3144 3535/3535/3535 3145/3145/3145
f 3535/3535/3535 3536/3536/3536 3145/3145/3145
f 3145/3145/3145 3536/3536/3536 3146/3146/3146
f 3536/3536/3536 3537/3537/3537 3146/3146/3146
f 3146/3146/3146 3537/3537/3537 3147/3147/3147
f 3537/3537/3537 3538/3538/3538 3147/3147/3147
f 3147/3147/3147 3538/3538/3538 3148/3148/3148
f 3538/3538/3538 3539/3539/3539 3148/3148/3148
f 3148/3148/3148 3539/3539/3539 3149/3149/3149
f 3539/3539/3539 3540/3540/3540 3149/3149/3149
f 3149/3149/3149 3540/3540/3540 3150/3150/3150
f 3540/3540/3540 3541/3541/3541 3150/3150/3150
f 3150/3150/3150 3541/3541/3541 3151/3151/3151
f 3541/3541/3541 3542/3542/3542 3151/3151/3151
f 3151/3151/3151 3542/3542/3542 3152/3152/3152
f 3542/3542/3542 3543/3543/3543 3152/3152/3152
f 3152/3152/3152 3543/3543/3543 3153/3153/3153
f 3543/3543/3543 3544/3544/3544 3153/3153/3153
f 3153/3153/3153 3544/3544/3544 3154/3154/3154
f 3544/3544/3544 3545/3545/3545 3154/3154/3154
f 3154/3154/3154 3545/3545/3545 3155/3155/3155
f 3545/3545/3545 3546/3546/3546 3155/3155/3155
f 3155/3155/3155 3546/3546/3546 3156/3156/3156
f 3546/3546/3546 3547/3547/3547 3156/3156/3156
f 3156/3156/3156 3547/3547/3547 3157/3157/3157
f 3547/3547/3547 3548/3548/3548 3157/3157/3157
f 3157/3157/3157 3548/3548/3548 3158/3158/3158
f 3548/3548/3548 3549/3549/3549 3158/3158/3158
f 3158/3158/3158 3549/3549/3549 3159/3159/3159
f 3549/3549/3549 3550/3550/3550 3159/3159/3159
f 3159/3159/3159 3550/3550/3550 3160/3160/3160
f 3550/3550/3550 3551/3551/3551 3160/3160/3160
f 3160/3160/3160 3551/3551/3551 3161/3161/3161
f 3551/3551/3551 3552/3552/3552 3161/3161/3161
f 3161/3161/3161 3552/3552/3552 3162/3162/3162
f 3552/3552/3552 3553/3553/3553 3162/3162/3162
f 3162/3162/3162 3553/3553/3553 3163/3163/3163
f 3553/3553/3553 3554/3554/3554 3163/3163/3163
f 3163/3163/3163 3554/3554/3554 3164/3164/3164
f 3554/3554/3554 3555/3555/3555 3164/3164/3164
f 3164/3164/3164 3555/3555/3555 3165/3165/3165
f 3555/3555/3555 3556/3556/3556 3165/3165/3165
f 3165/3165/3165 3556/3556/3556 3166/3166/3166
f 3556/3556/3556 3557/3557/3557 3166/3166/3166
f 3166/3166/3166 3557/3557/3557 3167/3167/3167
f 3557/3557/3557 3558/3558/3558 3167/3167/3167
f 3167/3167/3167 3558/3558/3558 3168/3168/3168
f 3558/3558/3558 3559/3559/3559 3168/3168/3168
f 3168/3168/3168 3559/3559/3559 3169/3169/3169
f 3559/3559/3559 3560/3560/3560 3169/3169/3169
f 3169/3169/3169 3560/3560/3560 3170/3170/3170
f 3560/3560/3560 3561/3561/3561 3170/3170/3170
f 3170/3170/3170 3561/3561/3561 3171/3171/3171
f 3561/3561/3561 3562/3562/3562 3171/3171/3171
f 3171/3171/3171 3562/3562/3562 3172/3172/3172
f 3562/3562/3562 3563/3563/3563 3172/3172/3172
f 3172/3172/3172 3563/3563/3563 3173/3173/3173
f 3563/3563/3563 3564/3564/3564 3173/3173/3173
f 3173/3173/3173 3564/3564/3564 3174/3174/3174
f 3564/3564/3564 3565/3565/3565 3174/3174/3174
f 3174/3174/3174 3565/3565/3565 3175/3175/3175
f 3565/3565/3565 3566/3566/3566 3175/3175/3175
f 3175/3175/3175 3566/3566/3566 3176/3176/3176
f 3566/3566/3566 3567/3567/3567 3176/3176/3176
f 3176/3176/3176 3567/3567/3567 3177/3177/3177
f 3567/3567/3567 3568/3568/3568 3177/3177/3177
f 3177/3177/3177 3568/3568/3568 3178/3178/3178
f 3568/3568/3568 3569/3569/3569 3178/3178/3178
f 3178/3178/3178 3569/3569/3569 3179/3179/3179
f 3569/3569/3569 3570/3570/3570 3179/3179/3179
f 3179/3179/3179 3570/3570/3570 3180/3180/3180
f 3570/3570/3570 3571/3571/3571 3180/3180/3180
f 3180/3180/3180 3571/3571/3571 3181/3181/3181
f 3571/3571/3571 3572/3572/3572 3181/3181/3181
f 3181/3181/3181 3572/3572/3572 3182/3182/3182
f 3572/3572/3572 3573/3573/3573 3182/3182/3182
f 3182/3182/3182 3573/3573/3573 3183/3183/3183
f 3573/3573/3573 3574/3574/3574 3183/3183/3183
f 3183/3183/3183 3574/3574/3574 3184/3184/3184
f 3574/3574/3574 3575/3575/3575 3184/3184/3184
f 3184/3184/3184 3575/3575/3575 3185/3185/3185
f 3575/3575/3575 3576/3576/3576 3185/3185/3185
f 3185/3185/3185 3576/3576/3576 3186/3186/3186
f 3576/3576/3576 3577/3577/3577 3186/3186/3186
f 3186/3186/3186 3577/3577/3577 3187/3187/3187
f 3577/3577/3577 3578/3578/3578 3187/3187/3187
f 3187/3187/3187 3578/3578/3578 3188/3188/3188
f 3578/3578/3578 3579/3579/3579 3188/3188/3188
f 3188/3188/3188 3579/3579/3579 3189/3189/3189
f 3579/3579/3579 3580/3580/3580 3189/3189/3189
f 3189/3189/3189 3580/3580/3580 3190/3190/3190
f 3580/3580/3580 3581/3581/3581 3190/3190/3190
f 3190/3190/3190 3581/3581/3581 3191/3191/3191
f 3581/3581/3581 3582/3582/3582 3191/3191/3191
f 3191/3191/3191 3582/3582/3582 3192/3192/3192
f 3582/3582/3582 3583/3583/3583 3192/3192/3192
f 3192/3192/3192 3583/3583/3583 3193/3193/3193
f 3583/3583/3583 3584/3584/3584 3193/3193/3193
f 3193/3193/3193 3584/3584/3584 3194/3194/3194
f 3584/3584/3584 3585/3585/3585 3194/3194/3194
f 3194/3194/3194 3585/3585/3585 3195/3195/3195
f 3585/3585/3585 3586/3586/3586 3195/3195/3195
f 3195/3195/3195 3586/3586/3586 3196/3196/3196
f 3586/3586/3586 3587/3587/3587 3196/3196/3196
f 3196/3196/3196 3587/3587/3587 3197/3197/3197
f 3587/3587/3587 3588/3588/3588 3197/3197/3197
f 3197/3197/3197 3588/3588/3588 3198/3198/3198
f 3588/3588/3588 3589/3589/3589 3198/3198/3198
f 3198/3198/3198 3589/3589/3589 3199/3199/3199
f 3589/3589/3589 3590/3590/3590 3199/3199/3199
f 3199/3199/3199 3590/3590/3590 3200/3200/3200
f 3590/3590/3590 3591/3591/3591 3200/3200/3200
f 3200/3200/3200 3591/3591/3591 3201/3201/3201
f 3591/3591/3591 3592/3592/3592 3201/3201/3201
f 3201/3201/3201 3592/3592/3592 3202/3202/3202
f 3592/3592/3592 3593/3593/3593 3202/3202/3202
f 3202/3202/3202 3593/3593/3593 3203/3203/3203
f 3593/3593/3593 3594/3594/3594 3203/3203/3203
f 3203/3203/3203 3594/3594/3594 3204/3204/3204
f 3594/3594/3594 3595/3595/3595 3204/3204/3204
f 3204/3204/3204 3595/3595/3595 3205/3205/3205
f 3595/3595/3595 3596/3596/3596 3205/3205/3205
f 3205/3205/3205 3596/3596/3596 3206/3206/3206
f 3596/3596/3596 3597/3597/3597 3206/3206/3206
f 3206/3206/3206 3597/3597/3597 3207/3207/3207
f 3597/3597/3597 3598/3598/3598 3207/3207/3207
f 3207/3207/3207 3598/3598/3598 3208/3208/3208
f 3598/3598/3598 3599/3599/3599 3208/3208/3208
f 3208/3208/3208 3599/3599/3599 3209/3209/3209
f 3599/3599/3599 3600/3600/3600 3209/3209/3209
f 3209/3209/3209 3600/3600/3600 3210/3210/3210
f 3600/3600/3600 3601/3601/3601 3210/3210/3210
f 3210/3210/3210 3601/3601/3601 3211/3211/3211
f 3601/3601/3601 3602/3602/3602 3211/3211/3211
f 3211/3211/3211 3602/3602/3602 3212/3212/3212
f 3602/3602/3602 3603/3603/3603 3212/3212/3212
f 3212/3212/3212 3603/3603/3603 3213/3213/3213
f 3603/3603/3603 3604/3604/3604 3213/3213/3213
f 3213/3213/3213 3604/3604/3604 3214/3214/3214
f 3604/3604/3604 3605/3605/3605 3214/3214/3214
f 3214/3214/3214 3605/3605/3605 3215/3215/3215
f 3605/3605/3605 3606/3606/3606 3215/3215/3215
f 3215/3215/3215 3606/3606/3606 3216/3216/3216
f 3606/3606/3606 3607/3607/3607 3216/3216/3216
f 3216/3216/3216 3607/3607/3607 3217/3217/3217
f 3607/3607/3607 3608/3608/3608 3217/3217/3217
f 3217/3217/3217 3608/3608/3608 3218/3218/3218
f 3608/3608/3608 3609/3609/3609 3218/3218/3218
f 3218/3218/3218 3609/3609/3609 3219/3219/3219
f 3609/3609/3609 3610/3610/3610 3219/3219/3219
f 3219/3219/3219 3610/3610/3610 3220/3220/3220
f 3610/3610/3610 3611/3611/3611 3220/3220/3220
f 3220/3220/3220 3611/3611/3611 3221/3221/3221
f 3611/3611/3611 3612/3612/3612 3221/3221/3221
f 3221/3221/3221 3612/3612/3612 3222/3222/3222
f 3612/3612/3612 3613/3613/3613 3222/3222/3222
f 3222/3222/3222 3613/3613/3613 3223/3223/3223
f 3613/3613/3613 3614/3614/3614 3223/3223/3223
f 3223/3223/3223 3614/3614/3614 3224/3224/3224
f 3614/3614/3614 3615/3615/3615 3224/3224/3224
f 3224/3224/3224 3615/3615/3615 3225/3225/3225
f 3615/3615/3615 3616/3616/3616 3225/3225/3225
f 3225/3225/3225 3616/3616/3616 3226/3226/3226
f 3616/3616/3616 3617/3617/3617 3226/3226/3226
f 3226/3226/3226 3617/3617/3617 3227/3227/3227
f 3617/3617/3617 3618/3618/3618 3227/3227/3227
f 3227/3227/3227 3618/3618/3618 3228/3228/3228
f 3618/3618/3618 3619/3619/3619 3228/3228/3228
f 3228/3228/3228 3619/3619/3619 3229/3229/3229
f 3619/3619/3619 3620/3620/3620 3229/3229/3229
f 3229/3229/3229 3620/3620/3620 3230/3230/3230
f 3620/3620/3620 3621/3621/3621 3230/3230/3230
f 3230/3230/3230 3621/3621/3621 3231/3231/3231
f 3621/3621/3621 3622/3622/3622 3231/3231/3231
f 3231/3231/3231 3622/3622/3622 3232/3232/3232
f 3622/3622/3622 3623/3623/3623 3232/3232/3232
f 3232/3232/3232 3623/3623/3623 3233/3233/3233
f 3623/3623/3623 3624/3624/3624 3233/3233/3233
f 3233/3233/3233 3624/3624/3624 3234/3234/3234
f 3624/3624/3624 3625/3625/3625 3234/3234/3234
f 3234/3234/3234 3625/3625/3625 3235/3235/3235
f 3625/3625/3625 3626/3626/3626 3235/3235/3235
f 3235/3235/3235 3626/3626/3626 3236/3236/3236
f 3626/3626/3626 3627/3627/3627 3236/3236/3236
f 3236/3236/3236 3627/3627/3627 3237/3237/3237
f 3627/3627/3627 3628/3628/3628 3237/3237/3237
f 3237/3237/3237 3628/3628/3628 3238/3238/3238
f 3628/3628/3628 3629/3629/3629 3238/3238/3238
f 3238/3238/3238 3629/3629/3629 3239/3239/3239
f 3629/3629/3629 3630/3630/3630 3239/3239/3239
f 3239/3239/3239 3630/3630/3630 3240/3240/3240
f 3630/3630/3630 3631/3631/3631 3240/3240/3240
f 3240/3240/3240 3631/3631/3631 3241/3241/3241
f 3631/3631/3631 3632/3632/3632 3241/3241/3241
f 3241/3241/3241 3632/3632/3632 3242/3242/3242
f 3632/3632/3632 3633/3633/3633 3242/3242/3242
f 3242/3242/3242 3633/3633/3633 3243/3243/3243
f 3633/3633/3633 3634/3634/3634 3243/3243/3243
f 3243/3243/3243 3634/3634/3634 3244/3244/3244
f 3634/3634/3634 3635/3635/3635 3244/3244/3244
f 3244/3244/3244 3635/3635/3635 3245/3245/3245
f 3635/3635/3635 3636/3636/3636 3245/3245/3245
f 3245/3245/3245 3636/3636/3636 3246/3246/3246
f 3636/3636/3636 3637/3637/3637 3246/3246/3246
f 3246/3246/3246 3637/3637/3637 3247/3247/3247
f 3637/3637/3637 3638/3638/3638 3247/3247/3247
f 3247/3247/3247 3638/3638/3638 3248/3248/3248
f 3638/3638/3638 3639/3639/3639 3248/3248/3248
f 3248/3248/3248 3639/3639/3639 3249/3249/3249
f 3639/3639/3639 3640/3640/3640 3249/3249/3249
f 3249/3249/3249 3640/3640/3640 3250/3250/3250
f 3640/3640/3640 3641/3641/3641 3250/3250/3250
f 3250/3250/3250 3641/3641/3641 3251/3251/3251
f 3641/3641/3641 3642/3642/3642 3251/3251/3251
f 3251/3251/3251 3642/3642/3642 3252/3252/3252
f 3642/3642/3642 3643/3643/3643 3252/3252/3252
f 3252/3252/3252 3643/3643/3643 3253/3253/3253
f 3643/3643/3643 3644/3644/3644 3253/3253/3253
f 3253/3253/3253 3644/3644/3644 3254/3254/3254
f 3644/3644/3644 3645/3645/3645 3254/3254/3254
f 3254/3254/3254 3645/3645/3645 3255/3255/3255
f 3645/3645/3645 3646/3646/3646 3255/3255/3255
f 3255/3255/3255 3646/3646/3646 3256/3256/3256
f 3646/3646/3646 3647/3647/3647 3256/3256/3256
f 3256/3256/3256 3647/3647/3647 3257/3257/3257
f 3647/3647/3647 3648/3648/3648 3257/3257/3257
f 3257/3257/3257 3648/3648/3648 3258/3258/3258
f 3648/3648/3648 3649/3649/3649 3258/3258/3258
f 3258/3258/3258 3649/3649/3649 3259/3259/3259
f 3649/3649/3649 3650/3650/3650 3259/3259/3259
f 3259/3259/3259 3650/3650/3650 3260/3260/3260
f 3650/3650/3650 3651/3651/3651 3260/3260/3260
f 3260/3260/3260 3651/3651/3651 3261/3261/3261
f 3651/3651/3651 3652/3652/3652 3261/3261/3261
f 3261/3261/3261 3652/3652/3652 3262/3262/3262
f 3652/3652/3652 3653/3653/3653 3262/3262/3262
f 3262/3262/3262 3653/3653/3653 3263/3263/3263
f 3653/3653/3653 3654/3654/3654 3263/3263/3263
f 3263/3263/3263 3654/3654/3654 3264/3264/3264
f 3654/3654/3654 3655/3655/3655 3264/3264/3264
f 3264/3264/3264 3655/3655/3655 3265/3265/3265
f 3655/3655/3655 3656/3656/3656 3265/3265/3265
f 3265/3265/3265 3656/3656/3656 3266/3266/3266
f 3656/3656/3656 3657/3657/3657 3266/3266/3266
f 3266/3266/3266 3657/3657/3657 3267/3267/3267
f 3657/3657/3657 3658/3658/3658 3267/3267/3267
f 3267/3267/3267 3658/3658/3658 3268/3268/3268
f 3658/3658/3658 3659/3659/3659 3268/3268/3268
f 3268/3268/3268 3659/3659/3659 3269/3269/3269
f 3659/3659/3659 3660/3660/3660 3269/3269/3269
f 3269/3269/3269 3660/3660/3660 3270/3270/3270
f 3660/3660/3660 3661/3661/3661 3270/3270/3270
f 3270/3270/3270 3661/3661/3661 3271/3271/3271
f 3661/3661/3661 3662/3662/3662 3271/3271/3271
f 3271/3271/3271 3662/3662/3662 3272/3272/3272
f 3662/3662/3662 3663/3663/3663 3272/3272/3272
f 3272/3272/3272 3663/3663/3663 3273/3273/3273
f 3663/3663/3663 3664/3664/3664 3273/3273/3273
f 3273/3273/3273 3664/3664/3664 3274/3274/3274
f 3664/3664/3664 3665/3665/3665 3274/3274/3274
f 3274/3274/3274 3665/3665/3665 3275/3275/3275
f 3665/3665/3665 3666/3666/3666 3275/3275/3275
f 3275/3275/3275 3666/3666/3666 3276/3276/3276
f 3666/3666/3666 3667/3667/3667 3276/3276/3276
f 3276/3276/3276 3667/3667/3667 3277/3277/3277
f 3667/3667/3667 3668/3668/3668 3277/3277/3277
f 3277/3277/3277 3668/3668/3668 3278/3278/3278
f 3668/3668/3668 3669/3669/3669 3278/3278/3278
f 3278/3278/3278 3669/3669/3669 3279/3279/3279
f 3669/3669/3669 3670/3670/3670 3279/3279/3279
f 3279/3279/3279 3670/3670/3670 3280/3280/3280
f 3670/3670/3670 3671/3671/3671 3280/3280/3280
f 3280/3280/3280 3671/3671/3671 3281/3281/3281
f 3671/3671/3671 3672/3672/3672 3281/3281/3281
f 3281/3281/3281 3672/3672/3672 3282/3282/3282
f 3672/3672/3672 3673/3673/3673 3282/3282/3282
f 3282/3282/3282 3673/3673/3673 3283/3283/3283
f 3673/3673/3673 3674/3674/3674 3283/3283/3283
f 3283/3283/3283 3674/3674/3674 3284/3284/3284
f 3674/3674/3674 3675/3675/3675 3284/3284/3284
f 3284/3284/3284 3675/3675/3675 3285/3285/3285
f 3675/3675/3675 3676/3676/3676 3285/3285/3285
f 3285/3285/3285 3676/3676/3676 3286/3286/3286
f 3676/3676/3676 3677/3677/3677 3286/3286/3286
f 3286/3286/3286 3677/3677/3677 3287/3287/3287
f 3677/3677/3677 3678/3678/3678 3287/3287/3287
f 3287/3287/3287 3678/3678/3678 3288/3288/3288
f 3678/3678/3678 3679/3679/3679 3288/3288/3288
f 3288/3288/3288 3679/3679/3679 3289/3289/3289
f 3679/3679/3679 3680/3680/3680 3289/3289/3289
f 3289/3289/3289 3680/3680/3680 3290/3290/3290
f 3680/3680/3680 3681/3681/3681 3290/3290/3290
f 3290/3290/3290 3681/3681/3681 3291/3291/3291
f 3681/3681/3681 3682/3682/3682 3291/3291/3291
f 3291/3291/3291 3682/3682/3682 3292/3292/3292
f 3682/3682/3682 3683/3683/3683 3292/3292/3292
f 3292/3292/3292 3683/3683/3683 3293/3293/3293
f 3683/3683/3683 3684/3684/3684 3293/3293/3293
f 3293/3293/3293 3684/3684/3684 3294/3294/3294
f 3684/3684/3684 3685/3685/3685 3294/3294/3294
f 3294/3294/3294 3685/3685/3685 3295/3295/3295
f 3685/3685/3685 3686/3686/3686 3295/3295/3295
f 3295/3295/3295 3686/3686/3686 3296/3296/3296
f 3686/3686/3686 3687/3687/3687 3296/3296/3296
f 3296/3296/3296 3687/3687/3687 3297/3297/3297
f 3687/3687/3687 3688/3688/3688 3297/3297/3297
f 3297/3297/3297 3688/3688/3688 3298/3298/3298
f 3688/3688/3688 3689/3689/3689 3298/3298/3298
f 3298/3298/3298 3689/3689/3689 3299/3299/3299
f 3689/3689/3689 3690/3690/3690 3299/3299/3299
f 3299/3299/3299 3690/3690/3690 3300/3300/3300
f 3690/3690/3690 3691/3691/3691 3300/3300/3300
f 3300/3300/3300 3691/3691/3691 3301/3301/3301
f 3691/3691/3691 3692/3692/3692 3301/3301/3301
f 3301/3301/3301 3692/3692/3692 3302/3302/3302
f 3692/3692/3692 3693/3693/3693 3302/3302/3302
f 3302/3302/3302 3693/3693/3693 3303/3303/3303
f 3693/3693/3693 3694/3694/3694 3303/3303/3303
f 3303/3303/3303 3694/3694/3694 3304/3304/3304
f 3694/3694/3694 3695/3695/3695 3304/3304/3304
f 3304/3304/3304 3695/3695/3695 3305/3305/3305
f 3695/3695/3695 3696/3696/3696 3305/3305/3305
f 3305/3305/3305 3696/3696/3696 3306/3306/3306
f 3696/3696/3696 3697/3697/3697 3306/3306/3306
f 3306/3306/3306 3697/3697/3697 3307/3307/3307
f 3697/3697/3697 3698/3698/3698 3307/3307/3307
f 3307/3307/3307 3698/3698/3698 3308/3308/3308
f 3698/3698/3698 3699/3699/3699 3308/3308/3308
f 3308/3308/3308 3699/3699/3699 3309/3309/3309
f 3699/3699/3699 3700/3700/3700 3309/3309/3309
f 3309/3309/3309 3700/3700/3700 3310/3310/3310
f 3700/3700/3700 3701/3701/3701 3310/3310/3310
f 3310/3310/3310 3701/3701/3701 3311/3311/3311
f 3701/3701/3701 3702/3702/3702 3311/3311/3311
f 3311/3311/3311 3702/3702/3702 3312/3312/3312
f 3702/3702/3702 3703/3703/3703 3312/3312/3312
f 3312/3312/3312 3703/3703/3703 3313/3313/3313
f 3703/3703/3703 3704/3704/3704 3313/3313/3313
f 3313/3313/3313 3704/3704/3704 3314/3314/3314
f 3704/3704/3704 3705/3705/3705 3314/3314/3314
f 3314/3314/3314 3705/3705/3705 3315/3315/3315
f 3705/3705/3705 3706/3706/3706 3315/3315/3315
f 3315/3315/3315 3706/3706/3706 3316/3316/3316
f 3706/3706/3706 3707/3707/3707 3316/3316/3316
f 3316/3316/3316 3707/3707/3707 3317/3317/3317
f 3707/3707/3707 3708/3708/3708 3317/3317/3317
f 3317/3317/3317 3708/3708/3708 3318/3318/3318
f 3708/3708/3708 3709/3709/3709 3318/3318/3318
f 3318/3318/3318 3709/3709/3709 3319/3319/3319
f 3709/3709/3709 3710/3710/3710 3319/3319/3319
f 3319/3319/3319 3710/3710/3710 3320/3320/3320
f 3710/3710/3710 3711/3711/3711 3320/3320/3320
f 3320/3320/3320 3711/3711/3711 3321/3321/3321
f 3711/3711/3711 3712/3712/3712 3321/3321/3321
f 3321/3321/3321 3712/3712/3712 3322/3322/3322
f 3712/3712/3712 3713/3713/3713 3322/3322/3322
f 3322/3322/3322 3713/3713/3713 3323/3323/3323
f 3713/3713/3713 3714/3714/3714 3323/3323/3323
f 3323/3323/3323 3714/3714/3714 3324/3324/3324
f 3714/3714/3714 3715/3715/3715 3324/3324/3324
f 3324/3324/3324 3715/3715/3715 3325/3325/3325
f 3715/3715/3715 3716/3716/3716 3325/3325/3325
f 3325/3325/3325 3716/3716/3716 3326/3326/3326
f 3716/3716/3716 3717/3717/3717 3326/3326/3326
f 3326/3326/3326 3717/3717/3717 3327/3327/3327
f 3717/3717/3717 3718/3718/3718 3327/3327/3327
f 3327/3327/3327 3718/3718/3718 3328/3328/3328
f 3718/3718/3718 3719/3719/3719 3328/3328/3328
f 3328/3328/3328 3719/3719/3719 3329/3329/3329
f 3719/3719/3719 3720/3720/3720 3329/3329/3329
f 3329/3329/3329 3720/3720/3720 3330/3330/3330
f 3720/3720/3720 3721/3721/3721 3330/3330/3330
f 3330/3330/3330 3721/3721/3721 3331/3331/3331
f 3721/3721/3721 3722/3722/3722 3331/3331/3331
f 3331/3331/3331 3722/3722/3722 3332/3332/3332
f 3722/3722/3722 3723/3723/3723 3332/3332/3332
f 3332/3332/3332 3723/3723/3723 3333/3333/3333
f 3723/3723/3723 3724/3724/3724 3333/3333/3333
f 3333/3333/3333 3724/3724/3724 3334/3334/3334
f 3724/3724/3724 3725/3725/3725 3334/3334/3334
f 3334/3334/3334 3725/3725/3725 3335/3335/3335
f 3725/3725/3725 3726/3726/3726 3335/3335/3335
f 3335/3335/3335 3726/3726/3726 3336/3336/3336
f 3726/3726/3726 3727/3727/3727 3336/3336/3336
f 3336/3336/3336 3727/3727/3727 3337/3337/3337
f 3727/3727/3727 3728/3728/3728 3337/3337/3337
f 3337/3337/3337 3728/3728/3728 3338/3338/3338
f 3728/3728/3728 3729/3729/3729 3338/3338/3338
f 3338/3338/3338 3729/3729/3729 3339/3339/3339
f 3729/3729/3729 3730/3730/3730 3339/3339/3339
f 3339/3339/3339 3730/3730/3730 3340/3340/3340
f 3730/3730/3730 3731/3731/3731 3340/3340/3340
f 3340/3340/3340 3731/3731/3731 3341/3341/3341
f 3731/3731/3731 3732/3732/3732 3341/3341/3341
f 3341/3341/3341 3732/3732/3732 3342/3342/3342
f 3732/3732/3732 3733/3733/3733 3342/3342/3342
f 3342/3342/3342 3733/3733/3733 3343/3343/3343
f 3733/3733/3733 3734/3734/3734 3343/3343/3343
f 3343/3343/3343 3734/3734/3734 3344/3344/3344
f 3734/3734/3734 3735/3735/3735 3344/3344/3344
f 3344/3344/3344 3735/3735/3735 3345/3345/3345
f 3735/3735/3735 3736/3736/3736 3345/3345/3345
f 3345/3345/3345 3736/3736/3736 3346/3346/3346
f 3736/3736/3736 3737/3737/3737 3346/3346/3346
f 3346/3346/3346 3737/3737/3737 3347/3347/3347
f 3737/3737/3737 3738/3738/3738 3347/3347/3347
f 3347/3347/3347 3738/3738/3738 3348/3348/3348
f 3738/3738/3738 3739/3739/3739 3348/3348/3348
f 3348/3348/3348 3739/3739/3739 3349/3349/3349
f 3739/3739/3739 3740/3740/3740 3349/3349/3349
f 3349/3349/3349 3740/3740/3740 3350/3350/3350
f 3740/3740/3740 3741/3741/3741 3350/3350/3350
f 3350/3350/3350 3741/3741/3741 3351/3351/3351
f 3741/3741/3741 3742/3742/3742 3351/3351/3351
f 3351/3351/3351 3742/3742/3742 3352/3352/3352
f 3742/3742/3742 3743/3743/3743 3352/3352/3352
f 3352/3352/3352 3743/3743/3743 3353/3353/3353
f 3743/3743/3743 3744/3744/3744 3353/3353/3353
f 3353/3353/3353 3744/3744/3744 3354/3354/3354
f 3744/3744/3744 3745/3745/3745 3354/3354/3354
f 3354/3354/3354 3745/3745/3745 3355/3355/3355
f 3745/3745/3745 3746/3746/3746 3355/3355/3355
f 3355/3355/3355 3746/3746/3746 3356/3356/3356
f 3746/3746/3746 3747/3747/3747 3356/3356/3356
f 3356/3356/3356 3747/3747/3747 3357/3357/3357
f 3747/3747/3747 3748/3748/3748 3357/3357/3357
f 3357/3357/3357 3748/3748/3748 3358/3358/3358
f 3748/3748/3748 3749/3749/3749 3358/3358/3358
f 3358/3358/3358 3749/3749/3749 3359/3359/3359
f 3749/3749/3749 3750/3750/3750 3359/3359/3359
f 3359/3359/3359 3750/3750/3750 3360/3360/3360
f 3750/3750/3750 3751/3751/3751 3360/3360/3360
f 3360/3360/3360 3751/3751/3751 3361/3361/3361
f 3751/3751/3751 3752/3752/3752 3361/3361/3361
f 3361/3361/3361 3752/3752/3752 3362/3362/3362
f 3752/3752/3752 3753/3753/3753 3362/3362/3362
f 3362/3362/3362 3753/3753/3753 3363/3363/3363
f 3753/3753/3753 3754/3754/3754 3363/3363/3363
f 3363/3363/3363 3754/3754/3754 3364/3364/3364
f 3754/3754/3754 3755/3755/3755 3364/3364/3364
f 3364/3364/3364 3755/3755/3755 3365/3365/3365
f 3755/3755/3755 3756/3756/3756 3365/3365/3365
f 3365/3365/3365 3756/3756/3756 3366/3366/3366
f 3756/3756/3756 3757/3757/3757 3366/3366/3366
f 3366/3366/3366 3757/3757/3757 3367/3367/3367
f 3757/3757/3757 3758/3758/3758 3367/3367/3367
f 3367/3367/3367 3758/3758/3758 3368/3368/3368
f 3758/3758/3758 3759/3759/3759 3368/3368/3368
f 3368/3368/3368 3759/3759/3759 3369/3369/3369
f 3759/3759/3759 3760/3760/3760 3369/3369/3369
f 3369/3369/3369 3760/3760/3760 3370/3370/3370
f 3760/3760/3760 3761/3761/3761 3370/3370/3370
f 3370/3370/3370 3761/3761/3761 3371/3371/3371
f 3761/3761/3761 3762/3762/3762 3371/3371/3371
f 3371/3371/3371 3762/3762/3762 3372/3372/3372
f 3762/3762/3762 3763/3763/3763 3372/3372/3372
f 3372/3372/3372 3763/3763/3763 3373/3373/3373
f 3763/3763/3763 3764/3764/3764 3373/3373/3373
f 3373/3373/3373 3764/3764/3764 3374/3374/3374
f 3764/3764/3764 3765/3765/3765 3374/3374/3374
f 3374/3374/3374 3765/3765/3765 3375/3375/3375
f 3765/3765/3765 3766/3766/3766 3375/3375/3375
f 3375/3375/3375 3766/3766/3766 3376/3376/3376
f 3766/3766/3766 3767/3767/3767 3376/3376/3376
f 3376/3376/3376 3767/3767/3767 3377/3377/3377
f 3767/3767/3767 3768/3768/3768 3377/3377/3377
f 3377/3377/3377 3768/3768/3768 3378/3378/3378
f 3768/3768/3768 3769/3769/3769 3378/3378/3378
f 3378/3378/3378 3769/3769/3769 3379/3379/3379
f 3769/3769/3769 3770/3770/3770 3379/3379/3379
f 3379/3379/3379 3770/3770/3770 3380/3380/3380
f 3770/3770/3770 3771/3771/3771 3380/3380/3380
f 3380/3380/3380 3771/3771/3771 3381/3381/3381
f 3771/3771/3771 3772/3772/3772 3381/3381/3381
f 3381/3381/3381 3772/3772/3772 3382/3382/3382
f 3772/3772/3772 3773/3773/3773 3382/3382/3382
f 3382/3382/3382 3773/3773/3773 3383/3383/3383
f 3773/3773/3773 3774/3774/3774 3383/3383/3383
f 3383/3383/3383 3774/3774/3774 3384/3384/3384
f 3774/3774/3774 3775/3775/3775 3384/3384/3384
f 3384/3384/3384 3775/3775/3775 3385/3385/3385
f 3775/3775/3775 3776/3776/3776 3385/3385/3385
f 3385/3385/3385 3776/3776/3776 3386/3386/3386
f 3776/3776/3776 3777/3777/3777 3386/3386/3386
f 3386/3386/3386 3777/3777/3777 3387/3387/3387
f 3777/3777/3777 3778/3778/3778 3387/3387/3387
f 3387/3387/3387 3778/3778/3778 3388/3388/3388
f 3778/3778/3778 3779/3779/3779 3388/3388/3388
f 3388/3388/3388 3779/3779/3779 3389/3389/3389
f 3779/3779/3779 3780/3780/3780 3389/3389/3389
f 3389/3389/3389 3780/3780/3780 3390/3390/3390
f 3780/3780/3780 3781/3781/3781 3390/3390/3390
f 3390/3390/3390 3781/3781/3781 3391/3391/3391
f 3781/3781/3781 3782/3782/3782 3391/3391/3391
f 3391/3391/3391 3782/3782/3782 3392/3392/3392
f 3782/3782/3782 3783/3783/3783 3392/3392/3392
f 3392/3392/3392 3783/3783/3783 3393/3393/3393
f 3783/3783/3783 3784/3784/3784 3393/3393/3393
f 3393/3393/3393 3784/3784/3784 3394/3394/3394
f 3784/3784/3784 3785/3785/3785 3394/3394/3394
f 3394/3394/3394 3785/3785/3785 3395/3395/3395
f 3785/3785/3785 3786/3786/3786 3395/3395/3395
f 3395/3395/3395 3786/3786/3786 3396/3396/3396
f 3786/3786/3786 3787/3787/3787 3396/3396/3396
f 3396/3396/3396 3787/3787/3787 3397/3397/3397
f 3787/3787/3787 3788/3788/3788 3397/3397/3397
f 3397/3397/3397 3788/3788/3788 3398/3398/3398
f 3788/3788/3788 3789/3789/3789 3398/3398/3398
f 3398/3398/3398 3789/3789/3789 3399/3399/3399
f 3789/3789/3789 3790/3790/3790 3399/3399/3399
f 3399/3399/3399 3790/3790/3790 3400/3400/3400
f 3790/3790/3790 3791/3791/3791 3400/3400/3400
f 3400/3400/3400 3791/3791/3791 3401/3401/3401
f 3791/3791/3791 3792/3792/3792 3401/3401/3401
f 3401/3401/3401 3792/3792/3792 3402/3402/3402
f 3792/3792/3792 3793/3793/3793 3402/3402/3402
f 3402/3402/3402 3793/3793/3793 3403/3403/3403
f 3793/3793/3793 3794/3794/3794 3403/3403/3403
f 3403/3403/3403 3794/3794/3794 3404/3404/3404
f 3794/3794/3794 3795/3795/3795 3404/3404/3404
f 3404/3404/3404 3795/3795/3795 3405/3405/3405
f 3795/3795/3795 3796/3796/3796 3405/3405/3405
f 3405/3405/3405 3796/3796/3796 3406/3406/3406
f 3796/3796/3796 3797/3797/3797 3406/3406/3406
f 3406/3406/3406 3797/3797/3797 3407/3407/3407
f 3797/3797/3797 3798/3798/3798 3407/3407/3407
f 3407/3407/3407 3798/3798/3798 3408/3408/3408
f 3798/3798/3798 3799/3799/3799 3408/3408/3408
f 3408/3408/3408 3799/3799/3799 3409/3409/3409
f 3799/3799/3799 3800/3800/3800 3409/3409/3409
f 3409/3409/3409 3800/3800/3800 3410/3410/3410
f 3800/3800/3800 3801/3801/3801 3410/3410/3410
f 3410/3410/3410 3801/3801/3801 3411/3411/3411
f 3801/3801/3801 3802/3802/3802 3411/3411/3411
f 3411/3411/3411 3802/3802/3802 3412/3412/3412
f 3802/3802/3802 3803/3803/3803 3412/3412/3412
f 3412/3412/3412 3803/3803/3803 3413/3413/3413
f 3803/3803/3803 3804/3804/3804 3413/3413/3413
f 3413/3413/3413 3804/3804/3804 3414/3414/3414
f 3804/3804/3804 3805/3805/3805 3414/3414/3414
f 3414/3414/3414 3805/3805/3805 3415/3415/3415
f 3805/3805/3805 3806/3806/3806 3415/3415/3415
f 3415/3415/3415 3806/3806/3806 3416/3416/3416
f 3806/3806/3806 3807/3807/3807 3416/3416/3416
f 3416/3416/3416 3807/3807/3807 3417/3417/3417
f 3807/3807/3807 3808/3808/3808 3417/3417/3417
f 3417/3417/3417 3808/3808/3808 3418/3418/3418
f 3808/3808/3808 3809/3809/3809 3418/3418/3418
f 3418/3418/3418 3809/3809/3809 3419/3419/3419
f 3809/3809/3809 3810/3810/3810 3419/3419/3419
f 3419/3419/3419 3810/3810/3810 3420/3420/3420
f 3810/3810/3810 3811/3811/3811 3420/3420/3420
f 3420/3420/3420 3811/3811/3811 3421/3421/3421
f 3811/3811/3811 3812/3812/3812 3421/3421/3421
f 3421/3421/3421 3812/3812/3812 3422/3422/3422
f 3812/3812/3812 3813/3813/3813 3422/3422/3422
f 3422/3422/3422 3813/3813/3813 3423/3423/3423
f 3813/3813/3813 3814/3814/3814 3423/3423/3423
f 3423/3423/3423 3814/3814/3814 3424/3424/3424
f 3814/3814/3814 3815/3815/3815 3424/3424/3424
f 3424/3424/3424 3815/3815/3815 3425/3425/3425
f 3815/3815/3815 3816/3816/3816 3425/3425/3425
f 3425/3425/3425 3816/3816/3816 3426/3426/3426
f 3816/3816/3816 3817/3817/3817 3426/3426/3426
f 3426/3426/3426 3817/3817/3817 3427/3427/3427
f 3817/3817/3817 3818/3818/3818 3427/3427/3427
f 3427/3427/3427 3818/3818/3818 3428/3428/3428
f 3818/3818/3818 3819/3819/3819 3428/3428/3428
f 3428/3428/3428 3819/3819/3819 3429/3429/3429
f 3819/3819/3819 3820/3820/3820 3429/3429/3429
f 3429/3429/3429 3820/3820/3820 3430/3430/3430
f 3820/3820/3820 3821/3821/3821 3430/3430/3430
f 3430/3430/3430 3821/3821/3821 3431/3431/3431
f 3821/3821/3821 3822/3822/3822 3431/3431/3431
f 3431/3431/3431 3822/3822/3822 3432/3432/3432
f 3822/3822/3822 3823/3823/3823 3432/3432/3432
f 3432/3432/3432 3823/3823/3823 3433/3433/3433
f 3823/3823/3823 3824/3824/3824 3433/3433/3433
f 3433/3433/3433 3824/3824/3824 3434/3434/3434
f 3824/3824/3824 3825/3825/3825 3434/3434/3434
f 3434/3434/3434 3825/3825/3825 3435/3435/3435
f 3825/3825/3825 3826/3826/3826 3435/3435/3435
f 3435/3435/3435 3826/3826/3826 3436/3436/3436
f 3826/3826/3826 3827/3827/3827 3436/3436/3436
f 3436/3436/3436 3827/3827/3827 3437/3437/3437
f 3827/3827/3827 3828/3828/3828 3437/3437/3437
f 3437/3437/3437 3828/3828/3828 3438/3438/3438
f 3828/3828/3828 3829/3829/3829 3438/3438/3438
f 3438/3438/3438 3829/3829/3829 3439/3439/3439
f 3829/3829/3829 3830/3830/3830 3439/3439/3439
f 3439/3439/3439 3830/3830/3830 3440/3440/3440
f 3830/3830/3830 3831/3831/3831 3440/3440/3440
f 3440/3440/3440 3831/3831/3831 3441/3441/3441
f 3831/3831/3831 3832/3832/3832 3441/3441/3441
f 3441/3441/3441 3832/3832/3832 3442/3442/3442
f 3832/3832/3832 3833/3833/3833 3442/3442/3442
f 3442/3442/3442 3833/3833/3833 3443/3443/3443
f 3833/3833/3833 3834/3834/3834 3443/3443/3443
f 3443/3443/3443 3834/3834/3834 3444/3444/3444
f 3834/3834/3834 3835/3835/3835 3444/3444/3444
f 3444/3444/3444 3835/3835/3835 3445/3445/3445
f 3835/3835/3835 3836/3836/3836 3445/3445/3445
f 3445/3445/3445 3836/3836/3836 3446/3446/3446
f 3836/3836/3836 3837/3837/3837 3446/3446/3446
f 3446/3446/3446 3837/3837/3837 3447/3447/3447
f 3837/3837/3837 3838/3838/3838 3447/3447/3447
f 3447/3447/3447 3838/3838/3838 3448/3448/3448
f 3838/3838/3838 3839/3839/3839 3448/3448/3448
f 3448/3448/3448 3839/3839/3839 3449/3449/3449
f 3839/3839/3839 3840/3840/3840 3449/3449/3449
f 3449/3449/3449 3840/3840/3840 3450/3450/3450
f 3840/3840/3840 3841/3841/3841 3450/3450/3450
f 3450/3450/3450 3841/3841/3841 3451/3451/3451
f 3841/3841/3841 3842/3842/3842 3451/3451/3451
f 3451/3451/3451 3842/3842/3842 3452/3452/3452
f 3842/3842/3842 3843/3843/3843 3452/3452/3452
f 3452/3452/3452 3843/3843/3843 3453/3453/3453
f 3843/3843/3843 3844/3844/3844 3453/3453/3453
f 3453/3453/3453 3844/3844/3844 3454/3454/3454
f 3844/3844/3844 3845/3845/3845 3454/3454/3454
f 3454/3454/3454 3845/3845/3845 3455/3455/3455
f 3845/3845/3845 3846/3846/3846 3455/3455/3455
f 3455/3455/3455 3846/3846/3846 3456/3456/3456
f 3846/3846/3846 3847/3847/3847 3456/3456/3456
f 3456/3456/3456 3847/3847/3847 3457/3457/3457
f 3847/3847/3847 3848/3848/3848 3457/3457/3457
f 3457/3457/3457 3848/3848/3848 3458/3458/3458
f 3848/3848/3848 3849/3849/3849 3458/3458/3458
f 3458/3458/3458 3849/3849/3849 3459/3459/3459
f 3849/3849/3849 3850/3850/3850 3459/3459/3459
f 3459/3459/3459 3850/3850/3850 3460/3460/3460
f 3850/3850/3850 3851/3851/3851 3460/3460/3460
f 3460/3460/3460 3851/3851/3851 3461/3461/3461
f 3851/3851/3851 3852/3852/3852 3461/3461/3461
f 3461/3461/3461 3852/3852/3852 3462/3462/3462
f 3852/3852/3852 3853/3853/3853 3462/3462/3462
f 3462/3462/3462 3853/3853/3853 3463/3463/3463
f 3853/3853/3853 3854/3854/3854 3463/3463/3463
f 3463/3463/3463 3854/3854/3854 3464/3464/3464
f 3854/3854/3854 3855/3855/3855 3464/3464/3464
f 3464/3464/3464 3855/3855/3855 3465/3465/3465
f 3855/3855/3855 3856/3856/3856 3465/3465/3465
f 3465/3465/3465 3856/3856/3856 3466/3466/3466
f 3856/3856/3856 3857/3857/3857 3466/3466/3466
f 3466/3466/3466 3857/3857/3857 3467/3467/3467
f 3857/3857/3857 3858/3858/3858 3467/3467/3467
f 3467/3467/3467 3858/3858/3858 3468/3468/3468
f 3858/3858/3858 3859/3859/3859 3468/3468/3468
f 3468/3468/3468 3859/3859/3859 3469/3469/3469
f 3859/3859/3859 3860/3860/3860 3469/3469/3469
f 3469/3469/3469 3860/3860/3860 3470/3470/3470
f 3860/3860/3860 3861/3861/3861 3470/3470/3470
f 3470/3470/3470 3861/3861/3861 3471/3471/3471
f 3861/3861/3861 3862/3862/3862 3471/3471/3471
f 3471/3471/3471 3862/3862/3862 3472/3472/3472
f 3862/3862/3862 3863/3863/3863 3472/3472/3472
f 3472/3472/3472 3863/3863/3863 3473/3473/3473
f 3863/3863/3863 3864/3864/3864 3473/3473/3473
f 3473/3473/3473 3864/3864/3864 3474/3474/3474
f 3864/3864/3864 3865/3865/3865 3474/3474/3474
f 3474/3474/3474 3865/3865/3865 3475/3475/3475
f 3865/3865/3865 3866/3866/3866 3475/3475/3475
f 3475/3475/3475 3866/3866/3866 3476/3476/3476
f 3866/3866/3866 3867/3867/3867 3476/3476/3476
f 3476/3476/3476 3867/3867/3867 3477/3477/3477
f 3867/3867/3867 3868/3868/3868 3477/3477/3477
f 3477/3477/3477 3868/3868/3868 3478/3478/3478
f 3868/3868/3868 3869/3869/3869 3478/3478/3478
f 3478/3478/3478 3869/3869/3869 3479/3479/3479
f 3869/3869/3869 3870/3870/3870 3479/3479/3479
f 3479/3479/3479 3870/3870/3870 3480/3480/3480
f 3870/3870/3870 3871/3871/3871 3480/3480/3480
f 3480/3480/3480 3871/3871/3871 3481/3481/3481
f 3871/3871/3871 3872/3872/3872 3481/3481/3481
f 3481/3481/3481 3872/3872/3872 3482/3482/3482
f 3872/3872/3872 3873/3873/3873 3482/3482/3482
f 3482/3482/3482 3873/3873/3873 3483/3483/3483
f 3873/3873/3873 3874/3874/3874 3483/3483/3483
f 3483/3483/3483 3874/3874/3874 3484/3484/3484
f 3874/3874/3874 3875/3875/3875 3484/3484/3484
f 3484/3484/3484 3875/3875/3875 3485/3485/3485
f 3875/3875/3875 3876/3876/3876 3485/3485/3485
f 3485/3485/3485 3876/3876/3876 3486/3486/3486
f 3876/3876/3876 3877/3877/3877 3486/3486/3486
f 3486/3486/3486 3877/3877/3877 3487/3487/3487
f 3877/3877/3877 3878/3878/3878 3487/3487/3487
f 3487/3487/3487 3878/3878/3878 3488/3488/3488
f 3878/3878/3878 3879/3879/3879 3488/3488/3488
f 3488/3488/3488 3879/3879/3879 3489/3489/3489
f 3879/3879/3879 3880/3880/3880 3489/3489/3489
f 3489/3489/3489 3880/3880/3880 3490/3490/3490
f 3880/3880/3880 3881/3881/3881 3490/3490/3490
f 3490/3490/3490 3881/3881/3881 3491/3491/3491
f 3881/3881/3881 3882/3882/3882 3491/3491/3491
f 3491/3491/3491 3882/3882/3882 3492/3492/3492
f 3882/3882/3882 3883/3883/3883 3492/3492/3492
f 3492/3492/3492 3883/3883/3883 3493/3493/3493
f 3883/3883/3883 3884/3884/3884 3493/3493/3493
f 3493/3493/3493 3884/3884/3884 3494/3494/3494
f 3884/3884/3884 3885/3885/3885 3494/3494/3494
f 3494/3494/3494 3885/3885/3885 3495/3495/3495
f 3885/3885/3885 3886/3886/3886 3495/3495/3495
f 3495/3495/3495 3886/3886/3886 3496/3496/3496
f 3886/3886/3886 3887/3887/3887 3496/3496/3496
f 3496/3496/3496 3887/3887/3887 3497/3497/3497
f 3887/3887/3887 3888/3888/3888 3497/3497/3497
f 3497/3497/3497 3888/3888/3888 3498/3498/3498
f 3888/3888/3888 3889/3889/3889 3498/3498/3498
f 3498/3498/3498 3889/3889/3889 3499/3499/3499
f 3889/3889/3889 3890/3890/3890 3499/3499/3499
f 3499/3499/3499 3890/3890/3890 3500/3500/3500
f 3890/3890/3890 3891/3891/3891 3500/3500/3500
f 3500/3500/3500 3891/3891/3891 3501/3501/3501
f 3891/3891/3891 3892/3892/3892 3501/3501/3501
f 3501/3501/3501 3892/3892/3892 3502/3502/3502
f 3892/3892/3892 3893/3893/3893 3502/3502/3502
f 3502/3502/3502 3893/3893/3893 3503/3503/3503
f 3893/3893/3893 3894/3894/3894 3503/3503/3503
f 3503/3503/3503 3894/3894/3894 3504/3504/3504
f 3894/3894/3894 3895/3895/3895 3504/3504/3504
f 3504/3504/3504 3895/3895/3895 3505/3505/3505
f 3895/3895/3895 3896/3896/3896 3505/3505/3505
f 3505/3505/3505 3896/3896/3896 3506/3506/3506
f 3896/3896/3896 3897/3897/3897 3506/3506/3506
f 3506/3506/3506 3897/3897/3897 3507/3507/3507
f 3897/3897/3897 3898/3898/3898 3507/3507/3507
f 3507/3507/3507 3898/3898/3898 3508/3508/3508
f 3898/3898/3898 3899/3899/3899 3508/3508/3508
f 3508/3508/3508 3899/3899/3899 3509/3509/3509
f 3899/3899/3899 3900/3900/3900 3509/3509/3509
f 3509/3509/3509 3900/3900/3900 3510/3510/3510
f 3900/3900/3900 3511/3511/3511 3510/3510/3510
f 3510/3510/3510 3511/3511/3511 3121/3121/3121
f 4291/4291/4291 4292/4292/4292 3901/3901/3901
f 3901/3901/3901 4292/4292/4292 3902/3902/3902
f 4292/4292/4292 4293/4293/4293 3902/3902/3902
f 3902/3902/3902 4293/4293/4293 3903/3903/3903
f 4293/4293/4293 4294/4294/4294 3903/3903/3903
f 3903/3903/3903 4294/4294/4294 3904/3904/3904
f 4294/4294/4294 4295/4295/4295 3904/3904/3904
f 3904/3904/3904 4295/4295/4295 3905/3905/3905
f 4295/4295/4295 4296/4296/4296 3905/3905/3905
f 3905/3905/3905 4296/4296/4296 3906/3906/3906
f 4296/4296/4296 4297/4297/4297 3906/3906/3906
f 3906/3906/3906 4297/4297/4297 3907/3907/3907
f 4297/4297/4297 4298/4298/4298 3907/3907/3907
f 3907/3907/3907 4298/4298/4298 3908/3908/3908
f 4298/4298/4298 4299/4299/4299 3908/3908/3908
f 3908/3908/3908 4299/4299/4299 3909/3909/3909
f 4299/4299/4299 4300/4300/4300 3909/3909/3909
f 3909/3909/3909 4300/4300/4300 3910/3910/3910
f 4300/4300/4300 4301/4301/4301 3910/3910/3910
f 3910/3910/3910 4301/4301/4301 3911/3911/3911
f 4301/4301/4301 4302/4302/4302 3911/3911/3911
f 3911/3911/3911 4302/4302/4302 3912/3912/3912
f 4302/4302/4302 4303/4303/4303 3912/3912/3912
f 3912/3912/3912 4303/4303/4303 3913/3913/3913
f 4303/4303/4303 4304/4304/4304 3913/3913/3913
f 3913/3913/3913 4304/4304/4304 3914/3914/3914
f 4304/4304/4304 4305/4305/4305 3914/3914/3914
f 3914/3914/3914 4305/4305/4305 3915/3915/3915
f 4305/4305/4305 4306/4306/4306 3915/3915/3915
f 3915/3915/3915 4306/4306/4306 3916/3916/3916
f 4306/4306/4306 4307/4307/4307 3916/3916/3916
f 3916/3916/3916 4307/4307/4307 3917/3917/3917
f 4307/4307/4307 4308/4308/4308 3917/3917/3917
f 3917/3917/3917 4308/4308/4308 3918/3918/3918
f 4308/4308/4308 4309/4309/4309 3918/3918/3918
f 3918/3918/3918 4309/4309/4309 3919/3919/3919
f 4309/4309/4309 4310/4310/4310 3919/3919/3919
f 3919/3919/3919 4310/4310/4310 3920/3920/3920
f 4310/4310/4310 4311/4311/4311 3920/3920/3920
f 3920/3920/3920 4311/4311/4311 3921/3921/3921
f 4311/4311/4311 4312/4312/4312 3921/3921/3921
f 3921/3921/3921 4312/4312/4312 3922/3922/3922
f 4312/4312/4312 4313/4313/4313 3922/3922/3922
f 3922/3922/3922 4313/4313/4313 3923/3923/3923
f 4313/4313/4313 4314/4314/4314 3923/3923/3923
f 3923/3923/3923 4314/4314/4314 3924/3924/3924
f 4314/4314/4314 4315/4315/4315 3924/3924/3924
f 3924/3924/3924 4315/4315/4315 3925/3925/3925
f 4315/4315/4315 4316/4316/4316 3925/3925/3925
f 3925/3925/3925 4316/4316/4316 3926/3926/3926
f 4316/4316/4316 4317/4317/4317 3926/3926/3926
f 3926/3926/3926 4317/4317/4317 3927/3927/3927
f 4317/4317/4317 4318/4318/4318 3927/3927/3927
f 3927/3927/3927 4318/4318/4318 3928/3928/3928
f 4318/4318/4318 4319/4319/4319 3928/3928/3928
f 3928/3928/3928 4319/4319/4319 3929/3929/3929
f 4319/4319/4319 4320/4320/4320 3929/3929/3929
f 3929/3929/3929 4320/4320/4320 3930/3930/3930
f 4320/4320/4320 4321/4321/4321 3930/3930/3930
f 3930/3930/3930 4321/4321/4321 3931/3931/3931
f 4321/4321/4321 4322/4322/4322 3931/3931/3931
f 3931/3931/3931 4322/4322/4322 3932/3932/3932
f 4322/4322/4322 4323/4323/4323 3932/3932/3932
f 3932/3932/3932 4323/4323/4323 3933/3933/3933
f 4323/4323/4323 4324/4324/4324 3933/3933/3933
f 3933/3933/3933 4324/4324/4324 3934/3934/3934
f 4324/4324/4324 4325/4325/4325 3934/3934/3934
f 3934/3934/3934 4325/4325/4325 3935/3935/3935
f 4325/4325/4325 4326/4326/4326 3935/3935/3935
f 3935/3935/3935 4326/4326/4326 3936/3936/3936
f 4326/4326/4326 4327/4327/4327 3936/3936/3936
f 3936/3936/3936 4327/4327/4327 3937/3937/3937
f 4327/4327/4327 4328/4328/4328 3937/3937/3937
f 3937/3937/3937 4328/4328/4328 3938/3938/3938
f 4328/4328/4328 4329/4329/4329 3938/3938/3938
f 3938/3938/3938 4329/4329/4329 3939/3939/3939
f 4329/4329/4329 4330/4330/4330 3939/3939/3939
f 3939/3939/3939 4330/4330/4330 3940/3940/3940
f 4330/4330/4330 4331/4331/4331 3940/3940/3940
f 3940/3940/3940 4331/4331/4331 3941/3941/3941
f 4331/4331/4331 4332/4332/4332 3941/3941/3941
f 3941/3941/3941 4332/4332/4332 3942/3942/3942
f 4332/4332/4332 4333/4333/4333 3942/3942/3942
f 3942/3942/3942 4333/4333/4333 3943/3943/3943
f 4333/4333/4333 4334/4334/4334 3943/3943/3943
f 3943/3943/3943 4334/4334/4334 3944/3944/3944
f 4334/4334/4334 4335/4335/4335 3944/3944/3944
f 3944/3944/3944 4335/4335/4335 3945/3945/3945
f 4335/4335/4335 4336/4336/4336 3945/3945/3945
f 3945/3945/3945 4336/4336/4336 3946/3946/3946
f 4336/4336/4336 4337/4337/4337 3946/3946/3946
f 3946/3946/3946 4337/4337/4337 3947/3947/3947
f 4337/4337/4337 4338/4338/4338 3947/3947/3947
f 3947/3947/3947 4338/4338/4338 3948/3948/3948
f 4338/4338/4338 4339/4339/4339 3948/3948/3948
f 3948/3948/3948 4339/4339/4339 3949/3949/3949
f 4339/4339/4339 4340/4340/4340 3949/3949/3949
f 3949/3949/3949 4340/4340/4340 3950/3950/3950
f 4340/4340/4340 4341/4341/4341 3950/3950/3950
f 3950/3950/3950 4341/4341/4341 3951/3951/3951
f 4341/4341/4341 4342/4342/4342 3951/3951/3951
f 3951/3951/3951 4342/4342/4342 3952/3952/3952
f 4342/4342/4342 4343/4343/4343 3952/3952/3952
f 3952/3952/3952 4343/4343/4343 3953/3953/3953
f 4343/4343/4343 4344/4344/4344 3953/3953/3953
f 3953/3953/3953 4344/4344/4344 3954/3954/3954
f 4344/4344/4344 4345/4345/4345 3954/3954/3954
f 3954/3954/3954 4345/4345/4345 3955/3955/3955
f 4345/4345/4345 4346/4346/4346 3955/3955/3955
f 3955/3955/3955 4346/4346/4346 3956/3956/3956
f 4346/4346/4346 4347/4347/4347 3956/3956/3956
f 3956/3956/3956 4347/4347/4347 3957/3957/3957
f 4347/4347/4347 4348/4348/4348 3957/3957/3957
f 3957/3957/3957 4348/4348/4348 3958/3958/3958
f 4348/4348/4348 4349/4349/4349 3958/3958/3958
f 3958/3958/3958 4349/4349/4349 3959/3959/3959
f 4349/4349/4349 4350/4350/4350 3959/3959/3959
f 3959/3959/3959 4350/4350/4350 3960/3960/3960
f 4350/4350/4350 4351/4351/4351 3960/3960/3960
f 3960/3960/3960 4351/4351/4351 3961/3961/3961
f 4351/4351/4351 4352/4352/4352 3961/3961/3961
f 3961/3961/3961 4352/4352/4352 3962/3962/3962
f 4352/4352/4352 4353/4353/4353 3962/3962/3962
f 3962/3962/3962 4353/4353/4353 3963/3963/3963
f 4353/4353/4353 4354/4354/4354 3963/3963/3963
f 3963/3963/3963 4354/4354/4354 3964/3964/3964
f 4354/4354/4354 4355/4355/4355 3964/3964/3964
f 3964/3964/3964 4355/4355/4355 3965/3965/3965
f 4355/4355/4355 4356/4356/4356 3965/3965/3965
f 3965/3965/3965 4356/4356/4356 3966/3966/3966
f 4356/4356/4356 4357/4357/4357 3966/3966/3966
f 3966/3966/3966 4357/4357/4357 3967/3967/3967
f 4357/4357/4357 4358/4358/4358 3967/3967/3967
f 3967/3967/3967 4358/4358/4358 3968/3968/3968
f 4358/4358/4358 4359/4359/4359 3968/3968/3968
f 3968/3968/3968 4359/4359/4359 3969/3969/3969
f 4359/4359/4359 4360/4360/4360 3969/3969/3969
f 3969/3969/3969 4360/4360/4360 3970/3970/3970
f 4360/4360/4360 4361/4361/4361 3970/3970/3970
f 3970/3970/3970 4361/4361/4361 3971/3971/3971
f 4361/4361/4361 4362/4362/4362 3971/3971/3971
f 3971/3971/3971 4362/4362/4362 3972/3972/3972
f 4362/4362/4362 4363/4363/4363 3972/3972/3972
f 3972/3972/3972 4363/4363/4363 3973/3973/3973
f 4363/4363/4363 4364/4364/4364 3973/3973/3973
f 3973/3973/3973 4364/4364/4364 3974/3974/3974
f 4364/4364/4364 4365/4365/4365 3974/3974/3974
f 3974/3974/3974 4365/4365/4365 3975/3975/3975
f 4365/4365/4365 4366/4366/4366 3975/3975/3975
f 3975/3975/3975 4366/4366/4366 3976/3976/3976
f 4366/4366/4366 4367/4367/4367 3976/3976/3976
f 3976/3976/3976 4367/4367/4367 3977/3977/3977
f 4367/4367/4367 4368/4368/4368 3977/3977/3977
f 3977/3977/3977 4368/4368/4368 3978/3978/3978
f 4368/4368/4368 4369/4369/4369 3978/3978/3978
f 3978/3978/3978 4369/4369/4369 3979/3979/3979
f 4369/4369/4369 4370/4370/4370 3979/3979/3979
f 3979/3979/3979 4370/4370/4370 3980/3980/3980
f 4370/4370/4370 4371/4371/4371 3980/3980/3980
f 3980/3980/3980 4371/4371/4371 3981/3981/3981
f 4371/4371/4371 4372/4372/4372 3981/3981/3981
f 3981/3981/3981 4372/4372/4372 3982/3982/3982
f 4372/4372/4372 4373/4373/4373 3982/3982/3982
f 3982/3982/3982 4373/4373/4373 3983/3983/3983
f 4373/4373/4373 4374/4374/4374 3983/3983/3983
f 3983/3983/3983 4374/4374/4374 3984/3984/3984
f 4374/4374/4374 4375/4375/4375 3984/3984/3984
f 3984/3984/3984 4375/4375/4375 3985/3985/3985
f 4375/4375/4375 4376/4376/4376 3985/3985/3985
f 3985/3985/3985 4376/4376/4376 3986/3986/3986
f 4376/4376/4376 4377/4377/4377 3986/3986/3986
f 3986/3986/3986 4377/4377/4377 3987/3987/3987
f 4377/4377/4377 4378/4378/4378 3987/3987/3987
f 3987/3987/3987 4378/4378/4378 3988/3988/3988
f 4378/4378/4378 4379/4379/4379 3988/3988/3988
f 3988/3988/3988 4379/4379/4379 3989/3989/3989
f 4379/4379/4379 4380/4380/4380 3989/3989/3989
f 3989/3989/3989 4380/4380/4380 3990/3990/3990
f 4380/4380/4380 4381/4381/4381 3990/3990/3990
f 3990/3990/3990 4381/4381/4381 3991/3991/3991
f 4381/4381/4381 4382/4382/4382 3991/3991/3991
f 3991/3991/3991 4382/4382/4382 3992/3992/3992
f 4382/4382/4382 4383/4383/4383 3992/3992/3992
f 3992/3992/3992 4383/4383/4383 3993/3993/3993
f 4383/4383/4383 4384/4384/4384 3993/3993/3993
f 3993/3993/3993 4384/4384/4384 3994/3994/3994
f 4384/4384/4384 4385/4385/4385 3994/3994/3994
f 3994/3994/3994 4385/4385/4385 3995/3995/3995
f 4385/4385/4385 4386/4386/4386 3995/3995/3995
f 3995/3995/3995 4386/4386/4386 3996/3996/3996
f 4386/4386/4386 4387/4387/4387 3996/3996/3996
f 3996/3996/3996 4387/4387/4387 3997/3997/3997
f 4387/4387/4387 4388/4388/4388 3997/3997/3997
f 3997/3997/3997 4388/4388/4388 3998/3998/3998
f 4388/4388/4388 4389/4389/4389 3998/3998/3998
f 3998/3998/3998 4389/4389/4389 3999/3999/3999
f 4389/4389/4389 4390/4390/4390 3999/3999/3999
f 3999/3999/3999 4390/4390/4390 4000/4000/4000
f 4390/4390/4390 4391/4391/4391 4000/4000/4000
f 4000/4000/4000 4391/4391/4391 4001/4001/4001
f 4391/4391/4391 4392/4392/4392 4001/4001/4001
f 4001/4001/4001 4392/4392/4392 4002/4002/4002
f 4392/4392/4392 4393/4393/4393 4002/4002/4002
f 4002/4002/4002 4393/4393/4393 4003/4003/4003
f 4393/4393/4393 4394/4394/4394 4003/4003/4003
f 4003/4003/4003 4394/4394/4394 4004/4004/4004
f 4394/4394/4394 4395/4395/4395 4004/4004/4004
f 4004/4004/4004 4395/4395/4395 4005/4005/4005
f 4395/4395/4395 4396/4396/4396 4005/4005/4005
f 4005/4005/4005 4396/4396/4396 4006/4006/4006
f 4396/4396/4396 4397/4397/4397 4006/4006/4006
f 4006/4006/4006 4397/4397/4397 4007/4007/4007
f 4397/4397/4397 4398/4398/4398 4007/4007/4007
f 4007/4007/4007 4398/4398/4398 4008/4008/4008
f 4398/4398/4398 4399/4399/4399 4008/4008/4008
f 4008/4008/4008 4399/4399/4399 4009/4009/4009
f 4399/4399/4399 4400/4400/4400 4009/4009/4009
f 4009/4009/4009 4400/4400/4400 4010/4010/4010
f 4400/4400/4400 4401/4401/4401 4010/4010/4010
f 4010/4010/4010 4401/4401/4401 4011/4011/4011
f 4401/4401/4401 4402/4402/4402 4011/4011/4011
f 4011/4011/4011 4402/4402/4402 4012/4012/4012
f 4402/4402/4402 4403/4403/4403 4012/4012/4012
f 4012/4012/4012 4403/4403/4403 4013/4013/4013
f 4403/4403/4403 4404/4404/4404 4013/4013/4013
f 4013/4013/4013 4404/4404/4404 4014/4014/4014
f 4404/4404/4404 4405/4405/4405 4014/4014/4014
f 4014/4014/4014 4405/4405/4405 4015/4015/4015
f 4405/4405/4405 4406/4406/4406 4015/4015/4015
f 4015/4015/4015 4406/4406/4406 4016/4016/4016
f 4406/4406/4406 4407/4407/4407 4016/4016/4016
f 4016/4016/4016 4407/4407/4407 4017/4017/4017
f 4407/4407/4407 4408/4408/4408 4017/4017/4017
f 4017/4017/4017 4408/4408/4408 4018/4018/4018
f 4408/4408/4408 4409/4409/4409 4018/4018/4018
f 4018/4018/4018 4409/4409/4409 4019/4019/4019
f 4409/4409/4409 4410/4410/4410 4019/4019/4019
f 4019/4019/4019 4410/4410/4410 4020/4020/4020
f 4410/4410/4410 4411/4411/4411 4020/4020/4020
f 4020/4020/4020 4411/4411/4411 4021/4021/4021
f 4411/4411/4411 4412/4412/4412 4021/4021/4021
f 4021/4021/4021 4412/4412/4412 4022/4022/4022
f 4412/4412/4412 4413/4413/4413 4022/4022/4022
f 4022/4022/4022 4413/4413/4413 4023/4023/4023
f 4413/4413/4413 4414/4414/4414 4023/4023/4023
f 4023/4023/4023 4414/4414/4414 4024/4024/4024
f 4414/4414/4414 4415/4415/4415 4024/4024/4024
f 4024/4024/4024 4415/4415/4415 4025/4025/4025
f 4415/4415/4415 4416/4416/4416 4025/4025/4025
f 4025/4025/4025 4416/4416/4416 4026/4026/4026
f 4416/4416/4416 4417/4417/4417 4026/4026/4026
f 4026/4026/4026 4417/4417/4417 4027/4027/4027
f 4417/4417/4417 4418/4418/4418 4027/4027/4027
f 4027/4027/4027 4418/4418/4418 4028/4028/4028
f 4418/4418/4418 4419/4419/4419 4028/4028/4028
f 4028/4028/4028 4419/4419/4419 4029/4029/4029
f 4419/4419/4419 4420/4420/4420 4029/4029/4029
f 4029/4029/4029 4420/4420/4420 4030/4030/4030
f 4420/4420/4420 4421/4421/4421 4030/4030/4030
f 4030/4030/4030 4421/4421/4421 4031/4031/4031
f 4421/4421/4421 4422/4422/4422 4031/4031/4031
f 4031/4031/4031 4422/4422/4422 4032/4032/4032
f 4422/4422/4422 4423/4423/4423 4032/4032/4032
f 4032/4032/4032 4423/4423/4423 4033/4033/4033
f 4423/4423/4423 4424/4424/4424 4033/4033/4033
f 4033/4033/4033 4424/4424/4424 4034/4034/4034
f 4424/4424/4424 4425/4425/4425 4034/4034/4034
f 4034/4034/4034 4425/4425/4425 4035/4035/4035
f 4425/4425/4425 4426/4426/4426 4035/4035/4035
f 4035/4035/4035 4426/4426/4426 4036/4036/4036
f 4426/4426/4426 4427/4427/4427 4036/4036/4036
f 4036/4036/4036 4427/4427/4427 4037/4037/4037
f 4427/4427/4427 4428/4428/4428 4037/4037/4037
f 4037/4037/4037 4428/4428/4428 4038/4038/4038
f 4428/4428/4428 4429/4429/4429 4038/4038/4038
f 4038/4038/4038 4429/4429/4429 4039/4039/4039
f 4429/4429/4429 4430/4430/4430 4039/4039/4039
f 4039/4039/4039 4430/4430/4430 4040/4040/4040
f 4430/4430/4430 4431/4431/4431 4040/4040/4040
f 4040/4040/4040 4431/4431/4431 4041/4041/4041
f 4431/4431/4431 4432/4432/4432 4041/4041/4041
f 4041/4041/4041 4432/4432/4432 4042/4042/4042
f 4432/4432/4432 4433/4433/4433 4042/4042/4042
f 4042/4042/4042 4433/4433/4433 4043/4043/4043
f 4433/4433/4433 4434/4434/4434 4043/4043/4043
f 4043/4043/4043 4434/4434/4434 4044/4044/4044
f 4434/4434/4434 4435/4435/4435 4044/4044/4044
f 4044/4044/4044 4435/4435/4435 4045/4045/4045
f 4435/4435/4435 4436/4436/4436 4045/4045/4045
f 4045/4045/4045 4436/4436/4436 4046/4046/4046
f 4436/4436/4436 4437/4437/4437 4046/4046/4046
f 4046/4046/4046 4437/4437/4437 4047/4047/4047
f 4437/4437/4437 4438/4438/4438 4047/4047/4047
f 4047/4047/4047 4438/4438/4438 4048/4048/4048
f 4438/4438/4438 4439/4439/4439 4048/4048/4048
f 4048/4048/4048 4439/4439/4439 4049/4049/4049
f 4439/4439/4439 4440/4440/4440 4049/4049/4049
f 4049/4049/4049 4440/4440/4440 4050/4050/4050
f 4440/4440/4440 4441/4441/4441 4050/4050/4050
f 4050/4050/4050 4441/4441/4441 4051/4051/4051
f 4441/4441/4441 4442/4442/4442 4051/4051/4051
f 4051/4051/4051 4442/4442/4442 4052/4052/4052
f 4442/4442/4442 4443/4443/4443 4052/4052/4052
f 4052/4052/4052 4443/4443/4443 4053/4053/4053
f 4443/4443/4443 4444/4444/4444 4053/4053/4053
f 4053/4053/4053 4444/4444/4444 4054/4054/4054
f 4444/4444/4444 4445/4445/4445 4054/4054/4054
f 4054/4054/4054 4445/4445/4445 4055/4055/4055
f 4445/4445/4445 4446/4446/4446 4055/4055/4055
f 4055/4055/4055 4446/4446/4446 4056/4056/4056
f 4446/4446/4446 4447/4447/4447 4056/4056/4056
f 4056/4056/4056 4447/4447/4447 4057/4057/4057
f 4447/4447/4447 4448/4448/4448 4057/4057/4057
f 4057/4057/4057 4448/4448/4448 4058/4058/4058
f 4448/4448/4448 4449/4449/4449 4058/4058/4058
f 4058/4058/4058 4449/4449/4449 4059/4059/4059
f 4449/4449/4449 4450/4450/4450 4059/4059/4059
f 4059/4059/4059 4450/4450/4450 4060/4060/4060
f 4450/4450/4450 4451/4451/4451 4060/4060/4060
f 4060/4060/4060 4451/4451/4451 4061/4061/4061
f 4451/4451/4451 4452/4452/4452 4061/4061/4061
f 4061/4061/4061 4452/4452/4452 4062/4062/4062
f 4452/4452/4452 4453/4453/4453 4062/4062/4062
f 4062/4062/4062 4453/4453/4453 4063/4063/4063
f 4453/4453/4453 4454/4454/4454 4063/4063/4063
f 4063/4063/4063 4454/4454/4454 4064/4064/4064
f 4454/4454/4454 4455/4455/4455 4064/4064/4064
f 4064/4064/4064 4455/4455/4455 4065/4065/4065
f 4455/4455/4455 4456/4456/4456 4065/4065/4065
f 4065/4065/4065 4456/4456/4456 4066/4066/4066
f 4456/4456/4456 4457/4457/4457 4066/4066/4066
f 4066/4066/4066 4457/4457/4457 4067/4067/4067
f 4457/4457/4457 4458/4458/4458 4067/4067/4067
f 4067/4067/4067 4458/4458/4458 4068/4068/4068
f 4458/4458/4458 4459/4459/4459 4068/4068/4068
f 4068/4068/4068 4459/4459/4459 4069/4069/4069
f 4459/4459/4459 4460/4460/4460 4069/4069/4069
f 4069/4069/4069 4460/4460/4460 4070/4070/4070
f 4460/4460/4460 4461/4461/4461 4070/4070/4070
f 4070/4070/4070 4461/4461/4461 4071/4071/4071
f 4461/4461/4461 4462/4462/4462 4071/4071/4071
f 4071/4071/4071 4462/4462/4462 4072/4072/4072
f 4462/4462/4462 4463/4463/4463 4072/4072/4072
f 4072/4072/4072 4463/4463/4463 4073/4073/4073
f 4463/4463/4463 4464/4464/4464 4073/4073/4073
f 4073/4073/4073 4464/4464/4464 4074/4074/4074
f 4464/4464/4464 4465/4465/4465 4074/4074/4074
f 4074/4074/4074 4465/4465/4465 4075/4075/4075
f 4465/4465/4465 4466/4466/4466 4075/4075/4075
f 4075/4075/4075 4466/4466/4466 4076/4076/4076
f 4466/4466/4466 4467/4467/4467 4076/4076/4076
f 4076/4076/4076 4467/4467/4467 4077/4077/4077
f 4467/4467/4467 4468/4468/4468 4077/4077/4077
f 4077/4077/4077 4468/4468/4468 4078/4078/4078
f 4468/4468/4468 4469/4469/4469 4078/4078/4078
f 4078/4078/4078 4469/4469/4469 4079/4079/4079
f 4469/4469/4469 4470/4470/4470 4079/4079/4079
f 4079/4079/4079 4470/4470/4470 4080/4080/4080
f 4470/4470/4470 4471/4471/4471 4080/4080/4080
f 4080/4080/4080 4471/4471/4471 4081/4081/4081
f 4471/4471/4471 4472/4472/4472 4081/4081/4081
f 4081/4081/4081 4472/4472/4472 4082/4082/4082
f 4472/4472/4472 4473/4473/4473 4082/4082/4082
f 4082/4082/4082 4473/4473/4473 4083/4083/4083
f 4473/4473/4473 4474/4474/4474 4083/4083/4083
f 4083/4083/4083 4474/4474/4474 4084/4084/4084
f 4474/4474/4474 4475/4475/4475 4084/4084/4084
f 4084/4084/4084 4475/4475/4475 4085/4085/4085
f 4475/4475/4475 4476/4476/4476 4085/4085/4085
f 4085/4085/4085 4476/4476/4476 4086/4086/4086
f 4476/4476/4476 4477/4477/4477 4086/4086/4086
f 4086/4086/4086 4477/4477/4477 4087/4087/4087
f 4477/4477/4477 4478/4478/4478 4087/4087/4087
f 4087/4087/4087 4478/4478/4478 4088/4088/4088
f 4478/4478/4478 4479/4479/4479 4088/4088/4088
f 4088/4088/4088 4479/4479/4479 4089/4089/4089
f 4479/4479/4479 4480/4480/4480 4089/4089/4089
f 4089/4089/4089 4480/4480/4480 4090/4090/4090
f 4480/4480/4480 4481/4481/4481 4090/4090/4090
f 4090/4090/4090 4481/4481/4481 4091/4091/4091
f 4481/4481/4481 4482/4482/4482 4091/4091/4091
f 4091/4091/4091 4482/4482/4482 4092/4092/4092
f 4482/4482/4482 4483/4483/4483 4092/4092/4092
f 4092/4092/4092 4483/4483/4483 4093/4093/4093
f 4483/4483/4483 4484/4484/4484 4093/4093/4093
f 4093/4093/4093 4484/4484/4484 4094/4094/4094
f 4484/4484/4484 4485/4485/4485 4094/4094/4094
f 4094/4094/4094 4485/4485/4485 4095/4095/4095
f 4485/4485/4485 4486/4486/4486 4095/4095/4095
f 4095/4095/4095 4486/4486/4486 4096/4096/4096
f 4486/4486/4486 4487/4487/4487 4096/4096/4096
f 4096/4096/4096 4487/4487/4487 4097/4097/4097
f 4487/4487/4487 4488/4488/4488 4097/4097/4097
f 4097/4097/4097 4488/4488/4488 4098/4098/4098
f 4488/4488/4488 4489/4489/4489 4098/4098/4098
f 4098/4098/4098 4489/4489/4489 4099/4099/4099
f 4489/4489/4489 4490/4490/4490 4099/4099/4099
f 4099/4099/4099 4490/4490/4490 4100/4100/4100
f 4490/4490/4490 4491/4491/4491 4100/4100/4100
f 4100/4100/4100 4491/4491/4491 4101/4101/4101
f 4491/4491/4491 4492/4492/4492 4101/4101/4101
f 4101/4101/4101 4492/4492/4492 4102/4102/4102
f 4492/4492/4492 4493/4493/4493 4102/4102/4102
f 4102/4102/4102 4493/4493/4493 4103/4103/4103
f 4493/4493/4493 4494/4494/4494 4103/4103/4103
f 4103/4103/4103 4494/4494/4494 4104/4104/4104
f 4494/4494/4494 4495/4495/4495 4104/4104/4104
f 4104/4104/4104 4495/4495/4495 4105/4105/4105
f 4495/4495/4495 4496/4496/4496 4105/4105/4105
f 4105/4105/4105 4496/4496/4496 4106/4106/4106
f 4496/4496/4496 4497/4497/4497 4106/4106/4106
f 4106/4106/4106 4497/4497/4497 4107/4107/4107
f 4497/4497/4497 4498/4498/4498 4107/4107/4107
f 4107/4107/4107 4498/4498/4498 4108/4108/4108
f 4498/4498/4498 4499/4499/4499 4108/4108/4108
f 4108/4108/4108 4499/4499/4499 4109/4109/4109
f 4499/4499/4499 4500/4500/4500 4109/4109/4109
f 4109/4109/4109 4500/4500/4500 4110/4110/4110
f 4500/4500/4500 4501/4501/4501 4110/4110/4110
f 4110/4110/4110 4501/4501/4501 4111/4111/4111
f 4501/4501/4501 4502/4502/4502 4111/4111/4111
f 4111/4111/4111 4502/4502/4502 4112/4112/4112
f 4502/4502/4502 4503/4503/4503 4112/4112/4112
f 4112/4112/4112 4503/4503/4503 4113/4113/4113
f 4503/4503/4503 4504/4504/4504 4113/4113/4113
f 4113/4113/4113 4504/4504/4504 4114/4114/4114
f 4504/4504/4504 4505/4505/4505 4114/4114/4114
f 4114/4114/4114 4505/4505/4505 4115/4115/4115
f 4505/4505/4505 4506/4506/4506 4115/4115/4115
f 4115/4115/4115 4506/4506/4506 4116/4116/4116
f 4506/4506/4506 4507/4507/4507 4116/4116/4116
f 4116/4116/4116 4507/4507/4507 4117/4117/4117
f 4507/4507/4507 4508/4508/4508 4117/4117/4117
f 4117/4117/4117 4508/4508/4508 4118/4118/4118
f 4508/4508/4508 4509/4509/4509 4118/4118/4118
f 4118/4118/4118 4509/4509/4509 4119/4119/4119
f 4509/4509/4509 4510/4510/4510 4119/4119/4119
f 4119/4119/4119 4510/4510/4510 4120/4120/4120
f 4510/4510/4510 4511/4511/4511 4120/4120/4120
f 4120/4120/4120 4511/4511/4511 4121/4121/4121
f 4511/4511/4511 4512/4512/4512 4121/4121/4121
f 4121/4121/4121 4512/4512/4512 4122/4122/4122
f 4512/4512/4512 4513/4513/4513 4122/4122/4122
f 4122/4122/4122 4513/4513/4513 4123/4123/4123
f 4513/4513/4513 4514/4514/4514 4123/4123/4123
f 4123/4123/4123 4514/4514/4514 4124/4124/4124
f 4514/4514/4514 4515/4515/4515 4124/4124/4124
f 4124/4124/4124 4515/4515/4515 4125/4125/4125
f 4515/4515/4515 4516/4516/4516 4125/4125/4125
f 4125/4125/4125 4516/4516/4516 4126/4126/4126
f 4516/4516/4516 4517/4517/4517 4126/4126/4126
f 4126/4126/4126 4517/4517/4517 4127/4127/4127
f 4517/4517/4517 4518/4518/4518 4127/4127/4127
f 4127/4127/4127 4518/4518/4518 4128/4128/4128
f 4518/4518/4518 4519/4519/4519 4128/4128/4128
f 4128/4128/4128 4519/4519/4519 4129/4129/4129
f 4519/4519/4519 4520/4520/4520 4129/4129/4129
f 4129/4129/4129 4520/4520/4520 4130/4130/4130
f 4520/4520/4520 4521/4521/4521 4130/4130/4130
f 4130/4130/4130 4521/4521/4521 4131/4131/4131
f 4521/4521/4521 4522/4522/4522 4131/4131/4131
f 4131/4131/4131 4522/4522/4522 4132/4132/4132
f 4522/4522/4522 4523/4523/4523 4132/4132/4132
f 4132/4132/4132 4523/4523/4523 4133/4133/4133
f 4523/4523/4523 4524/4524/4524 4133/4133/4133
f 4133/4133/4133 4524/4524/4524 4134/4134/4134
f 4524/4524/4524 4525/4525/4525 4134/4134/4134
f 4134/4134/4134 4525/4525/4525 4135/4135/4135
f 4525/4525/4525 4526/4526/4526 4135/4135/4135
f 4135/4135/4135 4526/4526/4526 4136/4136/4136
f 4526/4526/4526 4527/4527/4527 4136/4136/4136
f 4136/4136/4136 4527/4527/4527 4137/4137/4137
f 4527/4527/4527 4528/4528/4528 4137/4137/4137
f 4137/4137/4137 4528/4528/4528 4138/4138/4138
f 4528/4528/4528 4529/4529/4529 4138/4138/4138
f 4138/4138/4138 4529/4529/4529 4139/4139/4139
f 4529/4529/4529 4530/4530/4530 4139/4139/4139
f 4139/4139/4139 4530/4530/4530 4140/4140/4140
f 4530/4530/4530 4531/4531/4531 4140/4140/4140
f 4140/4140/4140 4531/4531/4531 4141/4141/4141
f 4531/4531/4531 4532/4532/4532 4141/4141/4141
f 4141/4141/4141 4532/4532/4532 4142/4142/4142
f 4532/4532/4532 4533/4533/4533 4142/4142/4142
f 4142/4142/4142 4533/4533/4533 4143/4143/4143
f 4533/4533/4533 4534/4534/4534 4143/4143/4143
f 4143/4143/4143 4534/4534/4534 4144/4144/4144
f 4534/4534/4534 4535/4535/4535 4144/4144/4144
f 4144/4144/4144 4535/4535/4535 4145/4145/4145
f 4535/4535/4535 4536/4536/4536 4145/4145/4145
f 4145/4145/4145 4536/4536/4536 4146/4146/4146
f 4536/4536/4536 4537/4537/4537 4146/4146/4146
f 4146/4146/4146 4537/4537/4537 4147/4147/4147
f 4537/4537/4537 4538/4538/4538 4147/4147/4147
f 4147/4147/4147 4538/4538/4538 4148/4148/4148
f 4538/4538/4538 4539/4539/4539 4148/4148/4148
f 4148/4148/4148 4539/4539/4539 4149/4149/4149
f 4539/4539/4539 4540/4540/4540 4149/4149/4149
f 4149/4149/4149 4540/4540/4540 4150/4150/4150
f 4540/4540/4540 4541/4541/4541 4150/4150/4150
f 4150/4150/4150 4541/4541/4541 4151/4151/4151
f 4541/4541/4541 4542/4542/4542 4151/4151/4151
f 4151/4151/4151 4542/4542/4542 4152/4152/4152
f 4542/4542/4542 4543/4543/4543 4152/4152/4152
f 4152/4152/4152 4543/4543/4543 4153/4153/4153
f 4543/4543/4543 4544/4544/4544 4153/4153/4153
f 4153/4153/4153 4544/4544/4544 4154/4154/4154
f 4544/4544/4544 4545/4545/4545 4154/4154/4154
f 4154/4154/4154 4545/4545/4545 4155/4155/4155
f 4545/4545/4545 4546/4546/4546 4155/4155/4155
f 4155/4155/4155 4546/4546/4546 4156/4156/4156
f 4546/4546/4546 4547/4547/4547 4156/4156/4156
f 4156/4156/4156 4547/4547/4547 4157/4157/4157
f 4547/4547/4547 4548/4548/4548 4157/4157/4157
f 4157/4157/4157 4548/4548/4548 4158/4158/4158
f 4548/4548/4548 4549/4549/4549 4158/4158/4158
f 4158/4158/4158 4549/4549/4549 4159/4159/4159
f 4549/4549/4549 4550/4550/4550 4159/4159/4159
f 4159/4159/4159 4550/4550/4550 4160/4160/4160
f 4550/4550/4550 4551/4551/4551 4160/4160/4160
f 4160/4160/4160 4551/4551/4551 4161/4161/4161
f 4551/4551/4551 4552/4552/4552 4161/4161/4161
f 4161/4161/4161 4552/4552/4552 4162/4162/4162
f 4552/4552/4552 4553/4553/4553 4162/4162/4162
f 4162/4162/4162 4553/4553/4553 4163/4163/4163
f 4553/4553/4553 4554/4554/4554 4163/4163/4163
f 4163/4163/4163 4554/4554/4554 4164/4164/4164
f 4554/4554/4554 4555/4555/4555 4164/4164/4164
f 4164/4164/4164 4555/4555/4555 4165/4165/4165
f 4555/4555/4555 4556/4556/4556 4165/4165/4165
f 4165/4165/4165 4556/4556/4556 4166/4166/4166
f 4556/4556/4556 4557/4557/4557 4166/4166/4166
f 4166/4166/4166 4557/4557/4557 4167/4167/4167
f 4557/4557/4557 4558/4558/4558 4167/4167/4167
f 4167/4167/4167 4558/4558/4558 4168/4168/4168
f 4558/4558/4558 4559/4559/4559 4168/4168/4168
f 4168/4168/4168 4559/4559/4559 4169/4169/4169
f 4559/4559/4559 4560/4560/4560 4169/4169/4169
f 4169/4169/4169 4560/4560/4560 4170/4170/4170
f 4560/4560/4560 4561/4561/4561 4170/4170/4170
f 4170/4170/4170 4561/4561/4561 4171/4171/4171
f 4561/4561/4561 4562/4562/4562 4171/4171/4171
f 4171/4171/4171 4562/4562/4562 4172/4172/4172
f 4562/4562/4562 4563/4563/4563 4172/4172/4172
f 4172/4172/4172 4563/4563/4563 4173/4173/4173
f 4563/4563/4563 4564/4564/4564 4173/4173/4173
f 4173/4173/4173 4564/4564/4564 4174/4174/4174
f 4564/4564/4564 4565/4565/4565 4174/4174/4174
f 4174/4174/4174 4565/4565/4565 4175/4175/4175
f 4565/4565/4565 4566/4566/4566 4175/4175/4175
f 4175/4175/4175 4566/4566/4566 4176/4176/4176
f 4566/4566/4566 4567/4567/4567 4176/4176/4176
f 4176/4176/4176 4567/4567/4567 4177/4177/4177
f 4567/4567/4567 4568/4568/4568 4177/4177/4177
f 4177/4177/4177 4568/4568/4568 4178/4178/4178
f 4568/4568/4568 4569/4569/4569 4178/4178/4178
f 4178/4178/4178 4569/4569/4569 4179/4179/4179
f 4569/4569/4569 4570/4570/4570 4179/4179/4179
f 4179/4179/4179 4570/4570/4570 4180/4180/4180
f 4570/4570/4570 4571/4571/4571 4180/4180/4180
f 4180/4180/4180 4571/4571/4571 4181/4181/4181
f 4571/4571/4571 4572/4572/4572 4181/4181/4181
f 4181/4181/4181 4572/4572/4572 4182/4182/4182
f 4572/4572/4572 4573/4573/4573 4182/4182/4182
f 4182/4182/4182 4573/4573/4573 4183/4183/4183
f 4573/4573/4573 4574/4574/4574 4183/4183/4183
f 4183/4183/4183 4574/4574/4574 4184/4184/4184
f 4574/4574/4574 4575/4575/4575 4184/4184/4184
f 4184/4184/4184 4575/4575/4575 4185/4185/4185
f 4575/4575/4575 4576/4576/4576 4185/4185/4185
f 4185/4185/4185 4576/4576/4576 4186/4186/4186
f 4576/4576/4576 4577/4577/4577 4186/4186/4186
f 4186/4186/4186 4577/4577/4577 4187/4187/4187
f 4577/4577/4577 4578/4578/4578 4187/4187/4187
f 4187/4187/4187 4578/4578/4578 4188/4188/4188
f 4578/4578/4578 4579/4579/4579 4188/4188/4188
f 4188/4188/4188 4579/4579/4579 4189/4189/4189
f 4579/4579/4579 4580/4580/4580 4189/4189/4189
f 4189/4189/4189 4580/4580/4580 4190/4190/4190
f 4580/4580/4580 4581/4581/4581 4190/4190/4190
f 4190/4190/4190 4581/4581/4581 4191/4191/4191
f 4581/4581/4581 4582/4582/4582 4191/4191/4191
f 4191/4191/4191 4582/4582/4582 4192/4192/4192
f 4582/4582/4582 4583/4583/4583 4192/4192/4192
f 4192/4192/4192 4583/4583/4583 4193/4193/4193
f 4583/4583/4583 4584/4584/4584 4193/4193/4193
f 4193/4193/4193 4584/4584/4584 4194/4194/4194
f 4584/4584/4584 4585/4585/4585 4194/4194/4194
f 4194/4194/4194 4585/4585/4585 4195/4195/4195
f 4585/4585/4585 4586/4586/4586 4195/4195/4195
f 4195/4195/4195 4586/4586/4586 4196/4196/4196
f 4586/4586/4586 4587/4587/4587 4196/4196/4196
f 4196/4196/4196 4587/4587/4587 4197/4197/4197
f 4587/4587/4587 4588/4588/4588 4197/4197/4197
f 4197/4197/4197 4588/4588/4588 4198/4198/4198
f 4588/4588/4588 4589/4589/4589 4198/4198/4198
f 4198/4198/4198 4589/4589/4589 4199/4199/4199
f 4589/4589/4589 4590/4590/4590 4199/4199/4199
f 4199/4199/4199 4590/4590/4590 4200/4200/4200
f 4590/4590/4590 4591/4591/4591 4200/4200/4200
f 4200/4200/4200 4591/4591/4591 4201/4201/4201
f 4591/4591/4591 4592/4592/4592 4201/4201/4201
f 4201/4201/4201 4592/4592/4592 4202/4202/4202
f 4592/4592/4592 4593/4593/4593 4202/4202/4202
f 4202/4202/4202 4593/4593/4593 4203/4203/4203
f 4593/4593/4593 4594/4594/4594 4203/4203/4203
f 4203/4203/4203 4594/4594/4594 4204/4204/4204
f 4594/4594/4594 4595/4595/4595 4204/4204/4204
f 4204/4204/4204 4595/4595/4595 4205/4205/4205
f 4595/4595/4595 4596/4596/4596 4205/4205/4205
f 4205/4205/4205 4596/4596/4596 4206/4206/4206
f 4596/4596/4596 4597/4597/4597 4206/4206/4206
f 4206/4206/4206 4597/4597/4597 4207/4207/4207
f 4597/4597/4597 4598/4598/4598 4207/4207/4207
f 4207/4207/4207 4598/4598/4598 4208/4208/4208
f 4598/4598/4598 4599/4599/4599 4208/4208/4208
f 4208/4208/4208 4599/4599/4599 4209/4209/4209
f 4599/4599/4599 4600/4600/4600 4209/4209/4209
f 4209/4209/4209 4600/4600/4600 4210/4210/4210
f 4600/4600/4600 4601/4601/4601 4210/4210/4210
f 4210/4210/4210 4601/4601/4601 4211/4211/4211
f 4601/4601/4601 4602/4602/4602 4211/4211/4211
f 4211/4211/4211 4602/4602/4602 4212/4212/4212
f 4602/4602/4602 4603/4603/4603 4212/4212/4212
f 4212/4212/4212 4603/4603/4603 4213/4213/4213
f 4603/4603/4603 4604/4604/4604 4213/4213/4213
f 4213/4213/4213 4604/4604/4604 4214/4214/4214
f 4604/4604/4604 4605/4605/4605 4214/4214/4214
f 4214/4214/4214 4605/4605/4605 4215/4215/4215
f 4605/4605/4605 4606/4606/4606 4215/4215/4215
f 4215/4215/4215 4606/4606/4606 4216/4216/4216
f 4606/4606/4606 4607/4607/4607 4216/4216/4216
f 4216/4216/4216 4607/4607/4607 4217/4217/4217
f 4607/4607/4607 4608/4608/4608 4217/4217/4217
f 4217/4217/4217 4608/4608/4608 4218/4218/4218
f 4608/4608/4608 4609/4609/4609 4218/4218/4218
f 4218/4218/4218 4609/4609/4609 4219/4219/4219
f 4609/4609/4609 4610/4610/4610 4219/4219/4219
f 4219/4219/4219 4610/4610/4610 4220/4220/4220
f 4610/4610/4610 4611/4611/4611 4220/4220/4220
f 4220/4220/4220 4611/4611/4611 4221/4221/4221
f 4611/4611/4611 4612/4612/4612 4221/4221/4221
f 4221/4221/4221 4612/4612/4612 4222/4222/4222
f 4612/4612/4612 4613/4613/4613 4222/4222/4222
f 4222/4222/4222 4613/4613/4613 4223/4223/4223
f 4613/4613/4613 4614/4614/4614 4223/4223/4223
f 4223/4223/4223 4614/4614/4614 4224/4224/4224
f 4614/4614/4614 4615/4615/4615 4224/4224/4224
f 4224/4224/4224 4615/4615/4615 4225/4225/4225
f 4615/4615/4615 4616/4616/4616 4225/4225/4225
f 4225/4225/4225 4616/4616/4616 4226/4226/4226
f 4616/4616/4616 4617/4617/4617 4226/4226/4226
f 4226/4226/4226 4617/4617/4617 4227/4227/4227
f 4617/4617/4617 4618/4618/4618 4227/4227/4227
f 4227/4227/4227 4618/4618/4618 4228/4228/4228
f 4618/4618/4618 4619/4619/4619 4228/4228/4228
f 4228/4228/4228 4619/4619/4619 4229/4229/4229
f 4619/4619/4619 4620/4620/4620 4229/4229/4229
f 4229/4229/4229 4620/4620/4620 4230/4230/4230
f 4620/4620/4620 4621/4621/4621 4230/4230/4230
f 4230/4230/4230 4621/4621/4621 4231/4231/4231
f 4621/4621/4621 4622/4622/4622 4231/4231/4231
f 4231/4231/4231 4622/4622/4622 4232/4232/4232
f 4622/4622/4622 4623/4623/4623 4232/4232/4232
f 4232/4232/4232 4623/4623/4623 4233/4233/4233
f 4623/4623/4623 4624/4624/4624 4233/4233/4233
f 4233/4233/4233 4624/4624/4624 4234/4234/4234
f 4624/4624/4624 4625/4625/4625 4234/4234/4234
f 4234/4234/4234 4625/4625/4625 4235/4235/4235
f 4625/4625/4625 4626/4626/4626 4235/4235/4235
f 4235/4235/4235 4626/4626/4626 4236/4236/4236
f 4626/4626/4626 4627/4627/4627 4236/4236/4236
f 4236/4236/4236 4627/4627/4627 4237/4237/4237
f 4627/4627/4627 4628/4628/4628 4237/4237/4237
f 4237/4237/4237 4628/4628/4628 4238/4238/4238
f 4628/4628/4628 4629/4629/4629 4238/4238/4238
f 4238/4238/4238 4629/4629/4629 4239/4239/4239
f 4629/4629/4629 4630/4630/4630 4239/4239/4239
f 4239/4239/4239 4630/4630/4630 4240/4240/4240
f 4630/4630/4630 4631/4631/4631 4240/4240/4240
f 4240/4240/4240 4631/4631/4631 4241/4241/4241
f 4631/4631/4631 4632/4632/4632 4241/4241/4241
f 4241/4241/4241 4632/4632/4632 4242/4242/4242
f 4632/4632/4632 4633/4633/4633 4242/4242/4242
f 4242/4242/4242 4633/4633/4633 4243/4243/4243
f 4633/4633/4633 4634/4634/4634 4243/4243/4243
f 4243/4243/4243 4634/4634/4634 4244/4244/4244
f 4634/4634/4634 4635/4635/4635 4244/4244/4244
f 4244/4244/4244 4635/4635/4635 4245/4245/4245
f 4635/4635/4635 4636/4636/4636 4245/4245/4245
f 4245/4245/4245 4636/4636/4636 4246/4246/4246
f 4636/4636/4636 4637/4637/4637 4246/4246/4246
f 4246/4246/4246 4637/4637/4637 4247/4247/4247
f 4637/4637/4637 4638/4638/4638 4247/4247/4247
f 4247/4247/4247 4638/4638/4638 4248/4248/4248
f 4638/4638/4638 4639/4639/4639 4248/4248/4248
f 4248/4248/4248 4639/4639/4639 4249/4249/4249
f 4639/4639/4639 4640/4640/4640 4249/4249/4249
f 4249/4249/4249 4640/4640/4640 4250/4250/4250
f 4640/4640/4640 4641/4641/4641 4250/4250/4250
f 4250/4250/4250 4641/4641/4641 4251/4251/4251
f 4641/4641/4641 4642/4642/4642 4251/4251/4251
f 4251/4251/4251 4642/4642/4642 4252/4252/4252
f 4642/4642/4642 4643/4643/4643 4252/4252/4252
f 4252/4252/4252 4643/4643/4643 4253/4253/4253
f 4643/4643/4643 4644/4644/4644 4253/4253/4253
f 4253/4253/4253 4644/4644/4644 4254/4254/4254
f 4644/4644/4644 4645/4645/4645 4254/4254/4254
f 4254/4254/4254 4645/4645/4645 4255/4255/4255
f 4645/4645/4645 4646/4646/4646 4255/4255/4255
f 4255/4255/4255 4646/4646/4646 4256/4256/4256
f 4646/4646/4646 4647/4647/4647 4256/4256/4256
f 4256/4256/4256 4647/4647/4647 4257/4257/4257
f 4647/4647/4647 4648/4648/4648 4257/4257/4257
f 4257/4257/4257 4648/4648/4648 4258/4258/4258
f 4648/4648/4648 4649/4649/4649 4258/4258/4258
f 4258/4258/4258 4649/4649/4649 4259/4259/4259
f 4649/4649/4649 4650/4650/4650 4259/4259/4259
f 4259/4259/4259 4650/4650/4650 4260/4260/4260
f 4650/4650/4650 4651/4651/4651 4260/4260/4260
f 4260/4260/4260 4651/4651/4651 4261/4261/4261
f 4651/4651/4651 4652/4652/4652 4261/4261/4261
f 4261/4261/4261 4652/4652/4652 4262/4262/4262
f 4652/4652/4652 4653/4653/4653 4262/4262/4262
f 4262/4262/4262 4653/4653/4653 4263/4263/4263
f 4653/4653/4653 4654/4654/4654 4263/4263/4263
f 4263/4263/4263 4654/4654/4654 4264/4264/4264
f 4654/4654/4654 4655/4655/4655 4264/4264/4264
f 4264/4264/4264 4655/4655/4655 4265/4265/4265
f 4655/4655/4655 4656/4656/4656 4265/4265/4265
f 4265/4265/4265 4656/4656/4656 4266/4266/4266
f 4656/4656/4656 4657/4657/4657 4266/4266/4266
f 4266/4266/4266 4657/4657/4657 4267/4267/4267
f 4657/4657/4657 4658/4658/4658 4267/4267/4267
f 4267/4267/4267 4658/4658/4658 4268/4268/4268
f 4658/4658/4658 4659/4659/4659 4268/4268/4268
f 4268/4268/4268 4659/4659/4659 4269/4269/4269
f 4659/4659/4659 4660/4660/4660 4269/4269/4269
f 4269/4269/4269 4660/4660/4660 4270/4270/4270
f 4660/4660/4660 4661/4661/4661 4270/4270/4270
f 4270/4270/4270 4661/4661/4661 4271/4271/4271
f 4661/4661/4661 4662/4662/4662 4271/4271/4271
f 4271/4271/4271 4662/4662/4662 4272/4272/4272
f 4662/4662/4662 4663/4663/4663 4272/4272/4272
f 4272/4272/4272 4663/4663/4663 4273/4273/4273
f 4663/4663/4663 4664/4664/4664 4273/4273/4273
f 4273/4273/4273 4664/4664/4664 4274/4274/4274
f 4664/4664/4664 4665/4665/4665 4274/4274/4274
f 4274/4274/4274 4665/4665/4665 4275/4275/4275
f 4665/4665/4665 4666/4666/4666 4275/4275/4275
f 4275/4275/4275 4666/4666/4666 4276/4276/4276
f 4666/4666/4666 4667/4667/4667 4276/4276/4276
f 4276/4276/4276 4667/4667/4667 4277/4277/4277
f 4667/4667/4667 4668/4668/4668 4277/4277/4277
f 4277/4277/4277 4668/4668/4668 4278/4278/4278
f 4668/4668/4668 4669/4669/4669 4278/4278/4278
f 4278/4278/4278 4669/4669/4669 4279/4279/4279
f 4669/4669/4669 4670/4670/4670 4279/4279/4279
f 4279/4279/4279 4670/4670/4670 4280/4280/4280
f 4670/4670/4670 4671/4671/4671 4280/4280/4280
f 4280/4280/4280 4671/4671/4671 4281/4281/4281
f 4671/4671/4671 4672/4672/4672 4281/4281/4281
f 4281/4281/4281 4672/4672/4672 4282/4282/4282
f 4672/4672/4672 4673/4673/4673 4282/4282/4282
f 4282/4282/4282 4673/4673/4673 4283/4283/4283
f 4673/4673/4673 4674/4674/4674 4283/4283/4283
f 4283/4283/4283 4674/4674/4674 4284/4284/4284
f 4674/4674/4674 4675/4675/4675 4284/4284/4284
f 4284/4284/4284 4675/4675/4675 4285/4285/4285
f 4675/4675/4675 4676/4676/4676 4285/4285/4285
f 4285/4285/4285 4676/4676/4676 4286/4286/4286
f 4676/4676/4676 4677/4677/4677 4286/4286/4286
f 4286/4286/4286 4677/4677/4677 4287/4287/4287
f 4677/4677/4677 4678/4678/4678 4287/4287/4287
f 4287/4287/4287 4678/4678/4678 4288/4288/4288
f 4678/4678/4678 4679/4679/4679 4288/4288/4288
f 4288/4288/4288 4679/4679/4679 4289/4289/4289
f 4679/4679/4679 4680/4680/4680 4289/4289/4289
f 4289/4289/4289 4680/4680/4680 4290/4290/4290
f 4680/4680/4680 4291/4291/4291 4290/4290/4290
f 4290/4290/4290 4291/4291/4291 3901/3901/3901
f 5071/5071/5071 5072/5072/5072 4681/4681/4681
f 4681/4681/4681 5072/5072/5072 4682/4682/4682
f 5072/5072/5072 5073/5073/5073 4682/4682/4682
f 4682/4682/4682 5073/5073/5073 4683/4683/4683
f 5073/5073/5073 5074/5074/5074 4683/4683/4683
f 4683/4683/4683 5074/5074/5074 4684/4684/4684
f 5074/5074/5074 5075/5075/5075 4684/4684/4684
f 4684/4684/4684 5075/5075/5075 4685/4685/4685
f 5075/5075/5075 5076/5076/5076 4685/4685/4685
f 4685/4685/4685 5076/5076/5076 4686/4686/4686
f 5076/5076/5076 5077/5077/5077 4686/4686/4686
f 4686/4686/4686 5077/5077/5077 4687/4687/4687
f 5077/5077/5077 5078/5078/5078 4687/4687/4687
f 4687/4687/4687 5078/5078/5078 4688/4688/4688
f 5078/5078/5078 5079/5079/5079 4688/4688/4688
f 4688/4688/4688 5079/5079/5079 4689/4689/4689
f 5079/5079/5079 5080/5080/5080 4689/4689/4689
f 4689/4689/4689 5080/5080/5080 4690/4690/4690
f 5080/5080/5080 5081/5081/5081 4690/4690/4690
f 4690/4690/4690 5081/5081/5081 4691/4691/4691
f 5081/5081/5081 5082/5082/5082 4691/4691/4691
f 4691/4691/4691 5082/5082/5082 4692/4692/4692
f 5082/5082/5082 5083/5083/5083 4692/4692/4692
f 4692/4692/4692 5083/5083/5083 4693/4693/4693
f 5083/5083/5083 5084/5084/5084 4693/4693/4693
f 4693/4693/4693 5084/5084/5084 4694/4694/4694
f 5084/5084/5084 5085/5085/5085 4694/4694/4694
f 4694/4694/4694 5085/5085/5085 4695/4695/4695
f 5085/5085/5085 5086/5086/5086 4695/4695/4695
f 4695/4695/4695 5086/5086/5086 4696/4696/4696
f 5086/5086/5086 5087/5087/5087 4696/4696/4696
f 4696/4696/4696 5087/5087/5087 4697/4697/4697
f 5087/5087/5087 5088/5088/5088 4697/4697/4697
f 4697/4697/4697 5088/5088/5088 4698/4698/4698
f 5088/5088/5088 5089/5089/5089 4698/4698/4698
f 4698/4698/4698 5089/5089/5089 4699/4699/4699
f 5089/5089/5089 5090/5090/5090 4699/4699/4699
f 4699/4699/4699 5090/5090/5090 4700/4700/4700
f 5090/5090/5090 5091/5091/5091 4700/4700/4700
f 4700/4700/4700 5091/5091/5091 4701/4701/4701
f 5091/5091/5091 5092/5092/5092 4701/4701/4701
f 4701/4701/4701 5092/5092/5092 4702/4702/4702
f 5092/5092/5092 5093/5093/5093 4702/4702/4702
f 4702/4702/4702 5093/5093/5093 4703/4703/4703
f 5093/5093/5093 5094/5094/5094 4703/4703/4703
f 4703/4703/4703 5094/5094/5094 4704/4704/4704
f 5094/5094/5094 5095/5095/5095 4704/4704/4704
f 4704/4704/4704 5095/5095/5095 4705/4705/4705
f 5095/5095/5095 5096/5096/5096 4705/4705/4705
f 4705/4705/4705 5096/5096/5096 4706/4706/4706
f 5096/5096/5096 5097/5097/5097 4706/4706/4706
f 4706/4706/4706 5097/5097/5097 4707/4707/4707
f 5097/5097/5097 5098/5098/5098 4707/4707/4707
f 4707/4707/4707 5098/5098/5098 4708/4708/4708
f 5098/5098/5098 5099/5099/5099 4708/4708/4708
f 4708/4708/4708 5099/5099/5099 4709/4709/4709
f 5099/5099/5099 5100/5100/5100 4709/4709/4709
f 4709/4709/4709 5100/5100/5100 4710/4710/4710
f 5100/5100/5100 5101/5101/5101 4710/4710/4710
f 4710/4710/4710 5101/5101/5101 4711/4711/4711
f 5101/5101/5101 5102/5102/5102 4711/4711/4711
f 4711/4711/4711 5102/5102/5102 4712/4712/4712
f 5102/5102/5102 5103/5103/5103 4712/4712/4712
f 4712/4712/4712 5103/5103/5103 4713/4713/4713
f 5103/5103/5103 5104/5104/5104 4713/4713/4713
f 4713/4713/4713 5104/5104/5104 4714/4714/4714
f 5104/5104/5104 5105/5105/5105 4714/4714/4714
f 4714/4714/4714 5105/5105/5105 4715/4715/4715
f 5105/5105/5105 5106/5106/5106 4715/4715/4715
f 4715/4715/4715 5106/5106/5106 4716/4716/4716
f 5106/5106/5106 5107/5107/5107 4716/4716/4716
f 4716/4716/4716 5107/5107/5107 4717/4717/4717
f 5107/5107/5107 5108/5108/5108 4717/4717/4717
f 4717/4717/4717 5108/5108/5108 4718/4718/4718
f 5108/5108/5108 5109/5109/5109 4718/4718/4718
f 4718/4718/4718 5109/5109/5109 4719/4719/4719
f 5109/5109/5109 5110/5110/5110 4719/4719/4719
f 4719/4719/4719 5110/5110/5110 4720/4720/4720
f 5110/5110/5110 5111/5111/5111 4720/4720/4720
f 4720/4720/4720 5111/5111/5111 4721/4721/4721
f 5111/5111/5111 5112/5112/5112 4721/4721/4721
f 4721/4721/4721 5112/5112/5112 4722/4722/4722
f 5112/5112/5112 5113/5113/5113 4722/4722/4722
f 4722/4722/4722 5113/5113/5113 4723/4723/4723
f 5113/5113/5113 5114/5114/5114 4723/4723/4723
f 4723/4723/4723 5114/5114/5114 4724/4724/4724
f 5114/5114/5114 5115/5115/5115 4724/4724/4724
f 4724/4724/4724 5115/5115/5115 4725/4725/4725
f 5115/5115/5115 5116/5116/5116 4725/4725/4725
f 4725/4725/4725 5116/5116/5116 4726/4726/4726
f 5116/5116/5116 5117/5117/5117 4726/4726/4726
f 4726/4726/4726 5117/5117/5117 4727/4727/4727
f 5117/5117/5117 5118/5118/5118 4727/4727/4727
f 4727/4727/4727 5118/5118/5118 4728/4728/4728
f 5118/5118/5118 5119/5119/5119 4728/4728/4728
f 4728/4728/4728 5119/5119/5119 4729/4729/4729
f 5119/5119/5119 5120/5120/5120 4729/4729/4729
f 4729/4729/4729 5120/5120/5120 4730/4730/4730
f 5120/5120/5120 5121/5121/5121 4730/4730/4730
f 4730/4730/4730 5121/5121/5121 4731/4731/4731
f 5121/5121/5121 5122/5122/5122 4731/4731/4731
f 4731/4731/4731 5122/5122/5122 4732/4732/4732
f 5122/5122/5122 5123/5123/5123 4732/4732/4732
f 4732/4732/4732 5123/5123/5123 4733/4733/4733
f 5123/5123/5123 5124/5124/5124 4733/4733/4733
f 4733/4733/4733 5124/5124/5124 4734/4734/4734
f 5124/5124/5124 5125/5125/5125 4734/4734/4734
f 4734/4734/4734 5125/5125/5125 4735/4735/4735
f 5125/5125/5125 5126/5126/5126 4735/4735/4735
f 4735/4735/4735 5126/5126/5126 4736/4736/4736
f 5126/5126/5126 5127/5127/5127 4736/4736/4736
f 4736/4736/4736 5127/5127/5127 4737/4737/4737
f 5127/5127/5127 5128/5128/5128 4737/4737/4737
f 4737/4737/4737 5128/5128/5128 4738/4738/4738
f 5128/5128/5128 5129/5129/5129 4738/4738/4738
f 4738/4738/4738 5129/5129/5129 4739/4739/4739
f 5129/5129/5129 5130/5130/5130 4739/4739/4739
f 4739/4739/4739 5130/5130/5130 4740/4740/4740
f 5130/5130/5130 5131/5131/5131 4740/4740/4740
f 4740/4740/4740 5131/5131/5131 4741/4741/4741
f 5131/5131/5131 5132/5132/5132 4741/4741/4741
f 4741/4741/4741 5132/5132/5132 4742/4742/4742
f 5132/5132/5132 5133/5133/5133 4742/4742/4742
f 4742/4742/4742 5133/5133/5133 4743/4743/4743
f 5133/5133/5133 5134/5134/5134 4743/4743/4743
f 4743/4743/4743 5134/5134/5134 4744/4744/4744
f 5134/5134/5134 5135/5135/5135 4744/4744/4744
f 4744/4744/4744 5135/5135/5135 4745/4745/4745
f 5135/5135/5135 5136/5136/5136 4745/4745/4745
f 4745/4745/4745 5136/5136/5136 4746/4746/4746
f 5136/5136/5136 5137/5137/5137 4746/4746/4746
f 4746/4746/4746 5137/5137/5137 4747/4747/4747
f 5137/5137/5137 5138/5138/5138 4747/4747/4747
f 4747/4747/4747 5138/5138/5138 4748/4748/4748
f 5138/5138/5138 5139/5139/5139 4748/4748/4748
f 4748/4748/4748 5139/5139/5139 4749/4749/4749
f 5139/5139/5139 5140/5140/5140 4749/4749/4749
f 4749/4749/4749 5140/5140/5140 4750/4750/4750
f 5140/5140/5140 5141/5141/5141 4750/4750/4750
f 4750/4750/4750 5141/5141/5141 4751/4751/4751
f 5141/5141/5141 5142/5142/5142 4751/4751/4751
f 4751/4751/4751 5142/5142/5142 4752/4752/4752
f 5142/5142/5142 5143/5143/5143 4752/4752/4752
f 4752/4752/4752 5143/5143/5143 4753/4753/4753
f 5143/5143/5143 5144/5144/5144 4753/4753/4753
f 4753/4753/4753 5144/5144/5144 4754/4754/4754
f 5144/5144/5144 5145/5145/5145 4754/4754/4754
f 4754/4754/4754 5145/5145/5145 4755/4755/4755
f 5145/5145/5145 5146/5146/5146 4755/4755/4755
f 4755/4755/4755 5146/5146/5146 4756/4756/4756
f 5146/5146/5146 5147/5147/5147 4756/4756/4756
f 4756/4756/4756 5147/5147/5147 4757/4757/4757
f 5147/5147/5147 5148/5148/5148 4757/4757/4757
f 4757/4757/4757 5148/5148/5148 4758/4758/4758
f 5148/5148/5148 5149/5149/5149 4758/4758/4758
f 4758/4758/4758 5149/5149/5149 4759/4759/4759
f 5149/5149/5149 5150/5150/5150 4759/4759/4759
f 4759/4759/4759 5150/5150/5150 4760/4760/4760
f 5150/5150/5150 5151/5151/5151 4760/4760/4760
f 4760/4760/4760 5151/5151/5151 4761/4761/4761
f 5151/5151/5151 5152/5152/5152 4761/4761/4761
f 4761/4761/4761 5152/5152/5152 4762/4762/4762
f 5152/5152/5152 5153/5153/5153 4762/4762/4762
f 4762/4762/4762 5153/5153/5153 4763/4763/4763
f 5153/5153/5153 5154/5154/5154 4763/4763/4763
f 4763/4763/4763 5154/5154/5154 4764/4764/4764
f 5154/5154/5154 5155/5155/5155 4764/4764/4764
f 4764/4764/4764 5155/5155/5155 4765/4765/4765
f 5155/5155/5155 5156/5156/5156 4765/4765/4765
f 4765/4765/4765 5156/5156/5156 4766/4766/4766
f 5156/5156/5156 5157/5157/5157 4766/4766/4766
f 4766/4766/4766 5157/5157/5157 4767/4767/4767
f 5157/5157/5157 5158/5158/5158 4767/4767/4767
f 4767/4767/4767 5158/5158/5158 4768/4768/4768
f 5158/5158/5158 5159/5159/5159 4768/4768/4768
f 4768/4768/4768 5159/5159/5159 4769/4769/4769
f 5159/5159/5159 5160/5160/5160 4769/4769/4769
f 4769/4769/4769 5160/5160/5160 4770/4770/4770
f 5160/5160/5160 5161/5161/5161 4770/4770/4770
f 4770/4770/4770 5161/5161/5161 4771/4771/4771
f 5161/5161/5161 5162/5162/5162 4771/4771/4771
f 4771/4771/4771 5162/5162/5162 4772/4772/4772
f 5162/5162/5162 5163/5163/5163 4772/4772/4772
f 4772/4772/4772 5163/5163/5163 4773/4773/4773
f 5163/5163/5163 5164/5164/5164 4773/4773/4773
f 4773/4773/4773 5164/5164/5164 4774/4774/4774
f 5164/5164/5164 5165/5165/5165 4774/4774/4774
f 4774/4774/4774 5165/5165/5165 4775/4775/4775
f 5165/5165/5165 5166/5166/5166 4775/4775/4775
f 4775/4775/4775 5166/5166/5166 4776/4776/4776
f 5166/5166/5166 5167/5167/5167 4776/4776/4776
f 4776/4776/4776 5167/5167/5167 4777/4777/4777
f 5167/5167/5167 5168/5168/5168 4777/4777/4777
f 4777/4777/4777 5168/5168/5168 4778/4778/4778
f 5168/5168/5168 5169/5169/5169 4778/4778/4778
f 4778/4778/4778 5169/5169/5169 4779/4779/4779
f 5169/5169/5169 5170/5170/5170 4779/4779/4779
f 4779/4779/4779 5170/5170/5170 4780/4780/4780
f 5170/5170/5170 5171/5171/5171 4780/4780/4780
f 4780/4780/4780 5171/5171/5171 4781/4781/4781
f 5171/5171/5171 5172/5172/5172 4781/4781/4781
f 4781/4781/4781 5172/5172/5172 4782/4782/4782
f 5172/5172/5172 5173/5173/5173 4782/4782/4782
f 4782/4782/4782 5173/5173/5173 4783/4783/4783
f 5173/5173/5173 5174/5174/5174 4783/4783/4783
f 4783/4783/4783 5174/5174/5174 4784/4784/4784
f 5174/5174/5174 5175/5175/5175 4784/4784/4784
f 4784/4784/4784 5175/5175/5175 4785/4785/4785
f 5175/5175/5175 5176/5176/5176 4785/4785/4785
f 4785/4785/4785 5176/5176/5176 4786/4786/4786
f 5176/5176/5176 5177/5177/5177 4786/4786/4786
f 4786/4786/4786 5177/5177/5177 4787/4787/4787
f 5177/5177/5177 5178/5178/5178 4787/4787/4787
f 4787/4787/4787 5178/5178/5178 4788/4788/4788
f 5178/5178/5178 5179/5179/5179 4788/4788/4788
f 4788/4788/4788 5179/5179/5179 4789/4789/4789
f 5179/5179/5179 5180/5180/5180 4789/4789/4789
f 4789/4789/4789 5180/5180/5180 4790/4790/4790
f 5180/5180/5180 5181/5181/5181 4790/4790/4790
f 4790/4790/4790 5181/5181/5181 4791/4791/4791
f 5181/5181/5181 5182/5182/5182 4791/4791/4791
f 4791/4791/4791 5182/5182/5182 4792/4792/4792
f 5182/5182/5182 5183/5183/5183 4792/4792/4792
f 4792/4792/4792 5183/5183/5183 4793/4793/4793
f 5183/5183/5183 5184/5184/5184 4793/4793/4793
f 4793/4793/4793 5184/5184/5184 4794/4794/4794
f 5184/5184/5184 5185/5185/5185 4794/4794/4794
f 4794/4794/4794 5185/5185/5185 4795/4795/4795
f 5185/5185/5185 5186/5186/5186 4795/4795/4795
f 4795/4795/4795 5186/5186/5186 4796/4796/4796
f 5186/5186/5186 5187/5187/5187 4796/4796/4796
f 4796/4796/4796 5187/5187/5187 4797/4797/4797
f 5187/5187/5187 5188/5188/5188 4797/4797/4797
f 4797/4797/4797 5188/5188/5188 4798/4798/4798
f 5188/5188/5188 5189/5189/5189 4798/4798/4798
f 4798/4798/4798 5189/5189/5189 4799/4799/4799
f 5189/5189/5189 5190/5190/5190 4799/4799/4799
f 4799/4799/4799 5190/5190/5190 4800/4800/4800
f 5190/5190/5190 5191/5191/5191 4800/4800/4800
f 4800/4800/4800 5191/5191/5191 4801/4801/4801
f 5191/5191/5191 5192/5192/5192 4801/4801/4801
f 4801/4801/4801 5192/5192/5192 4802/4802/4802
f 5192/5192/5192 5193/5193/5193 4802/4802/4802
f 4802/4802/4802 5193/5193/5193 4803/4803/4803
f 5193/5193/5193 5194/5194/5194 4803/4803/4803
f 4803/4803/4803 5194/5194/5194 4804/4804/4804
f 5194/5194/5194 5195/5195/5195 4804/4804/4804
f 4804/4804/4804 5195/5195/5195 4805/4805/4805
f 5195/5195/5195 5196/5196/5196 4805/4805/4805
f 4805/4805/4805 5196/5196/5196 4806/4806/4806
f 5196/5196/5196 5197/5197/5197 4806/4806/4806
f 4806/4806/4806 5197/5197/5197 4807/4807/4807
f 5197/5197/5197 5198/5198/5198 4807/4807/4807
f 4807/4807/4807 5198/5198/5198 4808/4808/4808
f 5198/5198/5198 5199/5199/5199 4808/4808/4808
f 4808/4808/4808 5199/5199/5199 4809/4809/4809
f 5199/5199/5199 5200/5200/5200 4809/4809/4809
f 4809/4809/4809 5200/5200/5200 4810/4810/4810
f 5200/5200/5200 5201/5201/5201 4810/4810/4810
f 4810/4810/4810 5201/5201/5201 4811/4811/4811
f 5201/5201/5201 5202/5202/5202 4811/4811/4811
f 4811/4811/4811 5202/5202/5202 4812/4812/4812
f 5202/5202/5202 5203/5203/5203 4812/4812/4812
f 4812/4812/4812 5203/5203/5203 4813/4813/4813
f 5203/5203/5203 5204/5204/5204 4813/4813/4813
f 4813/4813/4813 5204/5204/5204 4814/4814/4814
f 5204/5204/5204 5205/5205/5205 4814/4814/4814
f 4814/4814/4814 5205/5205/5205 4815/4815/4815
f 5205/5205/5205 5206/5206/5206 4815/4815/4815
f 4815/4815/4815 5206/5206/5206 4816/4816/4816
f 5206/5206/5206 5207/5207/5207 4816/4816/4816
f 4816/4816/4816 5207/5207/5207 4817/4817/4817
f 5207/5207/5207 5208/5208/5208 4817/4817/4817
f 4817/4817/4817 5208/5208/5208 4818/4818/4818
f 5208/5208/5208 5209/5209/5209 4818/4818/4818
f 4818/4818/4818 5209/5209/5209 4819/4819/4819
f 5209/5209/5209 5210/5210/5210 4819/4819/4819
f 4819/4819/4819 5210/5210/5210 4820/4820/4820
f 5210/5210/5210 5211/5211/5211 4820/4820/4820
f 4820/4820/4820 5211/5211/5211 4821/4821/4821
f 5211/5211/5211 5212/5212/5212 4821/4821/4821
f 4821/4821/4821 5212/5212/5212 4822/4822/4822
f 5212/5212/5212 5213/5213/5213 4822/4822/4822
f 4822/4822/4822 5213/5213/5213 4823/4823/4823
f 5213/5213/5213 5214/5214/5214 4823/4823/4823
f 4823/4823/4823 5214/5214/5214 4824/4824/4824
f 5214/5214/5214 5215/5215/5215 4824/4824/4824
f 4824/4824/4824 5215/5215/5215 4825/4825/4825
f 5215/5215/5215 5216/5216/5216 4825/4825/4825
f 4825/4825/4825 5216/5216/5216 4826/4826/4826
f 5216/5216/5216 5217/5217/5217 4826/4826/4826
f 4826/4826/4826 5217/5217/5217 4827/4827/4827
f 5217/5217/5217 5218/5218/5218 4827/4827/4827
f 4827/4827/4827 5218/5218/5218 4828/4828/4828
f 5218/5218/5218 5219/5219/5219 4828/4828/4828
f 4828/4828/4828 5219/5219/5219 4829/4829/4829
f 5219/5219/5219 5220/5220/5220 4829/4829/4829
f 4829/4829/4829 5220/5220/5220 4830/4830/4830
f 5220/5220/5220 5221/5221/5221 4830/4830/4830
f 4830/4830/4830 5221/5221/5221 4831/4831/4831
f 5221/5221/5221 5222/5222/5222 4831/4831/4831
f 4831/4831/4831 5222/5222/5222 4832/4832/4832
f 5222/5222/5222 5223/5223/5223 4832/4832/4832
f 4832/4832/4832 5223/5223/5223 4833/4833/4833
f 5223/5223/5223 5224/5224/5224 4833/4833/4833
f 4833/4833/4833 5224/5224/5224 4834/4834/4834
f 5224/5224/5224 5225/5225/5225 4834/4834/4834
f 4834/4834/4834 5225/5225/5225 4835/4835/4835
f 5225/5225/5225 5226/5226/5226 4835/4835/4835
f 4835/4835/4835 5226/5226/5226 4836/4836/4836
f 5226/5226/5226 5227/5227/5227 4836/4836/4836
f 4836/4836/4836 5227/5227/5227 4837/4837/4837
f 5227/5227/5227 5228/5228/5228 4837/4837/4837
f 4837/4837/4837 5228/5228/5228 4838/4838/4838
f 5228/5228/5228 5229/5229/5229 4838/4838/4838
f 4838/4838/4838 5229/5229/5229 4839/4839/4839
f 5229/5229/5229 5230/5230/5230 4839/4839/4839
f 4839/4839/4839 5230/5230/5230 4840/4840/4840
f 5230/5230/5230 5231/5231/5231 4840/4840/4840
f 4840/4840/4840 5231/5231/5231 4841/4841/4841
f 5231/5231/5231 5232/5232/5232 4841/4841/4841
f 4841/4841/4841 5232/5232/5232 4842/4842/4842
f 5232/5232/5232 5233/5233/5233 4842/4842/4842
f 4842/4842/4842 5233/5233/5233 4843/4843/4843
f 5233/5233/5233 5234/5234/5234 4843/4843/4843
f 4843/4843/4843 5234/5234/5234 4844/4844/4844
f 5234/5234/5234 5235/5235/5235 4844/4844/4844
f 4844/4844/4844 5235/5235/5235 4845/4845/4845
f 5235/5235/5235 5236/5236/5236 4845/4845/4845
f 4845/4845/4845 5236/5236/5236 4846/4846/4846
f 5236/5236/5236 5237/5237/5237 4846/4846/4846
f 4846/4846/4846 5237/5237/5237 4847/4847/4847
f 5237/5237/5237 5238/5238/5238 4847/4847/4847
f 4847/4847/4847 5238/5238/5238 4848/4848/4848
f 5238/5238/5238 5239/5239/5239 4848/4848/4848
f 4848/4848/4848 5239/5239/5239 4849/4849/4849
f 5239/5239/5239 5240/5240/5240 4849/4849/4849
f 4849/4849/4849 5240/5240/5240 4850/4850/4850
f 5240/5240/5240 5241/5241/5241 4850/4850/4850
f 4850/4850/4850 5241/5241/5241 4851/4851/4851
f 5241/5241/5241 5242/5242/5242 4851/4851/4851
f 4851/4851/4851 5242/5242/5242 4852/4852/4852
f 5242/5242/5242 5243/5243/5243 4852/4852/4852
f 4852/4852/4852 5243/5243/5243 4853/4853/4853
f 5243/5243/5243 5244/5244/5244 4853/4853/4853
f 4853/4853/4853 5244/5244/5244 4854/4854/4854
f 5244/5244/5244 5245/5245/5245 4854/4854/4854
f 4854/4854/4854 5245/5245/5245 4855/4855/4855
f 5245/5245/5245 5246/5246/5246 4855/4855/4855
f 4855/4855/4855 5246/5246/5246 4856/4856/4856
f 5246/5246/5246 5247/5247/5247 4856/4856/4856
f 4856/4856/4856 5247/5247/5247 4857/4857/4857
f 5247/5247/5247 5248/5248/5248 4857/4857/4857
f 4857/4857/4857 5248/5248/5248 4858/4858/4858
f 5248/5248/5248 5249/5249/5249 4858/4858/4858
f 4858/4858/4858 5249/5249/5249 4859/4859/4859
f 5249/5249/5249 5250/5250/5250 4859/4859/4859
f 4859/4859/4859 5250/5250/5250 4860/4860/4860
f 5250/5250/5250 5251/5251/5251 4860/4860/4860
f 4860/4860/4860 5251/5251/5251 4861/4861/4861
f 5251/5251/5251 5252/5252/5252 4861/4861/4861
f 4861/4861/4861 5252/5252/5252 4862/4862/4862
f 5252/5252/5252 5253/5253/5253 4862/4862/4862
f 4862/4862/4862 5253/5253/5253 4863/4863/4863
f 5253/5253/5253 5254/5254/5254 4863/4863/4863
f 4863/4863/4863 5254/5254/5254 4864/4864/4864
f 5254/5254/5254 5255/5255/5255 4864/4864/4864
f 4864/4864/4864 5255/5255/5255 4865/4865/4865
f 5255/5255/5255 5256/5256/5256 4865/4865/4865
f 4865/4865/4865 5256/5256/5256 4866/4866/4866
f 5256/5256/5256 5257/5257/5257 4866/4866/4866
f 4866/4866/4866 5257/5257/5257 4867/4867/4867
f 5257/5257/5257 5258/5258/5258 4867/4867/4867
f 4867/4867/4867 5258/5258/5258 4868/4868/4868
f 5258/5258/5258 5259/5259/5259 4868/4868/4868
f 4868/4868/4868 5259/5259/5259 4869/4869/4869
f 5259/5259/5259 5260/5260/5260 4869/4869/4869
f 4869/4869/4869 5260/5260/5260 4870/4870/4870
f 5260/5260/5260 5261/5261/5261 4870/4870/4870
f 4870/4870/4870 5261/5261/5261 4871/4871/4871
f 5261/5261/5261 5262/5262/5262 4871/4871/4871
f 4871/4871/4871 5262/5262/5262 4872/4872/4872
f 5262/5262/5262 5263/5263/5263 4872/4872/4872
f 4872/4872/4872 5263/5263/5263 4873/4873/4873
f 5263/5263/5263 5264/5264/5264 4873/4873/4873
f 4873/4873/4873 5264/5264/5264 4874/4874/4874
f 5264/5264/5264 5265/5265/5265 4874/4874/4874
f 4874/4874/4874 5265/5265/5265 4875/4875/4875
f 5265/5265/5265 5266/5266/5266 4875/4875/4875
f 4875/4875/4875 5266/5266/5266 4876/4876/4876
f 5266/5266/5266 5267/5267/5267 4876/4876/4876
f 4876/4876/4876 5267/5267/5267 4877/4877/4877
f 5267/5267/5267 5268/5268/5268 4877/4877/4877
f 4877/4877/4877 5268/5268/5268 4878/4878/4878
f 5268/5268/5268 5269/5269/5269 4878/4878/4878
f 4878/4878/4878 5269/5269/5269 4879/4879/4879
f 5269/5269/5269 5270/5270/5270 4879/4879/4879
f 4879/4879/4879 5270/5270/5270 4880/4880/4880
f 5270/5270/5270 5271/5271/5271 4880/4880/4880
f 4880/4880/4880 5271/5271/5271 4881/4881/4881
f 5271/5271/5271 5272/5272/5272 4881/4881/4881
f 4881/4881/4881 5272/5272/5272 4882/4882/4882
f 5272/5272/5272 5273/5273/5273 4882/4882/4882
f 4882/4882/4882 5273/5273/5273 4883/4883/4883
f 5273/5273/5273 5274/5274/5274 4883/4883/4883
f 4883/4883/4883 5274/5274/5274 4884/4884/4884
f 5274/5274/5274 5275/5275/5275 4884/4884/4884
f 4884/4884/4884 5275/5275/5275 4885/4885/4885
f 5275/5275/5275 5276/5276/5276 4885/4885/4885
f 4885/4885/4885 5276/5276/5276 4886/4886/4886
f 5276/5276/5276 5277/5277/5277 4886/4886/4886
f 4886/4886/4886 5277/5277/5277 4887/4887/4887
f 5277/5277/5277 5278/5278/5278 4887/4887/4887
f 4887/4887/4887 5278/5278/5278 4888/4888/4888
f 5278/5278/5278 5279/5279/5279 4888/4888/4888
f 4888/4888/4888 5279/5279/5279 4889/4889/4889
f 5279/5279/5279 5280/5280/5280 4889/4889/4889
f 4889/4889/4889 5280/5280/5280 4890/4890/4890
f 5280/5280/5280 5281/5281/5281 4890/4890/4890
f 4890/4890/4890 5281/5281/5281 4891/4891/4891
f 5281/5281/5281 5282/5282/5282 4891/4891/4891
f 4891/4891/4891 5282/5282/5282 4892/4892/4892
f 5282/5282/5282 5283/5283/5283 4892/4892/4892
f 4892/4892/4892 5283/5283/5283 4893/4893/4893
f 5283/5283/5283 5284/5284/5284 4893/4893/4893
f 4893/4893/4893 5284/5284/5284 4894/4894/4894
f 5284/5284/5284 5285/5285/5285 4894/4894/4894
f 4894/4894/4894 5285/5285/5285 4895/4895/4895
f 5285/5285/5285 5286/5286/5286 4895/4895/4895
f 4895/4895/4895 5286/5286/5286 4896/4896/4896
f 5286/5286/5286 5287/5287/5287 4896/4896/4896
f 4896/4896/4896 5287/5287/5287 4897/4897/4897
f 5287/5287/5287 5288/5288/5288 4897/4897/4897
f 4897/4897/4897 5288/5288/5288 4898/4898/4898
f 5288/5288/5288 5289/5289/5289 4898/4898/4898
f 4898/4898/4898 5289/5289/5289 4899/4899/4899
f 5289/5289/5289 5290/5290/5290 4899/4899/4899
f 4899/4899/4899 5290/5290/5290 4900/4900/4900
f 5290/5290/5290 5291/5291/5291 4900/4900/4900
f 4900/4900/4900 5291/5291/5291 4901/4901/4901
f 5291/5291/5291 5292/5292/5292 4901/4901/4901
f 4901/4901/4901 5292/5292/5292 4902/4902/4902
f 5292/5292/5292 5293/5293/5293 4902/4902/4902
f 4902/4902/4902 5293/5293/5293 4903/4903/4903
f 5293/5293/5293 5294/5294/5294 4903/4903/4903
f 4903/4903/4903 5294/5294/5294 4904/4904/4904
f 5294/5294/5294 5295/5295/5295 4904/4904/4904
f 4904/4904/4904 5295/5295/5295 4905/4905/4905
f 5295/5295/5295 5296/5296/5296 4905/4905/4905
f 4905/4905/4905 5296/5296/5296 4906/4906/4906
f 5296/5296/5296 5297/5297/5297 4906/4906/4906
f 4906/4906/4906 5297/5297/5297 4907/4907/4907
f 5297/5297/5297 5298/5298/5298 4907/4907/4907
f 4907/4907/4907 5298/5298/5298 4908/4908/4908
f 5298/5298/5298 5299/5299/5299 4908/4908/4908
f 4908/4908/4908 5299/5299/5299 4909/4909/4909
f 5299/5299/5299 5300/5300/5300 4909/4909/4909
f 4909/4909/4909 5300/5300/5300 4910/4910/4910
f 5300/5300/5300 5301/5301/5301 4910/4910/4910
f 4910/4910/4910 5301/5301/5301 4911/4911/4911
f 5301/5301/5301 5302/5302/5302 4911/4911/4911
f 4911/4911/4911 5302/5302/5302 4912/4912/4912
f 5302/5302/5302 5303/5303/5303 4912/4912/4912
f 4912/4912/4912 5303/5303/5303 4913/4913/4913
f 5303/5303/5303 5304/5304/5304 4913/4913/4913
f 4913/4913/4913 5304/5304/5304 4914/4914/4914
f 5304/5304/5304 5305/5305/5305 4914/4914/4914
f 4914/4914/4914 5305/5305/5305 4915/4915/4915
f 5305/5305/5305 5306/5306/5306 4915/4915/4915
f 4915/4915/4915 5306/5306/5306 4916/4916/4916
f 5306/5306/5306 5307/5307/5307 4916/4916/4916
f 4916/4916/4916 5307/5307/5307 4917/4917/4917
f 5307/5307/5307 5308/5308/5308 4917/4917/4917
f 4917/4917/4917 5308/5308/5308 4918/4918/4918
f 5308/5308/5308 5309/5309/5309 4918/4918/4918
f 4918/4918/4918 5309/5309/5309 4919/4919/4919
f 5309/5309/5309 5310/5310/5310 4919/4919/4919
f 4919/4919/4919 5310/5310/5310 4920/4920/4920
f 5310/5310/5310 5311/5311/5311 4920/4920/4920
f 4920/4920/4920 5311/5311/5311 4921/4921/4921
f 5311/5311/5311 5312/5312/5312 4921/4921/4921
f 4921/4921/4921 5312/5312/5312 4922/4922/4922
f 5312/5312/5312 5313/5313/5313 4922/4922/4922
f 4922/4922/4922 5313/5313/5313 4923/4923/4923
f 5313/5313/5313 5314/5314/5314 4923/4923/4923
f 4923/4923/4923 5314/5314/5314 4924/4924/4924
f 5314/5314/5314 5315/5315/5315 4924/4924/4924
f 4924/4924/4924 5315/5315/5315 4925/4925/4925
f 5315/5315/5315 5316/5316/5316 4925/4925/4925
f 4925/4925/4925 5316/5316/5316 4926/4926/4926
f 5316/5316/5316 5317/5317/5317 4926/4926/4926
f 4926/4926/4926 5317/5317/5317 4927/4927/4927
f 5317/5317/5317 5318/5318/5318 4927/4927/4927
f 4927/4927/4927 5318/5318/5318 4928/4928/4928
f 5318/5318/5318 5319/5319/5319 4928/4928/4928
f 4928/4928/4928 5319/5319/5319 4929/4929/4929
f 5319/5319/5319 5320/5320/5320 4929/4929/4929
f 4929/4929/4929 5320/5320/5320 4930/4930/4930
f 5320/5320/5320 5321/5321/5321 4930/4930/4930
f 4930/4930/4930 5321/5321/5321 4931/4931/4931
f 5321/5321/5321 5322/5322/5322 4931/4931/4931
f 4931/4931/4931 5322/5322/5322 4932/4932/4932
f 5322/5322/5322 5323/5323/5323 4932/4932/4932
f 4932/4932/4932 5323/5323/5323 4933/4933/4933
f 5323/5323/5323 5324/5324/5324 4933/4933/4933
f 4933/4933/4933 5324/5324/5324 4934/4934/4934
f 5324/5324/5324 5325/5325/5325 4934/4934/4934
f 4934/4934/4934 5325/5325/5325 4935/4935/4935
f 5325/5325/5325 5326/5326/5326 4935/4935/4935
f 4935/4935/4935 5326/5326/5326 4936/4936/4936
f 5326/5326/5326 5327/5327/5327 4936/4936/4936
f 4936/4936/4936 5327/5327/5327 4937/4937/4937
f 5327/5327/5327 5328/5328/5328 4937/4937/4937
f 4937/4937/4937 5328/5328/5328 4938/4938/4938
f 5328/5328/5328 5329/5329/5329 4938/4938/4938
f 4938/4938/4938 5329/5329/5329 4939/4939/4939
f 5329/5329/5329 5330/5330/5330 4939/4939/4939
f 4939/4939/4939 5330/5330/5330 4940/4940/4940
f 5330/5330/5330 5331/5331/5331 4940/4940/4940
f 4940/4940/4940 5331/5331/5331 4941/4941/4941
f 5331/5331/5331 5332/5332/5332 4941/4941/4941
f 4941/4941/4941 5332/5332/5332 4942/4942/4942
f 5332/5332/5332 5333/5333/5333 4942/4942/4942
f 4942/4942/4942 5333/5333/5333 4943/4943/4943
f 5333/5333/5333 5334/5334/5334 4943/4943/4943
f 4943/4943/4943 5334/5334/5334 4944/4944/4944
f 5334/5334/5334 5335/5335/5335 4944/4944/4944
f 4944/4944/4944 5335/5335/5335 4945/4945/4945
f 5335/5335/5335 5336/5336/5336 4945/4945/4945
f 4945/4945/4945 5336/5336/5336 4946/4946/4946
f 5336/5336/5336 5337/5337/5337 4946/4946/4946
f 4946/4946/4946 5337/5337/5337 4947/4947/4947
f 5337/5337/5337 5338/5338/5338 4947/4947/4947
f 4947/4947/4947 5338/5338/5338 4948/4948/4948
f 5338/5338/5338 5339/5339/5339 4948/4948/4948
f 4948/4948/4948 5339/5339/5339 4949/4949/4949
f 5339/5339/5339 5340/5340/5340 4949/4949/4949
f 4949/4949/4949 5340/5340/5340 4950/4950/4950
f 5340/5340/5340 5341/5341/5341 4950/4950/4950
f 4950/4950/4950 5341/5341/5341 4951/4951/4951
f 5341/5341/5341 5342/5342/5342 4951/4951/4951
f 4951/4951/4951 5342/5342/5342 4952/4952/4952
f 5342/5342/5342 5343/5343/5343 4952/4952/4952
f 4952/4952/4952 5343/5343/5343 4953/4953/4953
f 5343/5343/5343 5344/5344/5344 4953/4953/4953
f 4953/4953/4953 5344/5344/5344 4954/4954/4954
f 5344/5344/5344 5345/5345/5345 4954/4954/4954
f 4954/4954/4954 5345/5345/5345 4955/4955/4955
f 5345/5345/5345 5346/5346/5346 4955/4955/4955
f 4955/4955/4955 5346/5346/5346 4956/4956/4956
f 5346/5346/5346 5347/5347/5347 4956/4956/4956
f 4956/4956/4956 5347/5347/5347 4957/4957/4957
f 5347/5347/5347 5348/5348/5348 4957/4957/4957
f 4957/4957/4957 5348/5348/5348 4958/4958/4958
f 5348/5348/5348 5349/5349/5349 4958/4958/4958
f 4958/4958/4958 5349/5349/5349 4959/4959/4959
f 5349/5349/5349 5350/5350/5350 4959/4959/4959
f 4959/4959/4959 5350/5350/5350 4960/4960/4960
f 5350/5350/5350 5351/5351/5351 4960/4960/4960
f 4960/4960/4960 5351/5351/5351 4961/4961/4961
f 5351/5351/5351 5352/5352/5352 4961/4961/4961
f 4961/4961/4961 5352/5352/5352 4962/4962/4962
f 5352/5352/5352 5353/5353/5353 4962/4962/4962
f 4962/4962/4962 5353/5353/5353 4963/4963/4963
f 5353/5353/5353 5354/5354/5354 4963/4963/4963
f 4963/4963/4963 5354/5354/5354 4964/4964/4964
f 5354/5354/5354 5355/5355/5355 4964/4964/4964
f 4964/4964/4964 5355/5355/5355 4965/4965/4965
f 5355/5355/5355 5356/5356/5356 4965/4965/4965
f 4965/4965/4965 5356/5356/5356 4966/4966/4966
f 5356/5356/5356 5357/5357/5357 4966/4966/4966
f 4966/4966/4966 5357/5357/5357 4967/4967/4967
f 5357/5357/5357 5358/5358/5358 4967/4967/4967
f 4967/4967/4967 5358/5358/5358 4968/4968/4968
f 5358/5358/5358 5359/5359/5359 4968/4968/4968
f 4968/4968/4968 5359/5359/5359 4969/4969/4969
f 5359/5359/5359 5360/5360/5360 4969/4969/4969
f 4969/4969/4969 5360/5360/5360 4970/4970/4970
f 5360/5360/5360 5361/5361/5361 4970/4970/4970
f 4970/4970/4970 5361/5361/5361 4971/4971/4971
f 5361/5361/5361 5362/5362/5362 4971/4971/4971
f 4971/4971/4971 5362/5362/5362 4972/4972/4972
f 5362/5362/5362 5363/5363/5363 4972/4972/4972
f 4972/4972/4972 5363/5363/5363 4973/4973/4973
f 5363/5363/5363 5364/5364/5364 4973/4973/4973
f 4973/4973/4973 5364/5364/5364 4974/4974/4974
f 5364/5364/5364 5365/5365/5365 4974/4974/4974
f 4974/4974/4974 5365/5365/5365 4975/4975/4975
f 5365/5365/5365 5366/5366/5366 4975/4975/4975
f 4975/4975/4975 5366/5366/5366 4976/4976/4976
f 5366/5366/5366 5367/5367/5367 4976/4976/4976
f 4976/4976/4976 5367/5367/5367 4977/4977/4977
f 5367/5367/5367 5368/5368/5368 4977/4977/4977
f 4977/4977/4977 5368/5368/5368 4978/4978/4978
f 5368/5368/5368 5369/5369/5369 4978/4978/4978
f 4978/4978/4978 5369/5369/5369 4979/4979/4979
f 5369/5369/5369 5370/5370/5370 4979/4979/4979
f 4979/4979/4979 5370/5370/5370 4980/4980/4980
f 5370/5370/5370 5371/5371/5371 4980/4980/4980
f 4980/4980/4980 5371/5371/5371 4981/4981/4981
f 5371/5371/5371 5372/5372/5372 4981/4981/4981
f 4981/4981/4981 5372/5372/5372 4982/4982/4982
f 5372/5372/5372 5373/5373/5373 4982/4982/4982
f 4982/4982/4982 5373/5373/5373 4983/4983/4983
f 5373/5373/5373 5374/5374/5374 4983/4983/4983
f 4983/4983/4983 5374/5374/5374 4984/4984/4984
f 5374/5374/5374 5375/5375/5375 4984/4984/4984
f 4984/4984/4984 5375/5375/5375 4985/4985/4985
f 5375/5375/5375 5376/5376/5376 4985/4985/4985
f 4985/4985/4985 5376/5376/5376 4986/4986/4986
f 5376/5376/5376 5377/5377/5377 4986/4986/4986
f 4986/4986/4986 5377/5377/5377 4987/4987/4987
f 5377/5377/5377 5378/5378/5378 4987/4987/4987
f 4987/4987/4987 5378/5378/5378 4988/4988/4988
f 5378/5378/5378 5379/5379/5379 4988/4988/4988
f 4988/4988/4988 5379/5379/5379 4989/4989/4989
f 5379/5379/5379 5380/5380/5380 4989/4989/4989
f 4989/4989/4989 5380/5380/5380 4990/4990/4990
f 5380/5380/5380 5381/5381/5381 4990/4990/4990
f 4990/4990/4990 5381/5381/5381 4991/4991/4991
f 5381/5381/5381 5382/5382/5382 4991/4991/4991
f 4991/4991/4991 5382/5382/5382 4992/4992/4992
f 5382/5382/5382 5383/5383/5383 4992/4992/4992
f 4992/4992/4992 5383/5383/5383 4993/4993/4993
f 5383/5383/5383 5384/5384/5384 4993/4993/4993
f 4993/4993/4993 5384/5384/5384 4994/4994/4994
f 5384/5384/5384 5385/5385/5385 4994/4994/4994
f 4994/4994/4994 5385/5385/5385 4995/4995/4995
f 5385/5385/5385 5386/5386/5386 4995/4995/4995
f 4995/4995/4995 5386/5386/5386 4996/4996/4996
f 5386/5386/5386 5387/5387/5387 4996/4996/4996
f 4996/4996/4996 5387/5387/5387 4997/4997/4997
f 5387/5387/5387 5388/5388/5388 4997/4997/4997
f 4997/4997/4997 5388/5388/5388 4998/4998/4998
f 5388/5388/5388 5389/5389/5389 4998/4998/4998
f 4998/4998/4998 5389/5389/5389 4999/4999/4999
f 5389/5389/5389 5390/5390/5390 4999/4999/4999
f 4999/4999/4999 5390/5390/5390 5000/5000/5000
f 5390/5390/5390 5391/5391/5391 5000/5000/5000
f 5000/5000/5000 5391/5391/5391 5001/5001/5001
f 5391/5391/5391 5392/5392/5392 5001/5001/5001
f 5001/5001/5001 5392/5392/5392 5002/5002/5002
f 5392/5392/5392 5393/5393/5393 5002/5002/5002
f 5002/5002/5002 5393/5393/5393 5003/5003/5003
f 5393/5393/5393 5394/5394/5394 5003/5003/5003
f 5003/5003/5003 5394/5394/5394 5004/5004/5004
f 5394/5394/5394 5395/5395/5395 5004/5004/5004
f 5004/5004/5004 5395/5395/5395 5005/5005/5005
f 5395/5395/5395 5396/5396/5396 5005/5005/5005
f 5005/5005/5005 5396/5396/5396 5006/5006/5006
f 5396/5396/5396 5397/5397/5397 5006/5006/5006
f 5006/5006/5006 5397/5397/5397 5007/5007/5007
f 5397/5397/5397 5398/5398/5398 5007/5007/5007
f 5007/5007/5007 5398/5398/5398 5008/5008/5008
f 5398/5398/5398 5399/5399/5399 5008/5008/5008
f 5008/5008/5008 5399/5399/5399 5009/5009/5009
f 5399/5399/5399 5400/5400/5400 5009/5009/5009
f 5009/5009/5009 5400/5400/5400 5010/5010/5010
f 5400/5400/5400 5401/5401/5401 5010/5010/5010
f 5010/5010/5010 5401/5401/5401 5011/5011/5011
f 5401/5401/5401 5402/5402/5402 5011/5011/5011
f 5011/5011/5011 5402/5402/5402 5012/5012/5012
f 5402/5402/5402 5403/5403/5403 5012/5012/5012
f 5012/5012/5012 5403/5403/5403 5013/5013/5013
f 5403/5403/5403 5404/5404/5404 5013/5013/5013
f 5013/5013/5013 5404/5404/5404 5014/5014/5014
f 5404/5404/5404 5405/5405/5405 5014/5014/5014
f 5014/5014/5014 5405/5405/5405 5015/5015/5015
f 5405/5405/5405 5406/5406/5406 5015/5015/5015
f 5015/5015/5015 5406/5406/5406 5016/5016/5016
f 5406/5406/5406 5407/5407/5407 5016/5016/5016
f 5016/5016/5016 5407/5407/5407 5017/5017/5017
f 5407/5407/5407 5408/5408/5408 5017/5017/5017
f 5017/5017/5017 5408/5408/5408 5018/5018/5018
f 5408/5408/5408 5409/5409/5409 5018/5018/5018
f 5018/5018/5018 5409/5409/5409 5019/5019/5019
f 5409/5409/5409 5410/5410/5410 5019/5019/5019
f 5019/5019/5019 5410/5410/5410 5020/5020/5020
f 5410/5410/5410 5411/5411/5411 5020/5020/5020
f 5020/5020/5020 5411/5411/5411 5021/5021/5021
f 5411/5411/5411 5412/5412/5412 5021/5021/5021
f 5021/5021/5021 5412/5412/5412 5022/5022/5022
f 5412/5412/5412 5413/5413/5413 5022/5022/5022
f 5022/5022/5022 5413/5413/5413 5023/5023/5023
f 5413/5413/5413 5414/5414/5414 5023/5023/5023
f 5023/5023/5023 5414/5414/5414 5024/5024/5024
f 5414/5414/5414 5415/5415/5415 5024/5024/5024
f 5024/5024/5024 5415/5415/5415 5025/5025/5025
f 5415/5415/5415 5416/5416/5416 5025/5025/5025
f 5025/5025/5025 5416/5416/5416 5026/5026/5026
f 5416/5416/5416 5417/5417/5417 5026/5026/5026
f 5026/5026/5026 5417/5417/5417 5027/5027/5027
f 5417/5417/5417 5418/5418/5418 5027/5027/5027
f 5027/5027/5027 5418/5418/5418 5028/5028/5028
f 5418/5418/5418 5419/5419/5419 5028/5028/5028
f 5028/5028/5028 5419/5419/5419 5029/5029/5029
f 5419/5419/5419 5420/5420/5420 5029/5029/5029
f 5029/5029/5029 5420/5420/5420 5030/5030/5030
f 5420/5420/5420 5421/5421/5421 5030/5030/5030
f 5030/5030/5030 5421/5421/5421 5031/5031/5031
f 5421/5421/5421 5422/5422/5422 5031/5031/5031
f 5031/5031/5031 5422/5422/5422 5032/5032/5032
f 5422/5422/5422 5423/5423/5423 5032/5032/5032
f 5032/5032/5032 5423/5423/5423 5033/5033/5033
f 5423/5423/5423 5424/5424/5424 5033/5033/5033
f 5033/5033/5033 5424/5424/5424 5034/5034/5034
f 5424/5424/5424 5425/5425/5425 5034/5034/5034
f 5034/5034/5034 5425/5425/5425 5035/5035/5035
f 5425/5425/5425 5426/5426/5426 5035/5035/5035
f 5035/5035/5035 5426/5426/5426 5036/5036/5036
f 5426/5426/5426 5427/5427/5427 5036/5036/5036
f 5036/5036/5036 5427/5427/5427 5037/5037/5037
f 5427/5427/5427 5428/5428/5428 5037/5037/5037
f 5037/5037/5037 5428/5428/5428 5038/5038/5038
f 5428/5428/5428 5429/5429/5429 5038/5038/5038
f 5038/5038/5038 5429/5429/5429 5039/5039/5039
f 5429/5429/5429 5430/5430/5430 5039/5039/5039
f 5039/5039/5039 5430/5430/5430 5040/5040/5040
f 5430/5430/5430 5431/5431/5431 5040/5040/5040
f 5040/5040/5040 5431/5431/5431 5041/5041/5041
f 5431/5431/5431 5432/5432/5432 5041/5041/5041
f 5041/5041/5041 5432/5432/5432 5042/5042/5042
f 5432/5432/5432 5433/5433/5433 5042/5042/5042
f 5042/5042/5042 5433/5433/5433 5043/5043/5043
f 5433/5433/5433 5434/5434/5434 5043/5043/5043
f 5043/5043/5043 5434/5434/5434 5044/5044/5044
f 5434/5434/5434 5435/5435/5435 5044/5044/5044
f 5044/5044/5044 5435/5435/5435 5045/5045/5045
f 5435/5435/5435 5436/5436/5436 5045/5045/5045
f 5045/5045/5045 5436/5436/5436 5046/5046/5046
f 5436/5436/5436 5437/5437/5437 5046/5046/5046
f 5046/5046/5046 5437/5437/5437 5047/5047/5047
f 5437/5437/5437 5438/5438/5438 5047/5047/5047
f 5047/5047/5047 5438/5438/5438 5048/5048/5048
f 5438/5438/5438 5439/5439/5439 5048/5048/5048
f 5048/5048/5048 5439/5439/5439 5049/5049/5049
f 5439/5439/5439 5440/5440/5440 5049/5049/5049
f 5049/5049/5049 5440/5440/5440 5050/5050/5050
f 5440/5440/5440 5441/5441/5441 5050/5050/5050
f 5050/5050/5050 5441/5441/5441 5051/5051/5051
f 5441/5441/5441 5442/5442/5442 5051/5051/5051
f 5051/5051/5051 5442/5442/5442 5052/5052/5052
f 5442/5442/5442 5443/5443/5443 5052/5052/5052
f 5052/5052/5052 5443/5443/5443 5053/5053/5053
f 5443/5443/5443 5444/5444/5444 5053/5053/5053
f 5053/5053/5053 5444/5444/5444 5054/5054/5054
f 5444/5444/5444 5445/5445/5445 5054/5054/5054
f 5054/5054/5054 5445/5445/5445 5055/5055/5055
f 5445/5445/5445 5446/5446/5446 5055/5055/5055
f 5055/5055/5055 5446/5446/5446 5056/5056/5056
f 5446/5446/5446 5447/5447/5447 5056/5056/5056
f 5056/5056/5056 5447/5447/5447 5057/5057/5057
f 5447/5447/5447 5448/5448/5448 5057/5057/5057
f 5057/5057/5057 5448/5448/5448 5058/5058/5058
f 5448/5448/5448 5449/5449/5449 5058/5058/5058
f 5058/5058/5058 5449/5449/5449 5059/5059/5059
f 5449/5449/5449 5450/5450/5450 5059/5059/5059
f 5059/5059/5059 5450/5450/5450 5060/5060/5060
f 5450/5450/5450 5451/5451/5451 5060/5060/5060
f 5060/5060/5060 5451/5451/5451 5061/5061/5061
f 5451/5451/5451 5452/5452/5452 5061/5061/5061
f 5061/5061/5061 5452/5452/5452 5062/5062/5062
f 5452/5452/5452 5453/5453/5453 5062/5062/5062
f 5062/5062/5062 5453/5453/5453 5063/5063/5063
f 5453/5453/5453 5454/5454/5454 5063/5063/5063
f 5063/5063/5063 5454/5454/5454 5064/5064/5064
f 5454/5454/5454 5455/5455/5455 5064/5064/5064
f 5064/5064/5064 5455/5455/5455 5065/5065/5065
f 5455/5455/5455 5456/5456/5456 5065/5065/5065
f 5065/5065/5065 5456/5456/5456 5066/5066/5066
f 5456/5456/5456 5457/5457/5457 5066/5066/5066
f 5066/5066/5066 5457/5457/5457 5067/5067/5067
f 5457/5457/5457 5458/5458/5458 5067/5067/5067
f 5067/5067/5067 5458/5458/5458 5068/5068/5068
f 5458/5458/5458 5459/5459/5459 5068/5068/5068
f 5068/5068/5068 5459/5459/5459 5069/5069/5069
f 5459/5459/5459 5460/5460/5460 5069/5069/5069
f 5069/5069/5069 5460/5460/5460 5070/5070/5070
f 5460/5460/5460 5071/5071/5071 5070/5070/5070
f 5070/5070/5070 5071/5071/5071 4681/4681/4681
f 5754/5754/5754 5753/5753/5753 5853/5853/5853
f 5754/5754/5754 5853/5853/5853 5852/5852/5852
f 5852/5852/5852 5755/5755/5755 5754/5754/5754
f 5852/5852/5852 5756/5756/5756 5755/5755/5755
f 5852/5852/5852 5757/5757/5757 5756/5756/5756
f 5757/5757/5757 5852/5852/5852 5858/5858/5858
f 5757/5757/5757 5858/5858/5858 5758/5758/5758
f 5758/5758/5758 5858/5858/5858 5857/5857/5857
f 5851/5851/5851 5758/5758/5758 5857/5857/5857
f 5851/5851/5851 5759/5759/5759 5758/5758/5758
f 5760/5760/5760 5759/5759/5759 5851/5851/5851
f 5857/5857/5857 5760/5760/5760 5851/5851/5851
f 5857/5857/5857 5761/5761/5761 5760/5760/5760
f 5857/5857/5857 5856/5856/5856 5761/5761/5761
f 5867/5867/5867 5856/5856/5856 5857/5857/5857
f 5867/5867/5867 5866/5866/5866 5856/5856/5856
f 5880/5880/5880 5866/5866/5866 5867/5867/5867
f 5880/5880/5880 5879/5879/5879 5866/5866/5866
f 5896/5896/5896 5879/5879/5879 5880/5880/5880
f 5896/5896/5896 5895/5895/5895 5879/5879/5879
f 5913/5913/5913 5895/5895/5895 5896/5896/5896
f 5913/5913/5913 5912/5912/5912 5895/5895/5895
f 5932/5932/5932 5912/5912/5912 5913/5913/5913
f 5784/5784/5784 5912/5912/5912 5932/5932/5932
f 5783/5783/5783 5912/5912/5912 5784/5784/5784
f 5783/5783/5783 5782/5782/5782 5912/5912/5912
f 5912/5912/5912 5782/5782/5782 5781/5781/5781
f 5912/5912/5912 5781/5781/5781 5780/5780/5780
f 5912/5912/5912 5780/5780/5780 5779/5779/5779
f 5779/5779/5779 5894/5894/5894 5912/5912/5912
f 5779/5779/5779 5778/5778/5778 5894/5894/5894
f 5894/5894/5894 5778/5778/5778 5777/5777/5777
f 5895/5895/5895 5894/5894/5894 5777/5777/5777
f 5894/5894/5894 5895/5895/5895 5912/5912/5912
f 5895/5895/5895 5777/5777/5777 5776/5776/5776
f 5878/5878/5878 5895/5895/5895 5776/5776/5776
f 5878/5878/5878 5879/5879/5879 5895/5895/5895
f 5879/5879/5879 5878/5878/5878 5772/5772/5772
f 5879/5879/5879 5772/5772/5772 5771/5771/5771
f 5879/5879/5879 5771/5771/5771 5865/5865/5865
f 5879/5879/5879 5865/5865/5865 5866/5866/5866
f 5865/5865/5865 5768/5768/5768 5866/5866/5866
f 5865/5865/5865 5769/5769/5769 5768/5768/5768
f 5865/5865/5865 5770/5770/5770 5769/5769/5769
f 5771/5771/5771 5770/5770/5770 5865/5865/5865
f 5866/5866/5866 5768/5768/5768 5767/5767/5767
f 5866/5866/5866 5767/5767/5767 5855/5855/5855
f 5866/5866/5866 5855/5855/5855 5856/5856/5856
f 5856/5856/5856 5855/5855/5855 5765/5765/5765
f 5856/5856/5856 5765/5765/5765 5764/5764/5764
f 5856/5856/5856 5764/5764/5764 5763/5763/5763
f 5856/5856/5856 5763/5763/5763 5762/5762/5762
f 5856/5856/5856 5762/5762/5762 5761/5761/5761
f 5855/5855/5855 5766/5766/5766 5765/5765/5765
f 5767/5767/5767 5766/5766/5766 5855/5855/5855
f 5878/5878/5878 5773/5773/5773 5772/5772/5772
f 5878/5878/5878 5774/5774/5774 5773/5773/5773
f 5775/5775/5775 5774/5774/5774 5878/5878/5878
f 5776/5776/5776 5775/5775/5775 5878/5878/5878
f 5785/5785/5785 5784/5784/5784 5932/5932/5932
f 5785/5785/5785 5932/5932/5932 5931/5931/5931
f 5786/5786/5786 5785/5785/5785 5931/5931/5931
f 5786/5786/5786 5931/5931/5931 5787/5787/5787
f 5931/5931/5931 5932/5932/5932 5787/5787/5787
f 5932/5932/5932 5954/5954/5954 5787/5787/5787
f 5954/5954/5954 5932/5932/5932 5933/5933/5933
f 5955/5955/5955 5954/5954/5954 5933/5933/5933
f 5977/5977/5977 5954/5954/5954 5955/5955/5955
f 5977/5977/5977 5976/5976/5976 5954/5954/5954
f 5977/5977/5977 6000/6000/6000 5976/5976/5976
f 6001/6001/6001 6000/6000/6000 5977/5977/5977
f 6000/6000/6000 6001/6001/6001 5796/5796/5796
f 5795/5795/5795 6000/6000/6000 5796/5796/5796
f 5795/5795/5795 5794/5794/5794 6000/6000/6000
f 5794/5794/5794 5793/5793/5793 6000/6000/6000
f 5976/5976/5976 6000/6000/6000 5793/5793/5793
f 5792/5792/5792 5976/5976/5976 5793/5793/5793
f 5792/5792/5792 5791/5791/5791 5976/5976/5976
f 5791/5791/5791 5790/5790/5790 5976/5976/5976
f 5790/5790/5790 5954/5954/5954 5976/5976/5976
f 5953/5953/5953 5954/5954/5954 5790/5790/5790
f 5953/5953/5953 5787/5787/5787 5954/5954/5954
f 5953/5953/5953 5788/5788/5788 5787/5787/5787
f 5789/5789/5789 5788/5788/5788 5953/5953/5953
f 5953/5953/5953 5790/5790/5790 5789/5789/5789
f 5796/5796/5796 6001/6001/6001 5797/5797/5797
f 5797/5797/5797 6001/6001/6001 6025/6025/6025
f 5798/5798/5798 5797/5797/5797 6025/6025/6025
f 5799/5799/5799 5798/5798/5798 6025/6025/6025
f 5799/5799/5799 6025/6025/6025 5800/5800/5800
f 6025/6025/6025 6050/6050/6050 5800/5800/5800
f 6050/6050/6050 6025/6025/6025 6026/6026/6026
f 6051/6051/6051 6050/6050/6050 6026/6026/6026
f 6050/6050/6050 6051/6051/6051 5804/5804/5804
f 5803/5803/5803 6050/6050/6050 5804/5804/5804
f 5803/5803/5803 5802/5802/5802 6050/6050/6050
f 5802/5802/5802 5801/5801/5801 6050/6050/6050
f 5800/5800/5800 6050/6050/6050 5801/5801/5801
f 5805/5805/5805 5804/5804/5804 6051/6051/6051
f 6076/6076/6076 5805/5805/5805 6051/6051/6051
f 5806/5806/5806 5805/5805/5805 6076/6076/6076
f 5807/5807/5807 5806/5806/5806 6076/6076/6076
f 5807/5807/5807 6076/6076/6076 6077/6077/6077
f 5808/5808/5808 5807/5807/5807 6077/6077/6077
f 6102/6102/6102 5808/5808/5808 6077/6077/6077
f 5809/5809/5809 5808/5808/5808 6102/6102/6102
f 5810/5810/5810 5809/5809/5809 6102/6102/6102
f 5810/5810/5810 6102/6102/6102 5811/5811/5811
f 6102/6102/6102 6103/6103/6103 5811/5811/5811
f 6103/6103/6103 6102/6102/6102 6078/6078/6078
f 6103/6103/6103 6078/6078/6078 6079/6079/6079
f 6104/6104/6104 6103/6103/6103 6079/6079/6079
f 6128/6128/6128 6103/6103/6103 6104/6104/6104
f 5812/5812/5812 6103/6103/6103 6128/6128/6128
f 5812/5812/5812 5811/5811/5811 6103/6103/6103
f 5813/5813/5813 5812/5812/5812 6128/6128/6128
f 5814/5814/5814 5813/5813/5813 6128/6128/6128
f 5814/5814/5814 6128/6128/6128 5815/5815/5815
f 6128/6128/6128 6129/6129/6129 5815/5815/5815
f 6129/6129/6129 6128/6128/6128 6104/6104/6104
f 6129/6129/6129 6104/6104/6104 6105/6105/6105
f 6130/6130/6130 6129/6129/6129 6105/6105/6105
f 6154/6154/6154 6129/6129/6129 6130/6130/6130
f 5815/5815/5815 6129/6129/6129 6154/6154/6154
f 5816/5816/5816 5815/5815/5815 6154/6154/6154
f 5816/5816/5816 6154/6154/6154 5817/5817/5817
f 5817/5817/5817 6154/6154/6154 6180/6180/6180
f 5818/5818/5818 5817/5817/5817 6180/6180/6180
f 5818/5818/5818 6180/6180/6180 5819/5819/5819
f 6180/6180/6180 6181/6181/6181 5819/5819/5819
f 6181/6181/6181 6180/6180/6180 6155/6155/6155
f 6181/6181/6181 6155/6155/6155 6156/6156/6156
f 6182/6182/6182 6181/6181/6181 6156/6156/6156
f 6207/6207/6207 6181/6181/6181 6182/6182/6182
f 6207/6207/6207 5819/5819/5819 6181/6181/6181
f 5820/5820/5820 5819/5819/5819 6207/6207/6207
f 5821/5821/5821 5820/5820/5820 6207/6207/6207
f 5821/5821/5821 6207/6207/6207 5822/5822/5822
f 5822/5822/5822 6207/6207/6207 6233/6233/6233
f 5823/5823/5823 5822/5822/5822 6233/6233/6233
f 5823/5823/5823 6233/6233/6233 5824/5824/5824
f 6233/6233/6233 6234/6234/6234 5824/5824/5824
f 6234/6234/6234 6233/6233/6233 6208/6208/6208
f 6234/6234/6234 6208/6208/6208 6209/6209/6209
f 6235/6235/6235 6234/6234/6234 6209/6209/6209
f 6234/6234/6234 6235/6235/6235 6260/6260/6260
f 5824/5824/5824 6234/6234/6234 6260/6260/6260
f 5824/5824/5824 6260/6260/6260 5825/5825/5825
f 5826/5826/5826 5825/5825/5825 6260/6260/6260
f 5827/5827/5827 5826/5826/5826 6260/6260/6260
f 6260/6260/6260 6287/6287/6287 5827/5827/5827
f 6261/6261/6261 6287/6287/6287 6260/6260/6260
f 6288/6288/6288 6287/6287/6287 6261/6261/6261
f 6287/6287/6287 6288/6288/6288 5830/5830/5830
f 5829/5829/5829 6287/6287/6287 5830/5830/5830
f 5829/5829/5829 5828/5828/5828 6287/6287/6287
f 5827/5827/5827 6287/6287/6287 5828/5828/5828
f 6315/6315/6315 5830/5830/5830 6288/6288/6288
f 6315/6315/6315 6314/6314/6314 5830/5830/5830
f 5831/5831/5831 6314/6314/6314 6315/6315/6315
f 5831/5831/5831 5830/5830/5830 6314/6314/6314
f 6315/6315/6315 6342/6342/6342 5831/5831/5831
f 6316/6316/6316 6342/6342/6342 6315/6315/6315
f 6343/6343/6343 6342/6342/6342 6316/6316/6316
f 6343/6343/6343 6369/6369/6369 6342/6342/6342
f 6370/6370/6370 6369/6369/6369 6343/6343/6343
f 6370/6370/6370 6396/6396/6396 6369/6369/6369
f 6397/6397/6397 6396/6396/6396 6370/6370/6370
f 6424/6424/6424 6396/6396/6396 6397/6397/6397
f 6396/6396/6396 6424/6424/6424 5838/5838/5838
f 5837/5837/5837 6396/6396/6396 5838/5838/5838
f 5837/5837/5837 5836/5836/5836 6396/6396/6396
f 5836/5836/5836 6369/6369/6369 6396/6396/6396
f 5835/5835/5835 6369/6369/6369 5836/5836/5836
f 5835/5835/5835 5834/5834/5834 6369/6369/6369
f 5833/5833/5833 6369/6369/6369 5834/5834/5834
f 6342/6342/6342 6369/6369/6369 5833/5833/5833
f 5833/5833/5833 5832/5832/5832 6342/6342/6342
f 5831/5831/5831 6342/6342/6342 5832/5832/5832
f 5838/5838/5838 6424/6424/6424 5839/5839/5839
f 5840/5840/5840 5839/5839/5839 6424/6424/6424
f 5840/5840/5840 6424/6424/6424 5841/5841/5841
f 5841/5841/5841 6424/6424/6424 6452/6452/6452
f 5842/5842/5842 5841/5841/5841 6452/6452/6452
f 5842/5842/5842 6452/6452/6452 5843/5843/5843
f 6452/6452/6452 6481/6481/6481 5843/5843/5843
f 6481/6481/6481 6452/6452/6452 6453/6453/6453
f 6481/6481/6481 6453/6453/6453 6482/6482/6482
f 6481/6481/6481 6482/6482/6482 6510/6510/6510
f 5845/5845/5845 6481/6481/6481 6510/6510/6510
f 5845/5845/5845 5844/5844/5844 6481/6481/6481
f 5843/5843/5843 6481/6481/6481 5844/5844/5844
f 6510/6510/6510 5846/5846/5846 5845/5845/5845
f 5847/5847/5847 5846/5846/5846 6510/6510/6510
f 5847/5847/5847 6510/6510/6510 6540/6540/6540
f 6540/6540/6540 5848/5848/5848 5847/5847/5847
f 5849/5849/5849 5848/5848/5848 6540/6540/6540
f 6570/6570/6570 5849/5849/5849 6540/6540/6540
f 5850/5850/5850 5849/5849/5849 6570/6570/6570
f 5461/5461/5461 5850/5850/5850 6570/6570/6570
f 6570/6570/6570 6600/6600/6600 5461/5461/5461
f 6570/6570/6570 6571/6571/6571 6600/6600/6600
f 6571/6571/6571 6570/6570/6570 6541/6541/6541
f 6571/6571/6571 6541/6541/6541 6542/6542/6542
f 6572/6572/6572 6571/6571/6571 6542/6542/6542
f 6601/6601/6601 6571/6571/6571 6572/6572/6572
f 6601/6601/6601 6600/6600/6600 6571/6571/6571
f 6601/6601/6601 6630/6630/6630 6600/6600/6600
f 6631/6631/6631 6630/6630/6630 6601/6601/6601
f 6630/6630/6630 6631/6631/6631 6660/6660/6660
f 5465/5465/5465 6630/6630/6630 6660/6660/6660
f 5465/5465/5465 5464/5464/5464 6630/6630/6630
f 5464/5464/5464 5463/5463/5463 6630/6630/6630
f 5463/5463/5463 6600/6600/6600 6630/6630/6630
f 5462/5462/5462 6600/6600/6600 5463/5463/5463
f 5462/5462/5462 5461/5461/5461 6600/6600/6600
f 6660/6660/6660 5466/5466/5466 5465/5465/5465
f 5467/5467/5467 5466/5466/5466 6660/6660/6660
f 5467/5467/5467 6660/6660/6660 6690/6690/6690
f 6690/6690/6690 5468/5468/5468 5467/5467/5467
f 5469/5469/5469 5468/5468/5468 6690/6690/6690
f 5470/5470/5470 5469/5469/5469 6690/6690/6690
f 6690/6690/6690 6720/6720/6720 5470/5470/5470
f 6690/6690/6690 6691/6691/6691 6720/6720/6720
f 6691/6691/6691 6690/6690/6690 6661/6661/6661
f 6691/6691/6691 6661/6661/6661 6662/6662/6662
f 6692/6692/6692 6691/6691/6691 6662/6662/6662
f 6721/6721/6721 6691/6691/6691 6692/6692/6692
f 6721/6721/6721 6720/6720/6720 6691/6691/6691
f 6720/6720/6720 6721/6721/6721 6751/6751/6751
f 6720/6720/6720 6751/6751/6751 5472/5472/5472
f 5472/5472/5472 5471/5471/5471 6720/6720/6720
f 5471/5471/5471 5470/5470/5470 6720/6720/6720
f 6751/6751/6751 5473/5473/5473 5472/5472/5472
f 5474/5474/5474 5473/5473/5473 6751/6751/6751
f 5474/5474/5474 6751/6751/6751 6782/6782/6782
f 6782/6782/6782 5475/5475/5475 5474/5474/5474
f 5476/5476/5476 5475/5475/5475 6782/6782/6782
f 5477/5477/5477 5476/5476/5476 6782/6782/6782
f 6782/6782/6782 6813/6813/6813 5477/5477/5477
f 6782/6782/6782 6783/6783/6783 6813/6813/6813
f 6783/6783/6783 6782/6782/6782 6752/6752/6752
f 6783/6783/6783 6752/6752/6752 6753/6753/6753
f 6784/6784/6784 6783/6783/6783 6753/6753/6753
f 6814/6814/6814 6783/6783/6783 6784/6784/6784
f 6814/6814/6814 6813/6813/6813 6783/6783/6783
f 6813/6813/6813 6814/6814/6814 6844/6844/6844
f 6813/6813/6813 6844/6844/6844 5480/5480/5480
f 5480/5480/5480 5479/5479/5479 6813/6813/6813
f 5479/5479/5479 5478/5478/5478 6813/6813/6813
f 6813/6813/6813 5478/5478/5478 5477/5477/5477
f 5481/5481/5481 5480/5480/5480 6844/6844/6844
f 5482/5482/5482 5481/5481/5481 6844/6844/6844
f 6844/6844/6844 6876/6876/6876 5482/5482/5482
f 6844/6844/6844 6845/6845/6845 6876/6876/6876
f 6845/6845/6845 6844/6844/6844 6814/6814/6814
f 6845/6845/6845 6814/6814/6814 6815/6815/6815
f 6846/6846/6846 6845/6845/6845 6815/6815/6815
f 6877/6877/6877 6845/6845/6845 6846/6846/6846
f 6877/6877/6877 6876/6876/6876 6845/6845/6845
f 6908/6908/6908 6876/6876/6876 6877/6877/6877
f 5484/5484/5484 6876/6876/6876 6908/6908/6908
f 5484/5484/5484 6875/6875/6875 6876/6876/6876
f 5484/5484/5484 5483/5483/5483 6875/6875/6875
f 6875/6875/6875 5483/5483/5483 5482/5482/5482
f 6876/6876/6876 6875/6875/6875 5482/5482/5482
f 6907/6907/6907 5484/5484/5484 6908/6908/6908
f 6907/6907/6907 5485/5485/5485 5484/5484/5484
f 6907/6907/6907 5486/5486/5486 5485/5485/5485
f 5487/5487/5487 5486/5486/5486 6907/6907/6907
f 5487/5487/5487 6907/6907/6907 5488/5488/5488
f 6907/6907/6907 6938/6938/6938 5488/5488/5488
f 6908/6908/6908 6938/6938/6938 6907/6907/6907
f 6939/6939/6939 6938/6938/6938 6908/6908/6908
f 6938/6938/6938 6939/6939/6939 5491/5491/5491
f 5490/5490/5490 6938/6938/6938 5491/5491/5491
f 5490/5490/5490 5489/5489/5489 6938/6938/6938
f 5489/5489/5489 5488/5488/5488 6938/6938/6938
f 5491/5491/5491 6939/6939/6939 6970/6970/6970
f 5491/5491/5491 6970/6970/6970 6969/6969/6969
f 6969/6969/6969 5492/5492/5492 5491/5491/5491
f 5492/5492/5492 6969/6969/6969 5493/5493/5493
f 5493/5493/5493 6969/6969/6969 6970/6970/6970
f 5494/5494/5494 5493/5493/5493 6970/6970/6970
f 5494/5494/5494 6970/6970/6970 5495/5495/5495
f 5495/5495/5495 6970/6970/6970 7000/7000/7000
f 5496/5496/5496 5495/5495/5495 7000/7000/7000
f 5497/5497/5497 5496/5496/5496 7000/7000/7000
f 5497/5497/5497 7000/7000/7000 5498/5498/5498
f 5498/5498/5498 7000/7000/7000 5499/5499/5499
f 7001/7001/7001 5499/5499/5499 7000/7000/7000
f 7029/7029/7029 5499/5499/5499 7001/7001/7001
f 5500/5500/5500 5499/5499/5499 7029/7029/7029
f 5501/5501/5501 5500/5500/5500 7029/7029/7029
f 5501/5501/5501 7029/7029/7029 5502/5502/5502
f 5502/5502/5502 7029/7029/7029 7057/7057/7057
f 5503/5503/5503 5502/5502/5502 7057/7057/7057
f 5504/5504/5504 5503/5503/5503 7057/7057/7057
f 5504/5504/5504 7057/7057/7057 7058/7058/7058
f 5505/5505/5505 5504/5504/5504 7058/7058/7058
f 5506/5506/5506 5505/5505/5505 7058/7058/7058
f 7084/7084/7084 5506/5506/5506 7058/7058/7058
f 5507/5507/5507 5506/5506/5506 7084/7084/7084
f 5508/5508/5508 5507/5507/5507 7084/7084/7084
f 5508/5508/5508 7084/7084/7084 5509/5509/5509
f 7084/7084/7084 7085/7085/7085 5509/5509/5509
f 7085/7085/7085 7084/7084/7084 7059/7059/7059
f 7085/7085/7085 7059/7059/7059 7060/7060/7060
f 7086/7086/7086 7085/7085/7085 7060/7060/7060
f 7109/7109/7109 7085/7085/7085 7086/7086/7086
f 7109/7109/7109 5510/5510/5510 7085/7085/7085
f 5511/5511/5511 5510/5510/5510 7109/7109/7109
f 5511/5511/5511 7109/7109/7109 5512/5512/5512
f 7109/7109/7109 7110/7110/7110 5512/5512/5512
f 7110/7110/7110 7109/7109/7109 7086/7086/7086
f 7110/7110/7110 7086/7086/7086 7087/7087/7087
f 7111/7111/7111 7110/7110/7110 7087/7087/7087
f 7132/7132/7132 7110/7110/7110 7111/7111/7111
f 7132/7132/7132 5513/5513/5513 7110/7110/7110
f 5514/5514/5514 5513/5513/5513 7132/7132/7132
f 5514/5514/5514 7132/7132/7132 5515/5515/5515
f 7132/7132/7132 7133/7133/7133 5515/5515/5515
f 7133/7133/7133 7132/7132/7132 7111/7111/7111
f 7133/7133/7133 7111/7111/7111 7112/7112/7112
f 7134/7134/7134 7133/7133/7133 7112/7112/7112
f 7134/7134/7134 7153/7153/7153 7133/7133/7133
f 7154/7154/7154 7153/7153/7153 7134/7134/7134
f 7153/7153/7153 7154/7154/7154 5519/5519/5519
f 5518/5518/5518 7153/7153/7153 5519/5519/5519
f 5517/5517/5517 7153/7153/7153 5518/5518/5518
f 5517/5517/5517 7133/7133/7133 7153/7153/7153
f 5516/5516/5516 7133/7133/7133 5517/5517/5517
f 5516/5516/5516 5515/5515/5515 7133/7133/7133
f 5520/5520/5520 5519/5519/5519 7154/7154/7154
f 5521/5521/5521 5520/5520/5520 7154/7154/7154
f 5521/5521/5521 7154/7154/7154 5522/5522/5522
f 7154/7154/7154 7155/7155/7155 5522/5522/5522
f 7155/7155/7155 7154/7154/7154 7135/7135/7135
f 7155/7155/7155 7135/7135/7135 7136/7136/7136
f 7156/7156/7156 7155/7155/7155 7136/7136/7136
f 7173/7173/7173 7155/7155/7155 7156/7156/7156
f 5522/5522/5522 7155/7155/7155 7173/7173/7173
f 5522/5522/5522 7173/7173/7173 5523/5523/5523
f 5524/5524/5524 5523/5523/5523 7173/7173/7173
f 5525/5525/5525 5524/5524/5524 7173/7173/7173
f 5525/5525/5525 7173/7173/7173 5526/5526/5526
f 7173/7173/7173 7174/7174/7174 5526/5526/5526
f 7174/7174/7174 7173/7173/7173 7156/7156/7156
f 7174/7174/7174 7156/7156/7156 7157/7157/7157
f 7175/7175/7175 7174/7174/7174 7157/7157/7157
f 7175/7175/7175 5529/5529/5529 7174/7174/7174
f 5529/5529/5529 7175/7175/7175 7191/7191/7191
f 5529/5529/5529 7191/7191/7191 5530/5530/5530
f 5531/5531/5531 5530/5530/5530 7191/7191/7191
f 5531/5531/5531 7191/7191/7191 5532/5532/5532
f 7191/7191/7191 7192/7192/7192 5532/5532/5532
f 7192/7192/7192 7191/7191/7191 7176/7176/7176
f 7192/7192/7192 7176/7176/7176 7177/7177/7177
f 7193/7193/7193 7192/7192/7192 7177/7177/7177
f 7192/7192/7192 7193/7193/7193 5535/5535/5535
f 5534/5534/5534 7192/7192/7192 5535/5535/5535
f 5534/5534/5534 5533/5533/5533 7192/7192/7192
f 5533/5533/5533 5532/5532/5532 7192/7192/7192
f 5535/5535/5535 7193/7193/7193 7204/7204/7204
f 5535/5535/5535 7204/7204/7204 5536/5536/5536
f 5537/5537/5537 5536/5536/5536 7204/7204/7204
f 5537/5537/5537 7204/7204/7204 5538/5538/5538
f 7204/7204/7204 7205/7205/7205 5538/5538/5538
f 7205/7205/7205 7204/7204/7204 7194/7194/7194
f 7205/7205/7205 7194/7194/7194 7195/7195/7195
f 7206/7206/7206 7205/7205/7205 7195/7195/7195
f 7206/7206/7206 5541/5541/5541 7205/7205/7205
f 5542/5542/5542 5541/5541/5541 7206/7206/7206
f 5543/5543/5543 5542/5542/5542 7206/7206/7206
f 5543/5543/5543 7206/7206/7206 5544/5544/5544
f 7206/7206/7206 7207/7207/7207 5544/5544/5544
f 7207/7207/7207 7206/7206/7206 7196/7196/7196
f 7207/7207/7207 7196/7196/7196 7197/7197/7197
f 7208/7208/7208 7207/7207/7207 7197/7197/7197
f 7207/7207/7207 7208/7208/7208 5547/5547/5547
f 5546/5546/5546 7207/7207/7207 5547/5547/5547
f 5546/5546/5546 5545/5545/5545 7207/7207/7207
f 5545/5545/5545 5544/5544/5544 7207/7207/7207
f 5548/5548/5548 5547/5547/5547 7208/7208/7208
f 5549/5549/5549 5548/5548/5548 7208/7208/7208
f 5549/5549/5549 7208/7208/7208 5550/5550/5550
f 7209/7209/7209 5550/5550/5550 7208/7208/7208
f 7209/7209/7209 5551/5551/5551 5550/5550/5550
f 5551/5551/5551 7209/7209/7209 5552/5552/5552
f 5552/5552/5552 7209/7209/7209 5553/5553/5553
f 7209/7209/7209 7210/7210/7210 5553/5553/5553
f 7209/7209/7209 7199/7199/7199 7210/7210/7210
f 7209/7209/7209 7198/7198/7198 7199/7199/7199
f 7208/7208/7208 7198/7198/7198 7209/7209/7209
f 7208/7208/7208 7197/7197/7197 7198/7198/7198
f 7198/7198/7198 7197/7197/7197 7182/7182/7182
f 7198/7198/7198 7182/7182/7182 7183/7183/7183
f 7199/7199/7199 7198/7198/7198 7183/7183/7183
f 7199/7199/7199 7183/7183/7183 7184/7184/7184
f 7200/7200/7200 7199/7199/7199 7184/7184/7184
f 7210/7210/7210 7199/7199/7199 7200/7200/7200
f 7210/7210/7210 7200/7200/7200 7211/7211/7211
f 7210/7210/7210 7211/7211/7211 5556/5556/5556
f 5555/5555/5555 7210/7210/7210 5556/5556/5556
f 5554/5554/5554 7210/7210/7210 5555/5555/5555
f 7210/7210/7210 5554/5554/5554 5553/5553/5553
f 5556/5556/5556 7211/7211/7211 5557/5557/5557
f 5557/5557/5557 7211/7211/7211 5558/5558/5558
f 5558/5558/5558 7211/7211/7211 5559/5559/5559
f 7211/7211/7211 7212/7212/7212 5559/5559/5559
f 7211/7211/7211 7201/7201/7201 7212/7212/7212
f 7211/7211/7211 7200/7200/7200 7201/7201/7201
f 7201/7201/7201 7200/7200/7200 7185/7185/7185
f 7201/7201/7201 7185/7185/7185 7186/7186/7186
f 7201/7201/7201 7186/7186/7186 7202/7202/7202
f 7201/7201/7201 7202/7202/7202 5562/5562/5562
f 7201/7201/7201 5562/5562/5562 5561/5561/5561
f 7212/7212/7212 7201/7201/7201 5561/5561/5561
f 5560/5560/5560 7212/7212/7212 5561/5561/5561
f 5559/5559/5559 7212/7212/7212 5560/5560/5560
f 7202/7202/7202 5563/5563/5563 5562/5562/5562
f 5563/5563/5563 7202/7202/7202 5564/5564/5564
f 5564/5564/5564 7202/7202/7202 5565/5565/5565
f 7202/7202/7202 7203/7203/7203 5565/5565/5565
f 7202/7202/7202 7187/7187/7187 7203/7203/7203
f 7202/7202/7202 7186/7186/7186 7187/7187/7187
f 7187/7187/7187 7186/7186/7186 7169/7169/7169
f 7187/7187/7187 7169/7169/7169 7170/7170/7170
f 7188/7188/7188 7187/7187/7187 7170/7170/7170
f 5568/5568/5568 7187/7187/7187 7188/7188/7188
f 7203/7203/7203 7187/7187/7187 5568/5568/5568
f 5567/5567/5567 7203/7203/7203 5568/5568/5568
f 5566/5566/5566 7203/7203/7203 5567/5567/5567
f 7203/7203/7203 5566/5566/5566 5565/5565/5565
f 5568/5568/5568 7188/7188/7188 5569/5569/5569
f 5569/5569/5569 7188/7188/7188 5570/5570/5570
f 5570/5570/5570 7188/7188/7188 5571/5571/5571
f 5571/5571/5571 7188/7188/7188 5572/5572/5572
f 5572/5572/5572 7188/7188/7188 5573/5573/5573
f 7188/7188/7188 7189/7189/7189 5573/5573/5573
f 7188/7188/7188 7171/7171/7171 7189/7189/7189
f 7188/7188/7188 7170/7170/7170 7171/7171/7171
f 7171/7171/7171 7170/7170/7170 7151/7151/7151
f 7171/7171/7171 7151/7151/7151 7152/7152/7152
f 7171/7171/7171 7152/7152/7152 7172/7172/7172
f 7171/7171/7171 7172/7172/7172 5576/5576/5576
f 5575/5575/5575 7171/7171/7171 5576/5576/5576
f 5574/5574/5574 7171/7171/7171 5575/5575/5575
f 7189/7189/7189 7171/7171/7171 5574/5574/5574
f 5573/5573/5573 7189/7189/7189 5574/5574/5574
f 5576/5576/5576 7172/7172/7172 5577/5577/5577
f 7172/7172/7172 7152/7152/7152 5577/5577/5577
f 5577/5577/5577 7152/7152/7152 5578/5578/5578
f 5578/5578/5578 7152/7152/7152 5579/5579/5579
f 5579/5579/5579 7152/7152/7152 5580/5580/5580
f 7152/7152/7152 5581/5581/5581 5580/5580/5580
f 7152/7152/7152 7131/7131/7131 5581/5581/5581
f 7152/7152/7152 7130/7130/7130 7131/7131/7131
f 7152/7152/7152 7151/7151/7151 7130/7130/7130
f 7151/7151/7151 7129/7129/7129 7130/7130/7130
f 7151/7151/7151 7150/7150/7150 7129/7129/7129
f 7170/7170/7170 7150/7150/7150 7151/7151/7151
f 7170/7170/7170 7169/7169/7169 7150/7150/7150
f 7169/7169/7169 7149/7149/7149 7150/7150/7150
f 7169/7169/7169 7168/7168/7168 7149/7149/7149
f 7186/7186/7186 7168/7168/7168 7169/7169/7169
f 7186/7186/7186 7185/7185/7185 7168/7168/7168
f 7185/7185/7185 7167/7167/7167 7168/7168/7168
f 7185/7185/7185 7184/7184/7184 7167/7167/7167
f 7200/7200/7200 7184/7184/7184 7185/7185/7185
f 7184/7184/7184 7166/7166/7166 7167/7167/7167
f 7184/7184/7184 7183/7183/7183 7166/7166/7166
f 7183/7183/7183 7165/7165/7165 7166/7166/7166
f 7183/7183/7183 7182/7182/7182 7165/7165/7165
f 7182/7182/7182 7164/7164/7164 7165/7165/7165
f 7182/7182/7182 7181/7181/7181 7164/7164/7164
f 7197/7197/7197 7181/7181/7181 7182/7182/7182
f 7197/7197/7197 7196/7196/7196 7181/7181/7181
f 7196/7196/7196 7180/7180/7180 7181/7181/7181
f 7196/7196/7196 7195/7195/7195 7180/7180/7180
f 7206/7206/7206 7195/7195/7195 7196/7196/7196
f 7195/7195/7195 7179/7179/7179 7180/7180/7180
f 7195/7195/7195 7194/7194/7194 7179/7179/7179
f 7194/7194/7194 7178/7178/7178 7179/7179/7179
f 7194/7194/7194 7193/7193/7193 7178/7178/7178
f 7204/7204/7204 7193/7193/7193 7194/7194/7194
f 7193/7193/7193 7177/7177/7177 7178/7178/7178
f 7178/7178/7178 7177/7177/7177 7160/7160/7160
f 7178/7178/7178 7160/7160/7160 7161/7161/7161
f 7179/7179/7179 7178/7178/7178 7161/7161/7161
f 7179/7179/7179 7161/7161/7161 7162/7162/7162
f 7180/7180/7180 7179/7179/7179 7162/7162/7162
f 7180/7180/7180 7162/7162/7162 7163/7163/7163
f 7181/7181/7181 7180/7180/7180 7163/7163/7163
f 7181/7181/7181 7163/7163/7163 7164/7164/7164
f 7164/7164/7164 7163/7163/7163 7144/7144/7144
f 7164/7164/7164 7144/7144/7144 7145/7145/7145
f 7165/7165/7165 7164/7164/7164 7145/7145/7145
f 7165/7165/7165 7145/7145/7145 7146/7146/7146
f 7166/7166/7166 7165/7165/7165 7146/7146/7146
f 7166/7166/7166 7146/7146/7146 7147/7147/7147
f 7167/7167/7167 7166/7166/7166 7147/7147/7147
f 7167/7167/7167 7147/7147/7147 7148/7148/7148
f 7168/7168/7168 7167/7167/7167 7148/7148/7148
f 7168/7168/7168 7148/7148/7148 7149/7149/7149
f 7149/7149/7149 7148/7148/7148 7127/7127/7127
f 7149/7149/7149 7127/7127/7127 7128/7128/7128
f 7150/7150/7150 7149/7149/7149 7128/7128/7128
f 7150/7150/7150 7128/7128/7128 7129/7129/7129
f 7129/7129/7129 7128/7128/7128 7105/7105/7105
f 7129/7129/7129 7105/7105/7105 7106/7106/7106
f 7130/7130/7130 7129/7129/7129 7106/7106/7106
f 7130/7130/7130 7106/7106/7106 7107/7107/7107
f 7131/7131/7131 7130/7130/7130 7107/7107/7107
f 7131/7131/7131 7107/7107/7107 5584/5584/5584
f 5583/5583/5583 7131/7131/7131 5584/5584/5584
f 5582/5582/5582 7131/7131/7131 5583/5583/5583
f 5581/5581/5581 7131/7131/7131 5582/5582/5582
f 7107/7107/7107 7108/7108/7108 5584/5584/5584
f 7108/7108/7108 7107/7107/7107 7082/7082/7082
f 7108/7108/7108 7082/7082/7082 5588/5588/5588
f 5587/5587/5587 7108/7108/7108 5588/5588/5588
f 5586/5586/5586 7108/7108/7108 5587/5587/5587
f 5585/5585/5585 7108/7108/7108 5586/5586/5586
f 5584/5584/5584 7108/7108/7108 5585/5585/5585
f 7082/7082/7082 7083/7083/7083 5588/5588/5588
f 7082/7082/7082 7055/7055/7055 7083/7083/7083
f 7082/7082/7082 7054/7054/7054 7055/7055/7055
f 7082/7082/7082 7081/7081/7081 7054/7054/7054
f 7107/7107/7107 7081/7081/7081 7082/7082/7082
f 7107/7107/7107 7106/7106/7106 7081/7081/7081
f 7106/7106/7106 7080/7080/7080 7081/7081/7081
f 7106/7106/7106 7105/7105/7105 7080/7080/7080
f 7105/7105/7105 7079/7079/7079 7080/7080/7080
f 7105/7105/7105 7104/7104/7104 7079/7079/7079
f 7128/7128/7128 7104/7104/7104 7105/7105/7105
f 7128/7128/7128 7127/7127/7127 7104/7104/7104
f 7127/7127/7127 7103/7103/7103 7104/7104/7104
f 7127/7127/7127 7126/7126/7126 7103/7103/7103
f 7148/7148/7148 7126/7126/7126 7127/7127/7127
f 7148/7148/7148 7147/7147/7147 7126/7126/7126
f 7147/7147/7147 7125/7125/7125 7126/7126/7126
f 7147/7147/7147 7146/7146/7146 7125/7125/7125
f 7146/7146/7146 7124/7124/7124 7125/7125/7125
f 7146/7146/7146 7145/7145/7145 7124/7124/7124
f 7145/7145/7145 7123/7123/7123 7124/7124/7124
f 7145/7145/7145 7144/7144/7144 7123/7123/7123
f 7144/7144/7144 7122/7122/7122 7123/7123/7123
f 7144/7144/7144 7143/7143/7143 7122/7122/7122
f 7163/7163/7163 7143/7143/7143 7144/7144/7144
f 7163/7163/7163 7162/7162/7162 7143/7143/7143
f 7162/7162/7162 7142/7142/7142 7143/7143/7143
f 7162/7162/7162 7161/7161/7161 7142/7142/7142
f 7161/7161/7161 7141/7141/7141 7142/7142/7142
f 7161/7161/7161 7160/7160/7160 7141/7141/7141
f 7160/7160/7160 7140/7140/7140 7141/7141/7141
f 7160/7160/7160 7159/7159/7159 7140/7140/7140
f 7177/7177/7177 7159/7159/7159 7160/7160/7160
f 7177/7177/7177 7176/7176/7176 7159/7159/7159
f 7176/7176/7176 7158/7158/7158 7159/7159/7159
f 7176/7176/7176 7175/7175/7175 7158/7158/7158
f 7191/7191/7191 7175/7175/7175 7176/7176/7176
f 7175/7175/7175 7157/7157/7157 7158/7158/7158
f 7158/7158/7158 7157/7157/7157 7138/7138/7138
f 7158/7158/7158 7138/7138/7138 7139/7139/7139
f 7159/7159/7159 7158/7158/7158 7139/7139/7139
f 7159/7159/7159 7139/7139/7139 7140/7140/7140
f 7140/7140/7140 7139/7139/7139 7118/7118/7118
f 7140/7140/7140 7118/7118/7118 7119/7119/7119
f 7141/7141/7141 7140/7140/7140 7119/7119/7119
f 7141/7141/7141 7119/7119/7119 7120/7120/7120
f 7142/7142/7142 7141/7141/7141 7120/7120/7120
f 7142/7142/7142 7120/7120/7120 7121/7121/7121
f 7143/7143/7143 7142/7142/7142 7121/7121/7121
f 7143/7143/7143 7121/7121/7121 7122/7122/7122
f 7122/7122/7122 7121/7121/7121 7098/7098/7098
f 7122/7122/7122 7098/7098/7098 7099/7099/7099
f 7123/7123/7123 7122/7122/7122 7099/7099/7099
f 7123/7123/7123 7099/7099/7099 7100/7100/7100
f 7124/7124/7124 7123/7123/7123 7100/7100/7100
f 7124/7124/7124 7100/7100/7100 7101/7101/7101
f 7125/7125/7125 7124/7124/7124 7101/7101/7101
f 7125/7125/7125 7101/7101/7101 7102/7102/7102
f 7126/7126/7126 7125/7125/7125 7102/7102/7102
f 7126/7126/7126 7102/7102/7102 7103/7103/7103
f 7103/7103/7103 7102/7102/7102 7077/7077/7077
f 7103/7103/7103 7077/7077/7077 7078/7078/7078
f 7104/7104/7104 7103/7103/7103 7078/7078/7078
f 7104/7104/7104 7078/7078/7078 7079/7079/7079
f 7079/7079/7079 7078/7078/7078 7051/7051/7051
f 7079/7079/7079 7051/7051/7051 7052/7052/7052
f 7080/7080/7080 7079/7079/7079 7052/7052/7052
f 7080/7080/7080 7052/7052/7052 7053/7053/7053
f 7081/7081/7081 7080/7080/7080 7053/7053/7053
f 7081/7081/7081 7053/7053/7053 7054/7054/7054
f 7054/7054/7054 7053/7053/7053 7026/7026/7026
f 7054/7054/7054 7026/7026/7026 7027/7027/7027
f 7055/7055/7055 7054/7054/7054 7027/7027/7027
f 7055/7055/7055 7027/7027/7027 7028/7028/7028
f 7055/7055/7055 7028/7028/7028 7056/7056/7056
f 7055/7055/7055 7056/7056/7056 5592/5592/5592
f 7083/7083/7083 7055/7055/7055 5592/5592/5592
f 5591/5591/5591 7083/7083/7083 5592/5592/5592
f 5590/5590/5590 7083/7083/7083 5591/5591/5591
f 5589/5589/5589 7083/7083/7083 5590/5590/5590
f 5588/5588/5588 7083/7083/7083 5589/5589/5589
f 5592/5592/5592 7056/7056/7056 5593/5593/5593
f 5593/5593/5593 7056/7056/7056 5594/5594/5594
f 5594/5594/5594 7056/7056/7056 5595/5595/5595
f 7056/7056/7056 5596/5596/5596 5595/5595/5595
f 7028/7028/7028 5596/5596/5596 7056/7056/7056
f 5596/5596/5596 7028/7028/7028 5597/5597/5597
f 5597/5597/5597 7028/7028/7028 5598/5598/5598
f 7028/7028/7028 5599/5599/5599 5598/5598/5598
f 6998/6998/6998 5599/5599/5599 7028/7028/7028
f 6998/6998/6998 6999/6999/6999 5599/5599/5599
f 6999/6999/6999 6998/6998/6998 6968/6968/6968
f 6999/6999/6999 6968/6968/6968 5602/5602/5602
f 5601/5601/5601 6999/6999/6999 5602/5602/5602
f 5600/5600/5600 6999/6999/6999 5601/5601/5601
f 5599/5599/5599 6999/6999/6999 5600/5600/5600
f 5602/5602/5602 6968/6968/6968 5603/5603/5603
f 5603/5603/5603 6968/6968/6968 5604/5604/5604
f 5604/5604/5604 6968/6968/6968 5605/5605/5605
f 6968/6968/6968 6937/6937/6937 5605/5605/5605
f 6968/6968/6968 6967/6967/6967 6937/6937/6937
f 6998/6998/6998 6967/6967/6967 6968/6968/6968
f 6998/6998/6998 6997/6997/6997 6967/6967/6967
f 7027/7027/7027 6997/6997/6997 6998/6998/6998
f 7027/7027/7027 7026/7026/7026 6997/6997/6997
f 7026/7026/7026 6996/6996/6996 6997/6997/6997
f 7026/7026/7026 7025/7025/7025 6996/6996/6996
f 7053/7053/7053 7025/7025/7025 7026/7026/7026
f 7053/7053/7053 7052/7052/7052 7025/7025/7025
f 7052/7052/7052 7024/7024/7024 7025/7025/7025
f 7052/7052/7052 7051/7051/7051 7024/7024/7024
f 7051/7051/7051 7023/7023/7023 7024/7024/7024
f 7051/7051/7051 7050/7050/7050 7023/7023/7023
f 7078/7078/7078 7050/7050/7050 7051/7051/7051
f 7078/7078/7078 7077/7077/7077 7050/7050/7050
f 7077/7077/7077 7049/7049/7049 7050/7050/7050
f 7077/7077/7077 7076/7076/7076 7049/7049/7049
f 7102/7102/7102 7076/7076/7076 7077/7077/7077
f 7102/7102/7102 7101/7101/7101 7076/7076/7076
f 7101/7101/7101 7075/7075/7075 7076/7076/7076
f 7101/7101/7101 7100/7100/7100 7075/7075/7075
f 7100/7100/7100 7074/7074/7074 7075/7075/7075
f 7100/7100/7100 7099/7099/7099 7074/7074/7074
f 7099/7099/7099 7073/7073/7073 7074/7074/7074
f 7099/7099/7099 7098/7098/7098 7073/7073/7073
f 7098/7098/7098 7072/7072/7072 7073/7073/7073
f 7098/7098/7098 7097/7097/7097 7072/7072/7072
f 7121/7121/7121 7097/7097/7097 7098/7098/7098
f 7121/7121/7121 7120/7120/7120 7097/7097/7097
f 7120/7120/7120 7096/7096/7096 7097/7097/7097
f 7120/7120/7120 7119/7119/7119 7096/7096/7096
f 7119/7119/7119 7095/7095/7095 7096/7096/7096
f 7119/7119/7119 7118/7118/7118 7095/7095/7095
f 7118/7118/7118 7094/7094/7094 7095/7095/7095
f 7118/7118/7118 7117/7117/7117 7094/7094/7094
f 7139/7139/7139 7117/7117/7117 7118/7118/7118
f 7139/7139/7139 7138/7138/7138 7117/7117/7117
f 7138/7138/7138 7116/7116/7116 7117/7117/7117
f 7138/7138/7138 7137/7137/7137 7116/7116/7116
f 7157/7157/7157 7137/7137/7137 7138/7138/7138
f 7157/7157/7157 7156/7156/7156 7137/7137/7137
f 7156/7156/7156 7136/7136/7136 7137/7137/7137
f 7137/7137/7137 7136/7136/7136 7115/7115/7115
f 7137/7137/7137 7115/7115/7115 7116/7116/7116
f 7116/7116/7116 7115/7115/7115 7092/7092/7092
f 7116/7116/7116 7092/7092/7092 7093/7093/7093
f 7117/7117/7117 7116/7116/7116 7093/7093/7093
f 7117/7117/7117 7093/7093/7093 7094/7094/7094
f 7094/7094/7094 7093/7093/7093 7068/7068/7068
f 7094/7094/7094 7068/7068/7068 7069/7069/7069
f 7095/7095/7095 7094/7094/7094 7069/7069/7069
f 7095/7095/7095 7069/7069/7069 7070/7070/7070
f 7096/7096/7096 7095/7095/7095 7070/7070/7070
f 7096/7096/7096 7070/7070/7070 7071/7071/7071
f 7097/7097/7097 7096/7096/7096 7071/7071/7071
f 7097/7097/7097 7071/7071/7071 7072/7072/7072
f 7072/7072/7072 7071/7071/7071 7044/7044/7044
f 7072/7072/7072 7044/7044/7044 7045/7045/7045
f 7073/7073/7073 7072/7072/7072 7045/7045/7045
f 7073/7073/7073 7045/7045/7045 7046/7046/7046
f 7074/7074/7074 7073/7073/7073 7046/7046/7046
f 7074/7074/7074 7046/7046/7046 7047/7047/7047
f 7075/7075/7075 7074/7074/7074 7047/7047/7047
f 7075/7075/7075 7047/7047/7047 7048/7048/7048
f 7076/7076/7076 7075/7075/7075 7048/7048/7048
f 7076/7076/7076 7048/7048/7048 7049/7049/7049
f 7049/7049/7049 7048/7048/7048 7021/7021/7021
f 7049/7049/7049 7021/7021/7021 7022/7022/7022
f 7050/7050/7050 7049/7049/7049 7022/7022/7022
f 7050/7050/7050 7022/7022/7022 7023/7023/7023
f 7023/7023/7023 7022/7022/7022 6993/6993/6993
f 7023/7023/7023 6993/6993/6993 6994/6994/6994
f 7024/7024/7024 7023/7023/7023 6994/6994/6994
f 7024/7024/7024 6994/6994/6994 6995/6995/6995
f 7025/7025/7025 7024/7024/7024 6995/6995/6995
f 7025/7025/7025 6995/6995/6995 6996/6996/6996
f 6996/6996/6996 6995/6995/6995 6965/6965/6965
f 6996/6996/6996 6965/6965/6965 6966/6966/6966
f 6997/6997/6997 6996/6996/6996 6966/6966/6966
f 6997/6997/6997 6966/6966/6966 6967/6967/6967
f 6967/6967/6967 6966/6966/6966 6936/6936/6936
f 6967/6967/6967 6936/6936/6936 6937/6937/6937
f 6937/6937/6937 6936/6936/6936 6905/6905/6905
f 6905/6905/6905 5608/5608/5608 6937/6937/6937
f 6906/6906/6906 5608/5608/5608 6905/6905/6905
f 5608/5608/5608 6906/6906/6906 5609/5609/5609
f 5609/5609/5609 6906/6906/6906 5610/5610/5610
f 6906/6906/6906 5611/5611/5611 5610/5610/5610
f 6874/6874/6874 5611/5611/5611 6906/6906/6906
f 5611/5611/5611 6874/6874/6874 5612/5612/5612
f 5612/5612/5612 6874/6874/6874 5613/5613/5613
f 6874/6874/6874 5614/5614/5614 5613/5613/5613
f 6843/6843/6843 5614/5614/5614 6874/6874/6874
f 5614/5614/5614 6843/6843/6843 5615/5615/5615
f 6843/6843/6843 5616/5616/5616 5615/5615/5615
f 5617/5617/5617 5616/5616/5616 6843/6843/6843
f 6812/6812/6812 5617/5617/5617 6843/6843/6843
f 6812/6812/6812 5618/5618/5618 5617/5617/5617
f 5618/5618/5618 6812/6812/6812 5619/5619/5619
f 6781/6781/6781 5619/5619/5619 6812/6812/6812
f 6781/6781/6781 5620/5620/5620 5619/5619/5619
f 5620/5620/5620 6781/6781/6781 5621/5621/5621
f 6781/6781/6781 5622/5622/5622 5621/5621/5621
f 6750/6750/6750 5622/5622/5622 6781/6781/6781
f 6750/6750/6750 5623/5623/5623 5622/5622/5622
f 5623/5623/5623 6750/6750/6750 5624/5624/5624
f 6749/6749/6749 5624/5624/5624 6750/6750/6750
f 5624/5624/5624 6749/6749/6749 5625/5625/5625
f 6749/6749/6749 6719/6719/6719 5625/5625/5625
f 6749/6749/6749 6748/6748/6748 6719/6719/6719
f 6779/6779/6779 6748/6748/6748 6749/6749/6749
f 6779/6779/6779 6778/6778/6778 6748/6748/6748
f 6809/6809/6809 6778/6778/6778 6779/6779/6779
f 6809/6809/6809 6808/6808/6808 6778/6778/6778
f 6839/6839/6839 6808/6808/6808 6809/6809/6809
f 6839/6839/6839 6838/6838/6838 6808/6808/6808
f 6869/6869/6869 6838/6838/6838 6839/6839/6839
f 6869/6869/6869 6868/6868/6868 6838/6838/6838
f 6900/6900/6900 6868/6868/6868 6869/6869/6869
f 6900/6900/6900 6899/6899/6899 6868/6868/6868
f 6931/6931/6931 6899/6899/6899 6900/6900/6900
f 6931/6931/6931 6930/6930/6930 6899/6899/6899
f 6961/6961/6961 6930/6930/6930 6931/6931/6931
f 6961/6961/6961 6960/6960/6960 6930/6930/6930
f 6991/6991/6991 6960/6960/6960 6961/6961/6961
f 6991/6991/6991 6990/6990/6990 6960/6960/6960
f 7020/7020/7020 6990/6990/6990 6991/6991/6991
f 7020/7020/7020 7019/7019/7019 6990/6990/6990
f 7047/7047/7047 7019/7019/7019 7020/7020/7020
f 7047/7047/7047 7046/7046/7046 7019/7019/7019
f 7046/7046/7046 7018/7018/7018 7019/7019/7019
f 7046/7046/7046 7045/7045/7045 7018/7018/7018
f 7045/7045/7045 7017/7017/7017 7018/7018/7018
f 7045/7045/7045 7044/7044/7044 7017/7017/7017
f 7044/7044/7044 7016/7016/7016 7017/7017/7017
f 7044/7044/7044 7043/7043/7043 7016/7016/7016
f 7071/7071/7071 7043/7043/7043 7044/7044/7044
f 7071/7071/7071 7070/7070/7070 7043/7043/7043
f 7070/7070/7070 7042/7042/7042 7043/7043/7043
f 7070/7070/7070 7069/7069/7069 7042/7042/7042
f 7069/7069/7069 7041/7041/7041 7042/7042/7042
f 7069/7069/7069 7068/7068/7068 7041/7041/7041
f 7068/7068/7068 7040/7040/7040 7041/7041/7041
f 7068/7068/7068 7067/7067/7067 7040/7040/7040
f 7093/7093/7093 7067/7067/7067 7068/7068/7068
f 7093/7093/7093 7092/7092/7092 7067/7067/7067
f 7092/7092/7092 7066/7066/7066 7067/7067/7067
f 7092/7092/7092 7091/7091/7091 7066/7066/7066
f 7115/7115/7115 7091/7091/7091 7092/7092/7092
f 7115/7115/7115 7114/7114/7114 7091/7091/7091
f 7136/7136/7136 7114/7114/7114 7115/7115/7115
f 7136/7136/7136 7135/7135/7135 7114/7114/7114
f 7135/7135/7135 7113/7113/7113 7114/7114/7114
f 7135/7135/7135 7134/7134/7134 7113/7113/7113
f 7154/7154/7154 7134/7134/7134 7135/7135/7135
f 7134/7134/7134 7112/7112/7112 7113/7113/7113
f 7113/7113/7113 7112/7112/7112 7089/7089/7089
f 7113/7113/7113 7089/7089/7089 7090/7090/7090
f 7114/7114/7114 7113/7113/7113 7090/7090/7090
f 7114/7114/7114 7090/7090/7090 7091/7091/7091
f 7091/7091/7091 7090/7090/7090 7065/7065/7065
f 7091/7091/7091 7065/7065/7065 7066/7066/7066
f 7066/7066/7066 7065/7065/7065 7038/7038/7038
f 7066/7066/7066 7038/7038/7038 7039/7039/7039
f 7067/7067/7067 7066/7066/7066 7039/7039/7039
f 7067/7067/7067 7039/7039/7039 7040/7040/7040
f 7040/7040/7040 7039/7039/7039 7012/7012/7012
f 7040/7040/7040 7012/7012/7012 7013/7013/7013
f 7041/7041/7041 7040/7040/7040 7013/7013/7013
f 7041/7041/7041 7013/7013/7013 7014/7014/7014
f 7042/7042/7042 7041/7041/7041 7014/7014/7014
f 7042/7042/7042 7014/7014/7014 7015/7015/7015
f 7043/7043/7043 7042/7042/7042 7015/7015/7015
f 7043/7043/7043 7015/7015/7015 7016/7016/7016
f 7016/7016/7016 7015/7015/7015 6986/6986/6986
f 7016/7016/7016 6986/6986/6986 6987/6987/6987
f 7017/7017/7017 7016/7016/7016 6987/6987/6987
f 7017/7017/7017 6987/6987/6987 6988/6988/6988
f 7018/7018/7018 7017/7017/7017 6988/6988/6988
f 7018/7018/7018 6988/6988/6988 6989/6989/6989
f 7019/7019/7019 7018/7018/7018 6989/6989/6989
f 7019/7019/7019 6989/6989/6989 6990/6990/6990
f 6990/6990/6990 6989/6989/6989 6959/6959/6959
f 6990/6990/6990 6959/6959/6959 6960/6960/6960
f 6960/6960/6960 6959/6959/6959 6929/6929/6929
f 6960/6960/6960 6929/6929/6929 6930/6930/6930
f 6930/6930/6930 6929/6929/6929 6898/6898/6898
f 6930/6930/6930 6898/6898/6898 6899/6899/6899
f 6899/6899/6899 6898/6898/6898 6867/6867/6867
f 6899/6899/6899 6867/6867/6867 6868/6868/6868
f 6868/6868/6868 6867/6867/6867 6837/6837/6837
f 6868/6868/6868 6837/6837/6837 6838/6838/6838
f 6838/6838/6838 6837/6837/6837 6807/6807/6807
f 6838/6838/6838 6807/6807/6807 6808/6808/6808
f 6808/6808/6808 6807/6807/6807 6777/6777/6777
f 6808/6808/6808 6777/6777/6777 6778/6778/6778
f 6778/6778/6778 6777/6777/6777 6747/6747/6747
f 6778/6778/6778 6747/6747/6747 6748/6748/6748
f 6748/6748/6748 6747/6747/6747 6718/6718/6718
f 6748/6748/6748 6718/6718/6718 6719/6719/6719
f 6719/6719/6719 6718/6718/6718 6689/6689/6689
f 6689/6689/6689 5627/5627/5627 6719/6719/6719
f 6689/6689/6689 5628/5628/5628 5627/5627/5627
f 5628/5628/5628 6689/6689/6689 5629/5629/5629
f 6689/6689/6689 5630/5630/5630 5629/5629/5629
f 6689/6689/6689 6659/6659/6659 5630/5630/5630
f 6689/6689/6689 6688/6688/6688 6659/6659/6659
f 6718/6718/6718 6688/6688/6688 6689/6689/6689
f 6718/6718/6718 6717/6717/6717 6688/6688/6688
f 6747/6747/6747 6717/6717/6717 6718/6718/6718
f 6747/6747/6747 6746/6746/6746 6717/6717/6717
f 6777/6777/6777 6746/6746/6746 6747/6747/6747
f 6777/6777/6777 6776/6776/6776 6746/6746/6746
f 6807/6807/6807 6776/6776/6776 6777/6777/6777
f 6807/6807/6807 6806/6806/6806 6776/6776/6776
f 6837/6837/6837 6806/6806/6806 6807/6807/6807
f 6837/6837/6837 6836/6836/6836 6806/6806/6806
f 6867/6867/6867 6836/6836/6836 6837/6837/6837
f 6867/6867/6867 6866/6866/6866 6836/6836/6836
f 6898/6898/6898 6866/6866/6866 6867/6867/6867
f 6898/6898/6898 6897/6897/6897 6866/6866/6866
f 6929/6929/6929 6897/6897/6897 6898/6898/6898
f 6929/6929/6929 6928/6928/6928 6897/6897/6897
f 6959/6959/6959 6928/6928/6928 6929/6929/6929
f 6959/6959/6959 6958/6958/6958 6928/6928/6928
f 6989/6989/6989 6958/6958/6958 6959/6959/6959
f 6989/6989/6989 6988/6988/6988 6958/6958/6958
f 6988/6988/6988 6957/6957/6957 6958/6958/6958
f 6988/6988/6988 6987/6987/6987 6957/6957/6957
f 6987/6987/6987 6956/6956/6956 6957/6957/6957
f 6987/6987/6987 6986/6986/6986 6956/6956/6956
f 6986/6986/6986 6955/6955/6955 6956/6956/6956
f 6986/6986/6986 6985/6985/6985 6955/6955/6955
f 7015/7015/7015 6985/6985/6985 6986/6986/6986
f 7015/7015/7015 7014/7014/7014 6985/6985/6985
f 7014/7014/7014 6984/6984/6984 6985/6985/6985
f 7014/7014/7014 7013/7013/7013 6984/6984/6984
f 7013/7013/7013 6983/6983/6983 6984/6984/6984
f 7013/7013/7013 7012/7012/7012 6983/6983/6983
f 7012/7012/7012 6982/6982/6982 6983/6983/6983
f 7012/7012/7012 7011/7011/7011 6982/6982/6982
f 7039/7039/7039 7011/7011/7011 7012/7012/7012
f 7039/7039/7039 7038/7038/7038 7011/7011/7011
f 7038/7038/7038 7010/7010/7010 7011/7011/7011
f 7038/7038/7038 7037/7037/7037 7010/7010/7010
f 7065/7065/7065 7037/7037/7037 7038/7038/7038
f 7065/7065/7065 7064/7064/7064 7037/7037/7037
f 7090/7090/7090 7064/7064/7064 7065/7065/7065
f 7090/7090/7090 7089/7089/7089 7064/7064/7064
f 7089/7089/7089 7063/7063/7063 7064/7064/7064
f 7089/7089/7089 7088/7088/7088 7063/7063/7063
f 7112/7112/7112 7088/7088/7088 7089/7089/7089
f 7112/7112/7112 7111/7111/7111 7088/7088/7088
f 7111/7111/7111 7087/7087/7087 7088/7088/7088
f 7088/7088/7088 7087/7087/7087 7062/7062/7062
f 7088/7088/7088 7062/7062/7062 7063/7063/7063
f 7063/7063/7063 7062/7062/7062 7035/7035/7035
f 7063/7063/7063 7035/7035/7035 7036/7036/7036
f 7064/7064/7064 7063/7063/7063 7036/7036/7036
f 7064/7064/7064 7036/7036/7036 7037/7037/7037
f 7037/7037/7037 7036/7036/7036 7009/7009/7009
f 7037/7037/7037 7009/7009/7009 7010/7010/7010
f 7010/7010/7010 7009/7009/7009 6980/6980/6980
f 7010/7010/7010 6980/6980/6980 6981/6981/6981
f 7011/7011/7011 7010/7010/7010 6981/6981/6981
f 7011/7011/7011 6981/6981/6981 6982/6982/6982
f 6982/6982/6982 6981/6981/6981 6951/6951/6951
f 6982/6982/6982 6951/6951/6951 6952/6952/6952
f 6983/6983/6983 6982/6982/6982 6952/6952/6952
f 6983/6983/6983 6952/6952/6952 6953/6953/6953
f 6984/6984/6984 6983/6983/6983 6953/6953/6953
f 6984/6984/6984 6953/6953/6953 6954/6954/6954
f 6985/6985/6985 6984/6984/6984 6954/6954/6954
f 6985/6985/6985 6954/6954/6954 6955/6955/6955
f 6955/6955/6955 6954/6954/6954 6924/6924/6924
f 6955/6955/6955 6924/6924/6924 6925/6925/6925
f 6956/6956/6956 6955/6955/6955 6925/6925/6925
f 6956/6956/6956 6925/6925/6925 6926/6926/6926
f 6957/6957/6957 6956/6956/6956 6926/6926/6926
f 6957/6957/6957 6926/6926/6926 6927/6927/6927
f 6958/6958/6958 6957/6957/6957 6927/6927/6927
f 6958/6958/6958 6927/6927/6927 6928/6928/6928
f 6928/6928/6928 6927/6927/6927 6896/6896/6896
f 6928/6928/6928 6896/6896/6896 6897/6897/6897
f 6897/6897/6897 6896/6896/6896 6865/6865/6865
f 6897/6897/6897 6865/6865/6865 6866/6866/6866
f 6866/6866/6866 6865/6865/6865 6835/6835/6835
f 6866/6866/6866 6835/6835/6835 6836/6836/6836
f 6836/6836/6836 6835/6835/6835 6805/6805/6805
f 6836/6836/6836 6805/6805/6805 6806/6806/6806
f 6806/6806/6806 6805/6805/6805 6775/6775/6775
f 6806/6806/6806 6775/6775/6775 6776/6776/6776
f 6776/6776/6776 6775/6775/6775 6745/6745/6745
f 6776/6776/6776 6745/6745/6745 6746/6746/6746
f 6746/6746/6746 6745/6745/6745 6716/6716/6716
f 6746/6746/6746 6716/6716/6716 6717/6717/6717
f 6717/6717/6717 6716/6716/6716 6687/6687/6687
f 6717/6717/6717 6687/6687/6687 6688/6688/6688
f 6688/6688/6688 6687/6687/6687 6658/6658/6658
f 6688/6688/6688 6658/6658/6658 6659/6659/6659
f 6659/6659/6659 6658/6658/6658 6629/6629/6629
f 6629/6629/6629 5632/5632/5632 6659/6659/6659
f 6629/6629/6629 5633/5633/5633 5632/5632/5632
f 5633/5633/5633 6629/6629/6629 5634/5634/5634
f 6629/6629/6629 5635/5635/5635 5634/5634/5634
f 6599/6599/6599 5635/5635/5635 6629/6629/6629
f 6599/6599/6599 5636/5636/5636 5635/5635/5635
f 5636/5636/5636 6599/6599/6599 5637/5637/5637
f 6599/6599/6599 5638/5638/5638 5637/5637/5637
f 6599/6599/6599 6569/6569/6569 5638/5638/5638
f 6599/6599/6599 6598/6598/6598 6569/6569/6569
f 6628/6628/6628 6598/6598/6598 6599/6599/6599
f 6628/6628/6628 6627/6627/6627 6598/6598/6598
f 6657/6657/6657 6627/6627/6627 6628/6628/6628
f 6657/6657/6657 6656/6656/6656 6627/6627/6627
f 6686/6686/6686 6656/6656/6656 6657/6657/6657
f 6686/6686/6686 6685/6685/6685 6656/6656/6656
f 6715/6715/6715 6685/6685/6685 6686/6686/6686
f 6715/6715/6715 6714/6714/6714 6685/6685/6685
f 6744/6744/6744 6714/6714/6714 6715/6715/6715
f 6744/6744/6744 6743/6743/6743 6714/6714/6714
f 6774/6774/6774 6743/6743/6743 6744/6744/6744
f 6774/6774/6774 6773/6773/6773 6743/6743/6743
f 6804/6804/6804 6773/6773/6773 6774/6774/6774
f 6804/6804/6804 6803/6803/6803 6773/6773/6773
f 6834/6834/6834 6803/6803/6803 6804/6804/6804
f 6834/6834/6834 6833/6833/6833 6803/6803/6803
f 6864/6864/6864 6833/6833/6833 6834/6834/6834
f 6864/6864/6864 6863/6863/6863 6833/6833/6833
f 6895/6895/6895 6863/6863/6863 6864/6864/6864
f 6895/6895/6895 6894/6894/6894 6863/6863/6863
f 6926/6926/6926 6894/6894/6894 6895/6895/6895
f 6926/6926/6926 6925/6925/6925 6894/6894/6894
f 6925/6925/6925 6893/6893/6893 6894/6894/6894
f 6925/6925/6925 6924/6924/6924 6893/6893/6893
f 6924/6924/6924 6892/6892/6892 6893/6893/6893
f 6924/6924/6924 6923/6923/6923 6892/6892/6892
f 6954/6954/6954 6923/6923/6923 6924/6924/6924
f 6954/6954/6954 6953/6953/6953 6923/6923/6923
f 6953/6953/6953 6922/6922/6922 6923/6923/6923
f 6953/6953/6953 6952/6952/6952 6922/6922/6922
f 6952/6952/6952 6921/6921/6921 6922/6922/6922
f 6952/6952/6952 6951/6951/6951 6921/6921/6921
f 6951/6951/6951 6920/6920/6920 6921/6921/6921
f 6951/6951/6951 6950/6950/6950 6920/6920/6920
f 6981/6981/6981 6950/6950/6950 6951/6951/6951
f 6981/6981/6981 6980/6980/6980 6950/6950/6950
f 6980/6980/6980 6949/6949/6949 6950/6950/6950
f 6980/6980/6980 6979/6979/6979 6949/6949/6949
f 7009/7009/7009 6979/6979/6979 6980/6980/6980
f 7009/7009/7009 7008/7008/7008 6979/6979/6979
f 7036/7036/7036 7008/7008/7008 7009/7009/7009
f 7036/7036/7036 7035/7035/7035 7008/7008/7008
f 7035/7035/7035 7007/7007/7007 7008/7008/7008
f 7035/7035/7035 7034/7034/7034 7007/7007/7007
f 7062/7062/7062 7034/7034/7034 7035/7035/7035
f 7062/7062/7062 7061/7061/7061 7034/7034/7034
f 7087/7087/7087 7061/7061/7061 7062/7062/7062
f 7087/7087/7087 7086/7086/7086 7061/7061/7061
f 7086/7086/7086 7060/7060/7060 7061/7061/7061
f 7061/7061/7061 7060/7060/7060 7033/7033/7033
f 7061/7061/7061 7033/7033/7033 7034/7034/7034
f 7034/7034/7034 7033/7033/7033 7006/7006/7006
f 7034/7034/7034 7006/7006/7006 7007/7007/7007
f 7007/7007/7007 7006/7006/7006 6977/6977/6977
f 7007/7007/7007 6977/6977/6977 6978/6978/6978
f 7008/7008/7008 7007/7007/7007 6978/6978/6978
f 7008/7008/7008 6978/6978/6978 6979/6979/6979
f 6979/6979/6979 6978/6978/6978 6948/6948/6948
f 6979/6979/6979 6948/6948/6948 6949/6949/6949
f 6949/6949/6949 6948/6948/6948 6918/6918/6918
f 6949/6949/6949 6918/6918/6918 6919/6919/6919
f 6950/6950/6950 6949/6949/6949 6919/6919/6919
f 6950/6950/6950 6919/6919/6919 6920/6920/6920
f 6920/6920/6920 6919/6919/6919 6888/6888/6888
f 6920/6920/6920 6888/6888/6888 6889/6889/6889
f 6921/6921/6921 6920/6920/6920 6889/6889/6889
f 6921/6921/6921 6889/6889/6889 6890/6890/6890
f 6922/6922/6922 6921/6921/6921 6890/6890/6890
f 6922/6922/6922 6890/6890/6890 6891/6891/6891
f 6923/6923/6923 6922/6922/6922 6891/6891/6891
f 6923/6923/6923 6891/6891/6891 6892/6892/6892
f 6892/6892/6892 6891/6891/6891 6860/6860/6860
f 6892/6892/6892 6860/6860/6860 6861/6861/6861
f 6893/6893/6893 6892/6892/6892 6861/6861/6861
f 6893/6893/6893 6861/6861/6861 6862/6862/6862
f 6894/6894/6894 6893/6893/6893 6862/6862/6862
f 6894/6894/6894 6862/6862/6862 6863/6863/6863
f 6863/6863/6863 6862/6862/6862 6832/6832/6832
f 6863/6863/6863 6832/6832/6832 6833/6833/6833
f 6833/6833/6833 6832/6832/6832 6802/6802/6802
f 6833/6833/6833 6802/6802/6802 6803/6803/6803
f 6803/6803/6803 6802/6802/6802 6772/6772/6772
f 6803/6803/6803 6772/6772/6772 6773/6773/6773
f 6773/6773/6773 6772/6772/6772 6742/6742/6742
f 6773/6773/6773 6742/6742/6742 6743/6743/6743
f 6743/6743/6743 6742/6742/6742 6713/6713/6713
f 6743/6743/6743 6713/6713/6713 6714/6714/6714
f 6714/6714/6714 6713/6713/6713 6684/6684/6684
f 6714/6714/6714 6684/6684/6684 6685/6685/6685
f 6685/6685/6685 6684/6684/6684 6655/6655/6655
f 6685/6685/6685 6655/6655/6655 6656/6656/6656
f 6656/6656/6656 6655/6655/6655 6626/6626/6626
f 6656/6656/6656 6626/6626/6626 6627/6627/6627
f 6627/6627/6627 6626/6626/6626 6597/6597/6597
f 6627/6627/6627 6597/6597/6597 6598/6598/6598
f 6598/6598/6598 6597/6597/6597 6568/6568/6568
f 6598/6598/6598 6568/6568/6568 6569/6569/6569
f 6568/6568/6568 5641/5641/5641 6569/6569/6569
f 6538/6538/6538 5641/5641/5641 6568/6568/6568
f 6538/6538/6538 6539/6539/6539 5641/5641/5641
f 6539/6539/6539 6538/6538/6538 5643/5643/5643
f 6539/6539/6539 5643/5643/5643 5642/5642/5642
f 5641/5641/5641 6539/6539/6539 5642/5642/5642
f 6538/6538/6538 5644/5644/5644 5643/5643/5643
f 6538/6538/6538 6509/6509/6509 5644/5644/5644
f 6538/6538/6538 6537/6537/6537 6509/6509/6509
f 6567/6567/6567 6537/6537/6537 6538/6538/6538
f 6567/6567/6567 6566/6566/6566 6537/6537/6537
f 6596/6596/6596 6566/6566/6566 6567/6567/6567
f 6596/6596/6596 6595/6595/6595 6566/6566/6566
f 6625/6625/6625 6595/6595/6595 6596/6596/6596
f 6625/6625/6625 6624/6624/6624 6595/6595/6595
f 6654/6654/6654 6624/6624/6624 6625/6625/6625
f 6654/6654/6654 6653/6653/6653 6624/6624/6624
f 6683/6683/6683 6653/6653/6653 6654/6654/6654
f 6683/6683/6683 6682/6682/6682 6653/6653/6653
f 6712/6712/6712 6682/6682/6682 6683/6683/6683
f 6712/6712/6712 6711/6711/6711 6682/6682/6682
f 6741/6741/6741 6711/6711/6711 6712/6712/6712
f 6741/6741/6741 6740/6740/6740 6711/6711/6711
f 6771/6771/6771 6740/6740/6740 6741/6741/6741
f 6771/6771/6771 6770/6770/6770 6740/6740/6740
f 6801/6801/6801 6770/6770/6770 6771/6771/6771
f 6801/6801/6801 6800/6800/6800 6770/6770/6770
f 6831/6831/6831 6800/6800/6800 6801/6801/6801
f 6831/6831/6831 6830/6830/6830 6800/6800/6800
f 6861/6861/6861 6830/6830/6830 6831/6831/6831
f 6861/6861/6861 6860/6860/6860 6830/6830/6830
f 6860/6860/6860 6829/6829/6829 6830/6830/6830
f 6860/6860/6860 6859/6859/6859 6829/6829/6829
f 6891/6891/6891 6859/6859/6859 6860/6860/6860
f 6891/6891/6891 6890/6890/6890 6859/6859/6859
f 6890/6890/6890 6858/6858/6858 6859/6859/6859
f 6890/6890/6890 6889/6889/6889 6858/6858/6858
f 6889/6889/6889 6857/6857/6857 6858/6858/6858
f 6889/6889/6889 6888/6888/6888 6857/6857/6857
f 6888/6888/6888 6856/6856/6856 6857/6857/6857
f 6888/6888/6888 6887/6887/6887 6856/6856/6856
f 6919/6919/6919 6887/6887/6887 6888/6888/6888
f 6919/6919/6919 6918/6918/6918 6887/6887/6887
f 6918/6918/6918 6886/6886/6886 6887/6887/6887
f 6918/6918/6918 6917/6917/6917 6886/6886/6886
f 6948/6948/6948 6917/6917/6917 6918/6918/6918
f 6948/6948/6948 6947/6947/6947 6917/6917/6917
f 6978/6978/6978 6947/6947/6947 6948/6948/6948
f 6978/6978/6978 6977/6977/6977 6947/6947/6947
f 6977/6977/6977 6946/6946/6946 6947/6947/6947
f 6977/6977/6977 6976/6976/6976 6946/6946/6946
f 7006/7006/7006 6976/6976/6976 6977/6977/6977
f 7006/7006/7006 7005/7005/7005 6976/6976/6976
f 7033/7033/7033 7005/7005/7005 7006/7006/7006
f 7033/7033/7033 7032/7032/7032 7005/7005/7005
f 7060/7060/7060 7032/7032/7032 7033/7033/7033
f 7060/7060/7060 7059/7059/7059 7032/7032/7032
f 7059/7059/7059 7031/7031/7031 7032/7032/7032
f 7059/7059/7059 7058/7058/7058 7031/7031/7031
f 7084/7084/7084 7058/7058/7058 7059/7059/7059
f 7058/7058/7058 7030/7030/7030 7031/7031/7031
f 7058/7058/7058 7057/7057/7057 7030/7030/7030
f 7030/7030/7030 7057/7057/7057 7029/7029/7029
f 7030/7030/7030 7029/7029/7029 7002/7002/7002
f 7030/7030/7030 7002/7002/7002 7003/7003/7003
f 7031/7031/7031 7030/7030/7030 7003/7003/7003
f 7031/7031/7031 7003/7003/7003 7004/7004/7004
f 7032/7032/7032 7031/7031/7031 7004/7004/7004
f 7032/7032/7032 7004/7004/7004 7005/7005/7005
f 7005/7005/7005 7004/7004/7004 6975/6975/6975
f 7005/7005/7005 6975/6975/6975 6976/6976/6976
f 6976/6976/6976 6975/6975/6975 6945/6945/6945
f 6976/6976/6976 6945/6945/6945 6946/6946/6946
f 6946/6946/6946 6945/6945/6945 6915/6915/6915
f 6946/6946/6946 6915/6915/6915 6916/6916/6916
f 6947/6947/6947 6946/6946/6946 6916/6916/6916
f 6947/6947/6947 6916/6916/6916 6917/6917/6917
f 6917/6917/6917 6916/6916/6916 6885/6885/6885
f 6917/6917/6917 6885/6885/6885 6886/6886/6886
f 6886/6886/6886 6885/6885/6885 6854/6854/6854
f 6886/6886/6886 6854/6854/6854 6855/6855/6855
f 6887/6887/6887 6886/6886/6886 6855/6855/6855
f 6887/6887/6887 6855/6855/6855 6856/6856/6856
f 6856/6856/6856 6855/6855/6855 6825/6825/6825
f 6856/6856/6856 6825/6825/6825 6826/6826/6826
f 6857/6857/6857 6856/6856/6856 6826/6826/6826
f 6857/6857/6857 6826/6826/6826 6827/6827/6827
f 6858/6858/6858 6857/6857/6857 6827/6827/6827
f 6858/6858/6858 6827/6827/6827 6828/6828/6828
f 6859/6859/6859 6858/6858/6858 6828/6828/6828
f 6859/6859/6859 6828/6828/6828 6829/6829/6829
f 6829/6829/6829 6828/6828/6828 6798/6798/6798
f 6829/6829/6829 6798/6798/6798 6799/6799/6799
f 6830/6830/6830 6829/6829/6829 6799/6799/6799
f 6830/6830/6830 6799/6799/6799 6800/6800/6800
f 6800/6800/6800 6799/6799/6799 6769/6769/6769
f 6800/6800/6800 6769/6769/6769 6770/6770/6770
f 6770/6770/6770 6769/6769/6769 6739/6739/6739
f 6770/6770/6770 6739/6739/6739 6740/6740/6740
f 6740/6740/6740 6739/6739/6739 6710/6710/6710
f 6740/6740/6740 6710/6710/6710 6711/6711/6711
f 6711/6711/6711 6710/6710/6710 6681/6681/6681
f 6711/6711/6711 6681/6681/6681 6682/6682/6682
f 6682/6682/6682 6681/6681/6681 6652/6652/6652
f 6682/6682/6682 6652/6652/6652 6653/6653/6653
f 6653/6653/6653 6652/6652/6652 6623/6623/6623
f 6653/6653/6653 6623/6623/6623 6624/6624/6624
f 6624/6624/6624 6623/6623/6623 6594/6594/6594
f 6624/6624/6624 6594/6594/6594 6595/6595/6595
f 6595/6595/6595 6594/6594/6594 6565/6565/6565
f 6595/6595/6595 6565/6565/6565 6566/6566/6566
f 6566/6566/6566 6565/6565/6565 6536/6536/6536
f 6566/6566/6566 6536/6536/6536 6537/6537/6537
f 6537/6537/6537 6536/6536/6536 6508/6508/6508
f 6537/6537/6537 6508/6508/6508 6509/6509/6509
f 6509/6509/6509 6508/6508/6508 6480/6480/6480
f 6509/6509/6509 6480/6480/6480 5647/5647/5647
f 6509/6509/6509 5647/5647/5647 5646/5646/5646
f 6509/6509/6509 5646/5646/5646 5645/5645/5645
f 5644/5644/5644 6509/6509/6509 5645/5645/5645
f 5647/5647/5647 6480/6480/6480 5648/5648/5648
f 6480/6480/6480 5649/5649/5649 5648/5648/5648
f 6479/6479/6479 5649/5649/5649 6480/6480/6480
f 6479/6479/6479 5650/5650/5650 5649/5649/5649
f 6479/6479/6479 6451/6451/6451 5650/5650/5650
f 6479/6479/6479 6478/6478/6478 6451/6451/6451
f 6507/6507/6507 6478/6478/6478 6479/6479/6479
f 6507/6507/6507 6506/6506/6506 6478/6478/6478
f 6535/6535/6535 6506/6506/6506 6507/6507/6507
f 6535/6535/6535 6534/6534/6534 6506/6506/6506
f 6564/6564/6564 6534/6534/6534 6535/6535/6535
f 6564/6564/6564 6563/6563/6563 6534/6534/6534
f 6593/6593/6593 6563/6563/6563 6564/6564/6564
f 6593/6593/6593 6592/6592/6592 6563/6563/6563
f 6622/6622/6622 6592/6592/6592 6593/6593/6593
f 6622/6622/6622 6621/6621/6621 6592/6592/6592
f 6651/6651/6651 6621/6621/6621 6622/6622/6622
f 6651/6651/6651 6650/6650/6650 6621/6621/6621
f 6680/6680/6680 6650/6650/6650 6651/6651/6651
f 6680/6680/6680 6679/6679/6679 6650/6650/6650
f 6709/6709/6709 6679/6679/6679 6680/6680/6680
f 6709/6709/6709 6708/6708/6708 6679/6679/6679
f 6738/6738/6738 6708/6708/6708 6709/6709/6709
f 6738/6738/6738 6737/6737/6737 6708/6708/6708
f 6768/6768/6768 6737/6737/6737 6738/6738/6738
f 6768/6768/6768 6767/6767/6767 6737/6737/6737
f 6798/6798/6798 6767/6767/6767 6768/6768/6768
f 6798/6798/6798 6797/6797/6797 6767/6767/6767
f 6828/6828/6828 6797/6797/6797 6798/6798/6798
f 6828/6828/6828 6827/6827/6827 6797/6797/6797
f 6827/6827/6827 6796/6796/6796 6797/6797/6797
f 6827/6827/6827 6826/6826/6826 6796/6796/6796
f 6826/6826/6826 6795/6795/6795 6796/6796/6796
f 6826/6826/6826 6825/6825/6825 6795/6795/6795
f 6825/6825/6825 6794/6794/6794 6795/6795/6795
f 6825/6825/6825 6824/6824/6824 6794/6794/6794
f 6855/6855/6855 6824/6824/6824 6825/6825/6825
f 6855/6855/6855 6854/6854/6854 6824/6824/6824
f 6854/6854/6854 6823/6823/6823 6824/6824/6824
f 6854/6854/6854 6853/6853/6853 6823/6823/6823
f 6885/6885/6885 6853/6853/6853 6854/6854/6854
f 6885/6885/6885 6884/6884/6884 6853/6853/6853
f 6916/6916/6916 6884/6884/6884 6885/6885/6885
f 6916/6916/6916 6915/6915/6915 6884/6884/6884
f 6915/6915/6915 6883/6883/6883 6884/6884/6884
f 6915/6915/6915 6914/6914/6914 6883/6883/6883
f 6945/6945/6945 6914/6914/6914 6915/6915/6915
f 6945/6945/6945 6944/6944/6944 6914/6914/6914
f 6975/6975/6975 6944/6944/6944 6945/6945/6945
f 6975/6975/6975 6974/6974/6974 6944/6944/6944
f 7004/7004/7004 6974/6974/6974 6975/6975/6975
f 7004/7004/7004 7003/7003/7003 6974/6974/6974
f 7003/7003/7003 6973/6973/6973 6974/6974/6974
f 7003/7003/7003 7002/7002/7002 6973/6973/6973
f 7002/7002/7002 6972/6972/6972 6973/6973/6973
f 7002/7002/7002 7001/7001/7001 6972/6972/6972
f 7029/7029/7029 7001/7001/7001 7002/7002/7002
f 7001/7001/7001 6971/6971/6971 6972/6972/6972
f 7001/7001/7001 7000/7000/7000 6971/6971/6971
f 6971/6971/6971 7000/7000/7000 6970/6970/6970
f 6971/6971/6971 6970/6970/6970 6940/6940/6940
f 6971/6971/6971 6940/6940/6940 6941/6941/6941
f 6972/6972/6972 6971/6971/6971 6941/6941/6941
f 6972/6972/6972 6941/6941/6941 6942/6942/6942
f 6973/6973/6973 6972/6972/6972 6942/6942/6942
f 6973/6973/6973 6942/6942/6942 6943/6943/6943
f 6974/6974/6974 6973/6973/6973 6943/6943/6943
f 6974/6974/6974 6943/6943/6943 6944/6944/6944
f 6944/6944/6944 6943/6943/6943 6913/6913/6913
f 6944/6944/6944 6913/6913/6913 6914/6914/6914
f 6914/6914/6914 6913/6913/6913 6882/6882/6882
f 6914/6914/6914 6882/6882/6882 6883/6883/6883
f 6883/6883/6883 6882/6882/6882 6851/6851/6851
f 6883/6883/6883 6851/6851/6851 6852/6852/6852
f 6884/6884/6884 6883/6883/6883 6852/6852/6852
f 6884/6884/6884 6852/6852/6852 6853/6853/6853
f 6853/6853/6853 6852/6852/6852 6822/6822/6822
f 6853/6853/6853 6822/6822/6822 6823/6823/6823
f 6823/6823/6823 6822/6822/6822 6792/6792/6792
f 6823/6823/6823 6792/6792/6792 6793/6793/6793
f 6824/6824/6824 6823/6823/6823 6793/6793/6793
f 6824/6824/6824 6793/6793/6793 6794/6794/6794
f 6794/6794/6794 6793/6793/6793 6763/6763/6763
f 6794/6794/6794 6763/6763/6763 6764/6764/6764
f 6795/6795/6795 6794/6794/6794 6764/6764/6764
f 6795/6795/6795 6764/6764/6764 6765/6765/6765
f 6796/6796/6796 6795/6795/6795 6765/6765/6765
f 6796/6796/6796 6765/6765/6765 6766/6766/6766
f 6797/6797/6797 6796/6796/6796 6766/6766/6766
f 6797/6797/6797 6766/6766/6766 6767/6767/6767
f 6767/6767/6767 6766/6766/6766 6736/6736/6736
f 6767/6767/6767 6736/6736/6736 6737/6737/6737
f 6737/6737/6737 6736/6736/6736 6707/6707/6707
f 6737/6737/6737 6707/6707/6707 6708/6708/6708
f 6708/6708/6708 6707/6707/6707 6678/6678/6678
f 6708/6708/6708 6678/6678/6678 6679/6679/6679
f 6679/6679/6679 6678/6678/6678 6649/6649/6649
f 6679/6679/6679 6649/6649/6649 6650/6650/6650
f 6650/6650/6650 6649/6649/6649 6620/6620/6620
f 6650/6650/6650 6620/6620/6620 6621/6621/6621
f 6621/6621/6621 6620/6620/6620 6591/6591/6591
f 6621/6621/6621 6591/6591/6591 6592/6592/6592
f 6592/6592/6592 6591/6591/6591 6562/6562/6562
f 6592/6592/6592 6562/6562/6562 6563/6563/6563
f 6563/6563/6563 6562/6562/6562 6533/6533/6533
f 6563/6563/6563 6533/6533/6533 6534/6534/6534
f 6534/6534/6534 6533/6533/6533 6505/6505/6505
f 6534/6534/6534 6505/6505/6505 6506/6506/6506
f 6506/6506/6506 6505/6505/6505 6477/6477/6477
f 6506/6506/6506 6477/6477/6477 6478/6478/6478
f 6478/6478/6478 6477/6477/6477 6450/6450/6450
f 6478/6478/6478 6450/6450/6450 6451/6451/6451
f 6451/6451/6451 6450/6450/6450 6423/6423/6423
f 6451/6451/6451 6423/6423/6423 5653/5653/5653
f 6451/6451/6451 5653/5653/5653 5652/5652/5652
f 6451/6451/6451 5652/5652/5652 5651/5651/5651
f 5650/5650/5650 6451/6451/6451 5651/5651/5651
f 5653/5653/5653 6423/6423/6423 5654/5654/5654
f 6423/6423/6423 5655/5655/5655 5654/5654/5654
f 6422/6422/6422 5655/5655/5655 6423/6423/6423
f 5655/5655/5655 6422/6422/6422 6395/6395/6395
f 6395/6395/6395 5656/5656/5656 5655/5655/5655
f 6395/6395/6395 5657/5657/5657 5656/5656/5656
f 6368/6368/6368 5657/5657/5657 6395/6395/6395
f 6368/6368/6368 5658/5658/5658 5657/5657/5657
f 5658/5658/5658 6368/6368/6368 5659/5659/5659
f 6368/6368/6368 5660/5660/5660 5659/5659/5659
f 6368/6368/6368 5661/5661/5661 5660/5660/5660
f 6368/6368/6368 6341/6341/6341 5661/5661/5661
f 6368/6368/6368 6367/6367/6367 6341/6341/6341
f 6394/6394/6394 6367/6367/6367 6368/6368/6368
f 6394/6394/6394 6393/6393/6393 6367/6367/6367
f 6420/6420/6420 6393/6393/6393 6394/6394/6394
f 6420/6420/6420 6419/6419/6419 6393/6393/6393
f 6447/6447/6447 6419/6419/6419 6420/6420/6420
f 6447/6447/6447 6446/6446/6446 6419/6419/6419
f 6474/6474/6474 6446/6446/6446 6447/6447/6447
f 6474/6474/6474 6473/6473/6473 6446/6446/6446
f 6502/6502/6502 6473/6473/6473 6474/6474/6474
f 6502/6502/6502 6501/6501/6501 6473/6473/6473
f 6530/6530/6530 6501/6501/6501 6502/6502/6502
f 6530/6530/6530 6529/6529/6529 6501/6501/6501
f 6559/6559/6559 6529/6529/6529 6530/6530/6530
f 6559/6559/6559 6558/6558/6558 6529/6529/6529
f 6588/6588/6588 6558/6558/6558 6559/6559/6559
f 6588/6588/6588 6587/6587/6587 6558/6558/6558
f 6617/6617/6617 6587/6587/6587 6588/6588/6588
f 6617/6617/6617 6616/6616/6616 6587/6587/6587
f 6646/6646/6646 6616/6616/6616 6617/6617/6617
f 6646/6646/6646 6645/6645/6645 6616/6616/6616
f 6675/6675/6675 6645/6645/6645 6646/6646/6646
f 6675/6675/6675 6674/6674/6674 6645/6645/6645
f 6704/6704/6704 6674/6674/6674 6675/6675/6675
f 6704/6704/6704 6703/6703/6703 6674/6674/6674
f 6733/6733/6733 6703/6703/6703 6704/6704/6704
f 6733/6733/6733 6732/6732/6732 6703/6703/6703
f 6763/6763/6763 6732/6732/6732 6733/6733/6733
f 6763/6763/6763 6762/6762/6762 6732/6732/6732
f 6793/6793/6793 6762/6762/6762 6763/6763/6763
f 6793/6793/6793 6792/6792/6792 6762/6762/6762
f 6792/6792/6792 6761/6761/6761 6762/6762/6762
f 6792/6792/6792 6791/6791/6791 6761/6761/6761
f 6822/6822/6822 6791/6791/6791 6792/6792/6792
f 6822/6822/6822 6821/6821/6821 6791/6791/6791
f 6852/6852/6852 6821/6821/6821 6822/6822/6822
f 6852/6852/6852 6851/6851/6851 6821/6821/6821
f 6851/6851/6851 6820/6820/6820 6821/6821/6821
f 6851/6851/6851 6850/6850/6850 6820/6820/6820
f 6882/6882/6882 6850/6850/6850 6851/6851/6851
f 6882/6882/6882 6881/6881/6881 6850/6850/6850
f 6913/6913/6913 6881/6881/6881 6882/6882/6882
f 6913/6913/6913 6912/6912/6912 6881/6881/6881
f 6943/6943/6943 6912/6912/6912 6913/6913/6913
f 6943/6943/6943 6942/6942/6942 6912/6912/6912
f 6942/6942/6942 6911/6911/6911 6912/6912/6912
f 6942/6942/6942 6941/6941/6941 6911/6911/6911
f 6941/6941/6941 6910/6910/6910 6911/6911/6911
f 6941/6941/6941 6940/6940/6940 6910/6910/6910
f 6940/6940/6940 6909/6909/6909 6910/6910/6910
f 6940/6940/6940 6939/6939/6939 6909/6909/6909
f 6970/6970/6970 6939/6939/6939 6940/6940/6940
f 6939/6939/6939 6908/6908/6908 6909/6909/6909
f 6909/6909/6909 6908/6908/6908 6877/6877/6877
f 6909/6909/6909 6877/6877/6877 6878/6878/6878
f 6910/6910/6910 6909/6909/6909 6878/6878/6878
f 6910/6910/6910 6878/6878/6878 6879/6879/6879
f 6911/6911/6911 6910/6910/6910 6879/6879/6879
f 6911/6911/6911 6879/6879/6879 6880/6880/6880
f 6912/6912/6912 6911/6911/6911 6880/6880/6880
f 6912/6912/6912 6880/6880/6880 6881/6881/6881
f 6881/6881/6881 6880/6880/6880 6849/6849/6849
f 6881/6881/6881 6849/6849/6849 6850/6850/6850
f 6850/6850/6850 6849/6849/6849 6819/6819/6819
f 6850/6850/6850 6819/6819/6819 6820/6820/6820
f 6820/6820/6820 6819/6819/6819 6789/6789/6789
f 6820/6820/6820 6789/6789/6789 6790/6790/6790
f 6821/6821/6821 6820/6820/6820 6790/6790/6790
f 6821/6821/6821 6790/6790/6790 6791/6791/6791
f 6791/6791/6791 6790/6790/6790 6760/6760/6760
f 6791/6791/6791 6760/6760/6760 6761/6761/6761
f 6761/6761/6761 6760/6760/6760 6730/6730/6730
f 6761/6761/6761 6730/6730/6730 6731/6731/6731
f 6762/6762/6762 6761/6761/6761 6731/6731/6731
f 6762/6762/6762 6731/6731/6731 6732/6732/6732
f 6732/6732/6732 6731/6731/6731 6702/6702/6702
f 6732/6732/6732 6702/6702/6702 6703/6703/6703
f 6703/6703/6703 6702/6702/6702 6673/6673/6673
f 6703/6703/6703 6673/6673/6673 6674/6674/6674
f 6674/6674/6674 6673/6673/6673 6644/6644/6644
f 6674/6674/6674 6644/6644/6644 6645/6645/6645
f 6645/6645/6645 6644/6644/6644 6615/6615/6615
f 6645/6645/6645 6615/6615/6615 6616/6616/6616
f 6616/6616/6616 6615/6615/6615 6586/6586/6586
f 6616/6616/6616 6586/6586/6586 6587/6587/6587
f 6587/6587/6587 6586/6586/6586 6557/6557/6557
f 6587/6587/6587 6557/6557/6557 6558/6558/6558
f 6558/6558/6558 6557/6557/6557 6528/6528/6528
f 6558/6558/6558 6528/6528/6528 6529/6529/6529
f 6529/6529/6529 6528/6528/6528 6500/6500/6500
f 6529/6529/6529 6500/6500/6500 6501/6501/6501
f 6501/6501/6501 6500/6500/6500 6472/6472/6472
f 6501/6501/6501 6472/6472/6472 6473/6473/6473
f 6473/6473/6473 6472/6472/6472 6445/6445/6445
f 6473/6473/6473 6445/6445/6445 6446/6446/6446
f 6446/6446/6446 6445/6445/6445 6418/6418/6418
f 6446/6446/6446 6418/6418/6418 6419/6419/6419
f 6419/6419/6419 6418/6418/6418 6392/6392/6392
f 6419/6419/6419 6392/6392/6392 6393/6393/6393
f 6393/6393/6393 6392/6392/6392 6366/6366/6366
f 6393/6393/6393 6366/6366/6366 6367/6367/6367
f 6367/6367/6367 6366/6366/6366 6340/6340/6340
f 6367/6367/6367 6340/6340/6340 6341/6341/6341
f 6341/6341/6341 6340/6340/6340 5662/5662/5662
f 5661/5661/5661 6341/6341/6341 5662/5662/5662
f 6340/6340/6340 5663/5663/5663 5662/5662/5662
f 6340/6340/6340 5664/5664/5664 5663/5663/5663
f 6340/6340/6340 6313/6313/6313 5664/5664/5664
f 6340/6340/6340 6339/6339/6339 6313/6313/6313
f 6366/6366/6366 6339/6339/6339 6340/6340/6340
f 6366/6366/6366 6365/6365/6365 6339/6339/6339
f 6392/6392/6392 6365/6365/6365 6366/6366/6366
f 6392/6392/6392 6391/6391/6391 6365/6365/6365
f 6418/6418/6418 6391/6391/6391 6392/6392/6392
f 6418/6418/6418 6417/6417/6417 6391/6391/6391
f 6445/6445/6445 6417/6417/6417 6418/6418/6418
f 6445/6445/6445 6444/6444/6444 6417/6417/6417
f 6472/6472/6472 6444/6444/6444 6445/6445/6445
f 6472/6472/6472 6471/6471/6471 6444/6444/6444
f 6500/6500/6500 6471/6471/6471 6472/6472/6472
f 6500/6500/6500 6499/6499/6499 6471/6471/6471
f 6528/6528/6528 6499/6499/6499 6500/6500/6500
f 6528/6528/6528 6527/6527/6527 6499/6499/6499
f 6557/6557/6557 6527/6527/6527 6528/6528/6528
f 6557/6557/6557 6556/6556/6556 6527/6527/6527
f 6586/6586/6586 6556/6556/6556 6557/6557/6557
f 6586/6586/6586 6585/6585/6585 6556/6556/6556
f 6615/6615/6615 6585/6585/6585 6586/6586/6586
f 6615/6615/6615 6614/6614/6614 6585/6585/6585
f 6644/6644/6644 6614/6614/6614 6615/6615/6615
f 6644/6644/6644 6643/6643/6643 6614/6614/6614
f 6673/6673/6673 6643/6643/6643 6644/6644/6644
f 6673/6673/6673 6672/6672/6672 6643/6643/6643
f 6702/6702/6702 6672/6672/6672 6673/6673/6673
f 6702/6702/6702 6701/6701/6701 6672/6672/6672
f 6731/6731/6731 6701/6701/6701 6702/6702/6702
f 6731/6731/6731 6730/6730/6730 6701/6701/6701
f 6730/6730/6730 6700/6700/6700 6701/6701/6701
f 6730/6730/6730 6729/6729/6729 6700/6700/6700
f 6760/6760/6760 6729/6729/6729 6730/6730/6730
f 6760/6760/6760 6759/6759/6759 6729/6729/6729
f 6790/6790/6790 6759/6759/6759 6760/6760/6760
f 6790/6790/6790 6789/6789/6789 6759/6759/6759
f 6789/6789/6789 6758/6758/6758 6759/6759/6759
f 6789/6789/6789 6788/6788/6788 6758/6758/6758
f 6819/6819/6819 6788/6788/6788 6789/6789/6789
f 6819/6819/6819 6818/6818/6818 6788/6788/6788
f 6849/6849/6849 6818/6818/6818 6819/6819/6819
f 6849/6849/6849 6848/6848/6848 6818/6818/6818
f 6880/6880/6880 6848/6848/6848 6849/6849/6849
f 6880/6880/6880 6879/6879/6879 6848/6848/6848
f 6879/6879/6879 6847/6847/6847 6848/6848/6848
f 6879/6879/6879 6878/6878/6878 6847/6847/6847
f 6878/6878/6878 6846/6846/6846 6847/6847/6847
f 6878/6878/6878 6877/6877/6877 6846/6846/6846
f 6847/6847/6847 6846/6846/6846 6816/6816/6816
f 6847/6847/6847 6816/6816/6816 6817/6817/6817
f 6848/6848/6848 6847/6847/6847 6817/6817/6817
f 6848/6848/6848 6817/6817/6817 6818/6818/6818
f 6818/6818/6818 6817/6817/6817 6787/6787/6787
f 6818/6818/6818 6787/6787/6787 6788/6788/6788
f 6788/6788/6788 6787/6787/6787 6757/6757/6757
f 6788/6788/6788 6757/6757/6757 6758/6758/6758
f 6758/6758/6758 6757/6757/6757 6727/6727/6727
f 6758/6758/6758 6727/6727/6727 6728/6728/6728
f 6759/6759/6759 6758/6758/6758 6728/6728/6728
f 6759/6759/6759 6728/6728/6728 6729/6729/6729
f 6729/6729/6729 6728/6728/6728 6699/6699/6699
f 6729/6729/6729 6699/6699/6699 6700/6700/6700
f 6700/6700/6700 6699/6699/6699 6670/6670/6670
f 6700/6700/6700 6670/6670/6670 6671/6671/6671
f 6701/6701/6701 6700/6700/6700 6671/6671/6671
f 6701/6701/6701 6671/6671/6671 6672/6672/6672
f 6672/6672/6672 6671/6671/6671 6642/6642/6642
f 6672/6672/6672 6642/6642/6642 6643/6643/6643
f 6643/6643/6643 6642/6642/6642 6613/6613/6613
f 6643/6643/6643 6613/6613/6613 6614/6614/6614
f 6614/6614/6614 6613/6613/6613 6584/6584/6584
f 6614/6614/6614 6584/6584/6584 6585/6585/6585
f 6585/6585/6585 6584/6584/6584 6555/6555/6555
f 6585/6585/6585 6555/6555/6555 6556/6556/6556
f 6556/6556/6556 6555/6555/6555 6526/6526/6526
f 6556/6556/6556 6526/6526/6526 6527/6527/6527
f 6527/6527/6527 6526/6526/6526 6498/6498/6498
f 6527/6527/6527 6498/6498/6498 6499/6499/6499
f 6499/6499/6499 6498/6498/6498 6470/6470/6470
f 6499/6499/6499 6470/6470/6470 6471/6471/6471
f 6471/6471/6471 6470/6470/6470 6443/6443/6443
f 6471/6471/6471 6443/6443/6443 6444/6444/6444
f 6444/6444/6444 6443/6443/6443 6416/6416/6416
f 6444/6444/6444 6416/6416/6416 6417/6417/6417
f 6417/6417/6417 6416/6416/6416 6390/6390/6390
f 6417/6417/6417 6390/6390/6390 6391/6391/6391
f 6391/6391/6391 6390/6390/6390 6364/6364/6364
f 6391/6391/6391 6364/6364/6364 6365/6365/6365
f 6365/6365/6365 6364/6364/6364 6338/6338/6338
f 6365/6365/6365 6338/6338/6338 6339/6339/6339
f 6339/6339/6339 6338/6338/6338 6312/6312/6312
f 6339/6339/6339 6312/6312/6312 6313/6313/6313
f 6313/6313/6313 6312/6312/6312 6286/6286/6286
f 6313/6313/6313 6286/6286/6286 5667/5667/5667
f 6313/6313/6313 5667/5667/5667 5666/5666/5666
f 6313/6313/6313 5666/5666/5666 5665/5665/5665
f 5664/5664/5664 6313/6313/6313 5665/5665/5665
f 5667/5667/5667 6286/6286/6286 5668/5668/5668
f 6286/6286/6286 6285/6285/6285 5668/5668/5668
f 6312/6312/6312 6285/6285/6285 6286/6286/6286
f 6312/6312/6312 6311/6311/6311 6285/6285/6285
f 6338/6338/6338 6311/6311/6311 6312/6312/6312
f 6338/6338/6338 6337/6337/6337 6311/6311/6311
f 6364/6364/6364 6337/6337/6337 6338/6338/6338
f 6364/6364/6364 6363/6363/6363 6337/6337/6337
f 6390/6390/6390 6363/6363/6363 6364/6364/6364
f 6390/6390/6390 6389/6389/6389 6363/6363/6363
f 6416/6416/6416 6389/6389/6389 6390/6390/6390
f 6416/6416/6416 6415/6415/6415 6389/6389/6389
f 6443/6443/6443 6415/6415/6415 6416/6416/6416
f 6443/6443/6443 6442/6442/6442 6415/6415/6415
f 6470/6470/6470 6442/6442/6442 6443/6443/6443
f 6470/6470/6470 6469/6469/6469 6442/6442/6442
f 6498/6498/6498 6469/6469/6469 6470/6470/6470
f 6498/6498/6498 6497/6497/6497 6469/6469/6469
f 6526/6526/6526 6497/6497/6497 6498/6498/6498
f 6526/6526/6526 6525/6525/6525 6497/6497/6497
f 6555/6555/6555 6525/6525/6525 6526/6526/6526
f 6555/6555/6555 6554/6554/6554 6525/6525/6525
f 6584/6584/6584 6554/6554/6554 6555/6555/6555
f 6584/6584/6584 6583/6583/6583 6554/6554/6554
f 6613/6613/6613 6583/6583/6583 6584/6584/6584
f 6613/6613/6613 6612/6612/6612 6583/6583/6583
f 6642/6642/6642 6612/6612/6612 6613/6613/6613
f 6642/6642/6642 6641/6641/6641 6612/6612/6612
f 6671/6671/6671 6641/6641/6641 6642/6642/6642
f 6671/6671/6671 6670/6670/6670 6641/6641/6641
f 6670/6670/6670 6640/6640/6640 6641/6641/6641
f 6670/6670/6670 6669/6669/6669 6640/6640/6640
f 6699/6699/6699 6669/6669/6669 6670/6670/6670
f 6699/6699/6699 6698/6698/6698 6669/6669/6669
f 6728/6728/6728 6698/6698/6698 6699/6699/6699
f 6728/6728/6728 6727/6727/6727 6698/6698/6698
f 6727/6727/6727 6697/6697/6697 6698/6698/6698
f 6727/6727/6727 6726/6726/6726 6697/6697/6697
f 6757/6757/6757 6726/6726/6726 6727/6727/6727
f 6757/6757/6757 6756/6756/6756 6726/6726/6726
f 6787/6787/6787 6756/6756/6756 6757/6757/6757
f 6787/6787/6787 6786/6786/6786 6756/6756/6756
f 6817/6817/6817 6786/6786/6786 6787/6787/6787
f 6817/6817/6817 6816/6816/6816 6786/6786/6786
f 6816/6816/6816 6785/6785/6785 6786/6786/6786
f 6816/6816/6816 6815/6815/6815 6785/6785/6785
f 6846/6846/6846 6815/6815/6815 6816/6816/6816
f 6815/6815/6815 6784/6784/6784 6785/6785/6785
f 6815/6815/6815 6814/6814/6814 6784/6784/6784
f 6785/6785/6785 6784/6784/6784 6754/6754/6754
f 6785/6785/6785 6754/6754/6754 6755/6755/6755
f 6786/6786/6786 6785/6785/6785 6755/6755/6755
f 6786/6786/6786 6755/6755/6755 6756/6756/6756
f 6756/6756/6756 6755/6755/6755 6725/6725/6725
f 6756/6756/6756 6725/6725/6725 6726/6726/6726
f 6726/6726/6726 6725/6725/6725 6696/6696/6696
f 6726/6726/6726 6696/6696/6696 6697/6697/6697
f 6697/6697/6697 6696/6696/6696 6667/6667/6667
f 6697/6697/6697 6667/6667/6667 6668/6668/6668
f 6698/6698/6698 6697/6697/6697 6668/6668/6668
f 6698/6698/6698 6668/6668/6668 6669/6669/6669
f 6669/6669/6669 6668/6668/6668 6639/6639/6639
f 6669/6669/6669 6639/6639/6639 6640/6640/6640
f 6640/6640/6640 6639/6639/6639 6610/6610/6610
f 6640/6640/6640 6610/6610/6610 6611/6611/6611
f 6641/6641/6641 6640/6640/6640 6611/6611/6611
f 6641/6641/6641 6611/6611/6611 6612/6612/6612
f 6612/6612/6612 6611/6611/6611 6582/6582/6582
f 6612/6612/6612 6582/6582/6582 6583/6583/6583
f 6583/6583/6583 6582/6582/6582 6553/6553/6553
f 6583/6583/6583 6553/6553/6553 6554/6554/6554
f 6554/6554/6554 6553/6553/6553 6524/6524/6524
f 6554/6554/6554 6524/6524/6524 6525/6525/6525
f 6525/6525/6525 6524/6524/6524 6496/6496/6496
f 6525/6525/6525 6496/6496/6496 6497/6497/6497
f 6497/6497/6497 6496/6496/6496 6468/6468/6468
f 6497/6497/6497 6468/6468/6468 6469/6469/6469
f 6469/6469/6469 6468/6468/6468 6441/6441/6441
f 6469/6469/6469 6441/6441/6441 6442/6442/6442
f 6442/6442/6442 6441/6441/6441 6414/6414/6414
f 6442/6442/6442 6414/6414/6414 6415/6415/6415
f 6415/6415/6415 6414/6414/6414 6388/6388/6388
f 6415/6415/6415 6388/6388/6388 6389/6389/6389
f 6389/6389/6389 6388/6388/6388 6362/6362/6362
f 6389/6389/6389 6362/6362/6362 6363/6363/6363
f 6363/6363/6363 6362/6362/6362 6336/6336/6336
f 6363/6363/6363 6336/6336/6336 6337/6337/6337
f 6337/6337/6337 6336/6336/6336 6310/6310/6310
f 6337/6337/6337 6310/6310/6310 6311/6311/6311
f 6311/6311/6311 6310/6310/6310 6284/6284/6284
f 6311/6311/6311 6284/6284/6284 6285/6285/6285
f 6285/6285/6285 6284/6284/6284 6259/6259/6259
f 6259/6259/6259 5669/5669/5669 6285/6285/6285
f 6259/6259/6259 5670/5670/5670 5669/5669/5669
f 5670/5670/5670 6259/6259/6259 5671/5671/5671
f 6259/6259/6259 5672/5672/5672 5671/5671/5671
f 6259/6259/6259 5673/5673/5673 5672/5672/5672
f 5673/5673/5673 6259/6259/6259 6258/6258/6258
f 6258/6258/6258 6232/6232/6232 5673/5673/5673
f 6258/6258/6258 6257/6257/6257 6232/6232/6232
f 6283/6283/6283 6257/6257/6257 6258/6258/6258
f 6283/6283/6283 6282/6282/6282 6257/6257/6257
f 6309/6309/6309 6282/6282/6282 6283/6283/6283
f 6309/6309/6309 6308/6308/6308 6282/6282/6282
f 6335/6335/6335 6308/6308/6308 6309/6309/6309
f 6335/6335/6335 6334/6334/6334 6308/6308/6308
f 6361/6361/6361 6334/6334/6334 6335/6335/6335
f 6361/6361/6361 6360/6360/6360 6334/6334/6334
f 6387/6387/6387 6360/6360/6360 6361/6361/6361
f 6387/6387/6387 6386/6386/6386 6360/6360/6360
f 6413/6413/6413 6386/6386/6386 6387/6387/6387
f 6413/6413/6413 6412/6412/6412 6386/6386/6386
f 6440/6440/6440 6412/6412/6412 6413/6413/6413
f 6440/6440/6440 6439/6439/6439 6412/6412/6412
f 6467/6467/6467 6439/6439/6439 6440/6440/6440
f 6467/6467/6467 6466/6466/6466 6439/6439/6439
f 6495/6495/6495 6466/6466/6466 6467/6467/6467
f 6495/6495/6495 6494/6494/6494 6466/6466/6466
f 6523/6523/6523 6494/6494/6494 6495/6495/6495
f 6523/6523/6523 6522/6522/6522 6494/6494/6494
f 6552/6552/6552 6522/6522/6522 6523/6523/6523
f 6552/6552/6552 6551/6551/6551 6522/6522/6522
f 6581/6581/6581 6551/6551/6551 6552/6552/6552
f 6581/6581/6581 6580/6580/6580 6551/6551/6551
f 6610/6610/6610 6580/6580/6580 6581/6581/6581
f 6610/6610/6610 6609/6609/6609 6580/6580/6580
f 6639/6639/6639 6609/6609/6609 6610/6610/6610
f 6639/6639/6639 6638/6638/6638 6609/6609/6609
f 6668/6668/6668 6638/6638/6638 6639/6639/6639
f 6668/6668/6668 6667/6667/6667 6638/6638/6638
f 6667/6667/6667 6637/6637/6637 6638/6638/6638
f 6667/6667/6667 6666/6666/6666 6637/6637/6637
f 6696/6696/6696 6666/6666/6666 6667/6667/6667
f 6696/6696/6696 6695/6695/6695 6666/6666/6666
f 6725/6725/6725 6695/6695/6695 6696/6696/6696
f 6725/6725/6725 6724/6724/6724 6695/6695/6695
f 6755/6755/6755 6724/6724/6724 6725/6725/6725
f 6755/6755/6755 6754/6754/6754 6724/6724/6724
f 6754/6754/6754 6723/6723/6723 6724/6724/6724
f 6754/6754/6754 6753/6753/6753 6723/6723/6723
f 6784/6784/6784 6753/6753/6753 6754/6754/6754
f 6753/6753/6753 6722/6722/6722 6723/6723/6723
f 6753/6753/6753 6752/6752/6752 6722/6722/6722
f 6752/6752/6752 6721/6721/6721 6722/6722/6722
f 6752/6752/6752 6751/6751/6751 6721/6721/6721
f 6751/6751/6751 6752/6752/6752 6782/6782/6782
f 6722/6722/6722 6721/6721/6721 6692/6692/6692
f 6722/6722/6722 6692/6692/6692 6693/6693/6693
f 6723/6723/6723 6722/6722/6722 6693/6693/6693
f 6723/6723/6723 6693/6693/6693 6694/6694/6694
f 6724/6724/6724 6723/6723/6723 6694/6694/6694
f 6724/6724/6724 6694/6694/6694 6695/6695/6695
f 6695/6695/6695 6694/6694/6694 6665/6665/6665
f 6695/6695/6695 6665/6665/6665 6666/6666/6666
f 6666/6666/6666 6665/6665/6665 6636/6636/6636
f 6666/6666/6666 6636/6636/6636 6637/6637/6637
f 6637/6637/6637 6636/6636/6636 6607/6607/6607
f 6637/6637/6637 6607/6607/6607 6608/6608/6608
f 6638/6638/6638 6637/6637/6637 6608/6608/6608
f 6638/6638/6638 6608/6608/6608 6609/6609/6609
f 6609/6609/6609 6608/6608/6608 6579/6579/6579
f 6609/6609/6609 6579/6579/6579 6580/6580/6580
f 6580/6580/6580 6579/6579/6579 6550/6550/6550
f 6580/6580/6580 6550/6550/6550 6551/6551/6551
f 6551/6551/6551 6550/6550/6550 6521/6521/6521
f 6551/6551/6551 6521/6521/6521 6522/6522/6522
f 6522/6522/6522 6521/6521/6521 6493/6493/6493
f 6522/6522/6522 6493/6493/6493 6494/6494/6494
f 6494/6494/6494 6493/6493/6493 6465/6465/6465
f 6494/6494/6494 6465/6465/6465 6466/6466/6466
f 6466/6466/6466 6465/6465/6465 6438/6438/6438
f 6466/6466/6466 6438/6438/6438 6439/6439/6439
f 6439/6439/6439 6438/6438/6438 6411/6411/6411
f 6439/6439/6439 6411/6411/6411 6412/6412/6412
f 6412/6412/6412 6411/6411/6411 6385/6385/6385
f 6412/6412/6412 6385/6385/6385 6386/6386/6386
f 6386/6386/6386 6385/6385/6385 6359/6359/6359
f 6386/6386/6386 6359/6359/6359 6360/6360/6360
f 6360/6360/6360 6359/6359/6359 6333/6333/6333
f 6360/6360/6360 6333/6333/6333 6334/6334/6334
f 6334/6334/6334 6333/6333/6333 6307/6307/6307
f 6334/6334/6334 6307/6307/6307 6308/6308/6308
f 6308/6308/6308 6307/6307/6307 6281/6281/6281
f 6308/6308/6308 6281/6281/6281 6282/6282/6282
f 6282/6282/6282 6281/6281/6281 6256/6256/6256
f 6282/6282/6282 6256/6256/6256 6257/6257/6257
f 6257/6257/6257 6256/6256/6256 6231/6231/6231
f 6257/6257/6257 6231/6231/6231 6232/6232/6232
f 6232/6232/6232 6231/6231/6231 6206/6206/6206
f 6206/6206/6206 5676/5676/5676 6232/6232/6232
f 6206/6206/6206 5677/5677/5677 5676/5676/5676
f 5677/5677/5677 6206/6206/6206 5678/5678/5678
f 6206/6206/6206 5679/5679/5679 5678/5678/5678
f 6206/6206/6206 6205/6205/6205 5679/5679/5679
f 6231/6231/6231 6205/6205/6205 6206/6206/6206
f 6231/6231/6231 6230/6230/6230 6205/6205/6205
f 6256/6256/6256 6230/6230/6230 6231/6231/6231
f 6256/6256/6256 6255/6255/6255 6230/6230/6230
f 6281/6281/6281 6255/6255/6255 6256/6256/6256
f 6281/6281/6281 6280/6280/6280 6255/6255/6255
f 6307/6307/6307 6280/6280/6280 6281/6281/6281
f 6307/6307/6307 6306/6306/6306 6280/6280/6280
f 6333/6333/6333 6306/6306/6306 6307/6307/6307
f 6333/6333/6333 6332/6332/6332 6306/6306/6306
f 6359/6359/6359 6332/6332/6332 6333/6333/6333
f 6359/6359/6359 6358/6358/6358 6332/6332/6332
f 6385/6385/6385 6358/6358/6358 6359/6359/6359
f 6385/6385/6385 6384/6384/6384 6358/6358/6358
f 6411/6411/6411 6384/6384/6384 6385/6385/6385
f 6411/6411/6411 6410/6410/6410 6384/6384/6384
f 6438/6438/6438 6410/6410/6410 6411/6411/6411
f 6438/6438/6438 6437/6437/6437 6410/6410/6410
f 6465/6465/6465 6437/6437/6437 6438/6438/6438
f 6465/6465/6465 6464/6464/6464 6437/6437/6437
f 6493/6493/6493 6464/6464/6464 6465/6465/6465
f 6493/6493/6493 6492/6492/6492 6464/6464/6464
f 6521/6521/6521 6492/6492/6492 6493/6493/6493
f 6521/6521/6521 6520/6520/6520 6492/6492/6492
f 6550/6550/6550 6520/6520/6520 6521/6521/6521
f 6550/6550/6550 6549/6549/6549 6520/6520/6520
f 6579/6579/6579 6549/6549/6549 6550/6550/6550
f 6579/6579/6579 6578/6578/6578 6549/6549/6549
f 6608/6608/6608 6578/6578/6578 6579/6579/6579
f 6608/6608/6608 6607/6607/6607 6578/6578/6578
f 6607/6607/6607 6577/6577/6577 6578/6578/6578
f 6607/6607/6607 6606/6606/6606 6577/6577/6577
f 6636/6636/6636 6606/6606/6606 6607/6607/6607
f 6636/6636/6636 6635/6635/6635 6606/6606/6606
f 6665/6665/6665 6635/6635/6635 6636/6636/6636
f 6665/6665/6665 6664/6664/6664 6635/6635/6635
f 6694/6694/6694 6664/6664/6664 6665/6665/6665
f 6694/6694/6694 6693/6693/6693 6664/6664/6664
f 6693/6693/6693 6663/6663/6663 6664/6664/6664
f 6693/6693/6693 6692/6692/6692 6663/6663/6663
f 6692/6692/6692 6662/6662/6662 6663/6663/6663
f 6663/6663/6663 6662/6662/6662 6633/6633/6633
f 6663/6663/6663 6633/6633/6633 6634/6634/6634
f 6664/6664/6664 6663/6663/6663 6634/6634/6634
f 6664/6664/6664 6634/6634/6634 6635/6635/6635
f 6635/6635/6635 6634/6634/6634 6605/6605/6605
f 6635/6635/6635 6605/6605/6605 6606/6606/6606
f 6606/6606/6606 6605/6605/6605 6576/6576/6576
f 6606/6606/6606 6576/6576/6576 6577/6577/6577
f 6577/6577/6577 6576/6576/6576 6547/6547/6547
f 6577/6577/6577 6547/6547/6547 6548/6548/6548
f 6578/6578/6578 6577/6577/6577 6548/6548/6548
f 6578/6578/6578 6548/6548/6548 6549/6549/6549
f 6549/6549/6549 6548/6548/6548 6519/6519/6519
f 6549/6549/6549 6519/6519/6519 6520/6520/6520
f 6520/6520/6520 6519/6519/6519 6491/6491/6491
f 6520/6520/6520 6491/6491/6491 6492/6492/6492
f 6492/6492/6492 6491/6491/6491 6463/6463/6463
f 6492/6492/6492 6463/6463/6463 6464/6464/6464
f 6464/6464/6464 6463/6463/6463 6436/6436/6436
f 6464/6464/6464 6436/6436/6436 6437/6437/6437
f 6437/6437/6437 6436/6436/6436 6409/6409/6409
f 6437/6437/6437 6409/6409/6409 6410/6410/6410
f 6410/6410/6410 6409/6409/6409 6383/6383/6383
f 6410/6410/6410 6383/6383/6383 6384/6384/6384
f 6384/6384/6384 6383/6383/6383 6357/6357/6357
f 6384/6384/6384 6357/6357/6357 6358/6358/6358
f 6358/6358/6358 6357/6357/6357 6331/6331/6331
f 6358/6358/6358 6331/6331/6331 6332/6332/6332
f 6332/6332/6332 6331/6331/6331 6305/6305/6305
f 6332/6332/6332 6305/6305/6305 6306/6306/6306
f 6306/6306/6306 6305/6305/6305 6279/6279/6279
f 6306/6306/6306 6279/6279/6279 6280/6280/6280
f 6280/6280/6280 6279/6279/6279 6254/6254/6254
f 6280/6280/6280 6254/6254/6254 6255/6255/6255
f 6255/6255/6255 6254/6254/6254 6229/6229/6229
f 6255/6255/6255 6229/6229/6229 6230/6230/6230
f 6230/6230/6230 6229/6229/6229 6204/6204/6204
f 6230/6230/6230 6204/6204/6204 6205/6205/6205
f 6205/6205/6205 6204/6204/6204 6179/6179/6179
f 6205/6205/6205 6179/6179/6179 5680/5680/5680
f 6205/6205/6205 5680/5680/5680 5679/5679/5679
f 5680/5680/5680 6179/6179/6179 5681/5681/5681
f 6179/6179/6179 5682/5682/5682 5681/5681/5681
f 6179/6179/6179 5683/5683/5683 5682/5682/5682
f 6179/6179/6179 6178/6178/6178 5683/5683/5683
f 6204/6204/6204 6178/6178/6178 6179/6179/6179
f 6204/6204/6204 6203/6203/6203 6178/6178/6178
f 6229/6229/6229 6203/6203/6203 6204/6204/6204
f 6229/6229/6229 6228/6228/6228 6203/6203/6203
f 6254/6254/6254 6228/6228/6228 6229/6229/6229
f 6254/6254/6254 6253/6253/6253 6228/6228/6228
f 6279/6279/6279 6253/6253/6253 6254/6254/6254
f 6279/6279/6279 6278/6278/6278 6253/6253/6253
f 6305/6305/6305 6278/6278/6278 6279/6279/6279
f 6305/6305/6305 6304/6304/6304 6278/6278/6278
f 6331/6331/6331 6304/6304/6304 6305/6305/6305
f 6331/6331/6331 6330/6330/6330 6304/6304/6304
f 6357/6357/6357 6330/6330/6330 6331/6331/6331
f 6357/6357/6357 6356/6356/6356 6330/6330/6330
f 6383/6383/6383 6356/6356/6356 6357/6357/6357
f 6383/6383/6383 6382/6382/6382 6356/6356/6356
f 6409/6409/6409 6382/6382/6382 6383/6383/6383
f 6409/6409/6409 6408/6408/6408 6382/6382/6382
f 6436/6436/6436 6408/6408/6408 6409/6409/6409
f 6436/6436/6436 6435/6435/6435 6408/6408/6408
f 6463/6463/6463 6435/6435/6435 6436/6436/6436
f 6463/6463/6463 6462/6462/6462 6435/6435/6435
f 6491/6491/6491 6462/6462/6462 6463/6463/6463
f 6491/6491/6491 6490/6490/6490 6462/6462/6462
f 6519/6519/6519 6490/6490/6490 6491/6491/6491
f 6519/6519/6519 6518/6518/6518 6490/6490/6490
f 6548/6548/6548 6518/6518/6518 6519/6519/6519
f 6548/6548/6548 6547/6547/6547 6518/6518/6518
f 6547/6547/6547 6517/6517/6517 6518/6518/6518
f 6547/6547/6547 6546/6546/6546 6517/6517/6517
f 6576/6576/6576 6546/6546/6546 6547/6547/6547
f 6576/6576/6576 6575/6575/6575 6546/6546/6546
f 6605/6605/6605 6575/6575/6575 6576/6576/6576
f 6605/6605/6605 6604/6604/6604 6575/6575/6575
f 6634/6634/6634 6604/6604/6604 6605/6605/6605
f 6634/6634/6634 6633/6633/6633 6604/6604/6604
f 6633/6633/6633 6603/6603/6603 6604/6604/6604
f 6633/6633/6633 6632/6632/6632 6603/6603/6603
f 6662/6662/6662 6632/6632/6632 6633/6633/6633
f 6662/6662/6662 6661/6661/6661 6632/6632/6632
f 6661/6661/6661 6631/6631/6631 6632/6632/6632
f 6661/6661/6661 6660/6660/6660 6631/6631/6631
f 6660/6660/6660 6661/6661/6661 6690/6690/6690
f 6632/6632/6632 6631/6631/6631 6602/6602/6602
f 6632/6632/6632 6602/6602/6602 6603/6603/6603
f 6603/6603/6603 6602/6602/6602 6573/6573/6573
f 6603/6603/6603 6573/6573/6573 6574/6574/6574
f 6604/6604/6604 6603/6603/6603 6574/6574/6574
f 6604/6604/6604 6574/6574/6574 6575/6575/6575
f 6575/6575/6575 6574/6574/6574 6545/6545/6545
f 6575/6575/6575 6545/6545/6545 6546/6546/6546
f 6546/6546/6546 6545/6545/6545 6516/6516/6516
f 6546/6546/6546 6516/6516/6516 6517/6517/6517
f 6517/6517/6517 6516/6516/6516 6488/6488/6488
f 6517/6517/6517 6488/6488/6488 6489/6489/6489
f 6518/6518/6518 6517/6517/6517 6489/6489/6489
f 6518/6518/6518 6489/6489/6489 6490/6490/6490
f 6490/6490/6490 6489/6489/6489 6461/6461/6461
f 6490/6490/6490 6461/6461/6461 6462/6462/6462
f 6462/6462/6462 6461/6461/6461 6434/6434/6434
f 6462/6462/6462 6434/6434/6434 6435/6435/6435
f 6435/6435/6435 6434/6434/6434 6407/6407/6407
f 6435/6435/6435 6407/6407/6407 6408/6408/6408
f 6408/6408/6408 6407/6407/6407 6381/6381/6381
f 6408/6408/6408 6381/6381/6381 6382/6382/6382
f 6382/6382/6382 6381/6381/6381 6355/6355/6355
f 6382/6382/6382 6355/6355/6355 6356/6356/6356
f 6356/6356/6356 6355/6355/6355 6329/6329/6329
f 6356/6356/6356 6329/6329/6329 6330/6330/6330
f 6330/6330/6330 6329/6329/6329 6303/6303/6303
f 6330/6330/6330 6303/6303/6303 6304/6304/6304
f 6304/6304/6304 6303/6303/6303 6277/6277/6277
f 6304/6304/6304 6277/6277/6277 6278/6278/6278
f 6278/6278/6278 6277/6277/6277 6252/6252/6252
f 6278/6278/6278 6252/6252/6252 6253/6253/6253
f 6253/6253/6253 6252/6252/6252 6227/6227/6227
f 6253/6253/6253 6227/6227/6227 6228/6228/6228
f 6228/6228/6228 6227/6227/6227 6202/6202/6202
f 6228/6228/6228 6202/6202/6202 6203/6203/6203
f 6203/6203/6203 6202/6202/6202 6177/6177/6177
f 6203/6203/6203 6177/6177/6177 6178/6178/6178
f 6178/6178/6178 6177/6177/6177 6153/6153/6153
f 6178/6178/6178 6153/6153/6153 5684/5684/5684
f 6178/6178/6178 5684/5684/5684 5683/5683/5683
f 5684/5684/5684 6153/6153/6153 5685/5685/5685
f 6153/6153/6153 5686/5686/5686 5685/5685/5685
f 6153/6153/6153 6152/6152/6152 5686/5686/5686
f 6177/6177/6177 6152/6152/6152 6153/6153/6153
f 6177/6177/6177 6176/6176/6176 6152/6152/6152
f 6202/6202/6202 6176/6176/6176 6177/6177/6177
f 6202/6202/6202 6201/6201/6201 6176/6176/6176
f 6227/6227/6227 6201/6201/6201 6202/6202/6202
f 6227/6227/6227 6226/6226/6226 6201/6201/6201
f 6252/6252/6252 6226/6226/6226 6227/6227/6227
f 6252/6252/6252 6251/6251/6251 6226/6226/6226
f 6277/6277/6277 6251/6251/6251 6252/6252/6252
f 6277/6277/6277 6276/6276/6276 6251/6251/6251
f 6303/6303/6303 6276/6276/6276 6277/6277/6277
f 6303/6303/6303 6302/6302/6302 6276/6276/6276
f 6329/6329/6329 6302/6302/6302 6303/6303/6303
f 6329/6329/6329 6328/6328/6328 6302/6302/6302
f 6355/6355/6355 6328/6328/6328 6329/6329/6329
f 6355/6355/6355 6354/6354/6354 6328/6328/6328
f 6381/6381/6381 6354/6354/6354 6355/6355/6355
f 6381/6381/6381 6380/6380/6380 6354/6354/6354
f 6407/6407/6407 6380/6380/6380 6381/6381/6381
f 6407/6407/6407 6406/6406/6406 6380/6380/6380
f 6434/6434/6434 6406/6406/6406 6407/6407/6407
f 6434/6434/6434 6433/6433/6433 6406/6406/6406
f 6461/6461/6461 6433/6433/6433 6434/6434/6434
f 6461/6461/6461 6460/6460/6460 6433/6433/6433
f 6489/6489/6489 6460/6460/6460 6461/6461/6461
f 6489/6489/6489 6488/6488/6488 6460/6460/6460
f 6488/6488/6488 6459/6459/6459 6460/6460/6460
f 6488/6488/6488 6487/6487/6487 6459/6459/6459
f 6516/6516/6516 6487/6487/6487 6488/6488/6488
f 6516/6516/6516 6515/6515/6515 6487/6487/6487
f 6545/6545/6545 6515/6515/6515 6516/6516/6516
f 6545/6545/6545 6544/6544/6544 6515/6515/6515
f 6574/6574/6574 6544/6544/6544 6545/6545/6545
f 6574/6574/6574 6573/6573/6573 6544/6544/6544
f 6573/6573/6573 6543/6543/6543 6544/6544/6544
f 6573/6573/6573 6572/6572/6572 6543/6543/6543
f 6602/6602/6602 6572/6572/6572 6573/6573/6573
f 6602/6602/6602 6601/6601/6601 6572/6572/6572
f 6631/6631/6631 6601/6601/6601 6602/6602/6602
f 6572/6572/6572 6542/6542/6542 6543/6543/6543
f 6543/6543/6543 6542/6542/6542 6513/6513/6513
f 6543/6543/6543 6513/6513/6513 6514/6514/6514
f 6544/6544/6544 6543/6543/6543 6514/6514/6514
f 6544/6544/6544 6514/6514/6514 6515/6515/6515
f 6515/6515/6515 6514/6514/6514 6486/6486/6486
f 6515/6515/6515 6486/6486/6486 6487/6487/6487
f 6487/6487/6487 6486/6486/6486 6458/6458/6458
f 6487/6487/6487 6458/6458/6458 6459/6459/6459
f 6459/6459/6459 6458/6458/6458 6431/6431/6431
f 6459/6459/6459 6431/6431/6431 6432/6432/6432
f 6460/6460/6460 6459/6459/6459 6432/6432/6432
f 6460/6460/6460 6432/6432/6432 6433/6433/6433
f 6433/6433/6433 6432/6432/6432 6405/6405/6405
f 6433/6433/6433 6405/6405/6405 6406/6406/6406
f 6406/6406/6406 6405/6405/6405 6379/6379/6379
f 6406/6406/6406 6379/6379/6379 6380/6380/6380
f 6380/6380/6380 6379/6379/6379 6353/6353/6353
f 6380/6380/6380 6353/6353/6353 6354/6354/6354
f 6354/6354/6354 6353/6353/6353 6327/6327/6327
f 6354/6354/6354 6327/6327/6327 6328/6328/6328
f 6328/6328/6328 6327/6327/6327 6301/6301/6301
f 6328/6328/6328 6301/6301/6301 6302/6302/6302
f 6302/6302/6302 6301/6301/6301 6275/6275/6275
f 6302/6302/6302 6275/6275/6275 6276/6276/6276
f 6276/6276/6276 6275/6275/6275 6250/6250/6250
f 6276/6276/6276 6250/6250/6250 6251/6251/6251
f 6251/6251/6251 6250/6250/6250 6225/6225/6225
f 6251/6251/6251 6225/6225/6225 6226/6226/6226
f 6226/6226/6226 6225/6225/6225 6200/6200/6200
f 6226/6226/6226 6200/6200/6200 6201/6201/6201
f 6201/6201/6201 6200/6200/6200 6175/6175/6175
f 6201/6201/6201 6175/6175/6175 6176/6176/6176
f 6176/6176/6176 6175/6175/6175 6151/6151/6151
f 6176/6176/6176 6151/6151/6151 6152/6152/6152
f 6152/6152/6152 6151/6151/6151 6127/6127/6127
f 6152/6152/6152 6127/6127/6127 5687/5687/5687
f 6152/6152/6152 5687/5687/5687 5686/5686/5686
f 5687/5687/5687 6127/6127/6127 5688/5688/5688
f 6127/6127/6127 6126/6126/6126 5688/5688/5688
f 6151/6151/6151 6126/6126/6126 6127/6127/6127
f 6151/6151/6151 6150/6150/6150 6126/6126/6126
f 6175/6175/6175 6150/6150/6150 6151/6151/6151
f 6175/6175/6175 6174/6174/6174 6150/6150/6150
f 6200/6200/6200 6174/6174/6174 6175/6175/6175
f 6200/6200/6200 6199/6199/6199 6174/6174/6174
f 6225/6225/6225 6199/6199/6199 6200/6200/6200
f 6225/6225/6225 6224/6224/6224 6199/6199/6199
f 6250/6250/6250 6224/6224/6224 6225/6225/6225
f 6250/6250/6250 6249/6249/6249 6224/6224/6224
f 6275/6275/6275 6249/6249/6249 6250/6250/6250
f 6275/6275/6275 6274/6274/6274 6249/6249/6249
f 6301/6301/6301 6274/6274/6274 6275/6275/6275
f 6301/6301/6301 6300/6300/6300 6274/6274/6274
f 6327/6327/6327 6300/6300/6300 6301/6301/6301
f 6327/6327/6327 6326/6326/6326 6300/6300/6300
f 6353/6353/6353 6326/6326/6326 6327/6327/6327
f 6353/6353/6353 6352/6352/6352 6326/6326/6326
f 6379/6379/6379 6352/6352/6352 6353/6353/6353
f 6379/6379/6379 6378/6378/6378 6352/6352/6352
f 6405/6405/6405 6378/6378/6378 6379/6379/6379
f 6405/6405/6405 6404/6404/6404 6378/6378/6378
f 6432/6432/6432 6404/6404/6404 6405/6405/6405
f 6432/6432/6432 6431/6431/6431 6404/6404/6404
f 6431/6431/6431 6403/6403/6403 6404/6404/6404
f 6431/6431/6431 6430/6430/6430 6403/6403/6403
f 6458/6458/6458 6430/6430/6430 6431/6431/6431
f 6458/6458/6458 6457/6457/6457 6430/6430/6430
f 6486/6486/6486 6457/6457/6457 6458/6458/6458
f 6486/6486/6486 6485/6485/6485 6457/6457/6457
f 6514/6514/6514 6485/6485/6485 6486/6486/6486
f 6514/6514/6514 6513/6513/6513 6485/6485/6485
f 6513/6513/6513 6484/6484/6484 6485/6485/6485
f 6513/6513/6513 6512/6512/6512 6484/6484/6484
f 6542/6542/6542 6512/6512/6512 6513/6513/6513
f 6542/6542/6542 6541/6541/6541 6512/6512/6512
f 6541/6541/6541 6511/6511/6511 6512/6512/6512
f 6541/6541/6541 6540/6540/6540 6511/6511/6511
f 6570/6570/6570 6540/6540/6540 6541/6541/6541
f 6510/6510/6510 6511/6511/6511 6540/6540/6540
f 6511/6511/6511 6510/6510/6510 6482/6482/6482
f 6511/6511/6511 6482/6482/6482 6483/6483/6483
f 6512/6512/6512 6511/6511/6511 6483/6483/6483
f 6512/6512/6512 6483/6483/6483 6484/6484/6484
f 6484/6484/6484 6483/6483/6483 6455/6455/6455
f 6484/6484/6484 6455/6455/6455 6456/6456/6456
f 6485/6485/6485 6484/6484/6484 6456/6456/6456
f 6485/6485/6485 6456/6456/6456 6457/6457/6457
f 6457/6457/6457 6456/6456/6456 6429/6429/6429
f 6457/6457/6457 6429/6429/6429 6430/6430/6430
f 6430/6430/6430 6429/6429/6429 6402/6402/6402
f 6430/6430/6430 6402/6402/6402 6403/6403/6403
f 6403/6403/6403 6402/6402/6402 6376/6376/6376
f 6403/6403/6403 6376/6376/6376 6377/6377/6377
f 6404/6404/6404 6403/6403/6403 6377/6377/6377
f 6404/6404/6404 6377/6377/6377 6378/6378/6378
f 6378/6378/6378 6377/6377/6377 6351/6351/6351
f 6378/6378/6378 6351/6351/6351 6352/6352/6352
f 6352/6352/6352 6351/6351/6351 6325/6325/6325
f 6352/6352/6352 6325/6325/6325 6326/6326/6326
f 6326/6326/6326 6325/6325/6325 6299/6299/6299
f 6326/6326/6326 6299/6299/6299 6300/6300/6300
f 6300/6300/6300 6299/6299/6299 6273/6273/6273
f 6300/6300/6300 6273/6273/6273 6274/6274/6274
f 6274/6274/6274 6273/6273/6273 6248/6248/6248
f 6274/6274/6274 6248/6248/6248 6249/6249/6249
f 6249/6249/6249 6248/6248/6248 6223/6223/6223
f 6249/6249/6249 6223/6223/6223 6224/6224/6224
f 6224/6224/6224 6223/6223/6223 6198/6198/6198
f 6224/6224/6224 6198/6198/6198 6199/6199/6199
f 6199/6199/6199 6198/6198/6198 6173/6173/6173
f 6199/6199/6199 6173/6173/6173 6174/6174/6174
f 6174/6174/6174 6173/6173/6173 6149/6149/6149
f 6174/6174/6174 6149/6149/6149 6150/6150/6150
f 6150/6150/6150 6149/6149/6149 6125/6125/6125
f 6150/6150/6150 6125/6125/6125 6126/6126/6126
f 6126/6126/6126 6125/6125/6125 6101/6101/6101
f 6126/6126/6126 6101/6101/6101 5690/5690/5690
f 6126/6126/6126 5690/5690/5690 5689/5689/5689
f 6126/6126/6126 5689/5689/5689 5688/5688/5688
f 5690/5690/5690 6101/6101/6101 5691/5691/5691
f 6101/6101/6101 5692/5692/5692 5691/5691/5691
f 6101/6101/6101 6100/6100/6100 5692/5692/5692
f 6125/6125/6125 6100/6100/6100 6101/6101/6101
f 6125/6125/6125 6124/6124/6124 6100/6100/6100
f 6149/6149/6149 6124/6124/6124 6125/6125/6125
f 6149/6149/6149 6148/6148/6148 6124/6124/6124
f 6173/6173/6173 6148/6148/6148 6149/6149/6149
f 6173/6173/6173 6172/6172/6172 6148/6148/6148
f 6198/6198/6198 6172/6172/6172 6173/6173/6173
f 6198/6198/6198 6197/6197/6197 6172/6172/6172
f 6223/6223/6223 6197/6197/6197 6198/6198/6198
f 6223/6223/6223 6222/6222/6222 6197/6197/6197
f 6248/6248/6248 6222/6222/6222 6223/6223/6223
f 6248/6248/6248 6247/6247/6247 6222/6222/6222
f 6273/6273/6273 6247/6247/6247 6248/6248/6248
f 6273/6273/6273 6272/6272/6272 6247/6247/6247
f 6299/6299/6299 6272/6272/6272 6273/6273/6273
f 6299/6299/6299 6298/6298/6298 6272/6272/6272
f 6325/6325/6325 6298/6298/6298 6299/6299/6299
f 6325/6325/6325 6324/6324/6324 6298/6298/6298
f 6351/6351/6351 6324/6324/6324 6325/6325/6325
f 6351/6351/6351 6350/6350/6350 6324/6324/6324
f 6377/6377/6377 6350/6350/6350 6351/6351/6351
f 6377/6377/6377 6376/6376/6376 6350/6350/6350
f 6376/6376/6376 6349/6349/6349 6350/6350/6350
f 6376/6376/6376 6375/6375/6375 6349/6349/6349
f 6402/6402/6402 6375/6375/6375 6376/6376/6376
f 6402/6402/6402 6401/6401/6401 6375/6375/6375
f 6429/6429/6429 6401/6401/6401 6402/6402/6402
f 6429/6429/6429 6428/6428/6428 6401/6401/6401
f 6456/6456/6456 6428/6428/6428 6429/6429/6429
f 6456/6456/6456 6455/6455/6455 6428/6428/6428
f 6455/6455/6455 6427/6427/6427 6428/6428/6428
f 6455/6455/6455 6454/6454/6454 6427/6427/6427
f 6483/6483/6483 6454/6454/6454 6455/6455/6455
f 6483/6483/6483 6482/6482/6482 6454/6454/6454
f 6482/6482/6482 6453/6453/6453 6454/6454/6454
f 6454/6454/6454 6453/6453/6453 6426/6426/6426
f 6454/6454/6454 6426/6426/6426 6427/6427/6427
f 6427/6427/6427 6426/6426/6426 6399/6399/6399
f 6427/6427/6427 6399/6399/6399 6400/6400/6400
f 6428/6428/6428 6427/6427/6427 6400/6400/6400
f 6428/6428/6428 6400/6400/6400 6401/6401/6401
f 6401/6401/6401 6400/6400/6400 6374/6374/6374
f 6401/6401/6401 6374/6374/6374 6375/6375/6375
f 6375/6375/6375 6374/6374/6374 6348/6348/6348
f 6375/6375/6375 6348/6348/6348 6349/6349/6349
f 6349/6349/6349 6348/6348/6348 6322/6322/6322
f 6349/6349/6349 6322/6322/6322 6323/6323/6323
f 6350/6350/6350 6349/6349/6349 6323/6323/6323
f 6350/6350/6350 6323/6323/6323 6324/6324/6324
f 6324/6324/6324 6323/6323/6323 6297/6297/6297
f 6324/6324/6324 6297/6297/6297 6298/6298/6298
f 6298/6298/6298 6297/6297/6297 6271/6271/6271
f 6298/6298/6298 6271/6271/6271 6272/6272/6272
f 6272/6272/6272 6271/6271/6271 6246/6246/6246
f 6272/6272/6272 6246/6246/6246 6247/6247/6247
f 6247/6247/6247 6246/6246/6246 6221/6221/6221
f 6247/6247/6247 6221/6221/6221 6222/6222/6222
f 6222/6222/6222 6221/6221/6221 6196/6196/6196
f 6222/6222/6222 6196/6196/6196 6197/6197/6197
f 6197/6197/6197 6196/6196/6196 6171/6171/6171
f 6197/6197/6197 6171/6171/6171 6172/6172/6172
f 6172/6172/6172 6171/6171/6171 6147/6147/6147
f 6172/6172/6172 6147/6147/6147 6148/6148/6148
f 6148/6148/6148 6147/6147/6147 6123/6123/6123
f 6148/6148/6148 6123/6123/6123 6124/6124/6124
f 6124/6124/6124 6123/6123/6123 6099/6099/6099
f 6124/6124/6124 6099/6099/6099 6100/6100/6100
f 6100/6100/6100 6099/6099/6099 6075/6075/6075
f 6100/6100/6100 6075/6075/6075 5693/5693/5693
f 6100/6100/6100 5693/5693/5693 5692/5692/5692
f 5693/5693/5693 6075/6075/6075 5694/5694/5694
f 6075/6075/6075 5695/5695/5695 5694/5694/5694
f 6075/6075/6075 5696/5696/5696 5695/5695/5695
f 6075/6075/6075 5697/5697/5697 5696/5696/5696
f 6075/6075/6075 6074/6074/6074 5697/5697/5697
f 6099/6099/6099 6074/6074/6074 6075/6075/6075
f 6099/6099/6099 6098/6098/6098 6074/6074/6074
f 6123/6123/6123 6098/6098/6098 6099/6099/6099
f 6123/6123/6123 6122/6122/6122 6098/6098/6098
f 6147/6147/6147 6122/6122/6122 6123/6123/6123
f 6147/6147/6147 6146/6146/6146 6122/6122/6122
f 6171/6171/6171 6146/6146/6146 6147/6147/6147
f 6171/6171/6171 6170/6170/6170 6146/6146/6146
f 6196/6196/6196 6170/6170/6170 6171/6171/6171
f 6196/6196/6196 6195/6195/6195 6170/6170/6170
f 6221/6221/6221 6195/6195/6195 6196/6196/6196
f 6221/6221/6221 6220/6220/6220 6195/6195/6195
f 6246/6246/6246 6220/6220/6220 6221/6221/6221
f 6246/6246/6246 6245/6245/6245 6220/6220/6220
f 6271/6271/6271 6245/6245/6245 6246/6246/6246
f 6271/6271/6271 6270/6270/6270 6245/6245/6245
f 6297/6297/6297 6270/6270/6270 6271/6271/6271
f 6297/6297/6297 6296/6296/6296 6270/6270/6270
f 6323/6323/6323 6296/6296/6296 6297/6297/6297
f 6323/6323/6323 6322/6322/6322 6296/6296/6296
f 6322/6322/6322 6295/6295/6295 6296/6296/6296
f 6322/6322/6322 6321/6321/6321 6295/6295/6295
f 6348/6348/6348 6321/6321/6321 6322/6322/6322
f 6348/6348/6348 6347/6347/6347 6321/6321/6321
f 6374/6374/6374 6347/6347/6347 6348/6348/6348
f 6374/6374/6374 6373/6373/6373 6347/6347/6347
f 6400/6400/6400 6373/6373/6373 6374/6374/6374
f 6400/6400/6400 6399/6399/6399 6373/6373/6373
f 6399/6399/6399 6372/6372/6372 6373/6373/6373
f 6399/6399/6399 6398/6398/6398 6372/6372/6372
f 6426/6426/6426 6398/6398/6398 6399/6399/6399
f 6426/6426/6426 6425/6425/6425 6398/6398/6398
f 6453/6453/6453 6425/6425/6425 6426/6426/6426
f 6453/6453/6453 6452/6452/6452 6425/6425/6425
f 6425/6425/6425 6452/6452/6452 6424/6424/6424
f 6425/6425/6425 6424/6424/6424 6397/6397/6397
f 6425/6425/6425 6397/6397/6397 6398/6398/6398
f 6398/6398/6398 6397/6397/6397 6371/6371/6371
f 6398/6398/6398 6371/6371/6371 6372/6372/6372
f 6372/6372/6372 6371/6371/6371 6345/6345/6345
f 6372/6372/6372 6345/6345/6345 6346/6346/6346
f 6373/6373/6373 6372/6372/6372 6346/6346/6346
f 6373/6373/6373 6346/6346/6346 6347/6347/6347
f 6347/6347/6347 6346/6346/6346 6320/6320/6320
f 6347/6347/6347 6320/6320/6320 6321/6321/6321
f 6321/6321/6321 6320/6320/6320 6294/6294/6294
f 6321/6321/6321 6294/6294/6294 6295/6295/6295
f 6295/6295/6295 6294/6294/6294 6268/6268/6268
f 6295/6295/6295 6268/6268/6268 6269/6269/6269
f 6296/6296/6296 6295/6295/6295 6269/6269/6269
f 6296/6296/6296 6269/6269/6269 6270/6270/6270
f 6270/6270/6270 6269/6269/6269 6244/6244/6244
f 6270/6270/6270 6244/6244/6244 6245/6245/6245
f 6245/6245/6245 6244/6244/6244 6219/6219/6219
f 6245/6245/6245 6219/6219/6219 6220/6220/6220
f 6220/6220/6220 6219/6219/6219 6194/6194/6194
f 6220/6220/6220 6194/6194/6194 6195/6195/6195
f 6195/6195/6195 6194/6194/6194 6169/6169/6169
f 6195/6195/6195 6169/6169/6169 6170/6170/6170
f 6170/6170/6170 6169/6169/6169 6145/6145/6145
f 6170/6170/6170 6145/6145/6145 6146/6146/6146
f 6146/6146/6146 6145/6145/6145 6121/6121/6121
f 6146/6146/6146 6121/6121/6121 6122/6122/6122
f 6122/6122/6122 6121/6121/6121 6097/6097/6097
f 6122/6122/6122 6097/6097/6097 6098/6098/6098
f 6098/6098/6098 6097/6097/6097 6073/6073/6073
f 6098/6098/6098 6073/6073/6073 6074/6074/6074
f 6074/6074/6074 6073/6073/6073 6049/6049/6049
f 6074/6074/6074 6049/6049/6049 5697/5697/5697
f 5697/5697/5697 6049/6049/6049 5698/5698/5698
f 6049/6049/6049 5699/5699/5699 5698/5698/5698
f 6049/6049/6049 5700/5700/5700 5699/5699/5699
f 6049/6049/6049 6048/6048/6048 5700/5700/5700
f 6073/6073/6073 6048/6048/6048 6049/6049/6049
f 6073/6073/6073 6072/6072/6072 6048/6048/6048
f 6097/6097/6097 6072/6072/6072 6073/6073/6073
f 6097/6097/6097 6096/6096/6096 6072/6072/6072
f 6121/6121/6121 6096/6096/6096 6097/6097/6097
f 6121/6121/6121 6120/6120/6120 6096/6096/6096
f 6145/6145/6145 6120/6120/6120 6121/6121/6121
f 6145/6145/6145 6144/6144/6144 6120/6120/6120
f 6169/6169/6169 6144/6144/6144 6145/6145/6145
f 6169/6169/6169 6168/6168/6168 6144/6144/6144
f 6194/6194/6194 6168/6168/6168 6169/6169/6169
f 6194/6194/6194 6193/6193/6193 6168/6168/6168
f 6219/6219/6219 6193/6193/6193 6194/6194/6194
f 6219/6219/6219 6218/6218/6218 6193/6193/6193
f 6244/6244/6244 6218/6218/6218 6219/6219/6219
f 6244/6244/6244 6243/6243/6243 6218/6218/6218
f 6269/6269/6269 6243/6243/6243 6244/6244/6244
f 6269/6269/6269 6268/6268/6268 6243/6243/6243
f 6268/6268/6268 6242/6242/6242 6243/6243/6243
f 6268/6268/6268 6267/6267/6267 6242/6242/6242
f 6294/6294/6294 6267/6267/6267 6268/6268/6268
f 6294/6294/6294 6293/6293/6293 6267/6267/6267
f 6320/6320/6320 6293/6293/6293 6294/6294/6294
f 6320/6320/6320 6319/6319/6319 6293/6293/6293
f 6346/6346/6346 6319/6319/6319 6320/6320/6320
f 6346/6346/6346 6345/6345/6345 6319/6319/6319
f 6345/6345/6345 6318/6318/6318 6319/6319/6319
f 6345/6345/6345 6344/6344/6344 6318/6318/6318
f 6371/6371/6371 6344/6344/6344 6345/6345/6345
f 6371/6371/6371 6370/6370/6370 6344/6344/6344
f 6397/6397/6397 6370/6370/6370 6371/6371/6371
f 6370/6370/6370 6343/6343/6343 6344/6344/6344
f 6344/6344/6344 6343/6343/6343 6317/6317/6317
f 6344/6344/6344 6317/6317/6317 6318/6318/6318
f 6318/6318/6318 6317/6317/6317 6291/6291/6291
f 6318/6318/6318 6291/6291/6291 6292/6292/6292
f 6319/6319/6319 6318/6318/6318 6292/6292/6292
f 6319/6319/6319 6292/6292/6292 6293/6293/6293
f 6293/6293/6293 6292/6292/6292 6266/6266/6266
f 6293/6293/6293 6266/6266/6266 6267/6267/6267
f 6267/6267/6267 6266/6266/6266 6241/6241/6241
f 6267/6267/6267 6241/6241/6241 6242/6242/6242
f 6242/6242/6242 6241/6241/6241 6216/6216/6216
f 6242/6242/6242 6216/6216/6216 6217/6217/6217
f 6243/6243/6243 6242/6242/6242 6217/6217/6217
f 6243/6243/6243 6217/6217/6217 6218/6218/6218
f 6218/6218/6218 6217/6217/6217 6192/6192/6192
f 6218/6218/6218 6192/6192/6192 6193/6193/6193
f 6193/6193/6193 6192/6192/6192 6167/6167/6167
f 6193/6193/6193 6167/6167/6167 6168/6168/6168
f 6168/6168/6168 6167/6167/6167 6143/6143/6143
f 6168/6168/6168 6143/6143/6143 6144/6144/6144
f 6144/6144/6144 6143/6143/6143 6119/6119/6119
f 6144/6144/6144 6119/6119/6119 6120/6120/6120
f 6120/6120/6120 6119/6119/6119 6095/6095/6095
f 6120/6120/6120 6095/6095/6095 6096/6096/6096
f 6096/6096/6096 6095/6095/6095 6071/6071/6071
f 6096/6096/6096 6071/6071/6071 6072/6072/6072
f 6072/6072/6072 6071/6071/6071 6047/6047/6047
f 6072/6072/6072 6047/6047/6047 6048/6048/6048
f 6048/6048/6048 6047/6047/6047 6024/6024/6024
f 6048/6048/6048 6024/6024/6024 5701/5701/5701
f 6048/6048/6048 5701/5701/5701 5700/5700/5700
f 5701/5701/5701 6024/6024/6024 5702/5702/5702
f 6024/6024/6024 5703/5703/5703 5702/5702/5702
f 6024/6024/6024 5704/5704/5704 5703/5703/5703
f 6024/6024/6024 6023/6023/6023 5704/5704/5704
f 6047/6047/6047 6023/6023/6023 6024/6024/6024
f 6047/6047/6047 6046/6046/6046 6023/6023/6023
f 6071/6071/6071 6046/6046/6046 6047/6047/6047
f 6071/6071/6071 6070/6070/6070 6046/6046/6046
f 6095/6095/6095 6070/6070/6070 6071/6071/6071
f 6095/6095/6095 6094/6094/6094 6070/6070/6070
f 6119/6119/6119 6094/6094/6094 6095/6095/6095
f 6119/6119/6119 6118/6118/6118 6094/6094/6094
f 6143/6143/6143 6118/6118/6118 6119/6119/6119
f 6143/6143/6143 6142/6142/6142 6118/6118/6118
f 6167/6167/6167 6142/6142/6142 6143/6143/6143
f 6167/6167/6167 6166/6166/6166 6142/6142/6142
f 6192/6192/6192 6166/6166/6166 6167/6167/6167
f 6192/6192/6192 6191/6191/6191 6166/6166/6166
f 6217/6217/6217 6191/6191/6191 6192/6192/6192
f 6217/6217/6217 6216/6216/6216 6191/6191/6191
f 6216/6216/6216 6190/6190/6190 6191/6191/6191
f 6216/6216/6216 6215/6215/6215 6190/6190/6190
f 6241/6241/6241 6215/6215/6215 6216/6216/6216
f 6241/6241/6241 6240/6240/6240 6215/6215/6215
f 6266/6266/6266 6240/6240/6240 6241/6241/6241
f 6266/6266/6266 6265/6265/6265 6240/6240/6240
f 6292/6292/6292 6265/6265/6265 6266/6266/6266
f 6292/6292/6292 6291/6291/6291 6265/6265/6265
f 6291/6291/6291 6264/6264/6264 6265/6265/6265
f 6291/6291/6291 6290/6290/6290 6264/6264/6264
f 6317/6317/6317 6290/6290/6290 6291/6291/6291
f 6317/6317/6317 6316/6316/6316 6290/6290/6290
f 6343/6343/6343 6316/6316/6316 6317/6317/6317
f 6316/6316/6316 6289/6289/6289 6290/6290/6290
f 6316/6316/6316 6315/6315/6315 6289/6289/6289
f 6315/6315/6315 6288/6288/6288 6289/6289/6289
f 6289/6289/6289 6288/6288/6288 6262/6262/6262
f 6289/6289/6289 6262/6262/6262 6263/6263/6263
f 6290/6290/6290 6289/6289/6289 6263/6263/6263
f 6290/6290/6290 6263/6263/6263 6264/6264/6264
f 6264/6264/6264 6263/6263/6263 6238/6238/6238
f 6264/6264/6264 6238/6238/6238 6239/6239/6239
f 6265/6265/6265 6264/6264/6264 6239/6239/6239
f 6265/6265/6265 6239/6239/6239 6240/6240/6240
f 6240/6240/6240 6239/6239/6239 6214/6214/6214
f 6240/6240/6240 6214/6214/6214 6215/6215/6215
f 6215/6215/6215 6214/6214/6214 6189/6189/6189
f 6215/6215/6215 6189/6189/6189 6190/6190/6190
f 6190/6190/6190 6189/6189/6189 6164/6164/6164
f 6190/6190/6190 6164/6164/6164 6165/6165/6165
f 6191/6191/6191 6190/6190/6190 6165/6165/6165
f 6191/6191/6191 6165/6165/6165 6166/6166/6166
f 6166/6166/6166 6165/6165/6165 6141/6141/6141
f 6166/6166/6166 6141/6141/6141 6142/6142/6142
f 6142/6142/6142 6141/6141/6141 6117/6117/6117
f 6142/6142/6142 6117/6117/6117 6118/6118/6118
f 6118/6118/6118 6117/6117/6117 6093/6093/6093
f 6118/6118/6118 6093/6093/6093 6094/6094/6094
f 6094/6094/6094 6093/6093/6093 6069/6069/6069
f 6094/6094/6094 6069/6069/6069 6070/6070/6070
f 6070/6070/6070 6069/6069/6069 6045/6045/6045
f 6070/6070/6070 6045/6045/6045 6046/6046/6046
f 6046/6046/6046 6045/6045/6045 6022/6022/6022
f 6046/6046/6046 6022/6022/6022 6023/6023/6023
f 6023/6023/6023 6022/6022/6022 5999/5999/5999
f 5999/5999/5999 5705/5705/5705 6023/6023/6023
f 5999/5999/5999 5706/5706/5706 5705/5705/5705
f 5999/5999/5999 5707/5707/5707 5706/5706/5706
f 5999/5999/5999 5998/5998/5998 5707/5707/5707
f 6022/6022/6022 5998/5998/5998 5999/5999/5999
f 6022/6022/6022 6021/6021/6021 5998/5998/5998
f 6045/6045/6045 6021/6021/6021 6022/6022/6022
f 6045/6045/6045 6044/6044/6044 6021/6021/6021
f 6069/6069/6069 6044/6044/6044 6045/6045/6045
f 6069/6069/6069 6068/6068/6068 6044/6044/6044
f 6093/6093/6093 6068/6068/6068 6069/6069/6069
f 6093/6093/6093 6092/6092/6092 6068/6068/6068
f 6117/6117/6117 6092/6092/6092 6093/6093/6093
f 6117/6117/6117 6116/6116/6116 6092/6092/6092
f 6141/6141/6141 6116/6116/6116 6117/6117/6117
f 6141/6141/6141 6140/6140/6140 6116/6116/6116
f 6165/6165/6165 6140/6140/6140 6141/6141/6141
f 6165/6165/6165 6164/6164/6164 6140/6140/6140
f 6164/6164/6164 6139/6139/6139 6140/6140/6140
f 6164/6164/6164 6163/6163/6163 6139/6139/6139
f 6189/6189/6189 6163/6163/6163 6164/6164/6164
f 6189/6189/6189 6188/6188/6188 6163/6163/6163
f 6214/6214/6214 6188/6188/6188 6189/6189/6189
f 6214/6214/6214 6213/6213/6213 6188/6188/6188
f 6239/6239/6239 6213/6213/6213 6214/6214/6214
f 6239/6239/6239 6238/6238/6238 6213/6213/6213
f 6238/6238/6238 6212/6212/6212 6213/6213/6213
f 6238/6238/6238 6237/6237/6237 6212/6212/6212
f 6263/6263/6263 6237/6237/6237 6238/6238/6238
f 6263/6263/6263 6262/6262/6262 6237/6237/6237
f 6262/6262/6262 6236/6236/6236 6237/6237/6237
f 6262/6262/6262 6261/6261/6261 6236/6236/6236
f 6288/6288/6288 6261/6261/6261 6262/6262/6262
f 6261/6261/6261 6235/6235/6235 6236/6236/6236
f 6261/6261/6261 6260/6260/6260 6235/6235/6235
f 6236/6236/6236 6235/6235/6235 6210/6210/6210
f 6236/6236/6236 6210/6210/6210 6211/6211/6211
f 6237/6237/6237 6236/6236/6236 6211/6211/6211
f 6237/6237/6237 6211/6211/6211 6212/6212/6212
f 6212/6212/6212 6211/6211/6211 6186/6186/6186
f 6212/6212/6212 6186/6186/6186 6187/6187/6187
f 6213/6213/6213 6212/6212/6212 6187/6187/6187
f 6213/6213/6213 6187/6187/6187 6188/6188/6188
f 6188/6188/6188 6187/6187/6187 6162/6162/6162
f 6188/6188/6188 6162/6162/6162 6163/6163/6163
f 6163/6163/6163 6162/6162/6162 6138/6138/6138
f 6163/6163/6163 6138/6138/6138 6139/6139/6139
f 6139/6139/6139 6138/6138/6138 6114/6114/6114
f 6139/6139/6139 6114/6114/6114 6115/6115/6115
f 6140/6140/6140 6139/6139/6139 6115/6115/6115
f 6140/6140/6140 6115/6115/6115 6116/6116/6116
f 6116/6116/6116 6115/6115/6115 6091/6091/6091
f 6116/6116/6116 6091/6091/6091 6092/6092/6092
f 6092/6092/6092 6091/6091/6091 6067/6067/6067
f 6092/6092/6092 6067/6067/6067 6068/6068/6068
f 6068/6068/6068 6067/6067/6067 6043/6043/6043
f 6068/6068/6068 6043/6043/6043 6044/6044/6044
f 6044/6044/6044 6043/6043/6043 6020/6020/6020
f 6044/6044/6044 6020/6020/6020 6021/6021/6021
f 6021/6021/6021 6020/6020/6020 5997/5997/5997
f 6021/6021/6021 5997/5997/5997 5998/5998/5998
f 5998/5998/5998 5997/5997/5997 5975/5975/5975
f 5998/5998/5998 5975/5975/5975 5708/5708/5708
f 5998/5998/5998 5708/5708/5708 5707/5707/5707
f 5708/5708/5708 5975/5975/5975 5709/5709/5709
f 5975/5975/5975 5710/5710/5710 5709/5709/5709
f 5975/5975/5975 5711/5711/5711 5710/5710/5710
f 5975/5975/5975 5974/5974/5974 5711/5711/5711
f 5997/5997/5997 5974/5974/5974 5975/5975/5975
f 5997/5997/5997 5996/5996/5996 5974/5974/5974
f 6020/6020/6020 5996/5996/5996 5997/5997/5997
f 6020/6020/6020 6019/6019/6019 5996/5996/5996
f 6043/6043/6043 6019/6019/6019 6020/6020/6020
f 6043/6043/6043 6042/6042/6042 6019/6019/6019
f 6067/6067/6067 6042/6042/6042 6043/6043/6043
f 6067/6067/6067 6066/6066/6066 6042/6042/6042
f 6091/6091/6091 6066/6066/6066 6067/6067/6067
f 6091/6091/6091 6090/6090/6090 6066/6066/6066
f 6115/6115/6115 6090/6090/6090 6091/6091/6091
f 6115/6115/6115 6114/6114/6114 6090/6090/6090
f 6114/6114/6114 6089/6089/6089 6090/6090/6090
f 6114/6114/6114 6113/6113/6113 6089/6089/6089
f 6138/6138/6138 6113/6113/6113 6114/6114/6114
f 6138/6138/6138 6137/6137/6137 6113/6113/6113
f 6162/6162/6162 6137/6137/6137 6138/6138/6138
f 6162/6162/6162 6161/6161/6161 6137/6137/6137
f 6187/6187/6187 6161/6161/6161 6162/6162/6162
f 6187/6187/6187 6186/6186/6186 6161/6161/6161
f 6186/6186/6186 6160/6160/6160 6161/6161/6161
f 6186/6186/6186 6185/6185/6185 6160/6160/6160
f 6211/6211/6211 6185/6185/6185 6186/6186/6186
f 6211/6211/6211 6210/6210/6210 6185/6185/6185
f 6210/6210/6210 6184/6184/6184 6185/6185/6185
f 6210/6210/6210 6209/6209/6209 6184/6184/6184
f 6235/6235/6235 6209/6209/6209 6210/6210/6210
f 6209/6209/6209 6183/6183/6183 6184/6184/6184
f 6209/6209/6209 6208/6208/6208 6183/6183/6183
f 6208/6208/6208 6182/6182/6182 6183/6183/6183
f 6208/6208/6208 6207/6207/6207 6182/6182/6182
f 6208/6208/6208 6233/6233/6233 6207/6207/6207
f 6183/6183/6183 6182/6182/6182 6157/6157/6157
f 6183/6183/6183 6157/6157/6157 6158/6158/6158
f 6184/6184/6184 6183/6183/6183 6158/6158/6158
f 6184/6184/6184 6158/6158/6158 6159/6159/6159
f 6185/6185/6185 6184/6184/6184 6159/6159/6159
f 6185/6185/6185 6159/6159/6159 6160/6160/6160
f 6160/6160/6160 6159/6159/6159 6135/6135/6135
f 6160/6160/6160 6135/6135/6135 6136/6136/6136
f 6161/6161/6161 6160/6160/6160 6136/6136/6136
f 6161/6161/6161 6136/6136/6136 6137/6137/6137
f 6137/6137/6137 6136/6136/6136 6112/6112/6112
f 6137/6137/6137 6112/6112/6112 6113/6113/6113
f 6113/6113/6113 6112/6112/6112 6088/6088/6088
f 6113/6113/6113 6088/6088/6088 6089/6089/6089
f 6089/6089/6089 6088/6088/6088 6064/6064/6064
f 6089/6089/6089 6064/6064/6064 6065/6065/6065
f 6090/6090/6090 6089/6089/6089 6065/6065/6065
f 6090/6090/6090 6065/6065/6065 6066/6066/6066
f 6066/6066/6066 6065/6065/6065 6041/6041/6041
f 6066/6066/6066 6041/6041/6041 6042/6042/6042
f 6042/6042/6042 6041/6041/6041 6018/6018/6018
f 6042/6042/6042 6018/6018/6018 6019/6019/6019
f 6019/6019/6019 6018/6018/6018 5995/5995/5995
f 6019/6019/6019 5995/5995/5995 5996/5996/5996
f 5996/5996/5996 5995/5995/5995 5973/5973/5973
f 5996/5996/5996 5973/5973/5973 5974/5974/5974
f 5974/5974/5974 5973/5973/5973 5952/5952/5952
f 5974/5974/5974 5952/5952/5952 5712/5712/5712
f 5974/5974/5974 5712/5712/5712 5711/5711/5711
f 5712/5712/5712 5952/5952/5952 5713/5713/5713
f 5952/5952/5952 5714/5714/5714 5713/5713/5713
f 5715/5715/5715 5714/5714/5714 5952/5952/5952
f 5951/5951/5951 5715/5715/5715 5952/5952/5952
f 5951/5951/5951 5716/5716/5716 5715/5715/5715
f 5951/5951/5951 5717/5717/5717 5716/5716/5716
f 5950/5950/5950 5717/5717/5717 5951/5951/5951
f 5717/5717/5717 5950/5950/5950 5930/5930/5930
f 5930/5930/5930 5718/5718/5718 5717/5717/5717
f 5930/5930/5930 5719/5719/5719 5718/5718/5718
f 5930/5930/5930 5720/5720/5720 5719/5719/5719
f 5930/5930/5930 5721/5721/5721 5720/5720/5720
f 5930/5930/5930 5929/5929/5929 5721/5721/5721
f 5949/5949/5949 5929/5929/5929 5930/5930/5930
f 5949/5949/5949 5948/5948/5948 5929/5929/5929
f 5970/5970/5970 5948/5948/5948 5949/5949/5949
f 5970/5970/5970 5969/5969/5969 5948/5948/5948
f 5992/5992/5992 5969/5969/5969 5970/5970/5970
f 5992/5992/5992 5991/5991/5991 5969/5969/5969
f 6015/6015/6015 5991/5991/5991 5992/5992/5992
f 6015/6015/6015 6014/6014/6014 5991/5991/5991
f 6038/6038/6038 6014/6014/6014 6015/6015/6015
f 6038/6038/6038 6037/6037/6037 6014/6014/6014
f 6062/6062/6062 6037/6037/6037 6038/6038/6038
f 6062/6062/6062 6061/6061/6061 6037/6037/6037
f 6086/6086/6086 6061/6061/6061 6062/6062/6062
f 6086/6086/6086 6085/6085/6085 6061/6061/6061
f 6110/6110/6110 6085/6085/6085 6086/6086/6086
f 6110/6110/6110 6109/6109/6109 6085/6085/6085
f 6134/6134/6134 6109/6109/6109 6110/6110/6110
f 6134/6134/6134 6133/6133/6133 6109/6109/6109
f 6158/6158/6158 6133/6133/6133 6134/6134/6134
f 6158/6158/6158 6157/6157/6157 6133/6133/6133
f 6157/6157/6157 6132/6132/6132 6133/6133/6133
f 6157/6157/6157 6156/6156/6156 6132/6132/6132
f 6182/6182/6182 6156/6156/6156 6157/6157/6157
f 6156/6156/6156 6131/6131/6131 6132/6132/6132
f 6156/6156/6156 6155/6155/6155 6131/6131/6131
f 6155/6155/6155 6130/6130/6130 6131/6131/6131
f 6155/6155/6155 6154/6154/6154 6130/6130/6130
f 6155/6155/6155 6180/6180/6180 6154/6154/6154
f 6131/6131/6131 6130/6130/6130 6106/6106/6106
f 6131/6131/6131 6106/6106/6106 6107/6107/6107
f 6132/6132/6132 6131/6131/6131 6107/6107/6107
f 6132/6132/6132 6107/6107/6107 6108/6108/6108
f 6133/6133/6133 6132/6132/6132 6108/6108/6108
f 6133/6133/6133 6108/6108/6108 6109/6109/6109
f 6109/6109/6109 6108/6108/6108 6084/6084/6084
f 6109/6109/6109 6084/6084/6084 6085/6085/6085
f 6085/6085/6085 6084/6084/6084 6060/6060/6060
f 6085/6085/6085 6060/6060/6060 6061/6061/6061
f 6061/6061/6061 6060/6060/6060 6036/6036/6036
f 6061/6061/6061 6036/6036/6036 6037/6037/6037
f 6037/6037/6037 6036/6036/6036 6013/6013/6013
f 6037/6037/6037 6013/6013/6013 6014/6014/6014
f 6014/6014/6014 6013/6013/6013 5990/5990/5990
f 6014/6014/6014 5990/5990/5990 5991/5991/5991
f 5991/5991/5991 5990/5990/5990 5968/5968/5968
f 5991/5991/5991 5968/5968/5968 5969/5969/5969
f 5969/5969/5969 5968/5968/5968 5947/5947/5947
f 5969/5969/5969 5947/5947/5947 5948/5948/5948
f 5948/5948/5948 5947/5947/5947 5928/5928/5928
f 5948/5948/5948 5928/5928/5928 5929/5929/5929
f 5929/5929/5929 5928/5928/5928 5911/5911/5911
f 5929/5929/5929 5911/5911/5911 5721/5721/5721
f 5721/5721/5721 5911/5911/5911 5722/5722/5722
f 5911/5911/5911 5723/5723/5723 5722/5722/5722
f 5911/5911/5911 5724/5724/5724 5723/5723/5723
f 5911/5911/5911 5910/5910/5910 5724/5724/5724
f 5928/5928/5928 5910/5910/5910 5911/5911/5911
f 5928/5928/5928 5927/5927/5927 5910/5910/5910
f 5947/5947/5947 5927/5927/5927 5928/5928/5928
f 5947/5947/5947 5946/5946/5946 5927/5927/5927
f 5968/5968/5968 5946/5946/5946 5947/5947/5947
f 5968/5968/5968 5967/5967/5967 5946/5946/5946
f 5990/5990/5990 5967/5967/5967 5968/5968/5968
f 5990/5990/5990 5989/5989/5989 5967/5967/5967
f 6013/6013/6013 5989/5989/5989 5990/5990/5990
f 6013/6013/6013 6012/6012/6012 5989/5989/5989
f 6036/6036/6036 6012/6012/6012 6013/6013/6013
f 6036/6036/6036 6035/6035/6035 6012/6012/6012
f 6060/6060/6060 6035/6035/6035 6036/6036/6036
f 6060/6060/6060 6059/6059/6059 6035/6035/6035
f 6084/6084/6084 6059/6059/6059 6060/6060/6060
f 6084/6084/6084 6083/6083/6083 6059/6059/6059
f 6108/6108/6108 6083/6083/6083 6084/6084/6084
f 6108/6108/6108 6107/6107/6107 6083/6083/6083
f 6107/6107/6107 6082/6082/6082 6083/6083/6083
f 6107/6107/6107 6106/6106/6106 6082/6082/6082
f 6106/6106/6106 6081/6081/6081 6082/6082/6082
f 6106/6106/6106 6105/6105/6105 6081/6081/6081
f 6130/6130/6130 6105/6105/6105 6106/6106/6106
f 6105/6105/6105 6080/6080/6080 6081/6081/6081
f 6105/6105/6105 6104/6104/6104 6080/6080/6080
f 6104/6104/6104 6079/6079/6079 6080/6080/6080
f 6080/6080/6080 6079/6079/6079 6055/6055/6055
f 6080/6080/6080 6055/6055/6055 6056/6056/6056
f 6081/6081/6081 6080/6080/6080 6056/6056/6056
f 6081/6081/6081 6056/6056/6056 6057/6057/6057
f 6082/6082/6082 6081/6081/6081 6057/6057/6057
f 6082/6082/6082 6057/6057/6057 6058/6058/6058
f 6083/6083/6083 6082/6082/6082 6058/6058/6058
f 6083/6083/6083 6058/6058/6058 6059/6059/6059
f 6059/6059/6059 6058/6058/6058 6034/6034/6034
f 6059/6059/6059 6034/6034/6034 6035/6035/6035
f 6035/6035/6035 6034/6034/6034 6011/6011/6011
f 6035/6035/6035 6011/6011/6011 6012/6012/6012
f 6012/6012/6012 6011/6011/6011 5988/5988/5988
f 6012/6012/6012 5988/5988/5988 5989/5989/5989
f 5989/5989/5989 5988/5988/5988 5966/5966/5966
f 5989/5989/5989 5966/5966/5966 5967/5967/5967
f 5967/5967/5967 5966/5966/5966 5945/5945/5945
f 5967/5967/5967 5945/5945/5945 5946/5946/5946
f 5946/5946/5946 5945/5945/5945 5926/5926/5926
f 5946/5946/5946 5926/5926/5926 5927/5927/5927
f 5927/5927/5927 5926/5926/5926 5909/5909/5909
f 5927/5927/5927 5909/5909/5909 5910/5910/5910
f 5910/5910/5910 5909/5909/5909 5893/5893/5893
f 5910/5910/5910 5893/5893/5893 5726/5726/5726
f 5910/5910/5910 5726/5726/5726 5725/5725/5725
f 5910/5910/5910 5725/5725/5725 5724/5724/5724
f 5726/5726/5726 5893/5893/5893 5727/5727/5727
f 5893/5893/5893 5892/5892/5892 5727/5727/5727
f 5909/5909/5909 5892/5892/5892 5893/5893/5893
f 5909/5909/5909 5908/5908/5908 5892/5892/5892
f 5926/5926/5926 5908/5908/5908 5909/5909/5909
f 5926/5926/5926 5925/5925/5925 5908/5908/5908
f 5945/5945/5945 5925/5925/5925 5926/5926/5926
f 5945/5945/5945 5944/5944/5944 5925/5925/5925
f 5966/5966/5966 5944/5944/5944 5945/5945/5945
f 5966/5966/5966 5965/5965/5965 5944/5944/5944
f 5988/5988/5988 5965/5965/5965 5966/5966/5966
f 5988/5988/5988 5987/5987/5987 5965/5965/5965
f 6011/6011/6011 5987/5987/5987 5988/5988/5988
f 6011/6011/6011 6010/6010/6010 5987/5987/5987
f 6034/6034/6034 6010/6010/6010 6011/6011/6011
f 6034/6034/6034 6033/6033/6033 6010/6010/6010
f 6058/6058/6058 6033/6033/6033 6034/6034/6034
f 6058/6058/6058 6057/6057/6057 6033/6033/6033
f 6057/6057/6057 6032/6032/6032 6033/6033/6033
f 6057/6057/6057 6056/6056/6056 6032/6032/6032
f 6056/6056/6056 6031/6031/6031 6032/6032/6032
f 6056/6056/6056 6055/6055/6055 6031/6031/6031
f 6055/6055/6055 6030/6030/6030 6031/6031/6031
f 6055/6055/6055 6054/6054/6054 6030/6030/6030
f 6079/6079/6079 6054/6054/6054 6055/6055/6055
f 6079/6079/6079 6078/6078/6078 6054/6054/6054
f 6078/6078/6078 6053/6053/6053 6054/6054/6054
f 6078/6078/6078 6077/6077/6077 6053/6053/6053
f 6102/6102/6102 6077/6077/6077 6078/6078/6078
f 6077/6077/6077 6052/6052/6052 6053/6053/6053
f 6077/6077/6077 6076/6076/6076 6052/6052/6052
f 6076/6076/6076 6051/6051/6051 6052/6052/6052
f 6052/6052/6052 6051/6051/6051 6027/6027/6027
f 6052/6052/6052 6027/6027/6027 6028/6028/6028
f 6053/6053/6053 6052/6052/6052 6028/6028/6028
f 6053/6053/6053 6028/6028/6028 6029/6029/6029
f 6054/6054/6054 6053/6053/6053 6029/6029/6029
f 6054/6054/6054 6029/6029/6029 6030/6030/6030
f 6030/6030/6030 6029/6029/6029 6006/6006/6006
f 6030/6030/6030 6006/6006/6006 6007/6007/6007
f 6031/6031/6031 6030/6030/6030 6007/6007/6007
f 6031/6031/6031 6007/6007/6007 6008/6008/6008
f 6032/6032/6032 6031/6031/6031 6008/6008/6008
f 6032/6032/6032 6008/6008/6008 6009/6009/6009
f 6033/6033/6033 6032/6032/6032 6009/6009/6009
f 6033/6033/6033 6009/6009/6009 6010/6010/6010
f 6010/6010/6010 6009/6009/6009 5986/5986/5986
f 6010/6010/6010 5986/5986/5986 5987/5987/5987
f 5987/5987/5987 5986/5986/5986 5964/5964/5964
f 5987/5987/5987 5964/5964/5964 5965/5965/5965
f 5965/5965/5965 5964/5964/5964 5943/5943/5943
f 5965/5965/5965 5943/5943/5943 5944/5944/5944
f 5944/5944/5944 5943/5943/5943 5924/5924/5924
f 5944/5944/5944 5924/5924/5924 5925/5925/5925
f 5925/5925/5925 5924/5924/5924 5907/5907/5907
f 5925/5925/5925 5907/5907/5907 5908/5908/5908
f 5908/5908/5908 5907/5907/5907 5891/5891/5891
f 5908/5908/5908 5891/5891/5891 5892/5892/5892
f 5892/5892/5892 5891/5891/5891 5730/5730/5730
f 5892/5892/5892 5730/5730/5730 5729/5729/5729
f 5892/5892/5892 5729/5729/5729 5728/5728/5728
f 5892/5892/5892 5728/5728/5728 5727/5727/5727
f 5891/5891/5891 5731/5731/5731 5730/5730/5730
f 5891/5891/5891 5877/5877/5877 5731/5731/5731
f 5891/5891/5891 5890/5890/5890 5877/5877/5877
f 5907/5907/5907 5890/5890/5890 5891/5891/5891
f 5907/5907/5907 5906/5906/5906 5890/5890/5890
f 5924/5924/5924 5906/5906/5906 5907/5907/5907
f 5924/5924/5924 5923/5923/5923 5906/5906/5906
f 5943/5943/5943 5923/5923/5923 5924/5924/5924
f 5943/5943/5943 5942/5942/5942 5923/5923/5923
f 5964/5964/5964 5942/5942/5942 5943/5943/5943
f 5964/5964/5964 5963/5963/5963 5942/5942/5942
f 5986/5986/5986 5963/5963/5963 5964/5964/5964
f 5986/5986/5986 5985/5985/5985 5963/5963/5963
f 6009/6009/6009 5985/5985/5985 5986/5986/5986
f 6009/6009/6009 6008/6008/6008 5985/5985/5985
f 6008/6008/6008 5984/5984/5984 5985/5985/5985
f 6008/6008/6008 6007/6007/6007 5984/5984/5984
f 6007/6007/6007 5983/5983/5983 5984/5984/5984
f 6007/6007/6007 6006/6006/6006 5983/5983/5983
f 6006/6006/6006 5982/5982/5982 5983/5983/5983
f 6006/6006/6006 6005/6005/6005 5982/5982/5982
f 6029/6029/6029 6005/6005/6005 6006/6006/6006
f 6029/6029/6029 6028/6028/6028 6005/6005/6005
f 6028/6028/6028 6004/6004/6004 6005/6005/6005
f 6028/6028/6028 6027/6027/6027 6004/6004/6004
f 6027/6027/6027 6003/6003/6003 6004/6004/6004
f 6027/6027/6027 6026/6026/6026 6003/6003/6003
f 6051/6051/6051 6026/6026/6026 6027/6027/6027
f 6026/6026/6026 6002/6002/6002 6003/6003/6003
f 6026/6026/6026 6025/6025/6025 6002/6002/6002
f 6002/6002/6002 6025/6025/6025 6001/6001/6001
f 6002/6002/6002 6001/6001/6001 5978/5978/5978
f 6002/6002/6002 5978/5978/5978 5979/5979/5979
f 6003/6003/6003 6002/6002/6002 5979/5979/5979
f 6003/6003/6003 5979/5979/5979 5980/5980/5980
f 6004/6004/6004 6003/6003/6003 5980/5980/5980
f 6004/6004/6004 5980/5980/5980 5981/5981/5981
f 6005/6005/6005 6004/6004/6004 5981/5981/5981
f 6005/6005/6005 5981/5981/5981 5982/5982/5982
f 5982/5982/5982 5981/5981/5981 5959/5959/5959
f 5982/5982/5982 5959/5959/5959 5960/5960/5960
f 5983/5983/5983 5982/5982/5982 5960/5960/5960
f 5983/5983/5983 5960/5960/5960 5961/5961/5961
f 5984/5984/5984 5983/5983/5983 5961/5961/5961
f 5984/5984/5984 5961/5961/5961 5962/5962/5962
f 5985/5985/5985 5984/5984/5984 5962/5962/5962
f 5985/5985/5985 5962/5962/5962 5963/5963/5963
f 5963/5963/5963 5962/5962/5962 5941/5941/5941
f 5963/5963/5963 5941/5941/5941 5942/5942/5942
f 5942/5942/5942 5941/5941/5941 5922/5922/5922
f 5942/5942/5942 5922/5922/5922 5923/5923/5923
f 5923/5923/5923 5922/5922/5922 5905/5905/5905
f 5923/5923/5923 5905/5905/5905 5906/5906/5906
f 5906/5906/5906 5905/5905/5905 5889/5889/5889
f 5906/5906/5906 5889/5889/5889 5890/5890/5890
f 5890/5890/5890 5889/5889/5889 5876/5876/5876
f 5890/5890/5890 5876/5876/5876 5877/5877/5877
f 5877/5877/5877 5876/5876/5876 5733/5733/5733
f 5877/5877/5877 5733/5733/5733 5732/5732/5732
f 5731/5731/5731 5877/5877/5877 5732/5732/5732
f 5876/5876/5876 5734/5734/5734 5733/5733/5733
f 5876/5876/5876 5735/5735/5735 5734/5734/5734
f 5876/5876/5876 5736/5736/5736 5735/5735/5735
f 5876/5876/5876 5875/5875/5875 5736/5736/5736
f 5889/5889/5889 5875/5875/5875 5876/5876/5876
f 5889/5889/5889 5888/5888/5888 5875/5875/5875
f 5905/5905/5905 5888/5888/5888 5889/5889/5889
f 5905/5905/5905 5904/5904/5904 5888/5888/5888
f 5922/5922/5922 5904/5904/5904 5905/5905/5905
f 5922/5922/5922 5921/5921/5921 5904/5904/5904
f 5941/5941/5941 5921/5921/5921 5922/5922/5922
f 5941/5941/5941 5940/5940/5940 5921/5921/5921
f 5962/5962/5962 5940/5940/5940 5941/5941/5941
f 5962/5962/5962 5961/5961/5961 5940/5940/5940
f 5961/5961/5961 5939/5939/5939 5940/5940/5940
f 5961/5961/5961 5960/5960/5960 5939/5939/5939
f 5960/5960/5960 5938/5938/5938 5939/5939/5939
f 5960/5960/5960 5959/5959/5959 5938/5938/5938
f 5959/5959/5959 5937/5937/5937 5938/5938/5938
f 5959/5959/5959 5958/5958/5958 5937/5937/5937
f 5981/5981/5981 5958/5958/5958 5959/5959/5959
f 5981/5981/5981 5980/5980/5980 5958/5958/5958
f 5980/5980/5980 5957/5957/5957 5958/5958/5958
f 5980/5980/5980 5979/5979/5979 5957/5957/5957
f 5979/5979/5979 5956/5956/5956 5957/5957/5957
f 5979/5979/5979 5978/5978/5978 5956/5956/5956
f 5978/5978/5978 5955/5955/5955 5956/5956/5956
f 5978/5978/5978 5977/5977/5977 5955/5955/5955
f 6001/6001/6001 5977/5977/5977 5978/5978/5978
f 5956/5956/5956 5955/5955/5955 5934/5934/5934
f 5956/5956/5956 5934/5934/5934 5935/5935/5935
f 5957/5957/5957 5956/5956/5956 5935/5935/5935
f 5957/5957/5957 5935/5935/5935 5936/5936/5936
f 5958/5958/5958 5957/5957/5957 5936/5936/5936
f 5958/5958/5958 5936/5936/5936 5937/5937/5937
f 5937/5937/5937 5936/5936/5936 5917/5917/5917
f 5937/5937/5937 5917/5917/5917 5918/5918/5918
f 5938/5938/5938 5937/5937/5937 5918/5918/5918
f 5938/5938/5938 5918/5918/5918 5919/5919/5919
f 5939/5939/5939 5938/5938/5938 5919/5919/5919
f 5939/5939/5939 5919/5919/5919 5920/5920/5920
f 5940/5940/5940 5939/5939/5939 5920/5920/5920
f 5940/5940/5940 5920/5920/5920 5921/5921/5921
f 5921/5921/5921 5920/5920/5920 5903/5903/5903
f 5921/5921/5921 5903/5903/5903 5904/5904/5904
f 5904/5904/5904 5903/5903/5903 5887/5887/5887
f 5904/5904/5904 5887/5887/5887 5888/5888/5888
f 5888/5888/5888 5887/5887/5887 5874/5874/5874
f 5888/5888/5888 5874/5874/5874 5875/5875/5875
f 5875/5875/5875 5874/5874/5874 5864/5864/5864
f 5875/5875/5875 5864/5864/5864 5737/5737/5737
f 5875/5875/5875 5737/5737/5737 5736/5736/5736
f 5737/5737/5737 5864/5864/5864 5738/5738/5738
f 5864/5864/5864 5739/5739/5739 5738/5738/5738
f 5740/5740/5740 5739/5739/5739 5864/5864/5864
f 5863/5863/5863 5740/5740/5740 5864/5864/5864
f 5863/5863/5863 5741/5741/5741 5740/5740/5740
f 5863/5863/5863 5742/5742/5742 5741/5741/5741
f 5743/5743/5743 5742/5742/5742 5863/5863/5863
f 5862/5862/5862 5743/5743/5743 5863/5863/5863
f 5862/5862/5862 5744/5744/5744 5743/5743/5743
f 5862/5862/5862 5745/5745/5745 5744/5744/5744
f 5746/5746/5746 5745/5745/5745 5862/5862/5862
f 5861/5861/5861 5746/5746/5746 5862/5862/5862
f 5861/5861/5861 5747/5747/5747 5746/5746/5746
f 5861/5861/5861 5748/5748/5748 5747/5747/5747
f 5860/5860/5860 5748/5748/5748 5861/5861/5861
f 5860/5860/5860 5854/5854/5854 5748/5748/5748
f 5860/5860/5860 5859/5859/5859 5854/5854/5854
f 5870/5870/5870 5859/5859/5859 5860/5860/5860
f 5870/5870/5870 5869/5869/5869 5859/5859/5859
f 5883/5883/5883 5869/5869/5869 5870/5870/5870
f 5883/5883/5883 5882/5882/5882 5869/5869/5869
f 5899/5899/5899 5882/5882/5882 5883/5883/5883
f 5899/5899/5899 5898/5898/5898 5882/5882/5882
f 5916/5916/5916 5898/5898/5898 5899/5899/5899
f 5916/5916/5916 5915/5915/5915 5898/5898/5898
f 5935/5935/5935 5915/5915/5915 5916/5916/5916
f 5935/5935/5935 5934/5934/5934 5915/5915/5915
f 5934/5934/5934 5914/5914/5914 5915/5915/5915
f 5934/5934/5934 5933/5933/5933 5914/5914/5914
f 5955/5955/5955 5933/5933/5933 5934/5934/5934
f 5933/5933/5933 5913/5913/5913 5914/5914/5914
f 5933/5933/5933 5932/5932/5932 5913/5913/5913
f 5914/5914/5914 5913/5913/5913 5896/5896/5896
f 5914/5914/5914 5896/5896/5896 5897/5897/5897
f 5915/5915/5915 5914/5914/5914 5897/5897/5897
f 5915/5915/5915 5897/5897/5897 5898/5898/5898
f 5898/5898/5898 5897/5897/5897 5881/5881/5881
f 5898/5898/5898 5881/5881/5881 5882/5882/5882
f 5882/5882/5882 5881/5881/5881 5868/5868/5868
f 5882/5882/5882 5868/5868/5868 5869/5869/5869
f 5869/5869/5869 5868/5868/5868 5858/5858/5858
f 5869/5869/5869 5858/5858/5858 5859/5859/5859
f 5859/5859/5859 5858/5858/5858 5853/5853/5853
f 5859/5859/5859 5853/5853/5853 5854/5854/5854
f 5853/5853/5853 5751/5751/5751 5854/5854/5854
f 5853/5853/5853 5752/5752/5752 5751/5751/5751
f 5853/5853/5853 5753/5753/5753 5752/5752/5752
f 5751/5751/5751 5750/5750/5750 5854/5854/5854
f 5854/5854/5854 5750/5750/5750 5749/5749/5749
f 5854/5854/5854 5749/5749/5749 5748/5748/5748
f 5858/5858/5858 5852/5852/5852 5853/5853/5853
f 5868/5868/5868 5857/5857/5857 5858/5858/5858
f 5868/5868/5868 5867/5867/5867 5857/5857/5857
f 5881/5881/5881 5867/5867/5867 5868/5868/5868
f 5881/5881/5881 5880/5880/5880 5867/5867/5867
f 5897/5897/5897 5880/5880/5880 5881/5881/5881
f 5897/5897/5897 5896/5896/5896 5880/5880/5880
f 5936/5936/5936 5935/5935/5935 5916/5916/5916
f 5936/5936/5936 5916/5916/5916 5917/5917/5917
f 5917/5917/5917 5916/5916/5916 5899/5899/5899
f 5917/5917/5917 5899/5899/5899 5900/5900/5900
f 5918/5918/5918 5917/5917/5917 5900/5900/5900
f 5918/5918/5918 5900/5900/5900 5901/5901/5901
f 5919/5919/5919 5918/5918/5918 5901/5901/5901
f 5919/5919/5919 5901/5901/5901 5902/5902/5902
f 5920/5920/5920 5919/5919/5919 5902/5902/5902
f 5920/5920/5920 5902/5902/5902 5903/5903/5903
f 5903/5903/5903 5902/5902/5902 5886/5886/5886
f 5903/5903/5903 5886/5886/5886 5887/5887/5887
f 5887/5887/5887 5886/5886/5886 5873/5873/5873
f 5887/5887/5887 5873/5873/5873 5874/5874/5874
f 5874/5874/5874 5873/5873/5873 5863/5863/5863
f 5874/5874/5874 5863/5863/5863 5864/5864/5864
f 5873/5873/5873 5862/5862/5862 5863/5863/5863
f 5873/5873/5873 5872/5872/5872 5862/5862/5862
f 5886/5886/5886 5872/5872/5872 5873/5873/5873
f 5886/5886/5886 5885/5885/5885 5872/5872/5872
f 5902/5902/5902 5885/5885/5885 5886/5886/5886
f 5902/5902/5902 5901/5901/5901 5885/5885/5885
f 5901/5901/5901 5884/5884/5884 5885/5885/5885
f 5901/5901/5901 5900/5900/5900 5884/5884/5884
f 5900/5900/5900 5883/5883/5883 5884/5884/5884
f 5900/5900/5900 5899/5899/5899 5883/5883/5883
f 5884/5884/5884 5883/5883/5883 5870/5870/5870
f 5884/5884/5884 5870/5870/5870 5871/5871/5871
f 5885/5885/5885 5884/5884/5884 5871/5871/5871
f 5885/5885/5885 5871/5871/5871 5872/5872/5872
f 5872/5872/5872 5871/5871/5871 5861/5861/5861
f 5872/5872/5872 5861/5861/5861 5862/5862/5862
f 5871/5871/5871 5860/5860/5860 5861/5861/5861
f 5871/5871/5871 5870/5870/5870 5860/5860/5860
f 6159/6159/6159 6158/6158/6158 6134/6134/6134
f 6159/6159/6159 6134/6134/6134 6135/6135/6135
f 6135/6135/6135 6134/6134/6134 6110/6110/6110
f 6135/6135/6135 6110/6110/6110 6111/6111/6111
f 6136/6136/6136 6135/6135/6135 6111/6111/6111
f 6136/6136/6136 6111/6111/6111 6112/6112/6112
f 6112/6112/6112 6111/6111/6111 6087/6087/6087
f 6112/6112/6112 6087/6087/6087 6088/6088/6088
f 6088/6088/6088 6087/6087/6087 6063/6063/6063
f 6088/6088/6088 6063/6063/6063 6064/6064/6064
f 6064/6064/6064 6063/6063/6063 6039/6039/6039
f 6064/6064/6064 6039/6039/6039 6040/6040/6040
f 6065/6065/6065 6064/6064/6064 6040/6040/6040
f 6065/6065/6065 6040/6040/6040 6041/6041/6041
f 6041/6041/6041 6040/6040/6040 6017/6017/6017
f 6041/6041/6041 6017/6017/6017 6018/6018/6018
f 6018/6018/6018 6017/6017/6017 5994/5994/5994
f 6018/6018/6018 5994/5994/5994 5995/5995/5995
f 5995/5995/5995 5994/5994/5994 5972/5972/5972
f 5995/5995/5995 5972/5972/5972 5973/5973/5973
f 5973/5973/5973 5972/5972/5972 5951/5951/5951
f 5973/5973/5973 5951/5951/5951 5952/5952/5952
f 5972/5972/5972 5950/5950/5950 5951/5951/5951
f 5972/5972/5972 5971/5971/5971 5950/5950/5950
f 5994/5994/5994 5971/5971/5971 5972/5972/5972
f 5994/5994/5994 5993/5993/5993 5971/5971/5971
f 6017/6017/6017 5993/5993/5993 5994/5994/5994
f 6017/6017/6017 6016/6016/6016 5993/5993/5993
f 6040/6040/6040 6016/6016/6016 6017/6017/6017
f 6040/6040/6040 6039/6039/6039 6016/6016/6016
f 6039/6039/6039 6015/6015/6015 6016/6016/6016
f 6039/6039/6039 6038/6038/6038 6015/6015/6015
f 6063/6063/6063 6038/6038/6038 6039/6039/6039
f 6063/6063/6063 6062/6062/6062 6038/6038/6038
f 6087/6087/6087 6062/6062/6062 6063/6063/6063
f 6087/6087/6087 6086/6086/6086 6062/6062/6062
f 6111/6111/6111 6086/6086/6086 6087/6087/6087
f 6111/6111/6111 6110/6110/6110 6086/6086/6086
f 6016/6016/6016 6015/6015/6015 5992/5992/5992
f 6016/6016/6016 5992/5992/5992 5993/5993/5993
f 5993/5993/5993 5992/5992/5992 5970/5970/5970
f 5993/5993/5993 5970/5970/5970 5971/5971/5971
f 5971/5971/5971 5970/5970/5970 5949/5949/5949
f 5971/5971/5971 5949/5949/5949 5950/5950/5950
f 5950/5950/5950 5949/5949/5949 5930/5930/5930
f 6023/6023/6023 5705/5705/5705 5704/5704/5704
f 6232/6232/6232 5676/5676/5676 5675/5675/5675
f 6232/6232/6232 5675/5675/5675 5674/5674/5674
f 6232/6232/6232 5674/5674/5674 5673/5673/5673
f 6611/6611/6611 6610/6610/6610 6581/6581/6581
f 6611/6611/6611 6581/6581/6581 6582/6582/6582
f 6582/6582/6582 6581/6581/6581 6552/6552/6552
f 6582/6582/6582 6552/6552/6552 6553/6553/6553
f 6553/6553/6553 6552/6552/6552 6523/6523/6523
f 6553/6553/6553 6523/6523/6523 6524/6524/6524
f 6524/6524/6524 6523/6523/6523 6495/6495/6495
f 6524/6524/6524 6495/6495/6495 6496/6496/6496
f 6496/6496/6496 6495/6495/6495 6467/6467/6467
f 6496/6496/6496 6467/6467/6467 6468/6468/6468
f 6468/6468/6468 6467/6467/6467 6440/6440/6440
f 6468/6468/6468 6440/6440/6440 6441/6441/6441
f 6441/6441/6441 6440/6440/6440 6413/6413/6413
f 6441/6441/6441 6413/6413/6413 6414/6414/6414
f 6414/6414/6414 6413/6413/6413 6387/6387/6387
f 6414/6414/6414 6387/6387/6387 6388/6388/6388
f 6388/6388/6388 6387/6387/6387 6361/6361/6361
f 6388/6388/6388 6361/6361/6361 6362/6362/6362
f 6362/6362/6362 6361/6361/6361 6335/6335/6335
f 6362/6362/6362 6335/6335/6335 6336/6336/6336
f 6336/6336/6336 6335/6335/6335 6309/6309/6309
f 6336/6336/6336 6309/6309/6309 6310/6310/6310
f 6310/6310/6310 6309/6309/6309 6283/6283/6283
f 6310/6310/6310 6283/6283/6283 6284/6284/6284
f 6284/6284/6284 6283/6283/6283 6258/6258/6258
f 6284/6284/6284 6258/6258/6258 6259/6259/6259
f 6285/6285/6285 5669/5669/5669 5668/5668/5668
f 6764/6764/6764 6763/6763/6763 6733/6733/6733
f 6764/6764/6764 6733/6733/6733 6734/6734/6734
f 6765/6765/6765 6764/6764/6764 6734/6734/6734
f 6765/6765/6765 6734/6734/6734 6735/6735/6735
f 6766/6766/6766 6765/6765/6765 6735/6735/6735
f 6766/6766/6766 6735/6735/6735 6736/6736/6736
f 6736/6736/6736 6735/6735/6735 6706/6706/6706
f 6736/6736/6736 6706/6706/6706 6707/6707/6707
f 6707/6707/6707 6706/6706/6706 6677/6677/6677
f 6707/6707/6707 6677/6677/6677 6678/6678/6678
f 6678/6678/6678 6677/6677/6677 6648/6648/6648
f 6678/6678/6678 6648/6648/6648 6649/6649/6649
f 6649/6649/6649 6648/6648/6648 6619/6619/6619
f 6649/6649/6649 6619/6619/6619 6620/6620/6620
f 6620/6620/6620 6619/6619/6619 6590/6590/6590
f 6620/6620/6620 6590/6590/6590 6591/6591/6591
f 6591/6591/6591 6590/6590/6590 6561/6561/6561
f 6591/6591/6591 6561/6561/6561 6562/6562/6562
f 6562/6562/6562 6561/6561/6561 6532/6532/6532
f 6562/6562/6562 6532/6532/6532 6533/6533/6533
f 6533/6533/6533 6532/6532/6532 6504/6504/6504
f 6533/6533/6533 6504/6504/6504 6505/6505/6505
f 6505/6505/6505 6504/6504/6504 6476/6476/6476
f 6505/6505/6505 6476/6476/6476 6477/6477/6477
f 6477/6477/6477 6476/6476/6476 6449/6449/6449
f 6477/6477/6477 6449/6449/6449 6450/6450/6450
f 6450/6450/6450 6449/6449/6449 6422/6422/6422
f 6450/6450/6450 6422/6422/6422 6423/6423/6423
f 6449/6449/6449 6421/6421/6421 6422/6422/6422
f 6449/6449/6449 6448/6448/6448 6421/6421/6421
f 6476/6476/6476 6448/6448/6448 6449/6449/6449
f 6476/6476/6476 6475/6475/6475 6448/6448/6448
f 6504/6504/6504 6475/6475/6475 6476/6476/6476
f 6504/6504/6504 6503/6503/6503 6475/6475/6475
f 6532/6532/6532 6503/6503/6503 6504/6504/6504
f 6532/6532/6532 6531/6531/6531 6503/6503/6503
f 6561/6561/6561 6531/6531/6531 6532/6532/6532
f 6561/6561/6561 6560/6560/6560 6531/6531/6531
f 6590/6590/6590 6560/6560/6560 6561/6561/6561
f 6590/6590/6590 6589/6589/6589 6560/6560/6560
f 6619/6619/6619 6589/6589/6589 6590/6590/6590
f 6619/6619/6619 6618/6618/6618 6589/6589/6589
f 6648/6648/6648 6618/6618/6618 6619/6619/6619
f 6648/6648/6648 6647/6647/6647 6618/6618/6618
f 6677/6677/6677 6647/6647/6647 6648/6648/6648
f 6677/6677/6677 6676/6676/6676 6647/6647/6647
f 6706/6706/6706 6676/6676/6676 6677/6677/6677
f 6706/6706/6706 6705/6705/6705 6676/6676/6676
f 6735/6735/6735 6705/6705/6705 6706/6706/6706
f 6735/6735/6735 6734/6734/6734 6705/6705/6705
f 6734/6734/6734 6704/6704/6704 6705/6705/6705
f 6734/6734/6734 6733/6733/6733 6704/6704/6704
f 6705/6705/6705 6704/6704/6704 6675/6675/6675
f 6705/6705/6705 6675/6675/6675 6676/6676/6676
f 6676/6676/6676 6675/6675/6675 6646/6646/6646
f 6676/6676/6676 6646/6646/6646 6647/6647/6647
f 6647/6647/6647 6646/6646/6646 6617/6617/6617
f 6647/6647/6647 6617/6617/6617 6618/6618/6618
f 6618/6618/6618 6617/6617/6617 6588/6588/6588
f 6618/6618/6618 6588/6588/6588 6589/6589/6589
f 6589/6589/6589 6588/6588/6588 6559/6559/6559
f 6589/6589/6589 6559/6559/6559 6560/6560/6560
f 6560/6560/6560 6559/6559/6559 6530/6530/6530
f 6560/6560/6560 6530/6530/6530 6531/6531/6531
f 6531/6531/6531 6530/6530/6530 6502/6502/6502
f 6531/6531/6531 6502/6502/6502 6503/6503/6503
f 6503/6503/6503 6502/6502/6502 6474/6474/6474
f 6503/6503/6503 6474/6474/6474 6475/6475/6475
f 6475/6475/6475 6474/6474/6474 6447/6447/6447
f 6475/6475/6475 6447/6447/6447 6448/6448/6448
f 6448/6448/6448 6447/6447/6447 6420/6420/6420
f 6448/6448/6448 6420/6420/6420 6421/6421/6421
f 6421/6421/6421 6420/6420/6420 6394/6394/6394
f 6421/6421/6421 6394/6394/6394 6395/6395/6395
f 6422/6422/6422 6421/6421/6421 6395/6395/6395
f 6395/6395/6395 6394/6394/6394 6368/6368/6368
f 6799/6799/6799 6798/6798/6798 6768/6768/6768
f 6799/6799/6799 6768/6768/6768 6769/6769/6769
f 6769/6769/6769 6768/6768/6768 6738/6738/6738
f 6769/6769/6769 6738/6738/6738 6739/6739/6739
f 6739/6739/6739 6738/6738/6738 6709/6709/6709
f 6739/6739/6739 6709/6709/6709 6710/6710/6710
f 6710/6710/6710 6709/6709/6709 6680/6680/6680
f 6710/6710/6710 6680/6680/6680 6681/6681/6681
f 6681/6681/6681 6680/6680/6680 6651/6651/6651
f 6681/6681/6681 6651/6651/6651 6652/6652/6652
f 6652/6652/6652 6651/6651/6651 6622/6622/6622
f 6652/6652/6652 6622/6622/6622 6623/6623/6623
f 6623/6623/6623 6622/6622/6622 6593/6593/6593
f 6623/6623/6623 6593/6593/6593 6594/6594/6594
f 6594/6594/6594 6593/6593/6593 6564/6564/6564
f 6594/6594/6594 6564/6564/6564 6565/6565/6565
f 6565/6565/6565 6564/6564/6564 6535/6535/6535
f 6565/6565/6565 6535/6535/6535 6536/6536/6536
f 6536/6536/6536 6535/6535/6535 6507/6507/6507
f 6536/6536/6536 6507/6507/6507 6508/6508/6508
f 6508/6508/6508 6507/6507/6507 6479/6479/6479
f 6508/6508/6508 6479/6479/6479 6480/6480/6480
f 6862/6862/6862 6861/6861/6861 6831/6831/6831
f 6862/6862/6862 6831/6831/6831 6832/6832/6832
f 6832/6832/6832 6831/6831/6831 6801/6801/6801
f 6832/6832/6832 6801/6801/6801 6802/6802/6802
f 6802/6802/6802 6801/6801/6801 6771/6771/6771
f 6802/6802/6802 6771/6771/6771 6772/6772/6772
f 6772/6772/6772 6771/6771/6771 6741/6741/6741
f 6772/6772/6772 6741/6741/6741 6742/6742/6742
f 6742/6742/6742 6741/6741/6741 6712/6712/6712
f 6742/6742/6742 6712/6712/6712 6713/6713/6713
f 6713/6713/6713 6712/6712/6712 6683/6683/6683
f 6713/6713/6713 6683/6683/6683 6684/6684/6684
f 6684/6684/6684 6683/6683/6683 6654/6654/6654
f 6684/6684/6684 6654/6654/6654 6655/6655/6655
f 6655/6655/6655 6654/6654/6654 6625/6625/6625
f 6655/6655/6655 6625/6625/6625 6626/6626/6626
f 6626/6626/6626 6625/6625/6625 6596/6596/6596
f 6626/6626/6626 6596/6596/6596 6597/6597/6597
f 6597/6597/6597 6596/6596/6596 6567/6567/6567
f 6597/6597/6597 6567/6567/6567 6568/6568/6568
f 6568/6568/6568 6567/6567/6567 6538/6538/6538
f 6569/6569/6569 5641/5641/5641 5640/5640/5640
f 6569/6569/6569 5640/5640/5640 5639/5639/5639
f 5638/5638/5638 6569/6569/6569 5639/5639/5639
f 6927/6927/6927 6926/6926/6926 6895/6895/6895
f 6927/6927/6927 6895/6895/6895 6896/6896/6896
f 6896/6896/6896 6895/6895/6895 6864/6864/6864
f 6896/6896/6896 6864/6864/6864 6865/6865/6865
f 6865/6865/6865 6864/6864/6864 6834/6834/6834
f 6865/6865/6865 6834/6834/6834 6835/6835/6835
f 6835/6835/6835 6834/6834/6834 6804/6804/6804
f 6835/6835/6835 6804/6804/6804 6805/6805/6805
f 6805/6805/6805 6804/6804/6804 6774/6774/6774
f 6805/6805/6805 6774/6774/6774 6775/6775/6775
f 6775/6775/6775 6774/6774/6774 6744/6744/6744
f 6775/6775/6775 6744/6744/6744 6745/6745/6745
f 6745/6745/6745 6744/6744/6744 6715/6715/6715
f 6745/6745/6745 6715/6715/6715 6716/6716/6716
f 6716/6716/6716 6715/6715/6715 6686/6686/6686
f 6716/6716/6716 6686/6686/6686 6687/6687/6687
f 6687/6687/6687 6686/6686/6686 6657/6657/6657
f 6687/6687/6687 6657/6657/6657 6658/6658/6658
f 6658/6658/6658 6657/6657/6657 6628/6628/6628
f 6658/6658/6658 6628/6628/6628 6629/6629/6629
f 6629/6629/6629 6628/6628/6628 6599/6599/6599
f 6659/6659/6659 5632/5632/5632 5631/5631/5631
f 5630/5630/5630 6659/6659/6659 5631/5631/5631
f 6719/6719/6719 5627/5627/5627 5626/5626/5626
f 6719/6719/6719 5626/5626/5626 5625/5625/5625
f 7048/7048/7048 7047/7047/7047 7020/7020/7020
f 7048/7048/7048 7020/7020/7020 7021/7021/7021
f 7021/7021/7021 7020/7020/7020 6991/6991/6991
f 7021/7021/7021 6991/6991/6991 6992/6992/6992
f 7022/7022/7022 7021/7021/7021 6992/6992/6992
f 7022/7022/7022 6992/6992/6992 6993/6993/6993
f 6993/6993/6993 6992/6992/6992 6962/6962/6962
f 6993/6993/6993 6962/6962/6962 6963/6963/6963
f 6994/6994/6994 6993/6993/6993 6963/6963/6963
f 6994/6994/6994 6963/6963/6963 6964/6964/6964
f 6995/6995/6995 6994/6994/6994 6964/6964/6964
f 6995/6995/6995 6964/6964/6964 6965/6965/6965
f 6965/6965/6965 6964/6964/6964 6934/6934/6934
f 6965/6965/6965 6934/6934/6934 6935/6935/6935
f 6966/6966/6966 6965/6965/6965 6935/6935/6935
f 6966/6966/6966 6935/6935/6935 6936/6936/6936
f 6936/6936/6936 6935/6935/6935 6904/6904/6904
f 6936/6936/6936 6904/6904/6904 6905/6905/6905
f 6905/6905/6905 6904/6904/6904 6873/6873/6873
f 6905/6905/6905 6873/6873/6873 6874/6874/6874
f 6905/6905/6905 6874/6874/6874 6906/6906/6906
f 6874/6874/6874 6873/6873/6873 6843/6843/6843
f 6873/6873/6873 6842/6842/6842 6843/6843/6843
f 6873/6873/6873 6872/6872/6872 6842/6842/6842
f 6904/6904/6904 6872/6872/6872 6873/6873/6873
f 6904/6904/6904 6903/6903/6903 6872/6872/6872
f 6935/6935/6935 6903/6903/6903 6904/6904/6904
f 6935/6935/6935 6934/6934/6934 6903/6903/6903
f 6934/6934/6934 6902/6902/6902 6903/6903/6903
f 6934/6934/6934 6933/6933/6933 6902/6902/6902
f 6964/6964/6964 6933/6933/6933 6934/6934/6934
f 6964/6964/6964 6963/6963/6963 6933/6933/6933
f 6963/6963/6963 6932/6932/6932 6933/6933/6933
f 6963/6963/6963 6962/6962/6962 6932/6932/6932
f 6962/6962/6962 6931/6931/6931 6932/6932/6932
f 6962/6962/6962 6961/6961/6961 6931/6931/6931
f 6992/6992/6992 6961/6961/6961 6962/6962/6962
f 6992/6992/6992 6991/6991/6991 6961/6961/6961
f 6932/6932/6932 6931/6931/6931 6900/6900/6900
f 6932/6932/6932 6900/6900/6900 6901/6901/6901
f 6933/6933/6933 6932/6932/6932 6901/6901/6901
f 6933/6933/6933 6901/6901/6901 6902/6902/6902
f 6902/6902/6902 6901/6901/6901 6870/6870/6870
f 6902/6902/6902 6870/6870/6870 6871/6871/6871
f 6903/6903/6903 6902/6902/6902 6871/6871/6871
f 6903/6903/6903 6871/6871/6871 6872/6872/6872
f 6872/6872/6872 6871/6871/6871 6841/6841/6841
f 6872/6872/6872 6841/6841/6841 6842/6842/6842
f 6842/6842/6842 6841/6841/6841 6811/6811/6811
f 6842/6842/6842 6811/6811/6811 6812/6812/6812
f 6843/6843/6843 6842/6842/6842 6812/6812/6812
f 6812/6812/6812 6811/6811/6811 6781/6781/6781
f 6811/6811/6811 6780/6780/6780 6781/6781/6781
f 6811/6811/6811 6810/6810/6810 6780/6780/6780
f 6841/6841/6841 6810/6810/6810 6811/6811/6811
f 6841/6841/6841 6840/6840/6840 6810/6810/6810
f 6871/6871/6871 6840/6840/6840 6841/6841/6841
f 6871/6871/6871 6870/6870/6870 6840/6840/6840
f 6870/6870/6870 6839/6839/6839 6840/6840/6840
f 6870/6870/6870 6869/6869/6869 6839/6839/6839
f 6901/6901/6901 6869/6869/6869 6870/6870/6870
f 6901/6901/6901 6900/6900/6900 6869/6869/6869
f 6840/6840/6840 6839/6839/6839 6809/6809/6809
f 6840/6840/6840 6809/6809/6809 6810/6810/6810
f 6810/6810/6810 6809/6809/6809 6779/6779/6779
f 6810/6810/6810 6779/6779/6779 6780/6780/6780
f 6780/6780/6780 6779/6779/6779 6749/6749/6749
f 6780/6780/6780 6749/6749/6749 6750/6750/6750
f 6781/6781/6781 6780/6780/6780 6750/6750/6750
f 5608/5608/5608 5607/5607/5607 6937/6937/6937
f 5606/5606/5606 6937/6937/6937 5607/5607/5607
f 5605/5605/5605 6937/6937/6937 5606/5606/5606
f 7028/7028/7028 7027/7027/7027 6998/6998/6998
f 5540/5540/5540 7205/7205/7205 5541/5541/5541
f 5539/5539/5539 7205/7205/7205 5540/5540/5540
f 5539/5539/5539 5538/5538/5538 7205/7205/7205
f 7190/7190/7190 7174/7174/7174 5529/5529/5529
f 5527/5527/5527 7174/7174/7174 7190/7190/7190
f 5527/5527/5527 5526/5526/5526 7174/7174/7174
f 5528/5528/5528 5527/5527/5527 7190/7190/7190
f 5529/5529/5529 5528/5528/5528 7190/7190/7190
f 5513/5513/5513 5512/5512/5512 7110/7110/7110
f 5510/5510/5510 5509/5509/5509 7085/7085/7085
