# Converted from Unity .dat mesh: Spline Mesh
# Vertices: 6867, Triangles: 7732

o Spline_Mesh

v -10.481750 -0.112522 -8.681152
v -10.274414 -0.127079 -8.907349
v -10.048157 -0.143763 -9.088989
v -9.814758 -0.162146 -9.236938
v -9.584900 -0.178675 -9.362549
v -9.367493 -0.194496 -9.478027
v -9.164551 -0.205872 -9.583496
v -8.968933 -0.208086 -9.671875
v -8.774170 -0.211851 -9.744385
v -8.572998 -0.216722 -9.802856
v -8.358582 -0.222878 -9.848999
v -8.130066 -0.228855 -9.884399
v -7.892273 -0.222292 -9.907471
v -7.645813 -0.215883 -9.916748
v -7.391724 -0.210339 -9.910278
v -7.131775 -0.205284 -9.886353
v -6.862915 -0.197704 -9.845947
v -6.584351 -0.188639 -9.789795
v -6.300049 -0.180494 -9.717163
v -6.015015 -0.173489 -9.626343
v -5.734375 -0.159361 -9.516479
v -5.447876 -0.144327 -9.382080
v -5.152405 -0.129631 -9.223999
v -4.863586 -0.116058 -9.050415
v -4.597290 -0.086893 -8.869507
v -4.369507 -0.057810 -8.689453
v -4.182678 -0.034863 -8.512939
v -4.026306 -0.016195 -8.334351
v -3.897400 -0.002163 -8.149170
v -3.793640 0.007435 -7.953247
v -3.712219 0.012909 -7.742065
v -3.660278 0.012432 -7.507080
v -3.639954 -0.005077 -7.254639
v -3.640869 -0.027884 -6.998413
v -3.651611 -0.051205 -6.750610
v -3.662476 -0.072805 -6.522461
v -3.674500 -0.094210 -6.315186
v -3.694519 -0.122686 -6.121094
v -3.720520 -0.151360 -5.935547
v -3.751221 -0.180452 -5.752319
v -3.784790 -0.210617 -5.564453
v -3.826904 -0.242687 -5.371094
v -3.878113 -0.272930 -5.178955
v -3.930054 -0.304808 -4.989136
v -3.974609 -0.335470 -4.800781
v -4.004700 -0.364050 -4.613037
v -4.015076 -0.389521 -4.422852
v -4.011047 -0.410574 -4.228394
v -4.000488 -0.433514 -4.029907
v -3.991821 -0.459297 -3.828003
v -3.994019 -0.486572 -3.624634
v -4.013367 -0.515850 -3.421509
v -4.043945 -0.539337 -3.220947
v -4.075745 -0.559473 -3.024048
v -4.098816 -0.577993 -2.831787
v -4.104431 -0.594919 -2.642456
v -4.094604 -0.610657 -2.453247
v -4.075806 -0.624557 -2.264771
v -4.044922 -0.633930 -2.078491
v -3.998962 -0.642349 -1.894653
v -3.934509 -0.648863 -1.713013
v -3.845276 -0.654568 -1.524780
v -3.732727 -0.659531 -1.329590
v -3.606262 -0.664183 -1.138550
v -3.475220 -0.668116 -0.963745
v -3.349670 -0.670803 -0.816772
v -3.232178 -0.671070 -0.703247
v -3.115723 -0.670195 -0.614746
v -2.995850 -0.668524 -0.541626
v -2.868042 -0.666204 -0.476074
v -2.730042 -0.663469 -0.410767
v -2.584900 -0.660400 -0.346558
v -2.434509 -0.659208 -0.289307
v -2.277039 -0.657713 -0.237915
v -2.110962 -0.655733 -0.192871
v -1.934265 -0.653271 -0.153442
v -1.740540 -0.645523 -0.114136
v -1.532654 -0.636663 -0.075684
v -1.321350 -0.631620 -0.046509
v -1.116516 -0.627403 -0.034912
v -0.927917 -0.621677 -0.048462
v -0.754028 -0.613901 -0.092041
v -0.585388 -0.592941 -0.161011
v -0.419800 -0.569883 -0.248657
v -0.255676 -0.554592 -0.347778
v -0.092285 -0.543905 -0.449829
v 0.069946 -0.536518 -0.553345
v 0.229248 -0.529989 -0.663696
v 0.383911 -0.522549 -0.781250
v 0.531921 -0.510775 -0.906128
v 0.670654 -0.492605 -1.038086
v 0.797180 -0.472261 -1.181274
v 0.914307 -0.453724 -1.336914
v 1.027527 -0.433519 -1.501099
v 1.142212 -0.419575 -1.667969
v 1.262085 -0.412554 -1.830444
v 1.384583 -0.400997 -1.988403
v 1.506653 -0.383394 -2.146362
v 1.631348 -0.366304 -2.303223
v 1.761536 -0.350424 -2.456787
v 1.899170 -0.336115 -2.604858
v 2.045837 -0.323626 -2.744751
v 2.198975 -0.324759 -2.877319
v 2.355164 -0.332077 -3.005005
v 2.511108 -0.332500 -3.130981
v 2.664673 -0.331074 -3.258911
v 2.819763 -0.327999 -3.387085
v 2.977478 -0.324387 -3.512695
v 3.131653 -0.310980 -3.638184
v 3.278015 -0.296076 -3.767578
v 3.412476 -0.289036 -3.905151
v 3.533264 -0.280584 -4.054321
v 3.644226 -0.260740 -4.214355
v 3.750366 -0.230841 -4.381470
v 3.856079 -0.203493 -4.551758
v 3.965576 -0.178303 -4.720215
v 4.077820 -0.154081 -4.885498
v 4.189514 -0.126429 -5.050171
v 4.301392 -0.115017 -5.214722
v 4.413269 -0.096189 -5.379272
v 4.525085 -0.075127 -5.543701
v 4.636902 -0.054029 -5.708374
v 4.748657 -0.031239 -5.873047
v 4.860535 -0.007824 -6.037842
v 4.972778 0.015278 -6.201782
v 5.085449 0.037672 -6.365112
v 5.200439 0.069895 -6.526001
v 5.316772 0.104521 -6.684570
v 5.432068 0.138865 -6.841797
v 5.543823 0.173849 -6.999634
v 5.649841 0.210508 -7.160156
v 5.750122 0.248968 -7.324097
v 5.846375 0.287098 -7.490845
v 5.939209 0.319462 -7.659546
v 6.029785 0.358950 -7.830444
v 6.118042 0.406267 -8.000732
v 6.190674 0.456011 -8.174561
v 6.249512 0.509926 -8.358032
v 6.315308 0.563097 -8.547974
v 6.409363 0.592730 -8.736206
v 6.550232 0.610569 -8.910156
v 6.740845 0.619715 -9.073975
v 6.967896 0.653988 -9.234131
v 7.222900 0.701969 -9.380005
v 7.496277 0.736347 -9.498169
v 7.777283 0.761925 -9.575195
v 8.077087 0.774273 -9.608643
v 8.401245 0.773619 -9.608032
v 8.730957 0.773272 -9.575317
v 9.046631 0.757904 -9.513306
v 9.329529 0.735123 -9.423096
v 9.582581 0.701679 -9.292603
v 9.816101 0.704981 -9.122070
v 10.023987 0.703960 -8.930054
v 10.200684 0.694359 -8.733521
v 10.341553 0.683107 -8.547852
v 10.434387 0.702410 -8.372437
v 10.479492 0.710451 -8.200317
v 10.496094 0.711859 -8.034180
v 10.505310 0.711569 -7.871826
v 10.526611 0.714081 -7.705688
v 10.567566 0.704531 -7.528076
v 10.616211 0.723974 -7.339355
v 10.662048 0.767485 -7.142212
v 10.694336 0.805822 -6.938599
v 10.702026 0.833891 -6.731079
v 10.675964 0.847601 -6.520020
v 10.624146 0.845367 -6.307129
v 10.559875 0.833931 -6.097412
v 10.496033 0.822044 -5.894653
v 10.444153 0.814930 -5.702148
v 10.402527 0.812929 -5.517822
v 10.362976 0.815550 -5.338989
v 10.327637 0.813412 -5.165771
v 10.297852 0.805296 -4.996582
v 10.275513 0.800489 -4.830200
v 10.261475 0.799366 -4.666504
v 10.254578 0.803129 -4.506104
v 10.253052 0.810589 -4.347290
v 10.255493 0.819740 -4.189087
v 10.260010 0.820877 -4.027832
v 10.258911 0.814312 -3.864624
v 10.253479 0.805965 -3.704712
v 10.254761 0.800751 -3.550171
v 10.273621 0.801512 -3.401001
v 10.319519 0.813414 -3.256470
v 10.405701 0.843998 -3.114868
v 10.528992 0.887686 -2.971802
v 10.672791 0.932859 -2.822266
v 10.818542 0.966379 -2.661133
v 10.944885 0.985342 -2.484009
v 11.050232 0.994833 -2.291260
v 11.146912 0.999760 -2.087158
v 11.234497 1.001017 -1.876343
v 11.310730 1.000120 -1.664551
v 11.373779 0.995327 -1.457886
v 11.422485 0.986320 -1.256958
v 11.458069 0.963549 -1.057983
v 11.482239 0.932840 -0.860352
v 11.496460 0.911495 -0.663086
v 11.502625 0.891880 -0.464722
v 11.497803 0.867353 -0.264160
v 11.481018 0.837753 -0.063599
v 11.456360 0.801781 0.135742
v 11.428406 0.767368 0.333496
v 11.401123 0.750231 0.529175
v 11.376770 0.734371 0.724854
v 11.352478 0.718517 0.921387
v 11.324524 0.700127 1.118530
v 11.289246 0.678476 1.315552
v 11.242981 0.662886 1.511597
v 11.182556 0.651293 1.704834
v 11.110657 0.632708 1.893921
v 11.032959 0.608526 2.080322
v 10.954163 0.583696 2.264648
v 10.879272 0.560623 2.448364
v 10.810608 0.548479 2.634644
v 10.744446 0.550159 2.824097
v 10.676025 0.548634 3.014404
v 10.600952 0.542528 3.202759
v 10.514709 0.530165 3.385376
v 10.416321 0.512783 3.560303
v 10.309143 0.491104 3.728516
v 10.195801 0.466106 3.891357
v 10.078674 0.438791 4.050903
v 9.959412 0.403978 4.208862
v 9.836121 0.365810 4.365112
v 9.707764 0.324665 4.518066
v 9.577148 0.285767 4.668213
v 9.446289 0.247490 4.817505
v 9.317505 0.213438 4.967041
v 9.191162 0.180824 5.118652
v 9.065491 0.148836 5.272339
v 8.938660 0.128712 5.425903
v 8.809082 0.108267 5.577637
v 8.675659 0.085329 5.724854
v 8.540405 0.060118 5.868896
v 8.403687 0.062372 6.011475
v 8.262512 0.064083 6.151123
v 8.114441 0.061993 6.284424
v 7.957153 0.054617 6.408813
v 7.788696 0.032303 6.520142
v 7.612183 0.004372 6.619507
v 7.432129 -0.026594 6.711670
v 7.252808 -0.037054 6.801147
v 7.076965 -0.071404 6.893188
v 6.903137 -0.100513 6.988770
v 6.728577 -0.121027 7.084839
v 6.554138 -0.141563 7.180664
v 6.379761 -0.160172 7.276489
v 6.205322 -0.167212 7.372437
v 6.031372 -0.161831 7.468872
v 5.857666 -0.156301 7.565674
v 5.683533 -0.167067 7.662598
v 5.508362 -0.183392 7.758545
v 5.331787 -0.200411 7.852661
v 5.153564 -0.214161 7.944458
v 4.974304 -0.221500 8.034180
v 4.794922 -0.222984 8.122681
v 4.615417 -0.218016 8.210693
v 4.436401 -0.212814 8.299194
v 4.257629 -0.217728 8.388062
v 4.078674 -0.231983 8.477173
v 3.899597 -0.225531 8.566040
v 3.720703 -0.218264 8.654907
v 3.541992 -0.222752 8.743652
v 3.364075 -0.245413 8.833862
v 3.185913 -0.267731 8.926392
v 3.006897 -0.290361 9.018066
v 2.826294 -0.301920 9.106812
v 2.643860 -0.321920 9.189819
v 2.462097 -0.327688 9.265381
v 2.281433 -0.335150 9.335571
v 2.099060 -0.344315 9.401733
v 1.912048 -0.379562 9.465332
v 1.717896 -0.392450 9.527954
v 1.512939 -0.395193 9.592407
v 1.298523 -0.398666 9.657349
v 1.079468 -0.417620 9.719482
v 0.860413 -0.442068 9.774780
v 0.646362 -0.453444 9.818604
v 0.440125 -0.450953 9.848755
v 0.239136 -0.452787 9.867798
v 0.040771 -0.458723 9.879272
v -0.157837 -0.465242 9.886963
v -0.360168 -0.471970 9.894287
v -0.567993 -0.473478 9.903442
v -0.780151 -0.474564 9.911865
v -0.995422 -0.474365 9.916748
v -1.212463 -0.475208 9.915283
v -1.429932 -0.477665 9.903931
v -1.648010 -0.481625 9.883301
v -1.868042 -0.486830 9.855225
v -2.088013 -0.490438 9.819336
v -2.305908 -0.495070 9.775513
v -2.520203 -0.501324 9.723022
v -2.732483 -0.509132 9.657349
v -2.942688 -0.518993 9.578857
v -3.147400 -0.529877 9.495361
v -3.343750 -0.540636 9.413574
v -3.529053 -0.549599 9.340332
v -3.699646 -0.553108 9.281494
v -3.859558 -0.561501 9.231934
v -4.017151 -0.570133 9.181519
v -4.178772 -0.574383 9.120483
v -4.349792 -0.578768 9.039062
v -4.532776 -0.584908 8.934937
v -4.723450 -0.592360 8.814331
v -4.915344 -0.598381 8.682861
v -5.102051 -0.603668 8.546021
v -5.276672 -0.609364 8.409180
v -5.438110 -0.615602 8.271362
v -5.590332 -0.622526 8.129272
v -5.735291 -0.627777 7.984619
v -5.874878 -0.631449 7.838379
v -6.011536 -0.632238 7.691895
v -6.145142 -0.632452 7.545166
v -6.274292 -0.633020 7.396973
v -6.399719 -0.633923 7.247070
v -6.522095 -0.635172 7.094482
v -6.642395 -0.636562 6.937866
v -6.759033 -0.636400 6.777588
v -6.871277 -0.636625 6.614624
v -6.981262 -0.637119 6.448853
v -7.091309 -0.632799 6.279907
v -7.203735 -0.626434 6.107422
v -7.322632 -0.619608 5.927368
v -7.446472 -0.615412 5.739746
v -7.570068 -0.613688 5.549683
v -7.688171 -0.612499 5.361938
v -7.795227 -0.612120 5.181763
v -7.886414 -0.612932 5.012695
v -7.964844 -0.613533 4.852661
v -8.037109 -0.613604 4.696655
v -8.110474 -0.614408 4.539795
v -8.192261 -0.608906 4.375610
v -8.284180 -0.601362 4.200317
v -8.381592 -0.593222 4.017456
v -8.482361 -0.584623 3.831665
v -8.584839 -0.575657 3.647217
v -8.687134 -0.571524 3.468628
v -8.791382 -0.567055 3.297241
v -8.899475 -0.561594 3.129517
v -9.008484 -0.555956 2.962158
v -9.115173 -0.550911 2.792480
v -9.215759 -0.547335 2.618164
v -9.309509 -0.546003 2.440308
v -9.398621 -0.544758 2.260986
v -9.483643 -0.544266 2.079590
v -9.564575 -0.544531 1.896484
v -9.641785 -0.545544 1.711182
v -9.713745 -0.547560 1.523071
v -9.780090 -0.549973 1.332764
v -9.843140 -0.552002 1.141846
v -9.904907 -0.554195 0.951294
v -9.968201 -0.556091 0.762085
v -10.033142 -0.557447 0.573364
v -10.098328 -0.558170 0.384277
v -10.163635 -0.558428 0.195190
v -10.228638 -0.558411 0.005859
v -10.293335 -0.558430 -0.183350
v -10.357727 -0.557383 -0.372559
v -10.421875 -0.554029 -0.561890
v -10.486023 -0.550682 -0.751343
v -10.549805 -0.542150 -0.940674
v -10.613464 -0.532368 -1.130005
v -10.677368 -0.523794 -1.319092
v -10.741638 -0.515156 -1.508301
v -10.805664 -0.506586 -1.697876
v -10.868713 -0.498238 -1.887939
v -10.930115 -0.483419 -2.078125
v -10.990906 -0.467686 -2.268311
v -11.051514 -0.451982 -2.458496
v -11.110596 -0.436594 -2.649780
v -11.166687 -0.421583 -2.842407
v -11.217834 -0.407104 -3.036255
v -11.264221 -0.388411 -3.231201
v -11.307007 -0.370436 -3.427124
v -11.345764 -0.353289 -3.624146
v -11.380493 -0.337019 -3.821289
v -11.411133 -0.321623 -4.018799
v -11.438599 -0.304218 -4.216431
v -11.463196 -0.284498 -4.414917
v -11.483215 -0.265682 -4.614502
v -11.496948 -0.248072 -4.814331
v -11.502625 -0.232006 -5.014648
v -11.498718 -0.217836 -5.214355
v -11.486328 -0.203842 -5.413086
v -11.468079 -0.186447 -5.610962
v -11.445984 -0.169598 -5.808350
v -11.423096 -0.154045 -6.004272
v -11.407898 -0.138313 -6.188843
v -11.398682 -0.122429 -6.366211
v -11.381653 -0.114073 -6.553101
v -11.343262 -0.107765 -6.763550
v -11.270386 -0.104918 -7.009644
v -11.158997 -0.100204 -7.314331
v -11.017761 -0.095028 -7.669312
v -10.853333 -0.097883 -8.039429
v -10.672546 -0.103266 -8.388672
v -10.426453 -0.131950 -8.638184
v -10.226562 -0.145189 -8.856201
v -10.007446 -0.161356 -9.031982
v -9.779236 -0.179554 -9.176636
v -9.551697 -0.195915 -9.300903
v -9.334900 -0.211708 -9.416016
v -9.133972 -0.221224 -9.520508
v -8.942261 -0.223665 -9.607178
v -8.752197 -0.226706 -9.677979
v -8.555847 -0.231468 -9.734985
v -8.345886 -0.237492 -9.780151
v -8.121338 -0.243767 -9.814941
v -7.887573 -0.236818 -9.837646
v -7.645386 -0.230518 -9.846802
v -7.395813 -0.225073 -9.840454
v -7.140198 -0.220531 -9.816895
v -6.875061 -0.213240 -9.776978
v -6.599915 -0.204277 -9.721558
v -6.319336 -0.196177 -9.649902
v -6.038391 -0.189146 -9.560425
v -5.762024 -0.176207 -9.452148
v -5.479248 -0.159185 -9.319458
v -5.186951 -0.144646 -9.163086
v -4.901306 -0.131218 -8.991455
v -4.638672 -0.105881 -8.813110
v -4.415283 -0.077358 -8.636475
v -4.233093 -0.054708 -8.464355
v -4.081421 -0.036596 -8.291260
v -3.957153 -0.023071 -8.112671
v -3.857361 -0.013834 -7.924194
v -3.779236 -0.008577 -7.721802
v -3.729492 -0.008680 -7.496704
v -3.709900 -0.024994 -7.251953
v -3.710876 -0.047440 -7.000122
v -3.721558 -0.070942 -6.753784
v -3.732361 -0.092802 -6.526123
v -3.744263 -0.113874 -6.320801
v -3.763977 -0.142338 -6.129517
v -3.789734 -0.170685 -5.946167
v -3.820190 -0.199554 -5.764282
v -3.853455 -0.229458 -5.578003
v -3.894958 -0.260185 -5.387573
v -3.945679 -0.289906 -5.197266
v -3.997864 -0.321934 -5.006470
v -4.043274 -0.353210 -4.814331
v -4.074280 -0.382715 -4.620483
v -4.085083 -0.407719 -4.424072
v -4.080994 -0.429167 -4.225830
v -4.070435 -0.452286 -4.026489
v -4.061829 -0.477772 -3.826904
v -4.063904 -0.504404 -3.628296
v -4.082825 -0.532959 -3.430176
v -4.113098 -0.553623 -3.231812
v -4.145081 -0.573862 -3.033813
v -4.168640 -0.592846 -2.837036
v -4.174438 -0.610306 -2.641724
v -4.164429 -0.626434 -2.447998
v -4.145203 -0.638355 -2.255615
v -4.113464 -0.647987 -2.064209
v -4.065979 -0.656569 -1.874390
v -3.999207 -0.663315 -1.686279
v -3.907288 -0.669193 -1.492310
v -3.792236 -0.674273 -1.292725
v -3.663452 -0.678596 -1.098267
v -3.529846 -0.682606 -0.920044
v -3.400635 -0.685019 -0.768799
v -3.277771 -0.685181 -0.650146
v -3.155212 -0.684263 -0.556885
v -3.030029 -0.682510 -0.480591
v -2.898987 -0.680138 -0.413330
v -2.759155 -0.677364 -0.347168
v -2.611511 -0.674246 -0.281860
v -2.457825 -0.672590 -0.223267
v -2.297058 -0.671057 -0.170898
v -2.127747 -0.669046 -0.124878
v -1.948853 -0.666552 -0.084961
v -1.753845 -0.661509 -0.045410
v -1.543823 -0.652552 -0.006592
v -1.328125 -0.647091 0.023193
v -1.115906 -0.642712 0.035034
v -0.916870 -0.636654 0.020630
v -0.732239 -0.628544 -0.025513
v -0.555725 -0.608652 -0.097656
v -0.385315 -0.584936 -0.187744
v -0.219055 -0.572477 -0.288086
v -0.054871 -0.561750 -0.390625
v 0.108704 -0.553885 -0.495117
v 0.270386 -0.547247 -0.607056
v 0.427673 -0.539690 -0.726562
v 0.578674 -0.529472 -0.854004
v 0.721069 -0.510880 -0.989502
v 0.851379 -0.493008 -1.136963
v 0.971069 -0.474039 -1.296021
v 1.085205 -0.453695 -1.461426
v 1.199219 -0.440601 -1.627319
v 1.317932 -0.433662 -1.788208
v 1.439941 -0.425209 -1.945557
v 1.561768 -0.407648 -2.103149
v 1.685486 -0.390690 -2.258789
v 1.813904 -0.375017 -2.410278
v 1.948975 -0.360590 -2.555664
v 2.092896 -0.348322 -2.692993
v 2.244019 -0.349131 -2.823730
v 2.399292 -0.356411 -2.950684
v 2.555542 -0.360371 -3.076904
v 2.709351 -0.358931 -3.205078
v 2.863892 -0.355927 -3.332764
v 3.021362 -0.349422 -3.458130
v 3.176941 -0.335876 -3.584839
v 3.326294 -0.320686 -3.716919
v 3.464783 -0.313349 -3.858643
v 3.589233 -0.304657 -4.012329
v 3.702515 -0.288435 -4.175659
v 3.809631 -0.258287 -4.344238
v 3.915161 -0.231333 -4.514282
v 4.023865 -0.206322 -4.681519
v 4.135742 -0.180262 -4.846191
v 4.247437 -0.152607 -5.010864
v 4.359314 -0.142670 -5.175415
v 4.471130 -0.127478 -5.339966
v 4.583008 -0.106451 -5.504395
v 4.694824 -0.085354 -5.669067
v 4.806580 -0.062408 -5.833740
v 4.918396 -0.039017 -5.998413
v 5.030457 -0.015915 -6.162109
v 5.142761 0.006884 -6.324829
v 5.257141 0.039297 -6.484985
v 5.373230 0.073830 -6.643188
v 5.488831 0.108255 -6.800903
v 5.601562 0.143589 -6.960083
v 5.708923 0.180666 -7.122559
v 5.810303 0.219570 -7.288330
v 5.907349 0.259752 -7.456421
v 6.000793 0.292315 -7.626221
v 6.091797 0.333593 -7.797974
v 6.181458 0.381710 -7.971069
v 6.256348 0.432997 -8.150391
v 6.315918 0.484623 -8.335938
v 6.379822 0.534439 -8.520874
v 6.468201 0.567080 -8.698364
v 6.600403 0.583767 -8.861328
v 6.783875 0.592554 -9.018799
v 7.005493 0.623955 -9.175049
v 7.254211 0.670776 -9.317383
v 7.519470 0.703012 -9.432129
v 7.790466 0.725660 -9.506470
v 8.080872 0.737555 -9.538696
v 8.397705 0.736910 -9.538086
v 8.720764 0.745127 -9.506104
v 9.029236 0.730165 -9.445557
v 9.302795 0.708136 -9.358398
v 9.545776 0.676010 -9.233032
v 9.771606 0.670311 -9.067993
v 9.974182 0.669302 -8.880859
v 10.146729 0.659962 -8.688965
v 10.282593 0.658588 -8.510132
v 10.369141 0.676579 -8.347046
v 10.410583 0.683969 -8.187988
v 10.426331 0.685278 -8.028809
v 10.435608 0.684982 -7.865356
v 10.457703 0.682152 -7.693359
v 10.499573 0.661211 -7.511475
v 10.548218 0.686228 -7.322632
v 10.593323 0.729025 -7.128784
v 10.624695 0.766191 -6.931763
v 10.632080 0.792936 -6.734131
v 10.607117 0.806009 -6.532593
v 10.556641 0.801542 -6.325684
v 10.493042 0.790228 -6.118164
v 10.428833 0.778276 -5.914307
v 10.376221 0.771069 -5.718994
v 10.334229 0.770260 -5.533081
v 10.294495 0.772913 -5.353516
v 10.258850 0.771866 -5.178833
v 10.228699 0.763674 -5.007324
v 10.205933 0.758781 -4.837891
v 10.191589 0.757601 -4.671021
v 10.184631 0.762741 -4.507935
v 10.183044 0.770271 -4.347168
v 10.185486 0.779501 -4.187500
v 10.190002 0.780529 -4.027100
v 10.188904 0.774046 -3.866089
v 10.183472 0.765703 -3.705566
v 10.184937 0.759968 -3.545410
v 10.205261 0.759161 -3.385864
v 10.255798 0.772291 -3.227417
v 10.349060 0.805338 -3.073730
v 10.477234 0.847334 -2.924683
v 10.621582 0.892662 -2.774536
v 10.764038 0.931374 -2.617188
v 10.885559 0.949638 -2.446899
v 10.987854 0.958832 -2.259521
v 11.082947 0.963654 -2.058716
v 11.169250 0.965179 -1.851074
v 11.244324 0.964308 -1.642456
v 11.306274 0.959627 -1.439453
v 11.354004 0.947683 -1.242554
v 11.388855 0.922018 -1.047607
v 11.412598 0.891838 -0.853638
v 11.426575 0.871418 -0.659546
v 11.432617 0.852108 -0.464478
v 11.427917 0.828094 -0.267944
v 11.411377 0.798267 -0.070801
v 11.386963 0.762396 0.126587
v 11.359070 0.727116 0.323730
v 11.331726 0.709932 0.520020
v 11.307312 0.694031 0.716187
v 11.283081 0.678024 0.912109
v 11.255432 0.659788 1.107422
v 11.220703 0.638472 1.301392
v 11.175476 0.621439 1.493042
v 11.116394 0.610094 1.681885
v 11.045654 0.591137 1.868042
v 10.968445 0.567097 2.053101
v 10.889587 0.542244 2.237671
v 10.814026 0.518978 2.423096
v 10.744751 0.506664 2.610962
v 10.678467 0.506130 2.800781
v 10.610596 0.503500 2.989624
v 10.536743 0.497465 3.174805
v 10.452515 0.485409 3.353271
v 10.356262 0.468607 3.524292
v 10.250916 0.447100 3.689697
v 10.138855 0.422367 3.850708
v 10.022522 0.395224 4.009155
v 9.903992 0.360229 4.166138
v 9.781860 0.322447 4.320923
v 9.654541 0.281628 4.472534
v 9.524414 0.248312 4.622192
v 9.393433 0.206160 4.771606
v 9.264099 0.171951 4.921753
v 9.137207 0.139193 5.074097
v 9.011414 0.107199 5.227905
v 8.885071 0.087589 5.380859
v 8.756531 0.067299 5.531372
v 8.624207 0.044542 5.677368
v 8.489624 0.022959 5.820679
v 8.353821 0.024101 5.962402
v 8.214478 0.025805 6.100220
v 8.069275 0.023748 6.230957
v 7.916138 0.016693 6.352051
v 7.752197 -0.004686 6.460449
v 7.579041 -0.032118 6.557861
v 7.400574 -0.062798 6.649170
v 7.220947 -0.068686 6.738770
v 7.043823 -0.099737 6.831543
v 6.869385 -0.134037 6.927490
v 6.694885 -0.158329 7.023438
v 6.520386 -0.178885 7.119263
v 6.346008 -0.197683 7.215210
v 6.171509 -0.200161 7.311157
v 5.997375 -0.194807 7.407715
v 5.823608 -0.189278 7.504517
v 5.649719 -0.197889 7.601318
v 5.475098 -0.214159 7.696899
v 5.299255 -0.231138 7.790649
v 5.121887 -0.239853 7.882080
v 4.943176 -0.244297 7.971436
v 4.764038 -0.260193 8.059814
v 4.584473 -0.255739 8.147949
v 4.405334 -0.250559 8.236450
v 4.226440 -0.253136 8.325439
v 4.047546 -0.264421 8.414429
v 3.868469 -0.257215 8.503296
v 3.689575 -0.249950 8.592163
v 3.510620 -0.250866 8.681030
v 3.332092 -0.273590 8.771606
v 3.153809 -0.295950 8.864136
v 2.975464 -0.318483 8.955566
v 2.796387 -0.322508 9.043579
v 2.615906 -0.347303 9.125610
v 2.435974 -0.364742 9.200439
v 2.256836 -0.372164 9.270020
v 2.075867 -0.381218 9.335693
v 1.890015 -0.411873 9.398926
v 1.696655 -0.420603 9.461304
v 1.492310 -0.423326 9.525513
v 1.278809 -0.426779 9.590210
v 1.061340 -0.442436 9.651855
v 0.844849 -0.466600 9.706543
v 0.634277 -0.475832 9.749634
v 0.431763 -0.473387 9.779297
v 0.233826 -0.473619 9.797974
v 0.037354 -0.479500 9.809326
v -0.160461 -0.485991 9.817017
v -0.362976 -0.492689 9.824341
v -0.570923 -0.494165 9.833496
v -0.782349 -0.495813 9.841919
v -0.995972 -0.495785 9.846802
v -1.210388 -0.496624 9.845337
v -1.424805 -0.499050 9.834106
v -1.640320 -0.502958 9.813721
v -1.857971 -0.508091 9.786011
v -2.075439 -0.513113 9.750488
v -2.290649 -0.517685 9.707153
v -2.501526 -0.523846 9.655518
v -2.709900 -0.531618 9.591064
v -2.917236 -0.541342 9.513672
v -3.120728 -0.552176 9.430664
v -3.317444 -0.562931 9.348755
v -3.504761 -0.572481 9.274658
v -3.677856 -0.578373 9.214966
v -3.838562 -0.585730 9.165161
v -3.994141 -0.587635 9.115356
v -4.151367 -0.590326 9.056030
v -4.317383 -0.594578 8.977051
v -4.496765 -0.600609 8.874878
v -4.684937 -0.607960 8.755859
v -4.874878 -0.614691 8.625732
v -5.059753 -0.619913 8.490234
v -5.232361 -0.625549 8.354980
v -5.391479 -0.631699 8.219116
v -5.541748 -0.638523 8.078857
v -5.685242 -0.642355 7.935669
v -5.823975 -0.645994 7.790405
v -5.960022 -0.648209 7.644409
v -6.092896 -0.648417 7.498535
v -6.221069 -0.648977 7.351562
v -6.345581 -0.649872 7.202759
v -6.467041 -0.651110 7.051270
v -6.586365 -0.651907 6.895996
v -6.701904 -0.651745 6.737183
v -6.813293 -0.651972 6.575439
v -6.922791 -0.652460 6.410400
v -7.032654 -0.651798 6.241699
v -7.145203 -0.645432 6.068970
v -7.264221 -0.638586 5.888794
v -7.387939 -0.635462 5.701416
v -7.511108 -0.633749 5.511963
v -7.628418 -0.632566 5.325439
v -7.734314 -0.632204 5.147217
v -7.824158 -0.631464 4.980713
v -7.901672 -0.630859 4.822510
v -7.973633 -0.631132 4.667114
v -8.047424 -0.631945 4.509399
v -8.129944 -0.631523 4.343750
v -8.222290 -0.623945 4.167603
v -8.319946 -0.615786 3.984253
v -8.421021 -0.607168 3.797974
v -8.523865 -0.598671 3.612793
v -8.626831 -0.595116 3.432983
v -8.732056 -0.590588 3.260132
v -8.840698 -0.585121 3.091431
v -8.949524 -0.579483 2.924438
v -9.055237 -0.574478 2.756348
v -9.154480 -0.570480 2.584351
v -9.247192 -0.568043 2.408447
v -9.335571 -0.566763 2.230591
v -9.419922 -0.566280 2.050537
v -9.500244 -0.566538 1.868896
v -9.576782 -0.567541 1.685181
v -9.648010 -0.569540 1.499023
v -9.713806 -0.571726 1.310303
v -9.776611 -0.573746 1.120117
v -9.838440 -0.575958 0.929443
v -9.901917 -0.577854 0.739624
v -9.966980 -0.578598 0.550537
v -10.032166 -0.579323 0.361450
v -10.097473 -0.579487 0.172363
v -10.162415 -0.579472 -0.016846
v -10.227112 -0.579483 -0.205933
v -10.291443 -0.579552 -0.395020
v -10.355591 -0.578663 -0.584351
v -10.419678 -0.575315 -0.773804
v -10.483459 -0.566120 -0.963013
v -10.547119 -0.557615 -1.152344
v -10.611084 -0.549032 -1.341553
v -10.675354 -0.540394 -1.530762
v -10.739258 -0.531830 -1.720093
v -10.802185 -0.523497 -1.909668
v -10.863464 -0.507811 -2.099487
v -10.924194 -0.492094 -2.289551
v -10.984741 -0.476410 -2.479492
v -11.043518 -0.460968 -2.669922
v -11.099243 -0.445950 -2.861084
v -11.149963 -0.431089 -3.053345
v -11.195984 -0.412531 -3.246826
v -11.238464 -0.394688 -3.441406
v -11.276978 -0.377668 -3.636963
v -11.311462 -0.361507 -3.832764
v -11.341858 -0.346201 -4.028931
v -11.369202 -0.327936 -4.225586
v -11.393616 -0.308140 -4.422729
v -11.413452 -0.289267 -4.620361
v -11.427002 -0.271696 -4.817749
v -11.432617 -0.255802 -5.014893
v -11.428772 -0.241915 -5.211426
v -11.416565 -0.224617 -5.407715
v -11.398438 -0.208248 -5.603882
v -11.376465 -0.192484 -5.800415
v -11.353455 -0.176893 -5.997314
v -11.338074 -0.160942 -6.184204
v -11.328857 -0.144030 -6.361206
v -11.312317 -0.135853 -6.543701
v -11.275146 -0.129759 -6.747314
v -11.203918 -0.126987 -6.987671
v -11.093628 -0.120989 -7.289307
v -10.953247 -0.114769 -7.642212
v -10.790222 -0.117558 -8.009155
v -10.612061 -0.122858 -8.353394
v -10.426453 -0.131950 -8.638184
v -10.226562 -0.145189 -8.856201
v -10.007446 -0.161356 -9.031982
v -9.779236 -0.179554 -9.176636
v -9.551697 -0.195915 -9.300903
v -9.334900 -0.211708 -9.416016
v -9.133972 -0.221224 -9.520508
v -8.942261 -0.223665 -9.607178
v -8.752197 -0.226706 -9.677979
v -8.555847 -0.231468 -9.734985
v -8.345886 -0.237492 -9.780151
v -8.121338 -0.243767 -9.814941
v -7.887573 -0.236818 -9.837646
v -7.645386 -0.230518 -9.846802
v -7.395813 -0.225073 -9.840454
v -7.140198 -0.220531 -9.816895
v -6.875061 -0.213240 -9.776978
v -6.599915 -0.204277 -9.721558
v -6.319336 -0.196177 -9.649902
v -6.038391 -0.189146 -9.560425
v -5.762024 -0.176207 -9.452148
v -5.479248 -0.159185 -9.319458
v -5.186951 -0.144646 -9.163086
v -4.901306 -0.131218 -8.991455
v -4.638672 -0.105881 -8.813110
v -4.415283 -0.077358 -8.636475
v -4.233093 -0.054708 -8.464355
v -4.081421 -0.036596 -8.291260
v -3.957153 -0.023071 -8.112671
v -3.857361 -0.013834 -7.924194
v -3.779236 -0.008577 -7.721802
v -3.729492 -0.008680 -7.496704
v -3.709900 -0.024994 -7.251953
v -3.710876 -0.047440 -7.000122
v -3.721558 -0.070942 -6.753784
v -3.732361 -0.092802 -6.526123
v -3.744263 -0.113874 -6.320801
v -3.763977 -0.142338 -6.129517
v -3.789734 -0.170685 -5.946167
v -3.820190 -0.199554 -5.764282
v -3.853455 -0.229458 -5.578003
v -3.894958 -0.260185 -5.387573
v -3.945679 -0.289906 -5.197266
v -3.997864 -0.321934 -5.006470
v -4.043274 -0.353210 -4.814331
v -4.074280 -0.382715 -4.620483
v -4.085083 -0.407719 -4.424072
v -4.080994 -0.429167 -4.225830
v -4.070435 -0.452286 -4.026489
v -4.061829 -0.477772 -3.826904
v -4.063904 -0.504404 -3.628296
v -4.082825 -0.532959 -3.430176
v -4.113098 -0.553623 -3.231812
v -4.145081 -0.573862 -3.033813
v -4.168640 -0.592846 -2.837036
v -4.174438 -0.610306 -2.641724
v -4.164429 -0.626434 -2.447998
v -4.145203 -0.638355 -2.255615
v -4.113464 -0.647987 -2.064209
v -4.065979 -0.656569 -1.874390
v -3.999207 -0.663315 -1.686279
v -3.907288 -0.669193 -1.492310
v -3.792236 -0.674273 -1.292725
v -3.663452 -0.678596 -1.098267
v -3.529846 -0.682606 -0.920044
v -3.400635 -0.685019 -0.768799
v -3.277771 -0.685181 -0.650146
v -3.155212 -0.684263 -0.556885
v -3.030029 -0.682510 -0.480591
v -2.898987 -0.680138 -0.413330
v -2.759155 -0.677364 -0.347168
v -2.611511 -0.674246 -0.281860
v -2.457825 -0.672590 -0.223267
v -2.297058 -0.671057 -0.170898
v -2.127747 -0.669046 -0.124878
v -1.948853 -0.666552 -0.084961
v -1.753845 -0.661509 -0.045410
v -1.543823 -0.652552 -0.006592
v -1.328125 -0.647091 0.023193
v -1.115906 -0.642712 0.035034
v -0.916870 -0.636654 0.020630
v -0.732239 -0.628544 -0.025513
v -0.555725 -0.608652 -0.097656
v -0.385315 -0.584936 -0.187744
v -0.219055 -0.572477 -0.288086
v -0.054871 -0.561750 -0.390625
v 0.108704 -0.553885 -0.495117
v 0.270386 -0.547247 -0.607056
v 0.427673 -0.539690 -0.726562
v 0.578674 -0.529472 -0.854004
v 0.721069 -0.510880 -0.989502
v 0.851379 -0.493008 -1.136963
v 0.971069 -0.474039 -1.296021
v 1.085205 -0.453695 -1.461426
v 1.199219 -0.440601 -1.627319
v 1.317932 -0.433662 -1.788208
v 1.439941 -0.425209 -1.945557
v 1.561768 -0.407648 -2.103149
v 1.685486 -0.390690 -2.258789
v 1.813904 -0.375017 -2.410278
v 1.948975 -0.360590 -2.555664
v 2.092896 -0.348322 -2.692993
v 2.244019 -0.349131 -2.823730
v 2.399292 -0.356411 -2.950684
v 2.555542 -0.360371 -3.076904
v 2.709351 -0.358931 -3.205078
v 2.863892 -0.355927 -3.332764
v 3.021362 -0.349422 -3.458130
v 3.176941 -0.335876 -3.584839
v 3.326294 -0.320686 -3.716919
v 3.464783 -0.313349 -3.858643
v 3.589233 -0.304657 -4.012329
v 3.702515 -0.288435 -4.175659
v 3.809631 -0.258287 -4.344238
v 3.915161 -0.231333 -4.514282
v 4.023865 -0.206322 -4.681519
v 4.135742 -0.180262 -4.846191
v 4.247437 -0.152607 -5.010864
v 4.359314 -0.142670 -5.175415
v 4.471130 -0.127478 -5.339966
v 4.583008 -0.106451 -5.504395
v 4.694824 -0.085354 -5.669067
v 4.806580 -0.062408 -5.833740
v 4.918396 -0.039017 -5.998413
v 5.030457 -0.015915 -6.162109
v 5.142761 0.006884 -6.324829
v 5.257141 0.039297 -6.484985
v 5.373230 0.073830 -6.643188
v 5.488831 0.108255 -6.800903
v 5.601562 0.143589 -6.960083
v 5.708923 0.180666 -7.122559
v 5.810303 0.219570 -7.288330
v 5.907349 0.259752 -7.456421
v 6.000793 0.292315 -7.626221
v 6.091797 0.333593 -7.797974
v 6.181458 0.381710 -7.971069
v 6.256348 0.432997 -8.150391
v 6.315918 0.484623 -8.335938
v 6.379822 0.534439 -8.520874
v 6.468201 0.567080 -8.698364
v 6.600403 0.583767 -8.861328
v 6.783875 0.592554 -9.018799
v 7.005493 0.623955 -9.175049
v 7.254211 0.670776 -9.317383
v 7.519470 0.703012 -9.432129
v 7.790466 0.725660 -9.506470
v 8.080872 0.737555 -9.538696
v 8.397705 0.736910 -9.538086
v 8.720764 0.745127 -9.506104
v 9.029236 0.730165 -9.445557
v 9.302795 0.708136 -9.358398
v 9.545776 0.676010 -9.233032
v 9.771606 0.670311 -9.067993
v 9.974182 0.669302 -8.880859
v 10.146729 0.659962 -8.688965
v 10.282593 0.658588 -8.510132
v 10.369141 0.676579 -8.347046
v 10.410583 0.683969 -8.187988
v 10.426331 0.685278 -8.028809
v 10.435608 0.684982 -7.865356
v 10.457703 0.682152 -7.693359
v 10.499573 0.661211 -7.511475
v 10.548218 0.686228 -7.322632
v 10.593323 0.729025 -7.128784
v 10.624695 0.766191 -6.931763
v 10.632080 0.792936 -6.734131
v 10.607117 0.806009 -6.532593
v 10.556641 0.801542 -6.325684
v 10.493042 0.790228 -6.118164
v 10.428833 0.778276 -5.914307
v 10.376221 0.771069 -5.718994
v 10.334229 0.770260 -5.533081
v 10.294495 0.772913 -5.353516
v 10.258850 0.771866 -5.178833
v 10.228699 0.763674 -5.007324
v 10.205933 0.758781 -4.837891
v 10.191589 0.757601 -4.671021
v 10.184631 0.762741 -4.507935
v 10.183044 0.770271 -4.347168
v 10.185486 0.779501 -4.187500
v 10.190002 0.780529 -4.027100
v 10.188904 0.774046 -3.866089
v 10.183472 0.765703 -3.705566
v 10.184937 0.759968 -3.545410
v 10.205261 0.759161 -3.385864
v 10.255798 0.772291 -3.227417
v 10.349060 0.805338 -3.073730
v 10.477234 0.847334 -2.924683
v 10.621582 0.892662 -2.774536
v 10.764038 0.931374 -2.617188
v 10.885559 0.949638 -2.446899
v 10.987854 0.958832 -2.259521
v 11.082947 0.963654 -2.058716
v 11.169250 0.965179 -1.851074
v 11.244324 0.964308 -1.642456
v 11.306274 0.959627 -1.439453
v 11.354004 0.947683 -1.242554
v 11.388855 0.922018 -1.047607
v 11.412598 0.891838 -0.853638
v 11.426575 0.871418 -0.659546
v 11.432617 0.852108 -0.464478
v 11.427917 0.828094 -0.267944
v 11.411377 0.798267 -0.070801
v 11.386963 0.762396 0.126587
v 11.359070 0.727116 0.323730
v 11.331726 0.709932 0.520020
v 11.307312 0.694031 0.716187
v 11.283081 0.678024 0.912109
v 11.255432 0.659788 1.107422
v 11.220703 0.638472 1.301392
v 11.175476 0.621439 1.493042
v 11.116394 0.610094 1.681885
v 11.045654 0.591137 1.868042
v 10.968445 0.567097 2.053101
v 10.889587 0.542244 2.237671
v 10.814026 0.518978 2.423096
v 10.744751 0.506664 2.610962
v 10.678467 0.506130 2.800781
v 10.610596 0.503500 2.989624
v 10.536743 0.497465 3.174805
v 10.452515 0.485409 3.353271
v 10.356262 0.468607 3.524292
v 10.250916 0.447100 3.689697
v 10.138855 0.422367 3.850708
v 10.022522 0.395224 4.009155
v 9.903992 0.360229 4.166138
v 9.781860 0.322447 4.320923
v 9.654541 0.281628 4.472534
v 9.524414 0.248312 4.622192
v 9.393433 0.206160 4.771606
v 9.264099 0.171951 4.921753
v 9.137207 0.139193 5.074097
v 9.011414 0.107199 5.227905
v 8.885071 0.087589 5.380859
v 8.756531 0.067299 5.531372
v 8.624207 0.044542 5.677368
v 8.489624 0.022959 5.820679
v 8.353821 0.024101 5.962402
v 8.214478 0.025805 6.100220
v 8.069275 0.023748 6.230957
v 7.916138 0.016693 6.352051
v 7.752197 -0.004686 6.460449
v 7.579041 -0.032118 6.557861
v 7.400574 -0.062798 6.649170
v 7.220947 -0.068686 6.738770
v 7.043823 -0.099737 6.831543
v 6.869385 -0.134037 6.927490
v 6.694885 -0.158329 7.023438
v 6.520386 -0.178885 7.119263
v 6.346008 -0.197683 7.215210
v 6.171509 -0.200161 7.311157
v 5.997375 -0.194807 7.407715
v 5.823608 -0.189278 7.504517
v 5.649719 -0.197889 7.601318
v 5.475098 -0.214159 7.696899
v 5.299255 -0.231138 7.790649
v 5.121887 -0.239853 7.882080
v 4.943176 -0.244297 7.971436
v 4.764038 -0.260193 8.059814
v 4.584473 -0.255739 8.147949
v 4.405334 -0.250559 8.236450
v 4.226440 -0.253136 8.325439
v 4.047546 -0.264421 8.414429
v 3.868469 -0.257215 8.503296
v 3.689575 -0.249950 8.592163
v 3.510620 -0.250866 8.681030
v 3.332092 -0.273590 8.771606
v 3.153809 -0.295950 8.864136
v 2.975464 -0.318483 8.955566
v 2.796387 -0.322508 9.043579
v 2.615906 -0.347303 9.125610
v 2.435974 -0.364742 9.200439
v 2.256836 -0.372164 9.270020
v 2.075867 -0.381218 9.335693
v 1.890015 -0.411873 9.398926
v 1.696655 -0.420603 9.461304
v 1.492310 -0.423326 9.525513
v 1.278809 -0.426779 9.590210
v 1.061340 -0.442436 9.651855
v 0.844849 -0.466600 9.706543
v 0.634277 -0.475832 9.749634
v 0.431763 -0.473387 9.779297
v 0.233826 -0.473619 9.797974
v 0.037354 -0.479500 9.809326
v -0.160461 -0.485991 9.817017
v -0.362976 -0.492689 9.824341
v -0.570923 -0.494165 9.833496
v -0.782349 -0.495813 9.841919
v -0.995972 -0.495785 9.846802
v -1.210388 -0.496624 9.845337
v -1.424805 -0.499050 9.834106
v -1.640320 -0.502958 9.813721
v -1.857971 -0.508091 9.786011
v -2.075439 -0.513113 9.750488
v -2.290649 -0.517685 9.707153
v -2.501526 -0.523846 9.655518
v -2.709900 -0.531618 9.591064
v -2.917236 -0.541342 9.513672
v -3.120728 -0.552176 9.430664
v -3.317444 -0.562931 9.348755
v -3.504761 -0.572481 9.274658
v -3.677856 -0.578373 9.214966
v -3.838562 -0.585730 9.165161
v -3.994141 -0.587635 9.115356
v -4.151367 -0.590326 9.056030
v -4.317383 -0.594578 8.977051
v -4.496765 -0.600609 8.874878
v -4.684937 -0.607960 8.755859
v -4.874878 -0.614691 8.625732
v -5.059753 -0.619913 8.490234
v -5.232361 -0.625549 8.354980
v -5.391479 -0.631699 8.219116
v -5.541748 -0.638523 8.078857
v -5.685242 -0.642355 7.935669
v -5.823975 -0.645994 7.790405
v -5.960022 -0.648209 7.644409
v -6.092896 -0.648417 7.498535
v -6.221069 -0.648977 7.351562
v -6.345581 -0.649872 7.202759
v -6.467041 -0.651110 7.051270
v -6.586365 -0.651907 6.895996
v -6.701904 -0.651745 6.737183
v -6.813293 -0.651972 6.575439
v -6.922791 -0.652460 6.410400
v -7.032654 -0.651798 6.241699
v -7.145203 -0.645432 6.068970
v -7.264221 -0.638586 5.888794
v -7.387939 -0.635462 5.701416
v -7.511108 -0.633749 5.511963
v -7.628418 -0.632566 5.325439
v -7.734314 -0.632204 5.147217
v -7.824158 -0.631464 4.980713
v -7.901672 -0.630859 4.822510
v -7.973633 -0.631132 4.667114
v -8.047424 -0.631945 4.509399
v -8.129944 -0.631523 4.343750
v -8.222290 -0.623945 4.167603
v -8.319946 -0.615786 3.984253
v -8.421021 -0.607168 3.797974
v -8.523865 -0.598671 3.612793
v -8.626831 -0.595116 3.432983
v -8.732056 -0.590588 3.260132
v -8.840698 -0.585121 3.091431
v -8.949524 -0.579483 2.924438
v -9.055237 -0.574478 2.756348
v -9.154480 -0.570480 2.584351
v -9.247192 -0.568043 2.408447
v -9.335571 -0.566763 2.230591
v -9.419922 -0.566280 2.050537
v -9.500244 -0.566538 1.868896
v -9.576782 -0.567541 1.685181
v -9.648010 -0.569540 1.499023
v -9.713806 -0.571726 1.310303
v -9.776611 -0.573746 1.120117
v -9.838440 -0.575958 0.929443
v -9.901917 -0.577854 0.739624
v -9.966980 -0.578598 0.550537
v -10.032166 -0.579323 0.361450
v -10.097473 -0.579487 0.172363
v -10.162415 -0.579472 -0.016846
v -10.227112 -0.579483 -0.205933
v -10.291443 -0.579552 -0.395020
v -10.355591 -0.578663 -0.584351
v -10.419678 -0.575315 -0.773804
v -10.483459 -0.566120 -0.963013
v -10.547119 -0.557615 -1.152344
v -10.611084 -0.549032 -1.341553
v -10.675354 -0.540394 -1.530762
v -10.739258 -0.531830 -1.720093
v -10.802185 -0.523497 -1.909668
v -10.863464 -0.507811 -2.099487
v -10.924194 -0.492094 -2.289551
v -10.984741 -0.476410 -2.479492
v -11.043518 -0.460968 -2.669922
v -11.099243 -0.445950 -2.861084
v -11.149963 -0.431089 -3.053345
v -11.195984 -0.412531 -3.246826
v -11.238464 -0.394688 -3.441406
v -11.276978 -0.377668 -3.636963
v -11.311462 -0.361507 -3.832764
v -11.341858 -0.346201 -4.028931
v -11.369202 -0.327936 -4.225586
v -11.393616 -0.308140 -4.422729
v -11.413452 -0.289267 -4.620361
v -11.427002 -0.271696 -4.817749
v -11.432617 -0.255802 -5.014893
v -11.428772 -0.241915 -5.211426
v -11.416565 -0.224617 -5.407715
v -11.398438 -0.208248 -5.603882
v -11.376465 -0.192484 -5.800415
v -11.353455 -0.176893 -5.997314
v -11.338074 -0.160942 -6.184204
v -11.328857 -0.144030 -6.361206
v -11.312317 -0.135853 -6.543701
v -11.275146 -0.129759 -6.747314
v -11.203918 -0.126987 -6.987671
v -11.093628 -0.120989 -7.289307
v -10.953247 -0.114769 -7.642212
v -10.790222 -0.117558 -8.009155
v -10.612061 -0.122858 -8.353394
v -10.347473 -0.175430 -8.576904
v -10.158203 -0.186775 -8.783203
v -9.949280 -0.202198 -8.950684
v -9.728455 -0.220142 -9.090454
v -9.504272 -0.236263 -9.212891
v -9.288391 -0.251986 -9.327515
v -9.090271 -0.258879 -9.430542
v -8.904175 -0.261648 -9.514648
v -8.720764 -0.264524 -9.583008
v -8.531372 -0.268587 -9.638062
v -8.327698 -0.274107 -9.681763
v -8.108826 -0.280125 -9.715698
v -7.880859 -0.273291 -9.737915
v -7.644775 -0.267145 -9.746826
v -7.401672 -0.261839 -9.740601
v -7.152222 -0.257490 -9.717651
v -6.892395 -0.251139 -9.678467
v -6.622192 -0.242208 -9.624023
v -6.346863 -0.234116 -9.553833
v -6.071838 -0.227242 -9.466187
v -5.801514 -0.216492 -9.360229
v -5.524109 -0.197865 -9.230103
v -5.236328 -0.181808 -9.076050
v -4.955139 -0.168591 -8.907227
v -4.697815 -0.148716 -8.732422
v -4.480713 -0.120977 -8.560791
v -4.305115 -0.098757 -8.395020
v -4.160217 -0.081450 -8.229614
v -4.042542 -0.068651 -8.060547
v -3.948364 -0.059933 -7.882690
v -3.875000 -0.054981 -7.692871
v -3.828369 -0.054770 -7.481934
v -3.809814 -0.071089 -7.248169
v -3.810852 -0.093006 -7.002441
v -3.821472 -0.116295 -6.758301
v -3.832214 -0.138096 -6.531372
v -3.843933 -0.158237 -6.328857
v -3.863220 -0.186098 -6.141602
v -3.888550 -0.213968 -5.961426
v -3.918701 -0.242554 -5.781372
v -3.951538 -0.272072 -5.597412
v -3.992126 -0.300900 -5.411133
v -4.042236 -0.329865 -5.223389
v -4.094788 -0.362143 -5.031128
v -4.141357 -0.394266 -4.833740
v -4.173706 -0.425081 -4.631104
v -4.185059 -0.449427 -4.425781
v -4.180908 -0.471474 -4.222168
v -4.170288 -0.494795 -4.021729
v -4.161804 -0.519884 -3.825317
v -4.163757 -0.545582 -3.633545
v -4.182068 -0.569923 -3.442505
v -4.211914 -0.589752 -3.247314
v -4.244080 -0.610151 -3.047729
v -4.268372 -0.629786 -2.844482
v -4.274414 -0.648005 -2.640625
v -4.264160 -0.663210 -2.440430
v -4.244324 -0.673782 -2.242432
v -4.211365 -0.683769 -2.043823
v -4.161743 -0.692587 -1.845459
v -4.091614 -0.699667 -1.648071
v -3.995850 -0.705791 -1.445923
v -3.877258 -0.711031 -1.240112
v -3.745178 -0.715309 -1.040649
v -3.607910 -0.719023 -0.857544
v -3.473450 -0.720879 -0.700317
v -3.342896 -0.721050 -0.574219
v -3.211609 -0.720068 -0.474243
v -3.078918 -0.718216 -0.393311
v -2.943237 -0.715761 -0.323608
v -2.800781 -0.712936 -0.256226
v -2.649536 -0.709740 -0.189331
v -2.491150 -0.707415 -0.129028
v -2.325684 -0.705837 -0.075073
v -2.151733 -0.703772 -0.027832
v -1.969666 -0.701235 0.012817
v -1.772888 -0.698320 0.052734
v -1.559753 -0.690969 0.092163
v -1.337769 -0.684910 0.122681
v -1.115051 -0.680300 0.135010
v -0.901062 -0.673775 0.119385
v -0.701111 -0.665005 0.069580
v -0.513367 -0.646833 -0.007080
v -0.336060 -0.624353 -0.100708
v -0.166748 -0.613726 -0.202881
v -0.001465 -0.602943 -0.306030
v 0.164124 -0.594395 -0.411865
v 0.329102 -0.587622 -0.526123
v 0.490173 -0.579885 -0.648560
v 0.645447 -0.571043 -0.779541
v 0.793091 -0.555363 -0.920166
v 0.928833 -0.538315 -1.073730
v 1.052185 -0.518793 -1.237549
v 1.167542 -0.498232 -1.404663
v 1.280640 -0.486328 -1.569336
v 1.397705 -0.479490 -1.727905
v 1.518982 -0.473385 -1.884277
v 1.640442 -0.457954 -2.041504
v 1.762756 -0.441214 -2.195312
v 1.888672 -0.425625 -2.343872
v 2.020142 -0.411280 -2.485474
v 2.160156 -0.399363 -2.619019
v 2.308411 -0.399670 -2.747192
v 2.462341 -0.406885 -2.873047
v 2.618958 -0.414415 -2.999634
v 2.773193 -0.414408 -3.128174
v 2.926880 -0.411562 -3.255127
v 3.084106 -0.400909 -3.380249
v 3.241638 -0.387192 -3.508545
v 3.395203 -0.371561 -3.644409
v 3.539490 -0.363838 -3.792114
v 3.669250 -0.354782 -3.952271
v 3.785828 -0.342747 -4.120361
v 3.894287 -0.313232 -4.291016
v 3.999573 -0.286835 -4.460693
v 4.107178 -0.260897 -4.626221
v 4.218445 -0.233389 -4.790039
v 4.330200 -0.205744 -4.954712
v 4.442017 -0.197891 -5.119263
v 4.553833 -0.187939 -5.283691
v 4.665710 -0.166889 -5.448242
v 4.777588 -0.145805 -5.612915
v 4.889343 -0.122625 -5.777588
v 5.001038 -0.099258 -5.942139
v 5.112854 -0.076180 -6.105469
v 5.224609 -0.049200 -6.267334
v 5.338135 -0.020132 -6.426392
v 5.453857 0.014233 -6.583984
v 5.569946 0.048853 -6.742432
v 5.684082 0.084593 -6.903564
v 5.793335 0.122316 -7.068848
v 5.896240 0.161837 -7.237183
v 5.994446 0.202583 -7.407349
v 6.088806 0.237886 -7.578735
v 6.180359 0.281656 -7.751587
v 6.272095 0.330944 -7.928833
v 6.350159 0.377827 -8.115845
v 6.410767 0.426659 -8.304321
v 6.472046 0.477747 -8.482178
v 6.552307 0.514748 -8.644287
v 6.672058 0.529795 -8.791626
v 6.845337 0.538002 -8.939941
v 7.059204 0.565392 -9.090698
v 7.298950 0.610523 -9.227905
v 7.552612 0.639746 -9.337769
v 7.809265 0.658125 -9.408203
v 8.086304 0.669418 -9.438843
v 8.392700 0.668787 -9.438232
v 8.706177 0.681438 -9.407227
v 9.004395 0.674730 -9.348633
v 9.264587 0.653868 -9.265991
v 9.493164 0.623611 -9.147949
v 9.708069 0.605064 -8.990723
v 9.903015 0.604103 -8.810669
v 10.069641 0.595051 -8.625244
v 10.198364 0.607845 -8.456299
v 10.275940 0.623974 -8.310791
v 10.312134 0.630398 -8.170410
v 10.326660 0.631567 -8.020996
v 10.336060 0.631285 -7.856201
v 10.359253 0.605350 -7.675781
v 10.402405 0.583630 -7.487793
v 10.451111 0.616617 -7.298828
v 10.495178 0.658396 -7.109619
v 10.525146 0.693829 -6.921997
v 10.532166 0.718737 -6.738403
v 10.508728 0.730419 -6.550659
v 10.460205 0.723261 -6.352173
v 10.397522 0.712046 -6.147827
v 10.332825 0.700001 -5.942383
v 10.279175 0.692665 -5.743042
v 10.236633 0.693577 -5.554932
v 10.196655 0.696276 -5.374268
v 10.160583 0.696800 -5.197510
v 10.129883 0.688501 -5.022583
v 10.106506 0.683439 -4.848877
v 10.091797 0.683867 -4.677490
v 10.084656 0.689308 -4.510620
v 10.083069 0.697008 -4.346924
v 10.085510 0.706341 -4.185303
v 10.090027 0.707190 -4.026001
v 10.088928 0.700821 -3.868164
v 10.083496 0.692448 -3.706787
v 10.085144 0.683693 -3.538574
v 10.107605 0.682920 -3.364258
v 10.164795 0.697868 -3.186035
v 10.268127 0.733910 -3.015015
v 10.403259 0.773941 -2.857422
v 10.548462 0.819540 -2.706299
v 10.686157 0.861567 -2.554443
v 10.800842 0.882889 -2.393799
v 10.898743 0.891665 -2.214111
v 10.991577 0.896391 -2.018188
v 11.075989 0.898287 -1.814941
v 11.149414 0.897421 -1.610962
v 11.209839 0.891830 -1.413086
v 11.256165 0.871836 -1.221924
v 11.289978 0.846949 -1.032715
v 11.313049 0.817574 -0.843994
v 11.326721 0.798429 -0.654419
v 11.332642 0.779593 -0.464111
v 11.328064 0.756289 -0.273315
v 11.311890 0.725840 -0.081177
v 11.287842 0.690477 0.113403
v 11.260071 0.653936 0.309814
v 11.232605 0.636669 0.506958
v 11.208069 0.620687 0.703857
v 11.183960 0.604408 0.898926
v 11.156677 0.586405 1.091675
v 11.122803 0.565611 1.281128
v 11.079041 0.546532 1.466553
v 11.021912 0.535549 1.649170
v 10.952759 0.516043 1.831055
v 10.876343 0.492220 2.014160
v 10.797302 0.467329 2.199097
v 10.720825 0.443787 2.386963
v 10.650635 0.427551 2.577148
v 10.584229 0.425877 2.767334
v 10.517090 0.423283 2.954224
v 10.445068 0.417381 3.134888
v 10.363647 0.406055 3.307373
v 10.270508 0.389858 3.472900
v 10.167725 0.368479 3.634277
v 10.057495 0.344168 3.792603
v 9.942322 0.317272 3.949463
v 9.824829 0.282076 4.105103
v 9.704285 0.244766 4.257812
v 9.578552 0.208109 4.407593
v 9.449097 0.179058 4.556396
v 9.317932 0.133698 4.706055
v 9.187805 0.096979 4.857178
v 9.060120 0.064016 5.010376
v 8.934143 0.031921 5.164429
v 8.808472 0.013136 5.316528
v 8.681458 -0.006924 5.465332
v 8.550720 -0.029394 5.609497
v 8.417053 -0.039000 5.751831
v 8.282532 -0.046307 5.892212
v 8.145874 -0.044622 6.027466
v 8.004761 -0.046602 6.154541
v 7.857483 -0.053389 6.270996
v 7.700073 -0.073248 6.375122
v 7.531738 -0.099916 6.469727
v 7.355469 -0.124180 6.559937
v 7.175415 -0.129593 6.649780
v 6.996521 -0.155947 6.743408
v 6.821228 -0.190411 6.839844
v 6.646729 -0.224730 6.935791
v 6.472229 -0.247835 7.031616
v 6.297852 -0.266941 7.127563
v 6.123169 -0.262993 7.223633
v 5.948792 -0.257635 7.320312
v 5.774963 -0.252123 7.417114
v 5.601379 -0.257626 7.513794
v 5.427551 -0.273855 7.608887
v 5.252808 -0.290724 7.702026
v 5.076599 -0.292257 7.792969
v 4.898682 -0.292603 7.881836
v 4.719910 -0.308447 7.970093
v 4.540283 -0.324451 8.058228
v 4.360901 -0.320162 8.146851
v 4.181885 -0.319462 8.235840
v 4.003052 -0.325405 8.324829
v 3.823975 -0.318161 8.413696
v 3.645081 -0.310902 8.502563
v 3.465759 -0.306730 8.591675
v 3.286438 -0.329582 8.682617
v 3.107971 -0.351925 8.775269
v 2.930603 -0.369772 8.866211
v 2.753662 -0.368343 8.953125
v 2.575989 -0.392057 9.033936
v 2.398682 -0.416990 9.107666
v 2.221680 -0.440729 9.176392
v 2.042725 -0.449709 9.241333
v 1.858582 -0.473732 9.303955
v 1.666321 -0.476555 9.365967
v 1.462830 -0.479271 9.429932
v 1.250671 -0.482668 9.494263
v 1.035461 -0.493561 9.555298
v 0.822571 -0.517334 9.609009
v 0.617004 -0.523514 9.651123
v 0.419800 -0.521114 9.680054
v 0.226257 -0.520582 9.698242
v 0.032532 -0.524883 9.709473
v -0.164185 -0.531351 9.717041
v -0.367004 -0.537960 9.724365
v -0.575134 -0.539419 9.733643
v -0.785461 -0.541073 9.741943
v -0.996765 -0.542112 9.746826
v -1.207397 -0.542938 9.745361
v -1.417480 -0.545309 9.734375
v -1.629272 -0.549164 9.714355
v -1.843567 -0.554218 9.687012
v -2.057495 -0.560509 9.652100
v -2.268860 -0.565722 9.609497
v -2.474854 -0.571709 9.559082
v -2.677612 -0.579428 9.496460
v -2.880859 -0.588968 9.420532
v -3.082642 -0.599689 9.338257
v -3.279846 -0.610508 9.256104
v -3.470032 -0.620173 9.180908
v -3.646729 -0.623178 9.119873
v -3.808533 -0.624357 9.069824
v -3.961243 -0.626236 9.020874
v -4.112183 -0.628824 8.963989
v -4.271118 -0.632881 8.888428
v -4.445312 -0.638750 8.789185
v -4.629944 -0.645956 8.672363
v -4.817078 -0.653673 8.544189
v -4.999329 -0.658836 8.410522
v -5.169067 -0.664373 8.277588
v -5.324890 -0.670395 8.144531
v -5.472290 -0.675577 8.006958
v -5.613770 -0.678890 7.865723
v -5.751221 -0.682495 7.721802
v -5.886475 -0.686253 7.576660
v -6.018250 -0.686926 7.432007
v -6.145020 -0.687483 7.286621
v -6.268250 -0.688364 7.139404
v -6.388367 -0.689600 6.989502
v -6.506287 -0.689547 6.836060
v -6.620300 -0.689381 6.679443
v -6.730469 -0.689608 6.519409
v -6.839233 -0.690094 6.355469
v -6.948853 -0.690722 6.187134
v -7.061584 -0.688269 6.014160
v -7.180786 -0.681736 5.833740
v -7.304260 -0.679815 5.646606
v -7.426880 -0.678112 5.458130
v -7.543091 -0.675753 5.273315
v -7.647278 -0.673328 5.097900
v -7.735229 -0.671925 4.934937
v -7.811401 -0.671314 4.779541
v -7.882996 -0.671886 4.624878
v -7.957397 -0.672703 4.465942
v -8.040894 -0.673088 4.298218
v -8.133850 -0.671946 4.120850
v -8.231873 -0.663744 3.936890
v -8.333374 -0.655073 3.749878
v -8.436768 -0.648098 3.563721
v -8.540710 -0.644529 3.382080
v -8.647278 -0.639929 3.207031
v -8.756775 -0.634417 3.037109
v -8.865295 -0.628197 2.870483
v -8.969604 -0.620361 2.704712
v -9.066895 -0.613544 2.536011
v -9.158203 -0.613304 2.362915
v -9.245483 -0.613916 2.187134
v -9.328918 -0.613438 2.009155
v -9.408386 -0.613689 1.829468
v -9.483887 -0.614677 1.648071
v -9.554077 -0.616646 1.464722
v -9.619080 -0.618540 1.278198
v -9.681580 -0.620552 1.088989
v -9.743469 -0.622751 0.898193
v -9.807190 -0.623789 0.707520
v -9.872437 -0.624525 0.517944
v -9.937622 -0.625257 0.328857
v -10.002930 -0.625286 0.139771
v -10.067810 -0.625275 -0.049316
v -10.132446 -0.625278 -0.238281
v -10.196777 -0.625336 -0.427124
v -10.260864 -0.625452 -0.616455
v -10.324951 -0.625072 -0.805786
v -10.388672 -0.617893 -0.994873
v -10.452332 -0.609392 -1.184326
v -10.516357 -0.600803 -1.373657
v -10.580627 -0.592159 -1.562866
v -10.644409 -0.583618 -1.751831
v -10.707153 -0.574181 -1.940796
v -10.768250 -0.558386 -2.130005
v -10.828918 -0.542671 -2.319946
v -10.889343 -0.526899 -2.509399
v -10.947754 -0.511326 -2.698608
v -11.002869 -0.496483 -2.887817
v -11.052979 -0.481089 -3.077637
v -11.098511 -0.462723 -3.269043
v -11.140564 -0.445045 -3.461792
v -11.178650 -0.428205 -3.655273
v -11.212830 -0.412207 -3.849121
v -11.242920 -0.395937 -4.043457
v -11.270081 -0.377533 -4.238647
v -11.294250 -0.357933 -4.433838
v -11.313782 -0.339310 -4.628784
v -11.327148 -0.322056 -4.822632
v -11.332642 -0.306520 -5.015259
v -11.328857 -0.290138 -5.207275
v -11.316833 -0.272768 -5.400024
v -11.298950 -0.256580 -5.593750
v -11.277100 -0.240938 -5.789062
v -11.253967 -0.225214 -5.987427
v -11.238281 -0.208544 -6.177490
v -11.229126 -0.190598 -6.354126
v -11.213257 -0.182697 -6.530151
v -11.177856 -0.176882 -6.724121
v -11.108948 -0.174229 -6.956299
v -11.000183 -0.166389 -7.253662
v -10.861084 -0.158686 -7.603394
v -10.700073 -0.161377 -7.965820
v -10.525635 -0.166548 -8.303101
v -10.347473 -0.175430 -8.576904
v -10.158203 -0.186775 -8.783203
v -9.949280 -0.202198 -8.950684
v -9.728455 -0.220142 -9.090454
v -9.504272 -0.236263 -9.212891
v -9.288391 -0.251986 -9.327515
v -9.090271 -0.258879 -9.430542
v -8.904175 -0.261648 -9.514648
v -8.720764 -0.264524 -9.583008
v -8.531372 -0.268587 -9.638062
v -8.327698 -0.274107 -9.681763
v -8.108826 -0.280125 -9.715698
v -7.880859 -0.273291 -9.737915
v -7.644775 -0.267145 -9.746826
v -7.401672 -0.261839 -9.740601
v -7.152222 -0.257490 -9.717651
v -6.892395 -0.251139 -9.678467
v -6.622192 -0.242208 -9.624023
v -6.346863 -0.234116 -9.553833
v -6.071838 -0.227242 -9.466187
v -5.801514 -0.216492 -9.360229
v -5.524109 -0.197865 -9.230103
v -5.236328 -0.181808 -9.076050
v -4.955139 -0.168591 -8.907227
v -4.697815 -0.148716 -8.732422
v -4.480713 -0.120977 -8.560791
v -4.305115 -0.098757 -8.395020
v -4.160217 -0.081450 -8.229614
v -4.042542 -0.068651 -8.060547
v -3.948364 -0.059933 -7.882690
v -3.875000 -0.054981 -7.692871
v -3.828369 -0.054770 -7.481934
v -3.809814 -0.071089 -7.248169
v -3.810852 -0.093006 -7.002441
v -3.821472 -0.116295 -6.758301
v -3.832214 -0.138096 -6.531372
v -3.843933 -0.158237 -6.328857
v -3.863220 -0.186098 -6.141602
v -3.888550 -0.213968 -5.961426
v -3.918701 -0.242554 -5.781372
v -3.951538 -0.272072 -5.597412
v -3.992126 -0.300900 -5.411133
v -4.042236 -0.329865 -5.223389
v -4.094788 -0.362143 -5.031128
v -4.141357 -0.394266 -4.833740
v -4.173706 -0.425081 -4.631104
v -4.185059 -0.449427 -4.425781
v -4.180908 -0.471474 -4.222168
v -4.170288 -0.494795 -4.021729
v -4.161804 -0.519884 -3.825317
v -4.163757 -0.545582 -3.633545
v -4.182068 -0.569923 -3.442505
v -4.211914 -0.589752 -3.247314
v -4.244080 -0.610151 -3.047729
v -4.268372 -0.629786 -2.844482
v -4.274414 -0.648005 -2.640625
v -4.264160 -0.663210 -2.440430
v -4.244324 -0.673782 -2.242432
v -4.211365 -0.683769 -2.043823
v -4.161743 -0.692587 -1.845459
v -4.091614 -0.699667 -1.648071
v -3.995850 -0.705791 -1.445923
v -3.877258 -0.711031 -1.240112
v -3.745178 -0.715309 -1.040649
v -3.607910 -0.719023 -0.857544
v -3.473450 -0.720879 -0.700317
v -3.342896 -0.721050 -0.574219
v -3.211609 -0.720068 -0.474243
v -3.078918 -0.718216 -0.393311
v -2.943237 -0.715761 -0.323608
v -2.800781 -0.712936 -0.256226
v -2.649536 -0.709740 -0.189331
v -2.491150 -0.707415 -0.129028
v -2.325684 -0.705837 -0.075073
v -2.151733 -0.703772 -0.027832
v -1.969666 -0.701235 0.012817
v -1.772888 -0.698320 0.052734
v -1.559753 -0.690969 0.092163
v -1.337769 -0.684910 0.122681
v -1.115051 -0.680300 0.135010
v -0.901062 -0.673775 0.119385
v -0.701111 -0.665005 0.069580
v -0.513367 -0.646833 -0.007080
v -0.336060 -0.624353 -0.100708
v -0.166748 -0.613726 -0.202881
v -0.001465 -0.602943 -0.306030
v 0.164124 -0.594395 -0.411865
v 0.329102 -0.587622 -0.526123
v 0.490173 -0.579885 -0.648560
v 0.645447 -0.571043 -0.779541
v 0.793091 -0.555363 -0.920166
v 0.928833 -0.538315 -1.073730
v 1.052185 -0.518793 -1.237549
v 1.167542 -0.498232 -1.404663
v 1.280640 -0.486328 -1.569336
v 1.397705 -0.479490 -1.727905
v 1.518982 -0.473385 -1.884277
v 1.640442 -0.457954 -2.041504
v 1.762756 -0.441214 -2.195312
v 1.888672 -0.425625 -2.343872
v 2.020142 -0.411280 -2.485474
v 2.160156 -0.399363 -2.619019
v 2.308411 -0.399670 -2.747192
v 2.462341 -0.406885 -2.873047
v 2.618958 -0.414415 -2.999634
v 2.773193 -0.414408 -3.128174
v 2.926880 -0.411562 -3.255127
v 3.084106 -0.400909 -3.380249
v 3.241638 -0.387192 -3.508545
v 3.395203 -0.371561 -3.644409
v 3.539490 -0.363838 -3.792114
v 3.669250 -0.354782 -3.952271
v 3.785828 -0.342747 -4.120361
v 3.894287 -0.313232 -4.291016
v 3.999573 -0.286835 -4.460693
v 4.107178 -0.260897 -4.626221
v 4.218445 -0.233389 -4.790039
v 4.330200 -0.205744 -4.954712
v 4.442017 -0.197891 -5.119263
v 4.553833 -0.187939 -5.283691
v 4.665710 -0.166889 -5.448242
v 4.777588 -0.145805 -5.612915
v 4.889343 -0.122625 -5.777588
v 5.001038 -0.099258 -5.942139
v 5.112854 -0.076180 -6.105469
v 5.224609 -0.049200 -6.267334
v 5.338135 -0.020132 -6.426392
v 5.453857 0.014233 -6.583984
v 5.569946 0.048853 -6.742432
v 5.684082 0.084593 -6.903564
v 5.793335 0.122316 -7.068848
v 5.896240 0.161837 -7.237183
v 5.994446 0.202583 -7.407349
v 6.088806 0.237886 -7.578735
v 6.180359 0.281656 -7.751587
v 6.272095 0.330944 -7.928833
v 6.350159 0.377827 -8.115845
v 6.410767 0.426659 -8.304321
v 6.472046 0.477747 -8.482178
v 6.552307 0.514748 -8.644287
v 6.672058 0.529795 -8.791626
v 6.845337 0.538002 -8.939941
v 7.059204 0.565392 -9.090698
v 7.298950 0.610523 -9.227905
v 7.552612 0.639746 -9.337769
v 7.809265 0.658125 -9.408203
v 8.086304 0.669418 -9.438843
v 8.392700 0.668787 -9.438232
v 8.706177 0.681438 -9.407227
v 9.004395 0.674730 -9.348633
v 9.264587 0.653868 -9.265991
v 9.493164 0.623611 -9.147949
v 9.708069 0.605064 -8.990723
v 9.903015 0.604103 -8.810669
v 10.069641 0.595051 -8.625244
v 10.198364 0.607845 -8.456299
v 10.275940 0.623974 -8.310791
v 10.312134 0.630398 -8.170410
v 10.326660 0.631567 -8.020996
v 10.336060 0.631285 -7.856201
v 10.359253 0.605350 -7.675781
v 10.402405 0.583630 -7.487793
v 10.451111 0.616617 -7.298828
v 10.495178 0.658396 -7.109619
v 10.525146 0.693829 -6.921997
v 10.532166 0.718737 -6.738403
v 10.508728 0.730419 -6.550659
v 10.460205 0.723261 -6.352173
v 10.397522 0.712046 -6.147827
v 10.332825 0.700001 -5.942383
v 10.279175 0.692665 -5.743042
v 10.236633 0.693577 -5.554932
v 10.196655 0.696276 -5.374268
v 10.160583 0.696800 -5.197510
v 10.129883 0.688501 -5.022583
v 10.106506 0.683439 -4.848877
v 10.091797 0.683867 -4.677490
v 10.084656 0.689308 -4.510620
v 10.083069 0.697008 -4.346924
v 10.085510 0.706341 -4.185303
v 10.090027 0.707190 -4.026001
v 10.088928 0.700821 -3.868164
v 10.083496 0.692448 -3.706787
v 10.085144 0.683693 -3.538574
v 10.107605 0.682920 -3.364258
v 10.164795 0.697868 -3.186035
v 10.268127 0.733910 -3.015015
v 10.403259 0.773941 -2.857422
v 10.548462 0.819540 -2.706299
v 10.686157 0.861567 -2.554443
v 10.800842 0.882889 -2.393799
v 10.898743 0.891665 -2.214111
v 10.991577 0.896391 -2.018188
v 11.075989 0.898287 -1.814941
v 11.149414 0.897421 -1.610962
v 11.209839 0.891830 -1.413086
v 11.256165 0.871836 -1.221924
v 11.289978 0.846949 -1.032715
v 11.313049 0.817574 -0.843994
v 11.326721 0.798429 -0.654419
v 11.332642 0.779593 -0.464111
v 11.328064 0.756289 -0.273315
v 11.311890 0.725840 -0.081177
v 11.287842 0.690477 0.113403
v 11.260071 0.653936 0.309814
v 11.232605 0.636669 0.506958
v 11.208069 0.620687 0.703857
v 11.183960 0.604408 0.898926
v 11.156677 0.586405 1.091675
v 11.122803 0.565611 1.281128
v 11.079041 0.546532 1.466553
v 11.021912 0.535549 1.649170
v 10.952759 0.516043 1.831055
v 10.876343 0.492220 2.014160
v 10.797302 0.467329 2.199097
v 10.720825 0.443787 2.386963
v 10.650635 0.427551 2.577148
v 10.584229 0.425877 2.767334
v 10.517090 0.423283 2.954224
v 10.445068 0.417381 3.134888
v 10.363647 0.406055 3.307373
v 10.270508 0.389858 3.472900
v 10.167725 0.368479 3.634277
v 10.057495 0.344168 3.792603
v 9.942322 0.317272 3.949463
v 9.824829 0.282076 4.105103
v 9.704285 0.244766 4.257812
v 9.578552 0.208109 4.407593
v 9.449097 0.179058 4.556396
v 9.317932 0.133698 4.706055
v 9.187805 0.096979 4.857178
v 9.060120 0.064016 5.010376
v 8.934143 0.031921 5.164429
v 8.808472 0.013136 5.316528
v 8.681458 -0.006924 5.465332
v 8.550720 -0.029394 5.609497
v 8.417053 -0.039000 5.751831
v 8.282532 -0.046307 5.892212
v 8.145874 -0.044622 6.027466
v 8.004761 -0.046602 6.154541
v 7.857483 -0.053389 6.270996
v 7.700073 -0.073248 6.375122
v 7.531738 -0.099916 6.469727
v 7.355469 -0.124180 6.559937
v 7.175415 -0.129593 6.649780
v 6.996521 -0.155947 6.743408
v 6.821228 -0.190411 6.839844
v 6.646729 -0.224730 6.935791
v 6.472229 -0.247835 7.031616
v 6.297852 -0.266941 7.127563
v 6.123169 -0.262993 7.223633
v 5.948792 -0.257635 7.320312
v 5.774963 -0.252123 7.417114
v 5.601379 -0.257626 7.513794
v 5.427551 -0.273855 7.608887
v 5.252808 -0.290724 7.702026
v 5.076599 -0.292257 7.792969
v 4.898682 -0.292603 7.881836
v 4.719910 -0.308447 7.970093
v 4.540283 -0.324451 8.058228
v 4.360901 -0.320162 8.146851
v 4.181885 -0.319462 8.235840
v 4.003052 -0.325405 8.324829
v 3.823975 -0.318161 8.413696
v 3.645081 -0.310902 8.502563
v 3.465759 -0.306730 8.591675
v 3.286438 -0.329582 8.682617
v 3.107971 -0.351925 8.775269
v 2.930603 -0.369772 8.866211
v 2.753662 -0.368343 8.953125
v 2.575989 -0.392057 9.033936
v 2.398682 -0.416990 9.107666
v 2.221680 -0.440729 9.176392
v 2.042725 -0.449709 9.241333
v 1.858582 -0.473732 9.303955
v 1.666321 -0.476555 9.365967
v 1.462830 -0.479271 9.429932
v 1.250671 -0.482668 9.494263
v 1.035461 -0.493561 9.555298
v 0.822571 -0.517334 9.609009
v 0.617004 -0.523514 9.651123
v 0.419800 -0.521114 9.680054
v 0.226257 -0.520582 9.698242
v 0.032532 -0.524883 9.709473
v -0.164185 -0.531351 9.717041
v -0.367004 -0.537960 9.724365
v -0.575134 -0.539419 9.733643
v -0.785461 -0.541073 9.741943
v -0.996765 -0.542112 9.746826
v -1.207397 -0.542938 9.745361
v -1.417480 -0.545309 9.734375
v -1.629272 -0.549164 9.714355
v -1.843567 -0.554218 9.687012
v -2.057495 -0.560509 9.652100
v -2.268860 -0.565722 9.609497
v -2.474854 -0.571709 9.559082
v -2.677612 -0.579428 9.496460
v -2.880859 -0.588968 9.420532
v -3.082642 -0.599689 9.338257
v -3.279846 -0.610508 9.256104
v -3.470032 -0.620173 9.180908
v -3.646729 -0.623178 9.119873
v -3.808533 -0.624357 9.069824
v -3.961243 -0.626236 9.020874
v -4.112183 -0.628824 8.963989
v -4.271118 -0.632881 8.888428
v -4.445312 -0.638750 8.789185
v -4.629944 -0.645956 8.672363
v -4.817078 -0.653673 8.544189
v -4.999329 -0.658836 8.410522
v -5.169067 -0.664373 8.277588
v -5.324890 -0.670395 8.144531
v -5.472290 -0.675577 8.006958
v -5.613770 -0.678890 7.865723
v -5.751221 -0.682495 7.721802
v -5.886475 -0.686253 7.576660
v -6.018250 -0.686926 7.432007
v -6.145020 -0.687483 7.286621
v -6.268250 -0.688364 7.139404
v -6.388367 -0.689600 6.989502
v -6.506287 -0.689547 6.836060
v -6.620300 -0.689381 6.679443
v -6.730469 -0.689608 6.519409
v -6.839233 -0.690094 6.355469
v -6.948853 -0.690722 6.187134
v -7.061584 -0.688269 6.014160
v -7.180786 -0.681736 5.833740
v -7.304260 -0.679815 5.646606
v -7.426880 -0.678112 5.458130
v -7.543091 -0.675753 5.273315
v -7.647278 -0.673328 5.097900
v -7.735229 -0.671925 4.934937
v -7.811401 -0.671314 4.779541
v -7.882996 -0.671886 4.624878
v -7.957397 -0.672703 4.465942
v -8.040894 -0.673088 4.298218
v -8.133850 -0.671946 4.120850
v -8.231873 -0.663744 3.936890
v -8.333374 -0.655073 3.749878
v -8.436768 -0.648098 3.563721
v -8.540710 -0.644529 3.382080
v -8.647278 -0.639929 3.207031
v -8.756775 -0.634417 3.037109
v -8.865295 -0.628197 2.870483
v -8.969604 -0.620361 2.704712
v -9.066895 -0.613544 2.536011
v -9.158203 -0.613304 2.362915
v -9.245483 -0.613916 2.187134
v -9.328918 -0.613438 2.009155
v -9.408386 -0.613689 1.829468
v -9.483887 -0.614677 1.648071
v -9.554077 -0.616646 1.464722
v -9.619080 -0.618540 1.278198
v -9.681580 -0.620552 1.088989
v -9.743469 -0.622751 0.898193
v -9.807190 -0.623789 0.707520
v -9.872437 -0.624525 0.517944
v -9.937622 -0.625257 0.328857
v -10.002930 -0.625286 0.139771
v -10.067810 -0.625275 -0.049316
v -10.132446 -0.625278 -0.238281
v -10.196777 -0.625336 -0.427124
v -10.260864 -0.625452 -0.616455
v -10.324951 -0.625072 -0.805786
v -10.388672 -0.617893 -0.994873
v -10.452332 -0.609392 -1.184326
v -10.516357 -0.600803 -1.373657
v -10.580627 -0.592159 -1.562866
v -10.644409 -0.583618 -1.751831
v -10.707153 -0.574181 -1.940796
v -10.768250 -0.558386 -2.130005
v -10.828918 -0.542671 -2.319946
v -10.889343 -0.526899 -2.509399
v -10.947754 -0.511326 -2.698608
v -11.002869 -0.496483 -2.887817
v -11.052979 -0.481089 -3.077637
v -11.098511 -0.462723 -3.269043
v -11.140564 -0.445045 -3.461792
v -11.178650 -0.428205 -3.655273
v -11.212830 -0.412207 -3.849121
v -11.242920 -0.395937 -4.043457
v -11.270081 -0.377533 -4.238647
v -11.294250 -0.357933 -4.433838
v -11.313782 -0.339310 -4.628784
v -11.327148 -0.322056 -4.822632
v -11.332642 -0.306520 -5.015259
v -11.328857 -0.290138 -5.207275
v -11.316833 -0.272768 -5.400024
v -11.298950 -0.256580 -5.593750
v -11.277100 -0.240938 -5.789062
v -11.253967 -0.225214 -5.987427
v -11.238281 -0.208544 -6.177490
v -11.229126 -0.190598 -6.354126
v -11.213257 -0.182697 -6.530151
v -11.177856 -0.176882 -6.724121
v -11.108948 -0.174229 -6.956299
v -11.000183 -0.166389 -7.253662
v -10.861084 -0.158686 -7.603394
v -10.700073 -0.161377 -7.965820
v -10.525635 -0.166548 -8.303101
v -10.300049 -0.283337 -8.540039
v -10.117188 -0.293737 -8.739380
v -9.914429 -0.308701 -8.901855
v -9.697998 -0.326483 -9.038818
v -9.475830 -0.342472 -9.160034
v -9.260437 -0.358154 -9.274414
v -9.064087 -0.363468 -9.376587
v -8.881348 -0.366423 -9.459229
v -8.701965 -0.369247 -9.526123
v -8.516663 -0.373222 -9.579834
v -8.316833 -0.378540 -9.622803
v -8.101379 -0.384007 -9.656250
v -7.876831 -0.377167 -9.677979
v -7.644409 -0.371128 -9.686768
v -7.405212 -0.365896 -9.680786
v -7.159424 -0.361723 -9.658081
v -6.902771 -0.355738 -9.619385
v -6.635498 -0.346878 -9.565552
v -6.363403 -0.338890 -9.496094
v -6.091858 -0.332096 -9.409668
v -5.825195 -0.322659 -9.305176
v -5.550964 -0.304256 -9.176392
v -5.265930 -0.286413 -9.023926
v -4.987488 -0.273016 -8.856689
v -4.733276 -0.256411 -8.684082
v -4.519958 -0.228907 -8.515503
v -4.348328 -0.207191 -8.353394
v -4.207458 -0.190367 -8.192749
v -4.093750 -0.177990 -8.029419
v -4.002930 -0.169579 -7.857788
v -3.932434 -0.164751 -7.675537
v -3.887756 -0.164434 -7.473022
v -3.869812 -0.180756 -7.245850
v -3.870850 -0.202339 -7.003906
v -3.881409 -0.225521 -6.760986
v -3.892151 -0.247211 -6.534546
v -3.903748 -0.266876 -6.333618
v -3.922791 -0.294365 -6.148926
v -3.947876 -0.321959 -5.970459
v -3.977844 -0.350361 -5.791626
v -4.010376 -0.379635 -5.609131
v -4.050476 -0.407331 -5.425171
v -4.100159 -0.435850 -5.239014
v -4.152893 -0.468248 -5.046021
v -4.200195 -0.500868 -4.845459
v -4.233398 -0.531731 -4.637573
v -4.245056 -0.556448 -4.426758
v -4.240906 -0.578856 -4.219971
v -4.230225 -0.602324 -4.018799
v -4.221802 -0.627150 -3.824341
v -4.223694 -0.652304 -3.636719
v -4.241577 -0.673798 -3.449829
v -4.271179 -0.693422 -3.256592
v -4.303528 -0.713921 -3.056030
v -4.328186 -0.733934 -2.848999
v -4.334412 -0.752630 -2.640015
v -4.323975 -0.766283 -2.435913
v -4.303833 -0.777042 -2.234497
v -4.270142 -0.787251 -2.031616
v -4.219177 -0.796207 -1.828125
v -4.147095 -0.803486 -1.625122
v -4.049011 -0.809755 -1.418091
v -3.928284 -0.815088 -1.208618
v -3.794250 -0.819435 -1.006104
v -3.654785 -0.822874 -0.820068
v -3.517151 -0.824398 -0.659180
v -3.381958 -0.824566 -0.528687
v -3.245422 -0.823551 -0.424683
v -3.108215 -0.821638 -0.340942
v -2.969727 -0.819134 -0.269775
v -2.825745 -0.816277 -0.201660
v -2.672363 -0.813026 -0.133911
v -2.511108 -0.810316 -0.072388
v -2.342834 -0.808706 -0.017578
v -2.166138 -0.806610 0.030396
v -1.982178 -0.804049 0.071533
v -1.784302 -0.801113 0.111694
v -1.569275 -0.796021 0.151367
v -1.343567 -0.789604 0.182495
v -1.114563 -0.784859 0.195068
v -0.891602 -0.778049 0.178589
v -0.682434 -0.768887 0.126587
v -0.487976 -0.751724 0.047241
v -0.306519 -0.731226 -0.048462
v -0.135315 -0.720486 -0.151733
v 0.030579 -0.709663 -0.255371
v 0.197327 -0.700701 -0.361938
v 0.364380 -0.693867 -0.477539
v 0.527710 -0.686005 -0.601685
v 0.685486 -0.677025 -0.734863
v 0.836243 -0.664991 -0.878418
v 0.975342 -0.647526 -1.035767
v 1.100891 -0.627645 -1.202515
v 1.216980 -0.606951 -1.370728
v 1.329529 -0.595766 -1.534546
v 1.445557 -0.589008 -1.691650
v 1.566467 -0.582893 -1.847656
v 1.687683 -0.570200 -2.004395
v 1.809143 -0.553522 -2.157227
v 1.933533 -0.537798 -2.304077
v 2.062866 -0.523708 -2.443237
v 2.200500 -0.512003 -2.574585
v 2.346985 -0.511972 -2.701294
v 2.500183 -0.519154 -2.826538
v 2.657043 -0.526714 -2.953247
v 2.811523 -0.529741 -3.081909
v 2.964661 -0.526863 -3.208496
v 3.121704 -0.513813 -3.333496
v 3.280457 -0.499937 -3.462891
v 3.436584 -0.484066 -3.600952
v 3.584290 -0.476110 -3.752319
v 3.717224 -0.466856 -3.916260
v 3.835815 -0.454615 -4.087158
v 3.945129 -0.428186 -4.259155
v 4.050232 -0.402153 -4.428467
v 4.157104 -0.374712 -4.593018
v 4.268127 -0.347315 -4.756348
v 4.379822 -0.319628 -4.921021
v 4.491638 -0.313057 -5.085449
v 4.603455 -0.306206 -5.250000
v 4.715332 -0.285179 -5.414429
v 4.827209 -0.264059 -5.579224
v 4.938965 -0.240761 -5.743896
v 5.050598 -0.217367 -5.908325
v 5.162292 -0.194347 -6.071533
v 5.273682 -0.162592 -6.232910
v 5.386719 -0.137850 -6.391113
v 5.502258 -0.103447 -6.548584
v 5.618652 -0.068789 -6.707397
v 5.733582 -0.032770 -6.869751
v 5.843933 0.005363 -7.036743
v 5.947815 0.045229 -7.206543
v 6.046753 0.086176 -7.377808
v 6.141541 0.123230 -7.550171
v 6.233521 0.168480 -7.723755
v 6.326416 0.214403 -7.903442
v 6.406494 0.260607 -8.095093
v 6.467712 0.309898 -8.285400
v 6.527344 0.361725 -8.458984
v 6.602722 0.401339 -8.611816
v 6.715088 0.415373 -8.749756
v 6.882202 0.423262 -8.892578
v 7.091431 0.448246 -9.040039
v 7.325806 0.492397 -9.174316
v 7.572510 0.519751 -9.281128
v 7.820557 0.535633 -9.349365
v 8.089539 0.546526 -9.378906
v 8.389648 0.545902 -9.378296
v 8.697449 0.557682 -9.347778
v 8.989502 0.559509 -9.290527
v 9.241638 0.539297 -9.210571
v 9.461670 0.510185 -9.096924
v 9.669922 0.483953 -8.944458
v 9.860291 0.482946 -8.768433
v 10.023438 0.474142 -8.587036
v 10.147766 0.495380 -8.423950
v 10.220032 0.510420 -8.289062
v 10.253113 0.516281 -8.159790
v 10.266785 0.517332 -8.016357
v 10.276306 0.506819 -7.850586
v 10.300171 0.477251 -7.665283
v 10.344116 0.455095 -7.473633
v 10.392822 0.492828 -7.284546
v 10.436279 0.534048 -7.098022
v 10.465454 0.568432 -6.916138
v 10.472229 0.592222 -6.740967
v 10.449768 0.601517 -6.561401
v 10.402344 0.594460 -6.368042
v 10.340271 0.583155 -6.165649
v 10.275269 0.571096 -5.959106
v 10.220886 0.563633 -5.757446
v 10.178101 0.565609 -5.567993
v 10.138000 0.568295 -5.386841
v 10.101624 0.569786 -5.208618
v 10.070557 0.561361 -5.031860
v 10.046875 0.556263 -4.855469
v 10.031921 0.557714 -4.681274
v 10.024658 0.563238 -4.512207
v 10.023071 0.571030 -4.346802
v 10.025513 0.580423 -4.183960
v 10.030029 0.581207 -4.025391
v 10.028931 0.574881 -3.869385
v 10.023499 0.566139 -3.707520
v 10.025330 0.555964 -3.534546
v 10.049011 0.555180 -3.351318
v 10.110168 0.571175 -3.161133
v 10.219604 0.606693 -2.979736
v 10.358887 0.647934 -2.817017
v 10.504578 0.693663 -2.665405
v 10.639404 0.734837 -2.516846
v 10.750000 0.760872 -2.361938
v 10.845276 0.769352 -2.186890
v 10.936707 0.774008 -1.993774
v 11.020081 0.776131 -1.793213
v 11.092468 0.775297 -1.592041
v 11.151917 0.763947 -1.397217
v 11.197449 0.744339 -1.209595
v 11.230652 0.719893 -1.023804
v 11.253357 0.690992 -0.838135
v 11.266785 0.672619 -0.651367
v 11.272644 0.654074 -0.463867
v 11.268127 0.631193 -0.276489
v 11.252258 0.600363 -0.087280
v 11.228333 0.565283 0.105591
v 11.200623 0.528170 0.301514
v 11.173096 0.510685 0.499023
v 11.148499 0.494658 0.696533
v 11.124451 0.478209 0.890991
v 11.097412 0.460371 1.082153
v 11.064026 0.439875 1.268921
v 11.021179 0.419565 1.450684
v 10.965210 0.408812 1.629517
v 10.897034 0.388977 1.808838
v 10.821045 0.365305 1.990845
v 10.741943 0.340401 2.176025
v 10.664856 0.315847 2.365234
v 10.594177 0.297417 2.556885
v 10.527649 0.295689 2.747314
v 10.460999 0.293159 2.932983
v 10.390015 0.287371 3.110962
v 10.310364 0.276493 3.279907
v 10.218994 0.260567 3.442017
v 10.117737 0.239462 3.600952
v 10.008667 0.215218 3.757690
v 9.894165 0.188345 3.913574
v 9.777344 0.153175 4.068359
v 9.657776 0.116169 4.219849
v 9.532898 0.084431 4.368530
v 9.403870 0.055506 4.516968
v 9.272644 0.009747 4.666626
v 9.142029 -0.030029 4.818359
v 9.013855 -0.063097 4.972290
v 8.887817 -0.094814 5.126343
v 8.762573 -0.113562 5.277954
v 8.636414 -0.133436 5.425659
v 8.506653 -0.155779 5.568848
v 8.373535 -0.158150 5.710571
v 8.239807 -0.170540 5.850098
v 8.104675 -0.168859 5.983887
v 7.966064 -0.170818 6.108643
v 7.822327 -0.177422 6.222412
v 7.668823 -0.196363 6.323853
v 7.503357 -0.222626 6.416870
v 7.328430 -0.242722 6.506348
v 7.148132 -0.248131 6.596313
v 6.968140 -0.271643 6.690552
v 6.792297 -0.306255 6.787231
v 6.617798 -0.340574 6.883179
v 6.443298 -0.371235 6.979004
v 6.268921 -0.387878 7.074951
v 6.094177 -0.382689 7.171143
v 5.919617 -0.377352 7.267822
v 5.745789 -0.371798 7.364746
v 5.572388 -0.375504 7.461182
v 5.399048 -0.391645 7.556152
v 5.224976 -0.408428 7.648926
v 5.049438 -0.405764 7.739380
v 4.872009 -0.403582 7.828125
v 4.693420 -0.419415 7.916260
v 4.513794 -0.435415 8.004395
v 4.334290 -0.443905 8.093140
v 4.155212 -0.441229 8.182129
v 3.976379 -0.443972 8.271118
v 3.797302 -0.436728 8.359985
v 3.618408 -0.429462 8.448853
v 3.438843 -0.422255 8.538086
v 3.259033 -0.445162 8.629272
v 3.080505 -0.467543 8.721924
v 2.903687 -0.481571 8.812622
v 2.728027 -0.480137 8.898926
v 2.552063 -0.500902 8.978882
v 2.376282 -0.525620 9.052002
v 2.200562 -0.550735 9.120239
v 2.022827 -0.572765 9.184692
v 1.839661 -0.589897 9.247070
v 1.648132 -0.592096 9.308838
v 1.445129 -0.594803 9.372681
v 1.233765 -0.598227 9.436646
v 1.019958 -0.606274 9.497314
v 0.809204 -0.629805 9.550537
v 0.606628 -0.634129 9.592041
v 0.412659 -0.631781 9.620483
v 0.221680 -0.631235 9.638428
v 0.029602 -0.634119 9.649536
v -0.166443 -0.640564 9.657104
v -0.369385 -0.647116 9.664429
v -0.577637 -0.648598 9.673584
v -0.787354 -0.650221 9.682007
v -0.997253 -0.651920 9.686768
v -1.205627 -0.652719 9.685425
v -1.413086 -0.655062 9.674561
v -1.622681 -0.658888 9.654663
v -1.834961 -0.663872 9.627686
v -2.046753 -0.670113 9.593140
v -2.255798 -0.676514 9.551025
v -2.458862 -0.682425 9.501343
v -2.658264 -0.690155 9.439575
v -2.859009 -0.699575 9.364624
v -3.059753 -0.710243 9.282715
v -3.257263 -0.721033 9.200562
v -3.449219 -0.726820 9.124634
v -3.628113 -0.728924 9.062866
v -3.790527 -0.730001 9.012573
v -3.941467 -0.731400 8.964233
v -4.088745 -0.733904 8.908813
v -4.243347 -0.737867 8.835205
v -4.414368 -0.743631 8.737671
v -4.596924 -0.750765 8.622192
v -4.782349 -0.758831 8.495239
v -4.963135 -0.764198 8.362671
v -5.131042 -0.769672 8.231079
v -5.284912 -0.775620 8.099731
v -5.430664 -0.779524 7.963745
v -5.570862 -0.782812 7.823730
v -5.707581 -0.786394 7.680664
v -5.842346 -0.790146 7.536011
v -5.973450 -0.792034 7.392090
v -6.099426 -0.792587 7.247681
v -6.221802 -0.793468 7.101318
v -6.341187 -0.794666 6.952515
v -6.458252 -0.794127 6.800171
v -6.571289 -0.793970 6.644775
v -6.680725 -0.794189 6.485840
v -6.789124 -0.794670 6.322510
v -6.898560 -0.795301 6.154419
v -7.011414 -0.795944 5.981201
v -7.130676 -0.790344 5.800659
v -7.254089 -0.788431 5.613770
v -7.376343 -0.785133 5.425781
v -7.491882 -0.781988 5.241943
v -7.595093 -0.779577 5.068359
v -7.681885 -0.778196 4.907471
v -7.757202 -0.777596 4.753662
v -7.828613 -0.778341 4.599609
v -7.903320 -0.779163 4.439819
v -7.987488 -0.779539 4.270996
v -8.080811 -0.779501 4.092896
v -8.179016 -0.774517 3.908447
v -8.280762 -0.765837 3.720947
v -8.384460 -0.759779 3.534180
v -8.489075 -0.756157 3.351562
v -8.596436 -0.751545 3.175171
v -8.706421 -0.744223 3.004395
v -8.814758 -0.735886 2.838135
v -8.918213 -0.728115 2.673828
v -9.014404 -0.721844 2.507080
v -9.104736 -0.722183 2.335571
v -9.191467 -0.723221 2.161011
v -9.274292 -0.723730 1.984253
v -9.353210 -0.723991 1.805786
v -9.428223 -0.724958 1.625854
v -9.497742 -0.726908 1.444092
v -9.562317 -0.728619 1.258911
v -9.624573 -0.730621 1.070312
v -9.686462 -0.732315 0.879395
v -9.750427 -0.733334 0.688232
v -9.815674 -0.734095 0.498413
v -9.880920 -0.734808 0.309326
v -9.946167 -0.734766 0.120239
v -10.011047 -0.734747 -0.068726
v -10.075684 -0.734751 -0.257568
v -10.139954 -0.734810 -0.446411
v -10.204041 -0.734928 -0.635620
v -10.268066 -0.731838 -0.824951
v -10.331848 -0.730368 -1.014038
v -10.395508 -0.722452 -1.203491
v -10.459534 -0.713863 -1.392944
v -10.523804 -0.705219 -1.582031
v -10.587524 -0.696684 -1.770874
v -10.650146 -0.686495 -1.959473
v -10.711121 -0.670717 -2.148438
v -10.771790 -0.655018 -2.338257
v -10.832092 -0.639061 -2.527344
v -10.890259 -0.623552 -2.715942
v -10.945068 -0.608789 -2.903809
v -10.994751 -0.593090 -3.092285
v -11.039978 -0.574846 -3.282349
v -11.081787 -0.557283 -3.473877
v -11.119690 -0.540535 -3.666260
v -11.153625 -0.524429 -3.858887
v -11.183533 -0.507792 -4.052246
v -11.210571 -0.489304 -4.246460
v -11.234619 -0.469809 -4.440552
v -11.254028 -0.451334 -4.633789
v -11.267212 -0.434271 -4.825562
v -11.272644 -0.418947 -5.015625
v -11.268921 -0.400850 -5.204834
v -11.257019 -0.383654 -5.395386
v -11.239258 -0.367615 -5.587646
v -11.217529 -0.352005 -5.782227
v -11.194214 -0.336220 -5.981445
v -11.178406 -0.318691 -6.173462
v -11.169250 -0.300539 -6.349854
v -11.153809 -0.292799 -6.522095
v -11.119507 -0.287163 -6.710205
v -11.052002 -0.284576 -6.937378
v -10.944153 -0.275635 -7.232300
v -10.805786 -0.267035 -7.580200
v -10.645996 -0.269661 -7.939819
v -10.473816 -0.274769 -8.272827
v -10.300049 -0.283337 -8.540039
v -10.117188 -0.293737 -8.739380
v -9.914429 -0.308701 -8.901855
v -9.697998 -0.326483 -9.038818
v -9.475830 -0.342472 -9.160034
v -9.260437 -0.358154 -9.274414
v -9.064087 -0.363468 -9.376587
v -8.881348 -0.366423 -9.459229
v -8.701965 -0.369247 -9.526123
v -8.516663 -0.373222 -9.579834
v -8.316833 -0.378540 -9.622803
v -8.101379 -0.384007 -9.656250
v -7.876831 -0.377167 -9.677979
v -7.644409 -0.371128 -9.686768
v -7.405212 -0.365896 -9.680786
v -7.159424 -0.361723 -9.658081
v -6.902771 -0.355738 -9.619385
v -6.635498 -0.346878 -9.565552
v -6.363403 -0.338890 -9.496094
v -6.091858 -0.332096 -9.409668
v -5.825195 -0.322659 -9.305176
v -5.550964 -0.304256 -9.176392
v -5.265930 -0.286413 -9.023926
v -4.987488 -0.273016 -8.856689
v -4.733276 -0.256411 -8.684082
v -4.519958 -0.228907 -8.515503
v -4.348328 -0.207191 -8.353394
v -4.207458 -0.190367 -8.192749
v -4.093750 -0.177990 -8.029419
v -4.002930 -0.169579 -7.857788
v -3.932434 -0.164751 -7.675537
v -3.887756 -0.164434 -7.473022
v -3.869812 -0.180756 -7.245850
v -3.870850 -0.202339 -7.003906
v -3.881409 -0.225521 -6.760986
v -3.892151 -0.247211 -6.534546
v -3.903748 -0.266876 -6.333618
v -3.922791 -0.294365 -6.148926
v -3.947876 -0.321959 -5.970459
v -3.977844 -0.350361 -5.791626
v -4.010376 -0.379635 -5.609131
v -4.050476 -0.407331 -5.425171
v -4.100159 -0.435850 -5.239014
v -4.152893 -0.468248 -5.046021
v -4.200195 -0.500868 -4.845459
v -4.233398 -0.531731 -4.637573
v -4.245056 -0.556448 -4.426758
v -4.240906 -0.578856 -4.219971
v -4.230225 -0.602324 -4.018799
v -4.221802 -0.627150 -3.824341
v -4.223694 -0.652304 -3.636719
v -4.241577 -0.673798 -3.449829
v -4.271179 -0.693422 -3.256592
v -4.303528 -0.713921 -3.056030
v -4.328186 -0.733934 -2.848999
v -4.334412 -0.752630 -2.640015
v -4.323975 -0.766283 -2.435913
v -4.303833 -0.777042 -2.234497
v -4.270142 -0.787251 -2.031616
v -4.219177 -0.796207 -1.828125
v -4.147095 -0.803486 -1.625122
v -4.049011 -0.809755 -1.418091
v -3.928284 -0.815088 -1.208618
v -3.794250 -0.819435 -1.006104
v -3.654785 -0.822874 -0.820068
v -3.517151 -0.824398 -0.659180
v -3.381958 -0.824566 -0.528687
v -3.245422 -0.823551 -0.424683
v -3.108215 -0.821638 -0.340942
v -2.969727 -0.819134 -0.269775
v -2.825745 -0.816277 -0.201660
v -2.672363 -0.813026 -0.133911
v -2.511108 -0.810316 -0.072388
v -2.342834 -0.808706 -0.017578
v -2.166138 -0.806610 0.030396
v -1.982178 -0.804049 0.071533
v -1.784302 -0.801113 0.111694
v -1.569275 -0.796021 0.151367
v -1.343567 -0.789604 0.182495
v -1.114563 -0.784859 0.195068
v -0.891602 -0.778049 0.178589
v -0.682434 -0.768887 0.126587
v -0.487976 -0.751724 0.047241
v -0.306519 -0.731226 -0.048462
v -0.135315 -0.720486 -0.151733
v 0.030579 -0.709663 -0.255371
v 0.197327 -0.700701 -0.361938
v 0.364380 -0.693867 -0.477539
v 0.527710 -0.686005 -0.601685
v 0.685486 -0.677025 -0.734863
v 0.836243 -0.664991 -0.878418
v 0.975342 -0.647526 -1.035767
v 1.100891 -0.627645 -1.202515
v 1.216980 -0.606951 -1.370728
v 1.329529 -0.595766 -1.534546
v 1.445557 -0.589008 -1.691650
v 1.566467 -0.582893 -1.847656
v 1.687683 -0.570200 -2.004395
v 1.809143 -0.553522 -2.157227
v 1.933533 -0.537798 -2.304077
v 2.062866 -0.523708 -2.443237
v 2.200500 -0.512003 -2.574585
v 2.346985 -0.511972 -2.701294
v 2.500183 -0.519154 -2.826538
v 2.657043 -0.526714 -2.953247
v 2.811523 -0.529741 -3.081909
v 2.964661 -0.526863 -3.208496
v 3.121704 -0.513813 -3.333496
v 3.280457 -0.499937 -3.462891
v 3.436584 -0.484066 -3.600952
v 3.584290 -0.476110 -3.752319
v 3.717224 -0.466856 -3.916260
v 3.835815 -0.454615 -4.087158
v 3.945129 -0.428186 -4.259155
v 4.050232 -0.402153 -4.428467
v 4.157104 -0.374712 -4.593018
v 4.268127 -0.347315 -4.756348
v 4.379822 -0.319628 -4.921021
v 4.491638 -0.313057 -5.085449
v 4.603455 -0.306206 -5.250000
v 4.715332 -0.285179 -5.414429
v 4.827209 -0.264059 -5.579224
v 4.938965 -0.240761 -5.743896
v 5.050598 -0.217367 -5.908325
v 5.162292 -0.194347 -6.071533
v 5.273682 -0.162592 -6.232910
v 5.386719 -0.137850 -6.391113
v 5.502258 -0.103447 -6.548584
v 5.618652 -0.068789 -6.707397
v 5.733582 -0.032770 -6.869751
v 5.843933 0.005363 -7.036743
v 5.947815 0.045229 -7.206543
v 6.046753 0.086176 -7.377808
v 6.141541 0.123230 -7.550171
v 6.233521 0.168480 -7.723755
v 6.326416 0.214403 -7.903442
v 6.406494 0.260607 -8.095093
v 6.467712 0.309898 -8.285400
v 6.527344 0.361725 -8.458984
v 6.602722 0.401339 -8.611816
v 6.715088 0.415373 -8.749756
v 6.882202 0.423262 -8.892578
v 7.091431 0.448246 -9.040039
v 7.325806 0.492397 -9.174316
v 7.572510 0.519751 -9.281128
v 7.820557 0.535633 -9.349365
v 8.089539 0.546526 -9.378906
v 8.389648 0.545902 -9.378296
v 8.697449 0.557682 -9.347778
v 8.989502 0.559509 -9.290527
v 9.241638 0.539297 -9.210571
v 9.461670 0.510185 -9.096924
v 9.669922 0.483953 -8.944458
v 9.860291 0.482946 -8.768433
v 10.023438 0.474142 -8.587036
v 10.147766 0.495380 -8.423950
v 10.220032 0.510420 -8.289062
v 10.253113 0.516281 -8.159790
v 10.266785 0.517332 -8.016357
v 10.276306 0.506819 -7.850586
v 10.300171 0.477251 -7.665283
v 10.344116 0.455095 -7.473633
v 10.392822 0.492828 -7.284546
v 10.436279 0.534048 -7.098022
v 10.465454 0.568432 -6.916138
v 10.472229 0.592222 -6.740967
v 10.449768 0.601517 -6.561401
v 10.402344 0.594460 -6.368042
v 10.340271 0.583155 -6.165649
v 10.275269 0.571096 -5.959106
v 10.220886 0.563633 -5.757446
v 10.178101 0.565609 -5.567993
v 10.138000 0.568295 -5.386841
v 10.101624 0.569786 -5.208618
v 10.070557 0.561361 -5.031860
v 10.046875 0.556263 -4.855469
v 10.031921 0.557714 -4.681274
v 10.024658 0.563238 -4.512207
v 10.023071 0.571030 -4.346802
v 10.025513 0.580423 -4.183960
v 10.030029 0.581207 -4.025391
v 10.028931 0.574881 -3.869385
v 10.023499 0.566139 -3.707520
v 10.025330 0.555964 -3.534546
v 10.049011 0.555180 -3.351318
v 10.110168 0.571175 -3.161133
v 10.219604 0.606693 -2.979736
v 10.358887 0.647934 -2.817017
v 10.504578 0.693663 -2.665405
v 10.639404 0.734837 -2.516846
v 10.750000 0.760872 -2.361938
v 10.845276 0.769352 -2.186890
v 10.936707 0.774008 -1.993774
v 11.020081 0.776131 -1.793213
v 11.092468 0.775297 -1.592041
v 11.151917 0.763947 -1.397217
v 11.197449 0.744339 -1.209595
v 11.230652 0.719893 -1.023804
v 11.253357 0.690992 -0.838135
v 11.266785 0.672619 -0.651367
v 11.272644 0.654074 -0.463867
v 11.268127 0.631193 -0.276489
v 11.252258 0.600363 -0.087280
v 11.228333 0.565283 0.105591
v 11.200623 0.528170 0.301514
v 11.173096 0.510685 0.499023
v 11.148499 0.494658 0.696533
v 11.124451 0.478209 0.890991
v 11.097412 0.460371 1.082153
v 11.064026 0.439875 1.268921
v 11.021179 0.419565 1.450684
v 10.965210 0.408812 1.629517
v 10.897034 0.388977 1.808838
v 10.821045 0.365305 1.990845
v 10.741943 0.340401 2.176025
v 10.664856 0.315847 2.365234
v 10.594177 0.297417 2.556885
v 10.527649 0.295689 2.747314
v 10.460999 0.293159 2.932983
v 10.390015 0.287371 3.110962
v 10.310364 0.276493 3.279907
v 10.218994 0.260567 3.442017
v 10.117737 0.239462 3.600952
v 10.008667 0.215218 3.757690
v 9.894165 0.188345 3.913574
v 9.777344 0.153175 4.068359
v 9.657776 0.116169 4.219849
v 9.532898 0.084431 4.368530
v 9.403870 0.055506 4.516968
v 9.272644 0.009747 4.666626
v 9.142029 -0.030029 4.818359
v 9.013855 -0.063097 4.972290
v 8.887817 -0.094814 5.126343
v 8.762573 -0.113562 5.277954
v 8.636414 -0.133436 5.425659
v 8.506653 -0.155779 5.568848
v 8.373535 -0.158150 5.710571
v 8.239807 -0.170540 5.850098
v 8.104675 -0.168859 5.983887
v 7.966064 -0.170818 6.108643
v 7.822327 -0.177422 6.222412
v 7.668823 -0.196363 6.323853
v 7.503357 -0.222626 6.416870
v 7.328430 -0.242722 6.506348
v 7.148132 -0.248131 6.596313
v 6.968140 -0.271643 6.690552
v 6.792297 -0.306255 6.787231
v 6.617798 -0.340574 6.883179
v 6.443298 -0.371235 6.979004
v 6.268921 -0.387878 7.074951
v 6.094177 -0.382689 7.171143
v 5.919617 -0.377352 7.267822
v 5.745789 -0.371798 7.364746
v 5.572388 -0.375504 7.461182
v 5.399048 -0.391645 7.556152
v 5.224976 -0.408428 7.648926
v 5.049438 -0.405764 7.739380
v 4.872009 -0.403582 7.828125
v 4.693420 -0.419415 7.916260
v 4.513794 -0.435415 8.004395
v 4.334290 -0.443905 8.093140
v 4.155212 -0.441229 8.182129
v 3.976379 -0.443972 8.271118
v 3.797302 -0.436728 8.359985
v 3.618408 -0.429462 8.448853
v 3.438843 -0.422255 8.538086
v 3.259033 -0.445162 8.629272
v 3.080505 -0.467543 8.721924
v 2.903687 -0.481571 8.812622
v 2.728027 -0.480137 8.898926
v 2.552063 -0.500902 8.978882
v 2.376282 -0.525620 9.052002
v 2.200562 -0.550735 9.120239
v 2.022827 -0.572765 9.184692
v 1.839661 -0.589897 9.247070
v 1.648132 -0.592096 9.308838
v 1.445129 -0.594803 9.372681
v 1.233765 -0.598227 9.436646
v 1.019958 -0.606274 9.497314
v 0.809204 -0.629805 9.550537
v 0.606628 -0.634129 9.592041
v 0.412659 -0.631781 9.620483
v 0.221680 -0.631235 9.638428
v 0.029602 -0.634119 9.649536
v -0.166443 -0.640564 9.657104
v -0.369385 -0.647116 9.664429
v -0.577637 -0.648598 9.673584
v -0.787354 -0.650221 9.682007
v -0.997253 -0.651920 9.686768
v -1.205627 -0.652719 9.685425
v -1.413086 -0.655062 9.674561
v -1.622681 -0.658888 9.654663
v -1.834961 -0.663872 9.627686
v -2.046753 -0.670113 9.593140
v -2.255798 -0.676514 9.551025
v -2.458862 -0.682425 9.501343
v -2.658264 -0.690155 9.439575
v -2.859009 -0.699575 9.364624
v -3.059753 -0.710243 9.282715
v -3.257263 -0.721033 9.200562
v -3.449219 -0.726820 9.124634
v -3.628113 -0.728924 9.062866
v -3.790527 -0.730001 9.012573
v -3.941467 -0.731400 8.964233
v -4.088745 -0.733904 8.908813
v -4.243347 -0.737867 8.835205
v -4.414368 -0.743631 8.737671
v -4.596924 -0.750765 8.622192
v -4.782349 -0.758831 8.495239
v -4.963135 -0.764198 8.362671
v -5.131042 -0.769672 8.231079
v -5.284912 -0.775620 8.099731
v -5.430664 -0.779524 7.963745
v -5.570862 -0.782812 7.823730
v -5.707581 -0.786394 7.680664
v -5.842346 -0.790146 7.536011
v -5.973450 -0.792034 7.392090
v -6.099426 -0.792587 7.247681
v -6.221802 -0.793468 7.101318
v -6.341187 -0.794666 6.952515
v -6.458252 -0.794127 6.800171
v -6.571289 -0.793970 6.644775
v -6.680725 -0.794189 6.485840
v -6.789124 -0.794670 6.322510
v -6.898560 -0.795301 6.154419
v -7.011414 -0.795944 5.981201
v -7.130676 -0.790344 5.800659
v -7.254089 -0.788431 5.613770
v -7.376343 -0.785133 5.425781
v -7.491882 -0.781988 5.241943
v -7.595093 -0.779577 5.068359
v -7.681885 -0.778196 4.907471
v -7.757202 -0.777596 4.753662
v -7.828613 -0.778341 4.599609
v -7.903320 -0.779163 4.439819
v -7.987488 -0.779539 4.270996
v -8.080811 -0.779501 4.092896
v -8.179016 -0.774517 3.908447
v -8.280762 -0.765837 3.720947
v -8.384460 -0.759779 3.534180
v -8.489075 -0.756157 3.351562
v -8.596436 -0.751545 3.175171
v -8.706421 -0.744223 3.004395
v -8.814758 -0.735886 2.838135
v -8.918213 -0.728115 2.673828
v -9.014404 -0.721844 2.507080
v -9.104736 -0.722183 2.335571
v -9.191467 -0.723221 2.161011
v -9.274292 -0.723730 1.984253
v -9.353210 -0.723991 1.805786
v -9.428223 -0.724958 1.625854
v -9.497742 -0.726908 1.444092
v -9.562317 -0.728619 1.258911
v -9.624573 -0.730621 1.070312
v -9.686462 -0.732315 0.879395
v -9.750427 -0.733334 0.688232
v -9.815674 -0.734095 0.498413
v -9.880920 -0.734808 0.309326
v -9.946167 -0.734766 0.120239
v -10.011047 -0.734747 -0.068726
v -10.075684 -0.734751 -0.257568
v -10.139954 -0.734810 -0.446411
v -10.204041 -0.734928 -0.635620
v -10.268066 -0.731838 -0.824951
v -10.331848 -0.730368 -1.014038
v -10.395508 -0.722452 -1.203491
v -10.459534 -0.713863 -1.392944
v -10.523804 -0.705219 -1.582031
v -10.587524 -0.696684 -1.770874
v -10.650146 -0.686495 -1.959473
v -10.711121 -0.670717 -2.148438
v -10.771790 -0.655018 -2.338257
v -10.832092 -0.639061 -2.527344
v -10.890259 -0.623552 -2.715942
v -10.945068 -0.608789 -2.903809
v -10.994751 -0.593090 -3.092285
v -11.039978 -0.574846 -3.282349
v -11.081787 -0.557283 -3.473877
v -11.119690 -0.540535 -3.666260
v -11.153625 -0.524429 -3.858887
v -11.183533 -0.507792 -4.052246
v -11.210571 -0.489304 -4.246460
v -11.234619 -0.469809 -4.440552
v -11.254028 -0.451334 -4.633789
v -11.267212 -0.434271 -4.825562
v -11.272644 -0.418947 -5.015625
v -11.268921 -0.400850 -5.204834
v -11.257019 -0.383654 -5.395386
v -11.239258 -0.367615 -5.587646
v -11.217529 -0.352005 -5.782227
v -11.194214 -0.336220 -5.981445
v -11.178406 -0.318691 -6.173462
v -11.169250 -0.300539 -6.349854
v -11.153809 -0.292799 -6.522095
v -11.119507 -0.287163 -6.710205
v -11.052002 -0.284576 -6.937378
v -10.944153 -0.275635 -7.232300
v -10.805786 -0.267035 -7.580200
v -10.645996 -0.269661 -7.939819
v -10.473816 -0.274769 -8.272827
v -10.221008 -0.937761 -8.478760
v -10.048828 -0.937761 -8.666382
v -9.856262 -0.937761 -8.820435
v -9.647278 -0.937761 -8.952637
v -9.428406 -0.937761 -9.072021
v -9.213928 -0.937761 -9.185913
v -9.020386 -0.937761 -9.286621
v -8.843262 -0.937761 -9.366699
v -8.670532 -0.937761 -9.431152
v -8.492188 -0.937761 -9.482910
v -8.298645 -0.937761 -9.524536
v -8.088867 -0.937761 -9.557007
v -7.870117 -0.937761 -9.578247
v -7.643799 -0.937761 -9.586792
v -7.411072 -0.937761 -9.580933
v -7.171509 -0.937761 -9.558838
v -6.920105 -0.937761 -9.520874
v -6.657776 -0.937761 -9.468018
v -6.390991 -0.937761 -9.400024
v -6.125305 -0.937761 -9.315430
v -5.864746 -0.937761 -9.213257
v -5.595825 -0.937761 -9.087036
v -5.315247 -0.937761 -8.936890
v -5.041321 -0.937761 -8.772339
v -4.792419 -0.937761 -8.603394
v -4.585327 -0.937761 -8.439819
v -4.420349 -0.937761 -8.283936
v -4.286255 -0.937761 -8.131104
v -4.179138 -0.937761 -7.977295
v -4.093933 -0.937761 -7.816406
v -4.028137 -0.937761 -7.646729
v -3.986633 -0.937761 -7.458130
v -3.969727 -0.937761 -7.242065
v -3.970825 -0.937761 -7.006348
v -3.981262 -0.937761 -6.765503
v -3.992004 -0.937761 -6.539917
v -4.003418 -0.937761 -6.341675
v -4.022034 -0.937761 -6.161011
v -4.046692 -0.937761 -5.985718
v -4.076355 -0.937761 -5.808594
v -4.108521 -0.937761 -5.628540
v -4.147644 -0.937761 -5.448730
v -4.196655 -0.937761 -5.265015
v -4.249817 -0.937761 -5.070679
v -4.298340 -0.937761 -4.864868
v -4.332825 -0.937761 -4.648193
v -4.345032 -0.937761 -4.428467
v -4.340820 -0.937761 -4.216309
v -4.330139 -0.937761 -4.013916
v -4.321777 -0.937761 -3.822632
v -4.323547 -0.937761 -3.641968
v -4.340820 -0.937761 -3.462158
v -4.369934 -0.937761 -3.272095
v -4.402527 -0.937761 -3.069946
v -4.427917 -0.937761 -2.856445
v -4.434448 -0.937761 -2.638916
v -4.423706 -0.937761 -2.428345
v -4.402954 -0.937761 -2.221436
v -4.368042 -0.937761 -2.011353
v -4.314880 -0.937761 -1.799316
v -4.239502 -0.937761 -1.586914
v -4.137573 -0.937761 -1.371582
v -4.013367 -0.937761 -1.156006
v -3.875977 -0.937761 -0.948486
v -3.732849 -0.937761 -0.757568
v -3.590027 -0.937761 -0.590698
v -3.447083 -0.937761 -0.452881
v -3.301758 -0.937761 -0.342163
v -3.157104 -0.937761 -0.253784
v -3.013977 -0.937761 -0.180176
v -2.867371 -0.937761 -0.110718
v -2.710388 -0.937761 -0.041382
v -2.544434 -0.937761 0.021851
v -2.371460 -0.937761 0.078247
v -2.190186 -0.937761 0.127563
v -2.002991 -0.937761 0.169312
v -1.803345 -0.937761 0.209839
v -1.585205 -0.937761 0.250122
v -1.353210 -0.937761 0.281982
v -1.113770 -0.937761 0.295044
v -0.875793 -0.937761 0.277344
v -0.651306 -0.937761 0.221558
v -0.445618 -0.937761 0.137817
v -0.257324 -0.937761 0.038574
v -0.083008 -0.937761 -0.066528
v 0.083984 -0.937761 -0.170776
v 0.252747 -0.937761 -0.278687
v 0.423096 -0.937761 -0.396606
v 0.590210 -0.937761 -0.523682
v 0.752258 -0.937761 -0.660400
v 0.908264 -0.937761 -0.809082
v 1.052795 -0.937761 -0.972534
v 1.182007 -0.937761 -1.144043
v 1.299377 -0.937761 -1.313965
v 1.411011 -0.937761 -1.476440
v 1.525269 -0.937761 -1.631348
v 1.645508 -0.937761 -1.786377
v 1.766357 -0.937761 -1.942749
v 1.886475 -0.937761 -2.093872
v 2.008301 -0.937761 -2.237671
v 2.134033 -0.937761 -2.373047
v 2.267761 -0.937761 -2.500610
v 2.411377 -0.937761 -2.624756
v 2.563293 -0.937761 -2.748901
v 2.720459 -0.937761 -2.875854
v 2.875366 -0.937761 -3.005005
v 3.027710 -0.937761 -3.130859
v 3.184448 -0.937761 -3.255615
v 3.345215 -0.937761 -3.386597
v 3.505493 -0.937761 -3.528564
v 3.658997 -0.937761 -3.685791
v 3.797241 -0.937761 -3.856323
v 3.919128 -0.937761 -4.031860
v 4.029785 -0.937761 -4.205933
v 4.134644 -0.937761 -4.374878
v 4.240417 -0.937761 -4.537598
v 4.350830 -0.937761 -4.700195
v 4.462524 -0.937761 -4.864868
v 4.574341 -0.937761 -5.029297
v 4.686096 -0.937761 -5.193726
v 4.798035 -0.937761 -5.358276
v 4.909973 -0.937761 -5.523071
v 5.021729 -0.937761 -5.687744
v 5.133240 -0.937761 -5.851929
v 5.244690 -0.937761 -6.014771
v 5.355530 -0.937761 -6.175415
v 5.467773 -0.937761 -6.332520
v 5.582886 -0.937761 -6.489380
v 5.699768 -0.937761 -6.648926
v 5.816162 -0.937761 -6.813232
v 5.928345 -0.937761 -6.983032
v 6.033813 -0.937761 -7.155518
v 6.133850 -0.937761 -7.328735
v 6.229553 -0.937761 -7.502686
v 6.322144 -0.937761 -7.677368
v 6.417053 -0.937761 -7.861084
v 6.500305 -0.937761 -8.060425
v 6.562561 -0.937761 -8.253784
v 6.619568 -0.937761 -8.420288
v 6.686829 -0.937761 -8.557617
v 6.786743 -0.937761 -8.680054
v 6.943604 -0.937761 -8.813721
v 7.145142 -0.937761 -8.955688
v 7.370605 -0.937761 -9.084839
v 7.605652 -0.937761 -9.186890
v 7.839355 -0.937761 -9.251099
v 8.094971 -0.937761 -9.279053
v 8.384644 -0.937761 -9.278442
v 8.682922 -0.937761 -9.248901
v 8.964661 -0.937761 -9.193726
v 9.203430 -0.937761 -9.118164
v 9.409058 -0.937761 -9.011841
v 9.606384 -0.937761 -8.867188
v 9.789124 -0.937761 -8.698242
v 9.946350 -0.937761 -8.523315
v 10.063538 -0.937761 -8.370117
v 10.126831 -0.937761 -8.252686
v 10.154663 -0.937761 -8.142212
v 10.167114 -0.937761 -8.008667
v 10.176697 -0.937761 -7.841431
v 10.201782 -0.937761 -7.647705
v 10.246948 -0.937761 -7.449951
v 10.295715 -0.937761 -7.260742
v 10.338135 -0.937761 -7.078857
v 10.365967 -0.937761 -6.906372
v 10.372314 -0.937761 -6.745239
v 10.351379 -0.937761 -6.579468
v 10.305969 -0.937761 -6.394653
v 10.244751 -0.937761 -6.195312
v 10.179260 -0.937761 -5.987183
v 10.123840 -0.937761 -5.781372
v 10.080505 -0.937761 -5.589844
v 10.040161 -0.937761 -5.407593
v 10.003418 -0.937761 -5.227295
v 9.971741 -0.937761 -5.047119
v 9.947510 -0.937761 -4.866333
v 9.932129 -0.937761 -4.687744
v 9.924744 -0.937761 -4.514771
v 9.923035 -0.937761 -4.346436
v 9.925537 -0.937761 -4.181763
v 9.929993 -0.937761 -4.024292
v 9.928955 -0.937761 -3.871460
v 9.923462 -0.937761 -3.708740
v 9.925537 -0.937761 -3.527832
v 9.951416 -0.937761 -3.329712
v 10.019165 -0.937761 -3.119629
v 10.138672 -0.937761 -2.921021
v 10.284912 -0.937761 -2.749756
v 10.431458 -0.937761 -2.597168
v 10.561523 -0.937761 -2.454102
v 10.665222 -0.937761 -2.308838
v 10.756165 -0.937761 -2.141602
v 10.845337 -0.937761 -1.953247
v 10.926819 -0.937761 -1.757080
v 10.997559 -0.937761 -1.560425
v 11.055481 -0.937761 -1.370850
v 11.099548 -0.937761 -1.188965
v 11.131775 -0.937761 -1.008911
v 11.153809 -0.937761 -0.828491
v 11.166931 -0.937761 -0.646240
v 11.172607 -0.937761 -0.463623
v 11.168274 -0.937761 -0.281860
v 11.152771 -0.937761 -0.097656
v 11.129211 -0.937761 0.092407
v 11.101624 -0.937761 0.287598
v 11.073975 -0.937761 0.485962
v 11.049316 -0.937761 0.684204
v 11.025330 -0.937761 0.877930
v 10.998718 -0.937761 1.066284
v 10.966125 -0.937761 1.248657
v 10.924744 -0.937761 1.424316
v 10.870728 -0.937761 1.596802
v 10.804138 -0.937761 1.771851
v 10.728943 -0.937761 1.951904
v 10.649658 -0.937761 2.137573
v 10.571655 -0.937761 2.328979
v 10.500061 -0.937761 2.523071
v 10.433411 -0.937761 2.713989
v 10.367432 -0.937761 2.897461
v 10.298340 -0.937761 3.071045
v 10.221497 -0.937761 3.234009
v 10.133240 -0.937761 3.390625
v 10.034546 -0.937761 3.545532
v 9.927307 -0.937761 3.699463
v 9.813965 -0.937761 3.853882
v 9.698181 -0.937761 4.007324
v 9.580261 -0.937761 4.156738
v 9.456909 -0.937761 4.303589
v 9.328552 -0.937761 4.451172
v 9.197205 -0.937761 4.601074
v 9.065674 -0.937761 4.753784
v 8.936707 -0.937761 4.908569
v 8.810547 -0.937761 5.062744
v 8.685974 -0.937761 5.213623
v 8.561340 -0.937761 5.359619
v 8.433105 -0.937761 5.501099
v 8.300964 -0.937761 5.641724
v 8.168518 -0.937761 5.780029
v 8.036011 -0.937761 5.911133
v 7.901550 -0.937761 6.032227
v 7.763672 -0.937761 6.141479
v 7.616699 -0.937761 6.238525
v 7.456055 -0.937761 6.328735
v 7.283386 -0.937761 6.417114
v 7.102600 -0.937761 6.507202
v 6.920837 -0.937761 6.602539
v 6.744080 -0.937761 6.699707
v 6.569641 -0.937761 6.795532
v 6.395142 -0.937761 6.891479
v 6.220703 -0.937761 6.987427
v 6.045837 -0.937761 7.083496
v 5.871033 -0.937761 7.180420
v 5.697144 -0.937761 7.277344
v 5.524048 -0.937761 7.373657
v 5.351562 -0.937761 7.468140
v 5.178528 -0.937761 7.560425
v 5.004211 -0.937761 7.650269
v 4.827515 -0.937761 7.738525
v 4.649292 -0.937761 7.826538
v 4.469604 -0.937761 7.914673
v 4.289856 -0.937761 8.003540
v 4.110657 -0.937761 8.092651
v 3.931824 -0.937761 8.181641
v 3.752869 -0.937761 8.270386
v 3.573914 -0.937761 8.359253
v 3.393982 -0.937761 8.448608
v 3.213379 -0.937761 8.540283
v 3.034668 -0.937761 8.633057
v 2.858765 -0.937761 8.723267
v 2.685303 -0.937761 8.808472
v 2.512146 -0.937761 8.887207
v 2.338989 -0.937761 8.959229
v 2.165405 -0.937761 9.026611
v 1.989624 -0.937761 9.090454
v 1.808228 -0.937761 9.152100
v 1.617798 -0.937761 9.213501
v 1.415649 -0.937761 9.277100
v 1.205627 -0.937761 9.340698
v 0.994080 -0.937761 9.400757
v 0.786926 -0.937761 9.453125
v 0.589355 -0.937761 9.493530
v 0.400696 -0.937761 9.521118
v 0.214111 -0.937761 9.538696
v 0.024780 -0.937761 9.549683
v -0.170227 -0.937761 9.557251
v -0.373413 -0.937761 9.564575
v -0.581848 -0.937761 9.573730
v -0.790466 -0.937761 9.582031
v -0.998047 -0.937761 9.586792
v -1.202698 -0.937761 9.585449
v -1.405762 -0.937761 9.574829
v -1.611633 -0.937761 9.555298
v -1.820557 -0.937761 9.528687
v -2.028809 -0.937761 9.494751
v -2.234070 -0.937761 9.453369
v -2.432190 -0.937761 9.404907
v -2.625977 -0.937761 9.344971
v -2.822632 -0.937761 9.271484
v -3.021667 -0.937761 9.190308
v -3.219666 -0.937761 9.107788
v -3.414551 -0.937761 9.030762
v -3.596985 -0.937761 8.967896
v -3.760437 -0.937761 8.917114
v -3.908569 -0.937761 8.869873
v -4.049561 -0.937761 8.816772
v -4.197083 -0.937761 8.746582
v -4.362915 -0.937761 8.651978
v -4.541931 -0.937761 8.538696
v -4.724548 -0.937761 8.413574
v -4.902710 -0.937761 8.282959
v -5.067749 -0.937761 8.153687
v -5.218323 -0.937761 8.025146
v -5.361206 -0.937761 7.891724
v -5.499390 -0.937761 7.753906
v -5.634827 -0.937761 7.611938
v -5.768799 -0.937761 7.468262
v -5.898804 -0.937761 7.325562
v -6.023376 -0.937761 7.182739
v -6.144470 -0.937761 7.037964
v -6.262512 -0.937761 6.890747
v -6.378174 -0.937761 6.740234
v -6.489685 -0.937761 6.586914
v -6.597900 -0.937761 6.429810
v -6.705505 -0.937761 6.267578
v -6.814758 -0.937761 6.099854
v -6.927795 -0.937761 5.926392
v -7.047241 -0.937761 5.745483
v -7.170410 -0.937761 5.558960
v -7.292053 -0.937761 5.371826
v -7.406555 -0.937761 5.189819
v -7.508057 -0.937761 5.019043
v -7.592957 -0.937761 4.861816
v -7.666931 -0.937761 4.710693
v -7.737915 -0.937761 4.557373
v -7.813293 -0.937761 4.396362
v -7.898438 -0.937761 4.225464
v -7.992432 -0.937761 4.046143
v -8.090942 -0.937761 3.861084
v -8.193115 -0.937761 3.672852
v -8.297363 -0.937761 3.485107
v -8.402954 -0.937761 3.300781
v -8.511719 -0.937761 3.122070
v -8.622498 -0.937761 2.950073
v -8.730530 -0.937761 2.784302
v -8.832520 -0.937761 2.622192
v -8.926819 -0.937761 2.458740
v -9.015747 -0.937761 2.290039
v -9.101379 -0.937761 2.117554
v -9.183289 -0.937761 1.942749
v -9.261353 -0.937761 1.766235
v -9.335327 -0.937761 1.588745
v -9.403809 -0.937761 1.409790
v -9.467590 -0.937761 1.226807
v -9.529541 -0.937761 1.039185
v -9.591492 -0.937761 0.848022
v -9.655701 -0.937761 0.656128
v -9.721130 -0.937761 0.465942
v -9.786377 -0.937761 0.276733
v -9.851624 -0.937761 0.087769
v -9.916443 -0.937761 -0.101074
v -9.981018 -0.937761 -0.289917
v -10.045227 -0.937761 -0.478638
v -10.109314 -0.937761 -0.667725
v -10.173340 -0.937761 -0.857056
v -10.237061 -0.937761 -1.046021
v -10.300720 -0.937761 -1.235352
v -10.364807 -0.937761 -1.424927
v -10.429077 -0.937761 -1.614136
v -10.492676 -0.937761 -1.802612
v -10.555115 -0.937761 -1.990601
v -10.615906 -0.937761 -2.178955
v -10.676514 -0.937761 -2.368652
v -10.736633 -0.937761 -2.557251
v -10.794495 -0.937761 -2.744629
v -10.848694 -0.937761 -2.930542
v -10.897766 -0.937761 -3.116577
v -10.942505 -0.937761 -3.304688
v -10.983887 -0.937761 -3.494263
v -11.021362 -0.937761 -3.684570
v -11.054932 -0.937761 -3.875244
v -11.084595 -0.937761 -4.066772
v -11.111389 -0.937761 -4.259399
v -11.135254 -0.937761 -4.451660
v -11.154358 -0.937761 -4.642212
v -11.167297 -0.937761 -4.830444
v -11.172607 -0.937761 -5.015991
v -11.169006 -0.937761 -5.200806
v -11.157349 -0.937761 -5.387695
v -11.139771 -0.937761 -5.577393
v -11.118164 -0.937761 -5.770874
v -11.094727 -0.937761 -5.971558
v -11.078674 -0.937761 -6.166748
v -11.069519 -0.937761 -6.342773
v -11.054688 -0.937761 -6.508545
v -11.022278 -0.937761 -6.686890
v -10.957092 -0.937761 -6.906006
v -10.850708 -0.937761 -7.196533
v -10.713623 -0.937761 -7.541382
v -10.555847 -0.937761 -7.896606
v -10.387390 -0.937761 -8.222534
v -10.221008 -0.937761 -8.478760
v -10.048828 -0.937761 -8.666382
v -9.856262 -0.937761 -8.820435
v -9.647278 -0.937761 -8.952637
v -9.428406 -0.937761 -9.072021
v -9.213928 -0.937761 -9.185913
v -9.020386 -0.937761 -9.286621
v -8.843262 -0.937761 -9.366699
v -8.670532 -0.937761 -9.431152
v -8.492188 -0.937761 -9.482910
v -8.298645 -0.937761 -9.524536
v -8.088867 -0.937761 -9.557007
v -7.870117 -0.937761 -9.578247
v -7.643799 -0.937761 -9.586792
v -7.411072 -0.937761 -9.580933
v -7.171509 -0.937761 -9.558838
v -6.920105 -0.937761 -9.520874
v -6.657776 -0.937761 -9.468018
v -6.390991 -0.937761 -9.400024
v -6.125305 -0.937761 -9.315430
v -5.864746 -0.937761 -9.213257
v -5.595825 -0.937761 -9.087036
v -5.315247 -0.937761 -8.936890
v -5.041321 -0.937761 -8.772339
v -4.792419 -0.937761 -8.603394
v -4.585327 -0.937761 -8.439819
v -4.420349 -0.937761 -8.283936
v -4.286255 -0.937761 -8.131104
v -4.179138 -0.937761 -7.977295
v -4.093933 -0.937761 -7.816406
v -4.028137 -0.937761 -7.646729
v -3.986633 -0.937761 -7.458130
v -3.969727 -0.937761 -7.242065
v -3.970825 -0.937761 -7.006348
v -3.981262 -0.937761 -6.765503
v -3.992004 -0.937761 -6.539917
v -4.003418 -0.937761 -6.341675
v -4.022034 -0.937761 -6.161011
v -4.046692 -0.937761 -5.985718
v -4.076355 -0.937761 -5.808594
v -4.108521 -0.937761 -5.628540
v -4.147644 -0.937761 -5.448730
v -4.196655 -0.937761 -5.265015
v -4.249817 -0.937761 -5.070679
v -4.298340 -0.937761 -4.864868
v -4.332825 -0.937761 -4.648193
v -4.345032 -0.937761 -4.428467
v -4.340820 -0.937761 -4.216309
v -4.330139 -0.937761 -4.013916
v -4.321777 -0.937761 -3.822632
v -4.323547 -0.937761 -3.641968
v -4.340820 -0.937761 -3.462158
v -4.369934 -0.937761 -3.272095
v -4.402527 -0.937761 -3.069946
v -4.427917 -0.937761 -2.856445
v -4.434448 -0.937761 -2.638916
v -4.423706 -0.937761 -2.428345
v -4.402954 -0.937761 -2.221436
v -4.368042 -0.937761 -2.011353
v -4.314880 -0.937761 -1.799316
v -4.239502 -0.937761 -1.586914
v -4.137573 -0.937761 -1.371582
v -4.013367 -0.937761 -1.156006
v -3.875977 -0.937761 -0.948486
v -3.732849 -0.937761 -0.757568
v -3.590027 -0.937761 -0.590698
v -3.447083 -0.937761 -0.452881
v -3.301758 -0.937761 -0.342163
v -3.157104 -0.937761 -0.253784
v -3.013977 -0.937761 -0.180176
v -2.867371 -0.937761 -0.110718
v -2.710388 -0.937761 -0.041382
v -2.544434 -0.937761 0.021851
v -2.371460 -0.937761 0.078247
v -2.190186 -0.937761 0.127563
v -2.002991 -0.937761 0.169312
v -1.803345 -0.937761 0.209839
v -1.585205 -0.937761 0.250122
v -1.353210 -0.937761 0.281982
v -1.113770 -0.937761 0.295044
v -0.875793 -0.937761 0.277344
v -0.651306 -0.937761 0.221558
v -0.445618 -0.937761 0.137817
v -0.257324 -0.937761 0.038574
v -0.083008 -0.937761 -0.066528
v 0.083984 -0.937761 -0.170776
v 0.252747 -0.937761 -0.278687
v 0.423096 -0.937761 -0.396606
v 0.590210 -0.937761 -0.523682
v 0.752258 -0.937761 -0.660400
v 0.908264 -0.937761 -0.809082
v 1.052795 -0.937761 -0.972534
v 1.182007 -0.937761 -1.144043
v 1.299377 -0.937761 -1.313965
v 1.411011 -0.937761 -1.476440
v 1.525269 -0.937761 -1.631348
v 1.645508 -0.937761 -1.786377
v 1.766357 -0.937761 -1.942749
v 1.886475 -0.937761 -2.093872
v 2.008301 -0.937761 -2.237671
v 2.134033 -0.937761 -2.373047
v 2.267761 -0.937761 -2.500610
v 2.411377 -0.937761 -2.624756
v 2.563293 -0.937761 -2.748901
v 2.720459 -0.937761 -2.875854
v 2.875366 -0.937761 -3.005005
v 3.027710 -0.937761 -3.130859
v 3.184448 -0.937761 -3.255615
v 3.345215 -0.937761 -3.386597
v 3.505493 -0.937761 -3.528564
v 3.658997 -0.937761 -3.685791
v 3.797241 -0.937761 -3.856323
v 3.919128 -0.937761 -4.031860
v 4.029785 -0.937761 -4.205933
v 4.134644 -0.937761 -4.374878
v 4.240417 -0.937761 -4.537598
v 4.350830 -0.937761 -4.700195
v 4.462524 -0.937761 -4.864868
v 4.574341 -0.937761 -5.029297
v 4.686096 -0.937761 -5.193726
v 4.798035 -0.937761 -5.358276
v 4.909973 -0.937761 -5.523071
v 5.021729 -0.937761 -5.687744
v 5.133240 -0.937761 -5.851929
v 5.244690 -0.937761 -6.014771
v 5.355530 -0.937761 -6.175415
v 5.467773 -0.937761 -6.332520
v 5.582886 -0.937761 -6.489380
v 5.699768 -0.937761 -6.648926
v 5.816162 -0.937761 -6.813232
v 5.928345 -0.937761 -6.983032
v 6.033813 -0.937761 -7.155518
v 6.133850 -0.937761 -7.328735
v 6.229553 -0.937761 -7.502686
v 6.322144 -0.937761 -7.677368
v 6.417053 -0.937761 -7.861084
v 6.500305 -0.937761 -8.060425
v 6.562561 -0.937761 -8.253784
v 6.619568 -0.937761 -8.420288
v 6.686829 -0.937761 -8.557617
v 6.786743 -0.937761 -8.680054
v 6.943604 -0.937761 -8.813721
v 7.145142 -0.937761 -8.955688
v 7.370605 -0.937761 -9.084839
v 7.605652 -0.937761 -9.186890
v 7.839355 -0.937761 -9.251099
v 8.094971 -0.937761 -9.279053
v 8.384644 -0.937761 -9.278442
v 8.682922 -0.937761 -9.248901
v 8.964661 -0.937761 -9.193726
v 9.203430 -0.937761 -9.118164
v 9.409058 -0.937761 -9.011841
v 9.606384 -0.937761 -8.867188
v 9.789124 -0.937761 -8.698242
v 9.946350 -0.937761 -8.523315
v 10.063538 -0.937761 -8.370117
v 10.126831 -0.937761 -8.252686
v 10.154663 -0.937761 -8.142212
v 10.167114 -0.937761 -8.008667
v 10.176697 -0.937761 -7.841431
v 10.201782 -0.937761 -7.647705
v 10.246948 -0.937761 -7.449951
v 10.295715 -0.937761 -7.260742
v 10.338135 -0.937761 -7.078857
v 10.365967 -0.937761 -6.906372
v 10.372314 -0.937761 -6.745239
v 10.351379 -0.937761 -6.579468
v 10.305969 -0.937761 -6.394653
v 10.244751 -0.937761 -6.195312
v 10.179260 -0.937761 -5.987183
v 10.123840 -0.937761 -5.781372
v 10.080505 -0.937761 -5.589844
v 10.040161 -0.937761 -5.407593
v 10.003418 -0.937761 -5.227295
v 9.971741 -0.937761 -5.047119
v 9.947510 -0.937761 -4.866333
v 9.932129 -0.937761 -4.687744
v 9.924744 -0.937761 -4.514771
v 9.923035 -0.937761 -4.346436
v 9.925537 -0.937761 -4.181763
v 9.929993 -0.937761 -4.024292
v 9.928955 -0.937761 -3.871460
v 9.923462 -0.937761 -3.708740
v 9.925537 -0.937761 -3.527832
v 9.951416 -0.937761 -3.329712
v 10.019165 -0.937761 -3.119629
v 10.138672 -0.937761 -2.921021
v 10.284912 -0.937761 -2.749756
v 10.431458 -0.937761 -2.597168
v 10.561523 -0.937761 -2.454102
v 10.665222 -0.937761 -2.308838
v 10.756165 -0.937761 -2.141602
v 10.845337 -0.937761 -1.953247
v 10.926819 -0.937761 -1.757080
v 10.997559 -0.937761 -1.560425
v 11.055481 -0.937761 -1.370850
v 11.099548 -0.937761 -1.188965
v 11.131775 -0.937761 -1.008911
v 11.153809 -0.937761 -0.828491
v 11.166931 -0.937761 -0.646240
v 11.172607 -0.937761 -0.463623
v 11.168274 -0.937761 -0.281860
v 11.152771 -0.937761 -0.097656
v 11.129211 -0.937761 0.092407
v 11.101624 -0.937761 0.287598
v 11.073975 -0.937761 0.485962
v 11.049316 -0.937761 0.684204
v 11.025330 -0.937761 0.877930
v 10.998718 -0.937761 1.066284
v 10.966125 -0.937761 1.248657
v 10.924744 -0.937761 1.424316
v 10.870728 -0.937761 1.596802
v 10.804138 -0.937761 1.771851
v 10.728943 -0.937761 1.951904
v 10.649658 -0.937761 2.137573
v 10.571655 -0.937761 2.328979
v 10.500061 -0.937761 2.523071
v 10.433411 -0.937761 2.713989
v 10.367432 -0.937761 2.897461
v 10.298340 -0.937761 3.071045
v 10.221497 -0.937761 3.234009
v 10.133240 -0.937761 3.390625
v 10.034546 -0.937761 3.545532
v 9.927307 -0.937761 3.699463
v 9.813965 -0.937761 3.853882
v 9.698181 -0.937761 4.007324
v 9.580261 -0.937761 4.156738
v 9.456909 -0.937761 4.303589
v 9.328552 -0.937761 4.451172
v 9.197205 -0.937761 4.601074
v 9.065674 -0.937761 4.753784
v 8.936707 -0.937761 4.908569
v 8.810547 -0.937761 5.062744
v 8.685974 -0.937761 5.213623
v 8.561340 -0.937761 5.359619
v 8.433105 -0.937761 5.501099
v 8.300964 -0.937761 5.641724
v 8.168518 -0.937761 5.780029
v 8.036011 -0.937761 5.911133
v 7.901550 -0.937761 6.032227
v 7.763672 -0.937761 6.141479
v 7.616699 -0.937761 6.238525
v 7.456055 -0.937761 6.328735
v 7.283386 -0.937761 6.417114
v 7.102600 -0.937761 6.507202
v 6.920837 -0.937761 6.602539
v 6.744080 -0.937761 6.699707
v 6.569641 -0.937761 6.795532
v 6.395142 -0.937761 6.891479
v 6.220703 -0.937761 6.987427
v 6.045837 -0.937761 7.083496
v 5.871033 -0.937761 7.180420
v 5.697144 -0.937761 7.277344
v 5.524048 -0.937761 7.373657
v 5.351562 -0.937761 7.468140
v 5.178528 -0.937761 7.560425
v 5.004211 -0.937761 7.650269
v 4.827515 -0.937761 7.738525
v 4.649292 -0.937761 7.826538
v 4.469604 -0.937761 7.914673
v 4.289856 -0.937761 8.003540
v 4.110657 -0.937761 8.092651
v 3.931824 -0.937761 8.181641
v 3.752869 -0.937761 8.270386
v 3.573914 -0.937761 8.359253
v 3.393982 -0.937761 8.448608
v 3.213379 -0.937761 8.540283
v 3.034668 -0.937761 8.633057
v 2.858765 -0.937761 8.723267
v 2.685303 -0.937761 8.808472
v 2.512146 -0.937761 8.887207
v 2.338989 -0.937761 8.959229
v 2.165405 -0.937761 9.026611
v 1.989624 -0.937761 9.090454
v 1.808228 -0.937761 9.152100
v 1.617798 -0.937761 9.213501
v 1.415649 -0.937761 9.277100
v 1.205627 -0.937761 9.340698
v 0.994080 -0.937761 9.400757
v 0.786926 -0.937761 9.453125
v 0.589355 -0.937761 9.493530
v 0.400696 -0.937761 9.521118
v 0.214111 -0.937761 9.538696
v 0.024780 -0.937761 9.549683
v -0.170227 -0.937761 9.557251
v -0.373413 -0.937761 9.564575
v -0.581848 -0.937761 9.573730
v -0.790466 -0.937761 9.582031
v -0.998047 -0.937761 9.586792
v -1.202698 -0.937761 9.585449
v -1.405762 -0.937761 9.574829
v -1.611633 -0.937761 9.555298
v -1.820557 -0.937761 9.528687
v -2.028809 -0.937761 9.494751
v -2.234070 -0.937761 9.453369
v -2.432190 -0.937761 9.404907
v -2.625977 -0.937761 9.344971
v -2.822632 -0.937761 9.271484
v -3.021667 -0.937761 9.190308
v -3.219666 -0.937761 9.107788
v -3.414551 -0.937761 9.030762
v -3.596985 -0.937761 8.967896
v -3.760437 -0.937761 8.917114
v -3.908569 -0.937761 8.869873
v -4.049561 -0.937761 8.816772
v -4.197083 -0.937761 8.746582
v -4.362915 -0.937761 8.651978
v -4.541931 -0.937761 8.538696
v -4.724548 -0.937761 8.413574
v -4.902710 -0.937761 8.282959
v -5.067749 -0.937761 8.153687
v -5.218323 -0.937761 8.025146
v -5.361206 -0.937761 7.891724
v -5.499390 -0.937761 7.753906
v -5.634827 -0.937761 7.611938
v -5.768799 -0.937761 7.468262
v -5.898804 -0.937761 7.325562
v -6.023376 -0.937761 7.182739
v -6.144470 -0.937761 7.037964
v -6.262512 -0.937761 6.890747
v -6.378174 -0.937761 6.740234
v -6.489685 -0.937761 6.586914
v -6.597900 -0.937761 6.429810
v -6.705505 -0.937761 6.267578
v -6.814758 -0.937761 6.099854
v -6.927795 -0.937761 5.926392
v -7.047241 -0.937761 5.745483
v -7.170410 -0.937761 5.558960
v -7.292053 -0.937761 5.371826
v -7.406555 -0.937761 5.189819
v -7.508057 -0.937761 5.019043
v -7.592957 -0.937761 4.861816
v -7.666931 -0.937761 4.710693
v -7.737915 -0.937761 4.557373
v -7.813293 -0.937761 4.396362
v -7.898438 -0.937761 4.225464
v -7.992432 -0.937761 4.046143
v -8.090942 -0.937761 3.861084
v -8.193115 -0.937761 3.672852
v -8.297363 -0.937761 3.485107
v -8.402954 -0.937761 3.300781
v -8.511719 -0.937761 3.122070
v -8.622498 -0.937761 2.950073
v -8.730530 -0.937761 2.784302
v -8.832520 -0.937761 2.622192
v -8.926819 -0.937761 2.458740
v -9.015747 -0.937761 2.290039
v -9.101379 -0.937761 2.117554
v -9.183289 -0.937761 1.942749
v -9.261353 -0.937761 1.766235
v -9.335327 -0.937761 1.588745
v -9.403809 -0.937761 1.409790
v -9.467590 -0.937761 1.226807
v -9.529541 -0.937761 1.039185
v -9.591492 -0.937761 0.848022
v -9.655701 -0.937761 0.656128
v -9.721130 -0.937761 0.465942
v -9.786377 -0.937761 0.276733
v -9.851624 -0.937761 0.087769
v -9.916443 -0.937761 -0.101074
v -9.981018 -0.937761 -0.289917
v -10.045227 -0.937761 -0.478638
v -10.109314 -0.937761 -0.667725
v -10.173340 -0.937761 -0.857056
v -10.237061 -0.937761 -1.046021
v -10.300720 -0.937761 -1.235352
v -10.364807 -0.937761 -1.424927
v -10.429077 -0.937761 -1.614136
v -10.492676 -0.937761 -1.802612
v -10.555115 -0.937761 -1.990601
v -10.615906 -0.937761 -2.178955
v -10.676514 -0.937761 -2.368652
v -10.736633 -0.937761 -2.557251
v -10.794495 -0.937761 -2.744629
v -10.848694 -0.937761 -2.930542
v -10.897766 -0.937761 -3.116577
v -10.942505 -0.937761 -3.304688
v -10.983887 -0.937761 -3.494263
v -11.021362 -0.937761 -3.684570
v -11.054932 -0.937761 -3.875244
v -11.084595 -0.937761 -4.066772
v -11.111389 -0.937761 -4.259399
v -11.135254 -0.937761 -4.451660
v -11.154358 -0.937761 -4.642212
v -11.167297 -0.937761 -4.830444
v -11.172607 -0.937761 -5.015991
v -11.169006 -0.937761 -5.200806
v -11.157349 -0.937761 -5.387695
v -11.139771 -0.937761 -5.577393
v -11.118164 -0.937761 -5.770874
v -11.094727 -0.937761 -5.971558
v -11.078674 -0.937761 -6.166748
v -11.069519 -0.937761 -6.342773
v -11.054688 -0.937761 -6.508545
v -11.022278 -0.937761 -6.686890
v -10.957092 -0.937761 -6.906006
v -10.850708 -0.937761 -7.196533
v -10.713623 -0.937761 -7.541382
v -10.555847 -0.937761 -7.896606
v -10.387390 -0.937761 -8.222534
v -10.063049 -1.007761 -8.356201
v -9.912170 -1.007761 -8.520386
v -9.739929 -1.007761 -8.657715
v -9.545715 -1.007761 -8.780273
v -9.333557 -1.007761 -8.895874
v -9.120911 -1.007761 -9.008789
v -8.933044 -1.007761 -9.106689
v -8.767151 -1.007761 -9.181763
v -8.607727 -1.007761 -9.241211
v -8.443237 -1.007761 -9.288940
v -8.262329 -1.007761 -9.327759
v -8.063904 -1.007761 -9.358521
v -7.856689 -1.007761 -9.378662
v -7.642578 -1.007761 -9.386841
v -7.422852 -1.007761 -9.381226
v -7.195557 -1.007761 -9.360229
v -6.954773 -1.007761 -9.323975
v -6.702271 -1.007761 -9.273071
v -6.446045 -1.007761 -9.207764
v -6.192139 -1.007761 -9.126831
v -5.943726 -1.007761 -9.029541
v -5.685486 -1.007761 -8.908325
v -5.413940 -1.007761 -8.762939
v -5.149048 -1.007761 -8.603882
v -4.910706 -1.007761 -8.442139
v -4.716187 -1.007761 -8.288574
v -4.564392 -1.007761 -8.145264
v -4.443787 -1.007761 -8.007935
v -4.349915 -1.007761 -7.873169
v -4.275940 -1.007761 -7.733398
v -4.219666 -1.007761 -7.588989
v -4.184387 -1.007761 -7.428589
v -4.169556 -1.007761 -7.234497
v -4.170776 -1.007761 -7.010986
v -4.181091 -1.007761 -6.774536
v -4.191711 -1.007761 -6.550415
v -4.202759 -1.007761 -6.357666
v -4.220581 -1.007761 -6.185181
v -4.244385 -1.007761 -6.016113
v -4.273438 -1.007761 -5.842773
v -4.304688 -1.007761 -5.667358
v -4.342041 -1.007761 -5.495850
v -4.389771 -1.007761 -5.317261
v -4.443604 -1.007761 -5.120117
v -4.494507 -1.007761 -4.903687
v -4.531677 -1.007761 -4.669556
v -4.545044 -1.007761 -4.431885
v -4.540710 -1.007761 -4.208984
v -4.529907 -1.007761 -4.004272
v -4.521790 -1.007761 -3.819458
v -4.523254 -1.007761 -3.652466
v -4.539307 -1.007761 -3.486816
v -4.567505 -1.007761 -3.303101
v -4.600586 -1.007761 -3.097778
v -4.627380 -1.007761 -2.871338
v -4.634399 -1.007761 -2.636719
v -4.623108 -1.007761 -2.413330
v -4.601196 -1.007761 -2.195068
v -4.563843 -1.007761 -1.970581
v -4.506348 -1.007761 -1.741577
v -4.424316 -1.007761 -1.510620
v -4.314758 -1.007761 -1.278809
v -4.183472 -1.007761 -1.050781
v -4.039429 -1.007761 -0.833252
v -3.888977 -1.007761 -0.632568
v -3.735718 -1.007761 -0.453613
v -3.577332 -1.007761 -0.301025
v -3.414551 -1.007761 -0.177002
v -3.254822 -1.007761 -0.079224
v -3.102417 -1.007761 -0.000732
v -2.950684 -1.007761 0.071045
v -2.786499 -1.007761 0.143555
v -2.611084 -1.007761 0.210449
v -2.428650 -1.007761 0.269897
v -2.238159 -1.007761 0.321655
v -2.044617 -1.007761 0.364990
v -1.841431 -1.007761 0.406128
v -1.617065 -1.007761 0.447510
v -1.372437 -1.007761 0.481079
v -1.112122 -1.007761 0.494995
v -0.844238 -1.007761 0.474854
v -0.589111 -1.007761 0.411621
v -0.360901 -1.007761 0.319092
v -0.158813 -1.007761 0.212646
v 0.021606 -1.007761 0.103882
v 0.190857 -1.007761 -0.001709
v 0.363525 -1.007761 -0.112183
v 0.540588 -1.007761 -0.234741
v 0.715271 -1.007761 -0.367554
v 0.885742 -1.007761 -0.511475
v 1.052307 -1.007761 -0.670288
v 1.207703 -1.007761 -0.846069
v 1.344238 -1.007761 -1.026978
v 1.464050 -1.007761 -1.200562
v 1.573853 -1.007761 -1.360474
v 1.684753 -1.007761 -1.510742
v 1.803650 -1.007761 -1.663940
v 1.923767 -1.007761 -1.819336
v 2.041077 -1.007761 -1.966919
v 2.157898 -1.007761 -2.104858
v 2.276367 -1.007761 -2.232544
v 2.402222 -1.007761 -2.352539
v 2.540161 -1.007761 -2.471680
v 2.689453 -1.007761 -2.593750
v 2.847351 -1.007761 -2.721313
v 3.003113 -1.007761 -2.851074
v 3.153687 -1.007761 -2.975464
v 3.309875 -1.007761 -3.099854
v 3.474609 -1.007761 -3.234131
v 3.643372 -1.007761 -3.383667
v 3.808411 -1.007761 -3.552856
v 3.957214 -1.007761 -3.736328
v 4.085693 -1.007761 -3.921143
v 4.199158 -1.007761 -4.099609
v 4.303467 -1.007761 -4.267700
v 4.406982 -1.007761 -4.426880
v 4.516296 -1.007761 -4.587769
v 4.628052 -1.007761 -4.752563
v 4.739746 -1.007761 -4.916870
v 4.851501 -1.007761 -5.081299
v 4.963501 -1.007761 -5.245850
v 5.075439 -1.007761 -5.410767
v 5.187195 -1.007761 -5.575439
v 5.298462 -1.007761 -5.739258
v 5.409546 -1.007761 -5.901489
v 5.519226 -1.007761 -6.060425
v 5.629761 -1.007761 -6.215210
v 5.744141 -1.007761 -6.371094
v 5.862061 -1.007761 -6.531982
v 5.981201 -1.007761 -6.700317
v 6.097107 -1.007761 -6.875732
v 6.205750 -1.007761 -7.053345
v 6.308044 -1.007761 -7.230469
v 6.405518 -1.007761 -7.407593
v 6.499268 -1.007761 -7.584595
v 6.598267 -1.007761 -7.776489
v 6.687988 -1.007761 -7.991333
v 6.752319 -1.007761 -8.190552
v 6.803955 -1.007761 -8.342773
v 6.855042 -1.007761 -8.449463
v 6.930115 -1.007761 -8.540527
v 7.066528 -1.007761 -8.655884
v 7.252563 -1.007761 -8.786987
v 7.460144 -1.007761 -8.906006
v 7.671997 -1.007761 -8.998169
v 7.876892 -1.007761 -9.054688
v 8.105835 -1.007761 -9.079346
v 8.374573 -1.007761 -9.078613
v 8.653748 -1.007761 -9.051025
v 8.914978 -1.007761 -9.000000
v 9.126953 -1.007761 -8.933350
v 9.303894 -1.007761 -8.841797
v 9.479309 -1.007761 -8.712769
v 9.646729 -1.007761 -8.557739
v 9.792236 -1.007761 -8.395874
v 9.895020 -1.007761 -8.262329
v 9.940491 -1.007761 -8.180176
v 9.957764 -1.007761 -8.107056
v 9.967712 -1.007761 -7.993164
v 9.977539 -1.007761 -7.822998
v 10.004883 -1.007761 -7.612427
v 10.052673 -1.007761 -7.402588
v 10.101440 -1.007761 -7.213135
v 10.141907 -1.007761 -7.040405
v 10.166870 -1.007761 -6.886841
v 10.172485 -1.007761 -6.753784
v 10.154663 -1.007761 -6.615479
v 10.113098 -1.007761 -6.447632
v 10.053711 -1.007761 -6.254639
v 9.987244 -1.007761 -6.043213
v 9.929688 -1.007761 -5.829468
v 9.885315 -1.007761 -5.633423
v 9.844543 -1.007761 -5.449219
v 9.806885 -1.007761 -5.264526
v 9.774109 -1.007761 -5.077759
v 9.748718 -1.007761 -4.888306
v 9.732544 -1.007761 -4.700562
v 9.724792 -1.007761 -4.520142
v 9.723022 -1.007761 -4.345947
v 9.725586 -1.007761 -4.177368
v 9.730042 -1.007761 -4.022217
v 9.729004 -1.007761 -3.875488
v 9.723511 -1.007761 -3.711182
v 9.726013 -1.007761 -3.514282
v 9.756104 -1.007761 -3.286499
v 9.837158 -1.007761 -3.036743
v 9.976807 -1.007761 -2.803467
v 10.136902 -1.007761 -2.615234
v 10.285217 -1.007761 -2.460693
v 10.405762 -1.007761 -2.328735
v 10.495789 -1.007761 -2.202637
v 10.577942 -1.007761 -2.050781
v 10.662537 -1.007761 -1.872070
v 10.740356 -1.007761 -1.684814
v 10.807800 -1.007761 -1.497437
v 10.862549 -1.007761 -1.318115
v 10.903870 -1.007761 -1.147827
v 10.933960 -1.007761 -0.979126
v 10.954773 -1.007761 -0.809082
v 10.967163 -1.007761 -0.635864
v 10.972595 -1.007761 -0.462891
v 10.968567 -1.007761 -0.292603
v 10.953857 -1.007761 -0.118286
v 10.930969 -1.007761 0.066162
v 10.903564 -1.007761 0.259766
v 10.875671 -1.007761 0.459839
v 10.850830 -1.007761 0.659546
v 10.827087 -1.007761 0.851562
v 10.801208 -1.007761 1.034790
v 10.770264 -1.007761 1.208008
v 10.731873 -1.007761 1.371338
v 10.681702 -1.007761 1.531372
v 10.618347 -1.007761 1.697754
v 10.544678 -1.007761 1.874146
v 10.465088 -1.007761 2.060547
v 10.385193 -1.007761 2.256714
v 10.311829 -1.007761 2.455444
v 10.244873 -1.007761 2.647217
v 10.180420 -1.007761 2.826660
v 10.114929 -1.007761 2.991333
v 10.043823 -1.007761 3.142212
v 9.961670 -1.007761 3.287842
v 9.868103 -1.007761 3.434570
v 9.764648 -1.007761 3.583252
v 9.653564 -1.007761 3.734375
v 9.539856 -1.007761 3.885132
v 9.425110 -1.007761 4.030518
v 9.304871 -1.007761 4.173706
v 9.177917 -1.007761 4.319702
v 9.046204 -1.007761 4.469849
v 8.913086 -1.007761 4.624512
v 8.782471 -1.007761 4.781250
v 8.656067 -1.007761 4.935791
v 8.532837 -1.007761 5.084961
v 8.411133 -1.007761 5.227539
v 8.286133 -1.007761 5.365356
v 8.155884 -1.007761 5.504150
v 8.026001 -1.007761 5.639648
v 7.898804 -1.007761 5.765625
v 7.772522 -1.007761 5.879395
v 7.646423 -1.007761 5.979370
v 7.512451 -1.007761 6.067871
v 7.361450 -1.007761 6.152588
v 7.193176 -1.007761 6.238525
v 7.011597 -1.007761 6.329224
v 6.826172 -1.007761 6.426270
v 6.647766 -1.007761 6.524414
v 6.473328 -1.007761 6.620361
v 6.298767 -1.007761 6.716187
v 6.124390 -1.007761 6.812134
v 5.949158 -1.007761 6.908447
v 5.773865 -1.007761 7.005615
v 5.599792 -1.007761 7.102661
v 5.427429 -1.007761 7.198608
v 5.256470 -1.007761 7.292114
v 5.085632 -1.007761 7.383301
v 4.913635 -1.007761 7.471924
v 4.738586 -1.007761 7.559448
v 4.561035 -1.007761 7.647095
v 4.381226 -1.007761 7.735229
v 4.201050 -1.007761 7.824341
v 4.021606 -1.007761 7.913574
v 3.842834 -1.007761 8.002441
v 3.663879 -1.007761 8.091309
v 3.484924 -1.007761 8.180176
v 3.304260 -1.007761 8.269897
v 3.122070 -1.007761 8.362305
v 2.943054 -1.007761 8.455322
v 2.769043 -1.007761 8.544434
v 2.599854 -1.007761 8.627686
v 2.432373 -1.007761 8.703857
v 2.264465 -1.007761 8.773560
v 2.095093 -1.007761 8.839355
v 1.923340 -1.007761 8.901733
v 1.745300 -1.007761 8.962280
v 1.557129 -1.007761 9.022949
v 1.356689 -1.007761 9.085938
v 1.149353 -1.007761 9.148804
v 0.942322 -1.007761 9.207520
v 0.742371 -1.007761 9.258057
v 0.554810 -1.007761 9.296509
v 0.376770 -1.007761 9.322632
v 0.198975 -1.007761 9.339355
v 0.015076 -1.007761 9.349854
v -0.177673 -1.007761 9.357300
v -0.381470 -1.007761 9.364746
v -0.590271 -1.007761 9.373901
v -0.796692 -1.007761 9.382202
v -0.999634 -1.007761 9.386841
v -1.196777 -1.007761 9.385498
v -1.391113 -1.007761 9.375366
v -1.589600 -1.007761 9.356567
v -1.791809 -1.007761 9.330811
v -1.992920 -1.007761 9.297974
v -2.190491 -1.007761 9.258179
v -2.378845 -1.007761 9.212158
v -2.561401 -1.007761 9.155640
v -2.749878 -1.007761 9.085205
v -2.945435 -1.007761 9.005371
v -3.144409 -1.007761 8.922485
v -3.345154 -1.007761 8.843262
v -3.534790 -1.007761 8.777832
v -3.700378 -1.007761 8.726440
v -3.842773 -1.007761 8.681030
v -3.971252 -1.007761 8.632812
v -4.104553 -1.007761 8.569214
v -4.259949 -1.007761 8.480469
v -4.431885 -1.007761 8.371704
v -4.608887 -1.007761 8.250488
v -4.781921 -1.007761 8.123657
v -4.941101 -1.007761 7.998901
v -5.085144 -1.007761 7.875977
v -5.222290 -1.007761 7.747803
v -5.356384 -1.007761 7.614014
v -5.489380 -1.007761 7.474731
v -5.621704 -1.007761 7.332764
v -5.749512 -1.007761 7.192505
v -5.871338 -1.007761 7.052734
v -5.989746 -1.007761 6.911255
v -6.105164 -1.007761 6.767212
v -6.217957 -1.007761 6.620483
v -6.326416 -1.007761 6.471436
v -6.432190 -1.007761 6.317871
v -6.538391 -1.007761 6.157715
v -6.647156 -1.007761 5.990723
v -6.760559 -1.007761 5.816650
v -6.880371 -1.007761 5.635254
v -7.003113 -1.007761 5.449341
v -7.123596 -1.007761 5.264038
v -7.235962 -1.007761 5.085571
v -7.334045 -1.007761 4.920532
v -7.415100 -1.007761 4.770264
v -7.486389 -1.007761 4.624756
v -7.556641 -1.007761 4.472900
v -7.633179 -1.007761 4.309326
v -7.720337 -1.007761 4.134399
v -7.815613 -1.007761 3.952637
v -7.914795 -1.007761 3.766479
v -8.017761 -1.007761 3.576660
v -8.123169 -1.007761 3.386841
v -8.230774 -1.007761 3.199097
v -8.342224 -1.007761 3.015991
v -8.454590 -1.007761 2.841431
v -8.562134 -1.007761 2.676392
v -8.661194 -1.007761 2.518921
v -8.751709 -1.007761 2.362183
v -8.837708 -1.007761 2.198853
v -8.921265 -1.007761 2.030640
v -9.001282 -1.007761 1.859863
v -9.077576 -1.007761 1.687378
v -9.149597 -1.007761 1.514526
v -9.215942 -1.007761 1.341064
v -9.278198 -1.007761 1.162476
v -9.339417 -1.007761 0.977051
v -9.401550 -1.007761 0.785522
v -9.466309 -1.007761 0.591797
v -9.532043 -1.007761 0.400879
v -9.597290 -1.007761 0.211426
v -9.662537 -1.007761 0.022705
v -9.727234 -1.007761 -0.165894
v -9.791748 -1.007761 -0.354492
v -9.855896 -1.007761 -0.542969
v -9.919922 -1.007761 -0.731934
v -9.983887 -1.007761 -0.921021
v -10.047485 -1.007761 -1.109863
v -10.111206 -1.007761 -1.299316
v -10.175415 -1.007761 -1.489136
v -10.239624 -1.007761 -1.678223
v -10.303040 -1.007761 -1.866089
v -10.365051 -1.007761 -2.052856
v -10.425476 -1.007761 -2.240112
v -10.485962 -1.007761 -2.429443
v -10.545776 -1.007761 -2.617065
v -10.602905 -1.007761 -2.802124
v -10.656006 -1.007761 -2.984009
v -10.703796 -1.007761 -3.165283
v -10.747498 -1.007761 -3.349121
v -10.788086 -1.007761 -3.534912
v -10.824768 -1.007761 -3.721191
v -10.857666 -1.007761 -3.907959
v -10.886780 -1.007761 -4.095825
v -10.913086 -1.007761 -4.285400
v -10.936462 -1.007761 -4.473999
v -10.955078 -1.007761 -4.659058
v -10.967529 -1.007761 -4.840088
v -10.972595 -1.007761 -5.016846
v -10.969177 -1.007761 -5.192505
v -10.957947 -1.007761 -5.372192
v -10.940796 -1.007761 -5.557007
v -10.919434 -1.007761 -5.748169
v -10.895691 -1.007761 -5.951782
v -10.879089 -1.007761 -6.153320
v -10.869995 -1.007761 -6.328613
v -10.856506 -1.007761 -6.481567
v -10.827698 -1.007761 -6.640503
v -10.767212 -1.007761 -6.843262
v -10.663879 -1.007761 -7.125244
v -10.529236 -1.007761 -7.463867
v -10.375610 -1.007761 -7.809937
v -10.214600 -1.007761 -8.121826
v -10.063049 -1.007761 -8.356201
v -9.912170 -1.007761 -8.520386
v -9.739929 -1.007761 -8.657715
v -9.545715 -1.007761 -8.780273
v -9.333557 -1.007761 -8.895874
v -9.120911 -1.007761 -9.008789
v -8.933044 -1.007761 -9.106689
v -8.767151 -1.007761 -9.181763
v -8.607727 -1.007761 -9.241211
v -8.443237 -1.007761 -9.288940
v -8.262329 -1.007761 -9.327759
v -8.063904 -1.007761 -9.358521
v -7.856689 -1.007761 -9.378662
v -7.642578 -1.007761 -9.386841
v -7.422852 -1.007761 -9.381226
v -7.195557 -1.007761 -9.360229
v -6.954773 -1.007761 -9.323975
v -6.702271 -1.007761 -9.273071
v -6.446045 -1.007761 -9.207764
v -6.192139 -1.007761 -9.126831
v -5.943726 -1.007761 -9.029541
v -5.685486 -1.007761 -8.908325
v -5.413940 -1.007761 -8.762939
v -5.149048 -1.007761 -8.603882
v -4.910706 -1.007761 -8.442139
v -4.716187 -1.007761 -8.288574
v -4.564392 -1.007761 -8.145264
v -4.443787 -1.007761 -8.007935
v -4.349915 -1.007761 -7.873169
v -4.275940 -1.007761 -7.733398
v -4.219666 -1.007761 -7.588989
v -4.184387 -1.007761 -7.428589
v -4.169556 -1.007761 -7.234497
v -4.170776 -1.007761 -7.010986
v -4.181091 -1.007761 -6.774536
v -4.191711 -1.007761 -6.550415
v -4.202759 -1.007761 -6.357666
v -4.220581 -1.007761 -6.185181
v -4.244385 -1.007761 -6.016113
v -4.273438 -1.007761 -5.842773
v -4.304688 -1.007761 -5.667358
v -4.342041 -1.007761 -5.495850
v -4.389771 -1.007761 -5.317261
v -4.443604 -1.007761 -5.120117
v -4.494507 -1.007761 -4.903687
v -4.531677 -1.007761 -4.669556
v -4.545044 -1.007761 -4.431885
v -4.540710 -1.007761 -4.208984
v -4.529907 -1.007761 -4.004272
v -4.521790 -1.007761 -3.819458
v -4.523254 -1.007761 -3.652466
v -4.539307 -1.007761 -3.486816
v -4.567505 -1.007761 -3.303101
v -4.600586 -1.007761 -3.097778
v -4.627380 -1.007761 -2.871338
v -4.634399 -1.007761 -2.636719
v -4.623108 -1.007761 -2.413330
v -4.601196 -1.007761 -2.195068
v -4.563843 -1.007761 -1.970581
v -4.506348 -1.007761 -1.741577
v -4.424316 -1.007761 -1.510620
v -4.314758 -1.007761 -1.278809
v -4.183472 -1.007761 -1.050781
v -4.039429 -1.007761 -0.833252
v -3.888977 -1.007761 -0.632568
v -3.735718 -1.007761 -0.453613
v -3.577332 -1.007761 -0.301025
v -3.414551 -1.007761 -0.177002
v -3.254822 -1.007761 -0.079224
v -3.102417 -1.007761 -0.000732
v -2.950684 -1.007761 0.071045
v -2.786499 -1.007761 0.143555
v -2.611084 -1.007761 0.210449
v -2.428650 -1.007761 0.269897
v -2.238159 -1.007761 0.321655
v -2.044617 -1.007761 0.364990
v -1.841431 -1.007761 0.406128
v -1.617065 -1.007761 0.447510
v -1.372437 -1.007761 0.481079
v -1.112122 -1.007761 0.494995
v -0.844238 -1.007761 0.474854
v -0.589111 -1.007761 0.411621
v -0.360901 -1.007761 0.319092
v -0.158813 -1.007761 0.212646
v 0.021606 -1.007761 0.103882
v 0.190857 -1.007761 -0.001709
v 0.363525 -1.007761 -0.112183
v 0.540588 -1.007761 -0.234741
v 0.715271 -1.007761 -0.367554
v 0.885742 -1.007761 -0.511475
v 1.052307 -1.007761 -0.670288
v 1.207703 -1.007761 -0.846069
v 1.344238 -1.007761 -1.026978
v 1.464050 -1.007761 -1.200562
v 1.573853 -1.007761 -1.360474
v 1.684753 -1.007761 -1.510742
v 1.803650 -1.007761 -1.663940
v 1.923767 -1.007761 -1.819336
v 2.041077 -1.007761 -1.966919
v 2.157898 -1.007761 -2.104858
v 2.276367 -1.007761 -2.232544
v 2.402222 -1.007761 -2.352539
v 2.540161 -1.007761 -2.471680
v 2.689453 -1.007761 -2.593750
v 2.847351 -1.007761 -2.721313
v 3.003113 -1.007761 -2.851074
v 3.153687 -1.007761 -2.975464
v 3.309875 -1.007761 -3.099854
v 3.474609 -1.007761 -3.234131
v 3.643372 -1.007761 -3.383667
v 3.808411 -1.007761 -3.552856
v 3.957214 -1.007761 -3.736328
v 4.085693 -1.007761 -3.921143
v 4.199158 -1.007761 -4.099609
v 4.303467 -1.007761 -4.267700
v 4.406982 -1.007761 -4.426880
v 4.516296 -1.007761 -4.587769
v 4.628052 -1.007761 -4.752563
v 4.739746 -1.007761 -4.916870
v 4.851501 -1.007761 -5.081299
v 4.963501 -1.007761 -5.245850
v 5.075439 -1.007761 -5.410767
v 5.187195 -1.007761 -5.575439
v 5.298462 -1.007761 -5.739258
v 5.409546 -1.007761 -5.901489
v 5.519226 -1.007761 -6.060425
v 5.629761 -1.007761 -6.215210
v 5.744141 -1.007761 -6.371094
v 5.862061 -1.007761 -6.531982
v 5.981201 -1.007761 -6.700317
v 6.097107 -1.007761 -6.875732
v 6.205750 -1.007761 -7.053345
v 6.308044 -1.007761 -7.230469
v 6.405518 -1.007761 -7.407593
v 6.499268 -1.007761 -7.584595
v 6.598267 -1.007761 -7.776489
v 6.687988 -1.007761 -7.991333
v 6.752319 -1.007761 -8.190552
v 6.803955 -1.007761 -8.342773
v 6.855042 -1.007761 -8.449463
v 6.930115 -1.007761 -8.540527
v 7.066528 -1.007761 -8.655884
v 7.252563 -1.007761 -8.786987
v 7.460144 -1.007761 -8.906006
v 7.671997 -1.007761 -8.998169
v 7.876892 -1.007761 -9.054688
v 8.105835 -1.007761 -9.079346
v 8.374573 -1.007761 -9.078613
v 8.653748 -1.007761 -9.051025
v 8.914978 -1.007761 -9.000000
v 9.126953 -1.007761 -8.933350
v 9.303894 -1.007761 -8.841797
v 9.479309 -1.007761 -8.712769
v 9.646729 -1.007761 -8.557739
v 9.792236 -1.007761 -8.395874
v 9.895020 -1.007761 -8.262329
v 9.940491 -1.007761 -8.180176
v 9.957764 -1.007761 -8.107056
v 9.967712 -1.007761 -7.993164
v 9.977539 -1.007761 -7.822998
v 10.004883 -1.007761 -7.612427
v 10.052673 -1.007761 -7.402588
v 10.101440 -1.007761 -7.213135
v 10.141907 -1.007761 -7.040405
v 10.166870 -1.007761 -6.886841
v 10.172485 -1.007761 -6.753784
v 10.154663 -1.007761 -6.615479
v 10.113098 -1.007761 -6.447632
v 10.053711 -1.007761 -6.254639
v 9.987244 -1.007761 -6.043213
v 9.929688 -1.007761 -5.829468
v 9.885315 -1.007761 -5.633423
v 9.844543 -1.007761 -5.449219
v 9.806885 -1.007761 -5.264526
v 9.774109 -1.007761 -5.077759
v 9.748718 -1.007761 -4.888306
v 9.732544 -1.007761 -4.700562
v 9.724792 -1.007761 -4.520142
v 9.723022 -1.007761 -4.345947
v 9.725586 -1.007761 -4.177368
v 9.730042 -1.007761 -4.022217
v 9.729004 -1.007761 -3.875488
v 9.723511 -1.007761 -3.711182
v 9.726013 -1.007761 -3.514282
v 9.756104 -1.007761 -3.286499
v 9.837158 -1.007761 -3.036743
v 9.976807 -1.007761 -2.803467
v 10.136902 -1.007761 -2.615234
v 10.285217 -1.007761 -2.460693
v 10.405762 -1.007761 -2.328735
v 10.495789 -1.007761 -2.202637
v 10.577942 -1.007761 -2.050781
v 10.662537 -1.007761 -1.872070
v 10.740356 -1.007761 -1.684814
v 10.807800 -1.007761 -1.497437
v 10.862549 -1.007761 -1.318115
v 10.903870 -1.007761 -1.147827
v 10.933960 -1.007761 -0.979126
v 10.954773 -1.007761 -0.809082
v 10.967163 -1.007761 -0.635864
v 10.972595 -1.007761 -0.462891
v 10.968567 -1.007761 -0.292603
v 10.953857 -1.007761 -0.118286
v 10.930969 -1.007761 0.066162
v 10.903564 -1.007761 0.259766
v 10.875671 -1.007761 0.459839
v 10.850830 -1.007761 0.659546
v 10.827087 -1.007761 0.851562
v 10.801208 -1.007761 1.034790
v 10.770264 -1.007761 1.208008
v 10.731873 -1.007761 1.371338
v 10.681702 -1.007761 1.531372
v 10.618347 -1.007761 1.697754
v 10.544678 -1.007761 1.874146
v 10.465088 -1.007761 2.060547
v 10.385193 -1.007761 2.256714
v 10.311829 -1.007761 2.455444
v 10.244873 -1.007761 2.647217
v 10.180420 -1.007761 2.826660
v 10.114929 -1.007761 2.991333
v 10.043823 -1.007761 3.142212
v 9.961670 -1.007761 3.287842
v 9.868103 -1.007761 3.434570
v 9.764648 -1.007761 3.583252
v 9.653564 -1.007761 3.734375
v 9.539856 -1.007761 3.885132
v 9.425110 -1.007761 4.030518
v 9.304871 -1.007761 4.173706
v 9.177917 -1.007761 4.319702
v 9.046204 -1.007761 4.469849
v 8.913086 -1.007761 4.624512
v 8.782471 -1.007761 4.781250
v 8.656067 -1.007761 4.935791
v 8.532837 -1.007761 5.084961
v 8.411133 -1.007761 5.227539
v 8.286133 -1.007761 5.365356
v 8.155884 -1.007761 5.504150
v 8.026001 -1.007761 5.639648
v 7.898804 -1.007761 5.765625
v 7.772522 -1.007761 5.879395
v 7.646423 -1.007761 5.979370
v 7.512451 -1.007761 6.067871
v 7.361450 -1.007761 6.152588
v 7.193176 -1.007761 6.238525
v 7.011597 -1.007761 6.329224
v 6.826172 -1.007761 6.426270
v 6.647766 -1.007761 6.524414
v 6.473328 -1.007761 6.620361
v 6.298767 -1.007761 6.716187
v 6.124390 -1.007761 6.812134
v 5.949158 -1.007761 6.908447
v 5.773865 -1.007761 7.005615
v 5.599792 -1.007761 7.102661
v 5.427429 -1.007761 7.198608
v 5.256470 -1.007761 7.292114
v 5.085632 -1.007761 7.383301
v 4.913635 -1.007761 7.471924
v 4.738586 -1.007761 7.559448
v 4.561035 -1.007761 7.647095
v 4.381226 -1.007761 7.735229
v 4.201050 -1.007761 7.824341
v 4.021606 -1.007761 7.913574
v 3.842834 -1.007761 8.002441
v 3.663879 -1.007761 8.091309
v 3.484924 -1.007761 8.180176
v 3.304260 -1.007761 8.269897
v 3.122070 -1.007761 8.362305
v 2.943054 -1.007761 8.455322
v 2.769043 -1.007761 8.544434
v 2.599854 -1.007761 8.627686
v 2.432373 -1.007761 8.703857
v 2.264465 -1.007761 8.773560
v 2.095093 -1.007761 8.839355
v 1.923340 -1.007761 8.901733
v 1.745300 -1.007761 8.962280
v 1.557129 -1.007761 9.022949
v 1.356689 -1.007761 9.085938
v 1.149353 -1.007761 9.148804
v 0.942322 -1.007761 9.207520
v 0.742371 -1.007761 9.258057
v 0.554810 -1.007761 9.296509
v 0.376770 -1.007761 9.322632
v 0.198975 -1.007761 9.339355
v 0.015076 -1.007761 9.349854
v -0.177673 -1.007761 9.357300
v -0.381470 -1.007761 9.364746
v -0.590271 -1.007761 9.373901
v -0.796692 -1.007761 9.382202
v -0.999634 -1.007761 9.386841
v -1.196777 -1.007761 9.385498
v -1.391113 -1.007761 9.375366
v -1.589600 -1.007761 9.356567
v -1.791809 -1.007761 9.330811
v -1.992920 -1.007761 9.297974
v -2.190491 -1.007761 9.258179
v -2.378845 -1.007761 9.212158
v -2.561401 -1.007761 9.155640
v -2.749878 -1.007761 9.085205
v -2.945435 -1.007761 9.005371
v -3.144409 -1.007761 8.922485
v -3.345154 -1.007761 8.843262
v -3.534790 -1.007761 8.777832
v -3.700378 -1.007761 8.726440
v -3.842773 -1.007761 8.681030
v -3.971252 -1.007761 8.632812
v -4.104553 -1.007761 8.569214
v -4.259949 -1.007761 8.480469
v -4.431885 -1.007761 8.371704
v -4.608887 -1.007761 8.250488
v -4.781921 -1.007761 8.123657
v -4.941101 -1.007761 7.998901
v -5.085144 -1.007761 7.875977
v -5.222290 -1.007761 7.747803
v -5.356384 -1.007761 7.614014
v -5.489380 -1.007761 7.474731
v -5.621704 -1.007761 7.332764
v -5.749512 -1.007761 7.192505
v -5.871338 -1.007761 7.052734
v -5.989746 -1.007761 6.911255
v -6.105164 -1.007761 6.767212
v -6.217957 -1.007761 6.620483
v -6.326416 -1.007761 6.471436
v -6.432190 -1.007761 6.317871
v -6.538391 -1.007761 6.157715
v -6.647156 -1.007761 5.990723
v -6.760559 -1.007761 5.816650
v -6.880371 -1.007761 5.635254
v -7.003113 -1.007761 5.449341
v -7.123596 -1.007761 5.264038
v -7.235962 -1.007761 5.085571
v -7.334045 -1.007761 4.920532
v -7.415100 -1.007761 4.770264
v -7.486389 -1.007761 4.624756
v -7.556641 -1.007761 4.472900
v -7.633179 -1.007761 4.309326
v -7.720337 -1.007761 4.134399
v -7.815613 -1.007761 3.952637
v -7.914795 -1.007761 3.766479
v -8.017761 -1.007761 3.576660
v -8.123169 -1.007761 3.386841
v -8.230774 -1.007761 3.199097
v -8.342224 -1.007761 3.015991
v -8.454590 -1.007761 2.841431
v -8.562134 -1.007761 2.676392
v -8.661194 -1.007761 2.518921
v -8.751709 -1.007761 2.362183
v -8.837708 -1.007761 2.198853
v -8.921265 -1.007761 2.030640
v -9.001282 -1.007761 1.859863
v -9.077576 -1.007761 1.687378
v -9.149597 -1.007761 1.514526
v -9.215942 -1.007761 1.341064
v -9.278198 -1.007761 1.162476
v -9.339417 -1.007761 0.977051
v -9.401550 -1.007761 0.785522
v -9.466309 -1.007761 0.591797
v -9.532043 -1.007761 0.400879
v -9.597290 -1.007761 0.211426
v -9.662537 -1.007761 0.022705
v -9.727234 -1.007761 -0.165894
v -9.791748 -1.007761 -0.354492
v -9.855896 -1.007761 -0.542969
v -9.919922 -1.007761 -0.731934
v -9.983887 -1.007761 -0.921021
v -10.047485 -1.007761 -1.109863
v -10.111206 -1.007761 -1.299316
v -10.175415 -1.007761 -1.489136
v -10.239624 -1.007761 -1.678223
v -10.303040 -1.007761 -1.866089
v -10.365051 -1.007761 -2.052856
v -10.425476 -1.007761 -2.240112
v -10.485962 -1.007761 -2.429443
v -10.545776 -1.007761 -2.617065
v -10.602905 -1.007761 -2.802124
v -10.656006 -1.007761 -2.984009
v -10.703796 -1.007761 -3.165283
v -10.747498 -1.007761 -3.349121
v -10.788086 -1.007761 -3.534912
v -10.824768 -1.007761 -3.721191
v -10.857666 -1.007761 -3.907959
v -10.886780 -1.007761 -4.095825
v -10.913086 -1.007761 -4.285400
v -10.936462 -1.007761 -4.473999
v -10.955078 -1.007761 -4.659058
v -10.967529 -1.007761 -4.840088
v -10.972595 -1.007761 -5.016846
v -10.969177 -1.007761 -5.192505
v -10.957947 -1.007761 -5.372192
v -10.940796 -1.007761 -5.557007
v -10.919434 -1.007761 -5.748169
v -10.895691 -1.007761 -5.951782
v -10.879089 -1.007761 -6.153320
v -10.869995 -1.007761 -6.328613
v -10.856506 -1.007761 -6.481567
v -10.827698 -1.007761 -6.640503
v -10.767212 -1.007761 -6.843262
v -10.663879 -1.007761 -7.125244
v -10.529236 -1.007761 -7.463867
v -10.375610 -1.007761 -7.809937
v -10.214600 -1.007761 -8.121826
v -9.984009 -1.037762 -8.294922
v -9.843811 -1.037762 -8.447388
v -9.681824 -1.037762 -8.576416
v -9.494934 -1.037762 -8.694214
v -9.286133 -1.037762 -8.807861
v -9.074341 -1.037762 -8.920288
v -8.889404 -1.037762 -9.016724
v -8.729065 -1.037762 -9.089355
v -8.576294 -1.037762 -9.146362
v -8.418762 -1.037762 -9.192017
v -8.244141 -1.037762 -9.229492
v -8.051392 -1.037762 -9.259277
v -7.849976 -1.037762 -9.278931
v -7.641968 -1.037762 -9.286865
v -7.428711 -1.037762 -9.281372
v -7.207581 -1.037762 -9.260986
v -6.972046 -1.037762 -9.225464
v -6.724548 -1.037762 -9.175659
v -6.473633 -1.037762 -9.111572
v -6.225586 -1.037762 -9.032593
v -5.983215 -1.037762 -8.937744
v -5.730347 -1.037762 -8.818970
v -5.463318 -1.037762 -8.676025
v -5.202942 -1.037762 -8.519653
v -4.969849 -1.037762 -8.361572
v -4.781555 -1.037762 -8.212891
v -4.636414 -1.037762 -8.075806
v -4.522583 -1.037762 -7.946289
v -4.435242 -1.037762 -7.821045
v -4.366943 -1.037762 -7.691895
v -4.315369 -1.037762 -7.560059
v -4.283325 -1.037762 -7.413696
v -4.269470 -1.037762 -7.230713
v -4.270691 -1.037762 -7.013428
v -4.281006 -1.037762 -6.779053
v -4.291565 -1.037762 -6.555664
v -4.302429 -1.037762 -6.365723
v -4.319885 -1.037762 -6.197388
v -4.343201 -1.037762 -6.031372
v -4.372009 -1.037762 -5.859741
v -4.402771 -1.037762 -5.686890
v -4.439209 -1.037762 -5.519287
v -4.486328 -1.037762 -5.343262
v -4.540527 -1.037762 -5.144775
v -4.592590 -1.037762 -4.923096
v -4.631104 -1.037762 -4.680176
v -4.645020 -1.037762 -4.433594
v -4.640625 -1.037762 -4.205322
v -4.629761 -1.037762 -3.999512
v -4.621765 -1.037762 -3.817749
v -4.623108 -1.037762 -3.657837
v -4.638550 -1.037762 -3.499146
v -4.666321 -1.037762 -3.318726
v -4.699646 -1.037762 -3.111694
v -4.727112 -1.037762 -2.878784
v -4.734375 -1.037762 -2.635620
v -4.722839 -1.037762 -2.405762
v -4.700317 -1.037762 -2.181885
v -4.661743 -1.037762 -1.950317
v -4.602112 -1.037762 -1.712646
v -4.516724 -1.037762 -1.472412
v -4.403320 -1.037762 -1.232422
v -4.268494 -1.037762 -0.998169
v -4.121155 -1.037762 -0.775635
v -3.967041 -1.037762 -0.570068
v -3.808533 -1.037762 -0.385132
v -3.642456 -1.037762 -0.225220
v -3.470886 -1.037762 -0.094360
v -3.303711 -1.037762 0.007935
v -3.146606 -1.037762 0.088989
v -2.992310 -1.037762 0.161987
v -2.824524 -1.037762 0.236084
v -2.644409 -1.037762 0.304688
v -2.457275 -1.037762 0.365723
v -2.262207 -1.037762 0.418701
v -2.065430 -1.037762 0.462769
v -1.860413 -1.037762 0.504395
v -1.632996 -1.037762 0.546265
v -1.382080 -1.037762 0.580566
v -1.111267 -1.037762 0.594971
v -0.828430 -1.037762 0.573608
v -0.557983 -1.037762 0.506714
v -0.318542 -1.037762 0.409668
v -0.109619 -1.037762 0.299683
v 0.073914 -1.037762 0.189209
v 0.244263 -1.037762 0.082764
v 0.418945 -1.037762 -0.028931
v 0.599304 -1.037762 -0.153809
v 0.777771 -1.037762 -0.289551
v 0.952515 -1.037762 -0.437012
v 1.124268 -1.037762 -0.600830
v 1.285217 -1.037762 -0.782837
v 1.425354 -1.037762 -0.968506
v 1.546448 -1.037762 -1.143799
v 1.655334 -1.037762 -1.302368
v 1.764526 -1.037762 -1.450317
v 1.882751 -1.037762 -1.602661
v 2.002441 -1.037762 -1.757568
v 2.118347 -1.037762 -1.903564
v 2.232666 -1.037762 -2.038452
v 2.347595 -1.037762 -2.162354
v 2.469482 -1.037762 -2.278564
v 2.604492 -1.037762 -2.395142
v 2.752502 -1.037762 -2.516113
v 2.910767 -1.037762 -2.644043
v 3.066956 -1.037762 -2.774170
v 3.216675 -1.037762 -2.897827
v 3.372620 -1.037762 -3.021973
v 3.539368 -1.037762 -3.157959
v 3.712280 -1.037762 -3.311157
v 3.883118 -1.037762 -3.486450
v 4.037170 -1.037762 -3.676270
v 4.169006 -1.037762 -3.865845
v 4.283875 -1.037762 -4.046387
v 4.387878 -1.037762 -4.214111
v 4.490234 -1.037762 -4.371582
v 4.599060 -1.037762 -4.531616
v 4.710754 -1.037762 -4.696289
v 4.822449 -1.037762 -4.860596
v 4.934204 -1.037762 -5.025024
v 5.046204 -1.037762 -5.189697
v 5.158142 -1.037762 -5.354614
v 5.269958 -1.037762 -5.519287
v 5.381104 -1.037762 -5.682983
v 5.491943 -1.037762 -5.844849
v 5.601074 -1.037762 -6.003052
v 5.710754 -1.037762 -6.156616
v 5.824768 -1.037762 -6.312012
v 5.943176 -1.037762 -6.473511
v 6.063721 -1.037762 -6.643799
v 6.181458 -1.037762 -6.822021
v 6.291687 -1.037762 -7.002197
v 6.395203 -1.037762 -7.181396
v 6.493530 -1.037762 -7.360107
v 6.587891 -1.037762 -7.538208
v 6.688904 -1.037762 -7.734253
v 6.781799 -1.037762 -7.956787
v 6.847229 -1.037762 -8.158936
v 6.896179 -1.037762 -8.304077
v 6.939087 -1.037762 -8.395264
v 7.001770 -1.037762 -8.470825
v 7.127930 -1.037762 -8.577026
v 7.306274 -1.037762 -8.702637
v 7.504883 -1.037762 -8.816650
v 7.705139 -1.037762 -8.903809
v 7.895691 -1.037762 -8.956421
v 8.111206 -1.037762 -8.979492
v 8.369568 -1.037762 -8.978760
v 8.639221 -1.037762 -8.952026
v 8.890137 -1.037762 -8.903076
v 9.088745 -1.037762 -8.840942
v 9.251282 -1.037762 -8.756714
v 9.415771 -1.037762 -8.635620
v 9.575562 -1.037762 -8.487549
v 9.715149 -1.037762 -8.332153
v 9.810791 -1.037762 -8.208496
v 9.847290 -1.037762 -8.143921
v 9.859314 -1.037762 -8.089355
v 9.868042 -1.037762 -7.985352
v 9.877991 -1.037762 -7.813843
v 9.906433 -1.037762 -7.594849
v 9.955505 -1.037762 -7.378906
v 10.004333 -1.037762 -7.189331
v 10.043762 -1.037762 -7.021240
v 10.067383 -1.037762 -6.877075
v 10.072571 -1.037762 -6.758057
v 10.056274 -1.037762 -6.633545
v 10.016663 -1.037762 -6.474121
v 9.958252 -1.037762 -6.284302
v 9.891296 -1.037762 -6.071289
v 9.832581 -1.037762 -5.853516
v 9.787720 -1.037762 -5.655273
v 9.746765 -1.037762 -5.469971
v 9.708679 -1.037762 -5.283203
v 9.675293 -1.037762 -5.093140
v 9.649292 -1.037762 -4.899292
v 9.632751 -1.037762 -4.706909
v 9.624817 -1.037762 -4.522827
v 9.623047 -1.037762 -4.345703
v 9.625610 -1.037762 -4.175293
v 9.630005 -1.037762 -4.021118
v 9.629028 -1.037762 -3.877563
v 9.623535 -1.037762 -3.712402
v 9.626221 -1.037762 -3.507446
v 9.658508 -1.037762 -3.264893
v 9.746155 -1.037762 -2.995361
v 9.895874 -1.037762 -2.744751
v 10.062927 -1.037762 -2.547852
v 10.212097 -1.037762 -2.392578
v 10.327820 -1.037762 -2.265991
v 10.411011 -1.037762 -2.149536
v 10.488831 -1.037762 -2.005371
v 10.571167 -1.037762 -1.831421
v 10.647095 -1.037762 -1.648682
v 10.712891 -1.037762 -1.465820
v 10.766113 -1.037762 -1.291748
v 10.806030 -1.037762 -1.127197
v 10.835083 -1.037762 -0.964233
v 10.855225 -1.037762 -0.799438
v 10.867310 -1.037762 -0.630737
v 10.872620 -1.037762 -0.462524
v 10.868713 -1.037762 -0.297974
v 10.854370 -1.037762 -0.128540
v 10.831848 -1.037762 0.052979
v 10.804504 -1.037762 0.245850
v 10.776550 -1.037762 0.446655
v 10.751587 -1.037762 0.647217
v 10.727966 -1.037762 0.838379
v 10.702454 -1.037762 1.018921
v 10.672363 -1.037762 1.187744
v 10.635437 -1.037762 1.344849
v 10.587219 -1.037762 1.498657
v 10.525391 -1.037762 1.660767
v 10.452576 -1.037762 1.835327
v 10.372803 -1.037762 2.021973
v 10.291992 -1.037762 2.220459
v 10.217712 -1.037762 2.421753
v 10.150635 -1.037762 2.613770
v 10.086914 -1.037762 2.791260
v 10.023254 -1.037762 2.951416
v 9.954956 -1.037762 3.096313
v 9.875916 -1.037762 3.236450
v 9.784912 -1.037762 3.379150
v 9.683289 -1.037762 3.525024
v 9.573364 -1.037762 3.674683
v 9.460632 -1.037762 3.823975
v 9.347595 -1.037762 3.967407
v 9.228882 -1.037762 4.108643
v 9.102539 -1.037762 4.253906
v 8.970703 -1.037762 4.404297
v 8.836731 -1.037762 4.559814
v 8.705383 -1.037762 4.717529
v 8.578857 -1.037762 4.872314
v 8.456299 -1.037762 5.020630
v 8.336060 -1.037762 5.161499
v 8.212646 -1.037762 5.297607
v 8.083313 -1.037762 5.435303
v 7.954773 -1.037762 5.569580
v 7.830139 -1.037762 5.692871
v 7.708069 -1.037762 5.803101
v 7.587830 -1.037762 5.898438
v 7.460388 -1.037762 5.982544
v 7.314148 -1.037762 6.064453
v 7.148132 -1.037762 6.149292
v 6.966064 -1.037762 6.240112
v 6.778870 -1.037762 6.338135
v 6.599548 -1.037762 6.436768
v 6.425171 -1.037762 6.532715
v 6.250610 -1.037762 6.628540
v 6.076172 -1.037762 6.724487
v 5.900818 -1.037762 6.820923
v 5.725281 -1.037762 6.918213
v 5.551147 -1.037762 7.015259
v 5.379089 -1.037762 7.111084
v 5.208984 -1.037762 7.204224
v 5.039246 -1.037762 7.294678
v 4.868408 -1.037762 7.382690
v 4.694092 -1.037762 7.469849
v 4.516907 -1.037762 7.557251
v 4.337036 -1.037762 7.645508
v 4.156677 -1.037762 7.734741
v 3.977112 -1.037762 7.823975
v 3.798340 -1.037762 7.912964
v 3.619446 -1.037762 8.001709
v 3.440491 -1.037762 8.090576
v 3.259399 -1.037762 8.180542
v 3.076416 -1.037762 8.273315
v 2.897217 -1.037762 8.366333
v 2.724121 -1.037762 8.455078
v 2.557129 -1.037762 8.537231
v 2.392456 -1.037762 8.612183
v 2.227173 -1.037762 8.680786
v 2.059937 -1.037762 8.745728
v 1.890198 -1.037762 8.807373
v 1.713867 -1.037762 8.867310
v 1.526733 -1.037762 8.927734
v 1.327209 -1.037762 8.990356
v 1.121216 -1.037762 9.052856
v 0.916443 -1.037762 9.110962
v 0.720093 -1.037762 9.160645
v 0.537537 -1.037762 9.197998
v 0.364807 -1.037762 9.223267
v 0.191345 -1.037762 9.239624
v 0.010254 -1.037762 9.250000
v -0.181458 -1.037762 9.257446
v -0.385498 -1.037762 9.264771
v -0.594482 -1.037762 9.274048
v -0.799866 -1.037762 9.282227
v -1.000427 -1.037762 9.286865
v -1.193787 -1.037762 9.285522
v -1.383789 -1.037762 9.275635
v -1.578613 -1.037762 9.257080
v -1.777405 -1.037762 9.231812
v -1.974976 -1.037762 9.199585
v -2.168762 -1.037762 9.160522
v -2.352173 -1.037762 9.115845
v -2.529114 -1.037762 9.061035
v -2.713501 -1.037762 8.992065
v -2.907349 -1.037762 8.912964
v -3.106812 -1.037762 8.829834
v -3.310425 -1.037762 8.749512
v -3.503662 -1.037762 8.682739
v -3.670349 -1.037762 8.630981
v -3.809875 -1.037762 8.586548
v -3.932129 -1.037762 8.540771
v -4.058289 -1.037762 8.480591
v -4.208496 -1.037762 8.394775
v -4.376892 -1.037762 8.288208
v -4.551025 -1.037762 8.168823
v -4.721558 -1.037762 8.043945
v -4.877808 -1.037762 7.921509
v -5.018555 -1.037762 7.801392
v -5.152893 -1.037762 7.675903
v -5.284912 -1.037762 7.544067
v -5.416626 -1.037762 7.406128
v -5.548157 -1.037762 7.265015
v -5.674866 -1.037762 7.125854
v -5.795288 -1.037762 6.987793
v -5.912415 -1.037762 6.847778
v -6.026489 -1.037762 6.705566
v -6.137878 -1.037762 6.560669
v -6.244812 -1.037762 6.413696
v -6.349365 -1.037762 6.261841
v -6.454834 -1.037762 6.102783
v -6.563354 -1.037762 5.936157
v -6.676941 -1.037762 5.761841
v -6.796936 -1.037762 5.580200
v -6.919495 -1.037762 5.394653
v -7.039368 -1.037762 5.210205
v -7.150635 -1.037762 5.033325
v -7.247070 -1.037762 4.871216
v -7.326233 -1.037762 4.724487
v -7.396118 -1.037762 4.581665
v -7.465942 -1.037762 4.430786
v -7.543152 -1.037762 4.265869
v -7.631287 -1.037762 4.088867
v -7.727173 -1.037762 3.906006
v -7.826721 -1.037762 3.719116
v -7.930115 -1.037762 3.528564
v -8.036072 -1.037762 3.337769
v -8.144653 -1.037762 3.148193
v -8.257446 -1.037762 2.962891
v -8.370667 -1.037762 2.786987
v -8.477905 -1.037762 2.622559
v -8.575562 -1.037762 2.467407
v -8.664124 -1.037762 2.313843
v -8.748657 -1.037762 2.153320
v -8.831238 -1.037762 1.987183
v -8.910278 -1.037762 1.818481
v -8.985718 -1.037762 1.647827
v -9.056763 -1.037762 1.477417
v -9.122070 -1.037762 1.306763
v -9.183472 -1.037762 1.130371
v -9.244385 -1.037762 0.945923
v -9.306580 -1.037762 0.754150
v -9.371582 -1.037762 0.559692
v -9.437439 -1.037762 0.368286
v -9.502747 -1.037762 0.178833
v -9.567932 -1.037762 -0.009888
v -9.632629 -1.037762 -0.198364
v -9.697144 -1.037762 -0.386841
v -9.761169 -1.037762 -0.575073
v -9.825195 -1.037762 -0.764038
v -9.889160 -1.037762 -0.953003
v -9.952759 -1.037762 -1.141724
v -10.016479 -1.037762 -1.331177
v -10.080688 -1.037762 -1.521240
v -10.144897 -1.037762 -1.710327
v -10.208191 -1.037762 -1.897827
v -10.270020 -1.037762 -2.083984
v -10.330261 -1.037762 -2.270630
v -10.390686 -1.037762 -2.459839
v -10.450378 -1.037762 -2.646973
v -10.507141 -1.037762 -2.830811
v -10.559631 -1.037762 -3.010742
v -10.606812 -1.037762 -3.189575
v -10.650024 -1.037762 -3.371338
v -10.690186 -1.037762 -3.555298
v -10.726440 -1.037762 -3.739502
v -10.758972 -1.037762 -3.924316
v -10.787842 -1.037762 -4.110352
v -10.813965 -1.037762 -4.298462
v -10.837097 -1.037762 -4.485107
v -10.855469 -1.037762 -4.667480
v -10.867676 -1.037762 -4.844971
v -10.872620 -1.037762 -5.017334
v -10.869263 -1.037762 -5.188477
v -10.858215 -1.037762 -5.364502
v -10.841370 -1.037762 -5.546875
v -10.820068 -1.037762 -5.736816
v -10.796204 -1.037762 -5.941772
v -10.779358 -1.037762 -6.146606
v -10.770264 -1.037762 -6.321411
v -10.757446 -1.037762 -6.468018
v -10.730469 -1.037762 -6.617310
v -10.672241 -1.037762 -6.811890
v -10.570435 -1.037762 -7.089600
v -10.437073 -1.037762 -7.425049
v -10.285461 -1.037762 -7.766724
v -10.128235 -1.037762 -8.071411
v -9.984009 -1.037762 -8.294922
v -9.843811 -1.037762 -8.447388
v -9.681824 -1.037762 -8.576416
v -9.494934 -1.037762 -8.694214
v -9.286133 -1.037762 -8.807861
v -9.074341 -1.037762 -8.920288
v -8.889404 -1.037762 -9.016724
v -8.729065 -1.037762 -9.089355
v -8.576294 -1.037762 -9.146362
v -8.418762 -1.037762 -9.192017
v -8.244141 -1.037762 -9.229492
v -8.051392 -1.037762 -9.259277
v -7.849976 -1.037762 -9.278931
v -7.641968 -1.037762 -9.286865
v -7.428711 -1.037762 -9.281372
v -7.207581 -1.037762 -9.260986
v -6.972046 -1.037762 -9.225464
v -6.724548 -1.037762 -9.175659
v -6.473633 -1.037762 -9.111572
v -6.225586 -1.037762 -9.032593
v -5.983215 -1.037762 -8.937744
v -5.730347 -1.037762 -8.818970
v -5.463318 -1.037762 -8.676025
v -5.202942 -1.037762 -8.519653
v -4.969849 -1.037762 -8.361572
v -4.781555 -1.037762 -8.212891
v -4.636414 -1.037762 -8.075806
v -4.522583 -1.037762 -7.946289
v -4.435242 -1.037762 -7.821045
v -4.366943 -1.037762 -7.691895
v -4.315369 -1.037762 -7.560059
v -4.283325 -1.037762 -7.413696
v -4.269470 -1.037762 -7.230713
v -4.270691 -1.037762 -7.013428
v -4.281006 -1.037762 -6.779053
v -4.291565 -1.037762 -6.555664
v -4.302429 -1.037762 -6.365723
v -4.319885 -1.037762 -6.197388
v -4.343201 -1.037762 -6.031372
v -4.372009 -1.037762 -5.859741
v -4.402771 -1.037762 -5.686890
v -4.439209 -1.037762 -5.519287
v -4.486328 -1.037762 -5.343262
v -4.540527 -1.037762 -5.144775
v -4.592590 -1.037762 -4.923096
v -4.631104 -1.037762 -4.680176
v -4.645020 -1.037762 -4.433594
v -4.640625 -1.037762 -4.205322
v -4.629761 -1.037762 -3.999512
v -4.621765 -1.037762 -3.817749
v -4.623108 -1.037762 -3.657837
v -4.638550 -1.037762 -3.499146
v -4.666321 -1.037762 -3.318726
v -4.699646 -1.037762 -3.111694
v -4.727112 -1.037762 -2.878784
v -4.734375 -1.037762 -2.635620
v -4.722839 -1.037762 -2.405762
v -4.700317 -1.037762 -2.181885
v -4.661743 -1.037762 -1.950317
v -4.602112 -1.037762 -1.712646
v -4.516724 -1.037762 -1.472412
v -4.403320 -1.037762 -1.232422
v -4.268494 -1.037762 -0.998169
v -4.121155 -1.037762 -0.775635
v -3.967041 -1.037762 -0.570068
v -3.808533 -1.037762 -0.385132
v -3.642456 -1.037762 -0.225220
v -3.470886 -1.037762 -0.094360
v -3.303711 -1.037762 0.007935
v -3.146606 -1.037762 0.088989
v -2.992310 -1.037762 0.161987
v -2.824524 -1.037762 0.236084
v -2.644409 -1.037762 0.304688
v -2.457275 -1.037762 0.365723
v -2.262207 -1.037762 0.418701
v -2.065430 -1.037762 0.462769
v -1.860413 -1.037762 0.504395
v -1.632996 -1.037762 0.546265
v -1.382080 -1.037762 0.580566
v -1.111267 -1.037762 0.594971
v -0.828430 -1.037762 0.573608
v -0.557983 -1.037762 0.506714
v -0.318542 -1.037762 0.409668
v -0.109619 -1.037762 0.299683
v 0.073914 -1.037762 0.189209
v 0.244263 -1.037762 0.082764
v 0.418945 -1.037762 -0.028931
v 0.599304 -1.037762 -0.153809
v 0.777771 -1.037762 -0.289551
v 0.952515 -1.037762 -0.437012
v 1.124268 -1.037762 -0.600830
v 1.285217 -1.037762 -0.782837
v 1.425354 -1.037762 -0.968506
v 1.546448 -1.037762 -1.143799
v 1.655334 -1.037762 -1.302368
v 1.764526 -1.037762 -1.450317
v 1.882751 -1.037762 -1.602661
v 2.002441 -1.037762 -1.757568
v 2.118347 -1.037762 -1.903564
v 2.232666 -1.037762 -2.038452
v 2.347595 -1.037762 -2.162354
v 2.469482 -1.037762 -2.278564
v 2.604492 -1.037762 -2.395142
v 2.752502 -1.037762 -2.516113
v 2.910767 -1.037762 -2.644043
v 3.066956 -1.037762 -2.774170
v 3.216675 -1.037762 -2.897827
v 3.372620 -1.037762 -3.021973
v 3.539368 -1.037762 -3.157959
v 3.712280 -1.037762 -3.311157
v 3.883118 -1.037762 -3.486450
v 4.037170 -1.037762 -3.676270
v 4.169006 -1.037762 -3.865845
v 4.283875 -1.037762 -4.046387
v 4.387878 -1.037762 -4.214111
v 4.490234 -1.037762 -4.371582
v 4.599060 -1.037762 -4.531616
v 4.710754 -1.037762 -4.696289
v 4.822449 -1.037762 -4.860596
v 4.934204 -1.037762 -5.025024
v 5.046204 -1.037762 -5.189697
v 5.158142 -1.037762 -5.354614
v 5.269958 -1.037762 -5.519287
v 5.381104 -1.037762 -5.682983
v 5.491943 -1.037762 -5.844849
v 5.601074 -1.037762 -6.003052
v 5.710754 -1.037762 -6.156616
v 5.824768 -1.037762 -6.312012
v 5.943176 -1.037762 -6.473511
v 6.063721 -1.037762 -6.643799
v 6.181458 -1.037762 -6.822021
v 6.291687 -1.037762 -7.002197
v 6.395203 -1.037762 -7.181396
v 6.493530 -1.037762 -7.360107
v 6.587891 -1.037762 -7.538208
v 6.688904 -1.037762 -7.734253
v 6.781799 -1.037762 -7.956787
v 6.847229 -1.037762 -8.158936
v 6.896179 -1.037762 -8.304077
v 6.939087 -1.037762 -8.395264
v 7.001770 -1.037762 -8.470825
v 7.127930 -1.037762 -8.577026
v 7.306274 -1.037762 -8.702637
v 7.504883 -1.037762 -8.816650
v 7.705139 -1.037762 -8.903809
v 7.895691 -1.037762 -8.956421
v 8.111206 -1.037762 -8.979492
v 8.369568 -1.037762 -8.978760
v 8.639221 -1.037762 -8.952026
v 8.890137 -1.037762 -8.903076
v 9.088745 -1.037762 -8.840942
v 9.251282 -1.037762 -8.756714
v 9.415771 -1.037762 -8.635620
v 9.575562 -1.037762 -8.487549
v 9.715149 -1.037762 -8.332153
v 9.810791 -1.037762 -8.208496
v 9.847290 -1.037762 -8.143921
v 9.859314 -1.037762 -8.089355
v 9.868042 -1.037762 -7.985352
v 9.877991 -1.037762 -7.813843
v 9.906433 -1.037762 -7.594849
v 9.955505 -1.037762 -7.378906
v 10.004333 -1.037762 -7.189331
v 10.043762 -1.037762 -7.021240
v 10.067383 -1.037762 -6.877075
v 10.072571 -1.037762 -6.758057
v 10.056274 -1.037762 -6.633545
v 10.016663 -1.037762 -6.474121
v 9.958252 -1.037762 -6.284302
v 9.891296 -1.037762 -6.071289
v 9.832581 -1.037762 -5.853516
v 9.787720 -1.037762 -5.655273
v 9.746765 -1.037762 -5.469971
v 9.708679 -1.037762 -5.283203
v 9.675293 -1.037762 -5.093140
v 9.649292 -1.037762 -4.899292
v 9.632751 -1.037762 -4.706909
v 9.624817 -1.037762 -4.522827
v 9.623047 -1.037762 -4.345703
v 9.625610 -1.037762 -4.175293
v 9.630005 -1.037762 -4.021118
v 9.629028 -1.037762 -3.877563
v 9.623535 -1.037762 -3.712402
v 9.626221 -1.037762 -3.507446
v 9.658508 -1.037762 -3.264893
v 9.746155 -1.037762 -2.995361
v 9.895874 -1.037762 -2.744751
v 10.062927 -1.037762 -2.547852
v 10.212097 -1.037762 -2.392578
v 10.327820 -1.037762 -2.265991
v 10.411011 -1.037762 -2.149536
v 10.488831 -1.037762 -2.005371
v 10.571167 -1.037762 -1.831421
v 10.647095 -1.037762 -1.648682
v 10.712891 -1.037762 -1.465820
v 10.766113 -1.037762 -1.291748
v 10.806030 -1.037762 -1.127197
v 10.835083 -1.037762 -0.964233
v 10.855225 -1.037762 -0.799438
v 10.867310 -1.037762 -0.630737
v 10.872620 -1.037762 -0.462524
v 10.868713 -1.037762 -0.297974
v 10.854370 -1.037762 -0.128540
v 10.831848 -1.037762 0.052979
v 10.804504 -1.037762 0.245850
v 10.776550 -1.037762 0.446655
v 10.751587 -1.037762 0.647217
v 10.727966 -1.037762 0.838379
v 10.702454 -1.037762 1.018921
v 10.672363 -1.037762 1.187744
v 10.635437 -1.037762 1.344849
v 10.587219 -1.037762 1.498657
v 10.525391 -1.037762 1.660767
v 10.452576 -1.037762 1.835327
v 10.372803 -1.037762 2.021973
v 10.291992 -1.037762 2.220459
v 10.217712 -1.037762 2.421753
v 10.150635 -1.037762 2.613770
v 10.086914 -1.037762 2.791260
v 10.023254 -1.037762 2.951416
v 9.954956 -1.037762 3.096313
v 9.875916 -1.037762 3.236450
v 9.784912 -1.037762 3.379150
v 9.683289 -1.037762 3.525024
v 9.573364 -1.037762 3.674683
v 9.460632 -1.037762 3.823975
v 9.347595 -1.037762 3.967407
v 9.228882 -1.037762 4.108643
v 9.102539 -1.037762 4.253906
v 8.970703 -1.037762 4.404297
v 8.836731 -1.037762 4.559814
v 8.705383 -1.037762 4.717529
v 8.578857 -1.037762 4.872314
v 8.456299 -1.037762 5.020630
v 8.336060 -1.037762 5.161499
v 8.212646 -1.037762 5.297607
v 8.083313 -1.037762 5.435303
v 7.954773 -1.037762 5.569580
v 7.830139 -1.037762 5.692871
v 7.708069 -1.037762 5.803101
v 7.587830 -1.037762 5.898438
v 7.460388 -1.037762 5.982544
v 7.314148 -1.037762 6.064453
v 7.148132 -1.037762 6.149292
v 6.966064 -1.037762 6.240112
v 6.778870 -1.037762 6.338135
v 6.599548 -1.037762 6.436768
v 6.425171 -1.037762 6.532715
v 6.250610 -1.037762 6.628540
v 6.076172 -1.037762 6.724487
v 5.900818 -1.037762 6.820923
v 5.725281 -1.037762 6.918213
v 5.551147 -1.037762 7.015259
v 5.379089 -1.037762 7.111084
v 5.208984 -1.037762 7.204224
v 5.039246 -1.037762 7.294678
v 4.868408 -1.037762 7.382690
v 4.694092 -1.037762 7.469849
v 4.516907 -1.037762 7.557251
v 4.337036 -1.037762 7.645508
v 4.156677 -1.037762 7.734741
v 3.977112 -1.037762 7.823975
v 3.798340 -1.037762 7.912964
v 3.619446 -1.037762 8.001709
v 3.440491 -1.037762 8.090576
v 3.259399 -1.037762 8.180542
v 3.076416 -1.037762 8.273315
v 2.897217 -1.037762 8.366333
v 2.724121 -1.037762 8.455078
v 2.557129 -1.037762 8.537231
v 2.392456 -1.037762 8.612183
v 2.227173 -1.037762 8.680786
v 2.059937 -1.037762 8.745728
v 1.890198 -1.037762 8.807373
v 1.713867 -1.037762 8.867310
v 1.526733 -1.037762 8.927734
v 1.327209 -1.037762 8.990356
v 1.121216 -1.037762 9.052856
v 0.916443 -1.037762 9.110962
v 0.720093 -1.037762 9.160645
v 0.537537 -1.037762 9.197998
v 0.364807 -1.037762 9.223267
v 0.191345 -1.037762 9.239624
v 0.010254 -1.037762 9.250000
v -0.181458 -1.037762 9.257446
v -0.385498 -1.037762 9.264771
v -0.594482 -1.037762 9.274048
v -0.799866 -1.037762 9.282227
v -1.000427 -1.037762 9.286865
v -1.193787 -1.037762 9.285522
v -1.383789 -1.037762 9.275635
v -1.578613 -1.037762 9.257080
v -1.777405 -1.037762 9.231812
v -1.974976 -1.037762 9.199585
v -2.168762 -1.037762 9.160522
v -2.352173 -1.037762 9.115845
v -2.529114 -1.037762 9.061035
v -2.713501 -1.037762 8.992065
v -2.907349 -1.037762 8.912964
v -3.106812 -1.037762 8.829834
v -3.310425 -1.037762 8.749512
v -3.503662 -1.037762 8.682739
v -3.670349 -1.037762 8.630981
v -3.809875 -1.037762 8.586548
v -3.932129 -1.037762 8.540771
v -4.058289 -1.037762 8.480591
v -4.208496 -1.037762 8.394775
v -4.376892 -1.037762 8.288208
v -4.551025 -1.037762 8.168823
v -4.721558 -1.037762 8.043945
v -4.877808 -1.037762 7.921509
v -5.018555 -1.037762 7.801392
v -5.152893 -1.037762 7.675903
v -5.284912 -1.037762 7.544067
v -5.416626 -1.037762 7.406128
v -5.548157 -1.037762 7.265015
v -5.674866 -1.037762 7.125854
v -5.795288 -1.037762 6.987793
v -5.912415 -1.037762 6.847778
v -6.026489 -1.037762 6.705566
v -6.137878 -1.037762 6.560669
v -6.244812 -1.037762 6.413696
v -6.349365 -1.037762 6.261841
v -6.454834 -1.037762 6.102783
v -6.563354 -1.037762 5.936157
v -6.676941 -1.037762 5.761841
v -6.796936 -1.037762 5.580200
v -6.919495 -1.037762 5.394653
v -7.039368 -1.037762 5.210205
v -7.150635 -1.037762 5.033325
v -7.247070 -1.037762 4.871216
v -7.326233 -1.037762 4.724487
v -7.396118 -1.037762 4.581665
v -7.465942 -1.037762 4.430786
v -7.543152 -1.037762 4.265869
v -7.631287 -1.037762 4.088867
v -7.727173 -1.037762 3.906006
v -7.826721 -1.037762 3.719116
v -7.930115 -1.037762 3.528564
v -8.036072 -1.037762 3.337769
v -8.144653 -1.037762 3.148193
v -8.257446 -1.037762 2.962891
v -8.370667 -1.037762 2.786987
v -8.477905 -1.037762 2.622559
v -8.575562 -1.037762 2.467407
v -8.664124 -1.037762 2.313843
v -8.748657 -1.037762 2.153320
v -8.831238 -1.037762 1.987183
v -8.910278 -1.037762 1.818481
v -8.985718 -1.037762 1.647827
v -9.056763 -1.037762 1.477417
v -9.122070 -1.037762 1.306763
v -9.183472 -1.037762 1.130371
v -9.244385 -1.037762 0.945923
v -9.306580 -1.037762 0.754150
v -9.371582 -1.037762 0.559692
v -9.437439 -1.037762 0.368286
v -9.502747 -1.037762 0.178833
v -9.567932 -1.037762 -0.009888
v -9.632629 -1.037762 -0.198364
v -9.697144 -1.037762 -0.386841
v -9.761169 -1.037762 -0.575073
v -9.825195 -1.037762 -0.764038
v -9.889160 -1.037762 -0.953003
v -9.952759 -1.037762 -1.141724
v -10.016479 -1.037762 -1.331177
v -10.080688 -1.037762 -1.521240
v -10.144897 -1.037762 -1.710327
v -10.208191 -1.037762 -1.897827
v -10.270020 -1.037762 -2.083984
v -10.330261 -1.037762 -2.270630
v -10.390686 -1.037762 -2.459839
v -10.450378 -1.037762 -2.646973
v -10.507141 -1.037762 -2.830811
v -10.559631 -1.037762 -3.010742
v -10.606812 -1.037762 -3.189575
v -10.650024 -1.037762 -3.371338
v -10.690186 -1.037762 -3.555298
v -10.726440 -1.037762 -3.739502
v -10.758972 -1.037762 -3.924316
v -10.787842 -1.037762 -4.110352
v -10.813965 -1.037762 -4.298462
v -10.837097 -1.037762 -4.485107
v -10.855469 -1.037762 -4.667480
v -10.867676 -1.037762 -4.844971
v -10.872620 -1.037762 -5.017334
v -10.869263 -1.037762 -5.188477
v -10.858215 -1.037762 -5.364502
v -10.841370 -1.037762 -5.546875
v -10.820068 -1.037762 -5.736816
v -10.796204 -1.037762 -5.941772
v -10.779358 -1.037762 -6.146606
v -10.770264 -1.037762 -6.321411
v -10.757446 -1.037762 -6.468018
v -10.730469 -1.037762 -6.617310
v -10.672241 -1.037762 -6.811890
v -10.570435 -1.037762 -7.089600
v -10.437073 -1.037762 -7.425049
v -10.285461 -1.037762 -7.766724
v -10.128235 -1.037762 -8.071411
v -9.747009 -1.077763 -8.110962
v -9.638733 -1.077763 -8.228394
v -9.507385 -1.077763 -8.332275
v -9.342651 -1.077763 -8.435669
v -9.143860 -1.077763 -8.543701
v -8.934753 -1.077763 -8.654785
v -8.758362 -1.077763 -8.746826
v -8.614868 -1.077763 -8.811890
v -8.482056 -1.077763 -8.861450
v -8.345337 -1.077763 -8.901123
v -8.189636 -1.077763 -8.934448
v -8.013916 -1.077763 -8.961670
v -7.829834 -1.077763 -8.979614
v -7.640137 -1.077763 -8.986816
v -7.446350 -1.077763 -8.981934
v -7.243652 -1.077763 -8.963135
v -7.024048 -1.077763 -8.929932
v -6.791321 -1.077763 -8.883179
v -6.556274 -1.077763 -8.823242
v -6.325867 -1.077763 -8.749878
v -6.101685 -1.077763 -8.662109
v -5.864868 -1.077763 -8.550781
v -5.611328 -1.077763 -8.415039
v -5.364502 -1.077763 -8.266846
v -5.147217 -1.077763 -8.119629
v -4.977783 -1.077763 -7.985962
v -4.852417 -1.077763 -7.867676
v -4.758911 -1.077763 -7.761475
v -4.691406 -1.077763 -7.664917
v -4.639893 -1.077763 -7.567505
v -4.602600 -1.077763 -7.473511
v -4.580017 -1.077763 -7.369263
v -4.569275 -1.077763 -7.219360
v -4.570618 -1.077763 -7.020508
v -4.580688 -1.077763 -6.792603
v -4.591187 -1.077763 -6.571533
v -4.601501 -1.077763 -6.389771
v -4.617676 -1.077763 -6.233643
v -4.639709 -1.077763 -6.077026
v -4.667603 -1.077763 -5.911011
v -4.697083 -1.077763 -5.745117
v -4.730835 -1.077763 -5.589966
v -4.775940 -1.077763 -5.421509
v -4.831238 -1.077763 -5.218872
v -4.886902 -1.077763 -4.981445
v -4.929382 -1.077763 -4.712158
v -4.944946 -1.077763 -4.438721
v -4.940430 -1.077763 -4.194214
v -4.929443 -1.077763 -3.985107
v -4.921692 -1.077763 -3.812866
v -4.922729 -1.077763 -3.673584
v -4.936279 -1.077763 -3.536133
v -4.962708 -1.077763 -3.365234
v -4.996704 -1.077763 -3.153442
v -5.026245 -1.077763 -2.901123
v -5.034363 -1.077763 -2.632324
v -5.021973 -1.077763 -2.383057
v -4.997742 -1.077763 -2.142456
v -4.955505 -1.077763 -1.889282
v -4.889343 -1.077763 -1.625977
v -4.794006 -1.077763 -1.357788
v -4.669067 -1.077763 -1.093140
v -4.523621 -1.077763 -0.840332
v -4.366394 -1.077763 -0.602783
v -4.201294 -1.077763 -0.382690
v -4.027039 -1.077763 -0.179565
v -3.837891 -1.077763 0.002441
v -3.640015 -1.077763 0.153442
v -3.450317 -1.077763 0.269775
v -3.279297 -1.077763 0.358032
v -3.117188 -1.077763 0.434814
v -2.938599 -1.077763 0.513550
v -2.744385 -1.077763 0.587646
v -2.543091 -1.077763 0.653198
v -2.334229 -1.077763 0.709961
v -2.127930 -1.077763 0.756226
v -1.917542 -1.077763 0.798828
v -1.680786 -1.077763 0.842407
v -1.411011 -1.077763 0.879150
v -1.108765 -1.077763 0.895020
v -0.781067 -1.077763 0.869873
v -0.464600 -1.077763 0.791748
v -0.191528 -1.077763 0.681396
v 0.038086 -1.077763 0.560791
v 0.230896 -1.077763 0.444824
v 0.404480 -1.077763 0.336426
v 0.585144 -1.077763 0.220825
v 0.775513 -1.077763 0.088989
v 0.965332 -1.077763 -0.055420
v 1.152771 -1.077763 -0.213623
v 1.340271 -1.077763 -0.392700
v 1.517578 -1.077763 -0.593140
v 1.668701 -1.077763 -0.793091
v 1.793518 -1.077763 -0.973633
v 1.899658 -1.077763 -1.128418
v 2.003784 -1.077763 -1.269409
v 2.119934 -1.077763 -1.419067
v 2.238525 -1.077763 -1.572510
v 2.350281 -1.077763 -1.713135
v 2.456970 -1.077763 -1.839233
v 2.561096 -1.077763 -1.951660
v 2.671204 -1.077763 -2.056519
v 2.797607 -1.077763 -2.165649
v 2.941711 -1.077763 -2.283325
v 3.101074 -1.077763 -2.412109
v 3.258545 -1.077763 -2.543213
v 3.405701 -1.077763 -2.664917
v 3.560791 -1.077763 -2.788330
v 3.733521 -1.077763 -2.929199
v 3.919067 -1.077763 -3.093872
v 4.107300 -1.077763 -3.286987
v 4.277161 -1.077763 -3.496216
v 4.418884 -1.077763 -3.699829
v 4.537903 -1.077763 -3.886841
v 4.641113 -1.077763 -4.053223
v 4.740112 -1.077763 -4.205566
v 4.847229 -1.077763 -4.363037
v 4.958984 -1.077763 -4.527832
v 5.070557 -1.077763 -4.692017
v 5.182251 -1.077763 -4.856323
v 5.294312 -1.077763 -5.020996
v 5.406372 -1.077763 -5.186035
v 5.518188 -1.077763 -5.350830
v 5.628967 -1.077763 -5.513916
v 5.739197 -1.077763 -5.674927
v 5.846558 -1.077763 -5.830566
v 5.953796 -1.077763 -5.980713
v 6.066650 -1.077763 -6.134521
v 6.186584 -1.077763 -6.298096
v 6.311279 -1.077763 -6.474365
v 6.434631 -1.077763 -6.661133
v 6.549561 -1.077763 -6.848877
v 6.656494 -1.077763 -7.034058
v 6.757446 -1.077763 -7.217529
v 6.853638 -1.077763 -7.398926
v 6.960754 -1.077763 -7.607300
v 7.063293 -1.077763 -7.853027
v 7.131836 -1.077763 -8.064087
v 7.172791 -1.077763 -8.187988
v 7.191406 -1.077763 -8.232910
v 7.216797 -1.077763 -8.261597
v 7.312256 -1.077763 -8.340332
v 7.467407 -1.077763 -8.449585
v 7.639160 -1.077763 -8.548340
v 7.804565 -1.077763 -8.620728
v 7.952087 -1.077763 -8.661743
v 8.127502 -1.077763 -8.679932
v 8.354431 -1.077763 -8.679199
v 8.595520 -1.077763 -8.655273
v 8.815613 -1.077763 -8.612549
v 8.974060 -1.077763 -8.563721
v 9.093567 -1.077763 -8.501587
v 9.225159 -1.077763 -8.403931
v 9.362061 -1.077763 -8.276855
v 9.483948 -1.077763 -8.140991
v 9.558044 -1.077763 -8.046875
v 9.567688 -1.077763 -8.035156
v 9.564026 -1.077763 -8.036621
v 9.568909 -1.077763 -7.962036
v 9.579285 -1.077763 -7.786133
v 9.611084 -1.077763 -7.542114
v 9.664001 -1.077763 -7.307861
v 9.712952 -1.077763 -7.117920
v 9.749329 -1.077763 -6.963623
v 9.768799 -1.077763 -6.847778
v 9.772888 -1.077763 -6.770996
v 9.761230 -1.077763 -6.687622
v 9.727417 -1.077763 -6.553589
v 9.671753 -1.077763 -6.373291
v 9.603271 -1.077763 -6.155273
v 9.541382 -1.077763 -5.925537
v 9.494934 -1.077763 -5.720703
v 9.453308 -1.077763 -5.532471
v 9.413940 -1.077763 -5.339111
v 9.378845 -1.077763 -5.139038
v 9.351135 -1.077763 -4.932129
v 9.333374 -1.077763 -4.726196
v 9.324951 -1.077763 -4.530762
v 9.323059 -1.077763 -4.344971
v 9.325684 -1.077763 -4.168701
v 9.330078 -1.077763 -4.017944
v 9.329102 -1.077763 -3.883667
v 9.323547 -1.077763 -3.716064
v 9.326904 -1.077763 -3.487183
v 9.365540 -1.077763 -3.200073
v 9.473145 -1.077763 -2.870972
v 9.653076 -1.077763 -2.568481
v 9.841003 -1.077763 -2.346069
v 9.992737 -1.077763 -2.187866
v 10.094177 -1.077763 -2.077881
v 10.156799 -1.077763 -1.990234
v 10.221497 -1.077763 -1.869263
v 10.296997 -1.077763 -1.709717
v 10.367371 -1.077763 -1.540283
v 10.428223 -1.077763 -1.371338
v 10.476746 -1.077763 -1.212524
v 10.512451 -1.077763 -1.065430
v 10.538452 -1.077763 -0.919556
v 10.556641 -1.077763 -0.770386
v 10.567688 -1.077763 -0.615356
v 10.572632 -1.077763 -0.461426
v 10.569153 -1.077763 -0.314087
v 10.555969 -1.077763 -0.159546
v 10.534424 -1.077763 0.013550
v 10.507446 -1.077763 0.204102
v 10.479126 -1.077763 0.407471
v 10.453857 -1.077763 0.610352
v 10.430542 -1.077763 0.798828
v 10.406250 -1.077763 0.971558
v 10.378601 -1.077763 1.126831
v 10.346130 -1.077763 1.265503
v 10.303711 -1.077763 1.400513
v 10.246704 -1.077763 1.549805
v 10.176147 -1.077763 1.718628
v 10.095947 -1.077763 1.906372
v 10.012268 -1.077763 2.111938
v 9.935364 -1.077763 2.320312
v 9.867798 -1.077763 2.513672
v 9.806396 -1.077763 2.684937
v 9.748169 -1.077763 2.831665
v 9.688416 -1.077763 2.958618
v 9.618591 -1.077763 3.082275
v 9.535217 -1.077763 3.212769
v 9.439209 -1.077763 3.350586
v 9.332764 -1.077763 3.495483
v 9.223145 -1.077763 3.640747
v 9.114929 -1.077763 3.777954
v 9.000793 -1.077763 3.913818
v 8.876587 -1.077763 4.056641
v 8.744263 -1.077763 4.207520
v 8.607849 -1.077763 4.365967
v 8.473999 -1.077763 4.526611
v 8.347107 -1.077763 4.681763
v 8.226562 -1.077763 4.827759
v 8.110840 -1.077763 4.963379
v 7.992188 -1.077763 5.094116
v 7.865662 -1.077763 5.228882
v 7.740967 -1.077763 5.359009
v 7.624268 -1.077763 5.474731
v 7.514526 -1.077763 5.573853
v 7.411926 -1.077763 5.655396
v 7.304016 -1.077763 5.726440
v 7.172241 -1.077763 5.800171
v 7.012878 -1.077763 5.881470
v 6.829529 -1.077763 5.973022
v 6.636963 -1.077763 6.073853
v 6.455017 -1.077763 6.173950
v 6.280701 -1.077763 6.269775
v 6.106079 -1.077763 6.365601
v 5.931641 -1.077763 6.461670
v 5.755859 -1.077763 6.558228
v 5.579529 -1.077763 6.656006
v 5.405212 -1.077763 6.753174
v 5.234131 -1.077763 6.848389
v 5.066406 -1.077763 6.940186
v 4.899902 -1.077763 7.028931
v 4.732605 -1.077763 7.115234
v 4.560669 -1.077763 7.201172
v 4.384460 -1.077763 7.288086
v 4.204529 -1.077763 7.376465
v 4.023438 -1.077763 7.465942
v 3.843506 -1.077763 7.555420
v 3.664856 -1.077763 7.644287
v 3.486023 -1.077763 7.733032
v 3.307007 -1.077763 7.821899
v 3.124817 -1.077763 7.912476
v 2.939453 -1.077763 8.006470
v 2.759705 -1.077763 8.099731
v 2.589539 -1.077763 8.187012
v 2.428894 -1.077763 8.265991
v 2.272766 -1.077763 8.337036
v 2.115295 -1.077763 8.402466
v 1.954468 -1.077763 8.464966
v 1.790710 -1.077763 8.524414
v 1.619446 -1.077763 8.582642
v 1.435730 -1.077763 8.641846
v 1.238708 -1.077763 8.703735
v 1.036865 -1.077763 8.764893
v 0.838867 -1.077763 8.821167
v 0.653259 -1.077763 8.868164
v 0.485718 -1.077763 8.902588
v 0.328918 -1.077763 8.925415
v 0.168640 -1.077763 8.940430
v -0.004272 -1.077763 8.950317
v -0.192688 -1.077763 8.957642
v -0.397522 -1.077763 8.965088
v -0.607056 -1.077763 8.974243
v -0.809204 -1.077763 8.982300
v -1.002808 -1.077763 8.986816
v -1.184937 -1.077763 8.985718
v -1.361816 -1.077763 8.976440
v -1.545532 -1.077763 8.958984
v -1.734253 -1.077763 8.934937
v -1.921143 -1.077763 8.904419
v -2.103455 -1.077763 8.867798
v -2.272156 -1.077763 8.826660
v -2.432312 -1.077763 8.777100
v -2.604309 -1.077763 8.712646
v -2.793030 -1.077763 8.635498
v -2.993958 -1.077763 8.551880
v -3.206360 -1.077763 8.468140
v -3.410400 -1.077763 8.397583
v -3.580261 -1.077763 8.344849
v -3.711182 -1.077763 8.303223
v -3.814636 -1.077763 8.264648
v -3.919495 -1.077763 8.214600
v -4.054016 -1.077763 8.137573
v -4.211914 -1.077763 8.037598
v -4.377563 -1.077763 7.924072
v -4.540344 -1.077763 7.804810
v -4.687866 -1.077763 7.689331
v -4.818787 -1.077763 7.577515
v -4.944519 -1.077763 7.460083
v -5.070435 -1.077763 7.334351
v -5.198425 -1.077763 7.200317
v -5.327515 -1.077763 7.061768
v -5.450928 -1.077763 6.926270
v -5.567200 -1.077763 6.792969
v -5.680359 -1.077763 6.657715
v -5.790527 -1.077763 6.520264
v -5.897644 -1.077763 6.380981
v -5.999939 -1.077763 6.240356
v -6.100769 -1.077763 6.093872
v -6.204163 -1.077763 5.937988
v -6.311951 -1.077763 5.772461
v -6.426147 -1.077763 5.597290
v -6.546570 -1.077763 5.414917
v -6.668518 -1.077763 5.230225
v -6.786621 -1.077763 5.048584
v -6.894653 -1.077763 4.876831
v -6.986023 -1.077763 4.723389
v -7.059448 -1.077763 4.587280
v -7.125244 -1.077763 4.452637
v -7.194031 -1.077763 4.304077
v -7.273010 -1.077763 4.135376
v -7.364136 -1.077763 3.952393
v -7.461914 -1.077763 3.765747
v -7.562500 -1.077763 3.577026
v -7.667114 -1.077763 3.384155
v -7.774719 -1.077763 3.190430
v -7.886292 -1.077763 2.995728
v -8.003174 -1.077763 2.803711
v -8.118896 -1.077763 2.623901
v -8.225220 -1.077763 2.460815
v -8.318604 -1.077763 2.312500
v -8.401428 -1.077763 2.168945
v -8.481628 -1.077763 2.016602
v -8.561035 -1.077763 1.856812
v -8.637207 -1.077763 1.694214
v -8.710083 -1.077763 1.529419
v -8.778137 -1.077763 1.366211
v -8.840271 -1.077763 1.203735
v -8.899414 -1.077763 1.033936
v -8.959290 -1.077763 0.852539
v -9.021606 -1.077763 0.660278
v -9.087524 -1.077763 0.463257
v -9.153809 -1.077763 0.270630
v -9.219177 -1.077763 0.081055
v -9.284302 -1.077763 -0.107544
v -9.348877 -1.077763 -0.295654
v -9.413208 -1.077763 -0.483643
v -9.477112 -1.077763 -0.671509
v -9.541077 -1.077763 -0.860229
v -9.604919 -1.077763 -1.049072
v -9.668457 -1.077763 -1.237427
v -9.732178 -1.077763 -1.427002
v -9.796570 -1.077763 -1.617554
v -9.860779 -1.077763 -1.806519
v -9.923767 -1.077763 -1.993042
v -9.984924 -1.077763 -2.177368
v -10.044617 -1.077763 -2.362427
v -10.104919 -1.077763 -2.551025
v -10.164124 -1.077763 -2.736816
v -10.219788 -1.077763 -2.916992
v -10.270508 -1.077763 -3.090942
v -10.315796 -1.077763 -3.262573
v -10.357483 -1.077763 -3.437988
v -10.396423 -1.077763 -3.616211
v -10.431519 -1.077763 -3.794556
v -10.463013 -1.077763 -3.973267
v -10.491028 -1.077763 -4.154053
v -10.516541 -1.077763 -4.337524
v -10.539001 -1.077763 -4.518555
v -10.556519 -1.077763 -4.692871
v -10.567993 -1.077763 -4.859619
v -10.572632 -1.077763 -5.018555
v -10.569519 -1.077763 -5.176147
v -10.559143 -1.077763 -5.341309
v -10.542908 -1.077763 -5.516357
v -10.522034 -1.077763 -5.702759
v -10.497681 -1.077763 -5.912109
v -10.480042 -1.077763 -6.126465
v -10.471008 -1.077763 -6.300171
v -10.460205 -1.077763 -6.427490
v -10.438660 -1.077763 -6.547607
v -10.387390 -1.077763 -6.717651
v -10.290161 -1.077763 -6.982544
v -10.160522 -1.077763 -7.308716
v -10.015015 -1.077763 -7.636719
v -9.869019 -1.077763 -7.920410
v -9.747009 -1.077763 -8.110962
v -9.638733 -1.077763 -8.228394
v -9.507385 -1.077763 -8.332275
v -9.342651 -1.077763 -8.435669
v -9.143860 -1.077763 -8.543701
v -8.934753 -1.077763 -8.654785
v -8.758362 -1.077763 -8.746826
v -8.614868 -1.077763 -8.811890
v -8.482056 -1.077763 -8.861450
v -8.345337 -1.077763 -8.901123
v -8.189636 -1.077763 -8.934448
v -8.013916 -1.077763 -8.961670
v -7.829834 -1.077763 -8.979614
v -7.640137 -1.077763 -8.986816
v -7.446350 -1.077763 -8.981934
v -7.243652 -1.077763 -8.963135
v -7.024048 -1.077763 -8.929932
v -6.791321 -1.077763 -8.883179
v -6.556274 -1.077763 -8.823242
v -6.325867 -1.077763 -8.749878
v -6.101685 -1.077763 -8.662109
v -5.864868 -1.077763 -8.550781
v -5.611328 -1.077763 -8.415039
v -5.364502 -1.077763 -8.266846
v -5.147217 -1.077763 -8.119629
v -4.977783 -1.077763 -7.985962
v -4.852417 -1.077763 -7.867676
v -4.758911 -1.077763 -7.761475
v -4.691406 -1.077763 -7.664917
v -4.639893 -1.077763 -7.567505
v -4.602600 -1.077763 -7.473511
v -4.580017 -1.077763 -7.369263
v -4.569275 -1.077763 -7.219360
v -4.570618 -1.077763 -7.020508
v -4.580688 -1.077763 -6.792603
v -4.591187 -1.077763 -6.571533
v -4.601501 -1.077763 -6.389771
v -4.617676 -1.077763 -6.233643
v -4.639709 -1.077763 -6.077026
v -4.667603 -1.077763 -5.911011
v -4.697083 -1.077763 -5.745117
v -4.730835 -1.077763 -5.589966
v -4.775940 -1.077763 -5.421509
v -4.831238 -1.077763 -5.218872
v -4.886902 -1.077763 -4.981445
v -4.929382 -1.077763 -4.712158
v -4.944946 -1.077763 -4.438721
v -4.940430 -1.077763 -4.194214
v -4.929443 -1.077763 -3.985107
v -4.921692 -1.077763 -3.812866
v -4.922729 -1.077763 -3.673584
v -4.936279 -1.077763 -3.536133
v -4.962708 -1.077763 -3.365234
v -4.996704 -1.077763 -3.153442
v -5.026245 -1.077763 -2.901123
v -5.034363 -1.077763 -2.632324
v -5.021973 -1.077763 -2.383057
v -4.997742 -1.077763 -2.142456
v -4.955505 -1.077763 -1.889282
v -4.889343 -1.077763 -1.625977
v -4.794006 -1.077763 -1.357788
v -4.669067 -1.077763 -1.093140
v -4.523621 -1.077763 -0.840332
v -4.366394 -1.077763 -0.602783
v -4.201294 -1.077763 -0.382690
v -4.027039 -1.077763 -0.179565
v -3.837891 -1.077763 0.002441
v -3.640015 -1.077763 0.153442
v -3.450317 -1.077763 0.269775
v -3.279297 -1.077763 0.358032
v -3.117188 -1.077763 0.434814
v -2.938599 -1.077763 0.513550
v -2.744385 -1.077763 0.587646
v -2.543091 -1.077763 0.653198
v -2.334229 -1.077763 0.709961
v -2.127930 -1.077763 0.756226
v -1.917542 -1.077763 0.798828
v -1.680786 -1.077763 0.842407
v -1.411011 -1.077763 0.879150
v -1.108765 -1.077763 0.895020
v -0.781067 -1.077763 0.869873
v -0.464600 -1.077763 0.791748
v -0.191528 -1.077763 0.681396
v 0.038086 -1.077763 0.560791
v 0.230896 -1.077763 0.444824
v 0.404480 -1.077763 0.336426
v 0.585144 -1.077763 0.220825
v 0.775513 -1.077763 0.088989
v 0.965332 -1.077763 -0.055420
v 1.152771 -1.077763 -0.213623
v 1.340271 -1.077763 -0.392700
v 1.517578 -1.077763 -0.593140
v 1.668701 -1.077763 -0.793091
v 1.793518 -1.077763 -0.973633
v 1.899658 -1.077763 -1.128418
v 2.003784 -1.077763 -1.269409
v 2.119934 -1.077763 -1.419067
v 2.238525 -1.077763 -1.572510
v 2.350281 -1.077763 -1.713135
v 2.456970 -1.077763 -1.839233
v 2.561096 -1.077763 -1.951660
v 2.671204 -1.077763 -2.056519
v 2.797607 -1.077763 -2.165649
v 2.941711 -1.077763 -2.283325
v 3.101074 -1.077763 -2.412109
v 3.258545 -1.077763 -2.543213
v 3.405701 -1.077763 -2.664917
v 3.560791 -1.077763 -2.788330
v 3.733521 -1.077763 -2.929199
v 3.919067 -1.077763 -3.093872
v 4.107300 -1.077763 -3.286987
v 4.277161 -1.077763 -3.496216
v 4.418884 -1.077763 -3.699829
v 4.537903 -1.077763 -3.886841
v 4.641113 -1.077763 -4.053223
v 4.740112 -1.077763 -4.205566
v 4.847229 -1.077763 -4.363037
v 4.958984 -1.077763 -4.527832
v 5.070557 -1.077763 -4.692017
v 5.182251 -1.077763 -4.856323
v 5.294312 -1.077763 -5.020996
v 5.406372 -1.077763 -5.186035
v 5.518188 -1.077763 -5.350830
v 5.628967 -1.077763 -5.513916
v 5.739197 -1.077763 -5.674927
v 5.846558 -1.077763 -5.830566
v 5.953796 -1.077763 -5.980713
v 6.066650 -1.077763 -6.134521
v 6.186584 -1.077763 -6.298096
v 6.311279 -1.077763 -6.474365
v 6.434631 -1.077763 -6.661133
v 6.549561 -1.077763 -6.848877
v 6.656494 -1.077763 -7.034058
v 6.757446 -1.077763 -7.217529
v 6.853638 -1.077763 -7.398926
v 6.960754 -1.077763 -7.607300
v 7.063293 -1.077763 -7.853027
v 7.131836 -1.077763 -8.064087
v 7.172791 -1.077763 -8.187988
v 7.191406 -1.077763 -8.232910
v 7.216797 -1.077763 -8.261597
v 7.312256 -1.077763 -8.340332
v 7.467407 -1.077763 -8.449585
v 7.639160 -1.077763 -8.548340
v 7.804565 -1.077763 -8.620728
v 7.952087 -1.077763 -8.661743
v 8.127502 -1.077763 -8.679932
v 8.354431 -1.077763 -8.679199
v 8.595520 -1.077763 -8.655273
v 8.815613 -1.077763 -8.612549
v 8.974060 -1.077763 -8.563721
v 9.093567 -1.077763 -8.501587
v 9.225159 -1.077763 -8.403931
v 9.362061 -1.077763 -8.276855
v 9.483948 -1.077763 -8.140991
v 9.558044 -1.077763 -8.046875
v 9.567688 -1.077763 -8.035156
v 9.564026 -1.077763 -8.036621
v 9.568909 -1.077763 -7.962036
v 9.579285 -1.077763 -7.786133
v 9.611084 -1.077763 -7.542114
v 9.664001 -1.077763 -7.307861
v 9.712952 -1.077763 -7.117920
v 9.749329 -1.077763 -6.963623
v 9.768799 -1.077763 -6.847778
v 9.772888 -1.077763 -6.770996
v 9.761230 -1.077763 -6.687622
v 9.727417 -1.077763 -6.553589
v 9.671753 -1.077763 -6.373291
v 9.603271 -1.077763 -6.155273
v 9.541382 -1.077763 -5.925537
v 9.494934 -1.077763 -5.720703
v 9.453308 -1.077763 -5.532471
v 9.413940 -1.077763 -5.339111
v 9.378845 -1.077763 -5.139038
v 9.351135 -1.077763 -4.932129
v 9.333374 -1.077763 -4.726196
v 9.324951 -1.077763 -4.530762
v 9.323059 -1.077763 -4.344971
v 9.325684 -1.077763 -4.168701
v 9.330078 -1.077763 -4.017944
v 9.329102 -1.077763 -3.883667
v 9.323547 -1.077763 -3.716064
v 9.326904 -1.077763 -3.487183
v 9.365540 -1.077763 -3.200073
v 9.473145 -1.077763 -2.870972
v 9.653076 -1.077763 -2.568481
v 9.841003 -1.077763 -2.346069
v 9.992737 -1.077763 -2.187866
v 10.094177 -1.077763 -2.077881
v 10.156799 -1.077763 -1.990234
v 10.221497 -1.077763 -1.869263
v 10.296997 -1.077763 -1.709717
v 10.367371 -1.077763 -1.540283
v 10.428223 -1.077763 -1.371338
v 10.476746 -1.077763 -1.212524
v 10.512451 -1.077763 -1.065430
v 10.538452 -1.077763 -0.919556
v 10.556641 -1.077763 -0.770386
v 10.567688 -1.077763 -0.615356
v 10.572632 -1.077763 -0.461426
v 10.569153 -1.077763 -0.314087
v 10.555969 -1.077763 -0.159546
v 10.534424 -1.077763 0.013550
v 10.507446 -1.077763 0.204102
v 10.479126 -1.077763 0.407471
v 10.453857 -1.077763 0.610352
v 10.430542 -1.077763 0.798828
v 10.406250 -1.077763 0.971558
v 10.378601 -1.077763 1.126831
v 10.346130 -1.077763 1.265503
v 10.303711 -1.077763 1.400513
v 10.246704 -1.077763 1.549805
v 10.176147 -1.077763 1.718628
v 10.095947 -1.077763 1.906372
v 10.012268 -1.077763 2.111938
v 9.935364 -1.077763 2.320312
v 9.867798 -1.077763 2.513672
v 9.806396 -1.077763 2.684937
v 9.748169 -1.077763 2.831665
v 9.688416 -1.077763 2.958618
v 9.618591 -1.077763 3.082275
v 9.535217 -1.077763 3.212769
v 9.439209 -1.077763 3.350586
v 9.332764 -1.077763 3.495483
v 9.223145 -1.077763 3.640747
v 9.114929 -1.077763 3.777954
v 9.000793 -1.077763 3.913818
v 8.876587 -1.077763 4.056641
v 8.744263 -1.077763 4.207520
v 8.607849 -1.077763 4.365967
v 8.473999 -1.077763 4.526611
v 8.347107 -1.077763 4.681763
v 8.226562 -1.077763 4.827759
v 8.110840 -1.077763 4.963379
v 7.992188 -1.077763 5.094116
v 7.865662 -1.077763 5.228882
v 7.740967 -1.077763 5.359009
v 7.624268 -1.077763 5.474731
v 7.514526 -1.077763 5.573853
v 7.411926 -1.077763 5.655396
v 7.304016 -1.077763 5.726440
v 7.172241 -1.077763 5.800171
v 7.012878 -1.077763 5.881470
v 6.829529 -1.077763 5.973022
v 6.636963 -1.077763 6.073853
v 6.455017 -1.077763 6.173950
v 6.280701 -1.077763 6.269775
v 6.106079 -1.077763 6.365601
v 5.931641 -1.077763 6.461670
v 5.755859 -1.077763 6.558228
v 5.579529 -1.077763 6.656006
v 5.405212 -1.077763 6.753174
v 5.234131 -1.077763 6.848389
v 5.066406 -1.077763 6.940186
v 4.899902 -1.077763 7.028931
v 4.732605 -1.077763 7.115234
v 4.560669 -1.077763 7.201172
v 4.384460 -1.077763 7.288086
v 4.204529 -1.077763 7.376465
v 4.023438 -1.077763 7.465942
v 3.843506 -1.077763 7.555420
v 3.664856 -1.077763 7.644287
v 3.486023 -1.077763 7.733032
v 3.307007 -1.077763 7.821899
v 3.124817 -1.077763 7.912476
v 2.939453 -1.077763 8.006470
v 2.759705 -1.077763 8.099731
v 2.589539 -1.077763 8.187012
v 2.428894 -1.077763 8.265991
v 2.272766 -1.077763 8.337036
v 2.115295 -1.077763 8.402466
v 1.954468 -1.077763 8.464966
v 1.790710 -1.077763 8.524414
v 1.619446 -1.077763 8.582642
v 1.435730 -1.077763 8.641846
v 1.238708 -1.077763 8.703735
v 1.036865 -1.077763 8.764893
v 0.838867 -1.077763 8.821167
v 0.653259 -1.077763 8.868164
v 0.485718 -1.077763 8.902588
v 0.328918 -1.077763 8.925415
v 0.168640 -1.077763 8.940430
v -0.004272 -1.077763 8.950317
v -0.192688 -1.077763 8.957642
v -0.397522 -1.077763 8.965088
v -0.607056 -1.077763 8.974243
v -0.809204 -1.077763 8.982300
v -1.002808 -1.077763 8.986816
v -1.184937 -1.077763 8.985718
v -1.361816 -1.077763 8.976440
v -1.545532 -1.077763 8.958984
v -1.734253 -1.077763 8.934937
v -1.921143 -1.077763 8.904419
v -2.103455 -1.077763 8.867798
v -2.272156 -1.077763 8.826660
v -2.432312 -1.077763 8.777100
v -2.604309 -1.077763 8.712646
v -2.793030 -1.077763 8.635498
v -2.993958 -1.077763 8.551880
v -3.206360 -1.077763 8.468140
v -3.410400 -1.077763 8.397583
v -3.580261 -1.077763 8.344849
v -3.711182 -1.077763 8.303223
v -3.814636 -1.077763 8.264648
v -3.919495 -1.077763 8.214600
v -4.054016 -1.077763 8.137573
v -4.211914 -1.077763 8.037598
v -4.377563 -1.077763 7.924072
v -4.540344 -1.077763 7.804810
v -4.687866 -1.077763 7.689331
v -4.818787 -1.077763 7.577515
v -4.944519 -1.077763 7.460083
v -5.070435 -1.077763 7.334351
v -5.198425 -1.077763 7.200317
v -5.327515 -1.077763 7.061768
v -5.450928 -1.077763 6.926270
v -5.567200 -1.077763 6.792969
v -5.680359 -1.077763 6.657715
v -5.790527 -1.077763 6.520264
v -5.897644 -1.077763 6.380981
v -5.999939 -1.077763 6.240356
v -6.100769 -1.077763 6.093872
v -6.204163 -1.077763 5.937988
v -6.311951 -1.077763 5.772461
v -6.426147 -1.077763 5.597290
v -6.546570 -1.077763 5.414917
v -6.668518 -1.077763 5.230225
v -6.786621 -1.077763 5.048584
v -6.894653 -1.077763 4.876831
v -6.986023 -1.077763 4.723389
v -7.059448 -1.077763 4.587280
v -7.125244 -1.077763 4.452637
v -7.194031 -1.077763 4.304077
v -7.273010 -1.077763 4.135376
v -7.364136 -1.077763 3.952393
v -7.461914 -1.077763 3.765747
v -7.562500 -1.077763 3.577026
v -7.667114 -1.077763 3.384155
v -7.774719 -1.077763 3.190430
v -7.886292 -1.077763 2.995728
v -8.003174 -1.077763 2.803711
v -8.118896 -1.077763 2.623901
v -8.225220 -1.077763 2.460815
v -8.318604 -1.077763 2.312500
v -8.401428 -1.077763 2.168945
v -8.481628 -1.077763 2.016602
v -8.561035 -1.077763 1.856812
v -8.637207 -1.077763 1.694214
v -8.710083 -1.077763 1.529419
v -8.778137 -1.077763 1.366211
v -8.840271 -1.077763 1.203735
v -8.899414 -1.077763 1.033936
v -8.959290 -1.077763 0.852539
v -9.021606 -1.077763 0.660278
v -9.087524 -1.077763 0.463257
v -9.153809 -1.077763 0.270630
v -9.219177 -1.077763 0.081055
v -9.284302 -1.077763 -0.107544
v -9.348877 -1.077763 -0.295654
v -9.413208 -1.077763 -0.483643
v -9.477112 -1.077763 -0.671509
v -9.541077 -1.077763 -0.860229
v -9.604919 -1.077763 -1.049072
v -9.668457 -1.077763 -1.237427
v -9.732178 -1.077763 -1.427002
v -9.796570 -1.077763 -1.617554
v -9.860779 -1.077763 -1.806519
v -9.923767 -1.077763 -1.993042
v -9.984924 -1.077763 -2.177368
v -10.044617 -1.077763 -2.362427
v -10.104919 -1.077763 -2.551025
v -10.164124 -1.077763 -2.736816
v -10.219788 -1.077763 -2.916992
v -10.270508 -1.077763 -3.090942
v -10.315796 -1.077763 -3.262573
v -10.357483 -1.077763 -3.437988
v -10.396423 -1.077763 -3.616211
v -10.431519 -1.077763 -3.794556
v -10.463013 -1.077763 -3.973267
v -10.491028 -1.077763 -4.154053
v -10.516541 -1.077763 -4.337524
v -10.539001 -1.077763 -4.518555
v -10.556519 -1.077763 -4.692871
v -10.567993 -1.077763 -4.859619
v -10.572632 -1.077763 -5.018555
v -10.569519 -1.077763 -5.176147
v -10.559143 -1.077763 -5.341309
v -10.542908 -1.077763 -5.516357
v -10.522034 -1.077763 -5.702759
v -10.497681 -1.077763 -5.912109
v -10.480042 -1.077763 -6.126465
v -10.471008 -1.077763 -6.300171
v -10.460205 -1.077763 -6.427490
v -10.438660 -1.077763 -6.547607
v -10.387390 -1.077763 -6.717651
v -10.290161 -1.077763 -6.982544
v -10.160522 -1.077763 -7.308716
v -10.015015 -1.077763 -7.636719
v -9.869019 -1.077763 -7.920410
v -10.432617 -1.077763 -6.346802
v -10.432617 -1.077763 -5.846802
v -10.432617 -1.077763 -5.346802
v -10.432617 -1.077763 -4.846802
v -10.432617 -1.077763 -4.346802
v -10.432617 -1.077763 -3.846802
v -9.932617 -1.077763 -7.346802
v -9.932617 -1.077763 -6.846802
v -9.932617 -1.077763 -6.346802
v -9.932617 -1.077763 -5.846802
v -9.932617 -1.077763 -5.346802
v -9.932617 -1.077763 -4.846802
v -9.932617 -1.077763 -4.346802
v -9.932617 -1.077763 -3.846802
v -9.932617 -1.077763 -3.346802
v -9.932617 -1.077763 -2.846802
v -9.932617 -1.077763 -2.346802
v -9.432617 -1.077763 -8.346802
v -9.432617 -1.077763 -7.846802
v -9.432617 -1.077763 -7.346802
v -9.432617 -1.077763 -6.846802
v -9.432617 -1.077763 -6.346802
v -9.432617 -1.077763 -5.846802
v -9.432617 -1.077763 -5.346802
v -9.432617 -1.077763 -4.846802
v -9.432617 -1.077763 -4.346802
v -9.432617 -1.077763 -3.846802
v -9.432617 -1.077763 -3.346802
v -9.432617 -1.077763 -2.846802
v -9.432617 -1.077763 -2.346802
v -9.432617 -1.077763 -1.846802
v -9.432617 -1.077763 -1.346802
v -9.432617 -1.077763 -0.846802
v -8.932617 -1.077763 -8.346802
v -8.932617 -1.077763 -7.846802
v -8.932617 -1.077763 -7.346802
v -8.932617 -1.077763 -6.846802
v -8.932617 -1.077763 -6.346802
v -8.932617 -1.077763 -5.846802
v -8.932617 -1.077763 -5.346802
v -8.932617 -1.077763 -4.846802
v -8.932617 -1.077763 -4.346802
v -8.932617 -1.077763 -3.846802
v -8.932617 -1.077763 -3.346802
v -8.932617 -1.077763 -2.846802
v -8.932617 -1.077763 -2.346802
v -8.932617 -1.077763 -1.846802
v -8.932617 -1.077763 -1.346802
v -8.932617 -1.077763 -0.846802
v -8.932617 -1.077763 -0.346802
v -8.932617 -1.077763 0.153198
v -8.932617 -1.077763 0.653198
v -8.432617 -1.077763 -8.846802
v -8.432617 -1.077763 -8.346802
v -8.432617 -1.077763 -7.846802
v -8.432617 -1.077763 -7.346802
v -8.432617 -1.077763 -6.846802
v -8.432617 -1.077763 -6.346802
v -8.432617 -1.077763 -5.846802
v -8.432617 -1.077763 -5.346802
v -8.432617 -1.077763 -4.846802
v -8.432617 -1.077763 -4.346802
v -8.432617 -1.077763 -3.846802
v -8.432617 -1.077763 -3.346802
v -8.432617 -1.077763 -2.846802
v -8.432617 -1.077763 -2.346802
v -8.432617 -1.077763 -1.846802
v -8.432617 -1.077763 -1.346802
v -8.432617 -1.077763 -0.846802
v -8.432617 -1.077763 -0.346802
v -8.432617 -1.077763 0.153198
v -8.432617 -1.077763 0.653198
v -8.432617 -1.077763 1.153198
v -8.432617 -1.077763 1.653198
v -7.932617 -1.077763 -8.846802
v -7.932617 -1.077763 -8.346802
v -7.932617 -1.077763 -7.846802
v -7.932617 -1.077763 -7.346802
v -7.932617 -1.077763 -6.846802
v -7.932617 -1.077763 -6.346802
v -7.932617 -1.077763 -5.846802
v -7.932617 -1.077763 -5.346802
v -7.932617 -1.077763 -4.846802
v -7.932617 -1.077763 -4.346802
v -7.932617 -1.077763 -3.846802
v -7.932617 -1.077763 -3.346802
v -7.932617 -1.077763 -2.846802
v -7.932617 -1.077763 -2.346802
v -7.932617 -1.077763 -1.846802
v -7.932617 -1.077763 -1.346802
v -7.932617 -1.077763 -0.846802
v -7.932617 -1.077763 -0.346802
v -7.932617 -1.077763 0.153198
v -7.932617 -1.077763 0.653198
v -7.932617 -1.077763 1.153198
v -7.932617 -1.077763 1.653198
v -7.932617 -1.077763 2.153198
v -7.932617 -1.077763 2.653198
v -7.432617 -1.077763 -8.846802
v -7.432617 -1.077763 -8.346802
v -7.432617 -1.077763 -7.846802
v -7.432617 -1.077763 -7.346802
v -7.432617 -1.077763 -6.846802
v -7.432617 -1.077763 -6.346802
v -7.432617 -1.077763 -5.846802
v -7.432617 -1.077763 -5.346802
v -7.432617 -1.077763 -4.846802
v -7.432617 -1.077763 -4.346802
v -7.432617 -1.077763 -3.846802
v -7.432617 -1.077763 -3.346802
v -7.432617 -1.077763 -2.846802
v -7.432617 -1.077763 -2.346802
v -7.432617 -1.077763 -1.846802
v -7.432617 -1.077763 -1.346802
v -7.432617 -1.077763 -0.846802
v -7.432617 -1.077763 -0.346802
v -7.432617 -1.077763 0.153198
v -7.432617 -1.077763 0.653198
v -7.432617 -1.077763 1.153198
v -7.432617 -1.077763 1.653198
v -7.432617 -1.077763 2.153198
v -7.432617 -1.077763 2.653198
v -7.432617 -1.077763 3.153198
v -7.432617 -1.077763 3.653198
v -6.932617 -1.077763 -8.846802
v -6.932617 -1.077763 -8.346802
v -6.932617 -1.077763 -7.846802
v -6.932617 -1.077763 -7.346802
v -6.932617 -1.077763 -6.846802
v -6.932617 -1.077763 -6.346802
v -6.932617 -1.077763 -5.846802
v -6.932617 -1.077763 -5.346802
v -6.932617 -1.077763 -4.846802
v -6.932617 -1.077763 -4.346802
v -6.932617 -1.077763 -3.846802
v -6.932617 -1.077763 -3.346802
v -6.932617 -1.077763 -2.846802
v -6.932617 -1.077763 -2.346802
v -6.932617 -1.077763 -1.846802
v -6.932617 -1.077763 -1.346802
v -6.932617 -1.077763 -0.846802
v -6.932617 -1.077763 -0.346802
v -6.932617 -1.077763 0.153198
v -6.932617 -1.077763 0.653198
v -6.932617 -1.077763 1.153198
v -6.932617 -1.077763 1.653198
v -6.932617 -1.077763 2.153198
v -6.932617 -1.077763 2.653198
v -6.932617 -1.077763 3.153198
v -6.932617 -1.077763 3.653198
v -6.932617 -1.077763 4.153198
v -6.932617 -1.077763 4.653198
v -6.432617 -1.077763 -8.346802
v -6.432617 -1.077763 -7.846802
v -6.432617 -1.077763 -7.346802
v -6.432617 -1.077763 -6.846802
v -6.432617 -1.077763 -6.346802
v -6.432617 -1.077763 -5.846802
v -6.432617 -1.077763 -5.346802
v -6.432617 -1.077763 -4.846802
v -6.432617 -1.077763 -4.346802
v -6.432617 -1.077763 -3.846802
v -6.432617 -1.077763 -3.346802
v -6.432617 -1.077763 -2.846802
v -6.432617 -1.077763 -2.346802
v -6.432617 -1.077763 -1.846802
v -6.432617 -1.077763 -1.346802
v -6.432617 -1.077763 -0.846802
v -6.432617 -1.077763 -0.346802
v -6.432617 -1.077763 0.153198
v -6.432617 -1.077763 0.653198
v -6.432617 -1.077763 1.153198
v -6.432617 -1.077763 1.653198
v -6.432617 -1.077763 2.153198
v -6.432617 -1.077763 2.653198
v -6.432617 -1.077763 3.153198
v -6.432617 -1.077763 3.653198
v -6.432617 -1.077763 4.153198
v -6.432617 -1.077763 4.653198
v -6.432617 -1.077763 5.153198
v -5.932617 -1.077763 -8.346802
v -5.932617 -1.077763 -7.846802
v -5.932617 -1.077763 -7.346802
v -5.932617 -1.077763 -6.846802
v -5.932617 -1.077763 -6.346802
v -5.932617 -1.077763 -5.846802
v -5.932617 -1.077763 -5.346802
v -5.932617 -1.077763 -4.846802
v -5.932617 -1.077763 -4.346802
v -5.932617 -1.077763 -3.846802
v -5.932617 -1.077763 -3.346802
v -5.932617 -1.077763 -2.846802
v -5.932617 -1.077763 -2.346802
v -5.932617 -1.077763 -1.846802
v -5.932617 -1.077763 -1.346802
v -5.932617 -1.077763 -0.846802
v -5.932617 -1.077763 -0.346802
v -5.932617 -1.077763 0.153198
v -5.932617 -1.077763 0.653198
v -5.932617 -1.077763 1.153198
v -5.932617 -1.077763 1.653198
v -5.932617 -1.077763 2.153198
v -5.932617 -1.077763 2.653198
v -5.932617 -1.077763 3.153198
v -5.932617 -1.077763 3.653198
v -5.932617 -1.077763 4.153198
v -5.932617 -1.077763 4.653198
v -5.932617 -1.077763 5.153198
v -5.932617 -1.077763 5.653198
v -5.932617 -1.077763 6.153198
v -5.432617 -1.077763 -7.846802
v -5.432617 -1.077763 -7.346802
v -5.432617 -1.077763 -6.846802
v -5.432617 -1.077763 -6.346802
v -5.432617 -1.077763 -5.846802
v -5.432617 -1.077763 -5.346802
v -5.432617 -1.077763 -4.846802
v -5.432617 -1.077763 -4.346802
v -5.432617 -1.077763 -3.846802
v -5.432617 -1.077763 -3.346802
v -5.432617 -1.077763 -2.846802
v -5.432617 -1.077763 -2.346802
v -5.432617 -1.077763 -1.846802
v -5.432617 -1.077763 -1.346802
v -5.432617 -1.077763 -0.846802
v -5.432617 -1.077763 -0.346802
v -5.432617 -1.077763 0.153198
v -5.432617 -1.077763 0.653198
v -5.432617 -1.077763 1.153198
v -5.432617 -1.077763 1.653198
v -5.432617 -1.077763 2.153198
v -5.432617 -1.077763 2.653198
v -5.432617 -1.077763 3.153198
v -5.432617 -1.077763 3.653198
v -5.432617 -1.077763 4.153198
v -5.432617 -1.077763 4.653198
v -5.432617 -1.077763 5.153198
v -5.432617 -1.077763 5.653198
v -5.432617 -1.077763 6.153198
v -5.432617 -1.077763 6.653198
v -4.932617 -1.077763 -7.846802
v -4.932617 -1.077763 -7.346802
v -4.932617 -1.077763 -6.846802
v -4.932617 -1.077763 -6.346802
v -4.932617 -1.077763 -5.846802
v -4.932617 -1.077763 -5.346802
v -4.932617 -1.077763 -4.846802
v -4.932617 -1.077763 -3.846802
v -4.932617 -1.077763 -1.346802
v -4.932617 -1.077763 -0.846802
v -4.932617 -1.077763 -0.346802
v -4.932617 -1.077763 0.153198
v -4.932617 -1.077763 0.653198
v -4.932617 -1.077763 1.153198
v -4.932617 -1.077763 1.653198
v -4.932617 -1.077763 2.153198
v -4.932617 -1.077763 2.653198
v -4.932617 -1.077763 3.153198
v -4.932617 -1.077763 3.653198
v -4.932617 -1.077763 4.153198
v -4.932617 -1.077763 4.653198
v -4.932617 -1.077763 5.153198
v -4.932617 -1.077763 5.653198
v -4.932617 -1.077763 6.153198
v -4.932617 -1.077763 6.653198
v -4.932617 -1.077763 7.153198
v -4.432617 -1.077763 -0.346802
v -4.432617 -1.077763 0.153198
v -4.432617 -1.077763 0.653198
v -4.432617 -1.077763 1.153198
v -4.432617 -1.077763 1.653198
v -4.432617 -1.077763 2.153198
v -4.432617 -1.077763 2.653198
v -4.432617 -1.077763 3.153198
v -4.432617 -1.077763 3.653198
v -4.432617 -1.077763 4.153198
v -4.432617 -1.077763 4.653198
v -4.432617 -1.077763 5.153198
v -4.432617 -1.077763 5.653198
v -4.432617 -1.077763 6.153198
v -4.432617 -1.077763 6.653198
v -4.432617 -1.077763 7.153198
v -4.432617 -1.077763 7.653198
v -3.932617 -1.077763 0.153198
v -3.932617 -1.077763 0.653198
v -3.932617 -1.077763 1.153198
v -3.932617 -1.077763 1.653198
v -3.932617 -1.077763 2.153198
v -3.932617 -1.077763 2.653198
v -3.932617 -1.077763 3.153198
v -3.932617 -1.077763 3.653198
v -3.932617 -1.077763 4.153198
v -3.932617 -1.077763 4.653198
v -3.932617 -1.077763 5.153198
v -3.932617 -1.077763 5.653198
v -3.932617 -1.077763 6.153198
v -3.932617 -1.077763 6.653198
v -3.932617 -1.077763 7.153198
v -3.932617 -1.077763 7.653198
v -3.932617 -1.077763 8.153198
v -3.432617 -1.077763 0.653198
v -3.432617 -1.077763 1.153198
v -3.432617 -1.077763 1.653198
v -3.432617 -1.077763 2.153198
v -3.432617 -1.077763 2.653198
v -3.432617 -1.077763 3.153198
v -3.432617 -1.077763 3.653198
v -3.432617 -1.077763 4.153198
v -3.432617 -1.077763 4.653198
v -3.432617 -1.077763 5.153198
v -3.432617 -1.077763 5.653198
v -3.432617 -1.077763 6.153198
v -3.432617 -1.077763 6.653198
v -3.432617 -1.077763 7.153198
v -3.432617 -1.077763 7.653198
v -3.432617 -1.077763 8.153198
v -2.932617 -1.077763 0.653198
v -2.932617 -1.077763 1.153198
v -2.932617 -1.077763 1.653198
v -2.932617 -1.077763 2.153198
v -2.932617 -1.077763 2.653198
v -2.932617 -1.077763 3.153198
v -2.932617 -1.077763 3.653198
v -2.932617 -1.077763 4.153198
v -2.932617 -1.077763 4.653198
v -2.932617 -1.077763 5.153198
v -2.932617 -1.077763 5.653198
v -2.932617 -1.077763 6.153198
v -2.932617 -1.077763 6.653198
v -2.932617 -1.077763 7.153198
v -2.932617 -1.077763 7.653198
v -2.932617 -1.077763 8.153198
v -2.432617 -1.077763 1.153198
v -2.432617 -1.077763 1.653198
v -2.432617 -1.077763 2.153198
v -2.432617 -1.077763 2.653198
v -2.432617 -1.077763 3.153198
v -2.432617 -1.077763 3.653198
v -2.432617 -1.077763 4.153198
v -2.432617 -1.077763 4.653198
v -2.432617 -1.077763 5.153198
v -2.432617 -1.077763 5.653198
v -2.432617 -1.077763 6.153198
v -2.432617 -1.077763 6.653198
v -2.432617 -1.077763 7.153198
v -2.432617 -1.077763 7.653198
v -2.432617 -1.077763 8.153198
v -2.432617 -1.077763 8.653198
v -1.932617 -1.077763 1.153198
v -1.932617 -1.077763 1.653198
v -1.932617 -1.077763 2.153198
v -1.932617 -1.077763 2.653198
v -1.932617 -1.077763 3.153198
v -1.932617 -1.077763 3.653198
v -1.932617 -1.077763 4.153198
v -1.932617 -1.077763 4.653198
v -1.932617 -1.077763 5.153198
v -1.932617 -1.077763 5.653198
v -1.932617 -1.077763 6.153198
v -1.932617 -1.077763 6.653198
v -1.932617 -1.077763 7.153198
v -1.932617 -1.077763 7.653198
v -1.932617 -1.077763 8.153198
v -1.932617 -1.077763 8.653198
v -1.432617 -1.077763 1.153198
v -1.432617 -1.077763 1.653198
v -1.432617 -1.077763 2.153198
v -1.432617 -1.077763 2.653198
v -1.432617 -1.077763 3.153198
v -1.432617 -1.077763 3.653198
v -1.432617 -1.077763 4.153198
v -1.432617 -1.077763 4.653198
v -1.432617 -1.077763 5.153198
v -1.432617 -1.077763 5.653198
v -1.432617 -1.077763 6.153198
v -1.432617 -1.077763 6.653198
v -1.432617 -1.077763 7.153198
v -1.432617 -1.077763 7.653198
v -1.432617 -1.077763 8.153198
v -1.432617 -1.077763 8.653198
v -0.932617 -1.077763 1.153198
v -0.932617 -1.077763 1.653198
v -0.932617 -1.077763 2.153198
v -0.932617 -1.077763 2.653198
v -0.932617 -1.077763 3.153198
v -0.932617 -1.077763 3.653198
v -0.932617 -1.077763 4.153198
v -0.932617 -1.077763 4.653198
v -0.932617 -1.077763 5.153198
v -0.932617 -1.077763 5.653198
v -0.932617 -1.077763 6.153198
v -0.932617 -1.077763 6.653198
v -0.932617 -1.077763 7.153198
v -0.932617 -1.077763 7.653198
v -0.932617 -1.077763 8.153198
v -0.932617 -1.077763 8.653198
v -0.432617 -1.077763 1.153198
v -0.432617 -1.077763 1.653198
v -0.432617 -1.077763 2.153198
v -0.432617 -1.077763 2.653198
v -0.432617 -1.077763 3.153198
v -0.432617 -1.077763 3.653198
v -0.432617 -1.077763 4.153198
v -0.432617 -1.077763 4.653198
v -0.432617 -1.077763 5.153198
v -0.432617 -1.077763 5.653198
v -0.432617 -1.077763 6.153198
v -0.432617 -1.077763 6.653198
v -0.432617 -1.077763 7.153198
v -0.432617 -1.077763 7.653198
v -0.432617 -1.077763 8.153198
v -0.432617 -1.077763 8.653198
v 0.067383 -1.077763 0.653198
v 0.067383 -1.077763 1.153198
v 0.067383 -1.077763 1.653198
v 0.067383 -1.077763 2.153198
v 0.067383 -1.077763 2.653198
v 0.067383 -1.077763 3.153198
v 0.067383 -1.077763 3.653198
v 0.067383 -1.077763 4.153198
v 0.067383 -1.077763 4.653198
v 0.067383 -1.077763 5.153198
v 0.067383 -1.077763 5.653198
v 0.067383 -1.077763 6.153198
v 0.067383 -1.077763 6.653198
v 0.067383 -1.077763 7.153198
v 0.067383 -1.077763 7.653198
v 0.067383 -1.077763 8.153198
v 0.067383 -1.077763 8.653198
v 0.567383 -1.077763 0.653198
v 0.567383 -1.077763 1.153198
v 0.567383 -1.077763 1.653198
v 0.567383 -1.077763 2.153198
v 0.567383 -1.077763 2.653198
v 0.567383 -1.077763 3.153198
v 0.567383 -1.077763 3.653198
v 0.567383 -1.077763 4.153198
v 0.567383 -1.077763 4.653198
v 0.567383 -1.077763 5.153198
v 0.567383 -1.077763 5.653198
v 0.567383 -1.077763 6.153198
v 0.567383 -1.077763 6.653198
v 0.567383 -1.077763 7.153198
v 0.567383 -1.077763 7.653198
v 0.567383 -1.077763 8.153198
v 0.567383 -1.077763 8.653198
v 1.067383 -1.077763 0.153198
v 1.067383 -1.077763 0.653198
v 1.067383 -1.077763 1.153198
v 1.067383 -1.077763 1.653198
v 1.067383 -1.077763 2.153198
v 1.067383 -1.077763 2.653198
v 1.067383 -1.077763 3.153198
v 1.067383 -1.077763 3.653198
v 1.067383 -1.077763 4.153198
v 1.067383 -1.077763 4.653198
v 1.067383 -1.077763 5.153198
v 1.067383 -1.077763 5.653198
v 1.067383 -1.077763 6.153198
v 1.067383 -1.077763 6.653198
v 1.067383 -1.077763 7.153198
v 1.067383 -1.077763 7.653198
v 1.067383 -1.077763 8.153198
v 1.067383 -1.077763 8.653198
v 1.567383 -1.077763 -0.346802
v 1.567383 -1.077763 0.153198
v 1.567383 -1.077763 0.653198
v 1.567383 -1.077763 1.153198
v 1.567383 -1.077763 1.653198
v 1.567383 -1.077763 2.153198
v 1.567383 -1.077763 2.653198
v 1.567383 -1.077763 3.153198
v 1.567383 -1.077763 3.653198
v 1.567383 -1.077763 4.153198
v 1.567383 -1.077763 4.653198
v 1.567383 -1.077763 5.153198
v 1.567383 -1.077763 5.653198
v 1.567383 -1.077763 6.153198
v 1.567383 -1.077763 6.653198
v 1.567383 -1.077763 7.153198
v 1.567383 -1.077763 7.653198
v 1.567383 -1.077763 8.153198
v 2.067383 -1.077763 -1.346802
v 2.067383 -1.077763 -0.846802
v 2.067383 -1.077763 -0.346802
v 2.067383 -1.077763 0.153198
v 2.067383 -1.077763 0.653198
v 2.067383 -1.077763 1.153198
v 2.067383 -1.077763 1.653198
v 2.067383 -1.077763 2.153198
v 2.067383 -1.077763 2.653198
v 2.067383 -1.077763 3.153198
v 2.067383 -1.077763 3.653198
v 2.067383 -1.077763 4.153198
v 2.067383 -1.077763 4.653198
v 2.067383 -1.077763 5.153198
v 2.067383 -1.077763 5.653198
v 2.067383 -1.077763 6.153198
v 2.067383 -1.077763 6.653198
v 2.067383 -1.077763 7.153198
v 2.067383 -1.077763 7.653198
v 2.067383 -1.077763 8.153198
v 2.567383 -1.077763 -1.846802
v 2.567383 -1.077763 -1.346802
v 2.567383 -1.077763 -0.846802
v 2.567383 -1.077763 -0.346802
v 2.567383 -1.077763 0.153198
v 2.567383 -1.077763 0.653198
v 2.567383 -1.077763 1.153198
v 2.567383 -1.077763 1.653198
v 2.567383 -1.077763 2.153198
v 2.567383 -1.077763 2.653198
v 2.567383 -1.077763 3.153198
v 2.567383 -1.077763 3.653198
v 2.567383 -1.077763 4.153198
v 2.567383 -1.077763 4.653198
v 2.567383 -1.077763 5.153198
v 2.567383 -1.077763 5.653198
v 2.567383 -1.077763 6.153198
v 2.567383 -1.077763 6.653198
v 2.567383 -1.077763 7.153198
v 2.567383 -1.077763 7.653198
v 2.567383 -1.077763 8.153198
v 3.067383 -1.077763 -2.346802
v 3.067383 -1.077763 -1.846802
v 3.067383 -1.077763 -1.346802
v 3.067383 -1.077763 -0.846802
v 3.067383 -1.077763 -0.346802
v 3.067383 -1.077763 0.153198
v 3.067383 -1.077763 0.653198
v 3.067383 -1.077763 1.153198
v 3.067383 -1.077763 1.653198
v 3.067383 -1.077763 2.153198
v 3.067383 -1.077763 2.653198
v 3.067383 -1.077763 3.153198
v 3.067383 -1.077763 3.653198
v 3.067383 -1.077763 4.153198
v 3.067383 -1.077763 4.653198
v 3.067383 -1.077763 5.153198
v 3.067383 -1.077763 5.653198
v 3.067383 -1.077763 6.153198
v 3.067383 -1.077763 6.653198
v 3.067383 -1.077763 7.153198
v 3.067383 -1.077763 7.653198
v 3.567383 -1.077763 -2.346802
v 3.567383 -1.077763 -1.846802
v 3.567383 -1.077763 -1.346802
v 3.567383 -1.077763 -0.846802
v 3.567383 -1.077763 -0.346802
v 3.567383 -1.077763 0.153198
v 3.567383 -1.077763 0.653198
v 3.567383 -1.077763 1.153198
v 3.567383 -1.077763 1.653198
v 3.567383 -1.077763 2.153198
v 3.567383 -1.077763 2.653198
v 3.567383 -1.077763 3.153198
v 3.567383 -1.077763 3.653198
v 3.567383 -1.077763 4.153198
v 3.567383 -1.077763 4.653198
v 3.567383 -1.077763 5.153198
v 3.567383 -1.077763 5.653198
v 3.567383 -1.077763 6.153198
v 3.567383 -1.077763 6.653198
v 3.567383 -1.077763 7.153198
v 3.567383 -1.077763 7.653198
v 4.067383 -1.077763 -2.846802
v 4.067383 -1.077763 -2.346802
v 4.067383 -1.077763 -1.846802
v 4.067383 -1.077763 -1.346802
v 4.067383 -1.077763 -0.846802
v 4.067383 -1.077763 -0.346802
v 4.067383 -1.077763 0.153198
v 4.067383 -1.077763 0.653198
v 4.067383 -1.077763 1.153198
v 4.067383 -1.077763 1.653198
v 4.067383 -1.077763 2.153198
v 4.067383 -1.077763 2.653198
v 4.067383 -1.077763 3.153198
v 4.067383 -1.077763 3.653198
v 4.067383 -1.077763 4.153198
v 4.067383 -1.077763 4.653198
v 4.067383 -1.077763 5.153198
v 4.067383 -1.077763 5.653198
v 4.067383 -1.077763 6.153198
v 4.067383 -1.077763 6.653198
v 4.067383 -1.077763 7.153198
v 4.567383 -1.077763 -3.846802
v 4.567383 -1.077763 -3.346802
v 4.567383 -1.077763 -2.846802
v 4.567383 -1.077763 -2.346802
v 4.567383 -1.077763 -1.846802
v 4.567383 -1.077763 -1.346802
v 4.567383 -1.077763 -0.846802
v 4.567383 -1.077763 -0.346802
v 4.567383 -1.077763 0.153198
v 4.567383 -1.077763 0.653198
v 4.567383 -1.077763 1.153198
v 4.567383 -1.077763 1.653198
v 4.567383 -1.077763 2.153198
v 4.567383 -1.077763 2.653198
v 4.567383 -1.077763 3.153198
v 4.567383 -1.077763 3.653198
v 4.567383 -1.077763 4.153198
v 4.567383 -1.077763 4.653198
v 4.567383 -1.077763 5.153198
v 4.567383 -1.077763 5.653198
v 4.567383 -1.077763 6.153198
v 4.567383 -1.077763 6.653198
v 4.567383 -1.077763 7.153198
v 5.067383 -1.077763 -4.346802
v 5.067383 -1.077763 -3.846802
v 5.067383 -1.077763 -3.346802
v 5.067383 -1.077763 -2.846802
v 5.067383 -1.077763 -2.346802
v 5.067383 -1.077763 -1.846802
v 5.067383 -1.077763 -1.346802
v 5.067383 -1.077763 -0.846802
v 5.067383 -1.077763 -0.346802
v 5.067383 -1.077763 0.153198
v 5.067383 -1.077763 0.653198
v 5.067383 -1.077763 1.153198
v 5.067383 -1.077763 1.653198
v 5.067383 -1.077763 2.153198
v 5.067383 -1.077763 2.653198
v 5.067383 -1.077763 3.153198
v 5.067383 -1.077763 3.653198
v 5.067383 -1.077763 4.153198
v 5.067383 -1.077763 4.653198
v 5.067383 -1.077763 5.153198
v 5.067383 -1.077763 5.653198
v 5.067383 -1.077763 6.153198
v 5.067383 -1.077763 6.653198
v 5.567383 -1.077763 -5.346802
v 5.567383 -1.077763 -4.846802
v 5.567383 -1.077763 -4.346802
v 5.567383 -1.077763 -3.846802
v 5.567383 -1.077763 -3.346802
v 5.567383 -1.077763 -2.846802
v 5.567383 -1.077763 -2.346802
v 5.567383 -1.077763 -1.846802
v 5.567383 -1.077763 -1.346802
v 5.567383 -1.077763 -0.846802
v 5.567383 -1.077763 -0.346802
v 5.567383 -1.077763 0.153198
v 5.567383 -1.077763 0.653198
v 5.567383 -1.077763 1.153198
v 5.567383 -1.077763 1.653198
v 5.567383 -1.077763 2.153198
v 5.567383 -1.077763 2.653198
v 5.567383 -1.077763 3.153198
v 5.567383 -1.077763 3.653198
v 5.567383 -1.077763 4.153198
v 5.567383 -1.077763 4.653198
v 5.567383 -1.077763 5.153198
v 5.567383 -1.077763 5.653198
v 5.567383 -1.077763 6.153198
v 5.567383 -1.077763 6.653198
v 6.067383 -1.077763 -5.846802
v 6.067383 -1.077763 -5.346802
v 6.067383 -1.077763 -4.846802
v 6.067383 -1.077763 -4.346802
v 6.067383 -1.077763 -3.846802
v 6.067383 -1.077763 -3.346802
v 6.067383 -1.077763 -2.846802
v 6.067383 -1.077763 -2.346802
v 6.067383 -1.077763 -1.846802
v 6.067383 -1.077763 -1.346802
v 6.067383 -1.077763 -0.846802
v 6.067383 -1.077763 -0.346802
v 6.067383 -1.077763 0.153198
v 6.067383 -1.077763 0.653198
v 6.067383 -1.077763 1.153198
v 6.067383 -1.077763 1.653198
v 6.067383 -1.077763 2.153198
v 6.067383 -1.077763 2.653198
v 6.067383 -1.077763 3.153198
v 6.067383 -1.077763 3.653198
v 6.067383 -1.077763 4.153198
v 6.067383 -1.077763 4.653198
v 6.067383 -1.077763 5.153198
v 6.067383 -1.077763 5.653198
v 6.067383 -1.077763 6.153198
v 6.567383 -1.077763 -6.846802
v 6.567383 -1.077763 -6.346802
v 6.567383 -1.077763 -5.846802
v 6.567383 -1.077763 -5.346802
v 6.567383 -1.077763 -4.846802
v 6.567383 -1.077763 -4.346802
v 6.567383 -1.077763 -3.846802
v 6.567383 -1.077763 -3.346802
v 6.567383 -1.077763 -2.846802
v 6.567383 -1.077763 -2.346802
v 6.567383 -1.077763 -1.846802
v 6.567383 -1.077763 -1.346802
v 6.567383 -1.077763 -0.846802
v 6.567383 -1.077763 -0.346802
v 6.567383 -1.077763 0.153198
v 6.567383 -1.077763 0.653198
v 6.567383 -1.077763 1.153198
v 6.567383 -1.077763 1.653198
v 6.567383 -1.077763 2.153198
v 6.567383 -1.077763 2.653198
v 6.567383 -1.077763 3.153198
v 6.567383 -1.077763 3.653198
v 6.567383 -1.077763 4.153198
v 6.567383 -1.077763 4.653198
v 6.567383 -1.077763 5.153198
v 6.567383 -1.077763 5.653198
v 7.067383 -1.077763 -7.846802
v 7.067383 -1.077763 -7.346802
v 7.067383 -1.077763 -6.846802
v 7.067383 -1.077763 -6.346802
v 7.067383 -1.077763 -5.846802
v 7.067383 -1.077763 -5.346802
v 7.067383 -1.077763 -4.846802
v 7.067383 -1.077763 -4.346802
v 7.067383 -1.077763 -3.846802
v 7.067383 -1.077763 -3.346802
v 7.067383 -1.077763 -2.846802
v 7.067383 -1.077763 -2.346802
v 7.067383 -1.077763 -1.846802
v 7.067383 -1.077763 -1.346802
v 7.067383 -1.077763 -0.846802
v 7.067383 -1.077763 -0.346802
v 7.067383 -1.077763 0.153198
v 7.067383 -1.077763 0.653198
v 7.067383 -1.077763 1.153198
v 7.067383 -1.077763 1.653198
v 7.067383 -1.077763 2.153198
v 7.067383 -1.077763 2.653198
v 7.067383 -1.077763 3.153198
v 7.067383 -1.077763 3.653198
v 7.067383 -1.077763 4.153198
v 7.067383 -1.077763 4.653198
v 7.067383 -1.077763 5.153198
v 7.067383 -1.077763 5.653198
v 7.567383 -1.077763 -8.346802
v 7.567383 -1.077763 -7.846802
v 7.567383 -1.077763 -7.346802
v 7.567383 -1.077763 -6.846802
v 7.567383 -1.077763 -6.346802
v 7.567383 -1.077763 -5.846802
v 7.567383 -1.077763 -5.346802
v 7.567383 -1.077763 -4.846802
v 7.567383 -1.077763 -4.346802
v 7.567383 -1.077763 -3.846802
v 7.567383 -1.077763 -3.346802
v 7.567383 -1.077763 -2.846802
v 7.567383 -1.077763 -2.346802
v 7.567383 -1.077763 -1.846802
v 7.567383 -1.077763 -1.346802
v 7.567383 -1.077763 -0.846802
v 7.567383 -1.077763 -0.346802
v 7.567383 -1.077763 0.153198
v 7.567383 -1.077763 0.653198
v 7.567383 -1.077763 1.153198
v 7.567383 -1.077763 1.653198
v 7.567383 -1.077763 2.153198
v 7.567383 -1.077763 2.653198
v 7.567383 -1.077763 3.153198
v 7.567383 -1.077763 3.653198
v 7.567383 -1.077763 4.153198
v 7.567383 -1.077763 4.653198
v 7.567383 -1.077763 5.153198
v 8.067383 -1.077763 -8.346802
v 8.067383 -1.077763 -7.846802
v 8.067383 -1.077763 -7.346802
v 8.067383 -1.077763 -6.846802
v 8.067383 -1.077763 -6.346802
v 8.067383 -1.077763 -5.846802
v 8.067383 -1.077763 -5.346802
v 8.067383 -1.077763 -4.846802
v 8.067383 -1.077763 -4.346802
v 8.067383 -1.077763 -3.846802
v 8.067383 -1.077763 -3.346802
v 8.067383 -1.077763 -2.846802
v 8.067383 -1.077763 -2.346802
v 8.067383 -1.077763 -1.846802
v 8.067383 -1.077763 -1.346802
v 8.067383 -1.077763 -0.846802
v 8.067383 -1.077763 -0.346802
v 8.067383 -1.077763 0.153198
v 8.067383 -1.077763 0.653198
v 8.067383 -1.077763 1.153198
v 8.067383 -1.077763 1.653198
v 8.067383 -1.077763 2.153198
v 8.067383 -1.077763 2.653198
v 8.067383 -1.077763 3.153198
v 8.067383 -1.077763 3.653198
v 8.067383 -1.077763 4.153198
v 8.067383 -1.077763 4.653198
v 8.567383 -1.077763 -8.346802
v 8.567383 -1.077763 -7.846802
v 8.567383 -1.077763 -7.346802
v 8.567383 -1.077763 -6.846802
v 8.567383 -1.077763 -6.346802
v 8.567383 -1.077763 -5.846802
v 8.567383 -1.077763 -5.346802
v 8.567383 -1.077763 -4.846802
v 8.567383 -1.077763 -4.346802
v 8.567383 -1.077763 -3.846802
v 8.567383 -1.077763 -3.346802
v 8.567383 -1.077763 -2.846802
v 8.567383 -1.077763 -2.346802
v 8.567383 -1.077763 -1.846802
v 8.567383 -1.077763 -1.346802
v 8.567383 -1.077763 -0.846802
v 8.567383 -1.077763 -0.346802
v 8.567383 -1.077763 0.153198
v 8.567383 -1.077763 0.653198
v 8.567383 -1.077763 1.153198
v 8.567383 -1.077763 1.653198
v 8.567383 -1.077763 2.153198
v 8.567383 -1.077763 2.653198
v 8.567383 -1.077763 3.153198
v 8.567383 -1.077763 3.653198
v 8.567383 -1.077763 4.153198
v 9.067383 -1.077763 -8.346802
v 9.067383 -1.077763 -7.846802
v 9.067383 -1.077763 -7.346802
v 9.067383 -1.077763 -6.846802
v 9.067383 -1.077763 -6.346802
v 9.067383 -1.077763 -5.846802
v 9.067383 -1.077763 -5.346802
v 9.067383 -1.077763 -4.846802
v 9.067383 -1.077763 -4.346802
v 9.067383 -1.077763 -3.846802
v 9.067383 -1.077763 -3.346802
v 9.067383 -1.077763 -2.846802
v 9.067383 -1.077763 -2.346802
v 9.067383 -1.077763 -1.846802
v 9.067383 -1.077763 -1.346802
v 9.067383 -1.077763 -0.846802
v 9.067383 -1.077763 -0.346802
v 9.067383 -1.077763 0.153198
v 9.067383 -1.077763 0.653198
v 9.067383 -1.077763 1.153198
v 9.067383 -1.077763 1.653198
v 9.067383 -1.077763 2.153198
v 9.067383 -1.077763 2.653198
v 9.067383 -1.077763 3.153198
v 9.067383 -1.077763 3.653198
v 9.567383 -1.077763 -7.846802
v 9.567383 -1.077763 -7.346802
v 9.567383 -1.077763 -6.846802
v 9.567383 -1.077763 -6.346802
v 9.567383 -1.077763 -2.346802
v 9.567383 -1.077763 -1.846802
v 9.567383 -1.077763 -1.346802
v 9.567383 -1.077763 -0.846802
v 9.567383 -1.077763 -0.346802
v 9.567383 -1.077763 0.153198
v 9.567383 -1.077763 0.653198
v 9.567383 -1.077763 1.153198
v 9.567383 -1.077763 1.653198
v 9.567383 -1.077763 2.153198
v 9.567383 -1.077763 2.653198
v 9.567383 -1.077763 3.153198
v 10.067383 -1.077763 -1.846802
v 10.067383 -1.077763 -1.346802
v 10.067383 -1.077763 -0.846802
v 10.067383 -1.077763 -0.346802
v 10.067383 -1.077763 0.153198
v 10.067383 -1.077763 0.653198
v 10.067383 -1.077763 1.153198
v 10.067383 -1.077763 1.653198
v 10.567383 -1.077763 -0.346802

vt 1.000000 0.000000
vt 1.000000 0.000000
vt 1.000000 0.000000
vt 1.000000 0.000000
vt 1.000000 0.000000
vt 1.000000 0.000000
vt 1.000000 0.000000
vt 1.000000 0.000000
vt 1.000000 0.000000
vt 1.000000 0.000000
vt 1.000000 0.000000
vt 1.000000 0.000000
vt 1.000000 0.000000
vt 1.000000 0.000000
vt 1.000000 0.000000
vt 1.000000 0.000000
vt 1.000000 0.000000
vt 1.000000 0.000000
vt 1.000000 0.000000
vt 1.000000 0.000000
vt 1.000000 0.000000
vt 1.000000 0.000000
vt 1.000000 0.000000
vt 1.000000 0.000000
vt 1.000000 0.000000
vt 1.000000 0.000000
vt 1.000000 0.000000
vt 1.000000 0.000000
vt 1.000000 0.000000
vt 1.000000 0.000000
vt 1.000000 0.000000
vt 1.000000 0.000000
vt 1.000000 0.000000
vt 1.000000 0.000000
vt 1.000000 0.000000
vt 1.000000 0.000000
vt 1.000000 0.000000
vt 1.000000 0.000000
vt 1.000000 0.000000
vt 1.000000 0.000000
vt 1.000000 0.000000
vt 1.000000 0.000000
vt 1.000000 0.000000
vt 1.000000 0.000000
vt 1.000000 0.000000
vt 1.000000 0.000000
vt 1.000000 0.000000
vt 1.000000 0.000000
vt 1.000000 0.000000
vt 1.000000 0.000000
vt 1.000000 0.000000
vt 1.000000 0.000000
vt 1.000000 0.000000
vt 1.000000 0.000000
vt 1.000000 0.000000
vt 1.000000 0.000000
vt 1.000000 0.000000
vt 1.000000 0.000000
vt 1.000000 0.000000
vt 1.000000 0.000000
vt 1.000000 0.000000
vt 1.000000 0.000000
vt 1.000000 0.000000
vt 1.000000 0.000000
vt 1.000000 0.000000
vt 1.000000 0.000000
vt 1.000000 0.000000
vt 1.000000 0.000000
vt 1.000000 0.000000
vt 1.000000 0.000000
vt 1.000000 0.000000
vt 1.000000 0.000000
vt 1.000000 0.000000
vt 1.000000 0.000000
vt 1.000000 0.000000
vt 1.000000 0.000000
vt 1.000000 0.000000
vt 1.000000 0.000000
vt 1.000000 0.000000
vt 1.000000 0.000000
vt 1.000000 0.000000
vt 1.000000 0.000000
vt 1.000000 0.000000
vt 1.000000 0.000000
vt 1.000000 0.000000
vt 1.000000 0.000000
vt 1.000000 0.000000
vt 1.000000 0.000000
vt 1.000000 0.000000
vt 1.000000 0.000000
vt 1.000000 0.000000
vt 1.000000 0.000000
vt 1.000000 0.000000
vt 1.000000 0.000000
vt 1.000000 0.000000
vt 1.000000 0.000000
vt 1.000000 0.000000
vt 1.000000 0.000000
vt 1.000000 0.000000
vt 1.000000 0.000000
vt 1.000000 0.000000
vt 1.000000 0.000000
vt 1.000000 0.000000
vt 1.000000 0.000000
vt 1.000000 0.000000
vt 1.000000 0.000000
vt 1.000000 0.000000
vt 1.000000 0.000000
vt 1.000000 0.000000
vt 1.000000 0.000000
vt 1.000000 0.000000
vt 1.000000 0.000000
vt 1.000000 0.000000
vt 1.000000 0.000000
vt 1.000000 0.000000
vt 1.000000 0.000000
vt 1.000000 0.000000
vt 1.000000 0.000000
vt 1.000000 0.000000
vt 1.000000 0.000000
vt 1.000000 0.000000
vt 1.000000 0.000000
vt 1.000000 0.000000
vt 1.000000 0.000000
vt 1.000000 0.000000
vt 1.000000 0.000000
vt 1.000000 0.000000
vt 1.000000 0.000000
vt 1.000000 0.000000
vt 1.000000 0.000000
vt 1.000000 0.000000
vt 1.000000 0.000000
vt 1.000000 0.000000
vt 1.000000 0.000000
vt 1.000000 0.000000
vt 1.000000 0.000000
vt 1.000000 0.000000
vt 1.000000 0.000000
vt 1.000000 0.000000
vt 1.000000 0.000000
vt 1.000000 0.000000
vt 1.000000 0.000000
vt 1.000000 0.000000
vt 1.000000 0.000000
vt 1.000000 0.000000
vt 1.000000 0.000000
vt 1.000000 0.000000
vt 1.000000 0.000000
vt 1.000000 0.000000
vt 1.000000 0.000000
vt 1.000000 0.000000
vt 1.000000 0.000000
vt 1.000000 0.000000
vt 1.000000 0.000000
vt 1.000000 0.000000
vt 1.000000 0.000000
vt 1.000000 0.000000
vt 1.000000 0.000000
vt 1.000000 0.000000
vt 1.000000 0.000000
vt 1.000000 0.000000
vt 1.000000 0.000000
vt 1.000000 0.000000
vt 1.000000 0.000000
vt 1.000000 0.000000
vt 1.000000 0.000000
vt 1.000000 0.000000
vt 1.000000 0.000000
vt 1.000000 0.000000
vt 1.000000 0.000000
vt 1.000000 0.000000
vt 1.000000 0.000000
vt 1.000000 0.000000
vt 1.000000 0.000000
vt 1.000000 0.000000
vt 1.000000 0.000000
vt 1.000000 0.000000
vt 1.000000 0.000000
vt 1.000000 0.000000
vt 1.000000 0.000000
vt 1.000000 0.000000
vt 1.000000 0.000000
vt 1.000000 0.000000
vt 1.000000 0.000000
vt 1.000000 0.000000
vt 1.000000 0.000000
vt 1.000000 0.000000
vt 1.000000 0.000000
vt 1.000000 0.000000
vt 1.000000 0.000000
vt 1.000000 0.000000
vt 1.000000 0.000000
vt 1.000000 0.000000
vt 1.000000 0.000000
vt 1.000000 0.000000
vt 1.000000 0.000000
vt 1.000000 0.000000
vt 1.000000 0.000000
vt 1.000000 0.000000
vt 1.000000 0.000000
vt 1.000000 0.000000
vt 1.000000 0.000000
vt 1.000000 0.000000
vt 1.000000 0.000000
vt 1.000000 0.000000
vt 1.000000 0.000000
vt 1.000000 0.000000
vt 1.000000 0.000000
vt 1.000000 0.000000
vt 1.000000 0.000000
vt 1.000000 0.000000
vt 1.000000 0.000000
vt 1.000000 0.000000
vt 1.000000 0.000000
vt 1.000000 0.000000
vt 1.000000 0.000000
vt 1.000000 0.000000
vt 1.000000 0.000000
vt 1.000000 0.000000
vt 1.000000 0.000000
vt 1.000000 0.000000
vt 1.000000 0.000000
vt 1.000000 0.000000
vt 1.000000 0.000000
vt 1.000000 0.000000
vt 1.000000 0.000000
vt 1.000000 0.000000
vt 1.000000 0.000000
vt 1.000000 0.000000
vt 1.000000 0.000000
vt 1.000000 0.000000
vt 1.000000 0.000000
vt 1.000000 0.000000
vt 1.000000 0.000000
vt 1.000000 0.000000
vt 1.000000 0.000000
vt 1.000000 0.000000
vt 1.000000 0.000000
vt 1.000000 0.000000
vt 1.000000 0.000000
vt 1.000000 0.000000
vt 1.000000 0.000000
vt 1.000000 0.000000
vt 1.000000 0.000000
vt 1.000000 0.000000
vt 1.000000 0.000000
vt 1.000000 0.000000
vt 1.000000 0.000000
vt 1.000000 0.000000
vt 1.000000 0.000000
vt 1.000000 0.000000
vt 1.000000 0.000000
vt 1.000000 0.000000
vt 1.000000 0.000000
vt 1.000000 0.000000
vt 1.000000 0.000000
vt 1.000000 0.000000
vt 1.000000 0.000000
vt 1.000000 0.000000
vt 1.000000 0.000000
vt 1.000000 0.000000
vt 1.000000 0.000000
vt 1.000000 0.000000
vt 1.000000 0.000000
vt 1.000000 0.000000
vt 1.000000 0.000000
vt 1.000000 0.000000
vt 1.000000 0.000000
vt 1.000000 0.000000
vt 1.000000 0.000000
vt 1.000000 0.000000
vt 1.000000 0.000000
vt 1.000000 0.000000
vt 1.000000 0.000000
vt 1.000000 0.000000
vt 1.000000 0.000000
vt 1.000000 0.000000
vt 1.000000 0.000000
vt 1.000000 0.000000
vt 1.000000 0.000000
vt 1.000000 0.000000
vt 1.000000 0.000000
vt 1.000000 0.000000
vt 1.000000 0.000000
vt 1.000000 0.000000
vt 1.000000 0.000000
vt 1.000000 0.000000
vt 1.000000 0.000000
vt 1.000000 0.000000
vt 1.000000 0.000000
vt 1.000000 0.000000
vt 1.000000 0.000000
vt 1.000000 0.000000
vt 1.000000 0.000000
vt 1.000000 0.000000
vt 1.000000 0.000000
vt 1.000000 0.000000
vt 1.000000 0.000000
vt 1.000000 0.000000
vt 1.000000 0.000000
vt 1.000000 0.000000
vt 1.000000 0.000000
vt 1.000000 0.000000
vt 1.000000 0.000000
vt 1.000000 0.000000
vt 1.000000 0.000000
vt 1.000000 0.000000
vt 1.000000 0.000000
vt 1.000000 0.000000
vt 1.000000 0.000000
vt 1.000000 0.000000
vt 1.000000 0.000000
vt 1.000000 0.000000
vt 1.000000 0.000000
vt 1.000000 0.000000
vt 1.000000 0.000000
vt 1.000000 0.000000
vt 1.000000 0.000000
vt 1.000000 0.000000
vt 1.000000 0.000000
vt 1.000000 0.000000
vt 1.000000 0.000000
vt 1.000000 0.000000
vt 1.000000 0.000000
vt 1.000000 0.000000
vt 1.000000 0.000000
vt 1.000000 0.000000
vt 1.000000 0.000000
vt 1.000000 0.000000
vt 1.000000 0.000000
vt 1.000000 0.000000
vt 1.000000 0.000000
vt 1.000000 0.000000
vt 1.000000 0.000000
vt 1.000000 0.000000
vt 1.000000 0.000000
vt 1.000000 0.000000
vt 1.000000 0.000000
vt 1.000000 0.000000
vt 1.000000 0.000000
vt 1.000000 0.000000
vt 1.000000 0.000000
vt 1.000000 0.000000
vt 1.000000 0.000000
vt 1.000000 0.000000
vt 1.000000 0.000000
vt 1.000000 0.000000
vt 1.000000 0.000000
vt 1.000000 0.000000
vt 1.000000 0.000000
vt 1.000000 0.000000
vt 1.000000 0.000000
vt 1.000000 0.000000
vt 1.000000 0.000000
vt 1.000000 0.000000
vt 1.000000 0.000000
vt 1.000000 0.000000
vt 1.000000 0.000000
vt 1.000000 0.000000
vt 1.000000 0.000000
vt 1.000000 0.000000
vt 1.000000 0.000000
vt 1.000000 0.000000
vt 1.000000 0.000000
vt 1.000000 0.000000
vt 1.000000 0.000000
vt 1.000000 0.000000
vt 1.000000 0.000000
vt 1.000000 0.000000
vt 1.000000 0.000000
vt 1.000000 0.000000
vt 1.000000 0.000000
vt 1.000000 0.000000
vt 1.000000 0.000000
vt 1.000000 0.000000
vt 1.000000 0.000000
vt 1.000000 0.000000
vt 1.000000 0.000000
vt 1.000000 0.000000
vt 1.000000 0.000000
vt 1.000000 0.000000
vt 1.000000 0.000000
vt 1.000000 0.000000
vt 1.000000 0.000000
vt 1.000000 0.000000
vt 1.000000 0.000000
vt 1.000000 0.000000
vt 1.000000 0.000000
vt 1.000000 0.000000
vt 1.000000 0.000000
vt 1.000000 0.000000
vt 1.000000 0.000000
vt 1.000000 0.000000
vt 1.000000 0.000000
vt 1.000000 0.000000
vt 1.000000 0.000000
vt 1.000000 0.000000
vt 1.000000 0.000000
vt 1.000000 0.000000
vt 1.000000 0.000000
vt 1.000000 0.000000
vt 1.000000 0.000000
vt 1.000000 0.000000
vt 1.000000 0.000000
vt 1.000000 0.000000
vt 1.000000 0.000000
vt 1.000000 0.000000
vt 1.000000 0.000000
vt 1.000000 0.000000
vt 1.000000 0.000000
vt 1.000000 0.000000
vt 1.000000 0.000000
vt 1.000000 0.000000
vt 1.000000 0.000000
vt 1.000000 0.000000
vt 1.000000 0.000000
vt 1.000000 0.000000
vt 1.000000 0.000000
vt 1.000000 0.000000
vt 1.000000 0.000000
vt 1.000000 0.000000
vt 1.000000 0.000000
vt 1.000000 0.000000
vt 1.000000 0.000000
vt 1.000000 0.000000
vt 1.000000 0.000000
vt 1.000000 0.000000
vt 1.000000 0.000000
vt 1.000000 0.000000
vt 1.000000 0.000000
vt 1.000000 0.000000
vt 1.000000 0.000000
vt 1.000000 0.000000
vt 1.000000 0.000000
vt 1.000000 0.000000
vt 1.000000 0.000000
vt 1.000000 0.000000
vt 1.000000 0.000000
vt 1.000000 0.000000
vt 1.000000 0.000000
vt 1.000000 0.000000
vt 1.000000 0.000000
vt 1.000000 0.000000
vt 1.000000 0.000000
vt 1.000000 0.000000
vt 1.000000 0.000000
vt 1.000000 0.000000
vt 1.000000 0.000000
vt 1.000000 0.000000
vt 1.000000 0.000000
vt 1.000000 0.000000
vt 1.000000 0.000000
vt 1.000000 0.000000
vt 1.000000 0.000000
vt 1.000000 0.000000
vt 1.000000 0.000000
vt 1.000000 0.000000
vt 1.000000 0.000000
vt 1.000000 0.000000
vt 1.000000 0.000000
vt 1.000000 0.000000
vt 1.000000 0.000000
vt 1.000000 0.000000
vt 1.000000 0.000000
vt 1.000000 0.000000
vt 1.000000 0.000000
vt 1.000000 0.000000
vt 1.000000 0.000000
vt 1.000000 0.000000
vt 1.000000 0.000000
vt 1.000000 0.000000
vt 1.000000 0.000000
vt 1.000000 0.000000
vt 1.000000 0.000000
vt 1.000000 0.000000
vt 1.000000 0.000000
vt 1.000000 0.000000
vt 1.000000 0.000000
vt 1.000000 0.000000
vt 1.000000 0.000000
vt 1.000000 0.000000
vt 1.000000 0.000000
vt 1.000000 0.000000
vt 1.000000 0.000000
vt 1.000000 0.000000
vt 1.000000 0.000000
vt 1.000000 0.000000
vt 1.000000 0.000000
vt 1.000000 0.000000
vt 1.000000 0.000000
vt 1.000000 0.000000
vt 1.000000 0.000000
vt 1.000000 0.000000
vt 1.000000 0.000000
vt 1.000000 0.000000
vt 1.000000 0.000000
vt 1.000000 0.000000
vt 1.000000 0.000000
vt 1.000000 0.000000
vt 1.000000 0.000000
vt 1.000000 0.000000
vt 1.000000 0.000000
vt 1.000000 0.000000
vt 1.000000 0.000000
vt 1.000000 0.000000
vt 1.000000 0.000000
vt 1.000000 0.000000
vt 1.000000 0.000000
vt 1.000000 0.000000
vt 1.000000 0.000000
vt 1.000000 0.000000
vt 1.000000 0.000000
vt 1.000000 0.000000
vt 1.000000 0.000000
vt 1.000000 0.000000
vt 1.000000 0.000000
vt 1.000000 0.000000
vt 1.000000 0.000000
vt 1.000000 0.000000
vt 1.000000 0.000000
vt 1.000000 0.000000
vt 1.000000 0.000000
vt 1.000000 0.000000
vt 1.000000 0.000000
vt 1.000000 0.000000
vt 1.000000 0.000000
vt 1.000000 0.000000
vt 1.000000 0.000000
vt 1.000000 0.000000
vt 1.000000 0.000000
vt 1.000000 0.000000
vt 1.000000 0.000000
vt 1.000000 0.000000
vt 1.000000 0.000000
vt 1.000000 0.000000
vt 1.000000 0.000000
vt 1.000000 0.000000
vt 1.000000 0.000000
vt 1.000000 0.000000
vt 1.000000 0.000000
vt 1.000000 0.000000
vt 1.000000 0.000000
vt 1.000000 0.000000
vt 1.000000 0.000000
vt 1.000000 0.000000
vt 1.000000 0.000000
vt 1.000000 0.000000
vt 1.000000 0.000000
vt 1.000000 0.000000
vt 1.000000 0.000000
vt 1.000000 0.000000
vt 1.000000 0.000000
vt 1.000000 0.000000
vt 1.000000 0.000000
vt 1.000000 0.000000
vt 1.000000 0.000000
vt 1.000000 0.000000
vt 1.000000 0.000000
vt 1.000000 0.000000
vt 1.000000 0.000000
vt 1.000000 0.000000
vt 1.000000 0.000000
vt 1.000000 0.000000
vt 1.000000 0.000000
vt 1.000000 0.000000
vt 1.000000 0.000000
vt 1.000000 0.000000
vt 1.000000 0.000000
vt 1.000000 0.000000
vt 1.000000 0.000000
vt 1.000000 0.000000
vt 1.000000 0.000000
vt 1.000000 0.000000
vt 1.000000 0.000000
vt 1.000000 0.000000
vt 1.000000 0.000000
vt 1.000000 0.000000
vt 1.000000 0.000000
vt 1.000000 0.000000
vt 1.000000 0.000000
vt 1.000000 0.000000
vt 1.000000 0.000000
vt 1.000000 0.000000
vt 1.000000 0.000000
vt 1.000000 0.000000
vt 1.000000 0.000000
vt 1.000000 0.000000
vt 1.000000 0.000000
vt 1.000000 0.000000
vt 1.000000 0.000000
vt 1.000000 0.000000
vt 1.000000 0.000000
vt 1.000000 0.000000
vt 1.000000 0.000000
vt 1.000000 0.000000
vt 1.000000 0.000000
vt 1.000000 0.000000
vt 1.000000 0.000000
vt 1.000000 0.000000
vt 1.000000 0.000000
vt 1.000000 0.000000
vt 1.000000 0.000000
vt 1.000000 0.000000
vt 1.000000 0.000000
vt 1.000000 0.000000
vt 1.000000 0.000000
vt 1.000000 0.000000
vt 1.000000 0.000000
vt 1.000000 0.000000
vt 1.000000 0.000000
vt 1.000000 0.000000
vt 1.000000 0.000000
vt 1.000000 0.000000
vt 1.000000 0.000000
vt 1.000000 0.000000
vt 1.000000 0.000000
vt 1.000000 0.000000
vt 1.000000 0.000000
vt 1.000000 0.000000
vt 1.000000 0.000000
vt 1.000000 0.000000
vt 1.000000 0.000000
vt 1.000000 0.000000
vt 1.000000 0.000000
vt 1.000000 0.000000
vt 1.000000 0.000000
vt 1.000000 0.000000
vt 1.000000 0.000000
vt 1.000000 0.000000
vt 1.000000 0.000000
vt 1.000000 0.000000
vt 1.000000 0.000000
vt 1.000000 0.000000
vt 1.000000 0.000000
vt 1.000000 0.000000
vt 1.000000 0.000000
vt 1.000000 0.000000
vt 1.000000 0.000000
vt 1.000000 0.000000
vt 1.000000 0.000000
vt 1.000000 0.000000
vt 1.000000 0.000000
vt 1.000000 0.000000
vt 1.000000 0.000000
vt 1.000000 0.000000
vt 1.000000 0.000000
vt 1.000000 0.000000
vt 1.000000 0.000000
vt 1.000000 0.000000
vt 1.000000 0.000000
vt 1.000000 0.000000
vt 1.000000 0.000000
vt 1.000000 0.000000
vt 1.000000 0.000000
vt 1.000000 0.000000
vt 1.000000 0.000000
vt 1.000000 0.000000
vt 1.000000 0.000000
vt 1.000000 0.000000
vt 1.000000 0.000000
vt 1.000000 0.000000
vt 1.000000 0.000000
vt 1.000000 0.000000
vt 1.000000 0.000000
vt 1.000000 0.000000
vt 1.000000 0.000000
vt 1.000000 0.000000
vt 1.000000 0.000000
vt 1.000000 0.000000
vt 1.000000 0.000000
vt 1.000000 0.000000
vt 1.000000 0.000000
vt 1.000000 0.000000
vt 1.000000 0.000000
vt 1.000000 0.000000
vt 1.000000 0.000000
vt 1.000000 0.000000
vt 1.000000 0.000000
vt 1.000000 0.000000
vt 1.000000 0.000000
vt 1.000000 0.000000
vt 1.000000 0.000000
vt 1.000000 0.000000
vt 1.000000 0.000000
vt 1.000000 0.000000
vt 1.000000 0.000000
vt 1.000000 0.000000
vt 1.000000 0.000000
vt 1.000000 0.000000
vt 1.000000 0.000000
vt 1.000000 0.000000
vt 1.000000 0.000000
vt 1.000000 0.000000
vt 1.000000 0.000000
vt 1.000000 0.000000
vt 1.000000 0.000000
vt 1.000000 0.000000
vt 1.000000 0.000000
vt 1.000000 0.000000
vt 1.000000 0.000000
vt 1.000000 0.000000
vt 1.000000 0.000000
vt 1.000000 0.000000
vt 1.000000 0.000000
vt 1.000000 0.000000
vt 1.000000 0.000000
vt 1.000000 0.000000
vt 1.000000 0.000000
vt 1.000000 0.000000
vt 1.000000 0.000000
vt 1.000000 0.000000
vt 1.000000 0.000000
vt 1.000000 0.000000
vt 1.000000 0.000000
vt 1.000000 0.000000
vt 1.000000 0.000000
vt 1.000000 0.000000
vt 1.000000 0.000000
vt 1.000000 0.000000
vt 1.000000 0.000000
vt 1.000000 0.000000
vt 1.000000 0.000000
vt 1.000000 0.000000
vt 1.000000 0.000000
vt 1.000000 0.000000
vt 1.000000 0.000000
vt 1.000000 0.000000
vt 1.000000 0.000000
vt 1.000000 0.000000
vt 1.000000 0.000000
vt 1.000000 0.000000
vt 1.000000 0.000000
vt 1.000000 0.000000
vt 1.000000 0.000000
vt 1.000000 0.000000
vt 1.000000 0.000000
vt 1.000000 0.000000
vt 1.000000 0.000000
vt 1.000000 0.000000
vt 1.000000 0.000000
vt 1.000000 0.000000
vt 1.000000 0.000000
vt 1.000000 0.000000
vt 1.000000 0.000000
vt 1.000000 0.000000
vt 1.000000 0.000000
vt 1.000000 0.000000
vt 1.000000 0.000000
vt 1.000000 0.000000
vt 1.000000 0.000000
vt 1.000000 0.000000
vt 1.000000 0.000000
vt 1.000000 0.000000
vt 1.000000 0.000000
vt 1.000000 0.000000
vt 1.000000 0.000000
vt 1.000000 0.000000
vt 1.000000 0.000000
vt 1.000000 0.000000
vt 1.000000 0.000000
vt 1.000000 0.000000
vt 1.000000 0.000000
vt 1.000000 0.000000
vt 1.000000 0.000000
vt 1.000000 0.000000
vt 1.000000 0.000000
vt 1.000000 0.000000
vt 1.000000 0.000000
vt 1.000000 0.000000
vt 1.000000 0.000000
vt 1.000000 0.000000
vt 1.000000 0.000000
vt 1.000000 0.000000
vt 1.000000 0.000000
vt 1.000000 0.000000
vt 1.000000 0.000000
vt 1.000000 0.000000
vt 1.000000 0.000000
vt 1.000000 0.000000
vt 1.000000 0.000000
vt 1.000000 0.000000
vt 1.000000 0.000000
vt 1.000000 0.000000
vt 1.000000 0.000000
vt 1.000000 0.000000
vt 1.000000 0.000000
vt 1.000000 0.000000
vt 1.000000 0.000000
vt 1.000000 0.000000
vt 1.000000 0.000000
vt 1.000000 0.000000
vt 1.000000 0.000000
vt 1.000000 0.000000
vt 1.000000 0.000000
vt 1.000000 0.000000
vt 1.000000 0.000000
vt 1.000000 0.000000
vt 1.000000 0.000000
vt 1.000000 0.000000
vt 1.000000 0.000000
vt 1.000000 0.000000
vt 1.000000 0.000000
vt 1.000000 0.000000
vt 1.000000 0.000000
vt 1.000000 0.000000
vt 1.000000 0.000000
vt 1.000000 0.000000
vt 1.000000 0.000000
vt 1.000000 0.000000
vt 1.000000 0.000000
vt 1.000000 0.000000
vt 1.000000 0.000000
vt 1.000000 0.000000
vt 1.000000 0.000000
vt 1.000000 0.000000
vt 1.000000 0.000000
vt 1.000000 0.000000
vt 1.000000 0.000000
vt 1.000000 0.000000
vt 1.000000 0.000000
vt 1.000000 0.000000
vt 1.000000 0.000000
vt 1.000000 0.000000
vt 1.000000 0.000000
vt 1.000000 0.000000
vt 1.000000 0.000000
vt 1.000000 0.000000
vt 1.000000 0.000000
vt 1.000000 0.000000
vt 1.000000 0.000000
vt 1.000000 0.000000
vt 1.000000 0.000000
vt 1.000000 0.000000
vt 1.000000 0.000000
vt 1.000000 0.000000
vt 1.000000 0.000000
vt 1.000000 0.000000
vt 1.000000 0.000000
vt 1.000000 0.000000
vt 1.000000 0.000000
vt 1.000000 0.000000
vt 1.000000 0.000000
vt 1.000000 0.000000
vt 1.000000 0.000000
vt 1.000000 0.000000
vt 1.000000 0.000000
vt 1.000000 0.000000
vt 1.000000 0.000000
vt 1.000000 0.000000
vt 1.000000 0.000000
vt 1.000000 0.000000
vt 1.000000 0.000000
vt 1.000000 0.000000
vt 1.000000 0.000000
vt 1.000000 0.000000
vt 1.000000 0.000000
vt 1.000000 0.000000
vt 1.000000 0.000000
vt 1.000000 0.000000
vt 1.000000 0.000000
vt 1.000000 0.000000
vt 1.000000 0.000000
vt 1.000000 0.000000
vt 1.000000 0.000000
vt 1.000000 0.000000
vt 1.000000 0.000000
vt 1.000000 0.000000
vt 1.000000 0.000000
vt 1.000000 0.000000
vt 1.000000 0.000000
vt 1.000000 0.000000
vt 1.000000 0.000000
vt 1.000000 0.000000
vt 1.000000 0.000000
vt 1.000000 0.000000
vt 1.000000 0.000000
vt 1.000000 0.000000
vt 1.000000 0.000000
vt 1.000000 0.000000
vt 1.000000 0.000000
vt 1.000000 0.000000
vt 1.000000 0.000000
vt 1.000000 0.000000
vt 1.000000 0.000000
vt 1.000000 0.000000
vt 1.000000 0.000000
vt 1.000000 0.000000
vt 1.000000 0.000000
vt 1.000000 0.000000
vt 1.000000 0.000000
vt 1.000000 0.000000
vt 1.000000 0.000000
vt 1.000000 0.000000
vt 1.000000 0.000000
vt 1.000000 0.000000
vt 1.000000 0.000000
vt 1.000000 0.000000
vt 1.000000 0.000000
vt 1.000000 0.000000
vt 1.000000 0.000000
vt 1.000000 0.000000
vt 1.000000 0.000000
vt 1.000000 0.000000
vt 1.000000 0.000000
vt 1.000000 0.000000
vt 1.000000 0.000000
vt 1.000000 0.000000
vt 1.000000 0.000000
vt 1.000000 0.000000
vt 1.000000 0.000000
vt 1.000000 0.000000
vt 1.000000 0.000000
vt 1.000000 0.000000
vt 1.000000 0.000000
vt 1.000000 0.000000
vt 1.000000 0.000000
vt 1.000000 0.000000
vt 1.000000 0.000000
vt 1.000000 0.000000
vt 1.000000 0.000000
vt 1.000000 0.000000
vt 1.000000 0.000000
vt 1.000000 0.000000
vt 1.000000 0.000000
vt 1.000000 0.000000
vt 1.000000 0.000000
vt 1.000000 0.000000
vt 1.000000 0.000000
vt 1.000000 0.000000
vt 1.000000 0.000000
vt 1.000000 0.000000
vt 1.000000 0.000000
vt 1.000000 0.000000
vt 1.000000 0.000000
vt 1.000000 0.000000
vt 1.000000 0.000000
vt 1.000000 0.000000
vt 1.000000 0.000000
vt 1.000000 0.000000
vt 1.000000 0.000000
vt 1.000000 0.000000
vt 1.000000 0.000000
vt 1.000000 0.000000
vt 1.000000 0.000000
vt 1.000000 0.000000
vt 1.000000 0.000000
vt 1.000000 0.000000
vt 1.000000 0.000000
vt 1.000000 0.000000
vt 1.000000 0.000000
vt 1.000000 0.000000
vt 1.000000 0.000000
vt 1.000000 0.000000
vt 1.000000 0.000000
vt 1.000000 0.000000
vt 1.000000 0.000000
vt 1.000000 0.000000
vt 1.000000 0.000000
vt 1.000000 0.000000
vt 1.000000 0.000000
vt 1.000000 0.000000
vt 1.000000 0.000000
vt 1.000000 0.000000
vt 1.000000 0.000000
vt 1.000000 0.000000
vt 1.000000 0.000000
vt 1.000000 0.000000
vt 1.000000 0.000000
vt 1.000000 0.000000
vt 1.000000 0.000000
vt 1.000000 0.000000
vt 1.000000 0.000000
vt 1.000000 0.000000
vt 1.000000 0.000000
vt 1.000000 0.000000
vt 1.000000 0.000000
vt 1.000000 0.000000
vt 1.000000 0.000000
vt 1.000000 0.000000
vt 1.000000 0.000000
vt 1.000000 0.000000
vt 1.000000 0.000000
vt 1.000000 0.000000
vt 1.000000 0.000000
vt 1.000000 0.000000
vt 1.000000 0.000000
vt 1.000000 0.000000
vt 1.000000 0.000000
vt 1.000000 0.000000
vt 1.000000 0.000000
vt 1.000000 0.000000
vt 1.000000 0.000000
vt 1.000000 0.000000
vt 1.000000 0.000000
vt 1.000000 0.000000
vt 1.000000 0.000000
vt 1.000000 0.000000
vt 1.000000 0.000000
vt 1.000000 0.000000
vt 1.000000 0.000000
vt 1.000000 0.000000
vt 1.000000 0.000000
vt 1.000000 0.000000
vt 1.000000 0.000000
vt 1.000000 0.000000
vt 1.000000 0.000000
vt 1.000000 0.000000
vt 1.000000 0.000000
vt 1.000000 0.000000
vt 1.000000 0.000000
vt 1.000000 0.000000
vt 1.000000 0.000000
vt 1.000000 0.000000
vt 1.000000 0.000000
vt 1.000000 0.000000
vt 1.000000 0.000000
vt 1.000000 0.000000
vt 1.000000 0.000000
vt 1.000000 0.000000
vt 1.000000 0.000000
vt 1.000000 0.000000
vt 1.000000 0.000000
vt 1.000000 0.000000
vt 1.000000 0.000000
vt 1.000000 0.000000
vt 1.000000 0.000000
vt 1.000000 0.000000
vt 1.000000 0.000000
vt 1.000000 0.000000
vt 1.000000 0.000000
vt 1.000000 0.000000
vt 1.000000 0.000000
vt 1.000000 0.000000
vt 1.000000 0.000000
vt 1.000000 0.000000
vt 1.000000 0.000000
vt 1.000000 0.000000
vt 1.000000 0.000000
vt 1.000000 0.000000
vt 1.000000 0.000000
vt 1.000000 0.000000
vt 1.000000 0.000000
vt 1.000000 0.000000
vt 1.000000 0.000000
vt 1.000000 0.000000
vt 1.000000 0.000000
vt 1.000000 0.000000
vt 1.000000 0.000000
vt 1.000000 0.000000
vt 1.000000 0.000000
vt 1.000000 0.000000
vt 1.000000 0.000000
vt 1.000000 0.000000
vt 1.000000 0.000000
vt 1.000000 0.000000
vt 1.000000 0.000000
vt 1.000000 0.000000
vt 1.000000 0.000000
vt 1.000000 0.000000
vt 1.000000 0.000000
vt 1.000000 0.000000
vt 1.000000 0.000000
vt 1.000000 0.000000
vt 1.000000 0.000000
vt 1.000000 0.000000
vt 1.000000 0.000000
vt 1.000000 0.000000
vt 1.000000 0.000000
vt 1.000000 0.000000
vt 1.000000 0.000000
vt 1.000000 0.000000
vt 1.000000 0.000000
vt 1.000000 0.000000
vt 1.000000 0.000000
vt 1.000000 0.000000
vt 1.000000 0.000000
vt 1.000000 0.000000
vt 1.000000 0.000000
vt 1.000000 0.000000
vt 1.000000 0.000000
vt 1.000000 0.000000
vt 1.000000 0.000000
vt 1.000000 0.000000
vt 1.000000 0.000000
vt 1.000000 0.000000
vt 1.000000 0.000000
vt 1.000000 0.000000
vt 1.000000 0.000000
vt 1.000000 0.000000
vt 1.000000 0.000000
vt 1.000000 0.000000
vt 1.000000 0.000000
vt 1.000000 0.000000
vt 1.000000 0.000000
vt 1.000000 0.000000
vt 1.000000 0.000000
vt 1.000000 0.000000
vt 1.000000 0.000000
vt 1.000000 0.000000
vt 1.000000 0.000000
vt 1.000000 0.000000
vt 1.000000 0.000000
vt 1.000000 0.000000
vt 1.000000 0.000000
vt 1.000000 0.000000
vt 1.000000 0.000000
vt 1.000000 0.000000
vt 1.000000 0.000000
vt 1.000000 0.000000
vt 1.000000 0.000000
vt 1.000000 0.000000
vt 1.000000 0.000000
vt 1.000000 0.000000
vt 1.000000 0.000000
vt 1.000000 0.000000
vt 1.000000 0.000000
vt 1.000000 0.000000
vt 1.000000 0.000000
vt 1.000000 0.000000
vt 1.000000 0.000000
vt 1.000000 0.000000
vt 1.000000 0.000000
vt 1.000000 0.000000
vt 1.000000 0.000000
vt 1.000000 0.000000
vt 1.000000 0.000000
vt 1.000000 0.000000
vt 1.000000 0.000000
vt 1.000000 0.000000
vt 1.000000 0.000000
vt 1.000000 0.000000
vt 1.000000 0.000000
vt 1.000000 0.000000
vt 1.000000 0.000000
vt 1.000000 0.000000
vt 1.000000 0.000000
vt 1.000000 0.000000
vt 1.000000 0.000000
vt 1.000000 0.000000
vt 1.000000 0.000000
vt 1.000000 0.000000
vt 1.000000 0.000000
vt 1.000000 0.000000
vt 1.000000 0.000000
vt 1.000000 0.000000
vt 1.000000 0.000000
vt 1.000000 0.000000
vt 1.000000 0.000000
vt 1.000000 0.000000
vt 1.000000 0.000000
vt 1.000000 0.000000
vt 1.000000 0.000000
vt 1.000000 0.000000
vt 1.000000 0.000000
vt 1.000000 0.000000
vt 1.000000 0.000000
vt 1.000000 0.000000
vt 1.000000 0.000000
vt 1.000000 0.000000
vt 1.000000 0.000000
vt 1.000000 0.000000
vt 1.000000 0.000000
vt 1.000000 0.000000
vt 1.000000 0.000000
vt 1.000000 0.000000
vt 1.000000 0.000000
vt 1.000000 0.000000
vt 1.000000 0.000000
vt 1.000000 0.000000
vt 1.000000 0.000000
vt 1.000000 0.000000
vt 1.000000 0.000000
vt 1.000000 0.000000
vt 1.000000 0.000000
vt 1.000000 0.000000
vt 1.000000 0.000000
vt 1.000000 0.000000
vt 1.000000 0.000000
vt 1.000000 0.000000
vt 1.000000 0.000000
vt 1.000000 0.000000
vt 1.000000 0.000000
vt 1.000000 0.000000
vt 1.000000 0.000000
vt 1.000000 0.000000
vt 1.000000 0.000000
vt 1.000000 0.000000
vt 1.000000 0.000000
vt 1.000000 0.000000
vt 1.000000 0.000000
vt 1.000000 0.000000
vt 1.000000 0.000000
vt 1.000000 0.000000
vt 1.000000 0.000000
vt 1.000000 0.000000
vt 1.000000 0.000000
vt 1.000000 0.000000
vt 1.000000 0.000000
vt 1.000000 0.000000
vt 1.000000 0.000000
vt 1.000000 0.000000
vt 1.000000 0.000000
vt 1.000000 0.000000
vt 1.000000 0.000000
vt 1.000000 0.000000
vt 1.000000 0.000000
vt 1.000000 0.000000
vt 1.000000 0.000000
vt 1.000000 0.000000
vt 1.000000 0.000000
vt 1.000000 0.000000
vt 1.000000 0.000000
vt 1.000000 0.000000
vt 1.000000 0.000000
vt 1.000000 0.000000
vt 1.000000 0.000000
vt 1.000000 0.000000
vt 1.000000 0.000000
vt 1.000000 0.000000
vt 1.000000 0.000000
vt 1.000000 0.000000
vt 1.000000 0.000000
vt 1.000000 0.000000
vt 1.000000 0.000000
vt 1.000000 0.000000
vt 1.000000 0.000000
vt 1.000000 0.000000
vt 1.000000 0.000000
vt 1.000000 0.000000
vt 1.000000 0.000000
vt 1.000000 0.000000
vt 1.000000 0.000000
vt 1.000000 0.000000
vt 1.000000 0.000000
vt 1.000000 0.000000
vt 1.000000 0.000000
vt 1.000000 0.000000
vt 1.000000 0.000000
vt 1.000000 0.000000
vt 1.000000 0.000000
vt 1.000000 0.000000
vt 1.000000 0.000000
vt 1.000000 0.000000
vt 1.000000 0.000000
vt 1.000000 0.000000
vt 1.000000 0.000000
vt 1.000000 0.000000
vt 1.000000 0.000000
vt 1.000000 0.000000
vt 1.000000 0.000000
vt 1.000000 0.000000
vt 1.000000 0.000000
vt 1.000000 0.000000
vt 1.000000 0.000000
vt 1.000000 0.000000
vt 1.000000 0.000000
vt 1.000000 0.000000
vt 1.000000 0.000000
vt 1.000000 0.000000
vt 1.000000 0.000000
vt 1.000000 0.000000
vt 1.000000 0.000000
vt 1.000000 0.000000
vt 1.000000 0.000000
vt 1.000000 0.000000
vt 1.000000 0.000000
vt 1.000000 0.000000
vt 1.000000 0.000000
vt 1.000000 0.000000
vt 1.000000 0.000000
vt 1.000000 0.000000
vt 1.000000 0.000000
vt 1.000000 0.000000
vt 1.000000 0.000000
vt 1.000000 0.000000
vt 1.000000 0.000000
vt 1.000000 0.000000
vt 1.000000 0.000000
vt 1.000000 0.000000
vt 1.000000 0.000000
vt 1.000000 0.000000
vt 1.000000 0.000000
vt 1.000000 0.000000
vt 1.000000 0.000000
vt 1.000000 0.000000
vt 1.000000 0.000000
vt 1.000000 0.000000
vt 1.000000 0.000000
vt 1.000000 0.000000
vt 1.000000 0.000000
vt 1.000000 0.000000
vt 1.000000 0.000000
vt 1.000000 0.000000
vt 1.000000 0.000000
vt 1.000000 0.000000
vt 1.000000 0.000000
vt 1.000000 0.000000
vt 1.000000 0.000000
vt 1.000000 0.000000
vt 1.000000 0.000000
vt 1.000000 0.000000
vt 1.000000 0.000000
vt 1.000000 0.000000
vt 1.000000 0.000000
vt 1.000000 0.000000
vt 1.000000 0.000000
vt 1.000000 0.000000
vt 1.000000 0.000000
vt 1.000000 0.000000
vt 1.000000 0.000000
vt 1.000000 0.000000
vt 1.000000 0.000000
vt 1.000000 0.000000
vt 1.000000 0.000000
vt 1.000000 0.000000
vt 1.000000 0.000000
vt 1.000000 0.000000
vt 1.000000 0.000000
vt 1.000000 0.000000
vt 1.000000 0.000000
vt 1.000000 0.000000
vt 1.000000 0.000000
vt 1.000000 0.000000
vt 1.000000 0.000000
vt 1.000000 0.000000
vt 1.000000 0.000000
vt 1.000000 0.000000
vt 1.000000 0.000000
vt 1.000000 0.000000
vt 1.000000 0.000000
vt 1.000000 0.000000
vt 1.000000 0.000000
vt 1.000000 0.000000
vt 1.000000 0.000000
vt 1.000000 0.000000
vt 1.000000 0.000000
vt 1.000000 0.000000
vt 1.000000 0.000000
vt 1.000000 0.000000
vt 1.000000 0.000000
vt 1.000000 0.000000
vt 1.000000 0.000000
vt 1.000000 0.000000
vt 1.000000 0.000000
vt 1.000000 0.000000
vt 1.000000 0.000000
vt 1.000000 0.000000
vt 1.000000 0.000000
vt 1.000000 0.000000
vt 1.000000 0.000000
vt 1.000000 0.000000
vt 1.000000 0.000000
vt 1.000000 0.000000
vt 1.000000 0.000000
vt 1.000000 0.000000
vt 1.000000 0.000000
vt 1.000000 0.000000
vt 1.000000 0.000000
vt 1.000000 0.000000
vt 1.000000 0.000000
vt 1.000000 0.000000
vt 1.000000 0.000000
vt 1.000000 0.000000
vt 1.000000 0.000000
vt 1.000000 0.000000
vt 1.000000 0.000000
vt 1.000000 0.000000
vt 1.000000 0.000000
vt 1.000000 0.000000
vt 1.000000 0.000000
vt 1.000000 0.000000
vt 1.000000 0.000000
vt 1.000000 0.000000
vt 1.000000 0.000000
vt 1.000000 0.000000
vt 1.000000 0.000000
vt 1.000000 0.000000
vt 1.000000 0.000000
vt 1.000000 0.000000
vt 1.000000 0.000000
vt 1.000000 0.000000
vt 1.000000 0.000000
vt 1.000000 0.000000
vt 1.000000 0.000000
vt 1.000000 0.000000
vt 1.000000 0.000000
vt 1.000000 0.000000
vt 1.000000 0.000000
vt 1.000000 0.000000
vt 1.000000 0.000000
vt 1.000000 0.000000
vt 1.000000 0.000000
vt 1.000000 0.000000
vt 1.000000 0.000000
vt 1.000000 0.000000
vt 1.000000 0.000000
vt 1.000000 0.000000
vt 1.000000 0.000000
vt 1.000000 0.000000
vt 1.000000 0.000000
vt 1.000000 0.000000
vt 1.000000 0.000000
vt 1.000000 0.000000
vt 1.000000 0.000000
vt 1.000000 0.000000
vt 1.000000 0.000000
vt 1.000000 0.000000
vt 1.000000 0.000000
vt 1.000000 0.000000
vt 1.000000 0.000000
vt 1.000000 0.000000
vt 1.000000 0.000000
vt 1.000000 0.000000
vt 1.000000 0.000000
vt 1.000000 0.000000
vt 1.000000 0.000000
vt 1.000000 0.000000
vt 1.000000 0.000000
vt 1.000000 0.000000
vt 1.000000 0.000000
vt 1.000000 0.000000
vt 1.000000 0.000000
vt 1.000000 0.000000
vt 1.000000 0.000000
vt 1.000000 0.000000
vt 1.000000 0.000000
vt 1.000000 0.000000
vt 1.000000 0.000000
vt 1.000000 0.000000
vt 1.000000 0.000000
vt 1.000000 0.000000
vt 1.000000 0.000000
vt 1.000000 0.000000
vt 1.000000 0.000000
vt 1.000000 0.000000
vt 1.000000 0.000000
vt 1.000000 0.000000
vt 1.000000 0.000000
vt 1.000000 0.000000
vt 1.000000 0.000000
vt 1.000000 0.000000
vt 1.000000 0.000000
vt 1.000000 0.000000
vt 1.000000 0.000000
vt 1.000000 0.000000
vt 1.000000 0.000000
vt 1.000000 0.000000
vt 1.000000 0.000000
vt 1.000000 0.000000
vt 1.000000 0.000000
vt 1.000000 0.000000
vt 1.000000 0.000000
vt 1.000000 0.000000
vt 1.000000 0.000000
vt 1.000000 0.000000
vt 1.000000 0.000000
vt 1.000000 0.000000
vt 1.000000 0.000000
vt 1.000000 0.000000
vt 1.000000 0.000000
vt 1.000000 0.000000
vt 1.000000 0.000000
vt 1.000000 0.000000
vt 1.000000 0.000000
vt 1.000000 0.000000
vt 1.000000 0.000000
vt 1.000000 0.000000
vt 1.000000 0.000000
vt 1.000000 0.000000
vt 1.000000 0.000000
vt 1.000000 0.000000
vt 1.000000 0.000000
vt 1.000000 0.000000
vt 1.000000 0.000000
vt 1.000000 0.000000
vt 1.000000 0.000000
vt 1.000000 0.000000
vt 1.000000 0.000000
vt 1.000000 0.000000
vt 1.000000 0.000000
vt 1.000000 0.000000
vt 1.000000 0.000000
vt 1.000000 0.000000
vt 1.000000 0.000000
vt 1.000000 0.000000
vt 1.000000 0.000000
vt 1.000000 0.000000
vt 1.000000 0.000000
vt 1.000000 0.000000
vt 1.000000 0.000000
vt 1.000000 0.000000
vt 1.000000 0.000000
vt 1.000000 0.000000
vt 1.000000 0.000000
vt 1.000000 0.000000
vt 1.000000 0.000000
vt 1.000000 0.000000
vt 1.000000 0.000000
vt 1.000000 0.000000
vt 1.000000 0.000000
vt 1.000000 0.000000
vt 1.000000 0.000000
vt 1.000000 0.000000
vt 1.000000 0.000000
vt 1.000000 0.000000
vt 1.000000 0.000000
vt 1.000000 0.000000
vt 1.000000 0.000000
vt 1.000000 0.000000
vt 1.000000 0.000000
vt 1.000000 0.000000
vt 1.000000 0.000000
vt 1.000000 0.000000
vt 1.000000 0.000000
vt 1.000000 0.000000
vt 1.000000 0.000000
vt 1.000000 0.000000
vt 1.000000 0.000000
vt 1.000000 0.000000
vt 1.000000 0.000000
vt 1.000000 0.000000
vt 1.000000 0.000000
vt 1.000000 0.000000
vt 1.000000 0.000000
vt 1.000000 0.000000
vt 1.000000 0.000000
vt 1.000000 0.000000
vt 1.000000 0.000000
vt 1.000000 0.000000
vt 1.000000 0.000000
vt 1.000000 0.000000
vt 1.000000 0.000000
vt 1.000000 0.000000
vt 1.000000 0.000000
vt 1.000000 0.000000
vt 1.000000 0.000000
vt 1.000000 0.000000
vt 1.000000 0.000000
vt 1.000000 0.000000
vt 1.000000 0.000000
vt 1.000000 0.000000
vt 1.000000 0.000000
vt 1.000000 0.000000
vt 1.000000 0.000000
vt 1.000000 0.000000
vt 1.000000 0.000000
vt 1.000000 0.000000
vt 1.000000 0.000000
vt 1.000000 0.000000
vt 1.000000 0.000000
vt 1.000000 0.000000
vt 1.000000 0.000000
vt 1.000000 0.000000
vt 1.000000 0.000000
vt 1.000000 0.000000
vt 1.000000 0.000000
vt 1.000000 0.000000
vt 1.000000 0.000000
vt 1.000000 0.000000
vt 1.000000 0.000000
vt 1.000000 0.000000
vt 1.000000 0.000000
vt 1.000000 0.000000
vt 1.000000 0.000000
vt 1.000000 0.000000
vt 1.000000 0.000000
vt 1.000000 0.000000
vt 1.000000 0.000000
vt 1.000000 0.000000
vt 1.000000 0.000000
vt 1.000000 0.000000
vt 1.000000 0.000000
vt 1.000000 0.000000
vt 1.000000 0.000000
vt 1.000000 0.000000
vt 1.000000 0.000000
vt 1.000000 0.000000
vt 1.000000 0.000000
vt 1.000000 0.000000
vt 1.000000 0.000000
vt 1.000000 0.000000
vt 1.000000 0.000000
vt 1.000000 0.000000
vt 1.000000 0.000000
vt 1.000000 0.000000
vt 1.000000 0.000000
vt 1.000000 0.000000
vt 1.000000 0.000000
vt 1.000000 0.000000
vt 1.000000 0.000000
vt 1.000000 0.000000
vt 1.000000 0.000000
vt 1.000000 0.000000
vt 1.000000 0.000000
vt 1.000000 0.000000
vt 1.000000 0.000000
vt 1.000000 0.000000
vt 1.000000 0.000000
vt 1.000000 0.000000
vt 1.000000 0.000000
vt 1.000000 0.000000
vt 1.000000 0.000000
vt 1.000000 0.000000
vt 1.000000 0.000000
vt 1.000000 0.000000
vt 1.000000 0.000000
vt 1.000000 0.000000
vt 1.000000 0.000000
vt 1.000000 0.000000
vt 1.000000 0.000000
vt 1.000000 0.000000
vt 1.000000 0.000000
vt 1.000000 0.000000
vt 1.000000 0.000000
vt 1.000000 0.000000
vt 1.000000 0.000000
vt 1.000000 0.000000
vt 1.000000 0.000000
vt 1.000000 0.000000
vt 1.000000 0.000000
vt 1.000000 0.000000
vt 1.000000 0.000000
vt 1.000000 0.000000
vt 1.000000 0.000000
vt 1.000000 0.000000
vt 1.000000 0.000000
vt 1.000000 0.000000
vt 1.000000 0.000000
vt 1.000000 0.000000
vt 1.000000 0.000000
vt 1.000000 0.000000
vt 1.000000 0.000000
vt 1.000000 0.000000
vt 1.000000 0.000000
vt 1.000000 0.000000
vt 1.000000 0.000000
vt 1.000000 0.000000
vt 1.000000 0.000000
vt 1.000000 0.000000
vt 1.000000 0.000000
vt 1.000000 0.000000
vt 1.000000 0.000000
vt 1.000000 0.000000
vt 1.000000 0.000000
vt 1.000000 0.000000
vt 1.000000 0.000000
vt 1.000000 0.000000
vt 1.000000 0.000000
vt 1.000000 0.000000
vt 1.000000 0.000000
vt 1.000000 0.000000
vt 1.000000 0.000000
vt 1.000000 0.000000
vt 1.000000 0.000000
vt 1.000000 0.000000
vt 1.000000 0.000000
vt 1.000000 0.000000
vt 1.000000 0.000000
vt 1.000000 0.000000
vt 1.000000 0.000000
vt 1.000000 0.000000
vt 1.000000 0.000000
vt 1.000000 0.000000
vt 1.000000 0.000000
vt 1.000000 0.000000
vt 1.000000 0.000000
vt 1.000000 0.000000
vt 1.000000 0.000000
vt 1.000000 0.000000
vt 1.000000 0.000000
vt 1.000000 0.000000
vt 1.000000 0.000000
vt 1.000000 0.000000
vt 1.000000 0.000000
vt 1.000000 0.000000
vt 1.000000 0.000000
vt 1.000000 0.000000
vt 1.000000 0.000000
vt 1.000000 0.000000
vt 1.000000 0.000000
vt 1.000000 0.000000
vt 1.000000 0.000000
vt 1.000000 0.000000
vt 1.000000 0.000000
vt 1.000000 0.000000
vt 1.000000 0.000000
vt 1.000000 0.000000
vt 1.000000 0.000000
vt 1.000000 0.000000
vt 1.000000 0.000000
vt 1.000000 0.000000
vt 1.000000 0.000000
vt 1.000000 0.000000
vt 1.000000 0.000000
vt 1.000000 0.000000
vt 1.000000 0.000000
vt 1.000000 0.000000
vt 1.000000 0.000000
vt 1.000000 0.000000
vt 1.000000 0.000000
vt 1.000000 0.000000
vt 1.000000 0.000000
vt 1.000000 0.000000
vt 1.000000 0.000000
vt 1.000000 0.000000
vt 1.000000 0.000000
vt 1.000000 0.000000
vt 1.000000 0.000000
vt 1.000000 0.000000
vt 1.000000 0.000000
vt 1.000000 0.000000
vt 1.000000 0.000000
vt 1.000000 0.000000
vt 1.000000 0.000000
vt 1.000000 0.000000
vt 1.000000 0.000000
vt 1.000000 0.000000
vt 1.000000 0.000000
vt 1.000000 0.000000
vt 1.000000 0.000000
vt 1.000000 0.000000
vt 1.000000 0.000000
vt 1.000000 0.000000
vt 1.000000 0.000000
vt 1.000000 0.000000
vt 1.000000 0.000000
vt 1.000000 0.000000
vt 1.000000 0.000000
vt 1.000000 0.000000
vt 1.000000 0.000000
vt 1.000000 0.000000
vt 1.000000 0.000000
vt 1.000000 0.000000
vt 1.000000 0.000000
vt 1.000000 0.000000
vt 1.000000 0.000000
vt 1.000000 0.000000
vt 1.000000 0.000000
vt 1.000000 0.000000
vt 1.000000 0.000000
vt 1.000000 0.000000
vt 1.000000 0.000000
vt 1.000000 0.000000
vt 1.000000 0.000000
vt 1.000000 0.000000
vt 1.000000 0.000000
vt 1.000000 0.000000
vt 1.000000 0.000000
vt 1.000000 0.000000
vt 1.000000 0.000000
vt 1.000000 0.000000
vt 1.000000 0.000000
vt 1.000000 0.000000
vt 1.000000 0.000000
vt 1.000000 0.000000
vt 1.000000 0.000000
vt 1.000000 0.000000
vt 1.000000 0.000000
vt 1.000000 0.000000
vt 1.000000 0.000000
vt 1.000000 0.000000
vt 1.000000 0.000000
vt 1.000000 0.000000
vt 1.000000 0.000000
vt 1.000000 0.000000
vt 1.000000 0.000000
vt 1.000000 0.000000
vt 1.000000 0.000000
vt 1.000000 0.000000
vt 1.000000 0.000000
vt 1.000000 0.000000
vt 1.000000 0.000000
vt 1.000000 0.000000
vt 1.000000 0.000000
vt 1.000000 0.000000
vt 1.000000 0.000000
vt 1.000000 0.000000
vt 1.000000 0.000000
vt 1.000000 0.000000
vt 1.000000 0.000000
vt 1.000000 0.000000
vt 1.000000 0.000000
vt 1.000000 0.000000
vt 1.000000 0.000000
vt 1.000000 0.000000
vt 1.000000 0.000000
vt 1.000000 0.000000
vt 1.000000 0.000000
vt 1.000000 0.000000
vt 1.000000 0.000000
vt 1.000000 0.000000
vt 1.000000 0.000000
vt 1.000000 0.000000
vt 1.000000 0.000000
vt 1.000000 0.000000
vt 1.000000 0.000000
vt 1.000000 0.000000
vt 1.000000 0.000000
vt 1.000000 0.000000
vt 1.000000 0.000000
vt 1.000000 0.000000
vt 1.000000 0.000000
vt 1.000000 0.000000
vt 1.000000 0.000000
vt 1.000000 0.000000
vt 1.000000 0.000000
vt 1.000000 0.000000
vt 1.000000 0.000000
vt 1.000000 0.000000
vt 1.000000 0.000000
vt 1.000000 0.000000
vt 1.000000 0.000000
vt 1.000000 0.000000
vt 1.000000 0.000000
vt 1.000000 0.000000
vt 1.000000 0.000000
vt 1.000000 0.000000
vt 1.000000 0.000000
vt 1.000000 0.000000
vt 1.000000 0.000000
vt 1.000000 0.000000
vt 1.000000 0.000000
vt 1.000000 0.000000
vt 1.000000 0.000000
vt 1.000000 0.000000
vt 1.000000 0.000000
vt 1.000000 0.000000
vt 1.000000 0.000000
vt 1.000000 0.000000
vt 1.000000 0.000000
vt 1.000000 0.000000
vt 1.000000 0.000000
vt 1.000000 0.000000
vt 1.000000 0.000000
vt 1.000000 0.000000
vt 1.000000 0.000000
vt 1.000000 0.000000
vt 1.000000 0.000000
vt 1.000000 0.000000
vt 1.000000 0.000000
vt 1.000000 0.000000
vt 1.000000 0.000000
vt 1.000000 0.000000
vt 1.000000 0.000000
vt 1.000000 0.000000
vt 1.000000 0.000000
vt 1.000000 0.000000
vt 1.000000 0.000000
vt 1.000000 0.000000
vt 1.000000 0.000000
vt 1.000000 0.000000
vt 1.000000 0.000000
vt 1.000000 0.000000
vt 1.000000 0.000000
vt 1.000000 0.000000
vt 1.000000 0.000000
vt 1.000000 0.000000
vt 1.000000 0.000000
vt 1.000000 0.000000
vt 1.000000 0.000000
vt 1.000000 0.000000
vt 1.000000 0.000000
vt 1.000000 0.000000
vt 1.000000 0.000000
vt 1.000000 0.000000
vt 1.000000 0.000000
vt 1.000000 0.000000
vt 1.000000 0.000000
vt 1.000000 0.000000
vt 1.000000 0.000000
vt 1.000000 0.000000
vt 1.000000 0.000000
vt 1.000000 0.000000
vt 1.000000 0.000000
vt 1.000000 0.000000
vt 1.000000 0.000000
vt 1.000000 0.000000
vt 1.000000 0.000000
vt 1.000000 0.000000
vt 1.000000 0.000000
vt 1.000000 0.000000
vt 1.000000 0.000000
vt 1.000000 0.000000
vt 1.000000 0.000000
vt 1.000000 0.000000
vt 1.000000 0.000000
vt 1.000000 0.000000
vt 1.000000 0.000000
vt 1.000000 0.000000
vt 1.000000 0.000000
vt 1.000000 0.000000
vt 1.000000 0.000000
vt 1.000000 0.000000
vt 1.000000 0.000000
vt 1.000000 0.000000
vt 1.000000 0.000000
vt 1.000000 0.000000
vt 1.000000 0.000000
vt 1.000000 0.000000
vt 1.000000 0.000000
vt 1.000000 0.000000
vt 1.000000 0.000000
vt 1.000000 0.000000
vt 1.000000 0.000000
vt 1.000000 0.000000
vt 1.000000 0.000000
vt 1.000000 0.000000
vt 1.000000 0.000000
vt 1.000000 0.000000
vt 1.000000 0.000000
vt 1.000000 0.000000
vt 1.000000 0.000000
vt 1.000000 0.000000
vt 1.000000 0.000000
vt 1.000000 0.000000
vt 1.000000 0.000000
vt 1.000000 0.000000
vt 1.000000 0.000000
vt 1.000000 0.000000
vt 1.000000 0.000000
vt 1.000000 0.000000
vt 1.000000 0.000000
vt 1.000000 0.000000
vt 1.000000 0.000000
vt 1.000000 0.000000
vt 1.000000 0.000000
vt 1.000000 0.000000
vt 1.000000 0.000000
vt 1.000000 0.000000
vt 1.000000 0.000000
vt 1.000000 0.000000
vt 1.000000 0.000000
vt 1.000000 0.000000
vt 1.000000 0.000000
vt 1.000000 0.000000
vt 1.000000 0.000000
vt 1.000000 0.000000
vt 1.000000 0.000000
vt 1.000000 0.000000
vt 1.000000 0.000000
vt 1.000000 0.000000
vt 1.000000 0.000000
vt 1.000000 0.000000
vt 1.000000 0.000000
vt 1.000000 0.000000
vt 1.000000 0.000000
vt 1.000000 0.000000
vt 1.000000 0.000000
vt 1.000000 0.000000
vt 1.000000 0.000000
vt 1.000000 0.000000
vt 1.000000 0.000000
vt 1.000000 0.000000
vt 1.000000 0.000000
vt 1.000000 0.000000
vt 1.000000 0.000000
vt 1.000000 0.000000
vt 1.000000 0.000000
vt 1.000000 0.000000
vt 1.000000 0.000000
vt 1.000000 0.000000
vt 1.000000 0.000000
vt 1.000000 0.000000
vt 1.000000 0.000000
vt 1.000000 0.000000
vt 1.000000 0.000000
vt 1.000000 0.000000
vt 1.000000 0.000000
vt 1.000000 0.000000
vt 1.000000 0.000000
vt 1.000000 0.000000
vt 1.000000 0.000000
vt 1.000000 0.000000
vt 1.000000 0.000000
vt 1.000000 0.000000
vt 1.000000 0.000000
vt 1.000000 0.000000
vt 1.000000 0.000000
vt 1.000000 0.000000
vt 1.000000 0.000000
vt 1.000000 0.000000
vt 1.000000 0.000000
vt 1.000000 0.000000
vt 1.000000 0.000000
vt 1.000000 0.000000
vt 1.000000 0.000000
vt 1.000000 0.000000
vt 1.000000 0.000000
vt 1.000000 0.000000
vt 1.000000 0.000000
vt 1.000000 0.000000
vt 1.000000 0.000000
vt 1.000000 0.000000
vt 1.000000 0.000000
vt 1.000000 0.000000
vt 1.000000 0.000000
vt 1.000000 0.000000
vt 1.000000 0.000000
vt 1.000000 0.000000
vt 1.000000 0.000000
vt 1.000000 0.000000
vt 1.000000 0.000000
vt 1.000000 0.000000
vt 1.000000 0.000000
vt 1.000000 0.000000
vt 1.000000 0.000000
vt 1.000000 0.000000
vt 1.000000 0.000000
vt 1.000000 0.000000
vt 1.000000 0.000000
vt 1.000000 0.000000
vt 1.000000 0.000000
vt 1.000000 0.000000
vt 1.000000 0.000000
vt 1.000000 0.000000
vt 1.000000 0.000000
vt 1.000000 0.000000
vt 1.000000 0.000000
vt 1.000000 0.000000
vt 1.000000 0.000000
vt 1.000000 0.000000
vt 1.000000 0.000000
vt 1.000000 0.000000
vt 1.000000 0.000000
vt 1.000000 0.000000
vt 1.000000 0.000000
vt 1.000000 0.000000
vt 1.000000 0.000000
vt 1.000000 0.000000
vt 1.000000 0.000000
vt 1.000000 0.000000
vt 1.000000 0.000000
vt 1.000000 0.000000
vt 1.000000 0.000000
vt 1.000000 0.000000
vt 1.000000 0.000000
vt 1.000000 0.000000
vt 1.000000 0.000000
vt 1.000000 0.000000
vt 1.000000 0.000000
vt 1.000000 0.000000
vt 1.000000 0.000000
vt 1.000000 0.000000
vt 1.000000 0.000000
vt 1.000000 0.000000
vt 1.000000 0.000000
vt 1.000000 0.000000
vt 1.000000 0.000000
vt 1.000000 0.000000
vt 1.000000 0.000000
vt 1.000000 0.000000
vt 1.000000 0.000000
vt 1.000000 0.000000
vt 1.000000 0.000000
vt 1.000000 0.000000
vt 1.000000 0.000000
vt 1.000000 0.000000
vt 1.000000 0.000000
vt 1.000000 0.000000
vt 1.000000 0.000000
vt 1.000000 0.000000
vt 1.000000 0.000000
vt 1.000000 0.000000
vt 1.000000 0.000000
vt 1.000000 0.000000
vt 1.000000 0.000000
vt 1.000000 0.000000
vt 1.000000 0.000000
vt 1.000000 0.000000
vt 1.000000 0.000000
vt 1.000000 0.000000
vt 1.000000 0.000000
vt 1.000000 0.000000
vt 1.000000 0.000000
vt 1.000000 0.000000
vt 1.000000 0.000000
vt 1.000000 0.000000
vt 1.000000 0.000000
vt 1.000000 0.000000
vt 1.000000 0.000000
vt 1.000000 0.000000
vt 1.000000 0.000000
vt 1.000000 0.000000
vt 1.000000 0.000000
vt 1.000000 0.000000
vt 1.000000 0.000000
vt 1.000000 0.000000
vt 1.000000 0.000000
vt 1.000000 0.000000
vt 1.000000 0.000000
vt 1.000000 0.000000
vt 1.000000 0.000000
vt 1.000000 0.000000
vt 1.000000 0.000000
vt 1.000000 0.000000
vt 1.000000 0.000000
vt 1.000000 0.000000
vt 1.000000 0.000000
vt 1.000000 0.000000
vt 1.000000 0.000000
vt 1.000000 0.000000
vt 1.000000 0.000000
vt 1.000000 0.000000
vt 1.000000 0.000000
vt 1.000000 0.000000
vt 1.000000 0.000000
vt 1.000000 0.000000
vt 1.000000 0.000000
vt 1.000000 0.000000
vt 1.000000 0.000000
vt 1.000000 0.000000
vt 1.000000 0.000000
vt 1.000000 0.000000
vt 1.000000 0.000000
vt 1.000000 0.000000
vt 1.000000 0.000000
vt 1.000000 0.000000
vt 1.000000 0.000000
vt 1.000000 0.000000
vt 1.000000 0.000000
vt 1.000000 0.000000
vt 1.000000 0.000000
vt 1.000000 0.000000
vt 1.000000 0.000000
vt 1.000000 0.000000
vt 1.000000 0.000000
vt 1.000000 0.000000
vt 1.000000 0.000000
vt 1.000000 0.000000
vt 1.000000 0.000000
vt 1.000000 0.000000
vt 1.000000 0.000000
vt 1.000000 0.000000
vt 1.000000 0.000000
vt 1.000000 0.000000
vt 1.000000 0.000000
vt 1.000000 0.000000
vt 1.000000 0.000000
vt 1.000000 0.000000
vt 1.000000 0.000000
vt 1.000000 0.000000
vt 1.000000 0.000000
vt 1.000000 0.000000
vt 1.000000 0.000000
vt 1.000000 0.000000
vt 1.000000 0.000000
vt 1.000000 0.000000
vt 1.000000 0.000000
vt 1.000000 0.000000
vt 1.000000 0.000000
vt 1.000000 0.000000
vt 1.000000 0.000000
vt 1.000000 0.000000
vt 1.000000 0.000000
vt 1.000000 0.000000
vt 1.000000 0.000000
vt 1.000000 0.000000
vt 1.000000 0.000000
vt 1.000000 0.000000
vt 1.000000 0.000000
vt 1.000000 0.000000
vt 1.000000 0.000000
vt 1.000000 0.000000
vt 1.000000 0.000000
vt 1.000000 0.000000
vt 1.000000 0.000000
vt 1.000000 0.000000
vt 1.000000 0.000000
vt 1.000000 0.000000
vt 1.000000 0.000000
vt 1.000000 0.000000
vt 1.000000 0.000000
vt 1.000000 0.000000
vt 1.000000 0.000000
vt 1.000000 0.000000
vt 1.000000 0.000000
vt 1.000000 0.000000
vt 1.000000 0.000000
vt 1.000000 0.000000
vt 1.000000 0.000000
vt 1.000000 0.000000
vt 1.000000 0.000000
vt 1.000000 0.000000
vt 1.000000 0.000000
vt 1.000000 0.000000
vt 1.000000 0.000000
vt 1.000000 0.000000
vt 1.000000 0.000000
vt 1.000000 0.000000
vt 1.000000 0.000000
vt 1.000000 0.000000
vt 1.000000 0.000000
vt 1.000000 0.000000
vt 1.000000 0.000000
vt 1.000000 0.000000
vt 1.000000 0.000000
vt 1.000000 0.000000
vt 1.000000 0.000000
vt 1.000000 0.000000
vt 1.000000 0.000000
vt 1.000000 0.000000
vt 1.000000 0.000000
vt 1.000000 0.000000
vt 1.000000 0.000000
vt 1.000000 0.000000
vt 1.000000 0.000000
vt 1.000000 0.000000
vt 1.000000 0.000000
vt 1.000000 0.000000
vt 1.000000 0.000000
vt 1.000000 0.000000
vt 1.000000 0.000000
vt 1.000000 0.000000
vt 1.000000 0.000000
vt 1.000000 0.000000
vt 1.000000 0.000000
vt 1.000000 0.000000
vt 1.000000 0.000000
vt 1.000000 0.000000
vt 1.000000 0.000000
vt 1.000000 0.000000
vt 1.000000 0.000000
vt 1.000000 0.000000
vt 1.000000 0.000000
vt 1.000000 0.000000
vt 1.000000 0.000000
vt 1.000000 0.000000
vt 1.000000 0.000000
vt 1.000000 0.000000
vt 1.000000 0.000000
vt 1.000000 0.000000
vt 1.000000 0.000000
vt 1.000000 0.000000
vt 1.000000 0.000000
vt 1.000000 0.000000
vt 1.000000 0.000000
vt 1.000000 0.000000
vt 1.000000 0.000000
vt 1.000000 0.000000
vt 1.000000 0.000000
vt 1.000000 0.000000
vt 1.000000 0.000000
vt 1.000000 0.000000
vt 1.000000 0.000000
vt 1.000000 0.000000
vt 1.000000 0.000000
vt 1.000000 0.000000
vt 1.000000 0.000000
vt 1.000000 0.000000
vt 1.000000 0.000000
vt 1.000000 0.000000
vt 1.000000 0.000000
vt 1.000000 0.000000
vt 1.000000 0.000000
vt 1.000000 0.000000
vt 1.000000 0.000000
vt 1.000000 0.000000
vt 1.000000 0.000000
vt 1.000000 0.000000
vt 1.000000 0.000000
vt 1.000000 0.000000
vt 1.000000 0.000000
vt 1.000000 0.000000
vt 1.000000 0.000000
vt 1.000000 0.000000
vt 1.000000 0.000000
vt 1.000000 0.000000
vt 1.000000 0.000000
vt 1.000000 0.000000
vt 1.000000 0.000000
vt 1.000000 0.000000
vt 1.000000 0.000000
vt 1.000000 0.000000
vt 1.000000 0.000000
vt 1.000000 0.000000
vt 1.000000 0.000000
vt 1.000000 0.000000
vt 1.000000 0.000000
vt 1.000000 0.000000
vt 1.000000 0.000000
vt 1.000000 0.000000
vt 1.000000 0.000000
vt 1.000000 0.000000
vt 1.000000 0.000000
vt 1.000000 0.000000
vt 1.000000 0.000000
vt 1.000000 0.000000
vt 1.000000 0.000000
vt 1.000000 0.000000
vt 1.000000 0.000000
vt 1.000000 0.000000
vt 1.000000 0.000000
vt 1.000000 0.000000
vt 1.000000 0.000000
vt 1.000000 0.000000
vt 1.000000 0.000000
vt 1.000000 0.000000
vt 1.000000 0.000000
vt 1.000000 0.000000
vt 1.000000 0.000000
vt 1.000000 0.000000
vt 1.000000 0.000000
vt 1.000000 0.000000
vt 1.000000 0.000000
vt 1.000000 0.000000
vt 1.000000 0.000000
vt 1.000000 0.000000
vt 1.000000 0.000000
vt 1.000000 0.000000
vt 1.000000 0.000000
vt 1.000000 0.000000
vt 1.000000 0.000000
vt 1.000000 0.000000
vt 1.000000 0.000000
vt 1.000000 0.000000
vt 1.000000 0.000000
vt 1.000000 0.000000
vt 1.000000 0.000000
vt 1.000000 0.000000
vt 1.000000 0.000000
vt 1.000000 0.000000
vt 1.000000 0.000000
vt 1.000000 0.000000
vt 1.000000 0.000000
vt 1.000000 0.000000
vt 1.000000 0.000000
vt 1.000000 0.000000
vt 1.000000 0.000000
vt 1.000000 0.000000
vt 1.000000 0.000000
vt 1.000000 0.000000
vt 1.000000 0.000000
vt 1.000000 0.000000
vt 1.000000 0.000000
vt 1.000000 0.000000
vt 1.000000 0.000000
vt 1.000000 0.000000
vt 1.000000 0.000000
vt 1.000000 0.000000
vt 1.000000 0.000000
vt 1.000000 0.000000
vt 1.000000 0.000000
vt 1.000000 0.000000
vt 1.000000 0.000000
vt 1.000000 0.000000
vt 1.000000 0.000000
vt 1.000000 0.000000
vt 1.000000 0.000000
vt 1.000000 0.000000
vt 1.000000 0.000000
vt 1.000000 0.000000
vt 1.000000 0.000000
vt 1.000000 0.000000
vt 1.000000 0.000000
vt 1.000000 0.000000
vt 1.000000 0.000000
vt 1.000000 0.000000
vt 1.000000 0.000000
vt 1.000000 0.000000
vt 1.000000 0.000000
vt 1.000000 0.000000
vt 1.000000 0.000000
vt 1.000000 0.000000
vt 1.000000 0.000000
vt 1.000000 0.000000
vt 1.000000 0.000000
vt 1.000000 0.000000
vt 1.000000 0.000000
vt 1.000000 0.000000
vt 1.000000 0.000000
vt 1.000000 0.000000
vt 1.000000 0.000000
vt 1.000000 0.000000
vt 1.000000 0.000000
vt 1.000000 0.000000
vt 1.000000 0.000000
vt 1.000000 0.000000
vt 1.000000 0.000000
vt 1.000000 0.000000
vt 1.000000 0.000000
vt 1.000000 0.000000
vt 1.000000 0.000000
vt 1.000000 0.000000
vt 1.000000 0.000000
vt 1.000000 0.000000
vt 1.000000 0.000000
vt 1.000000 0.000000
vt 1.000000 0.000000
vt 1.000000 0.000000
vt 1.000000 0.000000
vt 1.000000 0.000000
vt 1.000000 0.000000
vt 1.000000 0.000000
vt 1.000000 0.000000
vt 1.000000 0.000000
vt 1.000000 0.000000
vt 1.000000 0.000000
vt 1.000000 0.000000
vt 1.000000 0.000000
vt 1.000000 0.000000
vt 1.000000 0.000000
vt 1.000000 0.000000
vt 1.000000 0.000000
vt 1.000000 0.000000
vt 1.000000 0.000000
vt 1.000000 0.000000
vt 1.000000 0.000000
vt 1.000000 0.000000
vt 1.000000 0.000000
vt 1.000000 0.000000
vt 1.000000 0.000000
vt 1.000000 0.000000
vt 1.000000 0.000000
vt 1.000000 0.000000
vt 1.000000 0.000000
vt 1.000000 0.000000
vt 1.000000 0.000000
vt 1.000000 0.000000
vt 1.000000 0.000000
vt 1.000000 0.000000
vt 1.000000 0.000000
vt 1.000000 0.000000
vt 1.000000 0.000000
vt 1.000000 0.000000
vt 1.000000 0.000000
vt 1.000000 0.000000
vt 1.000000 0.000000
vt 1.000000 0.000000
vt 1.000000 0.000000
vt 1.000000 0.000000
vt 1.000000 0.000000
vt 1.000000 0.000000
vt 1.000000 0.000000
vt 1.000000 0.000000
vt 1.000000 0.000000
vt 1.000000 0.000000
vt 1.000000 0.000000
vt 1.000000 0.000000
vt 1.000000 0.000000
vt 1.000000 0.000000
vt 1.000000 0.000000
vt 1.000000 0.000000
vt 1.000000 0.000000
vt 1.000000 0.000000
vt 1.000000 0.000000
vt 1.000000 0.000000
vt 1.000000 0.000000
vt 1.000000 0.000000
vt 1.000000 0.000000
vt 1.000000 0.000000
vt 1.000000 0.000000
vt 1.000000 0.000000
vt 1.000000 0.000000
vt 1.000000 0.000000
vt 1.000000 0.000000
vt 1.000000 0.000000
vt 1.000000 0.000000
vt 1.000000 0.000000
vt 1.000000 0.000000
vt 1.000000 0.000000
vt 1.000000 0.000000
vt 1.000000 0.000000
vt 1.000000 0.000000
vt 1.000000 0.000000
vt 1.000000 0.000000
vt 1.000000 0.000000
vt 1.000000 0.000000
vt 1.000000 0.000000
vt 1.000000 0.000000
vt 1.000000 0.000000
vt 1.000000 0.000000
vt 1.000000 0.000000
vt 1.000000 0.000000
vt 1.000000 0.000000
vt 1.000000 0.000000
vt 1.000000 0.000000
vt 1.000000 0.000000
vt 1.000000 0.000000
vt 1.000000 0.000000
vt 1.000000 0.000000
vt 1.000000 0.000000
vt 1.000000 0.000000
vt 1.000000 0.000000
vt 1.000000 0.000000
vt 1.000000 0.000000
vt 1.000000 0.000000
vt 1.000000 0.000000
vt 1.000000 0.000000
vt 1.000000 0.000000
vt 1.000000 0.000000
vt 1.000000 0.000000
vt 1.000000 0.000000
vt 1.000000 0.000000
vt 1.000000 0.000000
vt 1.000000 0.000000
vt 1.000000 0.000000
vt 1.000000 0.000000
vt 1.000000 0.000000
vt 1.000000 0.000000
vt 1.000000 0.000000
vt 1.000000 0.000000
vt 1.000000 0.000000
vt 1.000000 0.000000
vt 1.000000 0.000000
vt 1.000000 0.000000
vt 1.000000 0.000000
vt 1.000000 0.000000
vt 1.000000 0.000000
vt 1.000000 0.000000
vt 1.000000 0.000000
vt 1.000000 0.000000
vt 1.000000 0.000000
vt 1.000000 0.000000
vt 1.000000 0.000000
vt 1.000000 0.000000
vt 1.000000 0.000000
vt 1.000000 0.000000
vt 1.000000 0.000000
vt 1.000000 0.000000
vt 1.000000 0.000000
vt 1.000000 0.000000
vt 1.000000 0.000000
vt 1.000000 0.000000
vt 1.000000 0.000000
vt 1.000000 0.000000
vt 1.000000 0.000000
vt 1.000000 0.000000
vt 1.000000 0.000000
vt 1.000000 0.000000
vt 1.000000 0.000000
vt 1.000000 0.000000
vt 1.000000 0.000000
vt 1.000000 0.000000
vt 1.000000 0.000000
vt 1.000000 0.000000
vt 1.000000 0.000000
vt 1.000000 0.000000
vt 1.000000 0.000000
vt 1.000000 0.000000
vt 1.000000 0.000000
vt 1.000000 0.000000
vt 1.000000 0.000000
vt 1.000000 0.000000
vt 1.000000 0.000000
vt 1.000000 0.000000
vt 1.000000 0.000000
vt 1.000000 0.000000
vt 1.000000 0.000000
vt 1.000000 0.000000
vt 1.000000 0.000000
vt 1.000000 0.000000
vt 1.000000 0.000000
vt 1.000000 0.000000
vt 1.000000 0.000000
vt 1.000000 0.000000
vt 1.000000 0.000000
vt 1.000000 0.000000
vt 1.000000 0.000000
vt 1.000000 0.000000
vt 1.000000 0.000000
vt 1.000000 0.000000
vt 1.000000 0.000000
vt 1.000000 0.000000
vt 1.000000 0.000000
vt 1.000000 0.000000
vt 1.000000 0.000000
vt 1.000000 0.000000
vt 1.000000 0.000000
vt 1.000000 0.000000
vt 1.000000 0.000000
vt 1.000000 0.000000
vt 1.000000 0.000000
vt 1.000000 0.000000
vt 1.000000 0.000000
vt 1.000000 0.000000
vt 1.000000 0.000000
vt 1.000000 0.000000
vt 1.000000 0.000000
vt 1.000000 0.000000
vt 1.000000 0.000000
vt 1.000000 0.000000
vt 1.000000 0.000000
vt 1.000000 0.000000
vt 1.000000 0.000000
vt 1.000000 0.000000
vt 1.000000 0.000000
vt 1.000000 0.000000
vt 1.000000 0.000000
vt 1.000000 0.000000
vt 1.000000 0.000000
vt 1.000000 0.000000
vt 1.000000 0.000000
vt 1.000000 0.000000
vt 1.000000 0.000000
vt 1.000000 0.000000
vt 1.000000 0.000000
vt 1.000000 0.000000
vt 1.000000 0.000000
vt 1.000000 0.000000
vt 1.000000 0.000000
vt 1.000000 0.000000
vt 1.000000 0.000000
vt 1.000000 0.000000
vt 1.000000 0.000000
vt 1.000000 0.000000
vt 1.000000 0.000000
vt 1.000000 0.000000
vt 1.000000 0.000000
vt 1.000000 0.000000
vt 1.000000 0.000000
vt 1.000000 0.000000
vt 1.000000 0.000000
vt 1.000000 0.000000
vt 1.000000 0.000000
vt 1.000000 0.000000
vt 1.000000 0.000000
vt 1.000000 0.000000
vt 1.000000 0.000000
vt 1.000000 0.000000
vt 1.000000 0.000000
vt 1.000000 0.000000
vt 1.000000 0.000000
vt 1.000000 0.000000
vt 1.000000 0.000000
vt 1.000000 0.000000
vt 1.000000 0.000000
vt 1.000000 0.000000
vt 1.000000 0.000000
vt 1.000000 0.000000
vt 1.000000 0.000000
vt 1.000000 0.000000
vt 1.000000 0.000000
vt 1.000000 0.000000
vt 1.000000 0.000000
vt 1.000000 0.000000
vt 1.000000 0.000000
vt 1.000000 0.000000
vt 1.000000 0.000000
vt 1.000000 0.000000
vt 1.000000 0.000000
vt 1.000000 0.000000
vt 1.000000 0.000000
vt 1.000000 0.000000
vt 1.000000 0.000000
vt 1.000000 0.000000
vt 1.000000 0.000000
vt 1.000000 0.000000
vt 1.000000 0.000000
vt 1.000000 0.000000
vt 1.000000 0.000000
vt 1.000000 0.000000
vt 1.000000 0.000000
vt 1.000000 0.000000
vt 1.000000 0.000000
vt 1.000000 0.000000
vt 1.000000 0.000000
vt 1.000000 0.000000
vt 1.000000 0.000000
vt 1.000000 0.000000
vt 1.000000 0.000000
vt 1.000000 0.000000
vt 1.000000 0.000000
vt 1.000000 0.000000
vt 1.000000 0.000000
vt 1.000000 0.000000
vt 1.000000 0.000000
vt 1.000000 0.000000
vt 1.000000 0.000000
vt 1.000000 0.000000
vt 1.000000 0.000000
vt 1.000000 0.000000
vt 1.000000 0.000000
vt 1.000000 0.000000
vt 1.000000 0.000000
vt 1.000000 0.000000
vt 1.000000 0.000000
vt 1.000000 0.000000
vt 1.000000 0.000000
vt 1.000000 0.000000
vt 1.000000 0.000000
vt 1.000000 0.000000
vt 1.000000 0.000000
vt 1.000000 0.000000
vt 1.000000 0.000000
vt 1.000000 0.000000
vt 1.000000 0.000000
vt 1.000000 0.000000
vt 1.000000 0.000000
vt 1.000000 0.000000
vt 1.000000 0.000000
vt 1.000000 0.000000
vt 1.000000 0.000000
vt 1.000000 0.000000
vt 1.000000 0.000000
vt 1.000000 0.000000
vt 1.000000 0.000000
vt 1.000000 0.000000
vt 1.000000 0.000000
vt 1.000000 0.000000
vt 1.000000 0.000000
vt 1.000000 0.000000
vt 1.000000 0.000000
vt 1.000000 0.000000
vt 1.000000 0.000000
vt 1.000000 0.000000
vt 1.000000 0.000000
vt 1.000000 0.000000
vt 1.000000 0.000000
vt 1.000000 0.000000
vt 1.000000 0.000000
vt 1.000000 0.000000
vt 1.000000 0.000000
vt 1.000000 0.000000
vt 1.000000 0.000000
vt 1.000000 0.000000
vt 1.000000 0.000000
vt 1.000000 0.000000
vt 1.000000 0.000000
vt 1.000000 0.000000
vt 1.000000 0.000000
vt 1.000000 0.000000
vt 1.000000 0.000000
vt 1.000000 0.000000
vt 1.000000 0.000000
vt 1.000000 0.000000
vt 1.000000 0.000000
vt 1.000000 0.000000
vt 1.000000 0.000000
vt 1.000000 0.000000
vt 1.000000 0.000000
vt 1.000000 0.000000
vt 1.000000 0.000000
vt 1.000000 0.000000
vt 1.000000 0.000000
vt 1.000000 0.000000
vt 1.000000 0.000000
vt 1.000000 0.000000
vt 1.000000 0.000000
vt 1.000000 0.000000
vt 1.000000 0.000000
vt 1.000000 0.000000
vt 1.000000 0.000000
vt 1.000000 0.000000
vt 1.000000 0.000000
vt 1.000000 0.000000
vt 1.000000 0.000000
vt 1.000000 0.000000
vt 1.000000 0.000000
vt 1.000000 0.000000
vt 1.000000 0.000000
vt 1.000000 0.000000
vt 1.000000 0.000000
vt 1.000000 0.000000
vt 1.000000 0.000000
vt 1.000000 0.000000
vt 1.000000 0.000000
vt 1.000000 0.000000
vt 1.000000 0.000000
vt 1.000000 0.000000
vt 1.000000 0.000000
vt 1.000000 0.000000
vt 1.000000 0.000000
vt 1.000000 0.000000
vt 1.000000 0.000000
vt 1.000000 0.000000
vt 1.000000 0.000000
vt 1.000000 0.000000
vt 1.000000 0.000000
vt 1.000000 0.000000
vt 1.000000 0.000000
vt 1.000000 0.000000
vt 1.000000 0.000000
vt 1.000000 0.000000
vt 1.000000 0.000000
vt 1.000000 0.000000
vt 1.000000 0.000000
vt 1.000000 0.000000
vt 1.000000 0.000000
vt 1.000000 0.000000
vt 1.000000 0.000000
vt 1.000000 0.000000
vt 1.000000 0.000000
vt 1.000000 0.000000
vt 1.000000 0.000000
vt 1.000000 0.000000
vt 1.000000 0.000000
vt 1.000000 0.000000
vt 1.000000 0.000000
vt 1.000000 0.000000
vt 1.000000 0.000000
vt 1.000000 0.000000
vt 1.000000 0.000000
vt 1.000000 0.000000
vt 1.000000 0.000000
vt 1.000000 0.000000
vt 1.000000 0.000000
vt 1.000000 0.000000
vt 1.000000 0.000000
vt 1.000000 0.000000
vt 1.000000 0.000000
vt 1.000000 0.000000
vt 1.000000 0.000000
vt 1.000000 0.000000
vt 1.000000 0.000000
vt 1.000000 0.000000
vt 1.000000 0.000000
vt 1.000000 0.000000
vt 1.000000 0.000000
vt 1.000000 0.000000
vt 1.000000 0.000000
vt 1.000000 0.000000
vt 1.000000 0.000000
vt 1.000000 0.000000
vt 1.000000 0.000000
vt 1.000000 0.000000
vt 1.000000 0.000000
vt 1.000000 0.000000
vt 1.000000 0.000000
vt 1.000000 0.000000
vt 1.000000 0.000000
vt 1.000000 0.000000
vt 1.000000 0.000000
vt 1.000000 0.000000
vt 1.000000 0.000000
vt 1.000000 0.000000
vt 1.000000 0.000000
vt 1.000000 0.000000
vt 1.000000 0.000000
vt 1.000000 0.000000
vt 1.000000 0.000000
vt 1.000000 0.000000
vt 1.000000 0.000000
vt 1.000000 0.000000
vt 1.000000 0.000000
vt 1.000000 0.000000
vt 1.000000 0.000000
vt 1.000000 0.000000
vt 1.000000 0.000000
vt 1.000000 0.000000
vt 1.000000 0.000000
vt 1.000000 0.000000
vt 1.000000 0.000000
vt 1.000000 0.000000
vt 1.000000 0.000000
vt 1.000000 0.000000
vt 1.000000 0.000000
vt 1.000000 0.000000
vt 1.000000 0.000000
vt 1.000000 0.000000
vt 1.000000 0.000000
vt 1.000000 0.000000
vt 1.000000 0.000000
vt 1.000000 0.000000
vt 1.000000 0.000000
vt 1.000000 0.000000
vt 1.000000 0.000000
vt 1.000000 0.000000
vt 1.000000 0.000000
vt 1.000000 0.000000
vt 1.000000 0.000000
vt 1.000000 0.000000
vt 1.000000 0.000000
vt 1.000000 0.000000
vt 1.000000 0.000000
vt 1.000000 0.000000
vt 1.000000 0.000000
vt 1.000000 0.000000
vt 1.000000 0.000000
vt 1.000000 0.000000
vt 1.000000 0.000000
vt 1.000000 0.000000
vt 1.000000 0.000000
vt 1.000000 0.000000
vt 1.000000 0.000000
vt 1.000000 0.000000
vt 1.000000 0.000000
vt 1.000000 0.000000
vt 1.000000 0.000000
vt 1.000000 0.000000
vt 1.000000 0.000000
vt 1.000000 0.000000
vt 1.000000 0.000000
vt 1.000000 0.000000
vt 1.000000 0.000000
vt 1.000000 0.000000
vt 1.000000 0.000000
vt 1.000000 0.000000
vt 1.000000 0.000000
vt 1.000000 0.000000
vt 1.000000 0.000000
vt 1.000000 0.000000
vt 1.000000 0.000000
vt 1.000000 0.000000
vt 1.000000 0.000000
vt 1.000000 0.000000
vt 1.000000 0.000000
vt 1.000000 0.000000
vt 1.000000 0.000000
vt 1.000000 0.000000
vt 1.000000 0.000000
vt 1.000000 0.000000
vt 1.000000 0.000000
vt 1.000000 0.000000
vt 1.000000 0.000000
vt 1.000000 0.000000
vt 1.000000 0.000000
vt 1.000000 0.000000
vt 1.000000 0.000000
vt 1.000000 0.000000
vt 1.000000 0.000000
vt 1.000000 0.000000
vt 1.000000 0.000000
vt 1.000000 0.000000
vt 1.000000 0.000000
vt 1.000000 0.000000
vt 1.000000 0.000000
vt 1.000000 0.000000
vt 1.000000 0.000000
vt 1.000000 0.000000
vt 1.000000 0.000000
vt 1.000000 0.000000
vt 1.000000 0.000000
vt 1.000000 0.000000
vt 1.000000 0.000000
vt 1.000000 0.000000
vt 1.000000 0.000000
vt 1.000000 0.000000
vt 1.000000 0.000000
vt 1.000000 0.000000
vt 1.000000 0.000000
vt 1.000000 0.000000
vt 1.000000 0.000000
vt 1.000000 0.000000
vt 1.000000 0.000000
vt 1.000000 0.000000
vt 1.000000 0.000000
vt 1.000000 0.000000
vt 1.000000 0.000000
vt 1.000000 0.000000
vt 1.000000 0.000000
vt 1.000000 0.000000
vt 1.000000 0.000000
vt 1.000000 0.000000
vt 1.000000 0.000000
vt 1.000000 0.000000
vt 1.000000 0.000000
vt 1.000000 0.000000
vt 1.000000 0.000000
vt 1.000000 0.000000
vt 1.000000 0.000000
vt 1.000000 0.000000
vt 1.000000 0.000000
vt 1.000000 0.000000
vt 1.000000 0.000000
vt 1.000000 0.000000
vt 1.000000 0.000000
vt 1.000000 0.000000
vt 1.000000 0.000000
vt 1.000000 0.000000
vt 1.000000 0.000000
vt 1.000000 0.000000
vt 1.000000 0.000000
vt 1.000000 0.000000
vt 1.000000 0.000000
vt 1.000000 0.000000
vt 1.000000 0.000000
vt 1.000000 0.000000
vt 1.000000 0.000000
vt 1.000000 0.000000
vt 1.000000 0.000000
vt 1.000000 0.000000
vt 1.000000 0.000000
vt 1.000000 0.000000
vt 1.000000 0.000000
vt 1.000000 0.000000
vt 1.000000 0.000000
vt 1.000000 0.000000
vt 1.000000 0.000000
vt 1.000000 0.000000
vt 1.000000 0.000000
vt 1.000000 0.000000
vt 1.000000 0.000000
vt 1.000000 0.000000
vt 1.000000 0.000000
vt 1.000000 0.000000
vt 1.000000 0.000000
vt 1.000000 0.000000
vt 1.000000 0.000000
vt 1.000000 0.000000
vt 1.000000 0.000000
vt 1.000000 0.000000
vt 1.000000 0.000000
vt 1.000000 0.000000
vt 1.000000 0.000000
vt 1.000000 0.000000
vt 1.000000 0.000000
vt 1.000000 0.000000
vt 1.000000 0.000000
vt 1.000000 0.000000
vt 1.000000 0.000000
vt 1.000000 0.000000
vt 1.000000 0.000000
vt 1.000000 0.000000
vt 1.000000 0.000000
vt 1.000000 0.000000
vt 1.000000 0.000000
vt 1.000000 0.000000
vt 1.000000 0.000000
vt 1.000000 0.000000
vt 1.000000 0.000000
vt 1.000000 0.000000
vt 1.000000 0.000000
vt 1.000000 0.000000
vt 1.000000 0.000000
vt 1.000000 0.000000
vt 1.000000 0.000000
vt 1.000000 0.000000
vt 1.000000 0.000000
vt 1.000000 0.000000
vt 1.000000 0.000000
vt 1.000000 0.000000
vt 1.000000 0.000000
vt 1.000000 0.000000
vt 1.000000 0.000000
vt 1.000000 0.000000
vt 1.000000 0.000000
vt 1.000000 0.000000
vt 1.000000 0.000000
vt 1.000000 0.000000
vt 1.000000 0.000000
vt 1.000000 0.000000
vt 1.000000 0.000000
vt 1.000000 0.000000
vt 1.000000 0.000000
vt 1.000000 0.000000
vt 1.000000 0.000000
vt 1.000000 0.000000
vt 1.000000 0.000000
vt 1.000000 0.000000
vt 1.000000 0.000000
vt 1.000000 0.000000
vt 1.000000 0.000000
vt 1.000000 0.000000
vt 1.000000 0.000000
vt 1.000000 0.000000
vt 1.000000 0.000000
vt 1.000000 0.000000
vt 1.000000 0.000000
vt 1.000000 0.000000
vt 1.000000 0.000000
vt 1.000000 0.000000
vt 1.000000 0.000000
vt 1.000000 0.000000
vt 1.000000 0.000000
vt 1.000000 0.000000
vt 1.000000 0.000000
vt 1.000000 0.000000
vt 1.000000 0.000000
vt 1.000000 0.000000
vt 1.000000 0.000000
vt 1.000000 0.000000
vt 1.000000 0.000000
vt 1.000000 0.000000
vt 1.000000 0.000000
vt 1.000000 0.000000
vt 1.000000 0.000000
vt 1.000000 0.000000
vt 1.000000 0.000000
vt 1.000000 0.000000
vt 1.000000 0.000000
vt 1.000000 0.000000
vt 1.000000 0.000000
vt 1.000000 0.000000
vt 1.000000 0.000000
vt 1.000000 0.000000
vt 1.000000 0.000000
vt 1.000000 0.000000
vt 1.000000 0.000000
vt 1.000000 0.000000
vt 1.000000 0.000000
vt 1.000000 0.000000
vt 1.000000 0.000000
vt 1.000000 0.000000
vt 1.000000 0.000000
vt 1.000000 0.000000
vt 1.000000 0.000000
vt 1.000000 0.000000
vt 1.000000 0.000000
vt 1.000000 0.000000
vt 1.000000 0.000000
vt 1.000000 0.000000
vt 1.000000 0.000000
vt 1.000000 0.000000
vt 1.000000 0.000000
vt 1.000000 0.000000
vt 1.000000 0.000000
vt 1.000000 0.000000
vt 1.000000 0.000000
vt 1.000000 0.000000
vt 1.000000 0.000000
vt 1.000000 0.000000
vt 1.000000 0.000000
vt 1.000000 0.000000
vt 1.000000 0.000000
vt 1.000000 0.000000
vt 1.000000 0.000000
vt 1.000000 0.000000
vt 1.000000 0.000000
vt 1.000000 0.000000
vt 1.000000 0.000000
vt 1.000000 0.000000
vt 1.000000 0.000000
vt 1.000000 0.000000
vt 1.000000 0.000000
vt 1.000000 0.000000
vt 1.000000 0.000000
vt 1.000000 0.000000
vt 1.000000 0.000000
vt 1.000000 0.000000
vt 1.000000 0.000000
vt 1.000000 0.000000
vt 1.000000 0.000000
vt 1.000000 0.000000
vt 1.000000 0.000000
vt 1.000000 0.000000
vt 1.000000 0.000000
vt 1.000000 0.000000
vt 1.000000 0.000000
vt 1.000000 0.000000
vt 1.000000 0.000000
vt 1.000000 0.000000
vt 1.000000 0.000000
vt 1.000000 0.000000
vt 1.000000 0.000000
vt 1.000000 0.000000
vt 1.000000 0.000000
vt 1.000000 0.000000
vt 1.000000 0.000000
vt 1.000000 0.000000
vt 1.000000 0.000000
vt 1.000000 0.000000
vt 1.000000 0.000000
vt 1.000000 0.000000
vt 1.000000 0.000000
vt 1.000000 0.000000
vt 1.000000 0.000000
vt 1.000000 0.000000
vt 1.000000 0.000000
vt 1.000000 0.000000
vt 1.000000 0.000000
vt 1.000000 0.000000
vt 1.000000 0.000000
vt 1.000000 0.000000
vt 1.000000 0.000000
vt 1.000000 0.000000
vt 1.000000 0.000000
vt 1.000000 0.000000
vt 1.000000 0.000000
vt 1.000000 0.000000
vt 1.000000 0.000000
vt 1.000000 0.000000
vt 1.000000 0.000000
vt 1.000000 0.000000
vt 1.000000 0.000000
vt 1.000000 0.000000
vt 1.000000 0.000000
vt 1.000000 0.000000
vt 1.000000 0.000000
vt 1.000000 0.000000
vt 1.000000 0.000000
vt 1.000000 0.000000
vt 1.000000 0.000000
vt 1.000000 0.000000
vt 1.000000 0.000000
vt 1.000000 0.000000
vt 1.000000 0.000000
vt 1.000000 0.000000
vt 1.000000 0.000000
vt 1.000000 0.000000
vt 1.000000 0.000000
vt 1.000000 0.000000
vt 1.000000 0.000000
vt 1.000000 0.000000
vt 1.000000 0.000000
vt 1.000000 0.000000
vt 1.000000 0.000000
vt 1.000000 0.000000
vt 1.000000 0.000000
vt 1.000000 0.000000
vt 1.000000 0.000000
vt 1.000000 0.000000
vt 1.000000 0.000000
vt 1.000000 0.000000
vt 1.000000 0.000000
vt 1.000000 0.000000
vt 1.000000 0.000000
vt 1.000000 0.000000
vt 1.000000 0.000000
vt 1.000000 0.000000
vt 1.000000 0.000000
vt 1.000000 0.000000
vt 1.000000 0.000000
vt 1.000000 0.000000
vt 1.000000 0.000000
vt 1.000000 0.000000
vt 1.000000 0.000000
vt 1.000000 0.000000
vt 1.000000 0.000000
vt 1.000000 0.000000
vt 1.000000 0.000000
vt 1.000000 0.000000
vt 1.000000 0.000000
vt 1.000000 0.000000
vt 1.000000 0.000000
vt 1.000000 0.000000
vt 1.000000 0.000000
vt 1.000000 0.000000
vt 1.000000 0.000000
vt 1.000000 0.000000
vt 1.000000 0.000000
vt 1.000000 0.000000
vt 1.000000 0.000000
vt 1.000000 0.000000
vt 1.000000 0.000000
vt 1.000000 0.000000
vt 1.000000 0.000000
vt 1.000000 0.000000
vt 1.000000 0.000000
vt 1.000000 0.000000
vt 1.000000 0.000000
vt 1.000000 0.000000
vt 1.000000 0.000000
vt 1.000000 0.000000
vt 1.000000 0.000000
vt 1.000000 0.000000
vt 1.000000 0.000000
vt 1.000000 0.000000
vt 1.000000 0.000000
vt 1.000000 0.000000
vt 1.000000 0.000000
vt 1.000000 0.000000
vt 1.000000 0.000000
vt 1.000000 0.000000
vt 1.000000 0.000000
vt 1.000000 0.000000
vt 1.000000 0.000000
vt 1.000000 0.000000
vt 1.000000 0.000000
vt 1.000000 0.000000
vt 1.000000 0.000000
vt 1.000000 0.000000
vt 1.000000 0.000000
vt 1.000000 0.000000
vt 1.000000 0.000000
vt 1.000000 0.000000
vt 1.000000 0.000000
vt 1.000000 0.000000
vt 1.000000 0.000000
vt 1.000000 0.000000
vt 1.000000 0.000000
vt 1.000000 0.000000
vt 1.000000 0.000000
vt 1.000000 0.000000
vt 1.000000 0.000000
vt 1.000000 0.000000
vt 1.000000 0.000000
vt 1.000000 0.000000
vt 1.000000 0.000000
vt 1.000000 0.000000
vt 1.000000 0.000000
vt 1.000000 0.000000
vt 1.000000 0.000000
vt 1.000000 0.000000
vt 1.000000 0.000000
vt 1.000000 0.000000
vt 1.000000 0.000000
vt 1.000000 0.000000
vt 1.000000 0.000000
vt 1.000000 0.000000
vt 1.000000 0.000000
vt 1.000000 0.000000
vt 1.000000 0.000000
vt 1.000000 0.000000
vt 1.000000 0.000000
vt 1.000000 0.000000
vt 1.000000 0.000000
vt 1.000000 0.000000
vt 1.000000 0.000000
vt 1.000000 0.000000
vt 1.000000 0.000000
vt 1.000000 0.000000
vt 1.000000 0.000000
vt 1.000000 0.000000
vt 1.000000 0.000000
vt 1.000000 0.000000
vt 1.000000 0.000000
vt 1.000000 0.000000
vt 1.000000 0.000000
vt 1.000000 0.000000
vt 1.000000 0.000000
vt 1.000000 0.000000
vt 1.000000 0.000000
vt 1.000000 0.000000
vt 1.000000 0.000000
vt 1.000000 0.000000
vt 1.000000 0.000000
vt 1.000000 0.000000
vt 1.000000 0.000000
vt 1.000000 0.000000
vt 1.000000 0.000000
vt 1.000000 0.000000
vt 1.000000 0.000000
vt 1.000000 0.000000
vt 1.000000 0.000000
vt 1.000000 0.000000
vt 1.000000 0.000000
vt 1.000000 0.000000
vt 1.000000 0.000000
vt 1.000000 0.000000
vt 1.000000 0.000000
vt 1.000000 0.000000
vt 1.000000 0.000000
vt 1.000000 0.000000
vt 1.000000 0.000000
vt 1.000000 0.000000
vt 1.000000 0.000000
vt 1.000000 0.000000
vt 1.000000 0.000000
vt 1.000000 0.000000
vt 1.000000 0.000000
vt 1.000000 0.000000
vt 1.000000 0.000000
vt 1.000000 0.000000
vt 1.000000 0.000000
vt 1.000000 0.000000
vt 1.000000 0.000000
vt 1.000000 0.000000
vt 1.000000 0.000000
vt 1.000000 0.000000
vt 1.000000 0.000000
vt 1.000000 0.000000
vt 1.000000 0.000000
vt 1.000000 0.000000
vt 1.000000 0.000000
vt 1.000000 0.000000
vt 1.000000 0.000000
vt 1.000000 0.000000
vt 1.000000 0.000000
vt 1.000000 0.000000
vt 1.000000 0.000000
vt 1.000000 0.000000
vt 1.000000 0.000000
vt 1.000000 0.000000
vt 1.000000 0.000000
vt 1.000000 0.000000
vt 1.000000 0.000000
vt 1.000000 0.000000
vt 1.000000 0.000000
vt 1.000000 0.000000
vt 1.000000 0.000000
vt 1.000000 0.000000
vt 1.000000 0.000000
vt 1.000000 0.000000
vt 1.000000 0.000000
vt 1.000000 0.000000
vt 1.000000 0.000000
vt 1.000000 0.000000
vt 1.000000 0.000000
vt 1.000000 0.000000
vt 1.000000 0.000000
vt 1.000000 0.000000
vt 1.000000 0.000000
vt 1.000000 0.000000
vt 1.000000 0.000000
vt 1.000000 0.000000
vt 1.000000 0.000000
vt 1.000000 0.000000
vt 1.000000 0.000000
vt 1.000000 0.000000
vt 1.000000 0.000000
vt 1.000000 0.000000
vt 1.000000 0.000000
vt 1.000000 0.000000
vt 1.000000 0.000000
vt 1.000000 0.000000
vt 1.000000 0.000000
vt 1.000000 0.000000
vt 1.000000 0.000000
vt 1.000000 0.000000
vt 1.000000 0.000000
vt 1.000000 0.000000
vt 1.000000 0.000000
vt 1.000000 0.000000
vt 1.000000 0.000000
vt 1.000000 0.000000
vt 1.000000 0.000000
vt 1.000000 0.000000
vt 1.000000 0.000000
vt 1.000000 0.000000
vt 1.000000 0.000000
vt 1.000000 0.000000
vt 1.000000 0.000000
vt 1.000000 0.000000
vt 1.000000 0.000000
vt 1.000000 0.000000
vt 1.000000 0.000000
vt 1.000000 0.000000
vt 1.000000 0.000000
vt 1.000000 0.000000
vt 1.000000 0.000000
vt 1.000000 0.000000
vt 1.000000 0.000000
vt 1.000000 0.000000
vt 1.000000 0.000000
vt 1.000000 0.000000
vt 1.000000 0.000000
vt 1.000000 0.000000
vt 1.000000 0.000000
vt 1.000000 0.000000
vt 1.000000 0.000000
vt 1.000000 0.000000
vt 1.000000 0.000000
vt 1.000000 0.000000
vt 1.000000 0.000000
vt 1.000000 0.000000
vt 1.000000 0.000000
vt 1.000000 0.000000
vt 1.000000 0.000000
vt 1.000000 0.000000
vt 1.000000 0.000000
vt 1.000000 0.000000
vt 1.000000 0.000000
vt 1.000000 0.000000
vt 1.000000 0.000000
vt 1.000000 0.000000
vt 1.000000 0.000000
vt 1.000000 0.000000
vt 1.000000 0.000000
vt 1.000000 0.000000
vt 1.000000 0.000000
vt 1.000000 0.000000
vt 1.000000 0.000000
vt 1.000000 0.000000
vt 1.000000 0.000000
vt 1.000000 0.000000
vt 1.000000 0.000000
vt 1.000000 0.000000
vt 1.000000 0.000000
vt 1.000000 0.000000
vt 1.000000 0.000000
vt 1.000000 0.000000
vt 1.000000 0.000000
vt 1.000000 0.000000
vt 1.000000 0.000000
vt 1.000000 0.000000
vt 1.000000 0.000000
vt 1.000000 0.000000
vt 1.000000 0.000000
vt 1.000000 0.000000
vt 1.000000 0.000000
vt 1.000000 0.000000
vt 1.000000 0.000000
vt 1.000000 0.000000
vt 1.000000 0.000000
vt 1.000000 0.000000
vt 1.000000 0.000000
vt 1.000000 0.000000
vt 1.000000 0.000000
vt 1.000000 0.000000
vt 1.000000 0.000000
vt 1.000000 0.000000
vt 1.000000 0.000000
vt 1.000000 0.000000
vt 1.000000 0.000000
vt 1.000000 0.000000
vt 1.000000 0.000000
vt 1.000000 0.000000
vt 1.000000 0.000000
vt 1.000000 0.000000
vt 1.000000 0.000000
vt 1.000000 0.000000
vt 1.000000 0.000000
vt 1.000000 0.000000
vt 1.000000 0.000000
vt 1.000000 0.000000
vt 1.000000 0.000000
vt 1.000000 0.000000
vt 1.000000 0.000000
vt 1.000000 0.000000
vt 1.000000 0.000000
vt 1.000000 0.000000
vt 1.000000 0.000000
vt 1.000000 0.000000
vt 1.000000 0.000000
vt 1.000000 0.000000
vt 1.000000 0.000000
vt 1.000000 0.000000
vt 1.000000 0.000000
vt 1.000000 0.000000
vt 1.000000 0.000000
vt 1.000000 0.000000
vt 1.000000 0.000000
vt 1.000000 0.000000
vt 1.000000 0.000000
vt 1.000000 0.000000
vt 1.000000 0.000000
vt 1.000000 0.000000
vt 1.000000 0.000000
vt 1.000000 0.000000
vt 1.000000 0.000000
vt 1.000000 0.000000
vt 1.000000 0.000000
vt 1.000000 0.000000
vt 1.000000 0.000000
vt 1.000000 0.000000
vt 1.000000 0.000000
vt 1.000000 0.000000
vt 1.000000 0.000000
vt 1.000000 0.000000
vt 1.000000 0.000000
vt 1.000000 0.000000
vt 1.000000 0.000000
vt 1.000000 0.000000
vt 1.000000 0.000000
vt 1.000000 0.000000
vt 1.000000 0.000000
vt 1.000000 0.000000
vt 1.000000 0.000000
vt 1.000000 0.000000
vt 1.000000 0.000000
vt 1.000000 0.000000
vt 1.000000 0.000000
vt 1.000000 0.000000
vt 1.000000 0.000000
vt 1.000000 0.000000
vt 1.000000 0.000000
vt 1.000000 0.000000
vt 1.000000 0.000000
vt 1.000000 0.000000
vt 1.000000 0.000000
vt 1.000000 0.000000
vt 1.000000 0.000000
vt 1.000000 0.000000
vt 1.000000 0.000000
vt 1.000000 0.000000
vt 1.000000 0.000000
vt 1.000000 0.000000
vt 1.000000 0.000000
vt 1.000000 0.000000
vt 1.000000 0.000000
vt 1.000000 0.000000
vt 1.000000 0.000000
vt 1.000000 0.000000
vt 1.000000 0.000000
vt 1.000000 0.000000
vt 1.000000 0.000000
vt 1.000000 0.000000
vt 1.000000 0.000000
vt 1.000000 0.000000
vt 1.000000 0.000000
vt 1.000000 0.000000
vt 1.000000 0.000000
vt 1.000000 0.000000
vt 1.000000 0.000000
vt 1.000000 0.000000
vt 1.000000 0.000000
vt 1.000000 0.000000
vt 1.000000 0.000000
vt 1.000000 0.000000
vt 1.000000 0.000000
vt 1.000000 0.000000
vt 1.000000 0.000000
vt 1.000000 0.000000
vt 1.000000 0.000000
vt 1.000000 0.000000
vt 1.000000 0.000000
vt 1.000000 0.000000
vt 1.000000 0.000000
vt 1.000000 0.000000
vt 1.000000 0.000000
vt 1.000000 0.000000
vt 1.000000 0.000000
vt 1.000000 0.000000
vt 1.000000 0.000000
vt 1.000000 0.000000
vt 1.000000 0.000000
vt 1.000000 0.000000
vt 1.000000 0.000000
vt 1.000000 0.000000
vt 1.000000 0.000000
vt 1.000000 0.000000
vt 1.000000 0.000000
vt 1.000000 0.000000
vt 1.000000 0.000000
vt 1.000000 0.000000
vt 1.000000 0.000000
vt 1.000000 0.000000
vt 1.000000 0.000000
vt 1.000000 0.000000
vt 1.000000 0.000000
vt 1.000000 0.000000
vt 1.000000 0.000000
vt 1.000000 0.000000
vt 1.000000 0.000000
vt 1.000000 0.000000
vt 1.000000 0.000000
vt 1.000000 0.000000
vt 1.000000 0.000000
vt 1.000000 0.000000
vt 1.000000 0.000000
vt 1.000000 0.000000
vt 1.000000 0.000000
vt 1.000000 0.000000
vt 1.000000 0.000000
vt 1.000000 0.000000
vt 1.000000 0.000000
vt 1.000000 0.000000
vt 1.000000 0.000000
vt 1.000000 0.000000
vt 1.000000 0.000000
vt 1.000000 0.000000
vt 1.000000 0.000000
vt 1.000000 0.000000
vt 1.000000 0.000000
vt 1.000000 0.000000
vt 1.000000 0.000000
vt 1.000000 0.000000
vt 1.000000 0.000000
vt 1.000000 0.000000
vt 1.000000 0.000000
vt 1.000000 0.000000
vt 1.000000 0.000000
vt 1.000000 0.000000
vt 1.000000 0.000000
vt 1.000000 0.000000
vt 1.000000 0.000000
vt 1.000000 0.000000
vt 1.000000 0.000000
vt 1.000000 0.000000
vt 1.000000 0.000000
vt 1.000000 0.000000
vt 1.000000 0.000000
vt 1.000000 0.000000
vt 1.000000 0.000000
vt 1.000000 0.000000
vt 1.000000 0.000000
vt 1.000000 0.000000
vt 1.000000 0.000000
vt 1.000000 0.000000
vt 1.000000 0.000000
vt 1.000000 0.000000
vt 1.000000 0.000000
vt 1.000000 0.000000
vt 1.000000 0.000000
vt 1.000000 0.000000
vt 1.000000 0.000000
vt 1.000000 0.000000
vt 1.000000 0.000000
vt 1.000000 0.000000
vt 1.000000 0.000000
vt 1.000000 0.000000
vt 1.000000 0.000000
vt 1.000000 0.000000
vt 1.000000 0.000000
vt 1.000000 0.000000
vt 1.000000 0.000000
vt 1.000000 0.000000
vt 1.000000 0.000000
vt 1.000000 0.000000
vt 1.000000 0.000000
vt 1.000000 0.000000
vt 1.000000 0.000000
vt 1.000000 0.000000
vt 1.000000 0.000000
vt 1.000000 0.000000
vt 1.000000 0.000000
vt 1.000000 0.000000
vt 1.000000 0.000000
vt 1.000000 0.000000
vt 1.000000 0.000000
vt 1.000000 0.000000
vt 1.000000 0.000000
vt 1.000000 0.000000
vt 1.000000 0.000000
vt 1.000000 0.000000
vt 1.000000 0.000000
vt 1.000000 0.000000
vt 1.000000 0.000000
vt 1.000000 0.000000
vt 1.000000 0.000000
vt 1.000000 0.000000
vt 1.000000 0.000000
vt 1.000000 0.000000
vt 1.000000 0.000000
vt 1.000000 0.000000
vt 1.000000 0.000000
vt 1.000000 0.000000
vt 1.000000 0.000000
vt 1.000000 0.000000
vt 1.000000 0.000000
vt 1.000000 0.000000
vt 1.000000 0.000000
vt 1.000000 0.000000
vt 1.000000 0.000000
vt 1.000000 0.000000
vt 1.000000 0.000000
vt 1.000000 0.000000
vt 1.000000 0.000000
vt 1.000000 0.000000
vt 1.000000 0.000000
vt 1.000000 0.000000
vt 1.000000 0.000000
vt 1.000000 0.000000
vt 1.000000 0.000000
vt 1.000000 0.000000
vt 1.000000 0.000000
vt 1.000000 0.000000
vt 1.000000 0.000000
vt 1.000000 0.000000
vt 1.000000 0.000000
vt 1.000000 0.000000
vt 1.000000 0.000000
vt 1.000000 0.000000
vt 1.000000 0.000000
vt 1.000000 0.000000
vt 1.000000 0.000000
vt 1.000000 0.000000
vt 1.000000 0.000000
vt 1.000000 0.000000
vt 1.000000 0.000000
vt 1.000000 0.000000
vt 1.000000 0.000000
vt 1.000000 0.000000
vt 1.000000 0.000000
vt 1.000000 0.000000
vt 1.000000 0.000000
vt 1.000000 0.000000
vt 1.000000 0.000000
vt 1.000000 0.000000
vt 1.000000 0.000000
vt 1.000000 0.000000
vt 1.000000 0.000000
vt 1.000000 0.000000
vt 1.000000 0.000000
vt 1.000000 0.000000
vt 1.000000 0.000000
vt 1.000000 0.000000
vt 1.000000 0.000000
vt 1.000000 0.000000
vt 1.000000 0.000000
vt 1.000000 0.000000
vt 1.000000 0.000000
vt 1.000000 0.000000
vt 1.000000 0.000000
vt 1.000000 0.000000
vt 1.000000 0.000000
vt 1.000000 0.000000
vt 1.000000 0.000000
vt 1.000000 0.000000
vt 1.000000 0.000000
vt 1.000000 0.000000
vt 1.000000 0.000000
vt 1.000000 0.000000
vt 1.000000 0.000000
vt 1.000000 0.000000
vt 1.000000 0.000000
vt 1.000000 0.000000
vt 1.000000 0.000000
vt 1.000000 0.000000
vt 1.000000 0.000000
vt 1.000000 0.000000
vt 1.000000 0.000000
vt 1.000000 0.000000
vt 1.000000 0.000000
vt 1.000000 0.000000
vt 1.000000 0.000000
vt 1.000000 0.000000
vt 1.000000 0.000000
vt 1.000000 0.000000
vt 1.000000 0.000000
vt 1.000000 0.000000
vt 1.000000 0.000000
vt 1.000000 0.000000
vt 1.000000 0.000000
vt 1.000000 0.000000
vt 1.000000 0.000000
vt 1.000000 0.000000
vt 1.000000 0.000000
vt 1.000000 0.000000
vt 1.000000 0.000000
vt 1.000000 0.000000
vt 1.000000 0.000000
vt 1.000000 0.000000
vt 1.000000 0.000000
vt 1.000000 0.000000
vt 1.000000 0.000000
vt 1.000000 0.000000
vt 1.000000 0.000000
vt 1.000000 0.000000
vt 1.000000 0.000000
vt 1.000000 0.000000
vt 1.000000 0.000000
vt 1.000000 0.000000
vt 1.000000 0.000000
vt 1.000000 0.000000
vt 1.000000 0.000000
vt 1.000000 0.000000
vt 1.000000 0.000000
vt 1.000000 0.000000
vt 1.000000 0.000000
vt 1.000000 0.000000
vt 1.000000 0.000000
vt 1.000000 0.000000
vt 1.000000 0.000000
vt 1.000000 0.000000
vt 1.000000 0.000000
vt 1.000000 0.000000
vt 1.000000 0.000000
vt 1.000000 0.000000
vt 1.000000 0.000000
vt 1.000000 0.000000
vt 1.000000 0.000000
vt 1.000000 0.000000
vt 1.000000 0.000000
vt 1.000000 0.000000
vt 1.000000 0.000000
vt 1.000000 0.000000
vt 1.000000 0.000000
vt 1.000000 0.000000
vt 1.000000 0.000000
vt 1.000000 0.000000
vt 1.000000 0.000000
vt 1.000000 0.000000
vt 1.000000 0.000000
vt 1.000000 0.000000
vt 1.000000 0.000000
vt 1.000000 0.000000
vt 1.000000 0.000000
vt 1.000000 0.000000
vt 1.000000 0.000000
vt 1.000000 0.000000
vt 1.000000 0.000000
vt 1.000000 0.000000
vt 1.000000 0.000000
vt 1.000000 0.000000
vt 1.000000 0.000000
vt 1.000000 0.000000
vt 1.000000 0.000000
vt 1.000000 0.000000
vt 1.000000 0.000000
vt 1.000000 0.000000
vt 1.000000 0.000000
vt 1.000000 0.000000
vt 1.000000 0.000000
vt 1.000000 0.000000
vt 1.000000 0.000000
vt 1.000000 0.000000
vt 1.000000 0.000000
vt 1.000000 0.000000
vt 1.000000 0.000000
vt 1.000000 0.000000
vt 1.000000 0.000000
vt 1.000000 0.000000
vt 1.000000 0.000000
vt 1.000000 0.000000
vt 1.000000 0.000000
vt 1.000000 0.000000
vt 1.000000 0.000000
vt 1.000000 0.000000
vt 1.000000 0.000000
vt 1.000000 0.000000
vt 1.000000 0.000000
vt 1.000000 0.000000
vt 1.000000 0.000000
vt 1.000000 0.000000
vt 1.000000 0.000000
vt 1.000000 0.000000
vt 1.000000 0.000000
vt 1.000000 0.000000
vt 1.000000 0.000000
vt 1.000000 0.000000
vt 1.000000 0.000000
vt 1.000000 0.000000
vt 1.000000 0.000000
vt 1.000000 0.000000
vt 1.000000 0.000000
vt 1.000000 0.000000
vt 1.000000 0.000000
vt 1.000000 0.000000
vt 1.000000 0.000000
vt 1.000000 0.000000
vt 1.000000 0.000000
vt 1.000000 0.000000
vt 1.000000 0.000000
vt 1.000000 0.000000
vt 1.000000 0.000000
vt 1.000000 0.000000
vt 1.000000 0.000000
vt 1.000000 0.000000
vt 1.000000 0.000000
vt 1.000000 0.000000
vt 1.000000 0.000000
vt 1.000000 0.000000
vt 1.000000 0.000000
vt 1.000000 0.000000
vt 1.000000 0.000000
vt 1.000000 0.000000
vt 1.000000 0.000000
vt 1.000000 0.000000
vt 1.000000 0.000000
vt 1.000000 0.000000
vt 1.000000 0.000000
vt 1.000000 0.000000
vt 1.000000 0.000000
vt 1.000000 0.000000
vt 1.000000 0.000000
vt 1.000000 0.000000
vt 1.000000 0.000000
vt 1.000000 0.000000
vt 1.000000 0.000000
vt 1.000000 0.000000
vt 1.000000 0.000000
vt 1.000000 0.000000
vt 1.000000 0.000000
vt 1.000000 0.000000
vt 1.000000 0.000000
vt 1.000000 0.000000
vt 1.000000 0.000000
vt 1.000000 0.000000
vt 1.000000 0.000000
vt 1.000000 0.000000
vt 1.000000 0.000000
vt 1.000000 0.000000
vt 1.000000 0.000000
vt 1.000000 0.000000
vt 1.000000 0.000000
vt 1.000000 0.000000
vt 1.000000 0.000000
vt 1.000000 0.000000
vt 1.000000 0.000000
vt 1.000000 0.000000
vt 1.000000 0.000000
vt 1.000000 0.000000
vt 1.000000 0.000000
vt 1.000000 0.000000
vt 1.000000 0.000000
vt 1.000000 0.000000
vt 1.000000 0.000000
vt 1.000000 0.000000
vt 1.000000 0.000000
vt 1.000000 0.000000
vt 1.000000 0.000000
vt 1.000000 0.000000
vt 1.000000 0.000000
vt 1.000000 0.000000
vt 1.000000 0.000000
vt 1.000000 0.000000
vt 1.000000 0.000000
vt 1.000000 0.000000
vt 1.000000 0.000000
vt 1.000000 0.000000
vt 1.000000 0.000000
vt 1.000000 0.000000
vt 1.000000 0.000000
vt 1.000000 0.000000
vt 1.000000 0.000000
vt 1.000000 0.000000
vt 1.000000 0.000000
vt 1.000000 0.000000
vt 1.000000 0.000000
vt 1.000000 0.000000
vt 1.000000 0.000000
vt 1.000000 0.000000
vt 1.000000 0.000000
vt 1.000000 0.000000
vt 1.000000 0.000000
vt 1.000000 0.000000
vt 1.000000 0.000000
vt 1.000000 0.000000
vt 1.000000 0.000000
vt 1.000000 0.000000
vt 1.000000 0.000000
vt 1.000000 0.000000
vt 1.000000 0.000000
vt 1.000000 0.000000
vt 1.000000 0.000000
vt 1.000000 0.000000
vt 1.000000 0.000000
vt 1.000000 0.000000
vt 1.000000 0.000000
vt 1.000000 0.000000
vt 1.000000 0.000000
vt 1.000000 0.000000
vt 1.000000 0.000000
vt 1.000000 0.000000
vt 1.000000 0.000000
vt 1.000000 0.000000
vt 1.000000 0.000000
vt 1.000000 0.000000
vt 1.000000 0.000000
vt 1.000000 0.000000
vt 1.000000 0.000000
vt 1.000000 0.000000
vt 1.000000 0.000000
vt 1.000000 0.000000
vt 1.000000 0.000000
vt 1.000000 0.000000
vt 1.000000 0.000000
vt 1.000000 0.000000
vt 1.000000 0.000000
vt 1.000000 0.000000
vt 1.000000 0.000000
vt 1.000000 0.000000
vt 1.000000 0.000000
vt 1.000000 0.000000
vt 1.000000 0.000000
vt 1.000000 0.000000
vt 1.000000 0.000000
vt 1.000000 0.000000
vt 1.000000 0.000000
vt 1.000000 0.000000
vt 1.000000 0.000000
vt 1.000000 0.000000
vt 1.000000 0.000000
vt 1.000000 0.000000
vt 1.000000 0.000000
vt 1.000000 0.000000
vt 1.000000 0.000000
vt 1.000000 0.000000
vt 1.000000 0.000000
vt 1.000000 0.000000
vt 1.000000 0.000000
vt 1.000000 0.000000
vt 1.000000 0.000000
vt 1.000000 0.000000
vt 1.000000 0.000000
vt 1.000000 0.000000
vt 1.000000 0.000000
vt 1.000000 0.000000
vt 1.000000 0.000000
vt 1.000000 0.000000
vt 1.000000 0.000000
vt 1.000000 0.000000
vt 1.000000 0.000000
vt 1.000000 0.000000
vt 1.000000 0.000000
vt 1.000000 0.000000
vt 1.000000 0.000000
vt 1.000000 0.000000
vt 1.000000 0.000000
vt 1.000000 0.000000
vt 1.000000 0.000000
vt 1.000000 0.000000
vt 1.000000 0.000000
vt 1.000000 0.000000
vt 1.000000 0.000000
vt 1.000000 0.000000
vt 1.000000 0.000000
vt 1.000000 0.000000
vt 1.000000 0.000000
vt 1.000000 0.000000
vt 1.000000 0.000000
vt 1.000000 0.000000
vt 1.000000 0.000000
vt 1.000000 0.000000
vt 1.000000 0.000000
vt 1.000000 0.000000
vt 1.000000 0.000000
vt 1.000000 0.000000
vt 1.000000 0.000000
vt 1.000000 0.000000
vt 1.000000 0.000000
vt 1.000000 0.000000
vt 1.000000 0.000000
vt 1.000000 0.000000
vt 1.000000 0.000000
vt 1.000000 0.000000
vt 1.000000 0.000000
vt 1.000000 0.000000
vt 1.000000 0.000000
vt 1.000000 0.000000
vt 1.000000 0.000000
vt 1.000000 0.000000
vt 1.000000 0.000000
vt 1.000000 0.000000
vt 1.000000 0.000000
vt 1.000000 0.000000
vt 1.000000 0.000000
vt 1.000000 0.000000
vt 1.000000 0.000000
vt 1.000000 0.000000
vt 1.000000 0.000000
vt 1.000000 0.000000
vt 1.000000 0.000000
vt 1.000000 0.000000
vt 1.000000 0.000000
vt 1.000000 0.000000
vt 1.000000 0.000000
vt 1.000000 0.000000
vt 1.000000 0.000000
vt 1.000000 0.000000
vt 1.000000 0.000000
vt 1.000000 0.000000
vt 1.000000 0.000000
vt 1.000000 0.000000
vt 1.000000 0.000000
vt 1.000000 0.000000
vt 1.000000 0.000000
vt 1.000000 0.000000
vt 1.000000 0.000000
vt 1.000000 0.000000
vt 1.000000 0.000000
vt 1.000000 0.000000
vt 1.000000 0.000000
vt 1.000000 0.000000
vt 1.000000 0.000000
vt 1.000000 0.000000
vt 1.000000 0.000000
vt 1.000000 0.000000
vt 1.000000 0.000000
vt 1.000000 0.000000
vt 1.000000 0.000000
vt 1.000000 0.000000
vt 1.000000 0.000000
vt 1.000000 0.000000
vt 1.000000 0.000000
vt 1.000000 0.000000
vt 1.000000 0.000000
vt 1.000000 0.000000
vt 1.000000 0.000000
vt 1.000000 0.000000
vt 1.000000 0.000000
vt 1.000000 0.000000
vt 1.000000 0.000000
vt 1.000000 0.000000
vt 1.000000 0.000000
vt 1.000000 0.000000
vt 1.000000 0.000000
vt 1.000000 0.000000
vt 1.000000 0.000000
vt 1.000000 0.000000
vt 1.000000 0.000000
vt 1.000000 0.000000
vt 1.000000 0.000000
vt 1.000000 0.000000
vt 1.000000 0.000000
vt 1.000000 0.000000
vt 1.000000 0.000000
vt 1.000000 0.000000
vt 1.000000 0.000000
vt 1.000000 0.000000
vt 1.000000 0.000000
vt 1.000000 0.000000
vt 1.000000 0.000000
vt 1.000000 0.000000
vt 1.000000 0.000000
vt 1.000000 0.000000
vt 1.000000 0.000000
vt 1.000000 0.000000
vt 1.000000 0.000000
vt 1.000000 0.000000
vt 1.000000 0.000000
vt 1.000000 0.000000
vt 1.000000 0.000000
vt 1.000000 0.000000
vt 1.000000 0.000000
vt 1.000000 0.000000
vt 1.000000 0.000000
vt 1.000000 0.000000
vt 1.000000 0.000000
vt 1.000000 0.000000
vt 1.000000 0.000000
vt 1.000000 0.000000
vt 1.000000 0.000000
vt 1.000000 0.000000
vt 1.000000 0.000000
vt 1.000000 0.000000
vt 1.000000 0.000000
vt 1.000000 0.000000
vt 1.000000 0.000000
vt 1.000000 0.000000
vt 1.000000 0.000000
vt 1.000000 0.000000
vt 1.000000 0.000000
vt 1.000000 0.000000
vt 1.000000 0.000000
vt 1.000000 0.000000
vt 1.000000 0.000000
vt 1.000000 0.000000
vt 1.000000 0.000000
vt 1.000000 0.000000
vt 1.000000 0.000000
vt 1.000000 0.000000
vt 1.000000 0.000000
vt 1.000000 0.000000
vt 1.000000 0.000000
vt 1.000000 0.000000
vt 1.000000 0.000000
vt 1.000000 0.000000
vt 1.000000 0.000000
vt 1.000000 0.000000
vt 1.000000 0.000000
vt 1.000000 0.000000
vt 1.000000 0.000000
vt 1.000000 0.000000
vt 1.000000 0.000000
vt 1.000000 0.000000
vt 1.000000 0.000000
vt 1.000000 0.000000
vt 1.000000 0.000000
vt 1.000000 0.000000
vt 1.000000 0.000000
vt 1.000000 0.000000
vt 1.000000 0.000000
vt 1.000000 0.000000
vt 1.000000 0.000000
vt 1.000000 0.000000
vt 1.000000 0.000000
vt 1.000000 0.000000
vt 1.000000 0.000000
vt 1.000000 0.000000
vt 1.000000 0.000000
vt 1.000000 0.000000
vt 1.000000 0.000000
vt 1.000000 0.000000
vt 1.000000 0.000000
vt 1.000000 0.000000
vt 1.000000 0.000000
vt 1.000000 0.000000
vt 1.000000 0.000000
vt 1.000000 0.000000
vt 1.000000 0.000000
vt 1.000000 0.000000
vt 1.000000 0.000000
vt 1.000000 0.000000
vt 1.000000 0.000000
vt 1.000000 0.000000
vt 1.000000 0.000000
vt 1.000000 0.000000
vt 1.000000 0.000000
vt 1.000000 0.000000
vt 1.000000 0.000000
vt 1.000000 0.000000
vt 1.000000 0.000000
vt 1.000000 0.000000
vt 1.000000 0.000000
vt 1.000000 0.000000
vt 1.000000 0.000000
vt 1.000000 0.000000
vt 1.000000 0.000000
vt 1.000000 0.000000
vt 1.000000 0.000000
vt 1.000000 0.000000
vt 1.000000 0.000000
vt 1.000000 0.000000
vt 1.000000 0.000000
vt 1.000000 0.000000
vt 1.000000 0.000000
vt 1.000000 0.000000
vt 1.000000 0.000000
vt 1.000000 0.000000
vt 1.000000 0.000000
vt 1.000000 0.000000
vt 1.000000 0.000000
vt 1.000000 0.000000
vt 1.000000 0.000000
vt 1.000000 0.000000
vt 1.000000 0.000000
vt 1.000000 0.000000
vt 1.000000 0.000000
vt 1.000000 0.000000
vt 1.000000 0.000000
vt 1.000000 0.000000
vt 1.000000 0.000000
vt 1.000000 0.000000
vt 1.000000 0.000000
vt 1.000000 0.000000
vt 1.000000 0.000000
vt 1.000000 0.000000
vt 1.000000 0.000000
vt 1.000000 0.000000
vt 1.000000 0.000000
vt 1.000000 0.000000
vt 1.000000 0.000000
vt 1.000000 0.000000
vt 1.000000 0.000000
vt 1.000000 0.000000
vt 1.000000 0.000000
vt 1.000000 0.000000
vt 1.000000 0.000000
vt 1.000000 0.000000
vt 1.000000 0.000000
vt 1.000000 0.000000
vt 1.000000 0.000000
vt 1.000000 0.000000
vt 1.000000 0.000000
vt 1.000000 0.000000
vt 1.000000 0.000000
vt 1.000000 0.000000
vt 1.000000 0.000000
vt 1.000000 0.000000
vt 1.000000 0.000000
vt 1.000000 0.000000
vt 1.000000 0.000000
vt 1.000000 0.000000
vt 1.000000 0.000000
vt 1.000000 0.000000
vt 1.000000 0.000000
vt 1.000000 0.000000
vt 1.000000 0.000000
vt 1.000000 0.000000
vt 1.000000 0.000000
vt 1.000000 0.000000
vt 1.000000 0.000000
vt 1.000000 0.000000
vt 1.000000 0.000000
vt 1.000000 0.000000
vt 1.000000 0.000000
vt 1.000000 0.000000
vt 1.000000 0.000000
vt 1.000000 0.000000
vt 1.000000 0.000000
vt 1.000000 0.000000
vt 1.000000 0.000000
vt 1.000000 0.000000
vt 1.000000 0.000000
vt 1.000000 0.000000
vt 1.000000 0.000000
vt 1.000000 0.000000
vt 1.000000 0.000000
vt 1.000000 0.000000
vt 1.000000 0.000000
vt 1.000000 0.000000
vt 1.000000 0.000000
vt 1.000000 0.000000
vt 1.000000 0.000000
vt 1.000000 0.000000
vt 1.000000 0.000000
vt 1.000000 0.000000
vt 1.000000 0.000000
vt 1.000000 0.000000
vt 1.000000 0.000000
vt 1.000000 0.000000
vt 1.000000 0.000000
vt 1.000000 0.000000
vt 1.000000 0.000000
vt 1.000000 0.000000
vt 1.000000 0.000000
vt 1.000000 0.000000
vt 1.000000 0.000000
vt 1.000000 0.000000
vt 1.000000 0.000000
vt 1.000000 0.000000
vt 1.000000 0.000000
vt 1.000000 0.000000
vt 1.000000 0.000000
vt 1.000000 0.000000
vt 1.000000 0.000000
vt 1.000000 0.000000
vt 1.000000 0.000000
vt 1.000000 0.000000
vt 1.000000 0.000000
vt 1.000000 0.000000
vt 1.000000 0.000000
vt 1.000000 0.000000
vt 1.000000 0.000000
vt 1.000000 0.000000
vt 1.000000 0.000000
vt 1.000000 0.000000
vt 1.000000 0.000000
vt 1.000000 0.000000
vt 1.000000 0.000000
vt 1.000000 0.000000
vt 1.000000 0.000000
vt 1.000000 0.000000
vt 1.000000 0.000000
vt 1.000000 0.000000
vt 1.000000 0.000000
vt 1.000000 0.000000
vt 1.000000 0.000000
vt 1.000000 0.000000
vt 1.000000 0.000000
vt 1.000000 0.000000
vt 1.000000 0.000000
vt 1.000000 0.000000
vt 1.000000 0.000000
vt 1.000000 0.000000
vt 1.000000 0.000000
vt 1.000000 0.000000
vt 1.000000 0.000000
vt 1.000000 0.000000
vt 1.000000 0.000000
vt 1.000000 0.000000
vt 1.000000 0.000000
vt 1.000000 0.000000
vt 1.000000 0.000000
vt 1.000000 0.000000
vt 1.000000 0.000000
vt 1.000000 0.000000
vt 1.000000 0.000000
vt 1.000000 0.000000
vt 1.000000 0.000000
vt 1.000000 0.000000
vt 1.000000 0.000000
vt 1.000000 0.000000
vt 1.000000 0.000000
vt 1.000000 0.000000
vt 1.000000 0.000000
vt 1.000000 0.000000
vt 1.000000 0.000000
vt 1.000000 0.000000
vt 1.000000 0.000000
vt 1.000000 0.000000
vt 1.000000 0.000000
vt 1.000000 0.000000
vt 1.000000 0.000000
vt 1.000000 0.000000
vt 1.000000 0.000000
vt 1.000000 0.000000
vt 1.000000 0.000000
vt 1.000000 0.000000
vt 1.000000 0.000000
vt 1.000000 0.000000
vt 1.000000 0.000000
vt 1.000000 0.000000
vt 1.000000 0.000000
vt 1.000000 0.000000
vt 1.000000 0.000000
vt 1.000000 0.000000
vt 1.000000 0.000000
vt 1.000000 0.000000
vt 1.000000 0.000000
vt 1.000000 0.000000
vt 1.000000 0.000000
vt 1.000000 0.000000
vt 1.000000 0.000000
vt 1.000000 0.000000
vt 1.000000 0.000000
vt 1.000000 0.000000
vt 1.000000 0.000000
vt 1.000000 0.000000
vt 1.000000 0.000000
vt 1.000000 0.000000
vt 1.000000 0.000000
vt 1.000000 0.000000
vt 1.000000 0.000000
vt 1.000000 0.000000
vt 1.000000 0.000000
vt 1.000000 0.000000
vt 1.000000 0.000000
vt 1.000000 0.000000
vt 1.000000 0.000000
vt 1.000000 0.000000
vt 1.000000 0.000000
vt 1.000000 0.000000
vt 1.000000 0.000000
vt 1.000000 0.000000
vt 1.000000 0.000000
vt 1.000000 0.000000
vt 1.000000 0.000000
vt 1.000000 0.000000
vt 1.000000 0.000000
vt 1.000000 0.000000
vt 1.000000 0.000000
vt 1.000000 0.000000
vt 1.000000 0.000000
vt 1.000000 0.000000
vt 1.000000 0.000000
vt 1.000000 0.000000
vt 1.000000 0.000000
vt 1.000000 0.000000
vt 1.000000 0.000000
vt 1.000000 0.000000
vt 1.000000 0.000000
vt 1.000000 0.000000
vt 1.000000 0.000000
vt 1.000000 0.000000
vt 1.000000 0.000000
vt 1.000000 0.000000
vt 1.000000 0.000000
vt 1.000000 0.000000
vt 1.000000 0.000000
vt 1.000000 0.000000
vt 1.000000 0.000000
vt 1.000000 0.000000
vt 1.000000 0.000000
vt 1.000000 0.000000
vt 1.000000 0.000000
vt 1.000000 0.000000
vt 1.000000 0.000000
vt 1.000000 0.000000
vt 1.000000 0.000000
vt 1.000000 0.000000
vt 1.000000 0.000000
vt 1.000000 0.000000
vt 1.000000 0.000000
vt 1.000000 0.000000
vt 1.000000 0.000000
vt 1.000000 0.000000
vt 1.000000 0.000000
vt 1.000000 0.000000
vt 1.000000 0.000000
vt 1.000000 0.000000
vt 1.000000 0.000000
vt 1.000000 0.000000
vt 1.000000 0.000000
vt 1.000000 0.000000
vt 1.000000 0.000000
vt 1.000000 0.000000
vt 1.000000 0.000000
vt 1.000000 0.000000
vt 1.000000 0.000000
vt 1.000000 0.000000
vt 1.000000 0.000000
vt 1.000000 0.000000
vt 1.000000 0.000000
vt 1.000000 0.000000
vt 1.000000 0.000000
vt 1.000000 0.000000
vt 1.000000 0.000000
vt 1.000000 0.000000
vt 1.000000 0.000000
vt 1.000000 0.000000
vt 1.000000 0.000000
vt 1.000000 0.000000
vt 1.000000 0.000000
vt 1.000000 0.000000
vt 1.000000 0.000000
vt 1.000000 0.000000
vt 1.000000 0.000000
vt 1.000000 0.000000
vt 1.000000 0.000000
vt 1.000000 0.000000
vt 1.000000 0.000000
vt 1.000000 0.000000
vt 1.000000 0.000000
vt 1.000000 0.000000
vt 1.000000 0.000000
vt 1.000000 0.000000
vt 1.000000 0.000000
vt 1.000000 0.000000
vt 1.000000 0.000000
vt 1.000000 0.000000
vt 1.000000 0.000000
vt 1.000000 0.000000
vt 1.000000 0.000000
vt 1.000000 0.000000
vt 1.000000 0.000000
vt 1.000000 0.000000
vt 1.000000 0.000000
vt 1.000000 0.000000
vt 1.000000 0.000000
vt 1.000000 0.000000
vt 1.000000 0.000000
vt 1.000000 0.000000
vt 1.000000 0.000000
vt 1.000000 0.000000
vt 1.000000 0.000000
vt 1.000000 0.000000
vt 1.000000 0.000000
vt 1.000000 0.000000
vt 1.000000 0.000000
vt 1.000000 0.000000
vt 1.000000 0.000000
vt 1.000000 0.000000
vt 1.000000 0.000000
vt 1.000000 0.000000
vt 1.000000 0.000000
vt 1.000000 0.000000
vt 1.000000 0.000000
vt 1.000000 0.000000
vt 1.000000 0.000000
vt 1.000000 0.000000
vt 1.000000 0.000000
vt 1.000000 0.000000
vt 1.000000 0.000000
vt 1.000000 0.000000
vt 1.000000 0.000000
vt 1.000000 0.000000
vt 1.000000 0.000000
vt 1.000000 0.000000
vt 1.000000 0.000000
vt 1.000000 0.000000
vt 1.000000 0.000000
vt 1.000000 0.000000
vt 1.000000 0.000000
vt 1.000000 0.000000
vt 1.000000 0.000000
vt 1.000000 0.000000
vt 1.000000 0.000000
vt 1.000000 0.000000
vt 1.000000 0.000000
vt 1.000000 0.000000
vt 1.000000 0.000000
vt 1.000000 0.000000
vt 1.000000 0.000000
vt 1.000000 0.000000
vt 1.000000 0.000000
vt 1.000000 0.000000
vt 1.000000 0.000000
vt 1.000000 0.000000
vt 1.000000 0.000000
vt 1.000000 0.000000
vt 1.000000 0.000000
vt 1.000000 0.000000
vt 1.000000 0.000000
vt 1.000000 0.000000
vt 1.000000 0.000000
vt 1.000000 0.000000
vt 1.000000 0.000000
vt 1.000000 0.000000
vt 1.000000 0.000000
vt 1.000000 0.000000
vt 1.000000 0.000000
vt 1.000000 0.000000
vt 1.000000 0.000000
vt 1.000000 0.000000
vt 1.000000 0.000000
vt 1.000000 0.000000
vt 1.000000 0.000000
vt 1.000000 0.000000
vt 1.000000 0.000000
vt 1.000000 0.000000
vt 1.000000 0.000000
vt 1.000000 0.000000
vt 1.000000 0.000000
vt 1.000000 0.000000
vt 1.000000 0.000000
vt 1.000000 0.000000
vt 1.000000 0.000000
vt 1.000000 0.000000
vt 1.000000 0.000000
vt 1.000000 0.000000
vt 1.000000 0.000000
vt 1.000000 0.000000
vt 1.000000 0.000000
vt 1.000000 0.000000
vt 1.000000 0.000000
vt 1.000000 0.000000
vt 1.000000 0.000000
vt 1.000000 0.000000
vt 1.000000 0.000000
vt 1.000000 0.000000
vt 1.000000 0.000000
vt 1.000000 0.000000
vt 1.000000 0.000000
vt 1.000000 0.000000
vt 1.000000 0.000000
vt 1.000000 0.000000
vt 1.000000 0.000000
vt 1.000000 0.000000
vt 1.000000 0.000000
vt 1.000000 0.000000
vt 1.000000 0.000000
vt 1.000000 0.000000
vt 1.000000 0.000000
vt 1.000000 0.000000
vt 1.000000 0.000000
vt 1.000000 0.000000
vt 1.000000 0.000000
vt 1.000000 0.000000
vt 1.000000 0.000000
vt 1.000000 0.000000
vt 1.000000 0.000000
vt 1.000000 0.000000
vt 1.000000 0.000000
vt 1.000000 0.000000
vt 1.000000 0.000000
vt 1.000000 0.000000
vt 1.000000 0.000000
vt 1.000000 0.000000
vt 1.000000 0.000000
vt 1.000000 0.000000
vt 1.000000 0.000000
vt 1.000000 0.000000
vt 1.000000 0.000000
vt 1.000000 0.000000
vt 1.000000 0.000000
vt 1.000000 0.000000
vt 1.000000 0.000000
vt 1.000000 0.000000
vt 1.000000 0.000000
vt 1.000000 0.000000
vt 1.000000 0.000000
vt 1.000000 0.000000
vt 1.000000 0.000000
vt 1.000000 0.000000
vt 1.000000 0.000000
vt 1.000000 0.000000
vt 1.000000 0.000000
vt 1.000000 0.000000
vt 1.000000 0.000000
vt 1.000000 0.000000
vt 1.000000 0.000000
vt 1.000000 0.000000
vt 1.000000 0.000000
vt 1.000000 0.000000
vt 1.000000 0.000000
vt 1.000000 0.000000
vt 1.000000 0.000000
vt 1.000000 0.000000
vt 1.000000 0.000000
vt 1.000000 0.000000
vt 1.000000 0.000000
vt 1.000000 0.000000
vt 1.000000 0.000000
vt 1.000000 0.000000
vt 1.000000 0.000000
vt 1.000000 0.000000
vt 1.000000 0.000000
vt 1.000000 0.000000
vt 1.000000 0.000000
vt 1.000000 0.000000
vt 1.000000 0.000000
vt 1.000000 0.000000
vt 1.000000 0.000000
vt 1.000000 0.000000
vt 1.000000 0.000000
vt 1.000000 0.000000
vt 1.000000 0.000000
vt 1.000000 0.000000
vt 1.000000 0.000000
vt 1.000000 0.000000
vt 1.000000 0.000000
vt 1.000000 0.000000
vt 1.000000 0.000000
vt 1.000000 0.000000
vt 1.000000 0.000000
vt 1.000000 0.000000
vt 1.000000 0.000000
vt 1.000000 0.000000
vt 1.000000 0.000000
vt 1.000000 0.000000
vt 1.000000 0.000000
vt 1.000000 0.000000
vt 1.000000 0.000000
vt 1.000000 0.000000
vt 1.000000 0.000000
vt 1.000000 0.000000
vt 1.000000 0.000000
vt 1.000000 0.000000
vt 1.000000 0.000000
vt 1.000000 0.000000
vt 1.000000 0.000000
vt 1.000000 0.000000
vt 1.000000 0.000000
vt 1.000000 0.000000
vt 1.000000 0.000000
vt 1.000000 0.000000
vt 1.000000 0.000000
vt 1.000000 0.000000
vt 1.000000 0.000000
vt 1.000000 0.000000
vt 1.000000 0.000000
vt 1.000000 0.000000
vt 1.000000 0.000000
vt 1.000000 0.000000
vt 1.000000 0.000000
vt 1.000000 0.000000
vt 1.000000 0.000000
vt 1.000000 0.000000
vt 1.000000 0.000000
vt 1.000000 0.000000
vt 1.000000 0.000000
vt 1.000000 0.000000
vt 1.000000 0.000000
vt 1.000000 0.000000
vt 1.000000 0.000000
vt 1.000000 0.000000
vt 1.000000 0.000000
vt 1.000000 0.000000
vt 1.000000 0.000000
vt 1.000000 0.000000
vt 1.000000 0.000000
vt 1.000000 0.000000
vt 1.000000 0.000000
vt 1.000000 0.000000
vt 1.000000 0.000000
vt 1.000000 0.000000
vt 1.000000 0.000000
vt 1.000000 0.000000
vt 1.000000 0.000000
vt 1.000000 0.000000
vt 1.000000 0.000000
vt 1.000000 0.000000
vt 1.000000 0.000000
vt 1.000000 0.000000
vt 1.000000 0.000000
vt 1.000000 0.000000
vt 1.000000 0.000000
vt 1.000000 0.000000
vt 1.000000 0.000000
vt 1.000000 0.000000
vt 1.000000 0.000000
vt 1.000000 0.000000
vt 1.000000 0.000000
vt 1.000000 0.000000
vt 1.000000 0.000000
vt 1.000000 0.000000
vt 1.000000 0.000000
vt 1.000000 0.000000
vt 1.000000 0.000000
vt 1.000000 0.000000
vt 1.000000 0.000000
vt 1.000000 0.000000
vt 1.000000 0.000000
vt 1.000000 0.000000
vt 1.000000 0.000000
vt 1.000000 0.000000
vt 1.000000 0.000000
vt 1.000000 0.000000
vt 1.000000 0.000000
vt 1.000000 0.000000
vt 1.000000 0.000000
vt 1.000000 0.000000
vt 1.000000 0.000000
vt 1.000000 0.000000
vt 1.000000 0.000000
vt 1.000000 0.000000
vt 1.000000 0.000000
vt 1.000000 0.000000
vt 1.000000 0.000000
vt 1.000000 0.000000
vt 1.000000 0.000000
vt 1.000000 0.000000
vt 1.000000 0.000000
vt 1.000000 0.000000
vt 1.000000 0.000000
vt 1.000000 0.000000
vt 1.000000 0.000000
vt 1.000000 0.000000
vt 1.000000 0.000000
vt 1.000000 0.000000
vt 1.000000 0.000000
vt 1.000000 0.000000
vt 1.000000 0.000000
vt 1.000000 0.000000
vt 1.000000 0.000000
vt 1.000000 0.000000
vt 1.000000 0.000000
vt 1.000000 0.000000
vt 1.000000 0.000000
vt 1.000000 0.000000
vt 1.000000 0.000000
vt 1.000000 0.000000
vt 1.000000 0.000000
vt 1.000000 0.000000
vt 1.000000 0.000000
vt 1.000000 0.000000
vt 1.000000 0.000000
vt 1.000000 0.000000
vt 1.000000 0.000000
vt 1.000000 0.000000
vt 1.000000 0.000000
vt 1.000000 0.000000
vt 1.000000 0.000000
vt 1.000000 0.000000
vt 1.000000 0.000000
vt 1.000000 0.000000
vt 1.000000 0.000000
vt 1.000000 0.000000
vt 1.000000 0.000000
vt 1.000000 0.000000
vt 1.000000 0.000000
vt 1.000000 0.000000
vt 1.000000 0.000000
vt 1.000000 0.000000
vt 1.000000 0.000000
vt 1.000000 0.000000
vt 1.000000 0.000000
vt 1.000000 0.000000
vt 1.000000 0.000000
vt 1.000000 0.000000
vt 1.000000 0.000000
vt 1.000000 0.000000
vt 1.000000 0.000000
vt 1.000000 0.000000
vt 1.000000 0.000000
vt 1.000000 0.000000
vt 1.000000 0.000000
vt 1.000000 0.000000
vt 1.000000 0.000000
vt 1.000000 0.000000
vt 1.000000 0.000000
vt 1.000000 0.000000
vt 1.000000 0.000000
vt 1.000000 0.000000
vt 1.000000 0.000000
vt 1.000000 0.000000
vt 1.000000 0.000000
vt 1.000000 0.000000
vt 1.000000 0.000000
vt 1.000000 0.000000
vt 1.000000 0.000000
vt 1.000000 0.000000
vt 1.000000 0.000000
vt 1.000000 0.000000
vt 1.000000 0.000000
vt 1.000000 0.000000
vt 1.000000 0.000000
vt 1.000000 0.000000
vt 1.000000 0.000000
vt 1.000000 0.000000
vt 1.000000 0.000000
vt 1.000000 0.000000
vt 1.000000 0.000000
vt 1.000000 0.000000
vt 1.000000 0.000000
vt 1.000000 0.000000
vt 1.000000 0.000000
vt 1.000000 0.000000
vt 1.000000 0.000000
vt 1.000000 0.000000
vt 1.000000 0.000000
vt 1.000000 0.000000
vt 1.000000 0.000000
vt 1.000000 0.000000
vt 1.000000 0.000000
vt 1.000000 0.000000
vt 1.000000 0.000000
vt 1.000000 0.000000
vt 1.000000 0.000000
vt 1.000000 0.000000
vt 1.000000 0.000000
vt 1.000000 0.000000
vt 1.000000 0.000000
vt 1.000000 0.000000
vt 1.000000 0.000000
vt 1.000000 0.000000
vt 1.000000 0.000000
vt 1.000000 0.000000
vt 1.000000 0.000000
vt 1.000000 0.000000
vt 1.000000 0.000000
vt 1.000000 0.000000
vt 1.000000 0.000000
vt 1.000000 0.000000
vt 1.000000 0.000000
vt 1.000000 0.000000
vt 1.000000 0.000000
vt 1.000000 0.000000
vt 1.000000 0.000000
vt 1.000000 0.000000
vt 1.000000 0.000000
vt 1.000000 0.000000
vt 1.000000 0.000000
vt 1.000000 0.000000
vt 1.000000 0.000000
vt 1.000000 0.000000
vt 1.000000 0.000000
vt 1.000000 0.000000
vt 1.000000 0.000000
vt 1.000000 0.000000
vt 1.000000 0.000000
vt 1.000000 0.000000
vt 1.000000 0.000000
vt 1.000000 0.000000
vt 1.000000 0.000000
vt 1.000000 0.000000
vt 1.000000 0.000000
vt 1.000000 0.000000
vt 1.000000 0.000000
vt 1.000000 0.000000
vt 1.000000 0.000000
vt 1.000000 0.000000
vt 1.000000 0.000000
vt 1.000000 0.000000
vt 1.000000 0.000000
vt 1.000000 0.000000
vt 1.000000 0.000000
vt 1.000000 0.000000
vt 1.000000 0.000000
vt 1.000000 0.000000
vt 1.000000 0.000000
vt 1.000000 0.000000
vt 1.000000 0.000000
vt 1.000000 0.000000
vt 1.000000 0.000000
vt 1.000000 0.000000
vt 1.000000 0.000000
vt 1.000000 0.000000
vt 1.000000 0.000000
vt 1.000000 0.000000
vt 1.000000 0.000000
vt 1.000000 0.000000
vt 1.000000 0.000000
vt 1.000000 0.000000
vt 1.000000 0.000000
vt 1.000000 0.000000
vt 1.000000 0.000000
vt 1.000000 0.000000
vt 1.000000 0.000000
vt 1.000000 0.000000
vt 1.000000 0.000000
vt 1.000000 0.000000
vt 1.000000 0.000000
vt 1.000000 0.000000
vt 1.000000 0.000000
vt 1.000000 0.000000
vt 1.000000 0.000000
vt 1.000000 0.000000
vt 1.000000 0.000000
vt 1.000000 0.000000
vt 1.000000 0.000000
vt 1.000000 0.000000
vt 1.000000 0.000000
vt 1.000000 0.000000
vt 1.000000 0.000000
vt 1.000000 0.000000
vt 1.000000 0.000000
vt 1.000000 0.000000
vt 1.000000 0.000000
vt 1.000000 0.000000
vt 1.000000 0.000000
vt 1.000000 0.000000
vt 1.000000 0.000000
vt 1.000000 0.000000
vt 1.000000 0.000000
vt 1.000000 0.000000
vt 1.000000 0.000000
vt 1.000000 0.000000
vt 1.000000 0.000000
vt 1.000000 0.000000
vt 1.000000 0.000000
vt 1.000000 0.000000
vt 1.000000 0.000000
vt 1.000000 0.000000
vt 1.000000 0.000000
vt 1.000000 0.000000
vt 1.000000 0.000000
vt 1.000000 0.000000
vt 1.000000 0.000000
vt 1.000000 0.000000
vt 1.000000 0.000000
vt 1.000000 0.000000
vt 1.000000 0.000000
vt 1.000000 0.000000
vt 1.000000 0.000000
vt 1.000000 0.000000
vt 1.000000 0.000000
vt 1.000000 0.000000
vt 1.000000 0.000000
vt 1.000000 0.000000
vt 1.000000 0.000000
vt 1.000000 0.000000
vt 1.000000 0.000000
vt 1.000000 0.000000
vt 1.000000 0.000000
vt 1.000000 0.000000
vt 1.000000 0.000000
vt 1.000000 0.000000
vt 1.000000 0.000000
vt 1.000000 0.000000
vt 1.000000 0.000000
vt 1.000000 0.000000
vt 1.000000 0.000000
vt 1.000000 0.000000
vt 1.000000 0.000000
vt 1.000000 0.000000
vt 1.000000 0.000000
vt 1.000000 0.000000
vt 1.000000 0.000000
vt 1.000000 0.000000
vt 1.000000 0.000000
vt 1.000000 0.000000
vt 1.000000 0.000000
vt 1.000000 0.000000
vt 1.000000 0.000000
vt 1.000000 0.000000
vt 1.000000 0.000000
vt 1.000000 0.000000
vt 1.000000 0.000000
vt 1.000000 0.000000
vt 1.000000 0.000000
vt 1.000000 0.000000
vt 1.000000 0.000000
vt 1.000000 0.000000
vt 1.000000 0.000000
vt 1.000000 0.000000
vt 1.000000 0.000000
vt 1.000000 0.000000
vt 1.000000 0.000000
vt 1.000000 0.000000
vt 1.000000 0.000000
vt 1.000000 0.000000
vt 1.000000 0.000000
vt 1.000000 0.000000
vt 1.000000 0.000000
vt 1.000000 0.000000
vt 1.000000 0.000000
vt 1.000000 0.000000
vt 1.000000 0.000000
vt 1.000000 0.000000
vt 1.000000 0.000000
vt 1.000000 0.000000
vt 1.000000 0.000000
vt 1.000000 0.000000
vt 1.000000 0.000000
vt 1.000000 0.000000
vt 1.000000 0.000000
vt 1.000000 0.000000
vt 1.000000 0.000000
vt 1.000000 0.000000
vt 1.000000 0.000000
vt 1.000000 0.000000
vt 1.000000 0.000000
vt 1.000000 0.000000
vt 1.000000 0.000000
vt 1.000000 0.000000
vt 1.000000 0.000000
vt 1.000000 0.000000
vt 1.000000 0.000000
vt 1.000000 0.000000
vt 1.000000 0.000000
vt 1.000000 0.000000
vt 1.000000 0.000000
vt 1.000000 0.000000
vt 1.000000 0.000000
vt 1.000000 0.000000
vt 1.000000 0.000000
vt 1.000000 0.000000
vt 1.000000 0.000000
vt 1.000000 0.000000
vt 1.000000 0.000000
vt 1.000000 0.000000
vt 1.000000 0.000000
vt 1.000000 0.000000
vt 1.000000 0.000000
vt 1.000000 0.000000
vt 1.000000 0.000000
vt 1.000000 0.000000
vt 1.000000 0.000000
vt 1.000000 0.000000
vt 1.000000 0.000000
vt 1.000000 0.000000
vt 1.000000 0.000000
vt 1.000000 0.000000
vt 1.000000 0.000000
vt 1.000000 0.000000
vt 1.000000 0.000000
vt 1.000000 0.000000
vt 1.000000 0.000000
vt 1.000000 0.000000
vt 1.000000 0.000000
vt 1.000000 0.000000
vt 1.000000 0.000000
vt 1.000000 0.000000
vt 1.000000 0.000000
vt 1.000000 0.000000
vt 1.000000 0.000000
vt 1.000000 0.000000
vt 1.000000 0.000000
vt 1.000000 0.000000
vt 1.000000 0.000000
vt 1.000000 0.000000
vt 1.000000 0.000000
vt 1.000000 0.000000
vt 1.000000 0.000000
vt 1.000000 0.000000
vt 1.000000 0.000000
vt 1.000000 0.000000
vt 1.000000 0.000000
vt 1.000000 0.000000
vt 1.000000 0.000000
vt 1.000000 0.000000
vt 1.000000 0.000000
vt 1.000000 0.000000
vt 1.000000 0.000000
vt 1.000000 0.000000
vt 1.000000 0.000000
vt 1.000000 0.000000
vt 1.000000 0.000000
vt 1.000000 0.000000
vt 1.000000 0.000000
vt 1.000000 0.000000
vt 1.000000 0.000000
vt 1.000000 0.000000
vt 1.000000 0.000000
vt 1.000000 0.000000
vt 1.000000 0.000000
vt 1.000000 0.000000
vt 1.000000 0.000000
vt 1.000000 0.000000
vt 1.000000 0.000000
vt 1.000000 0.000000
vt 1.000000 0.000000
vt 1.000000 0.000000
vt 1.000000 0.000000
vt 1.000000 0.000000
vt 1.000000 0.000000
vt 1.000000 0.000000
vt 1.000000 0.000000
vt 1.000000 0.000000
vt 1.000000 0.000000
vt 1.000000 0.000000
vt 1.000000 0.000000
vt 1.000000 0.000000
vt 1.000000 0.000000
vt 1.000000 0.000000
vt 1.000000 0.000000
vt 1.000000 0.000000
vt 1.000000 0.000000
vt 1.000000 0.000000
vt 1.000000 0.000000
vt 1.000000 0.000000
vt 1.000000 0.000000
vt 1.000000 0.000000
vt 1.000000 0.000000
vt 1.000000 0.000000
vt 1.000000 0.000000
vt 1.000000 0.000000
vt 1.000000 0.000000
vt 1.000000 0.000000
vt 1.000000 0.000000
vt 1.000000 0.000000
vt 1.000000 0.000000
vt 1.000000 0.000000
vt 1.000000 0.000000
vt 1.000000 0.000000
vt 1.000000 0.000000
vt 1.000000 0.000000
vt 1.000000 0.000000
vt 1.000000 0.000000
vt 1.000000 0.000000
vt 1.000000 0.000000
vt 1.000000 0.000000
vt 1.000000 0.000000
vt 1.000000 0.000000
vt 1.000000 0.000000
vt 1.000000 0.000000
vt 1.000000 0.000000
vt 1.000000 0.000000
vt 1.000000 0.000000
vt 1.000000 0.000000
vt 1.000000 0.000000
vt 1.000000 0.000000
vt 1.000000 0.000000
vt 1.000000 0.000000
vt 1.000000 0.000000
vt 1.000000 0.000000
vt 1.000000 0.000000
vt 1.000000 0.000000
vt 1.000000 0.000000
vt 1.000000 0.000000
vt 1.000000 0.000000
vt 1.000000 0.000000
vt 1.000000 0.000000
vt 1.000000 0.000000
vt 1.000000 0.000000
vt 1.000000 0.000000
vt 1.000000 0.000000
vt 1.000000 0.000000
vt 1.000000 0.000000
vt 1.000000 0.000000
vt 1.000000 0.000000
vt 1.000000 0.000000
vt 1.000000 0.000000
vt 1.000000 0.000000
vt 1.000000 0.000000
vt 1.000000 0.000000
vt 1.000000 0.000000
vt 1.000000 0.000000
vt 1.000000 0.000000
vt 1.000000 0.000000
vt 1.000000 0.000000
vt 1.000000 0.000000
vt 1.000000 0.000000
vt 1.000000 0.000000
vt 1.000000 0.000000
vt 1.000000 0.000000
vt 1.000000 0.000000
vt 1.000000 0.000000
vt 1.000000 0.000000
vt 1.000000 0.000000
vt 1.000000 0.000000
vt 1.000000 0.000000
vt 1.000000 0.000000
vt 1.000000 0.000000
vt 1.000000 0.000000
vt 1.000000 0.000000
vt 1.000000 0.000000
vt 1.000000 0.000000
vt 1.000000 0.000000
vt 1.000000 0.000000
vt 1.000000 0.000000
vt 1.000000 0.000000
vt 1.000000 0.000000
vt 1.000000 0.000000
vt 1.000000 0.000000
vt 1.000000 0.000000
vt 1.000000 0.000000
vt 1.000000 0.000000
vt 1.000000 0.000000
vt 1.000000 0.000000
vt 1.000000 0.000000
vt 1.000000 0.000000
vt 1.000000 0.000000
vt 1.000000 0.000000
vt 1.000000 0.000000
vt 1.000000 0.000000
vt 1.000000 0.000000
vt 1.000000 0.000000
vt 1.000000 0.000000
vt 1.000000 0.000000
vt 1.000000 0.000000
vt 1.000000 0.000000
vt 1.000000 0.000000
vt 1.000000 0.000000
vt 1.000000 0.000000
vt 1.000000 0.000000
vt 1.000000 0.000000
vt 1.000000 0.000000
vt 1.000000 0.000000
vt 1.000000 0.000000
vt 1.000000 0.000000
vt 1.000000 0.000000
vt 1.000000 0.000000
vt 1.000000 0.000000
vt 1.000000 0.000000
vt 1.000000 0.000000
vt 1.000000 0.000000
vt 1.000000 0.000000
vt 1.000000 0.000000
vt 1.000000 0.000000
vt 1.000000 0.000000
vt 1.000000 0.000000
vt 1.000000 0.000000
vt 1.000000 0.000000
vt 1.000000 0.000000
vt 1.000000 0.000000
vt 1.000000 0.000000
vt 1.000000 0.000000
vt 1.000000 0.000000
vt 1.000000 0.000000
vt 1.000000 0.000000
vt 1.000000 0.000000
vt 1.000000 0.000000
vt 1.000000 0.000000
vt 1.000000 0.000000
vt 1.000000 0.000000
vt 1.000000 0.000000
vt 1.000000 0.000000
vt 1.000000 0.000000
vt 1.000000 0.000000
vt 1.000000 0.000000
vt 1.000000 0.000000
vt 1.000000 0.000000
vt 1.000000 0.000000
vt 1.000000 0.000000
vt 1.000000 0.000000
vt 1.000000 0.000000
vt 1.000000 0.000000
vt 1.000000 0.000000
vt 1.000000 0.000000
vt 1.000000 0.000000
vt 1.000000 0.000000
vt 1.000000 0.000000
vt 1.000000 0.000000
vt 1.000000 0.000000
vt 1.000000 0.000000
vt 1.000000 0.000000
vt 1.000000 0.000000
vt 1.000000 0.000000
vt 1.000000 0.000000
vt 1.000000 0.000000
vt 1.000000 0.000000
vt 1.000000 0.000000
vt 1.000000 0.000000
vt 1.000000 0.000000
vt 1.000000 0.000000
vt 1.000000 0.000000
vt 1.000000 0.000000
vt 1.000000 0.000000
vt 1.000000 0.000000
vt 1.000000 0.000000
vt 1.000000 0.000000
vt 1.000000 0.000000
vt 1.000000 0.000000
vt 1.000000 0.000000
vt 1.000000 0.000000
vt 1.000000 0.000000
vt 1.000000 0.000000
vt 1.000000 0.000000
vt 1.000000 0.000000
vt 1.000000 0.000000
vt 1.000000 0.000000
vt 1.000000 0.000000
vt 1.000000 0.000000
vt 1.000000 0.000000
vt 1.000000 0.000000
vt 1.000000 0.000000
vt 1.000000 0.000000
vt 1.000000 0.000000
vt 1.000000 0.000000
vt 1.000000 0.000000
vt 1.000000 0.000000
vt 1.000000 0.000000
vt 1.000000 0.000000
vt 1.000000 0.000000
vt 1.000000 0.000000
vt 1.000000 0.000000
vt 1.000000 0.000000
vt 1.000000 0.000000
vt 1.000000 0.000000
vt 1.000000 0.000000
vt 1.000000 0.000000
vt 1.000000 0.000000
vt 1.000000 0.000000
vt 1.000000 0.000000
vt 1.000000 0.000000
vt 1.000000 0.000000
vt 1.000000 0.000000
vt 1.000000 0.000000
vt 1.000000 0.000000
vt 1.000000 0.000000
vt 1.000000 0.000000
vt 1.000000 0.000000
vt 1.000000 0.000000
vt 1.000000 0.000000
vt 1.000000 0.000000
vt 1.000000 0.000000
vt 1.000000 0.000000
vt 1.000000 0.000000
vt 1.000000 0.000000
vt 1.000000 0.000000
vt 1.000000 0.000000
vt 1.000000 0.000000
vt 1.000000 0.000000
vt 1.000000 0.000000
vt 1.000000 0.000000
vt 1.000000 0.000000
vt 1.000000 0.000000
vt 1.000000 0.000000
vt 1.000000 0.000000
vt 1.000000 0.000000
vt 1.000000 0.000000
vt 1.000000 0.000000
vt 1.000000 0.000000
vt 1.000000 0.000000
vt 1.000000 0.000000
vt 1.000000 0.000000
vt 1.000000 0.000000
vt 1.000000 0.000000
vt 1.000000 0.000000
vt 1.000000 0.000000
vt 1.000000 0.000000
vt 1.000000 0.000000
vt 1.000000 0.000000
vt 1.000000 0.000000
vt 1.000000 0.000000
vt 1.000000 0.000000
vt 1.000000 0.000000
vt 1.000000 0.000000
vt 1.000000 0.000000
vt 1.000000 0.000000
vt 1.000000 0.000000
vt 1.000000 0.000000
vt 1.000000 0.000000
vt 1.000000 0.000000
vt 1.000000 0.000000
vt 1.000000 0.000000
vt 1.000000 0.000000
vt 1.000000 0.000000
vt 1.000000 0.000000
vt 1.000000 0.000000
vt 1.000000 0.000000
vt 1.000000 0.000000
vt 1.000000 0.000000
vt 1.000000 0.000000
vt 1.000000 0.000000
vt 1.000000 0.000000
vt 1.000000 0.000000
vt 1.000000 0.000000
vt 1.000000 0.000000
vt 1.000000 0.000000
vt 1.000000 0.000000
vt 1.000000 0.000000
vt 1.000000 0.000000
vt 1.000000 0.000000
vt 1.000000 0.000000
vt 1.000000 0.000000
vt 1.000000 0.000000
vt 1.000000 0.000000
vt 1.000000 0.000000
vt 1.000000 0.000000
vt 1.000000 0.000000
vt 1.000000 0.000000
vt 1.000000 0.000000
vt 1.000000 0.000000
vt 1.000000 0.000000
vt 1.000000 0.000000
vt 1.000000 0.000000
vt 1.000000 0.000000
vt 1.000000 0.000000
vt 1.000000 0.000000
vt 1.000000 0.000000
vt 1.000000 0.000000
vt 1.000000 0.000000
vt 1.000000 0.000000
vt 1.000000 0.000000
vt 1.000000 0.000000
vt 1.000000 0.000000
vt 1.000000 0.000000
vt 1.000000 0.000000
vt 1.000000 0.000000
vt 1.000000 0.000000
vt 1.000000 0.000000
vt 1.000000 0.000000
vt 1.000000 0.000000
vt 1.000000 0.000000
vt 1.000000 0.000000
vt 1.000000 0.000000
vt 1.000000 0.000000
vt 1.000000 0.000000
vt 1.000000 0.000000
vt 1.000000 0.000000
vt 1.000000 0.000000
vt 1.000000 0.000000
vt 1.000000 0.000000
vt 1.000000 0.000000
vt 1.000000 0.000000
vt 1.000000 0.000000
vt 1.000000 0.000000
vt 1.000000 0.000000
vt 1.000000 0.000000
vt 1.000000 0.000000
vt 1.000000 0.000000
vt 1.000000 0.000000
vt 1.000000 0.000000
vt 1.000000 0.000000
vt 1.000000 0.000000
vt 1.000000 0.000000
vt 1.000000 0.000000
vt 1.000000 0.000000
vt 1.000000 0.000000
vt 1.000000 0.000000
vt 1.000000 0.000000
vt 1.000000 0.000000
vt 1.000000 0.000000
vt 1.000000 0.000000
vt 1.000000 0.000000
vt 1.000000 0.000000
vt 1.000000 0.000000
vt 1.000000 0.000000
vt 1.000000 0.000000
vt 1.000000 0.000000
vt 1.000000 0.000000
vt 1.000000 0.000000
vt 1.000000 0.000000
vt 1.000000 0.000000
vt 1.000000 0.000000
vt 1.000000 0.000000
vt 1.000000 0.000000
vt 1.000000 0.000000
vt 1.000000 0.000000
vt 1.000000 0.000000
vt 1.000000 0.000000
vt 1.000000 0.000000
vt 1.000000 0.000000
vt 1.000000 0.000000
vt 1.000000 0.000000
vt 1.000000 0.000000
vt 1.000000 0.000000
vt 1.000000 0.000000
vt 1.000000 0.000000
vt 1.000000 0.000000
vt 1.000000 0.000000
vt 1.000000 0.000000
vt 1.000000 0.000000
vt 1.000000 0.000000
vt 1.000000 0.000000
vt 1.000000 0.000000
vt 1.000000 0.000000
vt 1.000000 0.000000
vt 1.000000 0.000000
vt 1.000000 0.000000
vt 1.000000 0.000000
vt 1.000000 0.000000
vt 1.000000 0.000000
vt 1.000000 0.000000
vt 1.000000 0.000000
vt 1.000000 0.000000
vt 1.000000 0.000000
vt 1.000000 0.000000
vt 1.000000 0.000000
vt 1.000000 0.000000
vt 1.000000 0.000000
vt 1.000000 0.000000
vt 1.000000 0.000000
vt 1.000000 0.000000
vt 1.000000 0.000000
vt 1.000000 0.000000
vt 1.000000 0.000000
vt 1.000000 0.000000
vt 1.000000 0.000000
vt 1.000000 0.000000
vt 1.000000 0.000000
vt 1.000000 0.000000
vt 1.000000 0.000000
vt 1.000000 0.000000
vt 1.000000 0.000000
vt 1.000000 0.000000
vt 1.000000 0.000000
vt 1.000000 0.000000
vt 1.000000 0.000000
vt 1.000000 0.000000
vt 1.000000 0.000000
vt 1.000000 0.000000
vt 1.000000 0.000000
vt 1.000000 0.000000
vt 1.000000 0.000000
vt 1.000000 0.000000
vt 1.000000 0.000000
vt 1.000000 0.000000
vt 1.000000 0.000000
vt 1.000000 0.000000
vt 1.000000 0.000000
vt 1.000000 0.000000
vt 1.000000 0.000000
vt 1.000000 0.000000
vt 1.000000 0.000000
vt 1.000000 0.000000
vt 1.000000 0.000000
vt 1.000000 0.000000
vt 1.000000 0.000000
vt 1.000000 0.000000
vt 1.000000 0.000000
vt 1.000000 0.000000
vt 1.000000 0.000000
vt 1.000000 0.000000
vt 1.000000 0.000000
vt 1.000000 0.000000
vt 1.000000 0.000000
vt 1.000000 0.000000
vt 1.000000 0.000000
vt 1.000000 0.000000
vt 1.000000 0.000000
vt 1.000000 0.000000
vt 1.000000 0.000000
vt 1.000000 0.000000
vt 1.000000 0.000000
vt 1.000000 0.000000
vt 1.000000 0.000000
vt 1.000000 0.000000
vt 1.000000 0.000000
vt 1.000000 0.000000
vt 1.000000 0.000000
vt 1.000000 0.000000
vt 1.000000 0.000000
vt 1.000000 0.000000
vt 1.000000 0.000000
vt 1.000000 0.000000
vt 1.000000 0.000000
vt 1.000000 0.000000
vt 1.000000 0.000000
vt 1.000000 0.000000
vt 1.000000 0.000000
vt 1.000000 0.000000
vt 1.000000 0.000000
vt 1.000000 0.000000
vt 1.000000 0.000000
vt 1.000000 0.000000
vt 1.000000 0.000000
vt 1.000000 0.000000
vt 1.000000 0.000000
vt 1.000000 0.000000
vt 1.000000 0.000000
vt 1.000000 0.000000
vt 1.000000 0.000000
vt 1.000000 0.000000
vt 1.000000 0.000000
vt 1.000000 0.000000
vt 1.000000 0.000000
vt 1.000000 0.000000
vt 1.000000 0.000000
vt 1.000000 0.000000
vt 1.000000 0.000000
vt 1.000000 0.000000
vt 1.000000 0.000000
vt 1.000000 0.000000
vt 1.000000 0.000000
vt 1.000000 0.000000
vt 1.000000 0.000000
vt 1.000000 0.000000
vt 1.000000 0.000000
vt 1.000000 0.000000
vt 1.000000 0.000000
vt 1.000000 0.000000
vt 1.000000 0.000000
vt 1.000000 0.000000
vt 1.000000 0.000000
vt 1.000000 0.000000
vt 1.000000 0.000000
vt 1.000000 0.000000
vt 1.000000 0.000000
vt 1.000000 0.000000
vt 1.000000 0.000000
vt 1.000000 0.000000
vt 1.000000 0.000000
vt 1.000000 0.000000
vt 1.000000 0.000000
vt 1.000000 0.000000
vt 1.000000 0.000000
vt 1.000000 0.000000
vt 1.000000 0.000000
vt 1.000000 0.000000
vt 1.000000 0.000000
vt 1.000000 0.000000
vt 1.000000 0.000000
vt 1.000000 0.000000
vt 1.000000 0.000000
vt 1.000000 0.000000
vt 1.000000 0.000000
vt 1.000000 0.000000
vt 1.000000 0.000000
vt 1.000000 0.000000
vt 1.000000 0.000000
vt 1.000000 0.000000
vt 1.000000 0.000000
vt 1.000000 0.000000
vt 1.000000 0.000000
vt 1.000000 0.000000
vt 1.000000 0.000000
vt 1.000000 0.000000
vt 1.000000 0.000000
vt 1.000000 0.000000
vt 1.000000 0.000000
vt 1.000000 0.000000
vt 1.000000 0.000000
vt 1.000000 0.000000
vt 1.000000 0.000000
vt 1.000000 0.000000
vt 1.000000 0.000000
vt 1.000000 0.000000
vt 1.000000 0.000000
vt 1.000000 0.000000
vt 1.000000 0.000000
vt 1.000000 0.000000
vt 1.000000 0.000000
vt 1.000000 0.000000
vt 1.000000 0.000000
vt 1.000000 0.000000
vt 1.000000 0.000000
vt 1.000000 0.000000
vt 1.000000 0.000000
vt 1.000000 0.000000
vt 1.000000 0.000000
vt 1.000000 0.000000
vt 1.000000 0.000000
vt 1.000000 0.000000
vt 1.000000 0.000000
vt 1.000000 0.000000
vt 1.000000 0.000000
vt 1.000000 0.000000
vt 1.000000 0.000000
vt 1.000000 0.000000
vt 1.000000 0.000000
vt 1.000000 0.000000
vt 1.000000 0.000000
vt 1.000000 0.000000
vt 1.000000 0.000000
vt 1.000000 0.000000
vt 1.000000 0.000000
vt 1.000000 0.000000
vt 1.000000 0.000000
vt 1.000000 0.000000
vt 1.000000 0.000000
vt 1.000000 0.000000
vt 1.000000 0.000000
vt 1.000000 0.000000
vt 1.000000 0.000000
vt 1.000000 0.000000
vt 1.000000 0.000000
vt 1.000000 0.000000
vt 1.000000 0.000000
vt 1.000000 0.000000
vt 1.000000 0.000000
vt 1.000000 0.000000
vt 1.000000 0.000000
vt 1.000000 0.000000
vt 1.000000 0.000000
vt 1.000000 0.000000
vt 1.000000 0.000000
vt 1.000000 0.000000
vt 1.000000 0.000000
vt 1.000000 0.000000
vt 1.000000 0.000000
vt 1.000000 0.000000
vt 1.000000 0.000000
vt 1.000000 0.000000
vt 1.000000 0.000000
vt 1.000000 0.000000
vt 1.000000 0.000000
vt 1.000000 0.000000
vt 1.000000 0.000000
vt 1.000000 0.000000
vt 1.000000 0.000000
vt 1.000000 0.000000
vt 1.000000 0.000000
vt 1.000000 0.000000
vt 1.000000 0.000000
vt 1.000000 0.000000
vt 1.000000 0.000000
vt 1.000000 0.000000
vt 1.000000 0.000000
vt 1.000000 0.000000
vt 1.000000 0.000000
vt 1.000000 0.000000
vt 1.000000 0.000000
vt 1.000000 0.000000
vt 1.000000 0.000000
vt 1.000000 0.000000
vt 1.000000 0.000000
vt 1.000000 0.000000
vt 1.000000 0.000000
vt 1.000000 0.000000
vt 1.000000 0.000000
vt 1.000000 0.000000
vt 1.000000 0.000000
vt 1.000000 0.000000
vt 1.000000 0.000000
vt 1.000000 0.000000
vt 1.000000 0.000000
vt 1.000000 0.000000
vt 1.000000 0.000000
vt 1.000000 0.000000
vt 1.000000 0.000000
vt 1.000000 0.000000
vt 1.000000 0.000000
vt 1.000000 0.000000
vt 1.000000 0.000000
vt 1.000000 0.000000
vt 1.000000 0.000000
vt 1.000000 0.000000
vt 1.000000 0.000000
vt 1.000000 0.000000
vt 1.000000 0.000000
vt 1.000000 0.000000
vt 1.000000 0.000000
vt 1.000000 0.000000
vt 1.000000 0.000000
vt 1.000000 0.000000
vt 1.000000 0.000000
vt 1.000000 0.000000
vt 1.000000 0.000000
vt 1.000000 0.000000
vt 1.000000 0.000000
vt 1.000000 0.000000
vt 1.000000 0.000000
vt 1.000000 0.000000
vt 1.000000 0.000000
vt 1.000000 0.000000
vt 1.000000 0.000000
vt 1.000000 0.000000
vt 1.000000 0.000000
vt 1.000000 0.000000
vt 1.000000 0.000000
vt 1.000000 0.000000
vt 1.000000 0.000000
vt 1.000000 0.000000
vt 1.000000 0.000000
vt 1.000000 0.000000
vt 1.000000 0.000000
vt 1.000000 0.000000
vt 1.000000 0.000000
vt 1.000000 0.000000
vt 1.000000 0.000000
vt 1.000000 0.000000
vt 1.000000 0.000000
vt 1.000000 0.000000
vt 1.000000 0.000000
vt 1.000000 0.000000
vt 1.000000 0.000000
vt 1.000000 0.000000
vt 1.000000 0.000000
vt 1.000000 0.000000
vt 1.000000 0.000000
vt 1.000000 0.000000
vt 1.000000 0.000000
vt 1.000000 0.000000
vt 1.000000 0.000000
vt 1.000000 0.000000
vt 1.000000 0.000000
vt 1.000000 0.000000
vt 1.000000 0.000000
vt 1.000000 0.000000
vt 1.000000 0.000000
vt 1.000000 0.000000
vt 1.000000 0.000000
vt 1.000000 0.000000
vt 1.000000 0.000000
vt 1.000000 0.000000
vt 1.000000 0.000000
vt 1.000000 0.000000
vt 1.000000 0.000000
vt 1.000000 0.000000
vt 1.000000 0.000000
vt 1.000000 0.000000
vt 1.000000 0.000000
vt 1.000000 0.000000
vt 1.000000 0.000000
vt 1.000000 0.000000
vt 1.000000 0.000000
vt 1.000000 0.000000
vt 1.000000 0.000000
vt 1.000000 0.000000
vt 1.000000 0.000000
vt 1.000000 0.000000
vt 1.000000 0.000000
vt 1.000000 0.000000
vt 1.000000 0.000000
vt 1.000000 0.000000
vt 1.000000 0.000000
vt 1.000000 0.000000
vt 1.000000 0.000000
vt 1.000000 0.000000
vt 1.000000 0.000000
vt 1.000000 0.000000
vt 1.000000 0.000000
vt 1.000000 0.000000
vt 1.000000 0.000000
vt 1.000000 0.000000
vt 1.000000 0.000000
vt 1.000000 0.000000
vt 1.000000 0.000000
vt 1.000000 0.000000
vt 1.000000 0.000000
vt 1.000000 0.000000
vt 1.000000 0.000000
vt 1.000000 0.000000
vt 1.000000 0.000000
vt 1.000000 0.000000
vt 1.000000 0.000000
vt 1.000000 0.000000
vt 1.000000 0.000000
vt 1.000000 0.000000
vt 1.000000 0.000000
vt 1.000000 0.000000
vt 1.000000 0.000000
vt 1.000000 0.000000
vt 1.000000 0.000000
vt 1.000000 0.000000
vt 1.000000 0.000000
vt 1.000000 0.000000
vt 1.000000 0.000000
vt 1.000000 0.000000
vt 1.000000 0.000000
vt 1.000000 0.000000
vt 1.000000 0.000000
vt 1.000000 0.000000
vt 1.000000 0.000000
vt 1.000000 0.000000
vt 1.000000 0.000000
vt 1.000000 0.000000
vt 1.000000 0.000000
vt 1.000000 0.000000
vt 1.000000 0.000000
vt 1.000000 0.000000
vt 1.000000 0.000000
vt 1.000000 0.000000
vt 1.000000 0.000000
vt 1.000000 0.000000
vt 1.000000 0.000000
vt 1.000000 0.000000
vt 1.000000 0.000000
vt 1.000000 0.000000
vt 1.000000 0.000000
vt 1.000000 0.000000
vt 1.000000 0.000000
vt 1.000000 0.000000
vt 1.000000 0.000000
vt 1.000000 0.000000
vt 1.000000 0.000000
vt 1.000000 0.000000
vt 1.000000 0.000000
vt 1.000000 0.000000
vt 1.000000 0.000000
vt 1.000000 0.000000
vt 1.000000 0.000000
vt 1.000000 0.000000
vt 1.000000 0.000000
vt 1.000000 0.000000
vt 1.000000 0.000000
vt 1.000000 0.000000
vt 1.000000 0.000000
vt 1.000000 0.000000
vt 1.000000 0.000000
vt 1.000000 0.000000
vt 1.000000 0.000000
vt 1.000000 0.000000
vt 1.000000 0.000000
vt 1.000000 0.000000
vt 1.000000 0.000000
vt 1.000000 0.000000
vt 1.000000 0.000000
vt 1.000000 0.000000
vt 1.000000 0.000000
vt 1.000000 0.000000
vt 1.000000 0.000000
vt 1.000000 0.000000
vt 1.000000 0.000000
vt 1.000000 0.000000
vt 1.000000 0.000000
vt 1.000000 0.000000
vt 1.000000 0.000000
vt 1.000000 0.000000
vt 1.000000 0.000000
vt 1.000000 0.000000
vt 1.000000 0.000000
vt 1.000000 0.000000
vt 1.000000 0.000000
vt 1.000000 0.000000
vt 1.000000 0.000000
vt 1.000000 0.000000
vt 1.000000 0.000000
vt 1.000000 0.000000
vt 1.000000 0.000000
vt 1.000000 0.000000
vt 1.000000 0.000000
vt 1.000000 0.000000
vt 1.000000 0.000000
vt 1.000000 0.000000
vt 1.000000 0.000000
vt 1.000000 0.000000
vt 1.000000 0.000000
vt 1.000000 0.000000
vt 1.000000 0.000000
vt 1.000000 0.000000
vt 1.000000 0.000000
vt 1.000000 0.000000
vt 1.000000 0.000000
vt 1.000000 0.000000
vt 1.000000 0.000000
vt 1.000000 0.000000
vt 1.000000 0.000000
vt 1.000000 0.000000
vt 1.000000 0.000000
vt 1.000000 0.000000
vt 1.000000 0.000000
vt 1.000000 0.000000
vt 1.000000 0.000000
vt 1.000000 0.000000
vt 1.000000 0.000000
vt 1.000000 0.000000
vt 1.000000 0.000000
vt 1.000000 0.000000
vt 1.000000 0.000000
vt 1.000000 0.000000
vt 1.000000 0.000000
vt 1.000000 0.000000
vt 1.000000 0.000000
vt 1.000000 0.000000
vt 1.000000 0.000000
vt 1.000000 0.000000
vt 1.000000 0.000000
vt 1.000000 0.000000
vt 1.000000 0.000000
vt 1.000000 0.000000
vt 1.000000 0.000000
vt 1.000000 0.000000
vt 1.000000 0.000000
vt 1.000000 0.000000
vt 1.000000 0.000000
vt 1.000000 0.000000
vt 1.000000 0.000000
vt 1.000000 0.000000
vt 1.000000 0.000000
vt 1.000000 0.000000
vt 1.000000 0.000000
vt 1.000000 0.000000
vt 1.000000 0.000000
vt 1.000000 0.000000
vt 1.000000 0.000000
vt 1.000000 0.000000
vt 1.000000 0.000000
vt 1.000000 0.000000
vt 1.000000 0.000000
vt 1.000000 0.000000
vt 1.000000 0.000000
vt 1.000000 0.000000
vt 1.000000 0.000000
vt 1.000000 0.000000
vt 1.000000 0.000000
vt 1.000000 0.000000
vt 1.000000 0.000000
vt 1.000000 0.000000
vt 1.000000 0.000000
vt 1.000000 0.000000
vt 1.000000 0.000000
vt 1.000000 0.000000
vt 1.000000 0.000000
vt 1.000000 0.000000
vt 1.000000 0.000000
vt 1.000000 0.000000
vt 1.000000 0.000000
vt 1.000000 0.000000
vt 1.000000 0.000000
vt 1.000000 0.000000
vt 1.000000 0.000000
vt 1.000000 0.000000
vt 1.000000 0.000000
vt 1.000000 0.000000
vt 1.000000 0.000000
vt 1.000000 0.000000
vt 1.000000 0.000000
vt 1.000000 0.000000
vt 1.000000 0.000000
vt 1.000000 0.000000
vt 1.000000 0.000000
vt 1.000000 0.000000
vt 1.000000 0.000000
vt 1.000000 0.000000
vt 1.000000 0.000000
vt 1.000000 0.000000
vt 1.000000 0.000000
vt 1.000000 0.000000
vt 1.000000 0.000000
vt 1.000000 0.000000
vt 1.000000 0.000000
vt 1.000000 0.000000
vt 1.000000 0.000000
vt 1.000000 0.000000
vt 1.000000 0.000000
vt 1.000000 0.000000
vt 1.000000 0.000000
vt 1.000000 0.000000
vt 1.000000 0.000000
vt 1.000000 0.000000
vt 1.000000 0.000000
vt 1.000000 0.000000
vt 1.000000 0.000000
vt 1.000000 0.000000
vt 1.000000 0.000000
vt 1.000000 0.000000
vt 1.000000 0.000000
vt 1.000000 0.000000
vt 1.000000 0.000000
vt 1.000000 0.000000
vt 1.000000 0.000000
vt 1.000000 0.000000
vt 1.000000 0.000000
vt 1.000000 0.000000
vt 1.000000 0.000000
vt 1.000000 0.000000
vt 1.000000 0.000000
vt 1.000000 0.000000
vt 1.000000 0.000000
vt 1.000000 0.000000
vt 1.000000 0.000000
vt 1.000000 0.000000
vt 1.000000 0.000000
vt 1.000000 0.000000
vt 1.000000 0.000000
vt 1.000000 0.000000
vt 1.000000 0.000000
vt 1.000000 0.000000
vt 1.000000 0.000000
vt 1.000000 0.000000
vt 1.000000 0.000000
vt 1.000000 0.000000
vt 1.000000 0.000000
vt 1.000000 0.000000
vt 1.000000 0.000000
vt 1.000000 0.000000
vt 1.000000 0.000000
vt 1.000000 0.000000
vt 1.000000 0.000000
vt 1.000000 0.000000
vt 1.000000 0.000000
vt 1.000000 0.000000
vt 1.000000 0.000000
vt 1.000000 0.000000
vt 1.000000 0.000000
vt 1.000000 0.000000
vt 1.000000 0.000000
vt 1.000000 0.000000
vt 1.000000 0.000000
vt 1.000000 0.000000
vt 1.000000 0.000000
vt 1.000000 0.000000
vt 1.000000 0.000000
vt 1.000000 0.000000
vt 1.000000 0.000000
vt 1.000000 0.000000
vt 1.000000 0.000000
vt 1.000000 0.000000
vt 1.000000 0.000000
vt 1.000000 0.000000
vt 1.000000 0.000000
vt 1.000000 0.000000
vt 1.000000 0.000000
vt 1.000000 0.000000
vt 1.000000 0.000000
vt 1.000000 0.000000
vt 1.000000 0.000000
vt 1.000000 0.000000
vt 1.000000 0.000000
vt 1.000000 0.000000
vt 1.000000 0.000000
vt 1.000000 0.000000
vt 1.000000 0.000000
vt 1.000000 0.000000
vt 1.000000 0.000000
vt 1.000000 0.000000
vt 1.000000 0.000000
vt 1.000000 0.000000
vt 1.000000 0.000000
vt 1.000000 0.000000
vt 1.000000 0.000000
vt 1.000000 0.000000
vt 1.000000 0.000000
vt 1.000000 0.000000
vt 1.000000 0.000000
vt 1.000000 0.000000
vt 1.000000 0.000000
vt 1.000000 0.000000
vt 1.000000 0.000000
vt 1.000000 0.000000
vt 1.000000 0.000000
vt 1.000000 0.000000
vt 1.000000 0.000000
vt 1.000000 0.000000
vt 1.000000 0.000000
vt 1.000000 0.000000
vt 1.000000 0.000000
vt 1.000000 0.000000
vt 1.000000 0.000000
vt 1.000000 0.000000
vt 1.000000 0.000000
vt 1.000000 0.000000
vt 1.000000 0.000000
vt 1.000000 0.000000
vt 1.000000 0.000000
vt 1.000000 0.000000
vt 1.000000 0.000000
vt 1.000000 0.000000
vt 1.000000 0.000000
vt 1.000000 0.000000
vt 1.000000 0.000000
vt 1.000000 0.000000
vt 1.000000 0.000000
vt 1.000000 0.000000
vt 1.000000 0.000000
vt 1.000000 0.000000
vt 1.000000 0.000000
vt 1.000000 0.000000
vt 1.000000 0.000000
vt 1.000000 0.000000
vt 1.000000 0.000000
vt 1.000000 0.000000
vt 1.000000 0.000000
vt 1.000000 0.000000
vt 1.000000 0.000000
vt 1.000000 0.000000
vt 1.000000 0.000000
vt 1.000000 0.000000
vt 1.000000 0.000000
vt 1.000000 0.000000
vt 1.000000 0.000000
vt 1.000000 0.000000
vt 1.000000 0.000000
vt 1.000000 0.000000
vt 1.000000 0.000000
vt 1.000000 0.000000
vt 1.000000 0.000000
vt 1.000000 0.000000
vt 1.000000 0.000000
vt 1.000000 0.000000
vt 1.000000 0.000000
vt 1.000000 0.000000
vt 1.000000 0.000000
vt 1.000000 0.000000
vt 1.000000 0.000000
vt 1.000000 0.000000
vt 1.000000 0.000000
vt 1.000000 0.000000
vt 1.000000 0.000000
vt 1.000000 0.000000
vt 1.000000 0.000000
vt 1.000000 0.000000
vt 1.000000 0.000000
vt 1.000000 0.000000
vt 1.000000 0.000000
vt 1.000000 0.000000
vt 1.000000 0.000000
vt 1.000000 0.000000
vt 1.000000 0.000000
vt 1.000000 0.000000
vt 1.000000 0.000000
vt 1.000000 0.000000
vt 1.000000 0.000000
vt 1.000000 0.000000
vt 1.000000 0.000000
vt 1.000000 0.000000
vt 1.000000 0.000000
vt 1.000000 0.000000
vt 1.000000 0.000000
vt 1.000000 0.000000
vt 1.000000 0.000000
vt 1.000000 0.000000
vt 1.000000 0.000000
vt 1.000000 0.000000
vt 1.000000 0.000000
vt 1.000000 0.000000
vt 1.000000 0.000000
vt 1.000000 0.000000
vt 1.000000 0.000000
vt 1.000000 0.000000
vt 1.000000 0.000000
vt 1.000000 0.000000
vt 1.000000 0.000000
vt 1.000000 0.000000
vt 1.000000 0.000000
vt 1.000000 0.000000
vt 1.000000 0.000000
vt 1.000000 0.000000
vt 1.000000 0.000000
vt 1.000000 0.000000
vt 1.000000 0.000000
vt 1.000000 0.000000
vt 1.000000 0.000000
vt 1.000000 0.000000
vt 1.000000 0.000000
vt 1.000000 0.000000
vt 1.000000 0.000000
vt 1.000000 0.000000
vt 1.000000 0.000000
vt 1.000000 0.000000
vt 1.000000 0.000000
vt 1.000000 0.000000
vt 1.000000 0.000000
vt 1.000000 0.000000
vt 1.000000 0.000000
vt 1.000000 0.000000
vt 1.000000 0.000000
vt 1.000000 0.000000
vt 1.000000 0.000000
vt 1.000000 0.000000
vt 1.000000 0.000000
vt 1.000000 0.000000
vt 1.000000 0.000000
vt 1.000000 0.000000
vt 1.000000 0.000000
vt 1.000000 0.000000
vt 1.000000 0.000000
vt 1.000000 0.000000
vt 1.000000 0.000000
vt 1.000000 0.000000
vt 1.000000 0.000000
vt 1.000000 0.000000
vt 1.000000 0.000000
vt 1.000000 0.000000
vt 1.000000 0.000000
vt 1.000000 0.000000
vt 1.000000 0.000000
vt 1.000000 0.000000
vt 1.000000 0.000000
vt 1.000000 0.000000
vt 1.000000 0.000000
vt 1.000000 0.000000
vt 1.000000 0.000000
vt 1.000000 0.000000
vt 1.000000 0.000000
vt 1.000000 0.000000
vt 1.000000 0.000000
vt 1.000000 0.000000
vt 1.000000 0.000000
vt 1.000000 0.000000
vt 1.000000 0.000000
vt 1.000000 0.000000
vt 1.000000 0.000000
vt 1.000000 0.000000
vt 1.000000 0.000000
vt 1.000000 0.000000
vt 1.000000 0.000000
vt 1.000000 0.000000
vt 1.000000 0.000000
vt 1.000000 0.000000
vt 1.000000 0.000000
vt 1.000000 0.000000
vt 1.000000 0.000000
vt 1.000000 0.000000
vt 1.000000 0.000000
vt 1.000000 0.000000
vt 1.000000 0.000000
vt 1.000000 0.000000
vt 1.000000 0.000000
vt 1.000000 0.000000
vt 1.000000 0.000000
vt 1.000000 0.000000
vt 1.000000 0.000000
vt 1.000000 0.000000
vt 1.000000 0.000000
vt 1.000000 0.000000
vt 1.000000 0.000000
vt 1.000000 0.000000
vt 1.000000 0.000000
vt 1.000000 0.000000
vt 1.000000 0.000000
vt 1.000000 0.000000
vt 1.000000 0.000000
vt 1.000000 0.000000
vt 1.000000 0.000000
vt 1.000000 0.000000
vt 1.000000 0.000000
vt 1.000000 0.000000
vt 1.000000 0.000000
vt 1.000000 0.000000
vt 1.000000 0.000000
vt 1.000000 0.000000
vt 1.000000 0.000000
vt 1.000000 0.000000
vt 1.000000 0.000000
vt 1.000000 0.000000
vt 1.000000 0.000000
vt 1.000000 0.000000
vt 1.000000 0.000000
vt 1.000000 0.000000
vt 1.000000 0.000000
vt 1.000000 0.000000
vt 1.000000 0.000000
vt 1.000000 0.000000
vt 1.000000 0.000000
vt 1.000000 0.000000
vt 1.000000 0.000000
vt 1.000000 0.000000
vt 1.000000 0.000000
vt 1.000000 0.000000
vt 1.000000 0.000000
vt 1.000000 0.000000
vt 1.000000 0.000000
vt 1.000000 0.000000
vt 1.000000 0.000000
vt 1.000000 0.000000
vt 1.000000 0.000000
vt 1.000000 0.000000
vt 1.000000 0.000000
vt 1.000000 0.000000
vt 1.000000 0.000000
vt 1.000000 0.000000
vt 1.000000 0.000000
vt 1.000000 0.000000
vt 1.000000 0.000000
vt 1.000000 0.000000
vt 1.000000 0.000000
vt 1.000000 0.000000
vt 1.000000 0.000000
vt 1.000000 0.000000
vt 1.000000 0.000000
vt 1.000000 0.000000
vt 1.000000 0.000000
vt 1.000000 0.000000
vt 1.000000 0.000000
vt 1.000000 0.000000
vt 1.000000 0.000000
vt 1.000000 0.000000
vt 1.000000 0.000000
vt 1.000000 0.000000
vt 1.000000 0.000000
vt 1.000000 0.000000
vt 1.000000 0.000000
vt 1.000000 0.000000
vt 1.000000 0.000000
vt 1.000000 0.000000
vt 1.000000 0.000000
vt 1.000000 0.000000
vt 1.000000 0.000000
vt 1.000000 0.000000
vt 1.000000 0.000000
vt 1.000000 0.000000
vt 1.000000 0.000000
vt 1.000000 0.000000
vt 1.000000 0.000000
vt 1.000000 0.000000
vt 1.000000 0.000000
vt 1.000000 0.000000
vt 1.000000 0.000000
vt 1.000000 0.000000
vt 1.000000 0.000000
vt 1.000000 0.000000
vt 1.000000 0.000000
vt 1.000000 0.000000
vt 1.000000 0.000000
vt 1.000000 0.000000
vt 1.000000 0.000000
vt 1.000000 0.000000
vt 1.000000 0.000000
vt 1.000000 0.000000
vt 1.000000 0.000000
vt 1.000000 0.000000
vt 1.000000 0.000000
vt 1.000000 0.000000
vt 1.000000 0.000000
vt 1.000000 0.000000
vt 1.000000 0.000000
vt 1.000000 0.000000
vt 1.000000 0.000000
vt 1.000000 0.000000
vt 1.000000 0.000000
vt 1.000000 0.000000
vt 1.000000 0.000000
vt 1.000000 0.000000
vt 1.000000 0.000000
vt 1.000000 0.000000
vt 1.000000 0.000000
vt 1.000000 0.000000
vt 1.000000 0.000000
vt 1.000000 0.000000
vt 1.000000 0.000000
vt 1.000000 0.000000
vt 1.000000 0.000000
vt 1.000000 0.000000
vt 1.000000 0.000000
vt 1.000000 0.000000
vt 1.000000 0.000000
vt 1.000000 0.000000
vt 1.000000 0.000000
vt 1.000000 0.000000
vt 1.000000 0.000000
vt 1.000000 0.000000
vt 1.000000 0.000000
vt 1.000000 0.000000
vt 1.000000 0.000000
vt 1.000000 0.000000
vt 1.000000 0.000000
vt 1.000000 0.000000
vt 1.000000 0.000000
vt 1.000000 0.000000
vt 1.000000 0.000000
vt 1.000000 0.000000
vt 1.000000 0.000000
vt 1.000000 0.000000
vt 1.000000 0.000000
vt 1.000000 0.000000
vt 1.000000 0.000000
vt 1.000000 0.000000
vt 1.000000 0.000000
vt 1.000000 0.000000
vt 1.000000 0.000000
vt 1.000000 0.000000
vt 1.000000 0.000000
vt 1.000000 0.000000
vt 1.000000 0.000000
vt 1.000000 0.000000
vt 1.000000 0.000000
vt 1.000000 0.000000
vt 1.000000 0.000000
vt 1.000000 0.000000
vt 1.000000 0.000000
vt 1.000000 0.000000
vt 1.000000 0.000000
vt 1.000000 0.000000
vt 1.000000 0.000000
vt 1.000000 0.000000
vt 1.000000 0.000000
vt 1.000000 0.000000
vt 1.000000 0.000000
vt 1.000000 0.000000
vt 1.000000 0.000000
vt 1.000000 0.000000
vt 1.000000 0.000000
vt 1.000000 0.000000
vt 1.000000 0.000000
vt 1.000000 0.000000
vt 1.000000 0.000000
vt 1.000000 0.000000
vt 1.000000 0.000000
vt 1.000000 0.000000
vt 1.000000 0.000000
vt 1.000000 0.000000
vt 1.000000 0.000000
vt 1.000000 0.000000
vt 1.000000 0.000000
vt 1.000000 0.000000
vt 1.000000 0.000000
vt 1.000000 0.000000
vt 1.000000 0.000000
vt 1.000000 0.000000
vt 1.000000 0.000000
vt 1.000000 0.000000
vt 1.000000 0.000000
vt 1.000000 0.000000
vt 1.000000 0.000000
vt 1.000000 0.000000
vt 1.000000 0.000000
vt 1.000000 0.000000
vt 1.000000 0.000000
vt 1.000000 0.000000
vt 1.000000 0.000000
vt 1.000000 0.000000
vt 1.000000 0.000000
vt 1.000000 0.000000
vt 1.000000 0.000000
vt 1.000000 0.000000
vt 1.000000 0.000000
vt 1.000000 0.000000
vt 1.000000 0.000000
vt 1.000000 0.000000
vt 1.000000 0.000000
vt 1.000000 0.000000
vt 1.000000 0.000000
vt 1.000000 0.000000
vt 1.000000 0.000000
vt 1.000000 0.000000
vt 1.000000 0.000000
vt 1.000000 0.000000
vt 1.000000 0.000000
vt 1.000000 0.000000
vt 1.000000 0.000000
vt 1.000000 0.000000
vt 1.000000 0.000000
vt 1.000000 0.000000
vt 1.000000 0.000000
vt 1.000000 0.000000
vt 1.000000 0.000000
vt 1.000000 0.000000
vt 1.000000 0.000000
vt 1.000000 0.000000
vt 1.000000 0.000000
vt 1.000000 0.000000
vt 1.000000 0.000000
vt 1.000000 0.000000
vt 1.000000 0.000000
vt 1.000000 0.000000
vt 1.000000 0.000000
vt 1.000000 0.000000
vt 1.000000 0.000000
vt 1.000000 0.000000
vt 1.000000 0.000000
vt 1.000000 0.000000
vt 1.000000 0.000000
vt 1.000000 0.000000
vt 1.000000 0.000000
vt 1.000000 0.000000
vt 1.000000 0.000000
vt 1.000000 0.000000
vt 1.000000 0.000000
vt 1.000000 0.000000
vt 1.000000 0.000000
vt 1.000000 0.000000
vt 1.000000 0.000000
vt 1.000000 0.000000
vt 1.000000 0.000000
vt 1.000000 0.000000
vt 1.000000 0.000000
vt 1.000000 0.000000
vt 1.000000 0.000000
vt 1.000000 0.000000
vt 1.000000 0.000000
vt 1.000000 0.000000
vt 1.000000 0.000000
vt 1.000000 0.000000
vt 1.000000 0.000000
vt 1.000000 0.000000
vt 1.000000 0.000000
vt 1.000000 0.000000
vt 1.000000 0.000000
vt 1.000000 0.000000
vt 1.000000 0.000000
vt 1.000000 0.000000
vt 1.000000 0.000000
vt 1.000000 0.000000
vt 1.000000 0.000000
vt 1.000000 0.000000
vt 1.000000 0.000000
vt 1.000000 0.000000
vt 1.000000 0.000000
vt 1.000000 0.000000
vt 1.000000 0.000000
vt 1.000000 0.000000
vt 1.000000 0.000000
vt 1.000000 0.000000
vt 1.000000 0.000000
vt 1.000000 0.000000
vt 1.000000 0.000000
vt 1.000000 0.000000
vt 1.000000 0.000000
vt 1.000000 0.000000
vt 1.000000 0.000000
vt 1.000000 0.000000
vt 1.000000 0.000000
vt 1.000000 0.000000
vt 1.000000 0.000000
vt 1.000000 0.000000
vt 1.000000 0.000000
vt 1.000000 0.000000
vt 1.000000 0.000000
vt 1.000000 0.000000
vt 1.000000 0.000000
vt 1.000000 0.000000
vt 1.000000 0.000000
vt 1.000000 0.000000
vt 1.000000 0.000000
vt 1.000000 0.000000
vt 1.000000 0.000000
vt 1.000000 0.000000
vt 1.000000 0.000000
vt 1.000000 0.000000
vt 1.000000 0.000000
vt 1.000000 0.000000
vt 1.000000 0.000000
vt 1.000000 0.000000
vt 1.000000 0.000000
vt 1.000000 0.000000
vt 1.000000 0.000000
vt 1.000000 0.000000
vt 1.000000 0.000000
vt 1.000000 0.000000
vt 1.000000 0.000000
vt 1.000000 0.000000
vt 1.000000 0.000000
vt 1.000000 0.000000
vt 1.000000 0.000000
vt 1.000000 0.000000
vt 1.000000 0.000000
vt 1.000000 0.000000
vt 1.000000 0.000000
vt 1.000000 0.000000
vt 1.000000 0.000000
vt 1.000000 0.000000
vt 1.000000 0.000000
vt 1.000000 0.000000
vt 1.000000 0.000000
vt 1.000000 0.000000
vt 1.000000 0.000000
vt 1.000000 0.000000
vt 1.000000 0.000000
vt 1.000000 0.000000
vt 1.000000 0.000000
vt 1.000000 0.000000
vt 1.000000 0.000000
vt 1.000000 0.000000
vt 1.000000 0.000000
vt 1.000000 0.000000
vt 1.000000 0.000000
vt 1.000000 0.000000
vt 1.000000 0.000000
vt 1.000000 0.000000
vt 1.000000 0.000000
vt 1.000000 0.000000
vt 1.000000 0.000000
vt 1.000000 0.000000
vt 1.000000 0.000000
vt 1.000000 0.000000
vt 1.000000 0.000000
vt 1.000000 0.000000
vt 1.000000 0.000000
vt 1.000000 0.000000
vt 1.000000 0.000000
vt 1.000000 0.000000
vt 1.000000 0.000000
vt 1.000000 0.000000
vt 1.000000 0.000000
vt 1.000000 0.000000
vt 1.000000 0.000000
vt 1.000000 0.000000
vt 1.000000 0.000000
vt 1.000000 0.000000
vt 1.000000 0.000000
vt 1.000000 0.000000
vt 1.000000 0.000000
vt 1.000000 0.000000
vt 1.000000 0.000000
vt 1.000000 0.000000
vt 1.000000 0.000000
vt 1.000000 0.000000
vt 1.000000 0.000000
vt 1.000000 0.000000
vt 1.000000 0.000000
vt 1.000000 0.000000
vt 1.000000 0.000000
vt 1.000000 0.000000
vt 1.000000 0.000000
vt 1.000000 0.000000
vt 1.000000 0.000000
vt 1.000000 0.000000
vt 1.000000 0.000000
vt 1.000000 0.000000
vt 1.000000 0.000000
vt 1.000000 0.000000
vt 1.000000 0.000000
vt 1.000000 0.000000
vt 1.000000 0.000000
vt 1.000000 0.000000
vt 1.000000 0.000000
vt 1.000000 0.000000
vt 1.000000 0.000000
vt 1.000000 0.000000
vt 1.000000 0.000000
vt 1.000000 0.000000
vt 1.000000 0.000000
vt 1.000000 0.000000
vt 1.000000 0.000000
vt 1.000000 0.000000
vt 1.000000 0.000000
vt 1.000000 0.000000
vt 1.000000 0.000000
vt 1.000000 0.000000
vt 1.000000 0.000000
vt 1.000000 0.000000
vt 1.000000 0.000000
vt 1.000000 0.000000
vt 1.000000 0.000000
vt 1.000000 0.000000
vt 1.000000 0.000000
vt 1.000000 0.000000
vt 1.000000 0.000000
vt 1.000000 0.000000
vt 1.000000 0.000000
vt 1.000000 0.000000
vt 1.000000 0.000000
vt 1.000000 0.000000
vt 1.000000 0.000000
vt 1.000000 0.000000
vt 1.000000 0.000000
vt 1.000000 0.000000
vt 1.000000 0.000000
vt 1.000000 0.000000
vt 1.000000 0.000000
vt 1.000000 0.000000
vt 1.000000 0.000000
vt 1.000000 0.000000
vt 1.000000 0.000000
vt 1.000000 0.000000
vt 1.000000 0.000000
vt 1.000000 0.000000
vt 1.000000 0.000000
vt 1.000000 0.000000
vt 1.000000 0.000000
vt 1.000000 0.000000
vt 1.000000 0.000000
vt 1.000000 0.000000
vt 1.000000 0.000000
vt 1.000000 0.000000
vt 1.000000 0.000000
vt 1.000000 0.000000
vt 1.000000 0.000000
vt 1.000000 0.000000
vt 1.000000 0.000000
vt 1.000000 0.000000
vt 1.000000 0.000000
vt 1.000000 0.000000
vt 1.000000 0.000000
vt 1.000000 0.000000
vt 1.000000 0.000000
vt 1.000000 0.000000
vt 1.000000 0.000000
vt 1.000000 0.000000
vt 1.000000 0.000000
vt 1.000000 0.000000
vt 1.000000 0.000000
vt 1.000000 0.000000
vt 1.000000 0.000000
vt 1.000000 0.000000
vt 1.000000 0.000000
vt 1.000000 0.000000
vt 1.000000 0.000000
vt 1.000000 0.000000
vt 1.000000 0.000000
vt 1.000000 0.000000
vt 1.000000 0.000000
vt 1.000000 0.000000
vt 1.000000 0.000000
vt 1.000000 0.000000
vt 1.000000 0.000000
vt 1.000000 0.000000
vt 1.000000 0.000000

vn 0.122428 0.991011 0.053929
vn 0.118353 0.991470 0.054588
vn 0.109065 0.992457 0.055984
vn 0.099397 0.993398 0.057283
vn 0.089763 0.994247 0.058449
vn 0.080484 0.994982 0.059441
vn 0.070476 0.995685 0.060372
vn 0.058415 0.996399 0.061456
vn 0.046624 0.996944 0.062684
vn 0.034567 0.997355 0.063944
vn 0.021826 0.997628 0.065279
vn 0.008350 0.997739 0.066692
vn -0.001570 0.997706 0.067677
vn -0.011584 0.997571 0.068688
vn -0.021833 0.997327 0.069730
vn -0.032256 0.996970 0.070782
vn -0.039913 0.996706 0.070603
vn -0.045501 0.996559 0.069282
vn -0.051639 0.996364 0.067763
vn -0.058640 0.996090 0.066081
vn -0.068673 0.995717 0.061909
vn -0.081223 0.995126 0.055928
vn -0.095274 0.994213 0.049636
vn -0.110223 0.992961 0.043360
vn -0.123585 0.991593 0.038353
vn -0.134247 0.990330 0.034982
vn -0.142042 0.989269 0.034224
vn -0.146499 0.988484 0.037921
vn -0.149447 0.987845 0.042761
vn -0.151120 0.987315 0.048707
vn -0.151730 0.986848 0.055761
vn -0.150759 0.986469 0.064421
vn -0.148161 0.986156 0.074468
vn -0.145454 0.985747 0.084534
vn -0.142968 0.985240 0.094137
vn -0.140704 0.984682 0.102979
vn -0.138699 0.984181 0.110232
vn -0.136835 0.984129 0.112991
vn -0.134768 0.984121 0.115511
vn -0.132657 0.984125 0.117897
vn -0.130427 0.984136 0.120268
vn -0.128022 0.984171 0.122545
vn -0.125268 0.984406 0.123504
vn -0.121922 0.985020 0.121943
vn -0.118526 0.985623 0.120410
vn -0.115187 0.986183 0.119056
vn -0.111992 0.986677 0.118006
vn -0.108915 0.987117 0.117205
vn -0.105216 0.987760 0.115151
vn -0.100767 0.988623 0.111670
vn -0.096092 0.989505 0.107920
vn -0.091063 0.990428 0.103732
vn -0.085796 0.991358 0.099237
vn -0.080504 0.992246 0.094690
vn -0.074653 0.993326 0.087922
vn -0.069274 0.994246 0.081704
vn -0.064247 0.995042 0.075914
vn -0.059433 0.995748 0.070383
vn -0.054947 0.996355 0.065249
vn -0.050947 0.996857 0.060664
vn -0.048046 0.997213 0.057074
vn -0.045165 0.997544 0.053542
vn -0.042105 0.997869 0.049843
vn -0.039338 0.998128 0.046829
vn -0.037140 0.998305 0.044807
vn -0.035452 0.998425 0.043492
vn -0.035479 0.998416 0.043662
vn -0.035794 0.998382 0.044194
vn -0.036240 0.998332 0.044949
vn -0.036771 0.998271 0.045856
vn -0.037254 0.998213 0.046726
vn -0.037650 0.998161 0.047498
vn -0.037586 0.998067 0.049485
vn -0.037659 0.997947 0.051802
vn -0.037933 0.997794 0.054487
vn -0.038402 0.997603 0.057562
vn -0.038982 0.997377 0.060982
vn -0.039652 0.997118 0.064676
vn -0.035743 0.997053 0.067878
vn -0.030512 0.996985 0.071347
vn -0.026258 0.996786 0.075687
vn -0.022816 0.996436 0.081214
vn -0.019653 0.995932 0.087939
vn -0.016441 0.995283 0.095611
vn -0.011243 0.994775 0.101472
vn -0.004373 0.994330 0.106247
vn 0.003308 0.993793 0.111199
vn 0.011735 0.993109 0.116608
vn 0.020879 0.992248 0.122507
vn 0.029539 0.991471 0.126938
vn 0.038156 0.990574 0.131556
vn 0.044809 0.989735 0.135711
vn 0.049210 0.989072 0.138982
vn 0.054571 0.988210 0.143049
vn 0.061038 0.987162 0.147596
vn 0.068668 0.985949 0.152281
vn 0.076080 0.984876 0.155665
vn 0.083126 0.983922 0.158077
vn 0.091397 0.982685 0.161172
vn 0.101050 0.981123 0.164884
vn 0.108857 0.979729 0.168172
vn 0.110023 0.979356 0.169581
vn 0.111529 0.978894 0.171251
vn 0.113444 0.978309 0.173325
vn 0.113115 0.978114 0.174638
vn 0.113390 0.977659 0.176988
vn 0.114727 0.976856 0.180528
vn 0.116654 0.975833 0.184774
vn 0.114957 0.975816 0.185923
vn 0.114552 0.975481 0.187920
vn 0.115570 0.974755 0.191042
vn 0.118096 0.973567 0.195501
vn 0.120402 0.972478 0.199475
vn 0.122657 0.971462 0.203018
vn 0.126366 0.970033 0.207527
vn 0.131488 0.968211 0.212789
vn 0.137742 0.966040 0.218618
vn 0.140006 0.964857 0.222373
vn 0.142702 0.963397 0.226940
vn 0.140789 0.963356 0.228308
vn 0.138664 0.963176 0.230356
vn 0.137211 0.962549 0.233822
vn 0.136430 0.961462 0.238699
vn 0.136316 0.959895 0.244987
vn 0.136858 0.957832 0.252641
vn 0.137375 0.955551 0.260864
vn 0.132524 0.955655 0.262984
vn 0.126592 0.956518 0.262768
vn 0.122355 0.956735 0.263982
vn 0.119755 0.956334 0.266615
vn 0.118701 0.955336 0.270633
vn 0.119106 0.953758 0.275972
vn 0.119393 0.952527 0.280068
vn 0.114615 0.954389 0.275690
vn 0.110019 0.955962 0.272089
vn 0.105710 0.957223 0.269349
vn 0.101162 0.958456 0.266700
vn 0.096142 0.959763 0.263839
vn 0.090008 0.960932 0.261739
vn 0.077549 0.966174 0.245954
vn 0.065430 0.970400 0.232470
vn 0.054176 0.973455 0.222374
vn 0.043904 0.975823 0.214105
vn 0.035430 0.977370 0.208551
vn 0.026116 0.978908 0.202628
vn 0.015090 0.980807 0.194394
vn 0.006450 0.981401 0.191860
vn -0.002394 0.981067 0.193653
vn -0.014460 0.983023 0.182913
vn -0.030648 0.985317 0.167964
vn -0.051335 0.986296 0.156796
vn -0.079351 0.985521 0.149842
vn -0.100258 0.985519 0.136748
vn -0.122082 0.984804 0.123523
vn -0.144826 0.983171 0.111360
vn -0.166426 0.981108 0.098640
vn -0.186184 0.980035 0.069765
vn -0.205755 0.977375 0.049023
vn -0.224871 0.973827 0.033059
vn -0.243489 0.969726 0.018549
vn -0.262007 0.965063 0.002503
vn -0.280901 0.959601 -0.016142
vn -0.291715 0.955928 -0.033231
vn -0.296858 0.953722 -0.047843
vn -0.302170 0.951323 -0.060642
vn -0.308543 0.948522 -0.071470
vn -0.317167 0.944904 -0.081001
vn -0.326452 0.941152 -0.087531
vn -0.330052 0.940503 -0.080750
vn -0.334478 0.939426 -0.074858
vn -0.338592 0.938329 -0.069967
vn -0.342297 0.937285 -0.065803
vn -0.346263 0.936076 -0.062157
vn -0.350258 0.934951 -0.056448
vn -0.353863 0.934092 -0.047469
vn -0.356640 0.933449 -0.038489
vn -0.358485 0.933067 -0.029572
vn -0.359519 0.932906 -0.020811
vn -0.359932 0.932900 -0.012141
vn -0.359870 0.932996 -0.003545
vn -0.361123 0.932494 0.006739
vn -0.363893 0.931265 0.018112
vn -0.367006 0.929756 0.029322
vn -0.369276 0.928456 0.040061
vn -0.369746 0.927779 0.050146
vn -0.367729 0.928034 0.059405
vn -0.362332 0.929590 0.067656
vn -0.354472 0.932062 0.074904
vn -0.346735 0.934364 0.082087
vn -0.334028 0.938558 0.086801
vn -0.322637 0.942089 0.091509
vn -0.316289 0.943569 0.098175
vn -0.312990 0.943840 0.105845
vn -0.312366 0.943314 0.112186
vn -0.313924 0.943087 0.109723
vn -0.317971 0.941891 0.108330
vn -0.324155 0.939827 0.107927
vn -0.332156 0.936979 0.108362
vn -0.341492 0.933491 0.109446
vn -0.348758 0.931547 0.102894
vn -0.355487 0.929993 0.093499
vn -0.362917 0.927995 0.084358
vn -0.370815 0.925636 0.075462
vn -0.378754 0.923096 0.066625
vn -0.385811 0.920816 0.056986
vn -0.389213 0.920123 0.043437
vn -0.392352 0.919334 0.029735
vn -0.395343 0.918396 0.015863
vn -0.398295 0.917256 0.001893
vn -0.401281 0.915875 -0.012117
vn -0.403240 0.914737 -0.025567
vn -0.404501 0.913728 -0.038485
vn -0.406155 0.912356 -0.051431
vn -0.408039 0.910680 -0.064542
vn -0.410011 0.908749 -0.077885
vn -0.411894 0.906627 -0.091493
vn -0.412973 0.905066 -0.101531
vn -0.413865 0.903739 -0.109417
vn -0.411906 0.903737 -0.116591
vn -0.408842 0.904272 -0.123049
vn -0.406284 0.904593 -0.129013
vn -0.404348 0.904680 -0.134375
vn -0.402671 0.905357 -0.134852
vn -0.401363 0.906225 -0.132906
vn -0.400777 0.906660 -0.131701
vn -0.400940 0.906653 -0.131251
vn -0.401865 0.906197 -0.131570
vn -0.403561 0.905281 -0.132682
vn -0.402711 0.905446 -0.134128
vn -0.390804 0.910257 -0.136764
vn -0.377002 0.915264 -0.141992
vn -0.364091 0.919395 -0.148834
vn -0.351929 0.922711 -0.157322
vn -0.340445 0.925241 -0.167409
vn -0.329563 0.926997 -0.179064
vn -0.319242 0.927981 -0.192187
vn -0.309006 0.928555 -0.205671
vn -0.294834 0.932392 -0.209088
vn -0.281799 0.935893 -0.211407
vn -0.270606 0.938495 -0.214476
vn -0.261154 0.940307 -0.218222
vn -0.253282 0.941459 -0.222495
vn -0.246986 0.941994 -0.227254
vn -0.242351 0.941899 -0.232578
vn -0.235351 0.943758 -0.232230
vn -0.228374 0.945681 -0.231372
vn -0.220794 0.947599 -0.230883
vn -0.211543 0.949778 -0.230590
vn -0.203397 0.951226 -0.231946
vn -0.196352 0.951966 -0.234962
vn -0.189151 0.952848 -0.237280
vn -0.181478 0.954118 -0.238170
vn -0.174611 0.954942 -0.239992
vn -0.168517 0.955352 -0.242702
vn -0.163136 0.955392 -0.246198
vn -0.158412 0.955098 -0.250385
vn -0.154798 0.954647 -0.254336
vn -0.154263 0.954961 -0.253480
vn -0.152651 0.956282 -0.249444
vn -0.151121 0.957655 -0.245068
vn -0.150310 0.958585 -0.241911
vn -0.150215 0.959089 -0.239968
vn -0.150821 0.959184 -0.239205
vn -0.152380 0.959654 -0.236315
vn -0.154396 0.959948 -0.233798
vn -0.156844 0.960048 -0.231751
vn -0.159818 0.959893 -0.230355
vn -0.163356 0.959472 -0.229629
vn -0.167290 0.958875 -0.229288
vn -0.167331 0.959384 -0.227118
vn -0.164858 0.960734 -0.223184
vn -0.160455 0.962500 -0.218743
vn -0.156190 0.963994 -0.215222
vn -0.151985 0.965275 -0.212473
vn -0.147777 0.966374 -0.210438
vn -0.138707 0.967677 -0.210623
vn -0.126660 0.969073 -0.211788
vn -0.113544 0.970402 -0.213137
vn -0.099601 0.971655 -0.214397
vn -0.085097 0.972869 -0.215139
vn -0.072811 0.973607 -0.216305
vn -0.063119 0.974048 -0.217362
vn -0.053312 0.974755 -0.216820
vn -0.043419 0.975599 -0.215222
vn -0.033413 0.976469 -0.213052
vn -0.023163 0.977274 -0.210712
vn -0.019418 0.977269 -0.211114
vn -0.015616 0.977282 -0.211367
vn -0.011734 0.977386 -0.211137
vn -0.007809 0.977644 -0.210122
vn -0.003897 0.978127 -0.207970
vn 0.000763 0.978492 -0.206285
vn 0.005543 0.978923 -0.204154
vn 0.010182 0.979484 -0.201263
vn 0.014593 0.980172 -0.197612
vn 0.018704 0.980990 -0.193157
vn 0.020880 0.981882 -0.188341
vn 0.022196 0.982939 -0.182588
vn 0.023296 0.984050 -0.176360
vn 0.024230 0.985091 -0.170318
vn 0.025072 0.985951 -0.165144
vn 0.025997 0.986558 -0.161328
vn 0.028208 0.987011 -0.158154
vn 0.030437 0.987464 -0.154882
vn 0.032742 0.987869 -0.151795
vn 0.034970 0.988456 -0.147419
vn 0.037077 0.989273 -0.141297
vn 0.039019 0.990239 -0.133807
vn 0.045406 0.990932 -0.126459
vn 0.053542 0.991375 -0.119616
vn 0.060246 0.991766 -0.113007
vn 0.065516 0.992155 -0.106476
vn 0.069535 0.992570 -0.099852
vn 0.072638 0.992756 -0.095703
vn 0.074958 0.992830 -0.093116
vn 0.080189 0.992590 -0.091298
vn 0.085781 0.992306 -0.089279
vn 0.090669 0.992106 -0.086627
vn 0.094903 0.991990 -0.083362
vn 0.098505 0.991958 -0.079470
vn 0.101660 0.991966 -0.075291
vn 0.105400 0.991683 -0.073859
vn 0.108154 0.991532 -0.071878
vn 0.110060 0.991499 -0.069394
vn 0.113965 0.991217 -0.067093
vn 0.119075 0.990764 -0.064871
vn 0.124723 0.990221 -0.062505
vn 0.131165 0.989423 -0.061955
vn 0.137496 0.988505 -0.062873
vn 0.142942 0.987684 -0.063623
vn 0.147234 0.987020 -0.064141
vn 0.150136 0.986569 -0.064353
vn 0.151955 0.986292 -0.064325
vn 0.153188 0.986117 -0.064080
vn 0.154311 0.985977 -0.063550
vn 0.154588 0.985933 -0.063547
vn 0.154978 0.985854 -0.063824
vn 0.155438 0.985754 -0.064244
vn 0.155976 0.985632 -0.064817
vn 0.156614 0.985482 -0.065555
vn 0.157271 0.985294 -0.066789
vn 0.158072 0.985072 -0.068170
vn 0.159025 0.984813 -0.069673
vn 0.159836 0.984575 -0.071160
vn 0.160232 0.984414 -0.072497
vn 0.159916 0.984388 -0.073535
vn 0.156868 0.984892 -0.073351
vn 0.154392 0.985343 -0.072538
vn 0.152345 0.985744 -0.071413
vn 0.150707 0.986098 -0.069993
vn 0.149443 0.986410 -0.068285
vn 0.148453 0.986696 -0.066269
vn 0.147969 0.986944 -0.063615
vn 0.148127 0.987125 -0.060357
vn 0.148571 0.987253 -0.057074
vn 0.149443 0.987304 -0.053824
vn 0.150758 0.987275 -0.050601
vn 0.152432 0.987179 -0.047355
vn 0.154291 0.987031 -0.044319
vn 0.156286 0.986841 -0.041456
vn 0.158527 0.986599 -0.038625
vn 0.160623 0.986378 -0.035466
vn 0.162271 0.986241 -0.031572
vn 0.164376 0.986009 -0.027675
vn 0.166991 0.985685 -0.023227
vn 0.170029 0.985264 -0.018570
vn 0.173481 0.984739 -0.013941
vn 0.177350 0.984104 -0.009323
vn 0.181597 0.983362 -0.004717
vn 0.186167 0.982518 -0.000119
vn 0.190525 0.981670 0.004866
vn 0.194874 0.980779 0.009818
vn 0.199310 0.979827 0.014661
vn 0.203724 0.978835 0.019434
vn 0.207992 0.977832 0.024147
vn 0.211788 0.976890 0.028837
vn 0.213034 0.976461 0.033769
vn 0.213792 0.976116 0.038604
vn 0.214043 0.975861 0.043365
vn 0.213830 0.975689 0.048042
vn 0.213177 0.975593 0.052661
vn 0.210929 0.975851 0.056772
vn 0.205366 0.976841 0.060053
vn 0.199269 0.977898 0.063308
vn 0.193221 0.978886 0.066686
vn 0.187245 0.979795 0.070296
vn 0.181408 0.980604 0.074212
vn 0.175639 0.981595 0.074982
vn 0.169940 0.982566 0.075393
vn 0.164286 0.983495 0.075816
vn 0.157958 0.984525 0.075900
vn 0.152277 0.985423 0.075847
vn 0.147262 0.986216 0.075439
vn 0.144235 0.986859 0.072836
vn 0.140766 0.987559 0.070091
vn 0.136764 0.988332 0.067054
vn 0.132214 0.989206 0.063180
vn 0.129389 0.989763 0.060231
vn 0.127361 0.990159 0.058007
vn 0.124829 0.990634 0.055345
vn 0.227896 0.952989 0.166704
vn 0.191751 0.957226 0.187375
vn 0.162569 0.958993 0.203754
vn 0.142119 0.959766 0.213858
vn 0.131310 0.960450 0.217168
vn 0.126732 0.960761 0.218181
vn 0.110099 0.966190 0.206278
vn 0.096047 0.965740 0.213851
vn 0.077578 0.966833 0.215566
vn 0.059390 0.967837 0.217526
vn 0.042696 0.968654 0.218438
vn 0.027823 0.968645 0.221317
vn 0.013402 0.968880 0.221229
vn -0.001562 0.968560 0.222971
vn -0.017442 0.968257 0.223752
vn -0.033168 0.967381 0.226043
vn -0.046998 0.965952 0.228492
vn -0.059105 0.965763 0.226637
vn -0.072173 0.965601 0.223705
vn -0.086773 0.965392 0.219535
vn -0.107107 0.961377 0.224852
vn -0.115869 0.965354 0.204578
vn -0.127015 0.966755 0.194468
vn -0.141029 0.965993 0.188495
vn -0.176255 0.954529 0.207968
vn -0.197427 0.952523 0.198585
vn -0.217786 0.951294 0.184873
vn -0.239843 0.949339 0.169123
vn -0.261317 0.947564 0.148022
vn -0.279448 0.946245 0.122825
vn -0.294038 0.945422 0.091613
vn -0.300016 0.946201 0.055331
vn -0.296562 0.947775 0.028332
vn -0.292760 0.948863 0.014861
vn -0.292178 0.948778 0.011725
vn -0.292643 0.948341 0.012022
vn -0.287387 0.949865 0.006962
vn -0.284096 0.950627 -0.002364
vn -0.279482 0.951691 -0.009236
vn -0.276353 0.952335 -0.012987
vn -0.272407 0.953161 -0.017629
vn -0.257742 0.957210 -0.024390
vn -0.250837 0.958819 -0.028808
vn -0.252309 0.958485 -0.026332
vn -0.259626 0.956854 -0.015665
vn -0.270179 0.954222 0.003635
vn -0.266421 0.955776 0.025056
vn -0.269199 0.954637 0.037825
vn -0.269550 0.954326 0.040127
vn -0.266072 0.955422 0.031328
vn -0.258774 0.957587 0.014237
vn -0.239833 0.963694 -0.001518
vn -0.221069 0.968031 -0.006982
vn -0.221239 0.967950 -0.005103
vn -0.225463 0.967007 0.006029
vn -0.229699 0.965774 0.022230
vn -0.226868 0.966618 0.034425
vn -0.210441 0.970394 0.043040
vn -0.209201 0.969893 0.056539
vn -0.205299 0.969599 0.072910
vn -0.200004 0.969048 0.091585
vn -0.192955 0.968657 0.108185
vn -0.185781 0.968434 0.120659
vn -0.176785 0.968895 0.129025
vn -0.168288 0.969197 0.138172
vn -0.154990 0.970121 0.148114
vn -0.139126 0.970242 0.162576
vn -0.121357 0.970370 0.175750
vn -0.106142 0.970528 0.184702
vn -0.096776 0.970662 0.189298
vn -0.091551 0.970734 0.191678
vn -0.084274 0.970871 0.194459
vn -0.073477 0.972033 0.194262
vn -0.064298 0.972093 0.197515
vn -0.055297 0.972149 0.200263
vn -0.049247 0.972180 0.202143
vn -0.049783 0.966905 0.223572
vn -0.044052 0.965119 0.229997
vn -0.029139 0.966240 0.228724
vn -0.005387 0.966659 0.229143
vn 0.026871 0.967524 0.224499
vn 0.058560 0.968567 0.214583
vn 0.087023 0.965261 0.216947
vn 0.102876 0.964380 0.211601
vn 0.121066 0.958771 0.225571
vn 0.125089 0.958811 0.224790
vn 0.129387 0.960051 0.219445
vn 0.138611 0.960179 0.214676
vn 0.148894 0.960312 0.208685
vn 0.168740 0.956488 0.210469
vn 0.188276 0.953128 0.203921
vn 0.213836 0.948633 0.198535
vn 0.221724 0.949753 0.184770
vn 0.225152 0.950027 0.180542
vn 0.230517 0.947030 0.189355
vn 0.228501 0.946508 0.196911
vn 0.245146 0.938491 0.213216
vn 0.250658 0.935314 0.218796
vn 0.249435 0.934536 0.225448
vn 0.245346 0.933704 0.235748
vn 0.235631 0.933537 0.247406
vn 0.225796 0.932611 0.260204
vn 0.215681 0.933748 0.265877
vn 0.212103 0.933739 0.269330
vn 0.229415 0.922909 0.288132
vn 0.233090 0.920809 0.290428
vn 0.231086 0.920314 0.293993
vn 0.215468 0.930714 0.277302
vn 0.220270 0.931156 0.271912
vn 0.231039 0.932126 0.259336
vn 0.246507 0.932940 0.240987
vn 0.260965 0.933498 0.222061
vn 0.293973 0.921482 0.224565
vn 0.299298 0.920777 0.219122
vn 0.302203 0.918941 0.223148
vn 0.298631 0.919463 0.229138
vn 0.288059 0.924181 0.226391
vn 0.288631 0.923909 0.227280
vn 0.299056 0.918154 0.235133
vn 0.321960 0.904243 0.251751
vn 0.321687 0.904132 0.252143
vn 0.321351 0.903986 0.252981
vn 0.320201 0.904315 0.253586
vn 0.319982 0.903820 0.255815
vn 0.319342 0.903252 0.259066
vn 0.307904 0.909281 0.257394
vn 0.310024 0.904933 0.265849
vn 0.307770 0.904792 0.268088
vn 0.307925 0.905190 0.265673
vn 0.309958 0.906315 0.258284
vn 0.313199 0.907759 0.247935
vn 0.315881 0.908933 0.239069
vn 0.311462 0.912681 0.229165
vn 0.306283 0.917321 0.219306
vn 0.294451 0.924037 0.208286
vn 0.293391 0.927228 0.192486
vn 0.305913 0.923842 0.170659
vn 0.323756 0.916734 0.166610
vn 0.323964 0.913225 0.193026
vn 0.274537 0.925354 0.227260
vn 0.240664 0.922236 0.277973
vn 0.208028 0.921582 0.306494
vn 0.192770 0.911645 0.340374
vn 0.164295 0.907580 0.364038
vn 0.126736 0.899750 0.394044
vn 0.075830 0.888527 0.426268
vn 0.022320 0.886961 0.434791
vn -0.020493 0.886884 0.435261
vn -0.054301 0.909488 0.385687
vn -0.088346 0.922538 0.353999
vn -0.134027 0.925658 0.331205
vn -0.180462 0.930234 0.297280
vn -0.262727 0.895998 0.323374
vn -0.296457 0.895810 0.294208
vn -0.322679 0.896340 0.265878
vn -0.290398 0.933204 0.184248
vn -0.331234 0.928382 0.129589
vn -0.357062 0.925385 0.068814
vn -0.366473 0.924152 0.034471
vn -0.370779 0.923153 0.035150
vn -0.444376 0.879628 0.069856
vn -0.486257 0.854794 0.098631
vn -0.454623 0.876629 0.086532
vn -0.464615 0.873196 0.065287
vn -0.479191 0.867713 0.025392
vn -0.490576 0.861707 -0.034735
vn -0.491185 0.857489 -0.094696
vn -0.497674 0.848005 -0.135559
vn -0.494167 0.848165 -0.147400
vn -0.497718 0.847632 -0.139271
vn -0.504149 0.846845 -0.121037
vn -0.500472 0.851457 -0.108898
vn -0.502309 0.851272 -0.103444
vn -0.498570 0.855444 -0.092084
vn -0.502486 0.854830 -0.075852
vn -0.506096 0.854316 -0.055575
vn -0.505312 0.856413 -0.034182
vn -0.501090 0.859517 -0.015993
vn -0.500746 0.859902 -0.002024
vn -0.500094 0.860273 0.008418
vn -0.501235 0.859644 0.006301
vn -0.501232 0.859717 -0.003781
vn -0.502090 0.859292 0.002572
vn -0.509288 0.853594 0.038740
vn -0.505585 0.850338 0.104140
vn -0.470129 0.855497 0.187090
vn -0.415142 0.865166 0.252410
vn -0.392664 0.859588 0.295045
vn -0.386444 0.860921 0.299803
vn -0.383559 0.876562 0.263062
vn -0.404014 0.880448 0.225250
vn -0.420653 0.879700 0.198629
vn -0.429047 0.879408 0.182545
vn -0.434120 0.880442 0.166064
vn -0.440527 0.880491 0.147955
vn -0.448828 0.879119 0.128374
vn -0.481908 0.861306 0.111897
vn -0.496479 0.855981 0.089793
vn -0.497981 0.857391 0.067858
vn -0.495321 0.860662 0.047109
vn -0.495340 0.861645 0.025409
vn -0.493252 0.863248 -0.000028
vn -0.495472 0.861420 -0.022386
vn -0.494711 0.861722 -0.035806
vn -0.501482 0.857618 -0.042201
vn -0.503146 0.857229 -0.042160
vn -0.504548 0.856875 -0.042723
vn -0.505851 0.855965 -0.049874
vn -0.504074 0.856312 -0.063841
vn -0.499312 0.857394 -0.085071
vn -0.502299 0.851305 -0.116180
vn -0.493087 0.852080 -0.144845
vn -0.489241 0.850123 -0.166569
vn -0.485492 0.850379 -0.177466
vn -0.486790 0.849775 -0.179438
vn -0.492558 0.848361 -0.173292
vn -0.503807 0.842010 -0.169068
vn -0.512808 0.835893 -0.172161
vn -0.512077 0.833815 -0.183862
vn -0.502807 0.834347 -0.204935
vn -0.487847 0.836062 -0.231411
vn -0.471460 0.838112 -0.255262
vn -0.459524 0.838638 -0.272887
vn -0.449998 0.839984 -0.282936
vn -0.444108 0.840791 -0.288828
vn -0.440490 0.840107 -0.295207
vn -0.431987 0.841500 -0.302804
vn -0.418894 0.847949 -0.305157
vn -0.393511 0.865872 -0.290167
vn -0.407022 0.854516 -0.303147
vn -0.410982 0.851807 -0.304203
vn -0.411723 0.852246 -0.302593
vn -0.409582 0.852905 -0.303977
vn -0.401184 0.855795 -0.307846
vn -0.391615 0.856825 -0.317324
vn -0.381543 0.857888 -0.327063
vn -0.347317 0.882451 -0.308164
vn -0.355102 0.869056 -0.329539
vn -0.341451 0.869853 -0.340429
vn -0.322270 0.870683 -0.355423
vn -0.295414 0.872246 -0.373124
vn -0.264688 0.876451 -0.385597
vn -0.242649 0.878756 -0.394297
vn -0.225930 0.888524 -0.386339
vn -0.216877 0.898459 -0.368152
vn -0.209506 0.911467 -0.342541
vn -0.221287 0.902167 -0.360065
vn -0.237017 0.881189 -0.393026
vn -0.237657 0.877901 -0.397977
vn -0.236711 0.877189 -0.399927
vn -0.220064 0.895529 -0.372386
vn -0.219067 0.895812 -0.372148
vn -0.217476 0.896063 -0.372391
vn -0.207142 0.904527 -0.359767
vn -0.202704 0.904800 -0.361690
vn -0.197597 0.904983 -0.364266
vn -0.175173 0.923470 -0.332095
vn -0.161721 0.933681 -0.311435
vn -0.186981 0.908402 -0.365264
vn -0.209602 0.879016 -0.410074
vn -0.210933 0.878000 -0.410462
vn -0.204477 0.887422 -0.395608
vn -0.193707 0.900808 -0.374148
vn -0.192682 0.902384 -0.370564
vn -0.193165 0.902455 -0.369921
vn -0.182910 0.915963 -0.344518
vn -0.186604 0.915640 -0.343335
vn -0.188045 0.915520 -0.342905
vn -0.180440 0.921936 -0.333366
vn -0.152601 0.941164 -0.291803
vn -0.152331 0.935617 -0.311577
vn -0.169601 0.904953 -0.376736
vn -0.174378 0.882374 -0.414426
vn -0.165364 0.883018 -0.415935
vn -0.147601 0.901596 -0.386814
vn -0.131712 0.917714 -0.358221
vn -0.125903 0.918119 -0.359185
vn -0.118397 0.918511 -0.360621
vn -0.100746 0.930843 -0.337099
vn -0.085920 0.932162 -0.337565
vn -0.065267 0.939657 -0.323069
vn -0.048386 0.939561 -0.326021
vn -0.033174 0.943099 -0.317371
vn -0.023296 0.945387 -0.312834
vn -0.017937 0.945684 -0.312211
vn -0.016176 0.946032 -0.311228
vn -0.015745 0.946024 -0.311295
vn -0.012086 0.945252 -0.314104
vn -0.005027 0.943605 -0.318125
vn 0.006000 0.943718 -0.317658
vn 0.018530 0.943942 -0.316251
vn 0.029488 0.944150 -0.314598
vn 0.039562 0.944463 -0.312399
vn 0.051947 0.940876 -0.320083
vn 0.063878 0.940336 -0.318383
vn 0.078167 0.940892 -0.313056
vn 0.094224 0.941162 -0.306907
vn 0.105463 0.941850 -0.300326
vn 0.110314 0.942309 -0.296420
vn 0.109201 0.942493 -0.295619
vn 0.102495 0.941699 -0.300155
vn 0.093499 0.941916 -0.305182
vn 0.084155 0.951193 -0.283744
vn 0.081584 0.960771 -0.250634
vn 0.093226 0.962802 -0.237132
vn 0.108804 0.963274 -0.227723
vn 0.119955 0.963785 -0.219013
vn 0.127555 0.964305 -0.211539
vn 0.138574 0.962523 -0.210866
vn 0.145956 0.962808 -0.204509
vn 0.153637 0.963064 -0.197443
vn 0.161600 0.963418 -0.188999
vn 0.165024 0.965525 -0.177612
vn 0.163927 0.967680 -0.166589
vn 0.166996 0.967755 -0.163068
vn 0.178116 0.964446 -0.168708
vn 0.182951 0.963831 -0.166551
vn 0.187275 0.963787 -0.162352
vn 0.191161 0.963768 -0.158110
vn 0.194755 0.963807 -0.153542
vn 0.194335 0.965420 -0.145429
vn 0.198618 0.965335 -0.140544
vn 0.201844 0.965311 -0.136355
vn 0.203842 0.965308 -0.133440
vn 0.223171 0.959398 -0.143916
vn 0.233722 0.954539 -0.150395
vn 0.235494 0.954022 -0.150870
vn 0.244803 0.950892 -0.154869
vn 0.248030 0.950615 -0.152821
vn 0.249247 0.951920 -0.146777
vn 0.249249 0.954315 -0.136831
vn 0.246416 0.957043 -0.123817
vn 0.244796 0.958467 -0.114856
vn 0.247665 0.957827 -0.113724
vn 0.246709 0.957755 -0.116510
vn 0.268227 0.949828 -0.133292
vn 0.282726 0.941675 -0.144969
vn 0.281722 0.941719 -0.146794
vn 0.280621 0.941755 -0.148899
vn 0.284704 0.939008 -0.154927
vn 0.284116 0.938159 -0.161510
vn 0.280250 0.938250 -0.167899
vn 0.278013 0.938244 -0.171887
vn 0.277687 0.938975 -0.170159
vn 0.275311 0.942556 -0.160085
vn 0.271726 0.946803 -0.146329
vn 0.276592 0.945651 -0.139613
vn 0.283287 0.943402 -0.136013
vn 0.285359 0.943472 -0.130308
vn 0.287326 0.943562 -0.124523
vn 0.289396 0.943727 -0.117730
vn 0.291912 0.943841 -0.109616
vn 0.292124 0.944624 -0.102274
vn 0.292985 0.944686 -0.098744
vn 0.293023 0.944692 -0.098365
vn 0.290082 0.945856 -0.099055
vn 0.287193 0.946736 -0.098665
vn 0.287601 0.946706 -0.097865
vn 0.287249 0.946983 -0.096847
vn 0.287827 0.946952 -0.095722
vn 0.288460 0.946912 -0.094635
vn 0.294215 0.945211 -0.095078
vn 0.308062 0.940111 -0.098766
vn 0.316269 0.936147 -0.100172
vn 0.319291 0.934387 -0.099389
vn 0.325347 0.932294 -0.100233
vn 0.326010 0.932173 -0.099525
vn 0.326918 0.932034 -0.098364
vn 0.328327 0.931842 -0.096124
vn 0.327424 0.933082 -0.092206
vn 0.325066 0.934399 -0.087967
vn 0.326302 0.934180 -0.086279
vn 0.327710 0.934009 -0.083798
vn 0.329278 0.934048 -0.078823
vn 0.332461 0.933583 -0.071894
vn 0.332146 0.934660 -0.063033
vn 0.335027 0.934079 -0.056003
vn 0.337402 0.933581 -0.049538
vn 0.339779 0.933054 -0.042473
vn 0.341710 0.932588 -0.035780
vn 0.340213 0.933738 -0.028780
vn 0.336078 0.935300 -0.023026
vn 0.335919 0.935319 -0.016586
vn 0.335946 0.935265 -0.007878
vn 0.336449 0.934937 0.003094
vn 0.337198 0.934377 0.017083
vn 0.329998 0.937489 0.030968
vn 0.312431 0.942752 0.039929
vn 0.315546 0.941321 0.047045
vn 0.318987 0.939808 0.051025
vn 0.317390 0.940273 0.046962
vn 0.313767 0.941784 0.037695
vn 0.304875 0.944822 0.038250
vn 0.304023 0.944342 0.055012
vn 0.299921 0.943879 0.080912
vn 0.293323 0.943791 0.102656
vn 0.277627 0.948228 0.109455
vn 0.265189 0.951693 0.113186
vn 0.258944 0.952027 0.123728
vn 0.248243 0.952415 0.140392
vn 0.227896 0.952989 0.166704
vn 0.191751 0.957226 0.187375
vn 0.162569 0.958993 0.203754
vn 0.142119 0.959766 0.213858
vn 0.131310 0.960450 0.217168
vn 0.126732 0.960761 0.218181
vn 0.110099 0.966190 0.206278
vn 0.096047 0.965740 0.213851
vn 0.077578 0.966833 0.215566
vn 0.059390 0.967837 0.217526
vn 0.042696 0.968654 0.218438
vn 0.027823 0.968645 0.221317
vn 0.013402 0.968880 0.221229
vn -0.001562 0.968560 0.222971
vn -0.017442 0.968257 0.223752
vn -0.033168 0.967381 0.226043
vn -0.046998 0.965952 0.228492
vn -0.059105 0.965763 0.226637
vn -0.072173 0.965601 0.223705
vn -0.086773 0.965392 0.219535
vn -0.107107 0.961377 0.224852
vn -0.115869 0.965354 0.204578
vn -0.127015 0.966755 0.194468
vn -0.141029 0.965993 0.188495
vn -0.176255 0.954529 0.207968
vn -0.197427 0.952523 0.198585
vn -0.217786 0.951294 0.184873
vn -0.239843 0.949339 0.169123
vn -0.261317 0.947564 0.148022
vn -0.279448 0.946245 0.122825
vn -0.294038 0.945422 0.091613
vn -0.300016 0.946201 0.055331
vn -0.296562 0.947775 0.028332
vn -0.292760 0.948863 0.014861
vn -0.292178 0.948778 0.011725
vn -0.292643 0.948341 0.012022
vn -0.287387 0.949865 0.006962
vn -0.284096 0.950627 -0.002364
vn -0.279482 0.951691 -0.009236
vn -0.276353 0.952335 -0.012987
vn -0.272407 0.953161 -0.017629
vn -0.257742 0.957210 -0.024390
vn -0.250837 0.958819 -0.028808
vn -0.252309 0.958485 -0.026332
vn -0.259626 0.956854 -0.015665
vn -0.270179 0.954222 0.003635
vn -0.266421 0.955776 0.025056
vn -0.269199 0.954637 0.037825
vn -0.269550 0.954326 0.040127
vn -0.266072 0.955422 0.031328
vn -0.258774 0.957587 0.014237
vn -0.239833 0.963694 -0.001518
vn -0.221069 0.968031 -0.006982
vn -0.221239 0.967950 -0.005103
vn -0.225463 0.967007 0.006029
vn -0.229699 0.965774 0.022230
vn -0.226868 0.966618 0.034425
vn -0.210441 0.970394 0.043040
vn -0.209201 0.969893 0.056539
vn -0.205299 0.969599 0.072910
vn -0.200004 0.969048 0.091585
vn -0.192955 0.968657 0.108185
vn -0.185781 0.968434 0.120659
vn -0.176785 0.968895 0.129025
vn -0.168288 0.969197 0.138172
vn -0.154990 0.970121 0.148114
vn -0.139126 0.970242 0.162576
vn -0.121357 0.970370 0.175750
vn -0.106142 0.970528 0.184702
vn -0.096776 0.970662 0.189298
vn -0.091551 0.970734 0.191678
vn -0.084274 0.970871 0.194459
vn -0.073477 0.972033 0.194262
vn -0.064298 0.972093 0.197515
vn -0.055297 0.972149 0.200263
vn -0.049247 0.972180 0.202143
vn -0.049783 0.966905 0.223572
vn -0.044052 0.965119 0.229997
vn -0.029139 0.966240 0.228724
vn -0.005387 0.966659 0.229143
vn 0.026871 0.967524 0.224499
vn 0.058560 0.968567 0.214583
vn 0.087023 0.965261 0.216947
vn 0.102876 0.964380 0.211601
vn 0.121066 0.958771 0.225571
vn 0.125089 0.958811 0.224790
vn 0.129387 0.960051 0.219445
vn 0.138611 0.960179 0.214676
vn 0.148894 0.960312 0.208685
vn 0.168740 0.956488 0.210469
vn 0.188276 0.953128 0.203921
vn 0.213836 0.948633 0.198535
vn 0.221724 0.949753 0.184770
vn 0.225152 0.950027 0.180542
vn 0.230517 0.947030 0.189355
vn 0.228501 0.946508 0.196911
vn 0.245146 0.938491 0.213216
vn 0.250658 0.935314 0.218796
vn 0.249435 0.934536 0.225448
vn 0.245346 0.933704 0.235748
vn 0.235631 0.933537 0.247406
vn 0.225796 0.932611 0.260204
vn 0.215681 0.933748 0.265877
vn 0.212103 0.933739 0.269330
vn 0.229415 0.922909 0.288132
vn 0.233090 0.920809 0.290428
vn 0.231086 0.920314 0.293993
vn 0.215468 0.930714 0.277302
vn 0.220270 0.931156 0.271912
vn 0.231039 0.932126 0.259336
vn 0.246507 0.932940 0.240987
vn 0.260965 0.933498 0.222061
vn 0.293973 0.921482 0.224565
vn 0.299298 0.920777 0.219122
vn 0.302203 0.918941 0.223148
vn 0.298631 0.919463 0.229138
vn 0.288059 0.924181 0.226391
vn 0.288631 0.923909 0.227280
vn 0.299056 0.918154 0.235133
vn 0.321960 0.904243 0.251751
vn 0.321687 0.904132 0.252143
vn 0.321351 0.903986 0.252981
vn 0.320201 0.904315 0.253586
vn 0.319982 0.903820 0.255815
vn 0.319342 0.903252 0.259066
vn 0.307904 0.909281 0.257394
vn 0.310024 0.904933 0.265849
vn 0.307770 0.904792 0.268088
vn 0.307925 0.905190 0.265673
vn 0.309958 0.906315 0.258284
vn 0.313199 0.907759 0.247935
vn 0.315881 0.908933 0.239069
vn 0.311462 0.912681 0.229165
vn 0.306283 0.917321 0.219306
vn 0.294451 0.924037 0.208286
vn 0.293391 0.927228 0.192486
vn 0.305913 0.923842 0.170659
vn 0.323756 0.916734 0.166610
vn 0.323964 0.913225 0.193026
vn 0.274537 0.925354 0.227260
vn 0.240664 0.922236 0.277973
vn 0.208028 0.921582 0.306494
vn 0.192770 0.911645 0.340374
vn 0.164295 0.907580 0.364038
vn 0.126736 0.899750 0.394044
vn 0.075830 0.888527 0.426268
vn 0.022320 0.886961 0.434791
vn -0.020493 0.886884 0.435261
vn -0.054301 0.909488 0.385687
vn -0.088346 0.922538 0.353999
vn -0.134027 0.925658 0.331205
vn -0.180462 0.930234 0.297280
vn -0.262727 0.895998 0.323374
vn -0.296457 0.895810 0.294208
vn -0.322679 0.896340 0.265878
vn -0.290398 0.933204 0.184248
vn -0.331234 0.928382 0.129589
vn -0.357062 0.925385 0.068814
vn -0.366473 0.924152 0.034471
vn -0.370779 0.923153 0.035150
vn -0.444376 0.879628 0.069856
vn -0.486257 0.854794 0.098631
vn -0.454623 0.876629 0.086532
vn -0.464615 0.873196 0.065287
vn -0.479191 0.867713 0.025392
vn -0.490576 0.861707 -0.034735
vn -0.491185 0.857489 -0.094696
vn -0.497674 0.848005 -0.135559
vn -0.494167 0.848165 -0.147400
vn -0.497718 0.847632 -0.139271
vn -0.504149 0.846845 -0.121037
vn -0.500472 0.851457 -0.108898
vn -0.502309 0.851272 -0.103444
vn -0.498570 0.855444 -0.092084
vn -0.502486 0.854830 -0.075852
vn -0.506096 0.854316 -0.055575
vn -0.505312 0.856413 -0.034182
vn -0.501090 0.859517 -0.015993
vn -0.500746 0.859902 -0.002024
vn -0.500094 0.860273 0.008418
vn -0.501235 0.859644 0.006301
vn -0.501232 0.859717 -0.003781
vn -0.502090 0.859292 0.002572
vn -0.509288 0.853594 0.038740
vn -0.505585 0.850338 0.104140
vn -0.470129 0.855497 0.187090
vn -0.415142 0.865166 0.252410
vn -0.392664 0.859588 0.295045
vn -0.386444 0.860921 0.299803
vn -0.383559 0.876562 0.263062
vn -0.404014 0.880448 0.225250
vn -0.420653 0.879700 0.198629
vn -0.429047 0.879408 0.182545
vn -0.434120 0.880442 0.166064
vn -0.440527 0.880491 0.147955
vn -0.448828 0.879119 0.128374
vn -0.481908 0.861306 0.111897
vn -0.496479 0.855981 0.089793
vn -0.497981 0.857391 0.067858
vn -0.495321 0.860662 0.047109
vn -0.495340 0.861645 0.025409
vn -0.493252 0.863248 -0.000028
vn -0.495472 0.861420 -0.022386
vn -0.494711 0.861722 -0.035806
vn -0.501482 0.857618 -0.042201
vn -0.503146 0.857229 -0.042160
vn -0.504548 0.856875 -0.042723
vn -0.505851 0.855965 -0.049874
vn -0.504074 0.856312 -0.063841
vn -0.499312 0.857394 -0.085071
vn -0.502299 0.851305 -0.116180
vn -0.493087 0.852080 -0.144845
vn -0.489241 0.850123 -0.166569
vn -0.485492 0.850379 -0.177466
vn -0.486790 0.849775 -0.179438
vn -0.492558 0.848361 -0.173292
vn -0.503807 0.842010 -0.169068
vn -0.512808 0.835893 -0.172161
vn -0.512077 0.833815 -0.183862
vn -0.502807 0.834347 -0.204935
vn -0.487847 0.836062 -0.231411
vn -0.471460 0.838112 -0.255262
vn -0.459524 0.838638 -0.272887
vn -0.449998 0.839984 -0.282936
vn -0.444108 0.840791 -0.288828
vn -0.440490 0.840107 -0.295207
vn -0.431987 0.841500 -0.302804
vn -0.418894 0.847949 -0.305157
vn -0.393511 0.865872 -0.290167
vn -0.407022 0.854516 -0.303147
vn -0.410982 0.851807 -0.304203
vn -0.411723 0.852246 -0.302593
vn -0.409582 0.852905 -0.303977
vn -0.401184 0.855795 -0.307846
vn -0.391615 0.856825 -0.317324
vn -0.381543 0.857888 -0.327063
vn -0.347317 0.882451 -0.308164
vn -0.355102 0.869056 -0.329539
vn -0.341451 0.869853 -0.340429
vn -0.322270 0.870683 -0.355423
vn -0.295414 0.872246 -0.373124
vn -0.264688 0.876451 -0.385597
vn -0.242649 0.878756 -0.394297
vn -0.225930 0.888524 -0.386339
vn -0.216877 0.898459 -0.368152
vn -0.209506 0.911467 -0.342541
vn -0.221287 0.902167 -0.360065
vn -0.237017 0.881189 -0.393026
vn -0.237657 0.877901 -0.397977
vn -0.236711 0.877189 -0.399927
vn -0.220064 0.895529 -0.372386
vn -0.219067 0.895812 -0.372148
vn -0.217476 0.896063 -0.372391
vn -0.207142 0.904527 -0.359767
vn -0.202704 0.904800 -0.361690
vn -0.197597 0.904983 -0.364266
vn -0.175173 0.923470 -0.332095
vn -0.161721 0.933681 -0.311435
vn -0.186981 0.908402 -0.365264
vn -0.209602 0.879016 -0.410074
vn -0.210933 0.878000 -0.410462
vn -0.204477 0.887422 -0.395608
vn -0.193707 0.900808 -0.374148
vn -0.192682 0.902384 -0.370564
vn -0.193165 0.902455 -0.369921
vn -0.182910 0.915963 -0.344518
vn -0.186604 0.915640 -0.343335
vn -0.188045 0.915520 -0.342905
vn -0.180440 0.921936 -0.333366
vn -0.152601 0.941164 -0.291803
vn -0.152331 0.935617 -0.311577
vn -0.169601 0.904953 -0.376736
vn -0.174378 0.882374 -0.414426
vn -0.165364 0.883018 -0.415935
vn -0.147601 0.901596 -0.386814
vn -0.131712 0.917714 -0.358221
vn -0.125903 0.918119 -0.359185
vn -0.118397 0.918511 -0.360621
vn -0.100746 0.930843 -0.337099
vn -0.085920 0.932162 -0.337565
vn -0.065267 0.939657 -0.323069
vn -0.048386 0.939561 -0.326021
vn -0.033174 0.943099 -0.317371
vn -0.023296 0.945387 -0.312834
vn -0.017937 0.945684 -0.312211
vn -0.016176 0.946032 -0.311228
vn -0.015745 0.946024 -0.311295
vn -0.012086 0.945252 -0.314104
vn -0.005027 0.943605 -0.318125
vn 0.006000 0.943718 -0.317658
vn 0.018530 0.943942 -0.316251
vn 0.029488 0.944150 -0.314598
vn 0.039562 0.944463 -0.312399
vn 0.051947 0.940876 -0.320083
vn 0.063878 0.940336 -0.318383
vn 0.078167 0.940892 -0.313056
vn 0.094224 0.941162 -0.306907
vn 0.105463 0.941850 -0.300326
vn 0.110314 0.942309 -0.296420
vn 0.109201 0.942493 -0.295619
vn 0.102495 0.941699 -0.300155
vn 0.093499 0.941916 -0.305182
vn 0.084155 0.951193 -0.283744
vn 0.081584 0.960771 -0.250634
vn 0.093226 0.962802 -0.237132
vn 0.108804 0.963274 -0.227723
vn 0.119955 0.963785 -0.219013
vn 0.127555 0.964305 -0.211539
vn 0.138574 0.962523 -0.210866
vn 0.145956 0.962808 -0.204509
vn 0.153637 0.963064 -0.197443
vn 0.161600 0.963418 -0.188999
vn 0.165024 0.965525 -0.177612
vn 0.163927 0.967680 -0.166589
vn 0.166996 0.967755 -0.163068
vn 0.178116 0.964446 -0.168708
vn 0.182951 0.963831 -0.166551
vn 0.187275 0.963787 -0.162352
vn 0.191161 0.963768 -0.158110
vn 0.194755 0.963807 -0.153542
vn 0.194335 0.965420 -0.145429
vn 0.198618 0.965335 -0.140544
vn 0.201844 0.965311 -0.136355
vn 0.203842 0.965308 -0.133440
vn 0.223171 0.959398 -0.143916
vn 0.233722 0.954539 -0.150395
vn 0.235494 0.954022 -0.150870
vn 0.244803 0.950892 -0.154869
vn 0.248030 0.950615 -0.152821
vn 0.249247 0.951920 -0.146777
vn 0.249249 0.954315 -0.136831
vn 0.246416 0.957043 -0.123817
vn 0.244796 0.958467 -0.114856
vn 0.247665 0.957827 -0.113724
vn 0.246709 0.957755 -0.116510
vn 0.268227 0.949828 -0.133292
vn 0.282726 0.941675 -0.144969
vn 0.281722 0.941719 -0.146794
vn 0.280621 0.941755 -0.148899
vn 0.284704 0.939008 -0.154927
vn 0.284116 0.938159 -0.161510
vn 0.280250 0.938250 -0.167899
vn 0.278013 0.938244 -0.171887
vn 0.277687 0.938975 -0.170159
vn 0.275311 0.942556 -0.160085
vn 0.271726 0.946803 -0.146329
vn 0.276592 0.945651 -0.139613
vn 0.283287 0.943402 -0.136013
vn 0.285359 0.943472 -0.130308
vn 0.287326 0.943562 -0.124523
vn 0.289396 0.943727 -0.117730
vn 0.291912 0.943841 -0.109616
vn 0.292124 0.944624 -0.102274
vn 0.292985 0.944686 -0.098744
vn 0.293023 0.944692 -0.098365
vn 0.290082 0.945856 -0.099055
vn 0.287193 0.946736 -0.098665
vn 0.287601 0.946706 -0.097865
vn 0.287249 0.946983 -0.096847
vn 0.287827 0.946952 -0.095722
vn 0.288460 0.946912 -0.094635
vn 0.294215 0.945211 -0.095078
vn 0.308062 0.940111 -0.098766
vn 0.316269 0.936147 -0.100172
vn 0.319291 0.934387 -0.099389
vn 0.325347 0.932294 -0.100233
vn 0.326010 0.932173 -0.099525
vn 0.326918 0.932034 -0.098364
vn 0.328327 0.931842 -0.096124
vn 0.327424 0.933082 -0.092206
vn 0.325066 0.934399 -0.087967
vn 0.326302 0.934180 -0.086279
vn 0.327710 0.934009 -0.083798
vn 0.329278 0.934048 -0.078823
vn 0.332461 0.933583 -0.071894
vn 0.332146 0.934660 -0.063033
vn 0.335027 0.934079 -0.056003
vn 0.337402 0.933581 -0.049538
vn 0.339779 0.933054 -0.042473
vn 0.341710 0.932588 -0.035780
vn 0.340213 0.933738 -0.028780
vn 0.336078 0.935300 -0.023026
vn 0.335919 0.935319 -0.016586
vn 0.335946 0.935265 -0.007878
vn 0.336449 0.934937 0.003094
vn 0.337198 0.934377 0.017083
vn 0.329998 0.937489 0.030968
vn 0.312431 0.942752 0.039929
vn 0.315546 0.941321 0.047045
vn 0.318987 0.939808 0.051025
vn 0.317390 0.940273 0.046962
vn 0.313767 0.941784 0.037695
vn 0.304875 0.944822 0.038250
vn 0.304023 0.944342 0.055012
vn 0.299921 0.943879 0.080912
vn 0.293323 0.943791 0.102656
vn 0.277627 0.948228 0.109455
vn 0.265189 0.951693 0.113186
vn 0.258944 0.952027 0.123728
vn 0.248243 0.952415 0.140392
vn 0.407372 0.774035 0.306317
vn 0.350540 0.777738 0.357711
vn 0.298860 0.779368 0.395467
vn 0.261785 0.780040 0.417339
vn 0.243190 0.780849 0.425829
vn 0.236896 0.781130 0.427969
vn 0.216585 0.786454 0.426823
vn 0.188565 0.785922 0.439604
vn 0.154943 0.786234 0.450777
vn 0.119903 0.787564 0.457991
vn 0.087612 0.788267 0.462965
vn 0.058463 0.789223 0.466163
vn 0.030113 0.789437 0.469104
vn 0.000059 0.789067 0.470905
vn -0.031958 0.788443 0.470987
vn -0.062350 0.788080 0.469407
vn -0.089041 0.786414 0.468909
vn -0.113069 0.786205 0.464185
vn -0.139213 0.786174 0.457631
vn -0.168177 0.785596 0.449170
vn -0.201514 0.781115 0.444375
vn -0.227046 0.782836 0.427246
vn -0.248879 0.786531 0.409177
vn -0.273488 0.786319 0.395671
vn -0.311945 0.775017 0.393119
vn -0.346103 0.773380 0.370269
vn -0.380084 0.772095 0.342214
vn -0.415748 0.770131 0.307213
vn -0.450330 0.768516 0.263439
vn -0.479189 0.767435 0.214628
vn -0.503402 0.766806 0.155113
vn -0.517913 0.767329 0.088161
vn -0.522470 0.767217 0.037041
vn -0.520390 0.768168 0.009134
vn -0.518767 0.768424 0.001393
vn -0.517782 0.768549 -0.000239
vn -0.513455 0.770189 -0.011236
vn -0.508900 0.771458 -0.030506
vn -0.504861 0.772407 -0.043800
vn -0.501824 0.773042 -0.052460
vn -0.497876 0.773778 -0.063130
vn -0.486870 0.777653 -0.079830
vn -0.480540 0.779159 -0.091022
vn -0.482059 0.778836 -0.085667
vn -0.489556 0.777337 -0.062056
vn -0.498693 0.775940 -0.021727
vn -0.498818 0.776325 0.020902
vn -0.499684 0.775312 0.045769
vn -0.499195 0.774967 0.050819
vn -0.497179 0.776020 0.034579
vn -0.492256 0.778125 0.001226
vn -0.473391 0.786983 -0.030734
vn -0.467222 0.788510 -0.046123
vn -0.467495 0.788488 -0.040086
vn -0.471382 0.787420 -0.013241
vn -0.473918 0.786164 0.023995
vn -0.467240 0.789503 0.051899
vn -0.459233 0.791048 0.075612
vn -0.453837 0.790490 0.106605
vn -0.443866 0.790075 0.144240
vn -0.429234 0.789602 0.185883
vn -0.412082 0.789113 0.222425
vn -0.395925 0.788776 0.249806
vn -0.379901 0.788927 0.271597
vn -0.361703 0.789690 0.292347
vn -0.336272 0.790766 0.318429
vn -0.301512 0.790727 0.351704
vn -0.261974 0.790855 0.381852
vn -0.227966 0.791058 0.402708
vn -0.206937 0.791187 0.413671
vn -0.195390 0.791287 0.419160
vn -0.179413 0.791290 0.426007
vn -0.157001 0.792787 0.432249
vn -0.136085 0.792745 0.439463
vn -0.115595 0.792763 0.445578
vn -0.101464 0.792926 0.449355
vn -0.094721 0.790576 0.458305
vn -0.081773 0.785424 0.468370
vn -0.052078 0.786846 0.470720
vn -0.002852 0.787207 0.472956
vn 0.066363 0.787842 0.466905
vn 0.136357 0.789128 0.449216
vn 0.190616 0.785571 0.436546
vn 0.225618 0.781485 0.426621
vn 0.244388 0.779352 0.423842
vn 0.251063 0.779180 0.421721
vn 0.260822 0.780441 0.415093
vn 0.278316 0.780690 0.405142
vn 0.297846 0.780859 0.392784
vn 0.322770 0.778985 0.380701
vn 0.356975 0.770513 0.365990
vn 0.386224 0.769862 0.337859
vn 0.403859 0.770763 0.314415
vn 0.410747 0.770917 0.306548
vn 0.411077 0.768274 0.316422
vn 0.404757 0.767835 0.329243
vn 0.409308 0.764274 0.338255
vn 0.414882 0.757943 0.346673
vn 0.410536 0.757161 0.356459
vn 0.400021 0.756796 0.371889
vn 0.382202 0.756521 0.391910
vn 0.363688 0.755582 0.411798
vn 0.348569 0.756457 0.423664
vn 0.342586 0.756457 0.429225
vn 0.350906 0.751475 0.435602
vn 0.356476 0.745848 0.438861
vn 0.352631 0.745358 0.443621
vn 0.343095 0.753910 0.435619
vn 0.352604 0.754198 0.426986
vn 0.372556 0.755194 0.407529
vn 0.401080 0.755617 0.377609
vn 0.427044 0.756189 0.346066
vn 0.453786 0.750327 0.330084
vn 0.464740 0.745399 0.321947
vn 0.465526 0.743894 0.326596
vn 0.458222 0.746416 0.334730
vn 0.452951 0.748177 0.337517
vn 0.453475 0.747832 0.338630
vn 0.458891 0.743170 0.343787
vn 0.471588 0.731781 0.352801
vn 0.470890 0.731803 0.353724
vn 0.470951 0.731525 0.354200
vn 0.470300 0.731688 0.355192
vn 0.469777 0.731274 0.357816
vn 0.469050 0.730561 0.361392
vn 0.455305 0.741528 0.360222
vn 0.458396 0.731879 0.373622
vn 0.455861 0.731738 0.375915
vn 0.457075 0.732112 0.372536
vn 0.462922 0.732765 0.362286
vn 0.471046 0.733817 0.347642
vn 0.477926 0.734728 0.335144
vn 0.483134 0.735286 0.326044
vn 0.480142 0.741076 0.314073
vn 0.475747 0.746690 0.303804
vn 0.483969 0.744488 0.282264
vn 0.509204 0.738267 0.246571
vn 0.518943 0.735212 0.232628
vn 0.499967 0.738019 0.268176
vn 0.445073 0.747802 0.339646
vn 0.383271 0.745438 0.419066
vn 0.329522 0.744977 0.464897
vn 0.293440 0.737223 0.500536
vn 0.246785 0.733918 0.529864
vn 0.184852 0.728295 0.561315
vn 0.106941 0.719685 0.590705
vn 0.030818 0.718762 0.600458
vn -0.029563 0.718670 0.600899
vn -0.084126 0.724730 0.584037
vn -0.138172 0.746494 0.545299
vn -0.211405 0.749071 0.516439
vn -0.288421 0.752765 0.472538
vn -0.373421 0.725451 0.457801
vn -0.419417 0.725472 0.417192
vn -0.456241 0.725537 0.378486
vn -0.466596 0.755378 0.297480
vn -0.520807 0.751215 0.205107
vn -0.554162 0.748682 0.107156
vn -0.565412 0.747762 0.052890
vn -0.575397 0.735142 0.057229
vn -0.626736 0.697153 0.104226
vn -0.626173 0.694098 0.134038
vn -0.610730 0.709812 0.126162
vn -0.620090 0.707191 0.097523
vn -0.633362 0.702844 0.041845
vn -0.641406 0.698293 -0.039616
vn -0.638755 0.692798 -0.120025
vn -0.635417 0.687907 -0.172187
vn -0.631068 0.687583 -0.189268
vn -0.635573 0.686998 -0.178168
vn -0.643198 0.686453 -0.154585
vn -0.643770 0.689498 -0.140303
vn -0.646045 0.689165 -0.134260
vn -0.646439 0.692053 -0.119522
vn -0.650769 0.691598 -0.099068
vn -0.655146 0.691064 -0.071883
vn -0.654362 0.694294 -0.043161
vn -0.654927 0.694821 -0.019931
vn -0.654946 0.695064 -0.001456
vn -0.654534 0.695346 0.012050
vn -0.655292 0.694871 0.008103
vn -0.655442 0.694861 -0.006470
vn -0.656412 0.694063 0.001043
vn -0.662100 0.687876 0.049200
vn -0.649902 0.687882 0.136137
vn -0.607915 0.691723 0.249986
vn -0.544790 0.695935 0.346686
vn -0.506349 0.695113 0.398228
vn -0.499338 0.696214 0.404597
vn -0.519742 0.700457 0.371883
vn -0.548068 0.710443 0.315575
vn -0.571176 0.709955 0.275561
vn -0.582831 0.709943 0.251489
vn -0.591541 0.710710 0.227615
vn -0.600733 0.710858 0.201456
vn -0.614481 0.703382 0.174430
vn -0.639047 0.691664 0.145513
vn -0.644747 0.692658 0.112922
vn -0.648425 0.693580 0.083826
vn -0.648895 0.695959 0.055770
vn -0.649944 0.696636 0.026970
vn -0.649001 0.697808 -0.007195
vn -0.649976 0.695909 -0.037147
vn -0.648640 0.696563 -0.055102
vn -0.652479 0.693615 -0.062287
vn -0.654066 0.693163 -0.061842
vn -0.655597 0.692833 -0.060323
vn -0.656205 0.692093 -0.069252
vn -0.654179 0.692345 -0.087314
vn -0.649089 0.693098 -0.115697
vn -0.645774 0.688534 -0.154652
vn -0.634388 0.689052 -0.192903
vn -0.626995 0.687545 -0.220649
vn -0.622675 0.687650 -0.234298
vn -0.624171 0.687036 -0.235610
vn -0.630919 0.685136 -0.226385
vn -0.642849 0.677346 -0.218650
vn -0.644738 0.675923 -0.218731
vn -0.639750 0.676060 -0.231940
vn -0.628395 0.676540 -0.259050
vn -0.610338 0.677914 -0.294032
vn -0.591125 0.679229 -0.326545
vn -0.575999 0.679635 -0.350568
vn -0.564509 0.680388 -0.365060
vn -0.557386 0.680914 -0.373605
vn -0.551707 0.680565 -0.381802
vn -0.541886 0.681455 -0.392901
vn -0.525063 0.692754 -0.396658
vn -0.512638 0.699890 -0.395206
vn -0.516113 0.695777 -0.399332
vn -0.522583 0.689967 -0.399355
vn -0.524547 0.690421 -0.395625
vn -0.522088 0.691540 -0.397105
vn -0.514116 0.693348 -0.403322
vn -0.502595 0.694373 -0.415711
vn -0.490791 0.695029 -0.428350
vn -0.461415 0.720580 -0.416222
vn -0.466243 0.703599 -0.439762
vn -0.448929 0.704305 -0.454345
vn -0.422881 0.705211 -0.475542
vn -0.387786 0.706151 -0.501177
vn -0.347696 0.709754 -0.523068
vn -0.318846 0.711435 -0.537514
vn -0.297563 0.725533 -0.529824
vn -0.297202 0.726844 -0.527136
vn -0.298749 0.737258 -0.510256
vn -0.301855 0.737328 -0.508152
vn -0.311610 0.723349 -0.528695
vn -0.314265 0.711569 -0.537361
vn -0.312026 0.714076 -0.537294
vn -0.303729 0.724959 -0.523909
vn -0.302897 0.725504 -0.523206
vn -0.301496 0.725559 -0.523404
vn -0.293910 0.732412 -0.517727
vn -0.288480 0.732383 -0.520566
vn -0.281140 0.732656 -0.524298
vn -0.265116 0.747801 -0.509656
vn -0.255509 0.756272 -0.500174
vn -0.253681 0.756475 -0.500604
vn -0.275428 0.727951 -0.544454
vn -0.280655 0.712063 -0.551336
vn -0.277394 0.719218 -0.543158
vn -0.271263 0.730543 -0.530252
vn -0.271543 0.730741 -0.529339
vn -0.271978 0.730836 -0.528637
vn -0.268363 0.741523 -0.514470
vn -0.273306 0.741303 -0.512215
vn -0.274743 0.741252 -0.511626
vn -0.264236 0.752155 -0.500949
vn -0.246896 0.759556 -0.492069
vn -0.230515 0.765025 -0.492866
vn -0.225202 0.755642 -0.515820
vn -0.227563 0.731176 -0.555578
vn -0.217950 0.716529 -0.565810
vn -0.202067 0.733955 -0.550513
vn -0.188799 0.743389 -0.538740
vn -0.181709 0.743663 -0.540254
vn -0.171477 0.744277 -0.542363
vn -0.152682 0.754464 -0.532351
vn -0.131078 0.755542 -0.535603
vn -0.101845 0.762006 -0.531747
vn -0.073349 0.761946 -0.536201
vn -0.049764 0.763116 -0.536053
vn -0.033793 0.767125 -0.531235
vn -0.026069 0.767334 -0.530882
vn -0.024813 0.767696 -0.530053
vn -0.024867 0.767892 -0.530183
vn -0.018965 0.767620 -0.530610
vn -0.006810 0.765598 -0.534295
vn 0.012442 0.765485 -0.533971
vn 0.034551 0.765695 -0.532299
vn 0.053452 0.766042 -0.530054
vn 0.070904 0.766104 -0.527297
vn 0.089913 0.764570 -0.527330
vn 0.110386 0.762365 -0.525150
vn 0.135225 0.762856 -0.517625
vn 0.163059 0.763446 -0.507810
vn 0.183601 0.763947 -0.498456
vn 0.192101 0.764485 -0.493258
vn 0.190160 0.764430 -0.492908
vn 0.175076 0.769525 -0.494894
vn 0.154804 0.774518 -0.492067
vn 0.144825 0.782352 -0.475836
vn 0.158715 0.783069 -0.470365
vn 0.187596 0.783268 -0.458410
vn 0.220678 0.783918 -0.441207
vn 0.244854 0.784563 -0.425721
vn 0.261092 0.784981 -0.413393
vn 0.276803 0.783459 -0.405125
vn 0.290221 0.783343 -0.394963
vn 0.305188 0.783788 -0.382354
vn 0.321333 0.784053 -0.367526
vn 0.331194 0.787609 -0.350108
vn 0.340150 0.788324 -0.339141
vn 0.346572 0.788259 -0.332382
vn 0.354013 0.786588 -0.330962
vn 0.362092 0.784379 -0.326379
vn 0.369688 0.784250 -0.318462
vn 0.376588 0.784475 -0.310469
vn 0.383747 0.784274 -0.301814
vn 0.388923 0.785873 -0.291155
vn 0.396914 0.785941 -0.281108
vn 0.403276 0.785874 -0.272477
vn 0.406938 0.785791 -0.267256
vn 0.411792 0.784334 -0.266823
vn 0.423105 0.775530 -0.275351
vn 0.425191 0.773845 -0.276684
vn 0.430854 0.771949 -0.277348
vn 0.434284 0.773848 -0.272771
vn 0.437255 0.776309 -0.262749
vn 0.441338 0.778511 -0.246002
vn 0.449192 0.779252 -0.228732
vn 0.455944 0.779299 -0.216015
vn 0.459289 0.778450 -0.212256
vn 0.456641 0.778593 -0.218292
vn 0.454672 0.777335 -0.228464
vn 0.468958 0.767684 -0.243010
vn 0.469055 0.763762 -0.247606
vn 0.466984 0.763842 -0.251510
vn 0.468577 0.760712 -0.258913
vn 0.463747 0.760581 -0.267832
vn 0.457102 0.760679 -0.279061
vn 0.452019 0.763003 -0.285369
vn 0.451270 0.766358 -0.281541
vn 0.452032 0.769814 -0.266254
vn 0.454344 0.772660 -0.246987
vn 0.467225 0.769355 -0.237051
vn 0.476957 0.766305 -0.229676
vn 0.481719 0.765206 -0.219682
vn 0.485551 0.765312 -0.209529
vn 0.489907 0.765237 -0.197576
vn 0.494513 0.765499 -0.183772
vn 0.497302 0.766087 -0.171965
vn 0.498849 0.766242 -0.166184
vn 0.498208 0.767016 -0.166046
vn 0.494697 0.768027 -0.168620
vn 0.494178 0.768185 -0.169757
vn 0.494541 0.768057 -0.169078
vn 0.494470 0.768433 -0.168072
vn 0.495200 0.768324 -0.166561
vn 0.495966 0.768207 -0.165048
vn 0.496663 0.768248 -0.163895
vn 0.500131 0.766815 -0.163459
vn 0.506744 0.766404 -0.164461
vn 0.516250 0.756279 -0.166216
vn 0.517153 0.755508 -0.165343
vn 0.517592 0.755486 -0.164992
vn 0.518684 0.755274 -0.163238
vn 0.520123 0.755124 -0.160760
vn 0.518947 0.757347 -0.155471
vn 0.520486 0.757365 -0.151645
vn 0.521840 0.757067 -0.149561
vn 0.523509 0.757185 -0.145386
vn 0.525914 0.757174 -0.138560
vn 0.530529 0.756459 -0.126927
vn 0.532791 0.757491 -0.113696
vn 0.536391 0.756918 -0.101710
vn 0.539283 0.756423 -0.090766
vn 0.541849 0.755924 -0.080105
vn 0.544026 0.755809 -0.068900
vn 0.542434 0.757587 -0.058760
vn 0.542658 0.757869 -0.049871
vn 0.543541 0.757569 -0.039743
vn 0.544697 0.757108 -0.025015
vn 0.545747 0.756664 -0.006759
vn 0.546230 0.756062 0.015924
vn 0.536621 0.761665 0.039720
vn 0.534035 0.761818 0.057685
vn 0.532141 0.761647 0.069756
vn 0.530458 0.761590 0.075840
vn 0.529360 0.762254 0.068643
vn 0.526877 0.764403 0.052534
vn 0.522663 0.766203 0.054163
vn 0.519724 0.765704 0.084651
vn 0.510961 0.765279 0.131673
vn 0.498896 0.765266 0.171531
vn 0.485164 0.769151 0.188769
vn 0.473901 0.772349 0.200905
vn 0.463063 0.772763 0.222192
vn 0.444111 0.773139 0.255114
vn 0.407372 0.774035 0.306317
vn 0.350540 0.777738 0.357711
vn 0.298860 0.779368 0.395467
vn 0.261785 0.780040 0.417339
vn 0.243190 0.780849 0.425829
vn 0.236896 0.781130 0.427969
vn 0.216585 0.786454 0.426823
vn 0.188565 0.785922 0.439604
vn 0.154943 0.786234 0.450777
vn 0.119903 0.787564 0.457991
vn 0.087612 0.788267 0.462965
vn 0.058463 0.789223 0.466163
vn 0.030113 0.789437 0.469104
vn 0.000059 0.789067 0.470905
vn -0.031958 0.788443 0.470987
vn -0.062350 0.788080 0.469407
vn -0.089041 0.786414 0.468909
vn -0.113069 0.786205 0.464185
vn -0.139213 0.786174 0.457631
vn -0.168177 0.785596 0.449170
vn -0.201514 0.781115 0.444375
vn -0.227046 0.782836 0.427246
vn -0.248879 0.786531 0.409177
vn -0.273488 0.786319 0.395671
vn -0.311945 0.775017 0.393119
vn -0.346103 0.773380 0.370269
vn -0.380084 0.772095 0.342214
vn -0.415748 0.770131 0.307213
vn -0.450330 0.768516 0.263439
vn -0.479189 0.767435 0.214628
vn -0.503402 0.766806 0.155113
vn -0.517913 0.767329 0.088161
vn -0.522470 0.767217 0.037041
vn -0.520390 0.768168 0.009134
vn -0.518767 0.768424 0.001393
vn -0.517782 0.768549 -0.000239
vn -0.513455 0.770189 -0.011236
vn -0.508900 0.771458 -0.030506
vn -0.504861 0.772407 -0.043800
vn -0.501824 0.773042 -0.052460
vn -0.497876 0.773778 -0.063130
vn -0.486870 0.777653 -0.079830
vn -0.480540 0.779159 -0.091022
vn -0.482059 0.778836 -0.085667
vn -0.489556 0.777337 -0.062056
vn -0.498693 0.775940 -0.021727
vn -0.498818 0.776325 0.020902
vn -0.499684 0.775312 0.045769
vn -0.499195 0.774967 0.050819
vn -0.497179 0.776020 0.034579
vn -0.492256 0.778125 0.001226
vn -0.473391 0.786983 -0.030734
vn -0.467222 0.788510 -0.046123
vn -0.467495 0.788488 -0.040086
vn -0.471382 0.787420 -0.013241
vn -0.473918 0.786164 0.023995
vn -0.467240 0.789503 0.051899
vn -0.459233 0.791048 0.075612
vn -0.453837 0.790490 0.106605
vn -0.443866 0.790075 0.144240
vn -0.429234 0.789602 0.185883
vn -0.412082 0.789113 0.222425
vn -0.395925 0.788776 0.249806
vn -0.379901 0.788927 0.271597
vn -0.361703 0.789690 0.292347
vn -0.336272 0.790766 0.318429
vn -0.301512 0.790727 0.351704
vn -0.261974 0.790855 0.381852
vn -0.227966 0.791058 0.402708
vn -0.206937 0.791187 0.413671
vn -0.195390 0.791287 0.419160
vn -0.179413 0.791290 0.426007
vn -0.157001 0.792787 0.432249
vn -0.136085 0.792745 0.439463
vn -0.115595 0.792763 0.445578
vn -0.101464 0.792926 0.449355
vn -0.094721 0.790576 0.458305
vn -0.081773 0.785424 0.468370
vn -0.052078 0.786846 0.470720
vn -0.002852 0.787207 0.472956
vn 0.066363 0.787842 0.466905
vn 0.136357 0.789128 0.449216
vn 0.190616 0.785571 0.436546
vn 0.225618 0.781485 0.426621
vn 0.244388 0.779352 0.423842
vn 0.251063 0.779180 0.421721
vn 0.260822 0.780441 0.415093
vn 0.278316 0.780690 0.405142
vn 0.297846 0.780859 0.392784
vn 0.322770 0.778985 0.380701
vn 0.356975 0.770513 0.365990
vn 0.386224 0.769862 0.337859
vn 0.403859 0.770763 0.314415
vn 0.410747 0.770917 0.306548
vn 0.411077 0.768274 0.316422
vn 0.404757 0.767835 0.329243
vn 0.409308 0.764274 0.338255
vn 0.414882 0.757943 0.346673
vn 0.410536 0.757161 0.356459
vn 0.400021 0.756796 0.371889
vn 0.382202 0.756521 0.391910
vn 0.363688 0.755582 0.411798
vn 0.348569 0.756457 0.423664
vn 0.342586 0.756457 0.429225
vn 0.350906 0.751475 0.435602
vn 0.356476 0.745848 0.438861
vn 0.352631 0.745358 0.443621
vn 0.343095 0.753910 0.435619
vn 0.352604 0.754198 0.426986
vn 0.372556 0.755194 0.407529
vn 0.401080 0.755617 0.377609
vn 0.427044 0.756189 0.346066
vn 0.453786 0.750327 0.330084
vn 0.464740 0.745399 0.321947
vn 0.465526 0.743894 0.326596
vn 0.458222 0.746416 0.334730
vn 0.452951 0.748177 0.337517
vn 0.453475 0.747832 0.338630
vn 0.458891 0.743170 0.343787
vn 0.471588 0.731781 0.352801
vn 0.470890 0.731803 0.353724
vn 0.470951 0.731525 0.354200
vn 0.470300 0.731688 0.355192
vn 0.469777 0.731274 0.357816
vn 0.469050 0.730561 0.361392
vn 0.455305 0.741528 0.360222
vn 0.458396 0.731879 0.373622
vn 0.455861 0.731738 0.375915
vn 0.457075 0.732112 0.372536
vn 0.462922 0.732765 0.362286
vn 0.471046 0.733817 0.347642
vn 0.477926 0.734728 0.335144
vn 0.483134 0.735286 0.326044
vn 0.480142 0.741076 0.314073
vn 0.475747 0.746690 0.303804
vn 0.483969 0.744488 0.282264
vn 0.509204 0.738267 0.246571
vn 0.518943 0.735212 0.232628
vn 0.499967 0.738019 0.268176
vn 0.445073 0.747802 0.339646
vn 0.383271 0.745438 0.419066
vn 0.329522 0.744977 0.464897
vn 0.293440 0.737223 0.500536
vn 0.246785 0.733918 0.529864
vn 0.184852 0.728295 0.561315
vn 0.106941 0.719685 0.590705
vn 0.030818 0.718762 0.600458
vn -0.029563 0.718670 0.600899
vn -0.084126 0.724730 0.584037
vn -0.138172 0.746494 0.545299
vn -0.211405 0.749071 0.516439
vn -0.288421 0.752765 0.472538
vn -0.373421 0.725451 0.457801
vn -0.419417 0.725472 0.417192
vn -0.456241 0.725537 0.378486
vn -0.466596 0.755378 0.297480
vn -0.520807 0.751215 0.205107
vn -0.554162 0.748682 0.107156
vn -0.565412 0.747762 0.052890
vn -0.575397 0.735142 0.057229
vn -0.626736 0.697153 0.104226
vn -0.626173 0.694098 0.134038
vn -0.610730 0.709812 0.126162
vn -0.620090 0.707191 0.097523
vn -0.633362 0.702844 0.041845
vn -0.641406 0.698293 -0.039616
vn -0.638755 0.692798 -0.120025
vn -0.635417 0.687907 -0.172187
vn -0.631068 0.687583 -0.189268
vn -0.635573 0.686998 -0.178168
vn -0.643198 0.686453 -0.154585
vn -0.643770 0.689498 -0.140303
vn -0.646045 0.689165 -0.134260
vn -0.646439 0.692053 -0.119522
vn -0.650769 0.691598 -0.099068
vn -0.655146 0.691064 -0.071883
vn -0.654362 0.694294 -0.043161
vn -0.654927 0.694821 -0.019931
vn -0.654946 0.695064 -0.001456
vn -0.654534 0.695346 0.012050
vn -0.655292 0.694871 0.008103
vn -0.655442 0.694861 -0.006470
vn -0.656412 0.694063 0.001043
vn -0.662100 0.687876 0.049200
vn -0.649902 0.687882 0.136137
vn -0.607915 0.691723 0.249986
vn -0.544790 0.695935 0.346686
vn -0.506349 0.695113 0.398228
vn -0.499338 0.696214 0.404597
vn -0.519742 0.700457 0.371883
vn -0.548068 0.710443 0.315575
vn -0.571176 0.709955 0.275561
vn -0.582831 0.709943 0.251489
vn -0.591541 0.710710 0.227615
vn -0.600733 0.710858 0.201456
vn -0.614481 0.703382 0.174430
vn -0.639047 0.691664 0.145513
vn -0.644747 0.692658 0.112922
vn -0.648425 0.693580 0.083826
vn -0.648895 0.695959 0.055770
vn -0.649944 0.696636 0.026970
vn -0.649001 0.697808 -0.007195
vn -0.649976 0.695909 -0.037147
vn -0.648640 0.696563 -0.055102
vn -0.652479 0.693615 -0.062287
vn -0.654066 0.693163 -0.061842
vn -0.655597 0.692833 -0.060323
vn -0.656205 0.692093 -0.069252
vn -0.654179 0.692345 -0.087314
vn -0.649089 0.693098 -0.115697
vn -0.645774 0.688534 -0.154652
vn -0.634388 0.689052 -0.192903
vn -0.626995 0.687545 -0.220649
vn -0.622675 0.687650 -0.234298
vn -0.624171 0.687036 -0.235610
vn -0.630919 0.685136 -0.226385
vn -0.642849 0.677346 -0.218650
vn -0.644738 0.675923 -0.218731
vn -0.639750 0.676060 -0.231940
vn -0.628395 0.676540 -0.259050
vn -0.610338 0.677914 -0.294032
vn -0.591125 0.679229 -0.326545
vn -0.575999 0.679635 -0.350568
vn -0.564509 0.680388 -0.365060
vn -0.557386 0.680914 -0.373605
vn -0.551707 0.680565 -0.381802
vn -0.541886 0.681455 -0.392901
vn -0.525063 0.692754 -0.396658
vn -0.512638 0.699890 -0.395206
vn -0.516113 0.695777 -0.399332
vn -0.522583 0.689967 -0.399355
vn -0.524547 0.690421 -0.395625
vn -0.522088 0.691540 -0.397105
vn -0.514116 0.693348 -0.403322
vn -0.502595 0.694373 -0.415711
vn -0.490791 0.695029 -0.428350
vn -0.461415 0.720580 -0.416222
vn -0.466243 0.703599 -0.439762
vn -0.448929 0.704305 -0.454345
vn -0.422881 0.705211 -0.475542
vn -0.387786 0.706151 -0.501177
vn -0.347696 0.709754 -0.523068
vn -0.318846 0.711435 -0.537514
vn -0.297563 0.725533 -0.529824
vn -0.297202 0.726844 -0.527136
vn -0.298749 0.737258 -0.510256
vn -0.301855 0.737328 -0.508152
vn -0.311610 0.723349 -0.528695
vn -0.314265 0.711569 -0.537361
vn -0.312026 0.714076 -0.537294
vn -0.303729 0.724959 -0.523909
vn -0.302897 0.725504 -0.523206
vn -0.301496 0.725559 -0.523404
vn -0.293910 0.732412 -0.517727
vn -0.288480 0.732383 -0.520566
vn -0.281140 0.732656 -0.524298
vn -0.265116 0.747801 -0.509656
vn -0.255509 0.756272 -0.500174
vn -0.253681 0.756475 -0.500604
vn -0.275428 0.727951 -0.544454
vn -0.280655 0.712063 -0.551336
vn -0.277394 0.719218 -0.543158
vn -0.271263 0.730543 -0.530252
vn -0.271543 0.730741 -0.529339
vn -0.271978 0.730836 -0.528637
vn -0.268363 0.741523 -0.514470
vn -0.273306 0.741303 -0.512215
vn -0.274743 0.741252 -0.511626
vn -0.264236 0.752155 -0.500949
vn -0.246896 0.759556 -0.492069
vn -0.230515 0.765025 -0.492866
vn -0.225202 0.755642 -0.515820
vn -0.227563 0.731176 -0.555578
vn -0.217950 0.716529 -0.565810
vn -0.202067 0.733955 -0.550513
vn -0.188799 0.743389 -0.538740
vn -0.181709 0.743663 -0.540254
vn -0.171477 0.744277 -0.542363
vn -0.152682 0.754464 -0.532351
vn -0.131078 0.755542 -0.535603
vn -0.101845 0.762006 -0.531747
vn -0.073349 0.761946 -0.536201
vn -0.049764 0.763116 -0.536053
vn -0.033793 0.767125 -0.531235
vn -0.026069 0.767334 -0.530882
vn -0.024813 0.767696 -0.530053
vn -0.024867 0.767892 -0.530183
vn -0.018965 0.767620 -0.530610
vn -0.006810 0.765598 -0.534295
vn 0.012442 0.765485 -0.533971
vn 0.034551 0.765695 -0.532299
vn 0.053452 0.766042 -0.530054
vn 0.070904 0.766104 -0.527297
vn 0.089913 0.764570 -0.527330
vn 0.110386 0.762365 -0.525150
vn 0.135225 0.762856 -0.517625
vn 0.163059 0.763446 -0.507810
vn 0.183601 0.763947 -0.498456
vn 0.192101 0.764485 -0.493258
vn 0.190160 0.764430 -0.492908
vn 0.175076 0.769525 -0.494894
vn 0.154804 0.774518 -0.492067
vn 0.144825 0.782352 -0.475836
vn 0.158715 0.783069 -0.470365
vn 0.187596 0.783268 -0.458410
vn 0.220678 0.783918 -0.441207
vn 0.244854 0.784563 -0.425721
vn 0.261092 0.784981 -0.413393
vn 0.276803 0.783459 -0.405125
vn 0.290221 0.783343 -0.394963
vn 0.305188 0.783788 -0.382354
vn 0.321333 0.784053 -0.367526
vn 0.331194 0.787609 -0.350108
vn 0.340150 0.788324 -0.339141
vn 0.346572 0.788259 -0.332382
vn 0.354013 0.786588 -0.330962
vn 0.362092 0.784379 -0.326379
vn 0.369688 0.784250 -0.318462
vn 0.376588 0.784475 -0.310469
vn 0.383747 0.784274 -0.301814
vn 0.388923 0.785873 -0.291155
vn 0.396914 0.785941 -0.281108
vn 0.403276 0.785874 -0.272477
vn 0.406938 0.785791 -0.267256
vn 0.411792 0.784334 -0.266823
vn 0.423105 0.775530 -0.275351
vn 0.425191 0.773845 -0.276684
vn 0.430854 0.771949 -0.277348
vn 0.434284 0.773848 -0.272771
vn 0.437255 0.776309 -0.262749
vn 0.441338 0.778511 -0.246002
vn 0.449192 0.779252 -0.228732
vn 0.455944 0.779299 -0.216015
vn 0.459289 0.778450 -0.212256
vn 0.456641 0.778593 -0.218292
vn 0.454672 0.777335 -0.228464
vn 0.468958 0.767684 -0.243010
vn 0.469055 0.763762 -0.247606
vn 0.466984 0.763842 -0.251510
vn 0.468577 0.760712 -0.258913
vn 0.463747 0.760581 -0.267832
vn 0.457102 0.760679 -0.279061
vn 0.452019 0.763003 -0.285369
vn 0.451270 0.766358 -0.281541
vn 0.452032 0.769814 -0.266254
vn 0.454344 0.772660 -0.246987
vn 0.467225 0.769355 -0.237051
vn 0.476957 0.766305 -0.229676
vn 0.481719 0.765206 -0.219682
vn 0.485551 0.765312 -0.209529
vn 0.489907 0.765237 -0.197576
vn 0.494513 0.765499 -0.183772
vn 0.497302 0.766087 -0.171965
vn 0.498849 0.766242 -0.166184
vn 0.498208 0.767016 -0.166046
vn 0.494697 0.768027 -0.168620
vn 0.494178 0.768185 -0.169757
vn 0.494541 0.768057 -0.169078
vn 0.494470 0.768433 -0.168072
vn 0.495200 0.768324 -0.166561
vn 0.495966 0.768207 -0.165048
vn 0.496663 0.768248 -0.163895
vn 0.500131 0.766815 -0.163459
vn 0.506744 0.766404 -0.164461
vn 0.516250 0.756279 -0.166216
vn 0.517153 0.755508 -0.165343
vn 0.517592 0.755486 -0.164992
vn 0.518684 0.755274 -0.163238
vn 0.520123 0.755124 -0.160760
vn 0.518947 0.757347 -0.155471
vn 0.520486 0.757365 -0.151645
vn 0.521840 0.757067 -0.149561
vn 0.523509 0.757185 -0.145386
vn 0.525914 0.757174 -0.138560
vn 0.530529 0.756459 -0.126927
vn 0.532791 0.757491 -0.113696
vn 0.536391 0.756918 -0.101710
vn 0.539283 0.756423 -0.090766
vn 0.541849 0.755924 -0.080105
vn 0.544026 0.755809 -0.068900
vn 0.542434 0.757587 -0.058760
vn 0.542658 0.757869 -0.049871
vn 0.543541 0.757569 -0.039743
vn 0.544697 0.757108 -0.025015
vn 0.545747 0.756664 -0.006759
vn 0.546230 0.756062 0.015924
vn 0.536621 0.761665 0.039720
vn 0.534035 0.761818 0.057685
vn 0.532141 0.761647 0.069756
vn 0.530458 0.761590 0.075840
vn 0.529360 0.762254 0.068643
vn 0.526877 0.764403 0.052534
vn 0.522663 0.766203 0.054163
vn 0.519724 0.765704 0.084651
vn 0.510961 0.765279 0.131673
vn 0.498896 0.765266 0.171531
vn 0.485164 0.769151 0.188769
vn 0.473901 0.772349 0.200905
vn 0.463063 0.772763 0.222192
vn 0.444111 0.773139 0.255114
vn 0.789321 0.039426 0.612714
vn 0.682884 0.040335 0.729413
vn 0.580634 0.041439 0.813109
vn 0.507137 0.042632 0.860810
vn 0.473665 0.043845 0.879613
vn 0.465020 0.045020 0.884155
vn 0.436313 0.046019 0.898617
vn 0.380326 0.046178 0.923699
vn 0.313673 0.046395 0.948397
vn 0.244608 0.046816 0.968491
vn 0.181430 0.047248 0.982268
vn 0.124568 0.047942 0.991052
vn 0.067041 0.047444 0.996622
vn 0.006095 0.046906 0.998881
vn -0.058750 0.046383 0.997195
vn -0.120353 0.046019 0.991664
vn -0.172967 0.045425 0.983880
vn -0.222083 0.044725 0.974001
vn -0.275453 0.044119 0.960302
vn -0.333884 0.043557 0.941607
vn -0.394843 0.042449 0.917768
vn -0.447612 0.041194 0.893279
vn -0.492973 0.040632 0.869095
vn -0.538079 0.039928 0.841948
vn -0.590903 0.037898 0.805852
vn -0.653801 0.036348 0.755793
vn -0.719545 0.035190 0.693553
vn -0.787501 0.034229 0.615362
vn -0.853515 0.033563 0.519986
vn -0.909539 0.033120 0.414296
vn -0.956942 0.032880 0.288412
vn -0.988349 0.032939 0.148600
vn -0.998704 0.033635 0.038192
vn -0.999100 0.034698 -0.024396
vn -0.998347 0.035819 -0.044958
vn -0.997894 0.036993 -0.053284
vn -0.996068 0.038201 -0.079935
vn -0.991809 0.039934 -0.121323
vn -0.987574 0.041791 -0.151499
vn -0.984453 0.043846 -0.170088
vn -0.979829 0.046216 -0.194421
vn -0.970869 0.049020 -0.234543
vn -0.964226 0.051900 -0.259950
vn -0.967435 0.055378 -0.246986
vn -0.979157 0.059192 -0.194290
vn -0.992256 0.063544 -0.106724
vn -0.997595 0.067282 -0.016666
vn -0.996797 0.071142 0.036521
vn -0.995933 0.075820 0.048676
vn -0.996517 0.081716 0.016645
vn -0.994656 0.088913 -0.052471
vn -0.987675 0.097859 -0.122152
vn -0.982442 0.105294 -0.154017
vn -0.983865 0.114049 -0.137851
vn -0.989541 0.123651 -0.074294
vn -0.990907 0.134138 0.010484
vn -0.986595 0.145095 0.074684
vn -0.979640 0.153103 0.129861
vn -0.966341 0.161371 0.200361
vn -0.943628 0.169303 0.284433
vn -0.909588 0.176482 0.376170
vn -0.870702 0.182954 0.456515
vn -0.835458 0.188775 0.516115
vn -0.801991 0.193958 0.564970
vn -0.765290 0.198722 0.612242
vn -0.713515 0.201245 0.671116
vn -0.638034 0.201303 0.743230
vn -0.552310 0.200018 0.809288
vn -0.479044 0.197724 0.855232
vn -0.433663 0.194651 0.879800
vn -0.408412 0.191383 0.892509
vn -0.373749 0.187504 0.908380
vn -0.327086 0.185205 0.926668
vn -0.281182 0.183392 0.941968
vn -0.236210 0.181235 0.954651
vn -0.204966 0.178488 0.962357
vn -0.187304 0.175536 0.966491
vn -0.156772 0.167203 0.973378
vn -0.095210 0.161968 0.982192
vn 0.007934 0.157954 0.987415
vn 0.156078 0.152498 0.975902
vn 0.308066 0.145934 0.940106
vn 0.419761 0.133145 0.897816
vn 0.488595 0.119536 0.864284
vn 0.519945 0.114347 0.846512
vn 0.530986 0.109372 0.840292
vn 0.550836 0.105941 0.827862
vn 0.584246 0.103363 0.804968
vn 0.622019 0.100468 0.776530
vn 0.664336 0.097340 0.741068
vn 0.716622 0.090651 0.691545
vn 0.771801 0.085811 0.630047
vn 0.808842 0.080793 0.582449
vn 0.821574 0.076067 0.565004
vn 0.812270 0.073321 0.578655
vn 0.795231 0.071859 0.602033
vn 0.789073 0.070647 0.610223
vn 0.785021 0.066900 0.615846
vn 0.771638 0.064027 0.632831
vn 0.746450 0.061629 0.662582
vn 0.710324 0.059547 0.701351
vn 0.671363 0.057822 0.738870
vn 0.642509 0.057942 0.764084
vn 0.629847 0.058943 0.774479
vn 0.633022 0.060036 0.771802
vn 0.637266 0.059054 0.768378
vn 0.628900 0.058647 0.775271
vn 0.625988 0.057941 0.777677
vn 0.646403 0.056200 0.760924
vn 0.688523 0.054383 0.723173
vn 0.746125 0.053547 0.663649
vn 0.798968 0.052619 0.599066
vn 0.831984 0.051427 0.552411
vn 0.845998 0.047650 0.531053
vn 0.843140 0.045272 0.535785
vn 0.831852 0.043586 0.553284
vn 0.826761 0.041561 0.561017
vn 0.826671 0.039709 0.561282
vn 0.826249 0.038949 0.561957
vn 0.826339 0.037601 0.561916
vn 0.826327 0.036429 0.562012
vn 0.826910 0.035292 0.561226
vn 0.826942 0.034155 0.561248
vn 0.825571 0.033085 0.563327
vn 0.823535 0.032043 0.566360
vn 0.818045 0.031867 0.574271
vn 0.809470 0.029922 0.586398
vn 0.806231 0.028677 0.590905
vn 0.811183 0.027553 0.584143
vn 0.825178 0.026519 0.564250
vn 0.843736 0.025520 0.536151
vn 0.859620 0.024566 0.510343
vn 0.870754 0.023647 0.491150
vn 0.879474 0.023109 0.475386
vn 0.885731 0.022440 0.463656
vn 0.905737 0.020987 0.423320
vn 0.937980 0.020092 0.346106
vn 0.948649 0.019354 0.315737
vn 0.921982 0.018684 0.386783
vn 0.840501 0.018511 0.541493
vn 0.716638 0.018179 0.697208
vn 0.614197 0.018020 0.788947
vn 0.536858 0.017389 0.843494
vn 0.447793 0.016715 0.893981
vn 0.331567 0.016169 0.943293
vn 0.188145 0.015697 0.982016
vn 0.054111 0.015556 0.998414
vn -0.050428 0.015557 0.998607
vn -0.145292 0.015347 0.989270
vn -0.248397 0.016314 0.968521
vn -0.382278 0.016630 0.923898
vn -0.525528 0.017116 0.850604
vn -0.635537 0.016444 0.771896
vn -0.711492 0.016465 0.702501
vn -0.770599 0.016577 0.637105
vn -0.842441 0.017434 0.538506
vn -0.931667 0.017104 0.362909
vn -0.984179 0.016950 0.176367
vn -0.996882 0.016937 0.077065
vn -0.995589 0.015803 0.092480
vn -0.984370 0.015703 0.175411
vn -0.971522 0.015908 0.236414
vn -0.971132 0.016027 0.238005
vn -0.981202 0.015523 0.192356
vn -0.995104 0.015039 0.097679
vn -0.998979 0.014696 -0.042722
vn -0.983573 0.014353 -0.179938
vn -0.964046 0.014436 -0.265342
vn -0.954812 0.014532 -0.296855
vn -0.959929 0.014642 -0.279861
vn -0.970760 0.014714 -0.239600
vn -0.975808 0.014798 -0.218130
vn -0.977917 0.014774 -0.208469
vn -0.982435 0.014856 -0.186011
vn -0.988037 0.014941 -0.153491
vn -0.993903 0.014971 -0.109240
vn -0.997841 0.015073 -0.063919
vn -0.999548 0.015024 -0.026022
vn -0.999884 0.014965 0.002888
vn -0.999644 0.014877 0.022161
vn -0.999833 0.014866 0.010596
vn -0.999677 0.014928 -0.020555
vn -0.999813 0.014980 -0.012203
vn -0.997631 0.014915 0.067152
vn -0.976305 0.014925 0.215885
vn -0.909776 0.014893 0.414833
vn -0.809053 0.014483 0.587557
vn -0.739574 0.014233 0.672925
vn -0.731264 0.013847 0.681955
vn -0.778916 0.013426 0.626985
vn -0.847350 0.013684 0.530858
vn -0.891239 0.013576 0.453330
vn -0.913807 0.013543 0.405922
vn -0.932196 0.013542 0.361700
vn -0.948772 0.013560 0.315669
vn -0.964447 0.013096 0.263951
vn -0.978494 0.013283 0.205845
vn -0.988785 0.013512 0.148735
vn -0.995187 0.013798 0.097015
vn -0.998596 0.014036 0.051070
vn -0.999894 0.014233 0.003213
vn -0.998473 0.014483 -0.053311
vn -0.994592 0.014720 -0.102814
vn -0.991263 0.015105 -0.131032
vn -0.990207 0.015421 -0.138750
vn -0.991214 0.015586 -0.131350
vn -0.992317 0.015746 -0.122713
vn -0.991208 0.015918 -0.131349
vn -0.987200 0.016134 -0.158671
vn -0.979047 0.016413 -0.202972
vn -0.964365 0.016503 -0.264061
vn -0.944776 0.016667 -0.327292
vn -0.928853 0.016871 -0.370064
vn -0.921106 0.017202 -0.388931
vn -0.922921 0.017521 -0.384591
vn -0.931940 0.017758 -0.362179
vn -0.941008 0.017731 -0.337920
vn -0.942610 0.017750 -0.333423
vn -0.934889 0.017806 -0.354494
vn -0.916842 0.017901 -0.398848
vn -0.888523 0.018100 -0.458475
vn -0.857574 0.018399 -0.514031
vn -0.832002 0.018765 -0.554455
vn -0.813172 0.019169 -0.581707
vn -0.801863 0.019624 -0.597185
vn -0.791275 0.020249 -0.611125
vn -0.774928 0.020999 -0.631701
vn -0.759835 0.022440 -0.649728
vn -0.753222 0.023094 -0.657361
vn -0.754323 0.024133 -0.656060
vn -0.762909 0.024641 -0.646037
vn -0.771255 0.025526 -0.636014
vn -0.772002 0.026574 -0.635065
vn -0.765377 0.027162 -0.643008
vn -0.750350 0.027882 -0.660452
vn -0.734980 0.028669 -0.677482
vn -0.725239 0.030337 -0.687829
vn -0.712392 0.029679 -0.701154
vn -0.686361 0.029628 -0.726657
vn -0.644561 0.029726 -0.763974
vn -0.586281 0.029977 -0.809553
vn -0.520653 0.030986 -0.853206
vn -0.472734 0.032197 -0.880617
vn -0.450289 0.034150 -0.892230
vn -0.454504 0.034455 -0.890078
vn -0.472934 0.036363 -0.880347
vn -0.481849 0.038318 -0.875416
vn -0.481289 0.040520 -0.875625
vn -0.481564 0.040295 -0.875484
vn -0.481770 0.042263 -0.875278
vn -0.482770 0.042283 -0.874726
vn -0.485407 0.041896 -0.873284
vn -0.486071 0.041451 -0.872936
vn -0.482630 0.042348 -0.874800
vn -0.474695 0.043534 -0.879073
vn -0.464018 0.044898 -0.884687
vn -0.451862 0.046218 -0.890890
vn -0.444280 0.046928 -0.894658
vn -0.440905 0.048334 -0.896251
vn -0.441131 0.049857 -0.896057
vn -0.443654 0.045976 -0.895018
vn -0.444801 0.046392 -0.894427
vn -0.444773 0.047768 -0.894369
vn -0.444020 0.047117 -0.894777
vn -0.444290 0.046472 -0.894677
vn -0.448005 0.046929 -0.892799
vn -0.456150 0.049011 -0.888552
vn -0.457499 0.051285 -0.887730
vn -0.448347 0.054399 -0.892203
vn -0.426684 0.054238 -0.902773
vn -0.398240 0.058128 -0.915438
vn -0.372426 0.061596 -0.926015
vn -0.351020 0.064749 -0.934127
vn -0.331250 0.062012 -0.941503
vn -0.314151 0.068362 -0.946908
vn -0.302559 0.069119 -0.950621
vn -0.294323 0.069601 -0.953168
vn -0.280783 0.070361 -0.957189
vn -0.257898 0.073550 -0.963368
vn -0.222202 0.078963 -0.971798
vn -0.172262 0.081279 -0.981692
vn -0.118898 0.080721 -0.989620
vn -0.075729 0.080535 -0.993871
vn -0.048351 0.082166 -0.995445
vn -0.037632 0.083794 -0.995772
vn -0.039862 0.085628 -0.995529
vn -0.041738 0.086190 -0.995404
vn -0.031211 0.086554 -0.995758
vn -0.007999 0.086663 -0.996206
vn 0.029290 0.086819 -0.995793
vn 0.072975 0.087516 -0.993487
vn 0.109709 0.088746 -0.989994
vn 0.143192 0.090220 -0.985574
vn 0.178573 0.092172 -0.979600
vn 0.216636 0.093393 -0.971775
vn 0.265518 0.095466 -0.959368
vn 0.320953 0.098373 -0.941972
vn 0.362008 0.101984 -0.926579
vn 0.378868 0.106420 -0.919312
vn 0.373780 0.111204 -0.920827
vn 0.344253 0.117576 -0.931486
vn 0.308728 0.119323 -0.943636
vn 0.298151 0.120214 -0.946918
vn 0.326984 0.121209 -0.937225
vn 0.388390 0.122653 -0.913296
vn 0.459060 0.124992 -0.879568
vn 0.510587 0.128471 -0.850174
vn 0.545034 0.132812 -0.827828
vn 0.572674 0.137607 -0.808151
vn 0.597644 0.140958 -0.789274
vn 0.626322 0.145044 -0.765952
vn 0.658412 0.149566 -0.737648
vn 0.685661 0.154259 -0.711388
vn 0.706136 0.156911 -0.690471
vn 0.717932 0.160076 -0.677458
vn 0.725625 0.163354 -0.668418
vn 0.736539 0.163449 -0.656349
vn 0.750152 0.163877 -0.640637
vn 0.762823 0.164893 -0.625229
vn 0.775879 0.165860 -0.608689
vn 0.789732 0.166040 -0.590554
vn 0.804754 0.166066 -0.569907
vn 0.817079 0.166177 -0.552057
vn 0.823946 0.166625 -0.541617
vn 0.826340 0.167199 -0.537780
vn 0.824777 0.163707 -0.541242
vn 0.823911 0.157563 -0.544375
vn 0.826421 0.155715 -0.541093
vn 0.832044 0.155059 -0.532597
vn 0.842933 0.153426 -0.515679
vn 0.860121 0.151328 -0.487127
vn 0.879254 0.150184 -0.452059
vn 0.892474 0.149846 -0.425484
vn 0.896434 0.150112 -0.416981
vn 0.890200 0.150846 -0.429872
vn 0.880446 0.150974 -0.449467
vn 0.874351 0.149591 -0.461664
vn 0.871710 0.142228 -0.468928
vn 0.868310 0.136116 -0.476980
vn 0.863450 0.131226 -0.487067
vn 0.853965 0.128843 -0.504126
vn 0.840575 0.126113 -0.526810
vn 0.832579 0.123737 -0.539908
vn 0.836217 0.121148 -0.534850
vn 0.850930 0.117081 -0.512064
vn 0.869988 0.113475 -0.479838
vn 0.884555 0.113224 -0.452485
vn 0.894671 0.113308 -0.432117
vn 0.904079 0.112717 -0.412232
vn 0.912837 0.112836 -0.392424
vn 0.922735 0.113159 -0.368449
vn 0.933034 0.114182 -0.341189
vn 0.940664 0.115132 -0.319210
vn 0.943873 0.116181 -0.309201
vn 0.943025 0.117592 -0.311248
vn 0.940345 0.118002 -0.319102
vn 0.939025 0.118450 -0.322802
vn 0.938746 0.118781 -0.323491
vn 0.938976 0.118883 -0.322785
vn 0.939509 0.118831 -0.321251
vn 0.939847 0.118827 -0.320263
vn 0.940100 0.118975 -0.319463
vn 0.940596 0.118926 -0.318019
vn 0.940521 0.120015 -0.317830
vn 0.941373 0.113887 -0.317565
vn 0.942017 0.109581 -0.317168
vn 0.941885 0.105813 -0.318837
vn 0.942356 0.102202 -0.318621
vn 0.943647 0.098902 -0.315830
vn 0.945943 0.095743 -0.309879
vn 0.948088 0.090508 -0.304857
vn 0.948986 0.085755 -0.303433
vn 0.951065 0.081577 -0.298029
vn 0.954801 0.077731 -0.286901
vn 0.961037 0.074304 -0.266247
vn 0.967447 0.071286 -0.242828
vn 0.972676 0.067775 -0.222053
vn 0.977194 0.064681 -0.202258
vn 0.981200 0.061981 -0.182773
vn 0.984840 0.059728 -0.162856
vn 0.987668 0.057650 -0.145563
vn 0.990026 0.055373 -0.129546
vn 0.992368 0.053049 -0.111315
vn 0.995181 0.051005 -0.083747
vn 0.997594 0.049276 -0.048757
vn 0.998847 0.047764 -0.004811
vn 0.998086 0.046785 0.040436
vn 0.995999 0.045288 0.077034
vn 0.993806 0.044009 0.102046
vn 0.992599 0.042816 0.113641
vn 0.994196 0.041770 0.099145
vn 0.996910 0.040849 0.067092
vn 0.996688 0.039785 0.070927
vn 0.990095 0.039266 0.134798
vn 0.971833 0.038850 0.232448
vn 0.948535 0.038679 0.314300
vn 0.933452 0.038513 0.356630
vn 0.921187 0.038281 0.387233
vn 0.900843 0.038459 0.432437
vn 0.863255 0.038786 0.503276
vn 0.789321 0.039426 0.612714
vn 0.682884 0.040335 0.729413
vn 0.580634 0.041439 0.813109
vn 0.507137 0.042632 0.860810
vn 0.473665 0.043845 0.879613
vn 0.465020 0.045020 0.884155
vn 0.436313 0.046019 0.898617
vn 0.380326 0.046178 0.923699
vn 0.313673 0.046395 0.948397
vn 0.244608 0.046816 0.968491
vn 0.181430 0.047248 0.982268
vn 0.124568 0.047942 0.991052
vn 0.067041 0.047444 0.996622
vn 0.006095 0.046906 0.998881
vn -0.058750 0.046383 0.997195
vn -0.120353 0.046019 0.991664
vn -0.172967 0.045425 0.983880
vn -0.222083 0.044725 0.974001
vn -0.275453 0.044119 0.960302
vn -0.333884 0.043557 0.941607
vn -0.394843 0.042449 0.917768
vn -0.447612 0.041194 0.893279
vn -0.492973 0.040632 0.869095
vn -0.538079 0.039928 0.841948
vn -0.590903 0.037898 0.805852
vn -0.653801 0.036348 0.755793
vn -0.719545 0.035190 0.693553
vn -0.787501 0.034229 0.615362
vn -0.853515 0.033563 0.519986
vn -0.909539 0.033120 0.414296
vn -0.956942 0.032880 0.288412
vn -0.988349 0.032939 0.148600
vn -0.998704 0.033635 0.038192
vn -0.999100 0.034698 -0.024396
vn -0.998347 0.035819 -0.044958
vn -0.997894 0.036993 -0.053284
vn -0.996068 0.038201 -0.079935
vn -0.991809 0.039934 -0.121323
vn -0.987574 0.041791 -0.151499
vn -0.984453 0.043846 -0.170088
vn -0.979829 0.046216 -0.194421
vn -0.970869 0.049020 -0.234543
vn -0.964226 0.051900 -0.259950
vn -0.967435 0.055378 -0.246986
vn -0.979157 0.059192 -0.194290
vn -0.992256 0.063544 -0.106724
vn -0.997595 0.067282 -0.016666
vn -0.996797 0.071142 0.036521
vn -0.995933 0.075820 0.048676
vn -0.996517 0.081716 0.016645
vn -0.994656 0.088913 -0.052471
vn -0.987675 0.097859 -0.122152
vn -0.982442 0.105294 -0.154017
vn -0.983865 0.114049 -0.137851
vn -0.989541 0.123651 -0.074294
vn -0.990907 0.134138 0.010484
vn -0.986595 0.145095 0.074684
vn -0.979640 0.153103 0.129861
vn -0.966341 0.161371 0.200361
vn -0.943628 0.169303 0.284433
vn -0.909588 0.176482 0.376170
vn -0.870702 0.182954 0.456515
vn -0.835458 0.188775 0.516115
vn -0.801991 0.193958 0.564970
vn -0.765290 0.198722 0.612242
vn -0.713515 0.201245 0.671116
vn -0.638034 0.201303 0.743230
vn -0.552310 0.200018 0.809288
vn -0.479044 0.197724 0.855232
vn -0.433663 0.194651 0.879800
vn -0.408412 0.191383 0.892509
vn -0.373749 0.187504 0.908380
vn -0.327086 0.185205 0.926668
vn -0.281182 0.183392 0.941968
vn -0.236210 0.181235 0.954651
vn -0.204966 0.178488 0.962357
vn -0.187304 0.175536 0.966491
vn -0.156772 0.167203 0.973378
vn -0.095210 0.161968 0.982192
vn 0.007934 0.157954 0.987415
vn 0.156078 0.152498 0.975902
vn 0.308066 0.145934 0.940106
vn 0.419761 0.133145 0.897816
vn 0.488595 0.119536 0.864284
vn 0.519945 0.114347 0.846512
vn 0.530986 0.109372 0.840292
vn 0.550836 0.105941 0.827862
vn 0.584246 0.103363 0.804968
vn 0.622019 0.100468 0.776530
vn 0.664336 0.097340 0.741068
vn 0.716622 0.090651 0.691545
vn 0.771801 0.085811 0.630047
vn 0.808842 0.080793 0.582449
vn 0.821574 0.076067 0.565004
vn 0.812270 0.073321 0.578655
vn 0.795231 0.071859 0.602033
vn 0.789073 0.070647 0.610223
vn 0.785021 0.066900 0.615846
vn 0.771638 0.064027 0.632831
vn 0.746450 0.061629 0.662582
vn 0.710324 0.059547 0.701351
vn 0.671363 0.057822 0.738870
vn 0.642509 0.057942 0.764084
vn 0.629847 0.058943 0.774479
vn 0.633022 0.060036 0.771802
vn 0.637266 0.059054 0.768378
vn 0.628900 0.058647 0.775271
vn 0.625988 0.057941 0.777677
vn 0.646403 0.056200 0.760924
vn 0.688523 0.054383 0.723173
vn 0.746125 0.053547 0.663649
vn 0.798968 0.052619 0.599066
vn 0.831984 0.051427 0.552411
vn 0.845998 0.047650 0.531053
vn 0.843140 0.045272 0.535785
vn 0.831852 0.043586 0.553284
vn 0.826761 0.041561 0.561017
vn 0.826671 0.039709 0.561282
vn 0.826249 0.038949 0.561957
vn 0.826339 0.037601 0.561916
vn 0.826327 0.036429 0.562012
vn 0.826910 0.035292 0.561226
vn 0.826942 0.034155 0.561248
vn 0.825571 0.033085 0.563327
vn 0.823535 0.032043 0.566360
vn 0.818045 0.031867 0.574271
vn 0.809470 0.029922 0.586398
vn 0.806231 0.028677 0.590905
vn 0.811183 0.027553 0.584143
vn 0.825178 0.026519 0.564250
vn 0.843736 0.025520 0.536151
vn 0.859620 0.024566 0.510343
vn 0.870754 0.023647 0.491150
vn 0.879474 0.023109 0.475386
vn 0.885731 0.022440 0.463656
vn 0.905737 0.020987 0.423320
vn 0.937980 0.020092 0.346106
vn 0.948649 0.019354 0.315737
vn 0.921982 0.018684 0.386783
vn 0.840501 0.018511 0.541493
vn 0.716638 0.018179 0.697208
vn 0.614197 0.018020 0.788947
vn 0.536858 0.017389 0.843494
vn 0.447793 0.016715 0.893981
vn 0.331567 0.016169 0.943293
vn 0.188145 0.015697 0.982016
vn 0.054111 0.015556 0.998414
vn -0.050428 0.015557 0.998607
vn -0.145292 0.015347 0.989270
vn -0.248397 0.016314 0.968521
vn -0.382278 0.016630 0.923898
vn -0.525528 0.017116 0.850604
vn -0.635537 0.016444 0.771896
vn -0.711492 0.016465 0.702501
vn -0.770599 0.016577 0.637105
vn -0.842441 0.017434 0.538506
vn -0.931667 0.017104 0.362909
vn -0.984179 0.016950 0.176367
vn -0.996882 0.016937 0.077065
vn -0.995589 0.015803 0.092480
vn -0.984370 0.015703 0.175411
vn -0.971522 0.015908 0.236414
vn -0.971132 0.016027 0.238005
vn -0.981202 0.015523 0.192356
vn -0.995104 0.015039 0.097679
vn -0.998979 0.014696 -0.042722
vn -0.983573 0.014353 -0.179938
vn -0.964046 0.014436 -0.265342
vn -0.954812 0.014532 -0.296855
vn -0.959929 0.014642 -0.279861
vn -0.970760 0.014714 -0.239600
vn -0.975808 0.014798 -0.218130
vn -0.977917 0.014774 -0.208469
vn -0.982435 0.014856 -0.186011
vn -0.988037 0.014941 -0.153491
vn -0.993903 0.014971 -0.109240
vn -0.997841 0.015073 -0.063919
vn -0.999548 0.015024 -0.026022
vn -0.999884 0.014965 0.002888
vn -0.999644 0.014877 0.022161
vn -0.999833 0.014866 0.010596
vn -0.999677 0.014928 -0.020555
vn -0.999813 0.014980 -0.012203
vn -0.997631 0.014915 0.067152
vn -0.976305 0.014925 0.215885
vn -0.909776 0.014893 0.414833
vn -0.809053 0.014483 0.587557
vn -0.739574 0.014233 0.672925
vn -0.731264 0.013847 0.681955
vn -0.778916 0.013426 0.626985
vn -0.847350 0.013684 0.530858
vn -0.891239 0.013576 0.453330
vn -0.913807 0.013543 0.405922
vn -0.932196 0.013542 0.361700
vn -0.948772 0.013560 0.315669
vn -0.964447 0.013096 0.263951
vn -0.978494 0.013283 0.205845
vn -0.988785 0.013512 0.148735
vn -0.995187 0.013798 0.097015
vn -0.998596 0.014036 0.051070
vn -0.999894 0.014233 0.003213
vn -0.998473 0.014483 -0.053311
vn -0.994592 0.014720 -0.102814
vn -0.991263 0.015105 -0.131032
vn -0.990207 0.015421 -0.138750
vn -0.991214 0.015586 -0.131350
vn -0.992317 0.015746 -0.122713
vn -0.991208 0.015918 -0.131349
vn -0.987200 0.016134 -0.158671
vn -0.979047 0.016413 -0.202972
vn -0.964365 0.016503 -0.264061
vn -0.944776 0.016667 -0.327292
vn -0.928853 0.016871 -0.370064
vn -0.921106 0.017202 -0.388931
vn -0.922921 0.017521 -0.384591
vn -0.931940 0.017758 -0.362179
vn -0.941008 0.017731 -0.337920
vn -0.942610 0.017750 -0.333423
vn -0.934889 0.017806 -0.354494
vn -0.916842 0.017901 -0.398848
vn -0.888523 0.018100 -0.458475
vn -0.857574 0.018399 -0.514031
vn -0.832002 0.018765 -0.554455
vn -0.813172 0.019169 -0.581707
vn -0.801863 0.019624 -0.597185
vn -0.791275 0.020249 -0.611125
vn -0.774928 0.020999 -0.631701
vn -0.759835 0.022440 -0.649728
vn -0.753222 0.023094 -0.657361
vn -0.754323 0.024133 -0.656060
vn -0.762909 0.024641 -0.646037
vn -0.771255 0.025526 -0.636014
vn -0.772002 0.026574 -0.635065
vn -0.765377 0.027162 -0.643008
vn -0.750350 0.027882 -0.660452
vn -0.734980 0.028669 -0.677482
vn -0.725239 0.030337 -0.687829
vn -0.712392 0.029679 -0.701154
vn -0.686361 0.029628 -0.726657
vn -0.644561 0.029726 -0.763974
vn -0.586281 0.029977 -0.809553
vn -0.520653 0.030986 -0.853206
vn -0.472734 0.032197 -0.880617
vn -0.450289 0.034150 -0.892230
vn -0.454504 0.034455 -0.890078
vn -0.472934 0.036363 -0.880347
vn -0.481849 0.038318 -0.875416
vn -0.481289 0.040520 -0.875625
vn -0.481564 0.040295 -0.875484
vn -0.481770 0.042263 -0.875278
vn -0.482770 0.042283 -0.874726
vn -0.485407 0.041896 -0.873284
vn -0.486071 0.041451 -0.872936
vn -0.482630 0.042348 -0.874800
vn -0.474695 0.043534 -0.879073
vn -0.464018 0.044898 -0.884687
vn -0.451862 0.046218 -0.890890
vn -0.444280 0.046928 -0.894658
vn -0.440905 0.048334 -0.896251
vn -0.441131 0.049857 -0.896057
vn -0.443654 0.045976 -0.895018
vn -0.444801 0.046392 -0.894427
vn -0.444773 0.047768 -0.894369
vn -0.444020 0.047117 -0.894777
vn -0.444290 0.046472 -0.894677
vn -0.448005 0.046929 -0.892799
vn -0.456150 0.049011 -0.888552
vn -0.457499 0.051285 -0.887730
vn -0.448347 0.054399 -0.892203
vn -0.426684 0.054238 -0.902773
vn -0.398240 0.058128 -0.915438
vn -0.372426 0.061596 -0.926015
vn -0.351020 0.064749 -0.934127
vn -0.331250 0.062012 -0.941503
vn -0.314151 0.068362 -0.946908
vn -0.302559 0.069119 -0.950621
vn -0.294323 0.069601 -0.953168
vn -0.280783 0.070361 -0.957189
vn -0.257898 0.073550 -0.963368
vn -0.222202 0.078963 -0.971798
vn -0.172262 0.081279 -0.981692
vn -0.118898 0.080721 -0.989620
vn -0.075729 0.080535 -0.993871
vn -0.048351 0.082166 -0.995445
vn -0.037632 0.083794 -0.995772
vn -0.039862 0.085628 -0.995529
vn -0.041738 0.086190 -0.995404
vn -0.031211 0.086554 -0.995758
vn -0.007999 0.086663 -0.996206
vn 0.029290 0.086819 -0.995793
vn 0.072975 0.087516 -0.993487
vn 0.109709 0.088746 -0.989994
vn 0.143192 0.090220 -0.985574
vn 0.178573 0.092172 -0.979600
vn 0.216636 0.093393 -0.971775
vn 0.265518 0.095466 -0.959368
vn 0.320953 0.098373 -0.941972
vn 0.362008 0.101984 -0.926579
vn 0.378868 0.106420 -0.919312
vn 0.373780 0.111204 -0.920827
vn 0.344253 0.117576 -0.931486
vn 0.308728 0.119323 -0.943636
vn 0.298151 0.120214 -0.946918
vn 0.326984 0.121209 -0.937225
vn 0.388390 0.122653 -0.913296
vn 0.459060 0.124992 -0.879568
vn 0.510587 0.128471 -0.850174
vn 0.545034 0.132812 -0.827828
vn 0.572674 0.137607 -0.808151
vn 0.597644 0.140958 -0.789274
vn 0.626322 0.145044 -0.765952
vn 0.658412 0.149566 -0.737648
vn 0.685661 0.154259 -0.711388
vn 0.706136 0.156911 -0.690471
vn 0.717932 0.160076 -0.677458
vn 0.725625 0.163354 -0.668418
vn 0.736539 0.163449 -0.656349
vn 0.750152 0.163877 -0.640637
vn 0.762823 0.164893 -0.625229
vn 0.775879 0.165860 -0.608689
vn 0.789732 0.166040 -0.590554
vn 0.804754 0.166066 -0.569907
vn 0.817079 0.166177 -0.552057
vn 0.823946 0.166625 -0.541617
vn 0.826340 0.167199 -0.537780
vn 0.824777 0.163707 -0.541242
vn 0.823911 0.157563 -0.544375
vn 0.826421 0.155715 -0.541093
vn 0.832044 0.155059 -0.532597
vn 0.842933 0.153426 -0.515679
vn 0.860121 0.151328 -0.487127
vn 0.879254 0.150184 -0.452059
vn 0.892474 0.149846 -0.425484
vn 0.896434 0.150112 -0.416981
vn 0.890200 0.150846 -0.429872
vn 0.880446 0.150974 -0.449467
vn 0.874351 0.149591 -0.461664
vn 0.871710 0.142228 -0.468928
vn 0.868310 0.136116 -0.476980
vn 0.863450 0.131226 -0.487067
vn 0.853965 0.128843 -0.504126
vn 0.840575 0.126113 -0.526810
vn 0.832579 0.123737 -0.539908
vn 0.836217 0.121148 -0.534850
vn 0.850930 0.117081 -0.512064
vn 0.869988 0.113475 -0.479838
vn 0.884555 0.113224 -0.452485
vn 0.894671 0.113308 -0.432117
vn 0.904079 0.112717 -0.412232
vn 0.912837 0.112836 -0.392424
vn 0.922735 0.113159 -0.368449
vn 0.933034 0.114182 -0.341189
vn 0.940664 0.115132 -0.319210
vn 0.943873 0.116181 -0.309201
vn 0.943025 0.117592 -0.311248
vn 0.940345 0.118002 -0.319102
vn 0.939025 0.118450 -0.322802
vn 0.938746 0.118781 -0.323491
vn 0.938976 0.118883 -0.322785
vn 0.939509 0.118831 -0.321251
vn 0.939847 0.118827 -0.320263
vn 0.940100 0.118975 -0.319463
vn 0.940596 0.118926 -0.318019
vn 0.940521 0.120015 -0.317830
vn 0.941373 0.113887 -0.317565
vn 0.942017 0.109581 -0.317168
vn 0.941885 0.105813 -0.318837
vn 0.942356 0.102202 -0.318621
vn 0.943647 0.098902 -0.315830
vn 0.945943 0.095743 -0.309879
vn 0.948088 0.090508 -0.304857
vn 0.948986 0.085755 -0.303433
vn 0.951065 0.081577 -0.298029
vn 0.954801 0.077731 -0.286901
vn 0.961037 0.074304 -0.266247
vn 0.967447 0.071286 -0.242828
vn 0.972676 0.067775 -0.222053
vn 0.977194 0.064681 -0.202258
vn 0.981200 0.061981 -0.182773
vn 0.984840 0.059728 -0.162856
vn 0.987668 0.057650 -0.145563
vn 0.990026 0.055373 -0.129546
vn 0.992368 0.053049 -0.111315
vn 0.995181 0.051005 -0.083747
vn 0.997594 0.049276 -0.048757
vn 0.998847 0.047764 -0.004811
vn 0.998086 0.046785 0.040436
vn 0.995999 0.045288 0.077034
vn 0.993806 0.044009 0.102046
vn 0.992599 0.042816 0.113641
vn 0.994196 0.041770 0.099145
vn 0.996910 0.040849 0.067092
vn 0.996688 0.039785 0.070927
vn 0.990095 0.039266 0.134798
vn 0.971833 0.038850 0.232448
vn 0.948535 0.038679 0.314300
vn 0.933452 0.038513 0.356630
vn 0.921187 0.038281 0.387233
vn 0.900843 0.038459 0.432437
vn 0.863255 0.038786 0.503276
vn 0.785669 0.107476 0.609239
vn 0.679408 0.109185 0.725592
vn 0.577723 0.111804 0.808539
vn 0.503959 0.114927 0.856047
vn 0.470981 0.117925 0.874225
vn 0.461709 0.121049 0.878733
vn 0.433597 0.122182 0.892785
vn 0.377733 0.122846 0.917729
vn 0.311743 0.123428 0.942116
vn 0.242902 0.124190 0.962068
vn 0.180439 0.125317 0.975570
vn 0.124004 0.126629 0.984169
vn 0.066630 0.125030 0.989913
vn 0.006058 0.123736 0.992297
vn -0.058212 0.122707 0.990734
vn -0.119811 0.121780 0.985299
vn -0.172059 0.120585 0.977678
vn -0.221058 0.118847 0.967992
vn -0.273928 0.117192 0.954583
vn -0.332107 0.115976 0.936085
vn -0.392581 0.114286 0.912589
vn -0.445848 0.110933 0.888208
vn -0.490220 0.108013 0.864880
vn -0.535147 0.105895 0.838095
vn -0.588086 0.103338 0.802170
vn -0.650580 0.099354 0.752911
vn -0.716594 0.096484 0.690785
vn -0.784141 0.094333 0.613372
vn -0.849921 0.092819 0.518670
vn -0.906349 0.091756 0.412446
vn -0.953540 0.091167 0.287141
vn -0.984774 0.091159 0.148020
vn -0.994944 0.093097 0.037683
vn -0.995110 0.095816 -0.023997
vn -0.994087 0.098846 -0.044958
vn -0.993371 0.101937 -0.053129
vn -0.991265 0.104874 -0.079975
vn -0.986725 0.109262 -0.120146
vn -0.981860 0.114078 -0.151451
vn -0.978384 0.119451 -0.168811
vn -0.973219 0.125664 -0.192495
vn -0.963343 0.131992 -0.233556
vn -0.956092 0.139228 -0.257882
vn -0.958325 0.148619 -0.243977
vn -0.968459 0.159358 -0.191554
vn -0.979702 0.170883 -0.104799
vn -0.983257 0.181446 -0.016807
vn -0.980707 0.192151 0.035942
vn -0.977628 0.204879 0.047627
vn -0.975352 0.220047 0.016365
vn -0.969960 0.237862 -0.050988
vn -0.959439 0.255481 -0.119192
vn -0.950178 0.273707 -0.149151
vn -0.945979 0.295711 -0.132963
vn -0.944562 0.320670 -0.070524
vn -0.937565 0.347658 0.010298
vn -0.926399 0.369952 0.070151
vn -0.913162 0.389334 0.120645
vn -0.893292 0.409543 0.185212
vn -0.865067 0.428695 0.260538
vn -0.827347 0.445626 0.341927
vn -0.785734 0.461146 0.412270
vn -0.748462 0.474925 0.462872
vn -0.714078 0.486470 0.503428
vn -0.677803 0.496080 0.542666
vn -0.630794 0.500456 0.592994
vn -0.563904 0.500740 0.656713
vn -0.489065 0.497722 0.716302
vn -0.425595 0.492418 0.759205
vn -0.386933 0.485483 0.783957
vn -0.365702 0.477965 0.798631
vn -0.335729 0.469514 0.816604
vn -0.295572 0.462339 0.835990
vn -0.254304 0.458443 0.851563
vn -0.214038 0.453504 0.865171
vn -0.186209 0.446963 0.874957
vn -0.171051 0.439972 0.881570
vn -0.143914 0.428525 0.891995
vn -0.087712 0.414405 0.905856
vn 0.007337 0.404631 0.914450
vn 0.145377 0.391370 0.908678
vn 0.288704 0.374289 0.881225
vn 0.397367 0.346183 0.849857
vn 0.466798 0.316995 0.825599
vn 0.498507 0.303458 0.812037
vn 0.510845 0.291062 0.808901
vn 0.531712 0.281267 0.798856
vn 0.564768 0.274219 0.778358
vn 0.602650 0.266490 0.752194
vn 0.644908 0.258351 0.719270
vn 0.697842 0.247922 0.671975
vn 0.753083 0.234252 0.614810
vn 0.791192 0.220388 0.570478
vn 0.805591 0.207589 0.554915
vn 0.797623 0.201243 0.568594
vn 0.781845 0.197349 0.591415
vn 0.775351 0.194265 0.600909
vn 0.773093 0.187806 0.605852
vn 0.760720 0.180097 0.623594
vn 0.736388 0.173389 0.653965
vn 0.701821 0.167657 0.692343
vn 0.663588 0.163273 0.730063
vn 0.635133 0.163334 0.754936
vn 0.622048 0.166050 0.765169
vn 0.624883 0.168980 0.762212
vn 0.629411 0.170030 0.758242
vn 0.621175 0.168993 0.765234
vn 0.618832 0.163982 0.768217
vn 0.638864 0.159073 0.752694
vn 0.681277 0.153524 0.715745
vn 0.738304 0.151100 0.657324
vn 0.791435 0.148139 0.593031
vn 0.824333 0.144537 0.547343
vn 0.838668 0.137253 0.527066
vn 0.836993 0.130739 0.531366
vn 0.826169 0.124619 0.549468
vn 0.821413 0.118855 0.557812
vn 0.822013 0.113633 0.558016
vn 0.822005 0.112454 0.558266
vn 0.821548 0.111277 0.559174
vn 0.822461 0.107744 0.558524
vn 0.822965 0.104462 0.558405
vn 0.823259 0.101024 0.558605
vn 0.822080 0.097827 0.560906
vn 0.819961 0.094851 0.564506
vn 0.814891 0.090988 0.572429
vn 0.807140 0.088193 0.583736
vn 0.803219 0.084606 0.589645
vn 0.808554 0.081243 0.582786
vn 0.822735 0.078089 0.563036
vn 0.841361 0.074947 0.535252
vn 0.857702 0.071895 0.509096
vn 0.869090 0.069022 0.489814
vn 0.878041 0.066653 0.473921
vn 0.884129 0.063952 0.462846
vn 0.904283 0.061432 0.422491
vn 0.936469 0.059056 0.345742
vn 0.947164 0.056718 0.315696
vn 0.920682 0.054485 0.386492
vn 0.839545 0.052900 0.540709
vn 0.715788 0.052312 0.696356
vn 0.613553 0.051999 0.787940
vn 0.536411 0.051089 0.842409
vn 0.447152 0.049550 0.893085
vn 0.331347 0.048545 0.942259
vn 0.187634 0.048090 0.981061
vn 0.054259 0.047719 0.997386
vn -0.050070 0.047735 0.997604
vn -0.145317 0.047335 0.988252
vn -0.248252 0.047276 0.967541
vn -0.381725 0.047949 0.923031
vn -0.525318 0.048924 0.849499
vn -0.634415 0.049829 0.771385
vn -0.711052 0.049828 0.701372
vn -0.769765 0.050161 0.636353
vn -0.841528 0.049400 0.537950
vn -0.930535 0.048923 0.362921
vn -0.983263 0.048712 0.175561
vn -0.995844 0.048656 0.076984
vn -0.994590 0.049040 0.091573
vn -0.983159 0.050022 0.175776
vn -0.970301 0.050842 0.236499
vn -0.970059 0.049496 0.237771
vn -0.980294 0.048117 0.191592
vn -0.994118 0.047014 0.097567
vn -0.998016 0.046301 -0.042676
vn -0.982538 0.046033 -0.180279
vn -0.962986 0.046223 -0.265559
vn -0.953974 0.046585 -0.296250
vn -0.958784 0.046959 -0.280230
vn -0.969781 0.047155 -0.239375
vn -0.974790 0.047119 -0.218094
vn -0.977121 0.047038 -0.207417
vn -0.981341 0.046971 -0.186451
vn -0.987161 0.047241 -0.152585
vn -0.992927 0.047388 -0.108858
vn -0.996795 0.047363 -0.064472
vn -0.998551 0.047166 -0.025919
vn -0.998891 0.046964 0.003354
vn -0.998670 0.046656 0.021949
vn -0.998853 0.046649 0.010820
vn -0.998691 0.046825 -0.020578
vn -0.998815 0.047116 -0.012190
vn -0.996611 0.047425 0.067207
vn -0.975268 0.047426 0.215879
vn -0.908897 0.046950 0.414369
vn -0.808498 0.045863 0.586709
vn -0.739181 0.044668 0.672024
vn -0.730406 0.043436 0.681631
vn -0.778096 0.042362 0.626715
vn -0.846703 0.041726 0.530427
vn -0.890587 0.041492 0.452917
vn -0.913287 0.041376 0.405210
vn -0.931655 0.041348 0.360985
vn -0.948015 0.041374 0.315524
vn -0.963764 0.041629 0.263489
vn -0.977666 0.042140 0.205897
vn -0.987945 0.042742 0.148790
vn -0.994383 0.043503 0.096488
vn -0.997710 0.043989 0.051375
vn -0.999005 0.044522 0.002742
vn -0.997538 0.045150 -0.053657
vn -0.993564 0.046064 -0.103480
vn -0.990189 0.047120 -0.131548
vn -0.989110 0.048301 -0.139026
vn -0.990245 0.048885 -0.130478
vn -0.991152 0.049414 -0.123189
vn -0.990150 0.050000 -0.130779
vn -0.986104 0.050629 -0.158229
vn -0.977923 0.051389 -0.202549
vn -0.963205 0.052153 -0.263661
vn -0.943658 0.052574 -0.326719
vn -0.927689 0.053358 -0.369521
vn -0.919766 0.054325 -0.388690
vn -0.921607 0.055367 -0.384155
vn -0.930596 0.056460 -0.361667
vn -0.939559 0.057303 -0.337559
vn -0.941196 0.057355 -0.332957
vn -0.933425 0.057540 -0.354127
vn -0.915393 0.057758 -0.398395
vn -0.886965 0.058291 -0.458142
vn -0.856286 0.059037 -0.513117
vn -0.830688 0.060085 -0.553487
vn -0.811782 0.061382 -0.580726
vn -0.800536 0.062805 -0.595984
vn -0.790205 0.064804 -0.609407
vn -0.773793 0.067064 -0.629878
vn -0.758418 0.069127 -0.648093
vn -0.751272 0.071158 -0.656146
vn -0.752733 0.074530 -0.654094
vn -0.761096 0.077804 -0.643956
vn -0.768539 0.080768 -0.634685
vn -0.769510 0.083783 -0.633115
vn -0.762920 0.085636 -0.640795
vn -0.747975 0.087692 -0.657908
vn -0.732287 0.090183 -0.674998
vn -0.722537 0.090467 -0.685388
vn -0.709982 0.091859 -0.698203
vn -0.683399 0.091727 -0.724260
vn -0.642362 0.091932 -0.760868
vn -0.584108 0.092678 -0.806368
vn -0.518943 0.095033 -0.849510
vn -0.470662 0.098506 -0.876798
vn -0.448373 0.101265 -0.888092
vn -0.452687 0.102129 -0.885801
vn -0.470695 0.105550 -0.875960
vn -0.479289 0.111228 -0.870580
vn -0.478269 0.117560 -0.870309
vn -0.478288 0.123680 -0.869450
vn -0.478353 0.127365 -0.868882
vn -0.479204 0.126399 -0.868555
vn -0.482033 0.125112 -0.867174
vn -0.482689 0.123944 -0.866977
vn -0.479633 0.124685 -0.868565
vn -0.471019 0.128332 -0.872738
vn -0.460572 0.132210 -0.877721
vn -0.448707 0.131547 -0.883944
vn -0.440930 0.131143 -0.887909
vn -0.437305 0.134979 -0.889126
vn -0.437533 0.139205 -0.888362
vn -0.439749 0.141519 -0.886901
vn -0.441191 0.140704 -0.886314
vn -0.441020 0.141481 -0.886276
vn -0.440118 0.139544 -0.887031
vn -0.440599 0.137643 -0.887089
vn -0.444156 0.135843 -0.885591
vn -0.451847 0.141884 -0.880740
vn -0.453276 0.148367 -0.878936
vn -0.443706 0.152833 -0.883044
vn -0.422161 0.152379 -0.893622
vn -0.394057 0.159277 -0.905180
vn -0.367519 0.168470 -0.914630
vn -0.345852 0.178925 -0.921071
vn -0.326088 0.188999 -0.926254
vn -0.308108 0.197991 -0.930521
vn -0.297172 0.199194 -0.933815
vn -0.288735 0.200653 -0.936147
vn -0.275578 0.202462 -0.939716
vn -0.253230 0.207050 -0.944989
vn -0.217327 0.221696 -0.950589
vn -0.168287 0.224777 -0.959768
vn -0.116549 0.223284 -0.967761
vn -0.073780 0.222780 -0.972073
vn -0.047068 0.224693 -0.973292
vn -0.036698 0.229106 -0.972709
vn -0.039186 0.233843 -0.971484
vn -0.040952 0.234966 -0.971141
vn -0.030244 0.236330 -0.971202
vn -0.007709 0.237532 -0.971349
vn 0.028525 0.238260 -0.970782
vn 0.071101 0.240012 -0.968163
vn 0.107112 0.242950 -0.964107
vn 0.139464 0.247124 -0.958895
vn 0.173617 0.252312 -0.951943
vn 0.210018 0.257962 -0.943053
vn 0.257203 0.263358 -0.929779
vn 0.310908 0.270502 -0.911134
vn 0.349245 0.280039 -0.894207
vn 0.364522 0.291480 -0.884400
vn 0.357935 0.304464 -0.882714
vn 0.329370 0.311523 -0.891330
vn 0.295602 0.313894 -0.902269
vn 0.285213 0.315649 -0.904997
vn 0.312172 0.317079 -0.895550
vn 0.371015 0.320658 -0.871508
vn 0.437441 0.325929 -0.838103
vn 0.485193 0.333998 -0.808105
vn 0.516402 0.344623 -0.783941
vn 0.539730 0.357515 -0.762151
vn 0.562116 0.366368 -0.741485
vn 0.586715 0.375801 -0.717314
vn 0.614191 0.386666 -0.687938
vn 0.638003 0.394352 -0.661392
vn 0.655346 0.400393 -0.640474
vn 0.663783 0.408078 -0.626789
vn 0.668956 0.415663 -0.616216
vn 0.677609 0.419675 -0.603920
vn 0.689689 0.420955 -0.589174
vn 0.701067 0.422726 -0.574290
vn 0.711772 0.425566 -0.558815
vn 0.725028 0.424363 -0.542448
vn 0.738959 0.424027 -0.523585
vn 0.750088 0.424382 -0.507216
vn 0.756260 0.425611 -0.496917
vn 0.757827 0.426863 -0.493443
vn 0.755700 0.428248 -0.495501
vn 0.758511 0.416187 -0.501447
vn 0.762140 0.412178 -0.499251
vn 0.769894 0.405520 -0.492765
vn 0.782517 0.398897 -0.478067
vn 0.799579 0.394353 -0.452945
vn 0.818470 0.391514 -0.420504
vn 0.831293 0.390356 -0.395693
vn 0.833932 0.392031 -0.388419
vn 0.827912 0.393386 -0.399762
vn 0.818244 0.394256 -0.418376
vn 0.812423 0.394077 -0.429735
vn 0.813032 0.384645 -0.437066
vn 0.814803 0.369076 -0.447078
vn 0.813132 0.358866 -0.458291
vn 0.805854 0.353011 -0.475376
vn 0.795129 0.345808 -0.498183
vn 0.791043 0.334871 -0.511970
vn 0.797228 0.323165 -0.509894
vn 0.813416 0.313172 -0.490182
vn 0.833763 0.305270 -0.460055
vn 0.847627 0.305510 -0.433812
vn 0.857197 0.306923 -0.413536
vn 0.865803 0.307552 -0.394711
vn 0.874001 0.307844 -0.375970
vn 0.883151 0.309123 -0.352827
vn 0.892542 0.311505 -0.326087
vn 0.899214 0.313729 -0.304941
vn 0.901591 0.316270 -0.295138
vn 0.900173 0.318513 -0.297047
vn 0.897263 0.319897 -0.304280
vn 0.895760 0.320737 -0.307802
vn 0.895049 0.321843 -0.308713
vn 0.895471 0.321638 -0.307703
vn 0.895873 0.321680 -0.306486
vn 0.895971 0.321833 -0.306038
vn 0.896338 0.321952 -0.304837
vn 0.896630 0.322013 -0.303910
vn 0.898053 0.317887 -0.304055
vn 0.898997 0.316050 -0.303177
vn 0.902338 0.305931 -0.303633
vn 0.904998 0.295654 -0.305889
vn 0.907541 0.286107 -0.307427
vn 0.911168 0.277123 -0.304921
vn 0.915806 0.267049 -0.299975
vn 0.921315 0.252765 -0.295447
vn 0.924849 0.239999 -0.295051
vn 0.929067 0.228243 -0.291100
vn 0.934941 0.217658 -0.280196
vn 0.942410 0.208599 -0.261437
vn 0.950476 0.199615 -0.238221
vn 0.957012 0.190170 -0.219004
vn 0.962713 0.181823 -0.200312
vn 0.968006 0.174539 -0.180276
vn 0.972506 0.168060 -0.161207
vn 0.976364 0.161744 -0.143364
vn 0.979534 0.155371 -0.127954
vn 0.982689 0.149071 -0.110002
vn 0.986116 0.143632 -0.083340
vn 0.989130 0.138919 -0.048190
vn 0.990847 0.134937 -0.003780
vn 0.990638 0.130450 0.040245
vn 0.989020 0.126464 0.076458
vn 0.987187 0.123047 0.101595
vn 0.986377 0.119838 0.112694
vn 0.988297 0.116717 0.098216
vn 0.991300 0.113458 0.066724
vn 0.991402 0.110310 0.070376
vn 0.984893 0.109072 0.134493
vn 0.966812 0.108087 0.231500
vn 0.943966 0.107630 0.312000
vn 0.928726 0.106299 0.355201
vn 0.916569 0.104914 0.385868
vn 0.896607 0.105281 0.430129
vn 0.859346 0.106103 0.500267
vn 0.785669 0.107476 0.609239
vn 0.679408 0.109185 0.725592
vn 0.577723 0.111804 0.808539
vn 0.503959 0.114927 0.856047
vn 0.470981 0.117925 0.874225
vn 0.461709 0.121049 0.878733
vn 0.433597 0.122182 0.892785
vn 0.377733 0.122846 0.917729
vn 0.311743 0.123428 0.942116
vn 0.242902 0.124190 0.962068
vn 0.180439 0.125317 0.975570
vn 0.124004 0.126629 0.984169
vn 0.066630 0.125030 0.989913
vn 0.006058 0.123736 0.992297
vn -0.058212 0.122707 0.990734
vn -0.119811 0.121780 0.985299
vn -0.172059 0.120585 0.977678
vn -0.221058 0.118847 0.967992
vn -0.273928 0.117192 0.954583
vn -0.332107 0.115976 0.936085
vn -0.392581 0.114286 0.912589
vn -0.445848 0.110933 0.888208
vn -0.490220 0.108013 0.864880
vn -0.535147 0.105895 0.838095
vn -0.588086 0.103338 0.802170
vn -0.650580 0.099354 0.752911
vn -0.716594 0.096484 0.690785
vn -0.784141 0.094333 0.613372
vn -0.849921 0.092819 0.518670
vn -0.906349 0.091756 0.412446
vn -0.953540 0.091167 0.287141
vn -0.984774 0.091159 0.148020
vn -0.994944 0.093097 0.037683
vn -0.995110 0.095816 -0.023997
vn -0.994087 0.098846 -0.044958
vn -0.993371 0.101937 -0.053129
vn -0.991265 0.104874 -0.079975
vn -0.986725 0.109262 -0.120146
vn -0.981860 0.114078 -0.151451
vn -0.978384 0.119451 -0.168811
vn -0.973219 0.125664 -0.192495
vn -0.963343 0.131992 -0.233556
vn -0.956092 0.139228 -0.257882
vn -0.958325 0.148619 -0.243977
vn -0.968459 0.159358 -0.191554
vn -0.979702 0.170883 -0.104799
vn -0.983257 0.181446 -0.016807
vn -0.980707 0.192151 0.035942
vn -0.977628 0.204879 0.047627
vn -0.975352 0.220047 0.016365
vn -0.969960 0.237862 -0.050988
vn -0.959439 0.255481 -0.119192
vn -0.950178 0.273707 -0.149151
vn -0.945979 0.295711 -0.132963
vn -0.944562 0.320670 -0.070524
vn -0.937565 0.347658 0.010298
vn -0.926399 0.369952 0.070151
vn -0.913162 0.389334 0.120645
vn -0.893292 0.409543 0.185212
vn -0.865067 0.428695 0.260538
vn -0.827347 0.445626 0.341927
vn -0.785734 0.461146 0.412270
vn -0.748462 0.474925 0.462872
vn -0.714078 0.486470 0.503428
vn -0.677803 0.496080 0.542666
vn -0.630794 0.500456 0.592994
vn -0.563904 0.500740 0.656713
vn -0.489065 0.497722 0.716302
vn -0.425595 0.492418 0.759205
vn -0.386933 0.485483 0.783957
vn -0.365702 0.477965 0.798631
vn -0.335729 0.469514 0.816604
vn -0.295572 0.462339 0.835990
vn -0.254304 0.458443 0.851563
vn -0.214038 0.453504 0.865171
vn -0.186209 0.446963 0.874957
vn -0.171051 0.439972 0.881570
vn -0.143914 0.428525 0.891995
vn -0.087712 0.414405 0.905856
vn 0.007337 0.404631 0.914450
vn 0.145377 0.391370 0.908678
vn 0.288704 0.374289 0.881225
vn 0.397367 0.346183 0.849857
vn 0.466798 0.316995 0.825599
vn 0.498507 0.303458 0.812037
vn 0.510845 0.291062 0.808901
vn 0.531712 0.281267 0.798856
vn 0.564768 0.274219 0.778358
vn 0.602650 0.266490 0.752194
vn 0.644908 0.258351 0.719270
vn 0.697842 0.247922 0.671975
vn 0.753083 0.234252 0.614810
vn 0.791192 0.220388 0.570478
vn 0.805591 0.207589 0.554915
vn 0.797623 0.201243 0.568594
vn 0.781845 0.197349 0.591415
vn 0.775351 0.194265 0.600909
vn 0.773093 0.187806 0.605852
vn 0.760720 0.180097 0.623594
vn 0.736388 0.173389 0.653965
vn 0.701821 0.167657 0.692343
vn 0.663588 0.163273 0.730063
vn 0.635133 0.163334 0.754936
vn 0.622048 0.166050 0.765169
vn 0.624883 0.168980 0.762212
vn 0.629411 0.170030 0.758242
vn 0.621175 0.168993 0.765234
vn 0.618832 0.163982 0.768217
vn 0.638864 0.159073 0.752694
vn 0.681277 0.153524 0.715745
vn 0.738304 0.151100 0.657324
vn 0.791435 0.148139 0.593031
vn 0.824333 0.144537 0.547343
vn 0.838668 0.137253 0.527066
vn 0.836993 0.130739 0.531366
vn 0.826169 0.124619 0.549468
vn 0.821413 0.118855 0.557812
vn 0.822013 0.113633 0.558016
vn 0.822005 0.112454 0.558266
vn 0.821548 0.111277 0.559174
vn 0.822461 0.107744 0.558524
vn 0.822965 0.104462 0.558405
vn 0.823259 0.101024 0.558605
vn 0.822080 0.097827 0.560906
vn 0.819961 0.094851 0.564506
vn 0.814891 0.090988 0.572429
vn 0.807140 0.088193 0.583736
vn 0.803219 0.084606 0.589645
vn 0.808554 0.081243 0.582786
vn 0.822735 0.078089 0.563036
vn 0.841361 0.074947 0.535252
vn 0.857702 0.071895 0.509096
vn 0.869090 0.069022 0.489814
vn 0.878041 0.066653 0.473921
vn 0.884129 0.063952 0.462846
vn 0.904283 0.061432 0.422491
vn 0.936469 0.059056 0.345742
vn 0.947164 0.056718 0.315696
vn 0.920682 0.054485 0.386492
vn 0.839545 0.052900 0.540709
vn 0.715788 0.052312 0.696356
vn 0.613553 0.051999 0.787940
vn 0.536411 0.051089 0.842409
vn 0.447152 0.049550 0.893085
vn 0.331347 0.048545 0.942259
vn 0.187634 0.048090 0.981061
vn 0.054259 0.047719 0.997386
vn -0.050070 0.047735 0.997604
vn -0.145317 0.047335 0.988252
vn -0.248252 0.047276 0.967541
vn -0.381725 0.047949 0.923031
vn -0.525318 0.048924 0.849499
vn -0.634415 0.049829 0.771385
vn -0.711052 0.049828 0.701372
vn -0.769765 0.050161 0.636353
vn -0.841528 0.049400 0.537950
vn -0.930535 0.048923 0.362921
vn -0.983263 0.048712 0.175561
vn -0.995844 0.048656 0.076984
vn -0.994590 0.049040 0.091573
vn -0.983159 0.050022 0.175776
vn -0.970301 0.050842 0.236499
vn -0.970059 0.049496 0.237771
vn -0.980294 0.048117 0.191592
vn -0.994118 0.047014 0.097567
vn -0.998016 0.046301 -0.042676
vn -0.982538 0.046033 -0.180279
vn -0.962986 0.046223 -0.265559
vn -0.953974 0.046585 -0.296250
vn -0.958784 0.046959 -0.280230
vn -0.969781 0.047155 -0.239375
vn -0.974790 0.047119 -0.218094
vn -0.977121 0.047038 -0.207417
vn -0.981341 0.046971 -0.186451
vn -0.987161 0.047241 -0.152585
vn -0.992927 0.047388 -0.108858
vn -0.996795 0.047363 -0.064472
vn -0.998551 0.047166 -0.025919
vn -0.998891 0.046964 0.003354
vn -0.998670 0.046656 0.021949
vn -0.998853 0.046649 0.010820
vn -0.998691 0.046825 -0.020578
vn -0.998815 0.047116 -0.012190
vn -0.996611 0.047425 0.067207
vn -0.975268 0.047426 0.215879
vn -0.908897 0.046950 0.414369
vn -0.808498 0.045863 0.586709
vn -0.739181 0.044668 0.672024
vn -0.730406 0.043436 0.681631
vn -0.778096 0.042362 0.626715
vn -0.846703 0.041726 0.530427
vn -0.890587 0.041492 0.452917
vn -0.913287 0.041376 0.405210
vn -0.931655 0.041348 0.360985
vn -0.948015 0.041374 0.315524
vn -0.963764 0.041629 0.263489
vn -0.977666 0.042140 0.205897
vn -0.987945 0.042742 0.148790
vn -0.994383 0.043503 0.096488
vn -0.997710 0.043989 0.051375
vn -0.999005 0.044522 0.002742
vn -0.997538 0.045150 -0.053657
vn -0.993564 0.046064 -0.103480
vn -0.990189 0.047120 -0.131548
vn -0.989110 0.048301 -0.139026
vn -0.990245 0.048885 -0.130478
vn -0.991152 0.049414 -0.123189
vn -0.990150 0.050000 -0.130779
vn -0.986104 0.050629 -0.158229
vn -0.977923 0.051389 -0.202549
vn -0.963205 0.052153 -0.263661
vn -0.943658 0.052574 -0.326719
vn -0.927689 0.053358 -0.369521
vn -0.919766 0.054325 -0.388690
vn -0.921607 0.055367 -0.384155
vn -0.930596 0.056460 -0.361667
vn -0.939559 0.057303 -0.337559
vn -0.941196 0.057355 -0.332957
vn -0.933425 0.057540 -0.354127
vn -0.915393 0.057758 -0.398395
vn -0.886965 0.058291 -0.458142
vn -0.856286 0.059037 -0.513117
vn -0.830688 0.060085 -0.553487
vn -0.811782 0.061382 -0.580726
vn -0.800536 0.062805 -0.595984
vn -0.790205 0.064804 -0.609407
vn -0.773793 0.067064 -0.629878
vn -0.758418 0.069127 -0.648093
vn -0.751272 0.071158 -0.656146
vn -0.752733 0.074530 -0.654094
vn -0.761096 0.077804 -0.643956
vn -0.768539 0.080768 -0.634685
vn -0.769510 0.083783 -0.633115
vn -0.762920 0.085636 -0.640795
vn -0.747975 0.087692 -0.657908
vn -0.732287 0.090183 -0.674998
vn -0.722537 0.090467 -0.685388
vn -0.709982 0.091859 -0.698203
vn -0.683399 0.091727 -0.724260
vn -0.642362 0.091932 -0.760868
vn -0.584108 0.092678 -0.806368
vn -0.518943 0.095033 -0.849510
vn -0.470662 0.098506 -0.876798
vn -0.448373 0.101265 -0.888092
vn -0.452687 0.102129 -0.885801
vn -0.470695 0.105550 -0.875960
vn -0.479289 0.111228 -0.870580
vn -0.478269 0.117560 -0.870309
vn -0.478288 0.123680 -0.869450
vn -0.478353 0.127365 -0.868882
vn -0.479204 0.126399 -0.868555
vn -0.482033 0.125112 -0.867174
vn -0.482689 0.123944 -0.866977
vn -0.479633 0.124685 -0.868565
vn -0.471019 0.128332 -0.872738
vn -0.460572 0.132210 -0.877721
vn -0.448707 0.131547 -0.883944
vn -0.440930 0.131143 -0.887909
vn -0.437305 0.134979 -0.889126
vn -0.437533 0.139205 -0.888362
vn -0.439749 0.141519 -0.886901
vn -0.441191 0.140704 -0.886314
vn -0.441020 0.141481 -0.886276
vn -0.440118 0.139544 -0.887031
vn -0.440599 0.137643 -0.887089
vn -0.444156 0.135843 -0.885591
vn -0.451847 0.141884 -0.880740
vn -0.453276 0.148367 -0.878936
vn -0.443706 0.152833 -0.883044
vn -0.422161 0.152379 -0.893622
vn -0.394057 0.159277 -0.905180
vn -0.367519 0.168470 -0.914630
vn -0.345852 0.178925 -0.921071
vn -0.326088 0.188999 -0.926254
vn -0.308108 0.197991 -0.930521
vn -0.297172 0.199194 -0.933815
vn -0.288735 0.200653 -0.936147
vn -0.275578 0.202462 -0.939716
vn -0.253230 0.207050 -0.944989
vn -0.217327 0.221696 -0.950589
vn -0.168287 0.224777 -0.959768
vn -0.116549 0.223284 -0.967761
vn -0.073780 0.222780 -0.972073
vn -0.047068 0.224693 -0.973292
vn -0.036698 0.229106 -0.972709
vn -0.039186 0.233843 -0.971484
vn -0.040952 0.234966 -0.971141
vn -0.030244 0.236330 -0.971202
vn -0.007709 0.237532 -0.971349
vn 0.028525 0.238260 -0.970782
vn 0.071101 0.240012 -0.968163
vn 0.107112 0.242950 -0.964107
vn 0.139464 0.247124 -0.958895
vn 0.173617 0.252312 -0.951943
vn 0.210018 0.257962 -0.943053
vn 0.257203 0.263358 -0.929779
vn 0.310908 0.270502 -0.911134
vn 0.349245 0.280039 -0.894207
vn 0.364522 0.291480 -0.884400
vn 0.357935 0.304464 -0.882714
vn 0.329370 0.311523 -0.891330
vn 0.295602 0.313894 -0.902269
vn 0.285213 0.315649 -0.904997
vn 0.312172 0.317079 -0.895550
vn 0.371015 0.320658 -0.871508
vn 0.437441 0.325929 -0.838103
vn 0.485193 0.333998 -0.808105
vn 0.516402 0.344623 -0.783941
vn 0.539730 0.357515 -0.762151
vn 0.562116 0.366368 -0.741485
vn 0.586715 0.375801 -0.717314
vn 0.614191 0.386666 -0.687938
vn 0.638003 0.394352 -0.661392
vn 0.655346 0.400393 -0.640474
vn 0.663783 0.408078 -0.626789
vn 0.668956 0.415663 -0.616216
vn 0.677609 0.419675 -0.603920
vn 0.689689 0.420955 -0.589174
vn 0.701067 0.422726 -0.574290
vn 0.711772 0.425566 -0.558815
vn 0.725028 0.424363 -0.542448
vn 0.738959 0.424027 -0.523585
vn 0.750088 0.424382 -0.507216
vn 0.756260 0.425611 -0.496917
vn 0.757827 0.426863 -0.493443
vn 0.755700 0.428248 -0.495501
vn 0.758511 0.416187 -0.501447
vn 0.762140 0.412178 -0.499251
vn 0.769894 0.405520 -0.492765
vn 0.782517 0.398897 -0.478067
vn 0.799579 0.394353 -0.452945
vn 0.818470 0.391514 -0.420504
vn 0.831293 0.390356 -0.395693
vn 0.833932 0.392031 -0.388419
vn 0.827912 0.393386 -0.399762
vn 0.818244 0.394256 -0.418376
vn 0.812423 0.394077 -0.429735
vn 0.813032 0.384645 -0.437066
vn 0.814803 0.369076 -0.447078
vn 0.813132 0.358866 -0.458291
vn 0.805854 0.353011 -0.475376
vn 0.795129 0.345808 -0.498183
vn 0.791043 0.334871 -0.511970
vn 0.797228 0.323165 -0.509894
vn 0.813416 0.313172 -0.490182
vn 0.833763 0.305270 -0.460055
vn 0.847627 0.305510 -0.433812
vn 0.857197 0.306923 -0.413536
vn 0.865803 0.307552 -0.394711
vn 0.874001 0.307844 -0.375970
vn 0.883151 0.309123 -0.352827
vn 0.892542 0.311505 -0.326087
vn 0.899214 0.313729 -0.304941
vn 0.901591 0.316270 -0.295138
vn 0.900173 0.318513 -0.297047
vn 0.897263 0.319897 -0.304280
vn 0.895760 0.320737 -0.307802
vn 0.895049 0.321843 -0.308713
vn 0.895471 0.321638 -0.307703
vn 0.895873 0.321680 -0.306486
vn 0.895971 0.321833 -0.306038
vn 0.896338 0.321952 -0.304837
vn 0.896630 0.322013 -0.303910
vn 0.898053 0.317887 -0.304055
vn 0.898997 0.316050 -0.303177
vn 0.902338 0.305931 -0.303633
vn 0.904998 0.295654 -0.305889
vn 0.907541 0.286107 -0.307427
vn 0.911168 0.277123 -0.304921
vn 0.915806 0.267049 -0.299975
vn 0.921315 0.252765 -0.295447
vn 0.924849 0.239999 -0.295051
vn 0.929067 0.228243 -0.291100
vn 0.934941 0.217658 -0.280196
vn 0.942410 0.208599 -0.261437
vn 0.950476 0.199615 -0.238221
vn 0.957012 0.190170 -0.219004
vn 0.962713 0.181823 -0.200312
vn 0.968006 0.174539 -0.180276
vn 0.972506 0.168060 -0.161207
vn 0.976364 0.161744 -0.143364
vn 0.979534 0.155371 -0.127954
vn 0.982689 0.149071 -0.110002
vn 0.986116 0.143632 -0.083340
vn 0.989130 0.138919 -0.048190
vn 0.990847 0.134937 -0.003780
vn 0.990638 0.130450 0.040245
vn 0.989020 0.126464 0.076458
vn 0.987187 0.123047 0.101595
vn 0.986377 0.119838 0.112694
vn 0.988297 0.116717 0.098216
vn 0.991300 0.113458 0.066724
vn 0.991402 0.110310 0.070376
vn 0.984893 0.109072 0.134493
vn 0.966812 0.108087 0.231500
vn 0.943966 0.107630 0.312000
vn 0.928726 0.106299 0.355201
vn 0.916569 0.104914 0.385868
vn 0.896607 0.105281 0.430129
vn 0.859346 0.106103 0.500267
vn 0.334368 0.869226 0.259339
vn 0.289181 0.869249 0.308878
vn 0.246100 0.869199 0.344279
vn 0.214933 0.869214 0.364525
vn 0.200640 0.869266 0.372497
vn 0.196837 0.869297 0.374469
vn 0.184720 0.869251 0.380665
vn 0.161156 0.869194 0.391315
vn 0.132979 0.869208 0.401745
vn 0.103561 0.869250 0.410250
vn 0.076893 0.869247 0.416077
vn 0.052847 0.869312 0.419714
vn 0.028412 0.869232 0.422190
vn 0.002583 0.869206 0.423176
vn -0.024849 0.869311 0.422299
vn -0.050874 0.869257 0.420039
vn -0.073239 0.869226 0.416767
vn -0.094265 0.869158 0.412623
vn -0.116531 0.869317 0.406654
vn -0.141393 0.869304 0.398711
vn -0.167201 0.869169 0.388810
vn -0.189818 0.869205 0.378225
vn -0.208922 0.869214 0.368003
vn -0.228018 0.869225 0.356467
vn -0.250370 0.869191 0.341200
vn -0.276711 0.869259 0.320077
vn -0.304667 0.869281 0.293547
vn -0.333257 0.869281 0.260636
vn -0.361174 0.869252 0.220409
vn -0.384906 0.869299 0.175544
vn -0.405055 0.869259 0.122267
vn -0.418404 0.869277 0.062724
vn -0.422853 0.869224 0.016015
vn -0.423070 0.869201 -0.010058
vn -0.422629 0.869290 -0.019105
vn -0.422556 0.869236 -0.022213
vn -0.421770 0.869239 -0.033955
vn -0.419897 0.869314 -0.051348
vn -0.418184 0.869251 -0.064426
vn -0.416880 0.869290 -0.072048
vn -0.415029 0.869247 -0.082368
vn -0.411301 0.869224 -0.099468
vn -0.408447 0.869285 -0.110262
vn -0.410003 0.869262 -0.104464
vn -0.415109 0.869223 -0.082144
vn -0.420719 0.869244 -0.045077
vn -0.423030 0.869268 -0.007230
vn -0.422835 0.869250 0.015495
vn -0.422674 0.869221 0.020287
vn -0.423038 0.869266 0.006954
vn -0.422534 0.869242 -0.022452
vn -0.419866 0.869267 -0.052160
vn -0.417907 0.869292 -0.065815
vn -0.418945 0.869290 -0.058863
vn -0.421910 0.869274 -0.031501
vn -0.423145 0.869215 0.004650
vn -0.421911 0.869253 0.031885
vn -0.419438 0.869241 0.055787
vn -0.414310 0.869230 0.086031
vn -0.405024 0.869284 0.122242
vn -0.391108 0.869216 0.161575
vn -0.374856 0.869231 0.196305
vn -0.359821 0.869250 0.222618
vn -0.345827 0.869242 0.243809
vn -0.330292 0.869257 0.264440
vn -0.308197 0.869239 0.289928
vn -0.275608 0.869228 0.321087
vn -0.238467 0.869272 0.349480
vn -0.206851 0.869216 0.369166
vn -0.186973 0.869299 0.379487
vn -0.176214 0.869240 0.384695
vn -0.160918 0.869284 0.391270
vn -0.141033 0.869228 0.398956
vn -0.121039 0.869265 0.405415
vn -0.101659 0.869196 0.410806
vn -0.088061 0.869256 0.413844
vn -0.080418 0.869309 0.415319
vn -0.067403 0.869253 0.417712
vn -0.040745 0.869221 0.421195
vn 0.003548 0.869209 0.423164
vn 0.066806 0.869275 0.417775
vn 0.131587 0.869301 0.402058
vn 0.179158 0.869299 0.383237
vn 0.208311 0.869239 0.368306
vn 0.221209 0.869315 0.360577
vn 0.226133 0.869201 0.357707
vn 0.234410 0.869259 0.352236
vn 0.248513 0.869249 0.342449
vn 0.264564 0.869231 0.330240
vn 0.282426 0.869266 0.315031
vn 0.304535 0.869285 0.293673
vn 0.327785 0.869274 0.267502
vn 0.343135 0.869281 0.247485
vn 0.348427 0.869279 0.239985
vn 0.344543 0.869283 0.245518
vn 0.337331 0.869302 0.255291
vn 0.334455 0.869315 0.259015
vn 0.332851 0.869291 0.261130
vn 0.327144 0.869204 0.268447
vn 0.316353 0.869281 0.280912
vn 0.301235 0.869255 0.297121
vn 0.284547 0.869242 0.313164
vn 0.272313 0.869263 0.323821
vn 0.266846 0.869251 0.328362
vn 0.268521 0.869193 0.327103
vn 0.270260 0.869225 0.325607
vn 0.266510 0.869255 0.328627
vn 0.265404 0.869256 0.329518
vn 0.273945 0.869217 0.322528
vn 0.291539 0.869293 0.306564
vn 0.316225 0.869203 0.281227
vn 0.338412 0.869240 0.254006
vn 0.352445 0.869252 0.234114
vn 0.358274 0.869290 0.224988
vn 0.357247 0.869223 0.226799
vn 0.352470 0.869201 0.234211
vn 0.349996 0.869296 0.237645
vn 0.349923 0.869304 0.237732
vn 0.349838 0.869285 0.237906
vn 0.349838 0.869285 0.237906
vn 0.350019 0.869245 0.237743
vn 0.350131 0.869206 0.237681
vn 0.350108 0.869257 0.237583
vn 0.349677 0.869227 0.238296
vn 0.348697 0.869256 0.239650
vn 0.346362 0.869236 0.243065
vn 0.342783 0.869222 0.248120
vn 0.341284 0.869204 0.250224
vn 0.343239 0.869269 0.247372
vn 0.349146 0.869256 0.238996
vn 0.356994 0.869245 0.227137
vn 0.363656 0.869263 0.216258
vn 0.368570 0.869278 0.207730
vn 0.372281 0.869269 0.201031
vn 0.374837 0.869254 0.196268
vn 0.383468 0.869241 0.178864
vn 0.397100 0.869222 0.146206
vn 0.401354 0.869301 0.133722
vn 0.390068 0.869278 0.163835
vn 0.355757 0.869250 0.229055
vn 0.303258 0.869252 0.295063
vn 0.259985 0.869230 0.333858
vn 0.227260 0.869253 0.356901
vn 0.189476 0.869181 0.378435
vn 0.140256 0.869290 0.399134
vn 0.079452 0.869283 0.415542
vn 0.022864 0.869254 0.422495
vn -0.021241 0.869281 0.422540
vn -0.061567 0.869322 0.418508
vn -0.105061 0.869308 0.409780
vn -0.161729 0.869256 0.390980
vn -0.222542 0.869253 0.359862
vn -0.268978 0.869189 0.326735
vn -0.301229 0.869236 0.297166
vn -0.326089 0.869257 0.269604
vn -0.356491 0.869240 0.227938
vn -0.394352 0.869230 0.153429
vn -0.416432 0.869290 0.074594
vn -0.421862 0.869232 0.032923
vn -0.421361 0.869228 0.038884
vn -0.416463 0.869281 0.074497
vn -0.411087 0.869246 0.100206
vn -0.410957 0.869249 0.100721
vn -0.415276 0.869229 0.081244
vn -0.421097 0.869250 0.041321
vn -0.422708 0.869267 -0.018075
vn -0.416141 0.869279 -0.076287
vn -0.407978 0.869270 -0.112065
vn -0.404088 0.869239 -0.125524
vn -0.406153 0.869239 -0.118670
vn -0.410627 0.869307 -0.101706
vn -0.412907 0.869263 -0.092308
vn -0.413933 0.869209 -0.087974
vn -0.415718 0.869236 -0.078897
vn -0.418097 0.869256 -0.064939
vn -0.420504 0.869287 -0.046472
vn -0.422262 0.869246 -0.026998
vn -0.422923 0.869279 -0.011361
vn -0.423136 0.869237 0.001033
vn -0.423020 0.869251 0.009057
vn -0.423058 0.869275 0.004510
vn -0.423035 0.869247 -0.008643
vn -0.423134 0.869218 -0.005166
vn -0.422108 0.869271 0.028782
vn -0.413146 0.869233 0.091435
vn -0.385155 0.869220 0.175279
vn -0.342392 0.869270 0.248540
vn -0.312893 0.869322 0.284672
vn -0.309512 0.869202 0.288603
vn -0.329569 0.869282 0.265280
vn -0.358523 0.869270 0.224647
vn -0.376945 0.869286 0.192087
vn -0.386628 0.869266 0.171838
vn -0.394523 0.869257 0.152879
vn -0.401498 0.869257 0.133493
vn -0.408164 0.869235 0.111580
vn -0.414087 0.869220 0.087174
vn -0.418369 0.869272 0.063003
vn -0.421123 0.869257 0.040940
vn -0.422539 0.869261 0.021830
vn -0.423133 0.869238 0.001550
vn -0.422508 0.869250 -0.022727
vn -0.420864 0.869257 -0.043523
vn -0.419469 0.869232 -0.055653
vn -0.418945 0.869290 -0.058863
vn -0.419451 0.869258 -0.055504
vn -0.419866 0.869267 -0.052160
vn -0.419438 0.869241 -0.055787
vn -0.417761 0.869279 -0.066855
vn -0.414311 0.869250 -0.085879
vn -0.407978 0.869270 -0.112065
vn -0.399826 0.869257 -0.138417
vn -0.392990 0.869312 -0.156563
vn -0.389928 0.869202 -0.164452
vn -0.390402 0.869276 -0.163046
vn -0.394444 0.869245 -0.153135
vn -0.398309 0.869226 -0.142861
vn -0.398787 0.869259 -0.141376
vn -0.395755 0.869217 -0.149829
vn -0.388024 0.869233 -0.168785
vn -0.375902 0.869267 -0.194183
vn -0.362979 0.869230 -0.217488
vn -0.352109 0.869237 -0.234659
vn -0.344186 0.869250 -0.246100
vn -0.339362 0.869245 -0.252723
vn -0.334850 0.869334 -0.258458
vn -0.328212 0.869217 -0.267109
vn -0.321544 0.869271 -0.274978
vn -0.318748 0.869274 -0.278209
vn -0.319406 0.869272 -0.277456
vn -0.322743 0.869326 -0.273446
vn -0.326203 0.869267 -0.269445
vn -0.326949 0.869180 -0.268739
vn -0.323938 0.869244 -0.272215
vn -0.317721 0.869251 -0.279430
vn -0.310956 0.869244 -0.286955
vn -0.306996 0.869251 -0.291174
vn -0.301589 0.869195 -0.296887
vn -0.290302 0.869292 -0.307738
vn -0.273106 0.869137 -0.323392
vn -0.248078 0.869209 -0.342838
vn -0.220526 0.869197 -0.361198
vn -0.200151 0.869249 -0.372788
vn -0.190719 0.869258 -0.377685
vn -0.192569 0.869264 -0.376735
vn -0.200092 0.869327 -0.372688
vn -0.203811 0.869294 -0.370723
vn -0.203842 0.869203 -0.370859
vn -0.203781 0.869282 -0.370761
vn -0.203811 0.869294 -0.370723
vn -0.204581 0.869225 -0.370415
vn -0.205573 0.869250 -0.369824
vn -0.205867 0.869269 -0.369627
vn -0.204540 0.869208 -0.370466
vn -0.201156 0.869192 -0.372341
vn -0.196354 0.869287 -0.374738
vn -0.191412 0.869310 -0.377248
vn -0.188184 0.869260 -0.378950
vn -0.186591 0.869335 -0.379616
vn -0.186927 0.869283 -0.379534
vn -0.187840 0.869238 -0.379158
vn -0.188274 0.869292 -0.378854
vn -0.188300 0.869229 -0.378943
vn -0.188151 0.869249 -0.378986
vn -0.188151 0.869249 -0.378986
vn -0.189863 0.869221 -0.378177
vn -0.193112 0.869291 -0.376413
vn -0.193756 0.869330 -0.376017
vn -0.189844 0.869311 -0.378038
vn -0.180751 0.869270 -0.382537
vn -0.168879 0.869215 -0.388012
vn -0.157686 0.869281 -0.392589
vn -0.148723 0.869277 -0.396077
vn -0.140200 0.869279 -0.399171
vn -0.133040 0.869279 -0.401614
vn -0.128537 0.869189 -0.403216
vn -0.124681 0.869306 -0.404246
vn -0.119077 0.869228 -0.406051
vn -0.109503 0.869248 -0.408707
vn -0.094276 0.869234 -0.412506
vn -0.073067 0.869284 -0.416712
vn -0.050601 0.869293 -0.420019
vn -0.032150 0.869228 -0.421928
vn -0.020469 0.869261 -0.422607
vn -0.015876 0.869231 -0.422849
vn -0.017037 0.869306 -0.422693
vn -0.017827 0.869200 -0.422816
vn -0.013292 0.869238 -0.422928
vn -0.003358 0.869208 -0.423166
vn 0.012581 0.869297 -0.422863
vn 0.030990 0.869254 -0.421976
vn 0.046530 0.869317 -0.420454
vn 0.060870 0.869269 -0.418689
vn 0.075909 0.869279 -0.416210
vn 0.092043 0.869297 -0.412916
vn 0.112913 0.869189 -0.407866
vn 0.136629 0.869240 -0.400468
vn 0.153939 0.869236 -0.394145
vn 0.161259 0.869221 -0.391230
vn 0.159162 0.869244 -0.392051
vn 0.146950 0.869190 -0.396875
vn 0.131587 0.869301 -0.402058
vn 0.127039 0.869273 -0.403562
vn 0.139158 0.869287 -0.399523
vn 0.165642 0.869227 -0.389385
vn 0.195747 0.869257 -0.375105
vn 0.217810 0.869233 -0.362781
vn 0.232799 0.869228 -0.353357
vn 0.244652 0.869303 -0.345121
vn 0.255598 0.869195 -0.337294
vn 0.267924 0.869230 -0.327522
vn 0.281820 0.869223 -0.315659
vn 0.293902 0.869197 -0.304495
vn 0.302395 0.869288 -0.295872
vn 0.307837 0.869224 -0.290341
vn 0.311211 0.869245 -0.286676
vn 0.315682 0.869315 -0.281592
vn 0.321631 0.869284 -0.274848
vn 0.327163 0.869294 -0.268215
vn 0.332943 0.869231 -0.261154
vn 0.338984 0.869220 -0.253291
vn 0.345475 0.869208 -0.244394
vn 0.350561 0.869237 -0.236967
vn 0.353563 0.869246 -0.232437
vn 0.354572 0.869255 -0.230872
vn 0.353809 0.869251 -0.232051
vn 0.353150 0.869210 -0.233160
vn 0.354097 0.869174 -0.231816
vn 0.356507 0.869211 -0.227993
vn 0.360936 0.869263 -0.220768
vn 0.368187 0.869215 -0.208591
vn 0.376190 0.869240 -0.193708
vn 0.381946 0.869255 -0.182045
vn 0.383639 0.869247 -0.178477
vn 0.381013 0.869245 -0.184024
vn 0.376680 0.869288 -0.192600
vn 0.374155 0.869246 -0.197590
vn 0.372743 0.869224 -0.200311
vn 0.370978 0.869232 -0.203535
vn 0.368609 0.869224 -0.207820
vn 0.364262 0.869273 -0.215207
vn 0.358614 0.869262 -0.224523
vn 0.355071 0.869285 -0.230023
vn 0.356414 0.869219 -0.228116
vn 0.362514 0.869212 -0.218312
vn 0.370453 0.869275 -0.204359
vn 0.376608 0.869289 -0.192737
vn 0.381107 0.869214 -0.183932
vn 0.385155 0.869220 -0.175279
vn 0.388732 0.869254 -0.167068
vn 0.392919 0.869237 -0.157037
vn 0.397429 0.869221 -0.145312
vn 0.400632 0.869285 -0.135943
vn 0.402123 0.869266 -0.131556
vn 0.401849 0.869249 -0.132468
vn 0.400632 0.869285 -0.135943
vn 0.400006 0.869297 -0.137718
vn 0.399924 0.869285 -0.138007
vn 0.400006 0.869297 -0.137718
vn 0.400205 0.869278 -0.137223
vn 0.400443 0.869226 -0.136764
vn 0.400671 0.869251 -0.135979
vn 0.400705 0.869262 -0.135829
vn 0.400940 0.869211 -0.135369
vn 0.401062 0.869216 -0.134985
vn 0.401028 0.869205 -0.135135
vn 0.400705 0.869262 -0.135829
vn 0.400739 0.869273 -0.135680
vn 0.401230 0.869260 -0.134283
vn 0.402092 0.869254 -0.131706
vn 0.402895 0.869245 -0.129271
vn 0.403076 0.869269 -0.128592
vn 0.403769 0.869236 -0.126560
vn 0.405306 0.869240 -0.121528
vn 0.407719 0.869250 -0.113117
vn 0.410435 0.869230 -0.102941
vn 0.412570 0.869230 -0.094020
vn 0.414275 0.869241 -0.086126
vn 0.415953 0.869259 -0.077472
vn 0.417390 0.869272 -0.069201
vn 0.418677 0.869217 -0.061482
vn 0.419537 0.869232 -0.055137
vn 0.420466 0.869263 -0.047136
vn 0.421668 0.869214 -0.035650
vn 0.422654 0.869227 -0.020526
vn 0.423130 0.869239 -0.001928
vn 0.422763 0.869251 0.017321
vn 0.421806 0.869284 0.032669
vn 0.420993 0.869204 0.043024
vn 0.420341 0.869279 0.048024
vn 0.421017 0.869253 0.042077
vn 0.422190 0.869232 0.028412
vn 0.422025 0.869260 0.030196
vn 0.419247 0.869242 0.057199
vn 0.411607 0.869230 0.098153
vn 0.401745 0.869260 0.132733
vn 0.395328 0.869248 0.150824
vn 0.389976 0.869269 0.164088
vn 0.381466 0.869221 0.183165
vn 0.365487 0.869255 0.213173
vn 0.334368 0.869226 0.259339
vn 0.289181 0.869249 0.308878
vn 0.246100 0.869199 0.344279
vn 0.214933 0.869214 0.364525
vn 0.200640 0.869266 0.372497
vn 0.196837 0.869297 0.374469
vn 0.184720 0.869251 0.380665
vn 0.161156 0.869194 0.391315
vn 0.132979 0.869208 0.401745
vn 0.103561 0.869250 0.410250
vn 0.076893 0.869247 0.416077
vn 0.052847 0.869312 0.419714
vn 0.028412 0.869232 0.422190
vn 0.002583 0.869206 0.423176
vn -0.024849 0.869311 0.422299
vn -0.050874 0.869257 0.420039
vn -0.073239 0.869226 0.416767
vn -0.094265 0.869158 0.412623
vn -0.116531 0.869317 0.406654
vn -0.141393 0.869304 0.398711
vn -0.167201 0.869169 0.388810
vn -0.189818 0.869205 0.378225
vn -0.208922 0.869214 0.368003
vn -0.228018 0.869225 0.356467
vn -0.250370 0.869191 0.341200
vn -0.276711 0.869259 0.320077
vn -0.304667 0.869281 0.293547
vn -0.333257 0.869281 0.260636
vn -0.361174 0.869252 0.220409
vn -0.384906 0.869299 0.175544
vn -0.405055 0.869259 0.122267
vn -0.418404 0.869277 0.062724
vn -0.422853 0.869224 0.016015
vn -0.423070 0.869201 -0.010058
vn -0.422629 0.869290 -0.019105
vn -0.422556 0.869236 -0.022213
vn -0.421770 0.869239 -0.033955
vn -0.419897 0.869314 -0.051348
vn -0.418184 0.869251 -0.064426
vn -0.416880 0.869290 -0.072048
vn -0.415029 0.869247 -0.082368
vn -0.411301 0.869224 -0.099468
vn -0.408447 0.869285 -0.110262
vn -0.410003 0.869262 -0.104464
vn -0.415109 0.869223 -0.082144
vn -0.420719 0.869244 -0.045077
vn -0.423030 0.869268 -0.007230
vn -0.422835 0.869250 0.015495
vn -0.422674 0.869221 0.020287
vn -0.423038 0.869266 0.006954
vn -0.422534 0.869242 -0.022452
vn -0.419866 0.869267 -0.052160
vn -0.417907 0.869292 -0.065815
vn -0.418945 0.869290 -0.058863
vn -0.421910 0.869274 -0.031501
vn -0.423145 0.869215 0.004650
vn -0.421911 0.869253 0.031885
vn -0.419438 0.869241 0.055787
vn -0.414310 0.869230 0.086031
vn -0.405024 0.869284 0.122242
vn -0.391108 0.869216 0.161575
vn -0.374856 0.869231 0.196305
vn -0.359821 0.869250 0.222618
vn -0.345827 0.869242 0.243809
vn -0.330292 0.869257 0.264440
vn -0.308197 0.869239 0.289928
vn -0.275608 0.869228 0.321087
vn -0.238467 0.869272 0.349480
vn -0.206851 0.869216 0.369166
vn -0.186973 0.869299 0.379487
vn -0.176214 0.869240 0.384695
vn -0.160918 0.869284 0.391270
vn -0.141033 0.869228 0.398956
vn -0.121039 0.869265 0.405415
vn -0.101659 0.869196 0.410806
vn -0.088061 0.869256 0.413844
vn -0.080418 0.869309 0.415319
vn -0.067403 0.869253 0.417712
vn -0.040745 0.869221 0.421195
vn 0.003548 0.869209 0.423164
vn 0.066806 0.869275 0.417775
vn 0.131587 0.869301 0.402058
vn 0.179158 0.869299 0.383237
vn 0.208311 0.869239 0.368306
vn 0.221209 0.869315 0.360577
vn 0.226133 0.869201 0.357707
vn 0.234410 0.869259 0.352236
vn 0.248513 0.869249 0.342449
vn 0.264564 0.869231 0.330240
vn 0.282426 0.869266 0.315031
vn 0.304535 0.869285 0.293673
vn 0.327785 0.869274 0.267502
vn 0.343135 0.869281 0.247485
vn 0.348427 0.869279 0.239985
vn 0.344543 0.869283 0.245518
vn 0.337331 0.869302 0.255291
vn 0.334455 0.869315 0.259015
vn 0.332851 0.869291 0.261130
vn 0.327144 0.869204 0.268447
vn 0.316353 0.869281 0.280912
vn 0.301235 0.869255 0.297121
vn 0.284547 0.869242 0.313164
vn 0.272313 0.869263 0.323821
vn 0.266846 0.869251 0.328362
vn 0.268521 0.869193 0.327103
vn 0.270260 0.869225 0.325607
vn 0.266510 0.869255 0.328627
vn 0.265404 0.869256 0.329518
vn 0.273945 0.869217 0.322528
vn 0.291539 0.869293 0.306564
vn 0.316225 0.869203 0.281227
vn 0.338412 0.869240 0.254006
vn 0.352445 0.869252 0.234114
vn 0.358274 0.869290 0.224988
vn 0.357247 0.869223 0.226799
vn 0.352470 0.869201 0.234211
vn 0.349996 0.869296 0.237645
vn 0.349923 0.869304 0.237732
vn 0.349838 0.869285 0.237906
vn 0.349838 0.869285 0.237906
vn 0.350019 0.869245 0.237743
vn 0.350131 0.869206 0.237681
vn 0.350108 0.869257 0.237583
vn 0.349677 0.869227 0.238296
vn 0.348697 0.869256 0.239650
vn 0.346362 0.869236 0.243065
vn 0.342783 0.869222 0.248120
vn 0.341284 0.869204 0.250224
vn 0.343239 0.869269 0.247372
vn 0.349146 0.869256 0.238996
vn 0.356994 0.869245 0.227137
vn 0.363656 0.869263 0.216258
vn 0.368570 0.869278 0.207730
vn 0.372281 0.869269 0.201031
vn 0.374837 0.869254 0.196268
vn 0.383468 0.869241 0.178864
vn 0.397100 0.869222 0.146206
vn 0.401354 0.869301 0.133722
vn 0.390068 0.869278 0.163835
vn 0.355757 0.869250 0.229055
vn 0.303258 0.869252 0.295063
vn 0.259985 0.869230 0.333858
vn 0.227260 0.869253 0.356901
vn 0.189476 0.869181 0.378435
vn 0.140256 0.869290 0.399134
vn 0.079452 0.869283 0.415542
vn 0.022864 0.869254 0.422495
vn -0.021241 0.869281 0.422540
vn -0.061567 0.869322 0.418508
vn -0.105061 0.869308 0.409780
vn -0.161729 0.869256 0.390980
vn -0.222542 0.869253 0.359862
vn -0.268978 0.869189 0.326735
vn -0.301229 0.869236 0.297166
vn -0.326089 0.869257 0.269604
vn -0.356491 0.869240 0.227938
vn -0.394352 0.869230 0.153429
vn -0.416432 0.869290 0.074594
vn -0.421862 0.869232 0.032923
vn -0.421361 0.869228 0.038884
vn -0.416463 0.869281 0.074497
vn -0.411087 0.869246 0.100206
vn -0.410957 0.869249 0.100721
vn -0.415276 0.869229 0.081244
vn -0.421097 0.869250 0.041321
vn -0.422708 0.869267 -0.018075
vn -0.416141 0.869279 -0.076287
vn -0.407978 0.869270 -0.112065
vn -0.404088 0.869239 -0.125524
vn -0.406153 0.869239 -0.118670
vn -0.410627 0.869307 -0.101706
vn -0.412907 0.869263 -0.092308
vn -0.413933 0.869209 -0.087974
vn -0.415718 0.869236 -0.078897
vn -0.418097 0.869256 -0.064939
vn -0.420504 0.869287 -0.046472
vn -0.422262 0.869246 -0.026998
vn -0.422923 0.869279 -0.011361
vn -0.423136 0.869237 0.001033
vn -0.423020 0.869251 0.009057
vn -0.423058 0.869275 0.004510
vn -0.423035 0.869247 -0.008643
vn -0.423134 0.869218 -0.005166
vn -0.422108 0.869271 0.028782
vn -0.413146 0.869233 0.091435
vn -0.385155 0.869220 0.175279
vn -0.342392 0.869270 0.248540
vn -0.312893 0.869322 0.284672
vn -0.309512 0.869202 0.288603
vn -0.329569 0.869282 0.265280
vn -0.358523 0.869270 0.224647
vn -0.376945 0.869286 0.192087
vn -0.386628 0.869266 0.171838
vn -0.394523 0.869257 0.152879
vn -0.401498 0.869257 0.133493
vn -0.408164 0.869235 0.111580
vn -0.414087 0.869220 0.087174
vn -0.418369 0.869272 0.063003
vn -0.421123 0.869257 0.040940
vn -0.422539 0.869261 0.021830
vn -0.423133 0.869238 0.001550
vn -0.422508 0.869250 -0.022727
vn -0.420864 0.869257 -0.043523
vn -0.419469 0.869232 -0.055653
vn -0.418945 0.869290 -0.058863
vn -0.419451 0.869258 -0.055504
vn -0.419866 0.869267 -0.052160
vn -0.419438 0.869241 -0.055787
vn -0.417761 0.869279 -0.066855
vn -0.414311 0.869250 -0.085879
vn -0.407978 0.869270 -0.112065
vn -0.399826 0.869257 -0.138417
vn -0.392990 0.869312 -0.156563
vn -0.389928 0.869202 -0.164452
vn -0.390402 0.869276 -0.163046
vn -0.394444 0.869245 -0.153135
vn -0.398309 0.869226 -0.142861
vn -0.398787 0.869259 -0.141376
vn -0.395755 0.869217 -0.149829
vn -0.388024 0.869233 -0.168785
vn -0.375902 0.869267 -0.194183
vn -0.362979 0.869230 -0.217488
vn -0.352109 0.869237 -0.234659
vn -0.344186 0.869250 -0.246100
vn -0.339362 0.869245 -0.252723
vn -0.334850 0.869334 -0.258458
vn -0.328212 0.869217 -0.267109
vn -0.321544 0.869271 -0.274978
vn -0.318748 0.869274 -0.278209
vn -0.319406 0.869272 -0.277456
vn -0.322743 0.869326 -0.273446
vn -0.326203 0.869267 -0.269445
vn -0.326949 0.869180 -0.268739
vn -0.323938 0.869244 -0.272215
vn -0.317721 0.869251 -0.279430
vn -0.310956 0.869244 -0.286955
vn -0.306996 0.869251 -0.291174
vn -0.301589 0.869195 -0.296887
vn -0.290302 0.869292 -0.307738
vn -0.273106 0.869137 -0.323392
vn -0.248078 0.869209 -0.342838
vn -0.220526 0.869197 -0.361198
vn -0.200151 0.869249 -0.372788
vn -0.190719 0.869258 -0.377685
vn -0.192569 0.869264 -0.376735
vn -0.200092 0.869327 -0.372688
vn -0.203811 0.869294 -0.370723
vn -0.203842 0.869203 -0.370859
vn -0.203781 0.869282 -0.370761
vn -0.203811 0.869294 -0.370723
vn -0.204581 0.869225 -0.370415
vn -0.205573 0.869250 -0.369824
vn -0.205867 0.869269 -0.369627
vn -0.204540 0.869208 -0.370466
vn -0.201156 0.869192 -0.372341
vn -0.196354 0.869287 -0.374738
vn -0.191412 0.869310 -0.377248
vn -0.188184 0.869260 -0.378950
vn -0.186591 0.869335 -0.379616
vn -0.186927 0.869283 -0.379534
vn -0.187840 0.869238 -0.379158
vn -0.188274 0.869292 -0.378854
vn -0.188300 0.869229 -0.378943
vn -0.188151 0.869249 -0.378986
vn -0.188151 0.869249 -0.378986
vn -0.189863 0.869221 -0.378177
vn -0.193112 0.869291 -0.376413
vn -0.193756 0.869330 -0.376017
vn -0.189844 0.869311 -0.378038
vn -0.180751 0.869270 -0.382537
vn -0.168879 0.869215 -0.388012
vn -0.157686 0.869281 -0.392589
vn -0.148723 0.869277 -0.396077
vn -0.140200 0.869279 -0.399171
vn -0.133040 0.869279 -0.401614
vn -0.128537 0.869189 -0.403216
vn -0.124681 0.869306 -0.404246
vn -0.119077 0.869228 -0.406051
vn -0.109503 0.869248 -0.408707
vn -0.094276 0.869234 -0.412506
vn -0.073067 0.869284 -0.416712
vn -0.050601 0.869293 -0.420019
vn -0.032150 0.869228 -0.421928
vn -0.020469 0.869261 -0.422607
vn -0.015876 0.869231 -0.422849
vn -0.017037 0.869306 -0.422693
vn -0.017827 0.869200 -0.422816
vn -0.013292 0.869238 -0.422928
vn -0.003358 0.869208 -0.423166
vn 0.012581 0.869297 -0.422863
vn 0.030990 0.869254 -0.421976
vn 0.046530 0.869317 -0.420454
vn 0.060870 0.869269 -0.418689
vn 0.075909 0.869279 -0.416210
vn 0.092043 0.869297 -0.412916
vn 0.112913 0.869189 -0.407866
vn 0.136629 0.869240 -0.400468
vn 0.153939 0.869236 -0.394145
vn 0.161259 0.869221 -0.391230
vn 0.159162 0.869244 -0.392051
vn 0.146950 0.869190 -0.396875
vn 0.131587 0.869301 -0.402058
vn 0.127039 0.869273 -0.403562
vn 0.139158 0.869287 -0.399523
vn 0.165642 0.869227 -0.389385
vn 0.195747 0.869257 -0.375105
vn 0.217810 0.869233 -0.362781
vn 0.232799 0.869228 -0.353357
vn 0.244652 0.869303 -0.345121
vn 0.255598 0.869195 -0.337294
vn 0.267924 0.869230 -0.327522
vn 0.281820 0.869223 -0.315659
vn 0.293902 0.869197 -0.304495
vn 0.302395 0.869288 -0.295872
vn 0.307837 0.869224 -0.290341
vn 0.311211 0.869245 -0.286676
vn 0.315682 0.869315 -0.281592
vn 0.321631 0.869284 -0.274848
vn 0.327163 0.869294 -0.268215
vn 0.332943 0.869231 -0.261154
vn 0.338984 0.869220 -0.253291
vn 0.345475 0.869208 -0.244394
vn 0.350561 0.869237 -0.236967
vn 0.353563 0.869246 -0.232437
vn 0.354572 0.869255 -0.230872
vn 0.353809 0.869251 -0.232051
vn 0.353150 0.869210 -0.233160
vn 0.354097 0.869174 -0.231816
vn 0.356507 0.869211 -0.227993
vn 0.360936 0.869263 -0.220768
vn 0.368187 0.869215 -0.208591
vn 0.376190 0.869240 -0.193708
vn 0.381946 0.869255 -0.182045
vn 0.383639 0.869247 -0.178477
vn 0.381013 0.869245 -0.184024
vn 0.376680 0.869288 -0.192600
vn 0.374155 0.869246 -0.197590
vn 0.372743 0.869224 -0.200311
vn 0.370978 0.869232 -0.203535
vn 0.368609 0.869224 -0.207820
vn 0.364262 0.869273 -0.215207
vn 0.358614 0.869262 -0.224523
vn 0.355071 0.869285 -0.230023
vn 0.356414 0.869219 -0.228116
vn 0.362514 0.869212 -0.218312
vn 0.370453 0.869275 -0.204359
vn 0.376608 0.869289 -0.192737
vn 0.381107 0.869214 -0.183932
vn 0.385155 0.869220 -0.175279
vn 0.388732 0.869254 -0.167068
vn 0.392919 0.869237 -0.157037
vn 0.397429 0.869221 -0.145312
vn 0.400632 0.869285 -0.135943
vn 0.402123 0.869266 -0.131556
vn 0.401849 0.869249 -0.132468
vn 0.400632 0.869285 -0.135943
vn 0.400006 0.869297 -0.137718
vn 0.399924 0.869285 -0.138007
vn 0.400006 0.869297 -0.137718
vn 0.400205 0.869278 -0.137223
vn 0.400443 0.869226 -0.136764
vn 0.400671 0.869251 -0.135979
vn 0.400705 0.869262 -0.135829
vn 0.400940 0.869211 -0.135369
vn 0.401062 0.869216 -0.134985
vn 0.401028 0.869205 -0.135135
vn 0.400705 0.869262 -0.135829
vn 0.400739 0.869273 -0.135680
vn 0.401230 0.869260 -0.134283
vn 0.402092 0.869254 -0.131706
vn 0.402895 0.869245 -0.129271
vn 0.403076 0.869269 -0.128592
vn 0.403769 0.869236 -0.126560
vn 0.405306 0.869240 -0.121528
vn 0.407719 0.869250 -0.113117
vn 0.410435 0.869230 -0.102941
vn 0.412570 0.869230 -0.094020
vn 0.414275 0.869241 -0.086126
vn 0.415953 0.869259 -0.077472
vn 0.417390 0.869272 -0.069201
vn 0.418677 0.869217 -0.061482
vn 0.419537 0.869232 -0.055137
vn 0.420466 0.869263 -0.047136
vn 0.421668 0.869214 -0.035650
vn 0.422654 0.869227 -0.020526
vn 0.423130 0.869239 -0.001928
vn 0.422763 0.869251 0.017321
vn 0.421806 0.869284 0.032669
vn 0.420993 0.869204 0.043024
vn 0.420341 0.869279 0.048024
vn 0.421017 0.869253 0.042077
vn 0.422190 0.869232 0.028412
vn 0.422025 0.869260 0.030196
vn 0.419247 0.869242 0.057199
vn 0.411607 0.869230 0.098153
vn 0.401745 0.869260 0.132733
vn 0.395328 0.869248 0.150824
vn 0.389976 0.869269 0.164088
vn 0.381466 0.869221 0.183165
vn 0.365487 0.869255 0.213173
vn 0.239508 0.936025 0.185757
vn 0.207183 0.936023 0.221242
vn 0.176314 0.935963 0.246715
vn 0.154043 0.935960 0.261208
vn 0.143789 0.935998 0.266891
vn 0.141128 0.936013 0.268272
vn 0.132331 0.936009 0.272726
vn 0.115496 0.935977 0.280350
vn 0.095342 0.935961 0.287866
vn 0.074220 0.935988 0.293959
vn 0.055156 0.935966 0.298176
vn 0.037898 0.936030 0.300709
vn 0.020363 0.935978 0.302523
vn 0.001850 0.936001 0.303148
vn -0.017777 0.936028 0.302573
vn -0.036460 0.935991 0.300976
vn -0.052401 0.936032 0.298519
vn -0.067573 0.935955 0.295634
vn -0.083524 0.936060 0.291281
vn -0.101377 0.936008 0.285686
vn -0.119807 0.935959 0.278579
vn -0.135984 0.936005 0.270935
vn -0.149703 0.935986 0.263652
vn -0.163332 0.936011 0.255364
vn -0.179390 0.935968 0.244475
vn -0.198175 0.936017 0.229362
vn -0.218155 0.936054 0.210331
vn -0.238691 0.936050 0.186713
vn -0.258751 0.936002 0.157951
vn -0.275787 0.936024 0.125748
vn -0.290222 0.935995 0.087643
vn -0.299668 0.936055 0.045035
vn -0.302930 0.936004 0.011472
vn -0.303137 0.935970 -0.007328
vn -0.302792 0.936024 -0.013688
vn -0.302712 0.936011 -0.015951
vn -0.302144 0.936014 -0.024383
vn -0.300788 0.936052 -0.036863
vn -0.299606 0.936003 -0.046222
vn -0.298674 0.936031 -0.051536
vn -0.297294 0.936022 -0.059079
vn -0.294714 0.935985 -0.071194
vn -0.292687 0.936010 -0.078898
vn -0.293739 0.936022 -0.074773
vn -0.297370 0.936006 -0.058880
vn -0.301427 0.936005 -0.032236
vn -0.303110 0.936001 -0.005181
vn -0.302953 0.935999 0.011142
vn -0.302834 0.935990 0.014475
vn -0.303112 0.936001 0.005104
vn -0.302691 0.936015 -0.016164
vn -0.300800 0.936020 -0.037369
vn -0.299344 0.936049 -0.047220
vn -0.300128 0.936036 -0.042168
vn -0.302280 0.936016 -0.022571
vn -0.303141 0.935999 0.003331
vn -0.302228 0.936026 0.022937
vn -0.300491 0.936011 0.039925
vn -0.296855 0.935998 0.061518
vn -0.290112 0.936046 0.087611
vn -0.280128 0.936013 0.115818
vn -0.268544 0.935997 0.140686
vn -0.257796 0.936000 0.159514
vn -0.247755 0.936012 0.174655
vn -0.236661 0.936010 0.189423
vn -0.220857 0.935980 0.207734
vn -0.197570 0.935969 0.230029
vn -0.170765 0.936028 0.250409
vn -0.148277 0.935971 0.264496
vn -0.133970 0.936022 0.271894
vn -0.126142 0.936031 0.275589
vn -0.115208 0.936043 0.280307
vn -0.101053 0.935991 0.285841
vn -0.086740 0.936022 0.290432
vn -0.072870 0.936001 0.294265
vn -0.063130 0.935993 0.296528
vn -0.057545 0.936070 0.297484
vn -0.048272 0.936035 0.299210
vn -0.029251 0.935974 0.301802
vn 0.002571 0.936003 0.303138
vn 0.047889 0.936026 0.299292
vn 0.094298 0.936052 0.287995
vn 0.128408 0.935999 0.274620
vn 0.149208 0.935993 0.263914
vn 0.158416 0.936076 0.258272
vn 0.162007 0.935967 0.256326
vn 0.167950 0.936022 0.252324
vn 0.178030 0.936003 0.245366
vn 0.189589 0.935975 0.236631
vn 0.202341 0.936027 0.225667
vn 0.218151 0.936018 0.210449
vn 0.234825 0.936035 0.191606
vn 0.245914 0.936005 0.177266
vn 0.249550 0.936058 0.171900
vn 0.246749 0.936065 0.175870
vn 0.241587 0.936066 0.182890
vn 0.239583 0.936053 0.185555
vn 0.238443 0.936028 0.187110
vn 0.234456 0.935963 0.192317
vn 0.226642 0.936013 0.201295
vn 0.215870 0.936008 0.212822
vn 0.203918 0.935997 0.224333
vn 0.195113 0.935991 0.232051
vn 0.191113 0.936021 0.235267
vn 0.192339 0.935984 0.234376
vn 0.193636 0.935983 0.233307
vn 0.191030 0.935988 0.235431
vn 0.190150 0.936021 0.236047
vn 0.196298 0.936001 0.231018
vn 0.208838 0.936032 0.219653
vn 0.226577 0.935985 0.201462
vn 0.242396 0.936016 0.182007
vn 0.252543 0.936008 0.167674
vn 0.256616 0.936048 0.161203
vn 0.255912 0.936004 0.162505
vn 0.252581 0.935968 0.167783
vn 0.250789 0.936026 0.170217
vn 0.250632 0.936038 0.170398
vn 0.250609 0.936034 0.170448
vn 0.250581 0.936036 0.170480
vn 0.250796 0.935988 0.170360
vn 0.250819 0.935992 0.170310
vn 0.250817 0.936023 0.170184
vn 0.250531 0.936003 0.170689
vn 0.249823 0.936004 0.171717
vn 0.248221 0.935979 0.174125
vn 0.245632 0.935988 0.177724
vn 0.244530 0.935981 0.179264
vn 0.245910 0.936011 0.177248
vn 0.250085 0.936026 0.171247
vn 0.255746 0.936009 0.162746
vn 0.260493 0.936019 0.154987
vn 0.264080 0.936028 0.148755
vn 0.266751 0.936013 0.143979
vn 0.268485 0.936040 0.140588
vn 0.274727 0.936013 0.128108
vn 0.284493 0.935989 0.104796
vn 0.287525 0.936042 0.095793
vn 0.279498 0.936021 0.117283
vn 0.254784 0.936022 0.164190
vn 0.217317 0.935987 0.211413
vn 0.186299 0.935967 0.239252
vn 0.162815 0.936012 0.255693
vn 0.135748 0.935961 0.271164
vn 0.100442 0.936026 0.285972
vn 0.056946 0.936054 0.297635
vn 0.016340 0.936011 0.302690
vn -0.015216 0.935989 0.302800
vn -0.044043 0.936054 0.299817
vn -0.075256 0.936050 0.293552
vn -0.115845 0.936009 0.280127
vn -0.159390 0.936034 0.257784
vn -0.192729 0.935971 0.234092
vn -0.215864 0.935973 0.212940
vn -0.233615 0.936023 0.193123
vn -0.255462 0.935983 0.163300
vn -0.282497 0.936017 0.109891
vn -0.298325 0.936030 0.053523
vn -0.302236 0.935999 0.023648
vn -0.301907 0.935986 0.027842
vn -0.298391 0.936020 0.053278
vn -0.294476 0.936027 0.071769
vn -0.294443 0.935999 0.072172
vn -0.297500 0.936013 0.058133
vn -0.301736 0.935987 0.029614
vn -0.302850 0.936013 -0.012990
vn -0.298101 0.936034 -0.054706
vn -0.292297 0.936014 -0.080294
vn -0.289544 0.935982 -0.089961
vn -0.290999 0.935992 -0.085058
vn -0.294184 0.936041 -0.072823
vn -0.295791 0.936023 -0.066186
vn -0.296576 0.935982 -0.063013
vn -0.297861 0.935985 -0.056601
vn -0.299529 0.936015 -0.046544
vn -0.301253 0.936033 -0.033253
vn -0.302523 0.936008 -0.019321
vn -0.303007 0.936018 -0.008101
vn -0.303174 0.935992 0.000740
vn -0.303066 0.936010 0.006407
vn -0.303049 0.936040 0.003290
vn -0.303072 0.936009 -0.006252
vn -0.303133 0.936000 -0.003701
vn -0.302377 0.936034 0.020637
vn -0.296024 0.935986 0.065523
vn -0.275955 0.935991 0.125562
vn -0.245349 0.936008 0.178037
vn -0.224081 0.936056 0.203997
vn -0.221824 0.935963 0.206758
vn -0.236048 0.936054 0.190029
vn -0.256832 0.936040 0.160891
vn -0.270077 0.936023 0.137590
vn -0.276990 0.936012 0.123144
vn -0.282627 0.936025 0.109507
vn -0.287577 0.936035 0.095687
vn -0.292426 0.935995 0.079988
vn -0.296630 0.936006 0.062503
vn -0.299768 0.936004 0.045150
vn -0.301688 0.936023 0.029266
vn -0.302752 0.936003 0.015544
vn -0.303172 0.935992 0.001110
vn -0.302696 0.936010 -0.016282
vn -0.301495 0.936025 -0.031154
vn -0.300491 0.936011 -0.039925
vn -0.300128 0.936036 -0.042168
vn -0.300510 0.936007 -0.039850
vn -0.300809 0.936018 -0.037331
vn -0.300481 0.936013 -0.039963
vn -0.299271 0.936026 -0.048016
vn -0.296870 0.935995 -0.061482
vn -0.292301 0.936017 -0.080251
vn -0.286465 0.936003 -0.099183
vn -0.281577 0.936044 -0.112062
vn -0.279382 0.935978 -0.117813
vn -0.279650 0.936033 -0.116852
vn -0.282521 0.936020 -0.109808
vn -0.285411 0.935987 -0.102287
vn -0.285694 0.936014 -0.101308
vn -0.283510 0.935998 -0.107373
vn -0.277942 0.936006 -0.121013
vn -0.269289 0.936030 -0.139093
vn -0.260062 0.935989 -0.155840
vn -0.252317 0.935987 -0.168101
vn -0.246466 0.936053 -0.176313
vn -0.243182 0.935994 -0.181038
vn -0.239858 0.936073 -0.185127
vn -0.235116 0.935984 -0.191433
vn -0.230285 0.936039 -0.197026
vn -0.228298 0.936050 -0.199287
vn -0.228885 0.936001 -0.198780
vn -0.231188 0.936068 -0.195863
vn -0.233680 0.936021 -0.193050
vn -0.234210 0.935979 -0.192559
vn -0.232115 0.935995 -0.195023
vn -0.227626 0.935997 -0.200237
vn -0.222890 0.935976 -0.205566
vn -0.219884 0.936035 -0.208583
vn -0.216148 0.935956 -0.212708
vn -0.208019 0.936038 -0.220410
vn -0.195739 0.935915 -0.231746
vn -0.177836 0.935948 -0.245660
vn -0.157943 0.935986 -0.258799
vn -0.143347 0.936030 -0.267048
vn -0.136643 0.935984 -0.270657
vn -0.137887 0.936064 -0.269820
vn -0.143347 0.936030 -0.267048
vn -0.146077 0.936032 -0.265558
vn -0.145963 0.936018 -0.265657
vn -0.145974 0.936022 -0.265642
vn -0.146077 0.936032 -0.265558
vn -0.146527 0.936006 -0.265378
vn -0.147278 0.936010 -0.264952
vn -0.147412 0.936032 -0.264821
vn -0.146527 0.936006 -0.265378
vn -0.144147 0.935940 -0.266847
vn -0.140600 0.936044 -0.268470
vn -0.137075 0.936040 -0.270296
vn -0.134793 0.936042 -0.271436
vn -0.133624 0.936087 -0.271898
vn -0.133933 0.936012 -0.271937
vn -0.134568 0.936002 -0.271648
vn -0.134859 0.936038 -0.271412
vn -0.134994 0.935958 -0.271548
vn -0.134714 0.936020 -0.271530
vn -0.134726 0.936023 -0.271516
vn -0.136025 0.935995 -0.270940
vn -0.138376 0.936019 -0.269684
vn -0.138774 0.936090 -0.269300
vn -0.136104 0.936016 -0.270845
vn -0.129462 0.936045 -0.274010
vn -0.120986 0.936010 -0.277945
vn -0.113069 0.935999 -0.281284
vn -0.106571 0.936011 -0.283780
vn -0.100480 0.936014 -0.285986
vn -0.095291 0.936032 -0.287713
vn -0.092135 0.935975 -0.288877
vn -0.089359 0.936029 -0.289620
vn -0.085275 0.936011 -0.290891
vn -0.078462 0.935985 -0.292863
vn -0.067591 0.935957 -0.295626
vn -0.052358 0.936014 -0.298570
vn -0.036224 0.936079 -0.300804
vn -0.023059 0.936037 -0.302193
vn -0.014640 0.935993 -0.302819
vn -0.011443 0.935955 -0.303043
vn -0.012185 0.936049 -0.302802
vn -0.012754 0.935975 -0.302945
vn -0.009558 0.936042 -0.302911
vn -0.002406 0.936003 -0.303141
vn 0.009026 0.936021 -0.302975
vn 0.022202 0.936013 -0.302314
vn 0.033307 0.936077 -0.301146
vn 0.043621 0.936045 -0.299899
vn 0.054383 0.936026 -0.298179
vn 0.065877 0.936038 -0.295824
vn 0.080907 0.935970 -0.292232
vn 0.097904 0.935981 -0.286959
vn 0.110301 0.936005 -0.282366
vn 0.115524 0.935983 -0.280324
vn 0.114006 0.936003 -0.280896
vn 0.105267 0.935993 -0.284310
vn 0.094245 0.936061 -0.287990
vn 0.090948 0.936067 -0.289035
vn 0.099660 0.936052 -0.286183
vn 0.118598 0.936031 -0.278919
vn 0.140284 0.935994 -0.268762
vn 0.156090 0.935979 -0.259939
vn 0.166730 0.936001 -0.253188
vn 0.175168 0.936079 -0.247208
vn 0.183030 0.936009 -0.241645
vn 0.191943 0.935992 -0.234676
vn 0.201870 0.936007 -0.226149
vn 0.210617 0.935954 -0.218191
vn 0.216674 0.936012 -0.211990
vn 0.220546 0.936005 -0.207983
vn 0.222960 0.936008 -0.205383
vn 0.226079 0.936066 -0.201746
vn 0.230509 0.936013 -0.196856
vn 0.234312 0.936045 -0.192199
vn 0.238608 0.935975 -0.187094
vn 0.242890 0.935974 -0.181505
vn 0.247487 0.935987 -0.175135
vn 0.251104 0.936013 -0.169804
vn 0.253302 0.936009 -0.166524
vn 0.254024 0.936013 -0.165403
vn 0.253535 0.935992 -0.166238
vn 0.253057 0.935982 -0.167003
vn 0.253768 0.935949 -0.166059
vn 0.255462 0.935983 -0.163300
vn 0.258465 0.936057 -0.158181
vn 0.263740 0.936000 -0.149485
vn 0.269563 0.935984 -0.138786
vn 0.273538 0.936040 -0.130486
vn 0.274886 0.936010 -0.127782
vn 0.273028 0.935987 -0.131823
vn 0.269887 0.936024 -0.137957
vn 0.268104 0.936004 -0.141487
vn 0.266970 0.936014 -0.143568
vn 0.265764 0.935998 -0.145865
vn 0.264125 0.935992 -0.148841
vn 0.260927 0.936044 -0.154148
vn 0.256858 0.936039 -0.160856
vn 0.254290 0.936038 -0.164887
vn 0.255435 0.935985 -0.163334
vn 0.259799 0.935964 -0.156391
vn 0.265338 0.936045 -0.146416
vn 0.269847 0.936024 -0.138034
vn 0.273046 0.935987 -0.131784
vn 0.275972 0.935991 -0.125522
vn 0.278433 0.936020 -0.119797
vn 0.281531 0.935994 -0.112484
vn 0.284795 0.935972 -0.104085
vn 0.287045 0.936026 -0.097336
vn 0.288068 0.936013 -0.094358
vn 0.287815 0.936032 -0.094991
vn 0.287045 0.936026 -0.097336
vn 0.286505 0.936058 -0.098687
vn 0.286581 0.936010 -0.098802
vn 0.286505 0.936058 -0.098687
vn 0.286691 0.936026 -0.098368
vn 0.286886 0.935996 -0.098006
vn 0.287045 0.936026 -0.097336
vn 0.287076 0.936023 -0.097263
vn 0.287215 0.936001 -0.097004
vn 0.287411 0.935963 -0.096694
vn 0.287389 0.935968 -0.096725
vn 0.287053 0.936028 -0.097294
vn 0.287076 0.936023 -0.097263
vn 0.287443 0.936019 -0.096197
vn 0.288068 0.936013 -0.094358
vn 0.288657 0.936005 -0.092596
vn 0.288784 0.936014 -0.092136
vn 0.289273 0.935996 -0.090720
vn 0.290425 0.935987 -0.087031
vn 0.292064 0.936028 -0.081016
vn 0.294062 0.936001 -0.073688
vn 0.295588 0.935996 -0.067364
vn 0.296775 0.936014 -0.061716
vn 0.297961 0.936029 -0.055529
vn 0.298988 0.936042 -0.049521
vn 0.299906 0.936013 -0.044072
vn 0.300581 0.935992 -0.039567
vn 0.301285 0.935996 -0.033721
vn 0.302103 0.935988 -0.025581
vn 0.302804 0.935996 -0.014805
vn 0.303169 0.935993 -0.001403
vn 0.302887 0.936009 0.012289
vn 0.302186 0.936031 0.023344
vn 0.301664 0.935968 0.030773
vn 0.301155 0.936019 0.034409
vn 0.301638 0.936004 0.030230
vn 0.302523 0.935978 0.020363
vn 0.302363 0.936007 0.021717
vn 0.300371 0.935998 0.041044
vn 0.294919 0.935981 0.070381
vn 0.287777 0.936031 0.095108
vn 0.283180 0.936025 0.108065
vn 0.279363 0.936019 0.117619
vn 0.273330 0.935998 0.131137
vn 0.261830 0.936014 0.152742
vn 0.239508 0.936025 0.185757
vn 0.207183 0.936023 0.221242
vn 0.176314 0.935963 0.246715
vn 0.154043 0.935960 0.261208
vn 0.143789 0.935998 0.266891
vn 0.141128 0.936013 0.268272
vn 0.132331 0.936009 0.272726
vn 0.115496 0.935977 0.280350
vn 0.095342 0.935961 0.287866
vn 0.074220 0.935988 0.293959
vn 0.055156 0.935966 0.298176
vn 0.037898 0.936030 0.300709
vn 0.020363 0.935978 0.302523
vn 0.001850 0.936001 0.303148
vn -0.017777 0.936028 0.302573
vn -0.036460 0.935991 0.300976
vn -0.052401 0.936032 0.298519
vn -0.067573 0.935955 0.295634
vn -0.083524 0.936060 0.291281
vn -0.101377 0.936008 0.285686
vn -0.119807 0.935959 0.278579
vn -0.135984 0.936005 0.270935
vn -0.149703 0.935986 0.263652
vn -0.163332 0.936011 0.255364
vn -0.179390 0.935968 0.244475
vn -0.198175 0.936017 0.229362
vn -0.218155 0.936054 0.210331
vn -0.238691 0.936050 0.186713
vn -0.258751 0.936002 0.157951
vn -0.275787 0.936024 0.125748
vn -0.290222 0.935995 0.087643
vn -0.299668 0.936055 0.045035
vn -0.302930 0.936004 0.011472
vn -0.303137 0.935970 -0.007328
vn -0.302792 0.936024 -0.013688
vn -0.302712 0.936011 -0.015951
vn -0.302144 0.936014 -0.024383
vn -0.300788 0.936052 -0.036863
vn -0.299606 0.936003 -0.046222
vn -0.298674 0.936031 -0.051536
vn -0.297294 0.936022 -0.059079
vn -0.294714 0.935985 -0.071194
vn -0.292687 0.936010 -0.078898
vn -0.293739 0.936022 -0.074773
vn -0.297370 0.936006 -0.058880
vn -0.301427 0.936005 -0.032236
vn -0.303110 0.936001 -0.005181
vn -0.302953 0.935999 0.011142
vn -0.302834 0.935990 0.014475
vn -0.303112 0.936001 0.005104
vn -0.302691 0.936015 -0.016164
vn -0.300800 0.936020 -0.037369
vn -0.299344 0.936049 -0.047220
vn -0.300128 0.936036 -0.042168
vn -0.302280 0.936016 -0.022571
vn -0.303141 0.935999 0.003331
vn -0.302228 0.936026 0.022937
vn -0.300491 0.936011 0.039925
vn -0.296855 0.935998 0.061518
vn -0.290112 0.936046 0.087611
vn -0.280128 0.936013 0.115818
vn -0.268544 0.935997 0.140686
vn -0.257796 0.936000 0.159514
vn -0.247755 0.936012 0.174655
vn -0.236661 0.936010 0.189423
vn -0.220857 0.935980 0.207734
vn -0.197570 0.935969 0.230029
vn -0.170765 0.936028 0.250409
vn -0.148277 0.935971 0.264496
vn -0.133970 0.936022 0.271894
vn -0.126142 0.936031 0.275589
vn -0.115208 0.936043 0.280307
vn -0.101053 0.935991 0.285841
vn -0.086740 0.936022 0.290432
vn -0.072870 0.936001 0.294265
vn -0.063130 0.935993 0.296528
vn -0.057545 0.936070 0.297484
vn -0.048272 0.936035 0.299210
vn -0.029251 0.935974 0.301802
vn 0.002571 0.936003 0.303138
vn 0.047889 0.936026 0.299292
vn 0.094298 0.936052 0.287995
vn 0.128408 0.935999 0.274620
vn 0.149208 0.935993 0.263914
vn 0.158416 0.936076 0.258272
vn 0.162007 0.935967 0.256326
vn 0.167950 0.936022 0.252324
vn 0.178030 0.936003 0.245366
vn 0.189589 0.935975 0.236631
vn 0.202341 0.936027 0.225667
vn 0.218151 0.936018 0.210449
vn 0.234825 0.936035 0.191606
vn 0.245914 0.936005 0.177266
vn 0.249550 0.936058 0.171900
vn 0.246749 0.936065 0.175870
vn 0.241587 0.936066 0.182890
vn 0.239583 0.936053 0.185555
vn 0.238443 0.936028 0.187110
vn 0.234456 0.935963 0.192317
vn 0.226642 0.936013 0.201295
vn 0.215870 0.936008 0.212822
vn 0.203918 0.935997 0.224333
vn 0.195113 0.935991 0.232051
vn 0.191113 0.936021 0.235267
vn 0.192339 0.935984 0.234376
vn 0.193636 0.935983 0.233307
vn 0.191030 0.935988 0.235431
vn 0.190150 0.936021 0.236047
vn 0.196298 0.936001 0.231018
vn 0.208838 0.936032 0.219653
vn 0.226577 0.935985 0.201462
vn 0.242396 0.936016 0.182007
vn 0.252543 0.936008 0.167674
vn 0.256616 0.936048 0.161203
vn 0.255912 0.936004 0.162505
vn 0.252581 0.935968 0.167783
vn 0.250789 0.936026 0.170217
vn 0.250632 0.936038 0.170398
vn 0.250609 0.936034 0.170448
vn 0.250581 0.936036 0.170480
vn 0.250796 0.935988 0.170360
vn 0.250819 0.935992 0.170310
vn 0.250817 0.936023 0.170184
vn 0.250531 0.936003 0.170689
vn 0.249823 0.936004 0.171717
vn 0.248221 0.935979 0.174125
vn 0.245632 0.935988 0.177724
vn 0.244530 0.935981 0.179264
vn 0.245910 0.936011 0.177248
vn 0.250085 0.936026 0.171247
vn 0.255746 0.936009 0.162746
vn 0.260493 0.936019 0.154987
vn 0.264080 0.936028 0.148755
vn 0.266751 0.936013 0.143979
vn 0.268485 0.936040 0.140588
vn 0.274727 0.936013 0.128108
vn 0.284493 0.935989 0.104796
vn 0.287525 0.936042 0.095793
vn 0.279498 0.936021 0.117283
vn 0.254784 0.936022 0.164190
vn 0.217317 0.935987 0.211413
vn 0.186299 0.935967 0.239252
vn 0.162815 0.936012 0.255693
vn 0.135748 0.935961 0.271164
vn 0.100442 0.936026 0.285972
vn 0.056946 0.936054 0.297635
vn 0.016340 0.936011 0.302690
vn -0.015216 0.935989 0.302800
vn -0.044043 0.936054 0.299817
vn -0.075256 0.936050 0.293552
vn -0.115845 0.936009 0.280127
vn -0.159390 0.936034 0.257784
vn -0.192729 0.935971 0.234092
vn -0.215864 0.935973 0.212940
vn -0.233615 0.936023 0.193123
vn -0.255462 0.935983 0.163300
vn -0.282497 0.936017 0.109891
vn -0.298325 0.936030 0.053523
vn -0.302236 0.935999 0.023648
vn -0.301907 0.935986 0.027842
vn -0.298391 0.936020 0.053278
vn -0.294476 0.936027 0.071769
vn -0.294443 0.935999 0.072172
vn -0.297500 0.936013 0.058133
vn -0.301736 0.935987 0.029614
vn -0.302850 0.936013 -0.012990
vn -0.298101 0.936034 -0.054706
vn -0.292297 0.936014 -0.080294
vn -0.289544 0.935982 -0.089961
vn -0.290999 0.935992 -0.085058
vn -0.294184 0.936041 -0.072823
vn -0.295791 0.936023 -0.066186
vn -0.296576 0.935982 -0.063013
vn -0.297861 0.935985 -0.056601
vn -0.299529 0.936015 -0.046544
vn -0.301253 0.936033 -0.033253
vn -0.302523 0.936008 -0.019321
vn -0.303007 0.936018 -0.008101
vn -0.303174 0.935992 0.000740
vn -0.303066 0.936010 0.006407
vn -0.303049 0.936040 0.003290
vn -0.303072 0.936009 -0.006252
vn -0.303133 0.936000 -0.003701
vn -0.302377 0.936034 0.020637
vn -0.296024 0.935986 0.065523
vn -0.275955 0.935991 0.125562
vn -0.245349 0.936008 0.178037
vn -0.224081 0.936056 0.203997
vn -0.221824 0.935963 0.206758
vn -0.236048 0.936054 0.190029
vn -0.256832 0.936040 0.160891
vn -0.270077 0.936023 0.137590
vn -0.276990 0.936012 0.123144
vn -0.282627 0.936025 0.109507
vn -0.287577 0.936035 0.095687
vn -0.292426 0.935995 0.079988
vn -0.296630 0.936006 0.062503
vn -0.299768 0.936004 0.045150
vn -0.301688 0.936023 0.029266
vn -0.302752 0.936003 0.015544
vn -0.303172 0.935992 0.001110
vn -0.302696 0.936010 -0.016282
vn -0.301495 0.936025 -0.031154
vn -0.300491 0.936011 -0.039925
vn -0.300128 0.936036 -0.042168
vn -0.300510 0.936007 -0.039850
vn -0.300809 0.936018 -0.037331
vn -0.300481 0.936013 -0.039963
vn -0.299271 0.936026 -0.048016
vn -0.296870 0.935995 -0.061482
vn -0.292301 0.936017 -0.080251
vn -0.286465 0.936003 -0.099183
vn -0.281577 0.936044 -0.112062
vn -0.279382 0.935978 -0.117813
vn -0.279650 0.936033 -0.116852
vn -0.282521 0.936020 -0.109808
vn -0.285411 0.935987 -0.102287
vn -0.285694 0.936014 -0.101308
vn -0.283510 0.935998 -0.107373
vn -0.277942 0.936006 -0.121013
vn -0.269289 0.936030 -0.139093
vn -0.260062 0.935989 -0.155840
vn -0.252317 0.935987 -0.168101
vn -0.246466 0.936053 -0.176313
vn -0.243182 0.935994 -0.181038
vn -0.239858 0.936073 -0.185127
vn -0.235116 0.935984 -0.191433
vn -0.230285 0.936039 -0.197026
vn -0.228298 0.936050 -0.199287
vn -0.228885 0.936001 -0.198780
vn -0.231188 0.936068 -0.195863
vn -0.233680 0.936021 -0.193050
vn -0.234210 0.935979 -0.192559
vn -0.232115 0.935995 -0.195023
vn -0.227626 0.935997 -0.200237
vn -0.222890 0.935976 -0.205566
vn -0.219884 0.936035 -0.208583
vn -0.216148 0.935956 -0.212708
vn -0.208019 0.936038 -0.220410
vn -0.195739 0.935915 -0.231746
vn -0.177836 0.935948 -0.245660
vn -0.157943 0.935986 -0.258799
vn -0.143347 0.936030 -0.267048
vn -0.136643 0.935984 -0.270657
vn -0.137887 0.936064 -0.269820
vn -0.143347 0.936030 -0.267048
vn -0.146077 0.936032 -0.265558
vn -0.145963 0.936018 -0.265657
vn -0.145974 0.936022 -0.265642
vn -0.146077 0.936032 -0.265558
vn -0.146527 0.936006 -0.265378
vn -0.147278 0.936010 -0.264952
vn -0.147412 0.936032 -0.264821
vn -0.146527 0.936006 -0.265378
vn -0.144147 0.935940 -0.266847
vn -0.140600 0.936044 -0.268470
vn -0.137075 0.936040 -0.270296
vn -0.134793 0.936042 -0.271436
vn -0.133624 0.936087 -0.271898
vn -0.133933 0.936012 -0.271937
vn -0.134568 0.936002 -0.271648
vn -0.134859 0.936038 -0.271412
vn -0.134994 0.935958 -0.271548
vn -0.134714 0.936020 -0.271530
vn -0.134726 0.936023 -0.271516
vn -0.136025 0.935995 -0.270940
vn -0.138376 0.936019 -0.269684
vn -0.138774 0.936090 -0.269300
vn -0.136104 0.936016 -0.270845
vn -0.129462 0.936045 -0.274010
vn -0.120986 0.936010 -0.277945
vn -0.113069 0.935999 -0.281284
vn -0.106571 0.936011 -0.283780
vn -0.100480 0.936014 -0.285986
vn -0.095291 0.936032 -0.287713
vn -0.092135 0.935975 -0.288877
vn -0.089359 0.936029 -0.289620
vn -0.085275 0.936011 -0.290891
vn -0.078462 0.935985 -0.292863
vn -0.067591 0.935957 -0.295626
vn -0.052358 0.936014 -0.298570
vn -0.036224 0.936079 -0.300804
vn -0.023059 0.936037 -0.302193
vn -0.014640 0.935993 -0.302819
vn -0.011443 0.935955 -0.303043
vn -0.012185 0.936049 -0.302802
vn -0.012754 0.935975 -0.302945
vn -0.009558 0.936042 -0.302911
vn -0.002406 0.936003 -0.303141
vn 0.009026 0.936021 -0.302975
vn 0.022202 0.936013 -0.302314
vn 0.033307 0.936077 -0.301146
vn 0.043621 0.936045 -0.299899
vn 0.054383 0.936026 -0.298179
vn 0.065877 0.936038 -0.295824
vn 0.080907 0.935970 -0.292232
vn 0.097904 0.935981 -0.286959
vn 0.110301 0.936005 -0.282366
vn 0.115524 0.935983 -0.280324
vn 0.114006 0.936003 -0.280896
vn 0.105267 0.935993 -0.284310
vn 0.094245 0.936061 -0.287990
vn 0.090948 0.936067 -0.289035
vn 0.099660 0.936052 -0.286183
vn 0.118598 0.936031 -0.278919
vn 0.140284 0.935994 -0.268762
vn 0.156090 0.935979 -0.259939
vn 0.166730 0.936001 -0.253188
vn 0.175168 0.936079 -0.247208
vn 0.183030 0.936009 -0.241645
vn 0.191943 0.935992 -0.234676
vn 0.201870 0.936007 -0.226149
vn 0.210617 0.935954 -0.218191
vn 0.216674 0.936012 -0.211990
vn 0.220546 0.936005 -0.207983
vn 0.222960 0.936008 -0.205383
vn 0.226079 0.936066 -0.201746
vn 0.230509 0.936013 -0.196856
vn 0.234312 0.936045 -0.192199
vn 0.238608 0.935975 -0.187094
vn 0.242890 0.935974 -0.181505
vn 0.247487 0.935987 -0.175135
vn 0.251104 0.936013 -0.169804
vn 0.253302 0.936009 -0.166524
vn 0.254024 0.936013 -0.165403
vn 0.253535 0.935992 -0.166238
vn 0.253057 0.935982 -0.167003
vn 0.253768 0.935949 -0.166059
vn 0.255462 0.935983 -0.163300
vn 0.258465 0.936057 -0.158181
vn 0.263740 0.936000 -0.149485
vn 0.269563 0.935984 -0.138786
vn 0.273538 0.936040 -0.130486
vn 0.274886 0.936010 -0.127782
vn 0.273028 0.935987 -0.131823
vn 0.269887 0.936024 -0.137957
vn 0.268104 0.936004 -0.141487
vn 0.266970 0.936014 -0.143568
vn 0.265764 0.935998 -0.145865
vn 0.264125 0.935992 -0.148841
vn 0.260927 0.936044 -0.154148
vn 0.256858 0.936039 -0.160856
vn 0.254290 0.936038 -0.164887
vn 0.255435 0.935985 -0.163334
vn 0.259799 0.935964 -0.156391
vn 0.265338 0.936045 -0.146416
vn 0.269847 0.936024 -0.138034
vn 0.273046 0.935987 -0.131784
vn 0.275972 0.935991 -0.125522
vn 0.278433 0.936020 -0.119797
vn 0.281531 0.935994 -0.112484
vn 0.284795 0.935972 -0.104085
vn 0.287045 0.936026 -0.097336
vn 0.288068 0.936013 -0.094358
vn 0.287815 0.936032 -0.094991
vn 0.287045 0.936026 -0.097336
vn 0.286505 0.936058 -0.098687
vn 0.286581 0.936010 -0.098802
vn 0.286505 0.936058 -0.098687
vn 0.286691 0.936026 -0.098368
vn 0.286886 0.935996 -0.098006
vn 0.287045 0.936026 -0.097336
vn 0.287076 0.936023 -0.097263
vn 0.287215 0.936001 -0.097004
vn 0.287411 0.935963 -0.096694
vn 0.287389 0.935968 -0.096725
vn 0.287053 0.936028 -0.097294
vn 0.287076 0.936023 -0.097263
vn 0.287443 0.936019 -0.096197
vn 0.288068 0.936013 -0.094358
vn 0.288657 0.936005 -0.092596
vn 0.288784 0.936014 -0.092136
vn 0.289273 0.935996 -0.090720
vn 0.290425 0.935987 -0.087031
vn 0.292064 0.936028 -0.081016
vn 0.294062 0.936001 -0.073688
vn 0.295588 0.935996 -0.067364
vn 0.296775 0.936014 -0.061716
vn 0.297961 0.936029 -0.055529
vn 0.298988 0.936042 -0.049521
vn 0.299906 0.936013 -0.044072
vn 0.300581 0.935992 -0.039567
vn 0.301285 0.935996 -0.033721
vn 0.302103 0.935988 -0.025581
vn 0.302804 0.935996 -0.014805
vn 0.303169 0.935993 -0.001403
vn 0.302887 0.936009 0.012289
vn 0.302186 0.936031 0.023344
vn 0.301664 0.935968 0.030773
vn 0.301155 0.936019 0.034409
vn 0.301638 0.936004 0.030230
vn 0.302523 0.935978 0.020363
vn 0.302363 0.936007 0.021717
vn 0.300371 0.935998 0.041044
vn 0.294919 0.935981 0.070381
vn 0.287777 0.936031 0.095108
vn 0.283180 0.936025 0.108065
vn 0.279363 0.936019 0.117619
vn 0.273330 0.935998 0.131137
vn 0.261830 0.936014 0.152742
vn 0.000000 1.000000 0.000000
vn 0.000000 1.000000 0.000000
vn 0.000000 1.000000 0.000000
vn 0.000000 1.000000 0.000000
vn 0.000000 1.000000 0.000000
vn 0.000000 1.000000 0.000000
vn 0.000000 1.000000 0.000000
vn 0.000000 1.000000 0.000000
vn 0.000000 1.000000 0.000000
vn 0.000000 1.000000 0.000000
vn 0.000000 1.000000 0.000000
vn 0.000000 1.000000 0.000000
vn 0.000000 1.000000 0.000000
vn 0.000000 1.000000 0.000000
vn 0.000000 1.000000 0.000000
vn 0.000000 1.000000 0.000000
vn 0.000000 1.000000 0.000000
vn 0.000000 1.000000 0.000000
vn 0.000000 1.000000 0.000000
vn 0.000000 1.000000 0.000000
vn 0.000000 1.000000 0.000000
vn 0.000000 1.000000 0.000000
vn 0.000000 1.000000 0.000000
vn 0.000000 1.000000 0.000000
vn 0.000000 1.000000 0.000000
vn 0.000000 1.000000 0.000000
vn 0.000000 1.000000 0.000000
vn 0.000000 1.000000 0.000000
vn 0.000000 1.000000 0.000000
vn 0.000000 1.000000 0.000000
vn 0.000000 1.000000 0.000000
vn 0.000000 1.000000 0.000000
vn 0.000000 1.000000 0.000000
vn 0.000000 1.000000 0.000000
vn 0.000000 1.000000 0.000000
vn 0.000000 1.000000 0.000000
vn 0.000000 1.000000 0.000000
vn 0.000000 1.000000 0.000000
vn 0.000000 1.000000 0.000000
vn 0.000000 1.000000 0.000000
vn 0.000000 1.000000 0.000000
vn 0.000000 1.000000 0.000000
vn 0.000000 1.000000 0.000000
vn 0.000000 1.000000 0.000000
vn 0.000000 1.000000 0.000000
vn 0.000000 1.000000 0.000000
vn 0.000000 1.000000 0.000000
vn 0.000000 1.000000 0.000000
vn 0.000000 1.000000 0.000000
vn 0.000000 1.000000 0.000000
vn 0.000000 1.000000 0.000000
vn 0.000000 1.000000 0.000000
vn 0.000000 1.000000 0.000000
vn 0.000000 1.000000 0.000000
vn 0.000000 1.000000 0.000000
vn 0.000000 1.000000 0.000000
vn 0.000000 1.000000 0.000000
vn 0.000000 1.000000 0.000000
vn 0.000000 1.000000 0.000000
vn 0.000000 1.000000 0.000000
vn 0.000000 1.000000 0.000000
vn 0.000000 1.000000 0.000000
vn 0.000000 1.000000 0.000000
vn 0.000000 1.000000 0.000000
vn 0.000000 1.000000 0.000000
vn 0.000000 1.000000 0.000000
vn 0.000000 1.000000 0.000000
vn 0.000000 1.000000 0.000000
vn 0.000000 1.000000 0.000000
vn 0.000000 1.000000 0.000000
vn 0.000000 1.000000 0.000000
vn 0.000000 1.000000 0.000000
vn 0.000000 1.000000 0.000000
vn 0.000000 1.000000 0.000000
vn 0.000000 1.000000 0.000000
vn 0.000000 1.000000 0.000000
vn 0.000000 1.000000 0.000000
vn 0.000000 1.000000 0.000000
vn 0.000000 1.000000 0.000000
vn 0.000000 1.000000 0.000000
vn 0.000000 1.000000 0.000000
vn 0.000000 1.000000 0.000000
vn 0.000000 1.000000 0.000000
vn 0.000000 1.000000 0.000000
vn 0.000000 1.000000 0.000000
vn 0.000000 1.000000 0.000000
vn 0.000000 1.000000 0.000000
vn 0.000000 1.000000 0.000000
vn 0.000000 1.000000 0.000000
vn 0.000000 1.000000 0.000000
vn 0.000000 1.000000 0.000000
vn 0.000000 1.000000 0.000000
vn 0.000000 1.000000 0.000000
vn 0.000000 1.000000 0.000000
vn 0.000000 1.000000 0.000000
vn 0.000000 1.000000 0.000000
vn 0.000000 1.000000 0.000000
vn 0.000000 1.000000 0.000000
vn 0.000000 1.000000 0.000000
vn 0.000000 1.000000 0.000000
vn 0.000000 1.000000 0.000000
vn 0.000000 1.000000 0.000000
vn 0.000000 1.000000 0.000000
vn 0.000000 1.000000 0.000000
vn 0.000000 1.000000 0.000000
vn 0.000000 1.000000 0.000000
vn 0.000000 1.000000 0.000000
vn 0.000000 1.000000 0.000000
vn 0.000000 1.000000 0.000000
vn 0.000000 1.000000 0.000000
vn 0.000000 1.000000 0.000000
vn 0.000000 1.000000 0.000000
vn 0.000000 1.000000 0.000000
vn 0.000000 1.000000 0.000000
vn 0.000000 1.000000 0.000000
vn 0.000000 1.000000 0.000000
vn 0.000000 1.000000 0.000000
vn 0.000000 1.000000 0.000000
vn 0.000000 1.000000 0.000000
vn 0.000000 1.000000 0.000000
vn 0.000000 1.000000 0.000000
vn 0.000000 1.000000 0.000000
vn 0.000000 1.000000 0.000000
vn 0.000000 1.000000 0.000000
vn 0.000000 1.000000 0.000000
vn 0.000000 1.000000 0.000000
vn 0.000000 1.000000 0.000000
vn 0.000000 1.000000 0.000000
vn 0.000000 1.000000 0.000000
vn 0.000000 1.000000 0.000000
vn 0.000000 1.000000 0.000000
vn 0.000000 1.000000 0.000000
vn 0.000000 1.000000 0.000000
vn 0.000000 1.000000 0.000000
vn 0.000000 1.000000 0.000000
vn 0.000000 1.000000 0.000000
vn 0.000000 1.000000 0.000000
vn 0.000000 1.000000 0.000000
vn 0.000000 1.000000 0.000000
vn 0.000000 1.000000 0.000000
vn 0.000000 1.000000 0.000000
vn 0.000000 1.000000 0.000000
vn 0.000000 1.000000 0.000000
vn 0.000000 1.000000 0.000000
vn 0.000000 1.000000 0.000000
vn 0.000000 1.000000 0.000000
vn 0.000000 1.000000 0.000000
vn 0.000000 1.000000 0.000000
vn 0.000000 1.000000 0.000000
vn 0.000000 1.000000 0.000000
vn 0.000000 1.000000 0.000000
vn 0.000000 1.000000 0.000000
vn 0.000000 1.000000 0.000000
vn 0.000000 1.000000 0.000000
vn 0.000000 1.000000 0.000000
vn 0.000000 1.000000 0.000000
vn 0.000000 1.000000 0.000000
vn 0.000000 1.000000 0.000000
vn 0.000000 1.000000 0.000000
vn 0.000000 1.000000 0.000000
vn 0.000000 1.000000 0.000000
vn 0.000000 1.000000 0.000000
vn 0.000000 1.000000 0.000000
vn 0.000000 1.000000 0.000000
vn 0.000000 1.000000 0.000000
vn 0.000000 1.000000 0.000000
vn 0.000000 1.000000 0.000000
vn 0.000000 1.000000 0.000000
vn 0.000000 1.000000 0.000000
vn 0.000000 1.000000 0.000000
vn 0.000000 1.000000 0.000000
vn 0.000000 1.000000 0.000000
vn 0.000000 1.000000 0.000000
vn 0.000000 1.000000 0.000000
vn 0.000000 1.000000 0.000000
vn 0.000000 1.000000 0.000000
vn 0.000000 1.000000 0.000000
vn 0.000000 1.000000 0.000000
vn 0.000000 1.000000 0.000000
vn 0.000000 1.000000 0.000000
vn 0.000000 1.000000 0.000000
vn 0.000000 1.000000 0.000000
vn 0.000000 1.000000 0.000000
vn 0.000000 1.000000 0.000000
vn 0.000000 1.000000 0.000000
vn 0.000000 1.000000 0.000000
vn 0.000000 1.000000 0.000000
vn 0.000000 1.000000 0.000000
vn 0.000000 1.000000 0.000000
vn 0.000000 1.000000 0.000000
vn 0.000000 1.000000 0.000000
vn 0.000000 1.000000 0.000000
vn 0.000000 1.000000 0.000000
vn 0.000000 1.000000 0.000000
vn 0.000000 1.000000 0.000000
vn 0.000000 1.000000 0.000000
vn 0.000000 1.000000 0.000000
vn 0.000000 1.000000 0.000000
vn 0.000000 1.000000 0.000000
vn 0.000000 1.000000 0.000000
vn 0.000000 1.000000 0.000000
vn 0.000000 1.000000 0.000000
vn 0.000000 1.000000 0.000000
vn 0.000000 1.000000 0.000000
vn 0.000000 1.000000 0.000000
vn 0.000000 1.000000 0.000000
vn 0.000000 1.000000 0.000000
vn 0.000000 1.000000 0.000000
vn 0.000000 1.000000 0.000000
vn 0.000000 1.000000 0.000000
vn 0.000000 1.000000 0.000000
vn 0.000000 1.000000 0.000000
vn 0.000000 1.000000 0.000000
vn 0.000000 1.000000 0.000000
vn 0.000000 1.000000 0.000000
vn 0.000000 1.000000 0.000000
vn 0.000000 1.000000 0.000000
vn 0.000000 1.000000 0.000000
vn 0.000000 1.000000 0.000000
vn 0.000000 1.000000 0.000000
vn 0.000000 1.000000 0.000000
vn 0.000000 1.000000 0.000000
vn 0.000000 1.000000 0.000000
vn 0.000000 1.000000 0.000000
vn 0.000000 1.000000 0.000000
vn 0.000000 1.000000 0.000000
vn 0.000000 1.000000 0.000000
vn 0.000000 1.000000 0.000000
vn 0.000000 1.000000 0.000000
vn 0.000000 1.000000 0.000000
vn 0.000000 1.000000 0.000000
vn 0.000000 1.000000 0.000000
vn 0.000000 1.000000 0.000000
vn 0.000000 1.000000 0.000000
vn 0.000000 1.000000 0.000000
vn 0.000000 1.000000 0.000000
vn 0.000000 1.000000 0.000000
vn 0.000000 1.000000 0.000000
vn 0.000000 1.000000 0.000000
vn 0.000000 1.000000 0.000000
vn 0.000000 1.000000 0.000000
vn 0.000000 1.000000 0.000000
vn 0.000000 1.000000 0.000000
vn 0.000000 1.000000 0.000000
vn 0.000000 1.000000 0.000000
vn 0.000000 1.000000 0.000000
vn 0.000000 1.000000 0.000000
vn 0.000000 1.000000 0.000000
vn 0.000000 1.000000 0.000000
vn 0.000000 1.000000 0.000000
vn 0.000000 1.000000 0.000000
vn 0.000000 1.000000 0.000000
vn 0.000000 1.000000 0.000000
vn 0.000000 1.000000 0.000000
vn 0.000000 1.000000 0.000000
vn 0.000000 1.000000 0.000000
vn 0.000000 1.000000 0.000000
vn 0.000000 1.000000 0.000000
vn 0.000000 1.000000 0.000000
vn 0.000000 1.000000 0.000000
vn 0.000000 1.000000 0.000000
vn 0.000000 1.000000 0.000000
vn 0.000000 1.000000 0.000000
vn 0.000000 1.000000 0.000000
vn 0.000000 1.000000 0.000000
vn 0.000000 1.000000 0.000000
vn 0.000000 1.000000 0.000000
vn 0.000000 1.000000 0.000000
vn 0.000000 1.000000 0.000000
vn 0.000000 1.000000 0.000000
vn 0.000000 1.000000 0.000000
vn 0.000000 1.000000 0.000000
vn 0.000000 1.000000 0.000000
vn 0.000000 1.000000 0.000000
vn 0.000000 1.000000 0.000000
vn 0.000000 1.000000 0.000000
vn 0.000000 1.000000 0.000000
vn 0.000000 1.000000 0.000000
vn 0.000000 1.000000 0.000000
vn 0.000000 1.000000 0.000000
vn 0.000000 1.000000 0.000000
vn 0.000000 1.000000 0.000000
vn 0.000000 1.000000 0.000000
vn 0.000000 1.000000 0.000000
vn 0.000000 1.000000 0.000000
vn 0.000000 1.000000 0.000000
vn 0.000000 1.000000 0.000000
vn 0.000000 1.000000 0.000000
vn 0.000000 1.000000 0.000000
vn 0.000000 1.000000 0.000000
vn 0.000000 1.000000 0.000000
vn 0.000000 1.000000 0.000000
vn 0.000000 1.000000 0.000000
vn 0.000000 1.000000 0.000000
vn 0.000000 1.000000 0.000000
vn 0.000000 1.000000 0.000000
vn 0.000000 1.000000 0.000000
vn 0.000000 1.000000 0.000000
vn 0.000000 1.000000 0.000000
vn 0.000000 1.000000 0.000000
vn 0.000000 1.000000 0.000000
vn 0.000000 1.000000 0.000000
vn 0.000000 1.000000 0.000000
vn 0.000000 1.000000 0.000000
vn 0.000000 1.000000 0.000000
vn 0.000000 1.000000 0.000000
vn 0.000000 1.000000 0.000000
vn 0.000000 1.000000 0.000000
vn 0.000000 1.000000 0.000000
vn 0.000000 1.000000 0.000000
vn 0.000000 1.000000 0.000000
vn 0.000000 1.000000 0.000000
vn 0.000000 1.000000 0.000000
vn 0.000000 1.000000 0.000000
vn 0.000000 1.000000 0.000000
vn 0.000000 1.000000 0.000000
vn 0.000000 1.000000 0.000000
vn 0.000000 1.000000 0.000000
vn 0.000000 1.000000 0.000000
vn 0.000000 1.000000 0.000000
vn 0.000000 1.000000 0.000000
vn 0.000000 1.000000 0.000000
vn 0.000000 1.000000 0.000000
vn 0.000000 1.000000 0.000000
vn 0.000000 1.000000 0.000000
vn 0.000000 1.000000 0.000000
vn 0.000000 1.000000 0.000000
vn 0.000000 1.000000 0.000000
vn 0.000000 1.000000 0.000000
vn 0.000000 1.000000 0.000000
vn 0.000000 1.000000 0.000000
vn 0.000000 1.000000 0.000000
vn 0.000000 1.000000 0.000000
vn 0.000000 1.000000 0.000000
vn 0.000000 1.000000 0.000000
vn 0.000000 1.000000 0.000000
vn 0.000000 1.000000 0.000000
vn 0.000000 1.000000 0.000000
vn 0.000000 1.000000 0.000000
vn 0.000000 1.000000 0.000000
vn 0.000000 1.000000 0.000000
vn 0.000000 1.000000 0.000000
vn 0.000000 1.000000 0.000000
vn 0.000000 1.000000 0.000000
vn 0.000000 1.000000 0.000000
vn 0.000000 1.000000 0.000000
vn 0.000000 1.000000 0.000000
vn 0.000000 1.000000 0.000000
vn 0.000000 1.000000 0.000000
vn 0.000000 1.000000 0.000000
vn 0.000000 1.000000 0.000000
vn 0.000000 1.000000 0.000000
vn 0.000000 1.000000 0.000000
vn 0.000000 1.000000 0.000000
vn 0.000000 1.000000 0.000000
vn 0.000000 1.000000 0.000000
vn 0.000000 1.000000 0.000000
vn 0.000000 1.000000 0.000000
vn 0.000000 1.000000 0.000000
vn 0.000000 1.000000 0.000000
vn 0.000000 1.000000 0.000000
vn 0.000000 1.000000 0.000000
vn 0.000000 1.000000 0.000000
vn 0.000000 1.000000 0.000000
vn 0.000000 1.000000 0.000000
vn 0.000000 1.000000 0.000000
vn 0.000000 1.000000 0.000000
vn 0.000000 1.000000 0.000000
vn 0.000000 1.000000 0.000000
vn 0.000000 1.000000 0.000000
vn 0.000000 1.000000 0.000000
vn 0.000000 1.000000 0.000000
vn 0.000000 1.000000 0.000000
vn 0.000000 1.000000 0.000000
vn 0.000000 1.000000 0.000000
vn 0.000000 1.000000 0.000000
vn 0.000000 1.000000 0.000000
vn 0.000000 1.000000 0.000000
vn 0.000000 1.000000 0.000000
vn 0.000000 1.000000 0.000000
vn 0.000000 1.000000 0.000000
vn 0.000000 1.000000 0.000000
vn 0.000000 1.000000 0.000000
vn 0.000000 1.000000 0.000000
vn 0.000000 1.000000 0.000000
vn 0.000000 1.000000 0.000000
vn 0.000000 1.000000 0.000000
vn 0.000000 1.000000 0.000000
vn 0.000000 1.000000 0.000000
vn 0.000000 1.000000 0.000000
vn 0.000000 1.000000 0.000000
vn 0.000000 1.000000 0.000000
vn 0.000000 1.000000 0.000000
vn 0.000000 1.000000 0.000000
vn 0.000000 1.000000 0.000000
vn 0.000000 1.000000 0.000000
vn 0.000000 1.000000 0.000000
vn 0.000000 1.000000 0.000000
vn 0.000000 1.000000 0.000000
vn 0.000000 1.000000 0.000000
vn 0.000000 1.000000 0.000000
vn 0.000000 1.000000 0.000000
vn 0.000000 1.000000 0.000000
vn 0.000000 1.000000 0.000000
vn 0.000000 1.000000 0.000000
vn 0.000000 1.000000 0.000000
vn 0.000000 1.000000 0.000000
vn 0.000000 1.000000 0.000000
vn 0.000000 1.000000 0.000000
vn 0.000000 1.000000 0.000000
vn 0.000000 1.000000 0.000000
vn 0.000000 1.000000 0.000000
vn 0.000000 1.000000 0.000000
vn 0.000000 1.000000 0.000000
vn 0.000000 1.000000 0.000000
vn 0.000000 1.000000 0.000000
vn 0.000000 1.000000 0.000000
vn 0.000000 1.000000 0.000000
vn 0.000000 1.000000 0.000000
vn 0.000000 1.000000 0.000000
vn 0.000000 1.000000 0.000000
vn 0.000000 1.000000 0.000000
vn 0.000000 1.000000 0.000000
vn 0.000000 1.000000 0.000000
vn 0.000000 1.000000 0.000000
vn 0.000000 1.000000 0.000000
vn 0.000000 1.000000 0.000000
vn 0.000000 1.000000 0.000000
vn 0.000000 1.000000 0.000000
vn 0.000000 1.000000 0.000000
vn 0.000000 1.000000 0.000000
vn 0.000000 1.000000 0.000000
vn 0.000000 1.000000 0.000000
vn 0.000000 1.000000 0.000000
vn 0.000000 1.000000 0.000000
vn 0.000000 1.000000 0.000000
vn 0.000000 1.000000 0.000000
vn 0.000000 1.000000 0.000000
vn 0.000000 1.000000 0.000000
vn 0.000000 1.000000 0.000000
vn 0.000000 1.000000 0.000000
vn 0.000000 1.000000 0.000000
vn 0.000000 1.000000 0.000000
vn 0.000000 1.000000 0.000000
vn 0.000000 1.000000 0.000000
vn 0.000000 1.000000 0.000000
vn 0.000000 1.000000 0.000000
vn 0.000000 1.000000 0.000000
vn 0.000000 1.000000 0.000000
vn 0.000000 1.000000 0.000000
vn 0.000000 1.000000 0.000000
vn 0.000000 1.000000 0.000000
vn 0.000000 1.000000 0.000000
vn 0.000000 1.000000 0.000000
vn 0.000000 1.000000 0.000000
vn 0.000000 1.000000 0.000000
vn 0.000000 1.000000 0.000000
vn 0.000000 1.000000 0.000000
vn 0.000000 1.000000 0.000000
vn 0.000000 1.000000 0.000000
vn 0.000000 1.000000 0.000000
vn 0.000000 1.000000 0.000000
vn 0.000000 1.000000 0.000000
vn 0.000000 1.000000 0.000000
vn 0.000000 1.000000 0.000000
vn 0.000000 1.000000 0.000000
vn 0.000000 1.000000 0.000000
vn 0.000000 1.000000 0.000000
vn 0.000000 1.000000 0.000000
vn 0.000000 1.000000 0.000000
vn 0.000000 1.000000 0.000000
vn 0.000000 1.000000 0.000000
vn 0.000000 1.000000 0.000000
vn 0.000000 1.000000 0.000000
vn 0.000000 1.000000 0.000000
vn 0.000000 1.000000 0.000000
vn 0.000000 1.000000 0.000000
vn 0.000000 1.000000 0.000000
vn 0.000000 1.000000 0.000000
vn 0.000000 1.000000 0.000000
vn 0.000000 1.000000 0.000000
vn 0.000000 1.000000 0.000000
vn 0.000000 1.000000 0.000000
vn 0.000000 1.000000 0.000000
vn 0.000000 1.000000 0.000000
vn 0.000000 1.000000 0.000000
vn 0.000000 1.000000 0.000000
vn 0.000000 1.000000 0.000000
vn 0.000000 1.000000 0.000000
vn 0.000000 1.000000 0.000000
vn 0.000000 1.000000 0.000000
vn 0.000000 1.000000 0.000000
vn 0.000000 1.000000 0.000000
vn 0.000000 1.000000 0.000000
vn 0.000000 1.000000 0.000000
vn 0.000000 1.000000 0.000000
vn 0.000000 1.000000 0.000000
vn 0.000000 1.000000 0.000000
vn 0.000000 1.000000 0.000000
vn 0.000000 1.000000 0.000000
vn 0.000000 1.000000 0.000000
vn 0.000000 1.000000 0.000000
vn 0.000000 1.000000 0.000000
vn 0.000000 1.000000 0.000000
vn 0.000000 1.000000 0.000000
vn 0.000000 1.000000 0.000000
vn 0.000000 1.000000 0.000000
vn 0.000000 1.000000 0.000000
vn 0.000000 1.000000 0.000000
vn 0.000000 1.000000 0.000000
vn 0.000000 1.000000 0.000000
vn 0.000000 1.000000 0.000000
vn 0.000000 1.000000 0.000000
vn 0.000000 1.000000 0.000000
vn 0.000000 1.000000 0.000000
vn 0.000000 1.000000 0.000000
vn 0.000000 1.000000 0.000000
vn 0.000000 1.000000 0.000000
vn 0.000000 1.000000 0.000000
vn 0.000000 1.000000 0.000000
vn 0.000000 1.000000 0.000000
vn 0.000000 1.000000 0.000000
vn 0.000000 1.000000 0.000000
vn 0.000000 1.000000 0.000000
vn 0.000000 1.000000 0.000000
vn 0.000000 1.000000 0.000000
vn 0.000000 1.000000 0.000000
vn 0.000000 1.000000 0.000000
vn 0.000000 1.000000 0.000000
vn 0.000000 1.000000 0.000000
vn 0.000000 1.000000 0.000000
vn 0.000000 1.000000 0.000000
vn 0.000000 1.000000 0.000000
vn 0.000000 1.000000 0.000000
vn 0.000000 1.000000 0.000000
vn 0.000000 1.000000 0.000000
vn 0.000000 1.000000 0.000000
vn 0.000000 1.000000 0.000000
vn 0.000000 1.000000 0.000000
vn 0.000000 1.000000 0.000000
vn 0.000000 1.000000 0.000000
vn 0.000000 1.000000 0.000000
vn 0.000000 1.000000 0.000000
vn 0.000000 1.000000 0.000000
vn 0.000000 1.000000 0.000000
vn 0.000000 1.000000 0.000000
vn 0.000000 1.000000 0.000000
vn 0.000000 1.000000 0.000000
vn 0.000000 1.000000 0.000000
vn 0.000000 1.000000 0.000000
vn 0.000000 1.000000 0.000000
vn 0.000000 1.000000 0.000000
vn 0.000000 1.000000 0.000000
vn 0.000000 1.000000 0.000000
vn 0.000000 1.000000 0.000000
vn 0.000000 1.000000 0.000000
vn 0.000000 1.000000 0.000000
vn 0.000000 1.000000 0.000000
vn 0.000000 1.000000 0.000000
vn 0.000000 1.000000 0.000000
vn 0.000000 1.000000 0.000000
vn 0.000000 1.000000 0.000000
vn 0.000000 1.000000 0.000000
vn 0.000000 1.000000 0.000000
vn 0.000000 1.000000 0.000000
vn 0.000000 1.000000 0.000000
vn 0.000000 1.000000 0.000000
vn 0.000000 1.000000 0.000000
vn 0.000000 1.000000 0.000000
vn 0.000000 1.000000 0.000000
vn 0.000000 1.000000 0.000000
vn 0.000000 1.000000 0.000000
vn 0.000000 1.000000 0.000000
vn 0.000000 1.000000 0.000000
vn 0.000000 1.000000 0.000000
vn 0.000000 1.000000 0.000000
vn 0.000000 1.000000 0.000000
vn 0.000000 1.000000 0.000000
vn 0.000000 1.000000 0.000000
vn 0.000000 1.000000 0.000000
vn 0.000000 1.000000 0.000000
vn 0.000000 1.000000 0.000000
vn 0.000000 1.000000 0.000000
vn 0.000000 1.000000 0.000000
vn 0.000000 1.000000 0.000000
vn 0.000000 1.000000 0.000000
vn 0.000000 1.000000 0.000000
vn 0.000000 1.000000 0.000000
vn 0.000000 1.000000 0.000000
vn 0.000000 1.000000 0.000000
vn 0.000000 1.000000 0.000000
vn 0.000000 1.000000 0.000000
vn 0.000000 1.000000 0.000000
vn 0.000000 1.000000 0.000000
vn 0.000000 1.000000 0.000000
vn 0.000000 1.000000 0.000000
vn 0.000000 1.000000 0.000000
vn 0.000000 1.000000 0.000000
vn 0.000000 1.000000 0.000000
vn 0.000000 1.000000 0.000000
vn 0.000000 1.000000 0.000000
vn 0.000000 1.000000 0.000000
vn 0.000000 1.000000 0.000000
vn 0.000000 1.000000 0.000000
vn 0.000000 1.000000 0.000000
vn 0.000000 1.000000 0.000000
vn 0.000000 1.000000 0.000000
vn 0.000000 1.000000 0.000000
vn 0.000000 1.000000 0.000000
vn 0.000000 1.000000 0.000000
vn 0.000000 1.000000 0.000000
vn 0.000000 1.000000 0.000000
vn 0.000000 1.000000 0.000000
vn 0.000000 1.000000 0.000000
vn 0.000000 1.000000 0.000000
vn 0.000000 1.000000 0.000000
vn 0.000000 1.000000 0.000000
vn 0.000000 1.000000 0.000000
vn 0.000000 1.000000 0.000000
vn 0.000000 1.000000 0.000000
vn 0.000000 1.000000 0.000000
vn 0.000000 1.000000 0.000000
vn 0.000000 1.000000 0.000000
vn 0.000000 1.000000 0.000000
vn 0.000000 1.000000 0.000000
vn 0.000000 1.000000 0.000000
vn 0.000000 1.000000 0.000000
vn 0.000000 1.000000 0.000000
vn 0.000000 1.000000 0.000000
vn 0.000000 1.000000 0.000000
vn 0.000000 1.000000 0.000000
vn 0.000000 1.000000 0.000000
vn 0.000000 1.000000 0.000000
vn 0.000000 1.000000 0.000000
vn 0.000000 1.000000 0.000000
vn 0.000000 1.000000 0.000000
vn 0.000000 1.000000 0.000000
vn 0.000000 1.000000 0.000000
vn 0.000000 1.000000 0.000000
vn 0.000000 1.000000 0.000000
vn 0.000000 1.000000 0.000000
vn 0.000000 1.000000 0.000000
vn 0.000000 1.000000 0.000000
vn 0.000000 1.000000 0.000000
vn 0.000000 1.000000 0.000000
vn 0.000000 1.000000 0.000000
vn 0.000000 1.000000 0.000000
vn 0.000000 1.000000 0.000000
vn 0.000000 1.000000 0.000000
vn 0.000000 1.000000 0.000000
vn 0.000000 1.000000 0.000000
vn 0.000000 1.000000 0.000000
vn 0.000000 1.000000 0.000000
vn 0.000000 1.000000 0.000000
vn 0.000000 1.000000 0.000000
vn 0.000000 1.000000 0.000000
vn 0.000000 1.000000 0.000000
vn 0.000000 1.000000 0.000000
vn 0.000000 1.000000 0.000000
vn 0.000000 1.000000 0.000000
vn 0.000000 1.000000 0.000000
vn 0.000000 1.000000 0.000000
vn 0.000000 1.000000 0.000000
vn 0.000000 1.000000 0.000000
vn 0.000000 1.000000 0.000000
vn 0.000000 1.000000 0.000000
vn 0.000000 1.000000 0.000000
vn 0.000000 1.000000 0.000000
vn 0.000000 1.000000 0.000000
vn 0.000000 1.000000 0.000000
vn 0.000000 1.000000 0.000000
vn 0.000000 1.000000 0.000000
vn 0.000000 1.000000 0.000000
vn 0.000000 1.000000 0.000000
vn 0.000000 1.000000 0.000000
vn 0.000000 1.000000 0.000000
vn 0.000000 1.000000 0.000000
vn 0.000000 1.000000 0.000000
vn 0.000000 1.000000 0.000000
vn 0.000000 1.000000 0.000000
vn 0.000000 1.000000 0.000000
vn 0.000000 1.000000 0.000000
vn 0.000000 1.000000 0.000000
vn 0.000000 1.000000 0.000000
vn 0.000000 1.000000 0.000000
vn 0.000000 1.000000 0.000000
vn 0.000000 1.000000 0.000000
vn 0.000000 1.000000 0.000000
vn 0.000000 1.000000 0.000000
vn 0.000000 1.000000 0.000000
vn 0.000000 1.000000 0.000000
vn 0.000000 1.000000 0.000000
vn 0.000000 1.000000 0.000000
vn 0.000000 1.000000 0.000000
vn 0.000000 1.000000 0.000000
vn 0.000000 1.000000 0.000000
vn 0.000000 1.000000 0.000000
vn 0.000000 1.000000 0.000000
vn 0.000000 1.000000 0.000000
vn 0.000000 1.000000 0.000000
vn 0.000000 1.000000 0.000000
vn 0.000000 1.000000 0.000000
vn 0.000000 1.000000 0.000000
vn 0.000000 1.000000 0.000000
vn 0.000000 1.000000 0.000000
vn 0.000000 1.000000 0.000000
vn 0.000000 1.000000 0.000000
vn 0.000000 1.000000 0.000000
vn 0.000000 1.000000 0.000000
vn 0.000000 1.000000 0.000000
vn 0.000000 1.000000 0.000000
vn 0.000000 1.000000 0.000000
vn 0.000000 1.000000 0.000000
vn 0.000000 1.000000 0.000000
vn 0.000000 1.000000 0.000000
vn 0.000000 1.000000 0.000000
vn 0.000000 1.000000 0.000000
vn 0.000000 1.000000 0.000000
vn 0.000000 1.000000 0.000000
vn 0.000000 1.000000 0.000000
vn 0.000000 1.000000 0.000000
vn 0.000000 1.000000 0.000000
vn 0.000000 1.000000 0.000000
vn 0.000000 1.000000 0.000000
vn 0.000000 1.000000 0.000000
vn 0.000000 1.000000 0.000000
vn 0.000000 1.000000 0.000000
vn 0.000000 1.000000 0.000000
vn 0.000000 1.000000 0.000000
vn 0.000000 1.000000 0.000000
vn 0.000000 1.000000 0.000000
vn 0.000000 1.000000 0.000000
vn 0.000000 1.000000 0.000000
vn 0.000000 1.000000 0.000000
vn 0.000000 1.000000 0.000000
vn 0.000000 1.000000 0.000000
vn 0.000000 1.000000 0.000000
vn 0.000000 1.000000 0.000000
vn 0.000000 1.000000 0.000000
vn 0.000000 1.000000 0.000000
vn 0.000000 1.000000 0.000000
vn 0.000000 1.000000 0.000000
vn 0.000000 1.000000 0.000000
vn 0.000000 1.000000 0.000000
vn 0.000000 1.000000 0.000000
vn 0.000000 1.000000 0.000000
vn 0.000000 1.000000 0.000000
vn 0.000000 1.000000 0.000000
vn 0.000000 1.000000 0.000000
vn 0.000000 1.000000 0.000000
vn 0.000000 1.000000 0.000000
vn 0.000000 1.000000 0.000000
vn 0.000000 1.000000 0.000000
vn 0.000000 1.000000 0.000000
vn 0.000000 1.000000 0.000000
vn 0.000000 1.000000 0.000000
vn 0.000000 1.000000 0.000000
vn 0.000000 1.000000 0.000000
vn 0.000000 1.000000 0.000000
vn 0.000000 1.000000 0.000000
vn 0.000000 1.000000 0.000000
vn 0.000000 1.000000 0.000000
vn 0.000000 1.000000 0.000000
vn 0.000000 1.000000 0.000000
vn 0.000000 1.000000 0.000000
vn 0.000000 1.000000 0.000000
vn 0.000000 1.000000 0.000000
vn 0.000000 1.000000 0.000000
vn 0.000000 1.000000 0.000000
vn 0.000000 1.000000 0.000000
vn 0.000000 1.000000 0.000000
vn 0.000000 1.000000 0.000000
vn 0.000000 1.000000 0.000000
vn 0.000000 1.000000 0.000000
vn 0.000000 1.000000 0.000000
vn 0.000000 1.000000 0.000000
vn 0.000000 1.000000 0.000000
vn 0.000000 1.000000 0.000000
vn 0.000000 1.000000 0.000000
vn 0.000000 1.000000 0.000000
vn 0.000000 1.000000 0.000000
vn 0.000000 1.000000 0.000000
vn 0.000000 1.000000 0.000000
vn 0.000000 1.000000 0.000000
vn 0.000000 1.000000 0.000000
vn 0.000000 1.000000 0.000000
vn 0.000000 1.000000 0.000000
vn 0.000000 1.000000 0.000000
vn 0.000000 1.000000 0.000000
vn 0.000000 1.000000 0.000000
vn 0.000000 1.000000 0.000000
vn 0.000000 1.000000 0.000000
vn 0.000000 1.000000 0.000000
vn 0.000000 1.000000 0.000000
vn 0.000000 1.000000 0.000000
vn 0.000000 1.000000 0.000000
vn 0.000000 1.000000 0.000000
vn 0.000000 1.000000 0.000000
vn 0.000000 1.000000 0.000000
vn 0.000000 1.000000 0.000000
vn 0.000000 1.000000 0.000000
vn 0.000000 1.000000 0.000000
vn 0.000000 1.000000 0.000000
vn 0.000000 1.000000 0.000000
vn 0.000000 1.000000 0.000000
vn 0.000000 1.000000 0.000000
vn 0.000000 1.000000 0.000000
vn 0.000000 1.000000 0.000000
vn 0.000000 1.000000 0.000000
vn 0.000000 1.000000 0.000000
vn 0.000000 1.000000 0.000000
vn 0.000000 1.000000 0.000000
vn 0.000000 1.000000 0.000000
vn 0.000000 1.000000 0.000000
vn 0.000000 1.000000 0.000000
vn 0.000000 1.000000 0.000000
vn 0.000000 1.000000 0.000000
vn 0.000000 1.000000 0.000000
vn 0.000000 1.000000 0.000000
vn 0.000000 1.000000 0.000000
vn 0.000000 1.000000 0.000000
vn 0.000000 1.000000 0.000000
vn 0.000000 1.000000 0.000000
vn 0.000000 1.000000 0.000000
vn 0.000000 1.000000 0.000000
vn 0.000000 1.000000 0.000000
vn 0.000000 1.000000 0.000000
vn 0.000000 1.000000 0.000000
vn 0.000000 1.000000 0.000000
vn 0.000000 1.000000 0.000000
vn 0.000000 1.000000 0.000000
vn 0.000000 1.000000 0.000000
vn 0.000000 1.000000 0.000000
vn 0.000000 1.000000 0.000000
vn 0.000000 1.000000 0.000000
vn 0.000000 1.000000 0.000000
vn 0.000000 1.000000 0.000000
vn 0.000000 1.000000 0.000000
vn 0.000000 1.000000 0.000000
vn 0.000000 1.000000 0.000000
vn 0.000000 1.000000 0.000000
vn 0.000000 1.000000 0.000000
vn 0.000000 1.000000 0.000000
vn 0.000000 1.000000 0.000000
vn 0.000000 1.000000 0.000000
vn 0.000000 1.000000 0.000000
vn 0.000000 1.000000 0.000000
vn 0.000000 1.000000 0.000000
vn 0.000000 1.000000 0.000000
vn 0.000000 1.000000 0.000000
vn 0.000000 1.000000 0.000000
vn 0.000000 1.000000 0.000000
vn 0.000000 1.000000 0.000000
vn 0.000000 1.000000 0.000000
vn 0.000000 1.000000 0.000000
vn 0.000000 1.000000 0.000000
vn 0.000000 1.000000 0.000000
vn 0.000000 1.000000 0.000000
vn 0.000000 1.000000 0.000000
vn 0.000000 1.000000 0.000000
vn 0.000000 1.000000 0.000000
vn 0.000000 1.000000 0.000000
vn 0.000000 1.000000 0.000000
vn 0.000000 1.000000 0.000000
vn 0.000000 1.000000 0.000000
vn 0.000000 1.000000 0.000000
vn 0.000000 1.000000 0.000000
vn 0.000000 1.000000 0.000000
vn 0.000000 1.000000 0.000000
vn 0.000000 1.000000 0.000000
vn 0.000000 1.000000 0.000000
vn 0.000000 1.000000 0.000000
vn 0.000000 1.000000 0.000000
vn 0.000000 1.000000 0.000000
vn 0.000000 1.000000 0.000000
vn 0.000000 1.000000 0.000000
vn 0.000000 1.000000 0.000000
vn 0.000000 1.000000 0.000000
vn 0.000000 1.000000 0.000000
vn 0.000000 1.000000 0.000000
vn 0.000000 1.000000 0.000000
vn 0.000000 1.000000 0.000000
vn 0.000000 1.000000 0.000000
vn 0.000000 1.000000 0.000000
vn 0.000000 1.000000 0.000000
vn 0.000000 1.000000 0.000000
vn 0.000000 1.000000 0.000000
vn 0.000000 1.000000 0.000000
vn 0.000000 1.000000 0.000000
vn 0.000000 1.000000 0.000000
vn 0.000000 1.000000 0.000000
vn 0.000000 1.000000 0.000000
vn 0.000000 1.000000 0.000000
vn 0.000000 1.000000 0.000000
vn 0.000000 1.000000 0.000000
vn 0.000000 1.000000 0.000000
vn 0.000000 1.000000 0.000000
vn 0.000000 1.000000 0.000000
vn 0.000000 1.000000 0.000000
vn 0.000000 1.000000 0.000000
vn 0.000000 1.000000 0.000000
vn 0.000000 1.000000 0.000000
vn 0.000000 1.000000 0.000000
vn 0.000000 1.000000 0.000000
vn 0.000000 1.000000 0.000000
vn 0.000000 1.000000 0.000000
vn 0.000000 1.000000 0.000000
vn 0.000000 1.000000 0.000000
vn 0.000000 1.000000 0.000000
vn 0.000000 1.000000 0.000000
vn 0.000000 1.000000 0.000000
vn 0.000000 1.000000 0.000000
vn 0.000000 1.000000 0.000000
vn 0.000000 1.000000 0.000000
vn 0.000000 1.000000 0.000000
vn 0.000000 1.000000 0.000000
vn 0.000000 1.000000 0.000000
vn 0.000000 1.000000 0.000000
vn 0.000000 1.000000 0.000000
vn 0.000000 1.000000 0.000000
vn 0.000000 1.000000 0.000000
vn 0.000000 1.000000 0.000000
vn 0.000000 1.000000 0.000000
vn 0.000000 1.000000 0.000000
vn 0.000000 1.000000 0.000000
vn 0.000000 1.000000 0.000000
vn 0.000000 1.000000 0.000000
vn 0.000000 1.000000 0.000000
vn 0.000000 1.000000 0.000000
vn 0.000000 1.000000 0.000000
vn 0.000000 1.000000 0.000000
vn 0.000000 1.000000 0.000000
vn 0.000000 1.000000 0.000000
vn 0.000000 1.000000 0.000000
vn 0.000000 1.000000 0.000000
vn 0.000000 1.000000 0.000000
vn 0.000000 1.000000 0.000000
vn 0.000000 1.000000 0.000000
vn 0.000000 1.000000 0.000000
vn 0.000000 1.000000 0.000000
vn 0.000000 1.000000 0.000000
vn 0.000000 1.000000 0.000000
vn 0.000000 1.000000 0.000000
vn 0.000000 1.000000 0.000000
vn 0.000000 1.000000 0.000000
vn 0.000000 1.000000 0.000000
vn 0.000000 1.000000 0.000000
vn 0.000000 1.000000 0.000000
vn 0.000000 1.000000 0.000000
vn 0.000000 1.000000 0.000000
vn 0.000000 1.000000 0.000000
vn 0.000000 1.000000 0.000000
vn 0.000000 1.000000 0.000000
vn 0.000000 1.000000 0.000000
vn 0.000000 1.000000 0.000000
vn 0.000000 1.000000 0.000000
vn 0.000000 1.000000 0.000000
vn 0.000000 1.000000 0.000000
vn 0.000000 1.000000 0.000000
vn 0.000000 1.000000 0.000000
vn 0.000000 1.000000 0.000000
vn 0.000000 1.000000 0.000000
vn 0.000000 1.000000 0.000000
vn 0.000000 1.000000 0.000000
vn 0.000000 1.000000 0.000000
vn 0.000000 1.000000 0.000000
vn 0.000000 1.000000 0.000000
vn 0.000000 1.000000 0.000000
vn 0.000000 1.000000 0.000000
vn 0.000000 1.000000 0.000000
vn 0.000000 1.000000 0.000000
vn 0.000000 1.000000 0.000000
vn 0.000000 1.000000 0.000000
vn 0.000000 1.000000 0.000000
vn 0.000000 1.000000 0.000000
vn 0.000000 1.000000 0.000000
vn 0.000000 1.000000 0.000000
vn 0.000000 1.000000 0.000000
vn 0.000000 1.000000 0.000000
vn 0.000000 1.000000 0.000000
vn 0.000000 1.000000 0.000000
vn 0.000000 1.000000 0.000000
vn 0.000000 1.000000 0.000000
vn 0.000000 1.000000 0.000000
vn 0.000000 1.000000 0.000000
vn 0.000000 1.000000 0.000000
vn 0.000000 1.000000 0.000000
vn 0.000000 1.000000 0.000000
vn 0.000000 1.000000 0.000000
vn 0.000000 1.000000 0.000000
vn 0.000000 1.000000 0.000000
vn 0.000000 1.000000 0.000000
vn 0.000000 1.000000 0.000000
vn 0.000000 1.000000 0.000000
vn 0.000000 1.000000 0.000000
vn 0.000000 1.000000 0.000000
vn 0.000000 1.000000 0.000000
vn 0.000000 1.000000 0.000000
vn 0.000000 1.000000 0.000000
vn 0.000000 1.000000 0.000000
vn 0.000000 1.000000 0.000000
vn 0.000000 1.000000 0.000000
vn 0.000000 1.000000 0.000000
vn 0.000000 1.000000 0.000000
vn 0.000000 1.000000 0.000000
vn 0.000000 1.000000 0.000000
vn 0.000000 1.000000 0.000000
vn 0.000000 1.000000 0.000000
vn 0.000000 1.000000 0.000000
vn 0.000000 1.000000 0.000000
vn 0.000000 1.000000 0.000000
vn 0.000000 1.000000 0.000000
vn 0.000000 1.000000 0.000000
vn 0.000000 1.000000 0.000000
vn 0.000000 1.000000 0.000000
vn 0.000000 1.000000 0.000000
vn 0.000000 1.000000 0.000000
vn 0.000000 1.000000 0.000000
vn 0.000000 1.000000 0.000000
vn 0.000000 1.000000 0.000000
vn 0.000000 1.000000 0.000000
vn 0.000000 1.000000 0.000000
vn 0.000000 1.000000 0.000000
vn 0.000000 1.000000 0.000000
vn 0.000000 1.000000 0.000000
vn 0.000000 1.000000 0.000000
vn 0.000000 1.000000 0.000000
vn 0.000000 1.000000 0.000000
vn 0.000000 1.000000 0.000000
vn 0.000000 1.000000 0.000000
vn 0.000000 1.000000 0.000000
vn 0.000000 1.000000 0.000000
vn 0.000000 1.000000 0.000000
vn 0.000000 1.000000 0.000000
vn 0.000000 1.000000 0.000000
vn 0.000000 1.000000 0.000000
vn 0.000000 1.000000 0.000000
vn 0.000000 1.000000 0.000000
vn 0.000000 1.000000 0.000000
vn 0.000000 1.000000 0.000000
vn 0.000000 1.000000 0.000000
vn 0.000000 1.000000 0.000000
vn 0.000000 1.000000 0.000000
vn 0.000000 1.000000 0.000000
vn 0.000000 1.000000 0.000000
vn 0.000000 1.000000 0.000000
vn 0.000000 1.000000 0.000000
vn 0.000000 1.000000 0.000000
vn 0.000000 1.000000 0.000000
vn 0.000000 1.000000 0.000000
vn 0.000000 1.000000 0.000000
vn 0.000000 1.000000 0.000000
vn 0.000000 1.000000 0.000000
vn 0.000000 1.000000 0.000000
vn 0.000000 1.000000 0.000000
vn 0.000000 1.000000 0.000000
vn 0.000000 1.000000 0.000000
vn 0.000000 1.000000 0.000000
vn 0.000000 1.000000 0.000000
vn 0.000000 1.000000 0.000000
vn 0.000000 1.000000 0.000000
vn 0.000000 1.000000 0.000000
vn 0.000000 1.000000 0.000000
vn 0.000000 1.000000 0.000000
vn 0.000000 1.000000 0.000000
vn 0.000000 1.000000 0.000000
vn 0.000000 1.000000 0.000000
vn 0.000000 1.000000 0.000000
vn 0.000000 1.000000 0.000000
vn 0.000000 1.000000 0.000000
vn 0.000000 1.000000 0.000000
vn 0.000000 1.000000 0.000000
vn 0.000000 1.000000 0.000000
vn 0.000000 1.000000 0.000000
vn 0.000000 1.000000 0.000000
vn 0.000000 1.000000 0.000000
vn 0.000000 1.000000 0.000000
vn 0.000000 1.000000 0.000000
vn 0.000000 1.000000 0.000000
vn 0.000000 1.000000 0.000000
vn 0.000000 1.000000 0.000000
vn 0.000000 1.000000 0.000000
vn 0.000000 1.000000 0.000000
vn 0.000000 1.000000 0.000000
vn 0.000000 1.000000 0.000000
vn 0.000000 1.000000 0.000000
vn 0.000000 1.000000 0.000000
vn 0.000000 1.000000 0.000000
vn 0.000000 1.000000 0.000000
vn 0.000000 1.000000 0.000000
vn 0.000000 1.000000 0.000000
vn 0.000000 1.000000 0.000000
vn 0.000000 1.000000 0.000000
vn 0.000000 1.000000 0.000000
vn 0.000000 1.000000 0.000000
vn 0.000000 1.000000 0.000000
vn 0.000000 1.000000 0.000000
vn 0.000000 1.000000 0.000000
vn 0.000000 1.000000 0.000000
vn 0.000000 1.000000 0.000000
vn 0.000000 1.000000 0.000000
vn 0.000000 1.000000 0.000000
vn 0.000000 1.000000 0.000000
vn 0.000000 1.000000 0.000000
vn 0.000000 1.000000 0.000000
vn 0.000000 1.000000 0.000000
vn 0.000000 1.000000 0.000000
vn 0.000000 1.000000 0.000000
vn 0.000000 1.000000 0.000000
vn 0.000000 1.000000 0.000000
vn 0.000000 1.000000 0.000000
vn 0.000000 1.000000 0.000000
vn 0.000000 1.000000 0.000000
vn 0.000000 1.000000 0.000000
vn 0.000000 1.000000 0.000000
vn 0.000000 1.000000 0.000000
vn 0.000000 1.000000 0.000000
vn 0.000000 1.000000 0.000000
vn 0.000000 1.000000 0.000000
vn 0.000000 1.000000 0.000000
vn 0.000000 1.000000 0.000000
vn 0.000000 1.000000 0.000000
vn 0.000000 1.000000 0.000000
vn 0.000000 1.000000 0.000000
vn 0.000000 1.000000 0.000000
vn 0.000000 1.000000 0.000000
vn 0.000000 1.000000 0.000000
vn 0.000000 1.000000 0.000000
vn 0.000000 1.000000 0.000000
vn 0.000000 1.000000 0.000000
vn 0.000000 1.000000 0.000000
vn 0.000000 1.000000 0.000000
vn 0.000000 1.000000 0.000000
vn 0.000000 1.000000 0.000000
vn 0.000000 1.000000 0.000000
vn 0.000000 1.000000 0.000000
vn 0.000000 1.000000 0.000000
vn 0.000000 1.000000 0.000000
vn 0.000000 1.000000 0.000000
vn 0.000000 1.000000 0.000000
vn 0.000000 1.000000 0.000000
vn 0.000000 1.000000 0.000000
vn 0.000000 1.000000 0.000000
vn 0.000000 1.000000 0.000000
vn 0.000000 1.000000 0.000000
vn 0.000000 1.000000 0.000000
vn 0.000000 1.000000 0.000000
vn 0.000000 1.000000 0.000000
vn 0.000000 1.000000 0.000000
vn 0.000000 1.000000 0.000000
vn 0.000000 1.000000 0.000000
vn 0.000000 1.000000 0.000000
vn 0.000000 1.000000 0.000000
vn 0.000000 1.000000 0.000000
vn 0.000000 1.000000 0.000000
vn 0.000000 1.000000 0.000000
vn 0.000000 1.000000 0.000000
vn 0.000000 1.000000 0.000000
vn 0.000000 1.000000 0.000000
vn 0.000000 1.000000 0.000000
vn 0.000000 1.000000 0.000000
vn 0.000000 1.000000 0.000000
vn 0.000000 1.000000 0.000000
vn 0.000000 1.000000 0.000000
vn 0.000000 1.000000 0.000000
vn 0.000000 1.000000 0.000000
vn 0.000000 1.000000 0.000000
vn 0.000000 1.000000 0.000000
vn 0.000000 1.000000 0.000000
vn 0.000000 1.000000 0.000000
vn 0.000000 1.000000 0.000000
vn 0.000000 1.000000 0.000000
vn 0.000000 1.000000 0.000000
vn 0.000000 1.000000 0.000000
vn 0.000000 1.000000 0.000000
vn 0.000000 1.000000 0.000000
vn 0.000000 1.000000 0.000000
vn 0.000000 1.000000 0.000000
vn 0.000000 1.000000 0.000000
vn 0.000000 1.000000 0.000000
vn 0.000000 1.000000 0.000000
vn 0.000000 1.000000 0.000000
vn 0.000000 1.000000 0.000000
vn 0.000000 1.000000 0.000000
vn 0.000000 1.000000 0.000000
vn 0.000000 1.000000 0.000000
vn 0.000000 1.000000 0.000000
vn 0.000000 1.000000 0.000000
vn 0.000000 1.000000 0.000000
vn 0.000000 1.000000 0.000000
vn 0.000000 1.000000 0.000000
vn 0.000000 1.000000 0.000000
vn 0.000000 1.000000 0.000000
vn 0.000000 1.000000 0.000000
vn 0.000000 1.000000 0.000000
vn 0.000000 1.000000 0.000000
vn 0.000000 1.000000 0.000000
vn 0.000000 1.000000 0.000000
vn 0.000000 1.000000 0.000000
vn 0.000000 1.000000 0.000000
vn 0.000000 1.000000 0.000000
vn 0.000000 1.000000 0.000000
vn 0.000000 1.000000 0.000000
vn 0.000000 1.000000 0.000000
vn 0.000000 1.000000 0.000000
vn 0.000000 1.000000 0.000000
vn 0.000000 1.000000 0.000000
vn 0.000000 1.000000 0.000000
vn 0.000000 1.000000 0.000000
vn 0.000000 1.000000 0.000000
vn 0.000000 1.000000 0.000000
vn 0.000000 1.000000 0.000000
vn 0.000000 1.000000 0.000000
vn 0.000000 1.000000 0.000000
vn 0.000000 1.000000 0.000000
vn 0.000000 1.000000 0.000000
vn 0.000000 1.000000 0.000000
vn 0.000000 1.000000 0.000000
vn 0.000000 1.000000 0.000000
vn 0.000000 1.000000 0.000000
vn 0.000000 1.000000 0.000000
vn 0.000000 1.000000 0.000000
vn 0.000000 1.000000 0.000000
vn 0.000000 1.000000 0.000000
vn 0.000000 1.000000 0.000000
vn 0.000000 1.000000 0.000000
vn 0.000000 1.000000 0.000000
vn 0.000000 1.000000 0.000000
vn 0.000000 1.000000 0.000000
vn 0.000000 1.000000 0.000000
vn 0.000000 1.000000 0.000000
vn 0.000000 1.000000 0.000000
vn 0.000000 1.000000 0.000000
vn 0.000000 1.000000 0.000000
vn 0.000000 1.000000 0.000000
vn 0.000000 1.000000 0.000000
vn 0.000000 1.000000 0.000000
vn 0.000000 1.000000 0.000000
vn 0.000000 1.000000 0.000000
vn 0.000000 1.000000 0.000000
vn 0.000000 1.000000 0.000000
vn 0.000000 1.000000 0.000000
vn 0.000000 1.000000 0.000000
vn 0.000000 1.000000 0.000000
vn 0.000000 1.000000 0.000000
vn 0.000000 1.000000 0.000000
vn 0.000000 1.000000 0.000000
vn 0.000000 1.000000 0.000000
vn 0.000000 1.000000 0.000000
vn 0.000000 1.000000 0.000000
vn 0.000000 1.000000 0.000000
vn 0.000000 1.000000 0.000000
vn 0.000000 1.000000 0.000000
vn 0.000000 1.000000 0.000000
vn 0.000000 1.000000 0.000000
vn 0.000000 1.000000 0.000000
vn 0.000000 1.000000 0.000000
vn 0.000000 1.000000 0.000000
vn 0.000000 1.000000 0.000000
vn 0.000000 1.000000 0.000000
vn 0.000000 1.000000 0.000000
vn 0.000000 1.000000 0.000000
vn 0.000000 1.000000 0.000000
vn 0.000000 1.000000 0.000000
vn 0.000000 1.000000 0.000000
vn 0.000000 1.000000 0.000000
vn 0.000000 1.000000 0.000000
vn 0.000000 1.000000 0.000000
vn 0.000000 1.000000 0.000000
vn 0.000000 1.000000 0.000000
vn 0.000000 1.000000 0.000000
vn 0.000000 1.000000 0.000000
vn 0.000000 1.000000 0.000000
vn 0.000000 1.000000 0.000000
vn 0.000000 1.000000 0.000000
vn 0.000000 1.000000 0.000000
vn 0.000000 1.000000 0.000000
vn 0.000000 1.000000 0.000000
vn 0.000000 1.000000 0.000000
vn 0.000000 1.000000 0.000000
vn 0.000000 1.000000 0.000000
vn 0.000000 1.000000 0.000000
vn 0.000000 1.000000 0.000000
vn 0.000000 1.000000 0.000000
vn 0.000000 1.000000 0.000000
vn 0.000000 1.000000 0.000000
vn 0.000000 1.000000 0.000000
vn 0.000000 1.000000 0.000000
vn 0.000000 1.000000 0.000000
vn 0.000000 1.000000 0.000000
vn 0.000000 1.000000 0.000000
vn 0.000000 1.000000 0.000000
vn 0.000000 1.000000 0.000000
vn 0.000000 1.000000 0.000000
vn 0.000000 1.000000 0.000000
vn 0.000000 1.000000 0.000000
vn 0.000000 1.000000 0.000000
vn 0.000000 1.000000 0.000000
vn 0.000000 1.000000 0.000000
vn 0.000000 1.000000 0.000000
vn 0.000000 1.000000 0.000000
vn 0.000000 1.000000 0.000000
vn 0.000000 1.000000 0.000000
vn 0.000000 1.000000 0.000000
vn 0.000000 1.000000 0.000000
vn 0.000000 1.000000 0.000000
vn 0.000000 1.000000 0.000000
vn 0.000000 1.000000 0.000000
vn 0.000000 1.000000 0.000000
vn 0.000000 1.000000 0.000000
vn 0.000000 1.000000 0.000000
vn 0.000000 1.000000 0.000000
vn 0.000000 1.000000 0.000000
vn 0.000000 1.000000 0.000000
vn 0.000000 1.000000 0.000000
vn 0.000000 1.000000 0.000000
vn 0.000000 1.000000 0.000000
vn 0.000000 1.000000 0.000000
vn 0.000000 1.000000 0.000000
vn 0.000000 1.000000 0.000000
vn 0.000000 1.000000 0.000000
vn 0.000000 1.000000 0.000000
vn 0.000000 1.000000 0.000000
vn 0.000000 1.000000 0.000000
vn 0.000000 1.000000 0.000000
vn 0.000000 1.000000 0.000000
vn 0.000000 1.000000 0.000000
vn 0.000000 1.000000 0.000000
vn 0.000000 1.000000 0.000000
vn 0.000000 1.000000 0.000000
vn 0.000000 1.000000 0.000000
vn 0.000000 1.000000 0.000000
vn 0.000000 1.000000 0.000000
vn 0.000000 1.000000 0.000000
vn 0.000000 1.000000 0.000000
vn 0.000000 1.000000 0.000000
vn 0.000000 1.000000 0.000000
vn 0.000000 1.000000 0.000000
vn 0.000000 1.000000 0.000000
vn 0.000000 1.000000 0.000000
vn 0.000000 1.000000 0.000000
vn 0.000000 1.000000 0.000000
vn 0.000000 1.000000 0.000000
vn 0.000000 1.000000 0.000000
vn 0.000000 1.000000 0.000000
vn 0.000000 1.000000 0.000000
vn 0.000000 1.000000 0.000000
vn 0.000000 1.000000 0.000000
vn 0.000000 1.000000 0.000000
vn 0.000000 1.000000 0.000000
vn 0.000000 1.000000 0.000000
vn 0.000000 1.000000 0.000000
vn 0.000000 1.000000 0.000000
vn 0.000000 1.000000 0.000000
vn 0.000000 1.000000 0.000000
vn 0.000000 1.000000 0.000000
vn 0.000000 1.000000 0.000000
vn 0.000000 1.000000 0.000000
vn 0.000000 1.000000 0.000000
vn 0.000000 1.000000 0.000000
vn 0.000000 1.000000 0.000000
vn 0.000000 1.000000 0.000000
vn 0.000000 1.000000 0.000000
vn 0.000000 1.000000 0.000000
vn 0.000000 1.000000 0.000000
vn 0.000000 1.000000 0.000000
vn 0.000000 1.000000 0.000000
vn 0.000000 1.000000 0.000000
vn 0.000000 1.000000 0.000000
vn 0.000000 1.000000 0.000000
vn 0.000000 1.000000 0.000000
vn 0.000000 1.000000 0.000000
vn 0.000000 1.000000 0.000000
vn 0.000000 1.000000 0.000000
vn 0.000000 1.000000 0.000000
vn 0.000000 1.000000 0.000000
vn 0.000000 1.000000 0.000000
vn 0.000000 1.000000 0.000000
vn 0.000000 1.000000 0.000000
vn 0.000000 1.000000 0.000000
vn 0.000000 1.000000 0.000000
vn 0.000000 1.000000 0.000000
vn 0.000000 1.000000 0.000000
vn 0.000000 1.000000 0.000000
vn 0.000000 1.000000 0.000000
vn 0.000000 1.000000 0.000000
vn 0.000000 1.000000 0.000000
vn 0.000000 1.000000 0.000000
vn 0.000000 1.000000 0.000000
vn 0.000000 1.000000 0.000000
vn 0.000000 1.000000 0.000000
vn 0.000000 1.000000 0.000000
vn 0.000000 1.000000 0.000000
vn 0.000000 1.000000 0.000000
vn 0.000000 1.000000 0.000000
vn 0.000000 1.000000 0.000000
vn 0.000000 1.000000 0.000000
vn 0.000000 1.000000 0.000000
vn 0.000000 1.000000 0.000000
vn 0.000000 1.000000 0.000000
vn 0.000000 1.000000 0.000000
vn 0.000000 1.000000 0.000000
vn 0.000000 1.000000 0.000000
vn 0.000000 1.000000 0.000000
vn 0.000000 1.000000 0.000000
vn 0.000000 1.000000 0.000000
vn 0.000000 1.000000 0.000000
vn 0.000000 1.000000 0.000000
vn 0.000000 1.000000 0.000000
vn 0.000000 1.000000 0.000000
vn 0.000000 1.000000 0.000000
vn 0.000000 1.000000 0.000000
vn 0.000000 1.000000 0.000000
vn 0.000000 1.000000 0.000000
vn 0.000000 1.000000 0.000000
vn 0.000000 1.000000 0.000000
vn 0.000000 1.000000 0.000000
vn 0.000000 1.000000 0.000000
vn 0.000000 1.000000 0.000000
vn 0.000000 1.000000 0.000000
vn 0.000000 1.000000 0.000000
vn 0.000000 1.000000 0.000000
vn 0.000000 1.000000 0.000000
vn 0.000000 1.000000 0.000000
vn 0.000000 1.000000 0.000000
vn 0.000000 1.000000 0.000000
vn 0.000000 1.000000 0.000000
vn 0.000000 1.000000 0.000000
vn 0.000000 1.000000 0.000000
vn 0.000000 1.000000 0.000000
vn 0.000000 1.000000 0.000000
vn 0.000000 1.000000 0.000000
vn 0.000000 1.000000 0.000000
vn 0.000000 1.000000 0.000000
vn 0.000000 1.000000 0.000000
vn 0.000000 1.000000 0.000000
vn 0.000000 1.000000 0.000000
vn 0.000000 1.000000 0.000000
vn 0.000000 1.000000 0.000000
vn 0.000000 1.000000 0.000000
vn 0.000000 1.000000 0.000000
vn 0.000000 1.000000 0.000000
vn 0.000000 1.000000 0.000000
vn 0.000000 1.000000 0.000000
vn 0.000000 1.000000 0.000000
vn 0.000000 1.000000 0.000000
vn 0.000000 1.000000 0.000000
vn 0.000000 1.000000 0.000000
vn 0.000000 1.000000 0.000000
vn 0.000000 1.000000 0.000000
vn 0.000000 1.000000 0.000000
vn 0.000000 1.000000 0.000000
vn 0.000000 1.000000 0.000000
vn 0.000000 1.000000 0.000000
vn 0.000000 1.000000 0.000000
vn 0.000000 1.000000 0.000000
vn 0.000000 1.000000 0.000000
vn 0.000000 1.000000 0.000000
vn 0.000000 1.000000 0.000000
vn 0.000000 1.000000 0.000000
vn 0.000000 1.000000 0.000000
vn 0.000000 1.000000 0.000000
vn 0.000000 1.000000 0.000000
vn 0.000000 1.000000 0.000000
vn 0.000000 1.000000 0.000000
vn 0.000000 1.000000 0.000000
vn 0.000000 1.000000 0.000000
vn 0.000000 1.000000 0.000000
vn 0.000000 1.000000 0.000000
vn 0.000000 1.000000 0.000000
vn 0.000000 1.000000 0.000000
vn 0.000000 1.000000 0.000000
vn 0.000000 1.000000 0.000000
vn 0.000000 1.000000 0.000000
vn 0.000000 1.000000 0.000000
vn 0.000000 1.000000 0.000000
vn 0.000000 1.000000 0.000000
vn 0.000000 1.000000 0.000000
vn 0.000000 1.000000 0.000000
vn 0.000000 1.000000 0.000000
vn 0.000000 1.000000 0.000000
vn 0.000000 1.000000 0.000000
vn 0.000000 1.000000 0.000000
vn 0.000000 1.000000 0.000000
vn 0.000000 1.000000 0.000000
vn 0.000000 1.000000 0.000000
vn 0.000000 1.000000 0.000000
vn 0.000000 1.000000 0.000000
vn 0.000000 1.000000 0.000000
vn 0.000000 1.000000 0.000000
vn 0.000000 1.000000 0.000000
vn 0.000000 1.000000 0.000000
vn 0.000000 1.000000 0.000000
vn 0.000000 1.000000 0.000000
vn 0.000000 1.000000 0.000000
vn 0.000000 1.000000 0.000000
vn 0.000000 1.000000 0.000000
vn 0.000000 1.000000 0.000000
vn 0.000000 1.000000 0.000000
vn 0.000000 1.000000 0.000000
vn 0.000000 1.000000 0.000000
vn 0.000000 1.000000 0.000000
vn 0.000000 1.000000 0.000000
vn 0.000000 1.000000 0.000000
vn 0.000000 1.000000 0.000000
vn 0.000000 1.000000 0.000000
vn 0.000000 1.000000 0.000000
vn 0.000000 1.000000 0.000000
vn 0.000000 1.000000 0.000000
vn 0.000000 1.000000 0.000000
vn 0.000000 1.000000 0.000000
vn 0.000000 1.000000 0.000000
vn 0.000000 1.000000 0.000000
vn 0.000000 1.000000 0.000000
vn 0.000000 1.000000 0.000000
vn 0.000000 1.000000 0.000000
vn 0.000000 1.000000 0.000000
vn 0.000000 1.000000 0.000000
vn 0.000000 1.000000 0.000000
vn 0.000000 1.000000 0.000000
vn 0.000000 1.000000 0.000000
vn 0.000000 1.000000 0.000000
vn 0.000000 1.000000 0.000000
vn 0.000000 1.000000 0.000000
vn 0.000000 1.000000 0.000000
vn 0.000000 1.000000 0.000000
vn 0.000000 1.000000 0.000000
vn 0.000000 1.000000 0.000000
vn 0.000000 1.000000 0.000000
vn 0.000000 1.000000 0.000000
vn 0.000000 1.000000 0.000000
vn 0.000000 1.000000 0.000000
vn 0.000000 1.000000 0.000000
vn 0.000000 1.000000 0.000000
vn 0.000000 1.000000 0.000000
vn 0.000000 1.000000 0.000000
vn 0.000000 1.000000 0.000000
vn 0.000000 1.000000 0.000000
vn 0.000000 1.000000 0.000000
vn 0.000000 1.000000 0.000000
vn 0.000000 1.000000 0.000000
vn 0.000000 1.000000 0.000000
vn 0.000000 1.000000 0.000000
vn 0.000000 1.000000 0.000000
vn 0.000000 1.000000 0.000000
vn 0.000000 1.000000 0.000000
vn 0.000000 1.000000 0.000000
vn 0.000000 1.000000 0.000000
vn 0.000000 1.000000 0.000000
vn 0.000000 1.000000 0.000000
vn 0.000000 1.000000 0.000000
vn 0.000000 1.000000 0.000000
vn 0.000000 1.000000 0.000000
vn 0.000000 1.000000 0.000000
vn 0.000000 1.000000 0.000000
vn 0.000000 1.000000 0.000000
vn 0.000000 1.000000 0.000000
vn 0.000000 1.000000 0.000000
vn 0.000000 1.000000 0.000000
vn 0.000000 1.000000 0.000000
vn 0.000000 1.000000 0.000000
vn 0.000000 1.000000 0.000000
vn 0.000000 1.000000 0.000000
vn 0.000000 1.000000 0.000000
vn 0.000000 1.000000 0.000000
vn 0.000000 1.000000 0.000000
vn 0.000000 1.000000 0.000000
vn 0.000000 1.000000 0.000000
vn 0.000000 1.000000 0.000000
vn 0.000000 1.000000 0.000000
vn 0.000000 1.000000 0.000000
vn 0.000000 1.000000 0.000000
vn 0.000000 1.000000 0.000000
vn 0.000000 1.000000 0.000000
vn 0.000000 1.000000 0.000000
vn 0.000000 1.000000 0.000000
vn 0.000000 1.000000 0.000000
vn 0.000000 1.000000 0.000000
vn 0.000000 1.000000 0.000000
vn 0.000000 1.000000 0.000000
vn 0.000000 1.000000 0.000000
vn 0.000000 1.000000 0.000000
vn 0.000000 1.000000 0.000000
vn 0.000000 1.000000 0.000000
vn 0.000000 1.000000 0.000000
vn 0.000000 1.000000 0.000000
vn 0.000000 1.000000 0.000000
vn 0.000000 1.000000 0.000000
vn 0.000000 1.000000 0.000000
vn 0.000000 1.000000 0.000000
vn 0.000000 1.000000 0.000000
vn 0.000000 1.000000 0.000000
vn 0.000000 1.000000 0.000000
vn 0.000000 1.000000 0.000000
vn 0.000000 1.000000 0.000000
vn 0.000000 1.000000 0.000000
vn 0.000000 1.000000 0.000000
vn 0.000000 1.000000 0.000000
vn 0.000000 1.000000 0.000000
vn 0.000000 1.000000 0.000000
vn 0.000000 1.000000 0.000000
vn 0.000000 1.000000 0.000000
vn 0.000000 1.000000 0.000000
vn 0.000000 1.000000 0.000000
vn 0.000000 1.000000 0.000000
vn 0.000000 1.000000 0.000000
vn 0.000000 1.000000 0.000000
vn 0.000000 1.000000 0.000000
vn 0.000000 1.000000 0.000000
vn 0.000000 1.000000 0.000000
vn 0.000000 1.000000 0.000000
vn 0.000000 1.000000 0.000000
vn 0.000000 1.000000 0.000000
vn 0.000000 1.000000 0.000000
vn 0.000000 1.000000 0.000000
vn 0.000000 1.000000 0.000000
vn 0.000000 1.000000 0.000000
vn 0.000000 1.000000 0.000000
vn 0.000000 1.000000 0.000000
vn 0.000000 1.000000 0.000000
vn 0.000000 1.000000 0.000000
vn 0.000000 1.000000 0.000000
vn 0.000000 1.000000 0.000000
vn 0.000000 1.000000 0.000000
vn 0.000000 1.000000 0.000000
vn 0.000000 1.000000 0.000000
vn 0.000000 1.000000 0.000000
vn 0.000000 1.000000 0.000000
vn 0.000000 1.000000 0.000000
vn 0.000000 1.000000 0.000000
vn 0.000000 1.000000 0.000000
vn 0.000000 1.000000 0.000000
vn 0.000000 1.000000 0.000000
vn 0.000000 1.000000 0.000000
vn 0.000000 1.000000 0.000000
vn 0.000000 1.000000 0.000000
vn 0.000000 1.000000 0.000000
vn 0.000000 1.000000 0.000000
vn 0.000000 1.000000 0.000000
vn 0.000000 1.000000 0.000000
vn 0.000000 1.000000 0.000000
vn 0.000000 1.000000 0.000000
vn 0.000000 1.000000 0.000000
vn 0.000000 1.000000 0.000000
vn 0.000000 1.000000 0.000000
vn 0.000000 1.000000 0.000000
vn 0.000000 1.000000 0.000000
vn 0.000000 1.000000 0.000000
vn 0.000000 1.000000 0.000000
vn 0.000000 1.000000 0.000000
vn 0.000000 1.000000 0.000000
vn 0.000000 1.000000 0.000000
vn 0.000000 1.000000 0.000000
vn 0.000000 1.000000 0.000000
vn 0.000000 1.000000 0.000000
vn 0.000000 1.000000 0.000000
vn 0.000000 1.000000 0.000000
vn 0.000000 1.000000 0.000000
vn 0.000000 1.000000 0.000000
vn 0.000000 1.000000 0.000000
vn 0.000000 1.000000 0.000000
vn 0.000000 1.000000 0.000000
vn 0.000000 1.000000 0.000000
vn 0.000000 1.000000 0.000000
vn 0.000000 1.000000 0.000000
vn 0.000000 1.000000 0.000000
vn 0.000000 1.000000 0.000000

f 401/401/401 402/402/402 1/1/1
f 1/1/1 402/402/402 2/2/2
f 402/402/402 403/403/403 2/2/2
f 2/2/2 403/403/403 3/3/3
f 403/403/403 404/404/404 3/3/3
f 3/3/3 404/404/404 4/4/4
f 404/404/404 405/405/405 4/4/4
f 4/4/4 405/405/405 5/5/5
f 405/405/405 406/406/406 5/5/5
f 5/5/5 406/406/406 6/6/6
f 406/406/406 407/407/407 6/6/6
f 6/6/6 407/407/407 7/7/7
f 407/407/407 408/408/408 7/7/7
f 7/7/7 408/408/408 8/8/8
f 408/408/408 409/409/409 8/8/8
f 8/8/8 409/409/409 9/9/9
f 409/409/409 410/410/410 9/9/9
f 9/9/9 410/410/410 10/10/10
f 410/410/410 411/411/411 10/10/10
f 10/10/10 411/411/411 11/11/11
f 411/411/411 412/412/412 11/11/11
f 11/11/11 412/412/412 12/12/12
f 412/412/412 413/413/413 12/12/12
f 12/12/12 413/413/413 13/13/13
f 413/413/413 414/414/414 13/13/13
f 13/13/13 414/414/414 14/14/14
f 414/414/414 415/415/415 14/14/14
f 14/14/14 415/415/415 15/15/15
f 415/415/415 416/416/416 15/15/15
f 15/15/15 416/416/416 16/16/16
f 416/416/416 417/417/417 16/16/16
f 16/16/16 417/417/417 17/17/17
f 417/417/417 418/418/418 17/17/17
f 17/17/17 418/418/418 18/18/18
f 418/418/418 419/419/419 18/18/18
f 18/18/18 419/419/419 19/19/19
f 419/419/419 420/420/420 19/19/19
f 19/19/19 420/420/420 20/20/20
f 420/420/420 421/421/421 20/20/20
f 20/20/20 421/421/421 21/21/21
f 421/421/421 422/422/422 21/21/21
f 21/21/21 422/422/422 22/22/22
f 422/422/422 423/423/423 22/22/22
f 22/22/22 423/423/423 23/23/23
f 423/423/423 424/424/424 23/23/23
f 23/23/23 424/424/424 24/24/24
f 424/424/424 425/425/425 24/24/24
f 24/24/24 425/425/425 25/25/25
f 425/425/425 426/426/426 25/25/25
f 25/25/25 426/426/426 26/26/26
f 426/426/426 427/427/427 26/26/26
f 26/26/26 427/427/427 27/27/27
f 427/427/427 428/428/428 27/27/27
f 27/27/27 428/428/428 28/28/28
f 428/428/428 429/429/429 28/28/28
f 28/28/28 429/429/429 29/29/29
f 429/429/429 430/430/430 29/29/29
f 29/29/29 430/430/430 30/30/30
f 430/430/430 431/431/431 30/30/30
f 30/30/30 431/431/431 31/31/31
f 431/431/431 432/432/432 31/31/31
f 31/31/31 432/432/432 32/32/32
f 432/432/432 433/433/433 32/32/32
f 32/32/32 433/433/433 33/33/33
f 433/433/433 434/434/434 33/33/33
f 33/33/33 434/434/434 34/34/34
f 434/434/434 435/435/435 34/34/34
f 34/34/34 435/435/435 35/35/35
f 435/435/435 436/436/436 35/35/35
f 35/35/35 436/436/436 36/36/36
f 436/436/436 437/437/437 36/36/36
f 36/36/36 437/437/437 37/37/37
f 437/437/437 438/438/438 37/37/37
f 37/37/37 438/438/438 38/38/38
f 438/438/438 439/439/439 38/38/38
f 38/38/38 439/439/439 39/39/39
f 439/439/439 440/440/440 39/39/39
f 39/39/39 440/440/440 40/40/40
f 440/440/440 441/441/441 40/40/40
f 40/40/40 441/441/441 41/41/41
f 441/441/441 442/442/442 41/41/41
f 41/41/41 442/442/442 42/42/42
f 442/442/442 443/443/443 42/42/42
f 42/42/42 443/443/443 43/43/43
f 443/443/443 444/444/444 43/43/43
f 43/43/43 444/444/444 44/44/44
f 444/444/444 445/445/445 44/44/44
f 44/44/44 445/445/445 45/45/45
f 445/445/445 446/446/446 45/45/45
f 45/45/45 446/446/446 46/46/46
f 446/446/446 447/447/447 46/46/46
f 46/46/46 447/447/447 47/47/47
f 447/447/447 448/448/448 47/47/47
f 47/47/47 448/448/448 48/48/48
f 448/448/448 449/449/449 48/48/48
f 48/48/48 449/449/449 49/49/49
f 449/449/449 450/450/450 49/49/49
f 49/49/49 450/450/450 50/50/50
f 450/450/450 451/451/451 50/50/50
f 50/50/50 451/451/451 51/51/51
f 451/451/451 452/452/452 51/51/51
f 51/51/51 452/452/452 52/52/52
f 452/452/452 453/453/453 52/52/52
f 52/52/52 453/453/453 53/53/53
f 453/453/453 454/454/454 53/53/53
f 53/53/53 454/454/454 54/54/54
f 454/454/454 455/455/455 54/54/54
f 54/54/54 455/455/455 55/55/55
f 455/455/455 456/456/456 55/55/55
f 55/55/55 456/456/456 56/56/56
f 456/456/456 457/457/457 56/56/56
f 56/56/56 457/457/457 57/57/57
f 457/457/457 458/458/458 57/57/57
f 57/57/57 458/458/458 58/58/58
f 458/458/458 459/459/459 58/58/58
f 58/58/58 459/459/459 59/59/59
f 459/459/459 460/460/460 59/59/59
f 59/59/59 460/460/460 60/60/60
f 460/460/460 461/461/461 60/60/60
f 60/60/60 461/461/461 61/61/61
f 461/461/461 462/462/462 61/61/61
f 61/61/61 462/462/462 62/62/62
f 462/462/462 463/463/463 62/62/62
f 62/62/62 463/463/463 63/63/63
f 463/463/463 464/464/464 63/63/63
f 63/63/63 464/464/464 64/64/64
f 464/464/464 465/465/465 64/64/64
f 64/64/64 465/465/465 65/65/65
f 465/465/465 466/466/466 65/65/65
f 65/65/65 466/466/466 66/66/66
f 466/466/466 467/467/467 66/66/66
f 66/66/66 467/467/467 67/67/67
f 467/467/467 468/468/468 67/67/67
f 67/67/67 468/468/468 68/68/68
f 468/468/468 469/469/469 68/68/68
f 68/68/68 469/469/469 69/69/69
f 469/469/469 470/470/470 69/69/69
f 69/69/69 470/470/470 70/70/70
f 470/470/470 471/471/471 70/70/70
f 70/70/70 471/471/471 71/71/71
f 471/471/471 472/472/472 71/71/71
f 71/71/71 472/472/472 72/72/72
f 472/472/472 473/473/473 72/72/72
f 72/72/72 473/473/473 73/73/73
f 473/473/473 474/474/474 73/73/73
f 73/73/73 474/474/474 74/74/74
f 474/474/474 475/475/475 74/74/74
f 74/74/74 475/475/475 75/75/75
f 475/475/475 476/476/476 75/75/75
f 75/75/75 476/476/476 76/76/76
f 476/476/476 477/477/477 76/76/76
f 76/76/76 477/477/477 77/77/77
f 477/477/477 478/478/478 77/77/77
f 77/77/77 478/478/478 78/78/78
f 478/478/478 479/479/479 78/78/78
f 78/78/78 479/479/479 79/79/79
f 479/479/479 480/480/480 79/79/79
f 79/79/79 480/480/480 80/80/80
f 480/480/480 481/481/481 80/80/80
f 80/80/80 481/481/481 81/81/81
f 481/481/481 482/482/482 81/81/81
f 81/81/81 482/482/482 82/82/82
f 482/482/482 483/483/483 82/82/82
f 82/82/82 483/483/483 83/83/83
f 483/483/483 484/484/484 83/83/83
f 83/83/83 484/484/484 84/84/84
f 484/484/484 485/485/485 84/84/84
f 84/84/84 485/485/485 85/85/85
f 485/485/485 486/486/486 85/85/85
f 85/85/85 486/486/486 86/86/86
f 486/486/486 487/487/487 86/86/86
f 86/86/86 487/487/487 87/87/87
f 487/487/487 488/488/488 87/87/87
f 87/87/87 488/488/488 88/88/88
f 488/488/488 489/489/489 88/88/88
f 88/88/88 489/489/489 89/89/89
f 489/489/489 490/490/490 89/89/89
f 89/89/89 490/490/490 90/90/90
f 490/490/490 491/491/491 90/90/90
f 90/90/90 491/491/491 91/91/91
f 491/491/491 492/492/492 91/91/91
f 91/91/91 492/492/492 92/92/92
f 492/492/492 493/493/493 92/92/92
f 92/92/92 493/493/493 93/93/93
f 493/493/493 494/494/494 93/93/93
f 93/93/93 494/494/494 94/94/94
f 494/494/494 495/495/495 94/94/94
f 94/94/94 495/495/495 95/95/95
f 495/495/495 496/496/496 95/95/95
f 95/95/95 496/496/496 96/96/96
f 496/496/496 497/497/497 96/96/96
f 96/96/96 497/497/497 97/97/97
f 497/497/497 498/498/498 97/97/97
f 97/97/97 498/498/498 98/98/98
f 498/498/498 499/499/499 98/98/98
f 98/98/98 499/499/499 99/99/99
f 499/499/499 500/500/500 99/99/99
f 99/99/99 500/500/500 100/100/100
f 500/500/500 501/501/501 100/100/100
f 100/100/100 501/501/501 101/101/101
f 501/501/501 502/502/502 101/101/101
f 101/101/101 502/502/502 102/102/102
f 502/502/502 503/503/503 102/102/102
f 102/102/102 503/503/503 103/103/103
f 503/503/503 504/504/504 103/103/103
f 103/103/103 504/504/504 104/104/104
f 504/504/504 505/505/505 104/104/104
f 104/104/104 505/505/505 105/105/105
f 505/505/505 506/506/506 105/105/105
f 105/105/105 506/506/506 106/106/106
f 506/506/506 507/507/507 106/106/106
f 106/106/106 507/507/507 107/107/107
f 507/507/507 508/508/508 107/107/107
f 107/107/107 508/508/508 108/108/108
f 508/508/508 509/509/509 108/108/108
f 108/108/108 509/509/509 109/109/109
f 509/509/509 510/510/510 109/109/109
f 109/109/109 510/510/510 110/110/110
f 510/510/510 511/511/511 110/110/110
f 110/110/110 511/511/511 111/111/111
f 511/511/511 512/512/512 111/111/111
f 111/111/111 512/512/512 112/112/112
f 512/512/512 513/513/513 112/112/112
f 112/112/112 513/513/513 113/113/113
f 513/513/513 514/514/514 113/113/113
f 113/113/113 514/514/514 114/114/114
f 514/514/514 515/515/515 114/114/114
f 114/114/114 515/515/515 115/115/115
f 515/515/515 516/516/516 115/115/115
f 115/115/115 516/516/516 116/116/116
f 516/516/516 517/517/517 116/116/116
f 116/116/116 517/517/517 117/117/117
f 517/517/517 518/518/518 117/117/117
f 117/117/117 518/518/518 118/118/118
f 518/518/518 519/519/519 118/118/118
f 118/118/118 519/519/519 119/119/119
f 519/519/519 520/520/520 119/119/119
f 119/119/119 520/520/520 120/120/120
f 520/520/520 521/521/521 120/120/120
f 120/120/120 521/521/521 121/121/121
f 521/521/521 522/522/522 121/121/121
f 121/121/121 522/522/522 122/122/122
f 522/522/522 523/523/523 122/122/122
f 122/122/122 523/523/523 123/123/123
f 523/523/523 524/524/524 123/123/123
f 123/123/123 524/524/524 124/124/124
f 524/524/524 525/525/525 124/124/124
f 124/124/124 525/525/525 125/125/125
f 525/525/525 526/526/526 125/125/125
f 125/125/125 526/526/526 126/126/126
f 526/526/526 527/527/527 126/126/126
f 126/126/126 527/527/527 127/127/127
f 527/527/527 528/528/528 127/127/127
f 127/127/127 528/528/528 128/128/128
f 528/528/528 529/529/529 128/128/128
f 128/128/128 529/529/529 129/129/129
f 529/529/529 530/530/530 129/129/129
f 129/129/129 530/530/530 130/130/130
f 530/530/530 531/531/531 130/130/130
f 130/130/130 531/531/531 131/131/131
f 531/531/531 532/532/532 131/131/131
f 131/131/131 532/532/532 132/132/132
f 532/532/532 533/533/533 132/132/132
f 132/132/132 533/533/533 133/133/133
f 533/533/533 534/534/534 133/133/133
f 133/133/133 534/534/534 134/134/134
f 534/534/534 535/535/535 134/134/134
f 134/134/134 535/535/535 135/135/135
f 535/535/535 536/536/536 135/135/135
f 135/135/135 536/536/536 136/136/136
f 536/536/536 537/537/537 136/136/136
f 136/136/136 537/537/537 137/137/137
f 537/537/537 538/538/538 137/137/137
f 137/137/137 538/538/538 138/138/138
f 538/538/538 539/539/539 138/138/138
f 138/138/138 539/539/539 139/139/139
f 539/539/539 540/540/540 139/139/139
f 139/139/139 540/540/540 140/140/140
f 540/540/540 541/541/541 140/140/140
f 140/140/140 541/541/541 141/141/141
f 541/541/541 542/542/542 141/141/141
f 141/141/141 542/542/542 142/142/142
f 542/542/542 543/543/543 142/142/142
f 142/142/142 543/543/543 143/143/143
f 543/543/543 544/544/544 143/143/143
f 143/143/143 544/544/544 144/144/144
f 544/544/544 545/545/545 144/144/144
f 144/144/144 545/545/545 145/145/145
f 545/545/545 546/546/546 145/145/145
f 145/145/145 546/546/546 146/146/146
f 546/546/546 547/547/547 146/146/146
f 146/146/146 547/547/547 147/147/147
f 547/547/547 548/548/548 147/147/147
f 147/147/147 548/548/548 148/148/148
f 548/548/548 549/549/549 148/148/148
f 148/148/148 549/549/549 149/149/149
f 549/549/549 550/550/550 149/149/149
f 149/149/149 550/550/550 150/150/150
f 550/550/550 551/551/551 150/150/150
f 150/150/150 551/551/551 151/151/151
f 551/551/551 552/552/552 151/151/151
f 151/151/151 552/552/552 152/152/152
f 552/552/552 553/553/553 152/152/152
f 152/152/152 553/553/553 153/153/153
f 553/553/553 554/554/554 153/153/153
f 153/153/153 554/554/554 154/154/154
f 554/554/554 555/555/555 154/154/154
f 154/154/154 555/555/555 155/155/155
f 555/555/555 556/556/556 155/155/155
f 155/155/155 556/556/556 156/156/156
f 556/556/556 557/557/557 156/156/156
f 156/156/156 557/557/557 157/157/157
f 557/557/557 558/558/558 157/157/157
f 157/157/157 558/558/558 158/158/158
f 558/558/558 559/559/559 158/158/158
f 158/158/158 559/559/559 159/159/159
f 559/559/559 560/560/560 159/159/159
f 159/159/159 560/560/560 160/160/160
f 560/560/560 561/561/561 160/160/160
f 160/160/160 561/561/561 161/161/161
f 561/561/561 562/562/562 161/161/161
f 161/161/161 562/562/562 162/162/162
f 562/562/562 563/563/563 162/162/162
f 162/162/162 563/563/563 163/163/163
f 563/563/563 564/564/564 163/163/163
f 163/163/163 564/564/564 164/164/164
f 564/564/564 565/565/565 164/164/164
f 164/164/164 565/565/565 165/165/165
f 565/565/565 566/566/566 165/165/165
f 165/165/165 566/566/566 166/166/166
f 566/566/566 567/567/567 166/166/166
f 166/166/166 567/567/567 167/167/167
f 567/567/567 568/568/568 167/167/167
f 167/167/167 568/568/568 168/168/168
f 568/568/568 569/569/569 168/168/168
f 168/168/168 569/569/569 169/169/169
f 569/569/569 570/570/570 169/169/169
f 169/169/169 570/570/570 170/170/170
f 570/570/570 571/571/571 170/170/170
f 170/170/170 571/571/571 171/171/171
f 571/571/571 572/572/572 171/171/171
f 171/171/171 572/572/572 172/172/172
f 572/572/572 573/573/573 172/172/172
f 172/172/172 573/573/573 173/173/173
f 573/573/573 574/574/574 173/173/173
f 173/173/173 574/574/574 174/174/174
f 574/574/574 575/575/575 174/174/174
f 174/174/174 575/575/575 175/175/175
f 575/575/575 576/576/576 175/175/175
f 175/175/175 576/576/576 176/176/176
f 576/576/576 577/577/577 176/176/176
f 176/176/176 577/577/577 177/177/177
f 577/577/577 578/578/578 177/177/177
f 177/177/177 578/578/578 178/178/178
f 578/578/578 579/579/579 178/178/178
f 178/178/178 579/579/579 179/179/179
f 579/579/579 580/580/580 179/179/179
f 179/179/179 580/580/580 180/180/180
f 580/580/580 581/581/581 180/180/180
f 180/180/180 581/581/581 181/181/181
f 581/581/581 582/582/582 181/181/181
f 181/181/181 582/582/582 182/182/182
f 582/582/582 583/583/583 182/182/182
f 182/182/182 583/583/583 183/183/183
f 583/583/583 584/584/584 183/183/183
f 183/183/183 584/584/584 184/184/184
f 584/584/584 585/585/585 184/184/184
f 184/184/184 585/585/585 185/185/185
f 585/585/585 586/586/586 185/185/185
f 185/185/185 586/586/586 186/186/186
f 586/586/586 587/587/587 186/186/186
f 186/186/186 587/587/587 187/187/187
f 587/587/587 588/588/588 187/187/187
f 187/187/187 588/588/588 188/188/188
f 588/588/588 589/589/589 188/188/188
f 188/188/188 589/589/589 189/189/189
f 589/589/589 590/590/590 189/189/189
f 189/189/189 590/590/590 190/190/190
f 590/590/590 591/591/591 190/190/190
f 190/190/190 591/591/591 191/191/191
f 591/591/591 592/592/592 191/191/191
f 191/191/191 592/592/592 192/192/192
f 592/592/592 593/593/593 192/192/192
f 192/192/192 593/593/593 193/193/193
f 593/593/593 594/594/594 193/193/193
f 193/193/193 594/594/594 194/194/194
f 594/594/594 595/595/595 194/194/194
f 194/194/194 595/595/595 195/195/195
f 595/595/595 596/596/596 195/195/195
f 195/195/195 596/596/596 196/196/196
f 596/596/596 597/597/597 196/196/196
f 196/196/196 597/597/597 197/197/197
f 597/597/597 598/598/598 197/197/197
f 197/197/197 598/598/598 198/198/198
f 598/598/598 599/599/599 198/198/198
f 198/198/198 599/599/599 199/199/199
f 599/599/599 600/600/600 199/199/199
f 199/199/199 600/600/600 200/200/200
f 600/600/600 601/601/601 200/200/200
f 200/200/200 601/601/601 201/201/201
f 601/601/601 602/602/602 201/201/201
f 201/201/201 602/602/602 202/202/202
f 602/602/602 603/603/603 202/202/202
f 202/202/202 603/603/603 203/203/203
f 603/603/603 604/604/604 203/203/203
f 203/203/203 604/604/604 204/204/204
f 604/604/604 605/605/605 204/204/204
f 204/204/204 605/605/605 205/205/205
f 605/605/605 606/606/606 205/205/205
f 205/205/205 606/606/606 206/206/206
f 606/606/606 607/607/607 206/206/206
f 206/206/206 607/607/607 207/207/207
f 607/607/607 608/608/608 207/207/207
f 207/207/207 608/608/608 208/208/208
f 608/608/608 609/609/609 208/208/208
f 208/208/208 609/609/609 209/209/209
f 609/609/609 610/610/610 209/209/209
f 209/209/209 610/610/610 210/210/210
f 610/610/610 611/611/611 210/210/210
f 210/210/210 611/611/611 211/211/211
f 611/611/611 612/612/612 211/211/211
f 211/211/211 612/612/612 212/212/212
f 612/612/612 613/613/613 212/212/212
f 212/212/212 613/613/613 213/213/213
f 613/613/613 614/614/614 213/213/213
f 213/213/213 614/614/614 214/214/214
f 614/614/614 615/615/615 214/214/214
f 214/214/214 615/615/615 215/215/215
f 615/615/615 616/616/616 215/215/215
f 215/215/215 616/616/616 216/216/216
f 616/616/616 617/617/617 216/216/216
f 216/216/216 617/617/617 217/217/217
f 617/617/617 618/618/618 217/217/217
f 217/217/217 618/618/618 218/218/218
f 618/618/618 619/619/619 218/218/218
f 218/218/218 619/619/619 219/219/219
f 619/619/619 620/620/620 219/219/219
f 219/219/219 620/620/620 220/220/220
f 620/620/620 621/621/621 220/220/220
f 220/220/220 621/621/621 221/221/221
f 621/621/621 622/622/622 221/221/221
f 221/221/221 622/622/622 222/222/222
f 622/622/622 623/623/623 222/222/222
f 222/222/222 623/623/623 223/223/223
f 623/623/623 624/624/624 223/223/223
f 223/223/223 624/624/624 224/224/224
f 624/624/624 625/625/625 224/224/224
f 224/224/224 625/625/625 225/225/225
f 625/625/625 626/626/626 225/225/225
f 225/225/225 626/626/626 226/226/226
f 626/626/626 627/627/627 226/226/226
f 226/226/226 627/627/627 227/227/227
f 627/627/627 628/628/628 227/227/227
f 227/227/227 628/628/628 228/228/228
f 628/628/628 629/629/629 228/228/228
f 228/228/228 629/629/629 229/229/229
f 629/629/629 630/630/630 229/229/229
f 229/229/229 630/630/630 230/230/230
f 630/630/630 631/631/631 230/230/230
f 230/230/230 631/631/631 231/231/231
f 631/631/631 632/632/632 231/231/231
f 231/231/231 632/632/632 232/232/232
f 632/632/632 633/633/633 232/232/232
f 232/232/232 633/633/633 233/233/233
f 633/633/633 634/634/634 233/233/233
f 233/233/233 634/634/634 234/234/234
f 634/634/634 635/635/635 234/234/234
f 234/234/234 635/635/635 235/235/235
f 635/635/635 636/636/636 235/235/235
f 235/235/235 636/636/636 236/236/236
f 636/636/636 637/637/637 236/236/236
f 236/236/236 637/637/637 237/237/237
f 637/637/637 638/638/638 237/237/237
f 237/237/237 638/638/638 238/238/238
f 638/638/638 639/639/639 238/238/238
f 238/238/238 639/639/639 239/239/239
f 639/639/639 640/640/640 239/239/239
f 239/239/239 640/640/640 240/240/240
f 640/640/640 641/641/641 240/240/240
f 240/240/240 641/641/641 241/241/241
f 641/641/641 642/642/642 241/241/241
f 241/241/241 642/642/642 242/242/242
f 642/642/642 643/643/643 242/242/242
f 242/242/242 643/643/643 243/243/243
f 643/643/643 644/644/644 243/243/243
f 243/243/243 644/644/644 244/244/244
f 644/644/644 645/645/645 244/244/244
f 244/244/244 645/645/645 245/245/245
f 645/645/645 646/646/646 245/245/245
f 245/245/245 646/646/646 246/246/246
f 646/646/646 647/647/647 246/246/246
f 246/246/246 647/647/647 247/247/247
f 647/647/647 648/648/648 247/247/247
f 247/247/247 648/648/648 248/248/248
f 648/648/648 649/649/649 248/248/248
f 248/248/248 649/649/649 249/249/249
f 649/649/649 650/650/650 249/249/249
f 249/249/249 650/650/650 250/250/250
f 650/650/650 651/651/651 250/250/250
f 250/250/250 651/651/651 251/251/251
f 651/651/651 652/652/652 251/251/251
f 251/251/251 652/652/652 252/252/252
f 652/652/652 653/653/653 252/252/252
f 252/252/252 653/653/653 253/253/253
f 653/653/653 654/654/654 253/253/253
f 253/253/253 654/654/654 254/254/254
f 654/654/654 655/655/655 254/254/254
f 254/254/254 655/655/655 255/255/255
f 655/655/655 656/656/656 255/255/255
f 255/255/255 656/656/656 256/256/256
f 656/656/656 657/657/657 256/256/256
f 256/256/256 657/657/657 257/257/257
f 657/657/657 658/658/658 257/257/257
f 257/257/257 658/658/658 258/258/258
f 658/658/658 659/659/659 258/258/258
f 258/258/258 659/659/659 259/259/259
f 659/659/659 660/660/660 259/259/259
f 259/259/259 660/660/660 260/260/260
f 660/660/660 661/661/661 260/260/260
f 260/260/260 661/661/661 261/261/261
f 661/661/661 662/662/662 261/261/261
f 261/261/261 662/662/662 262/262/262
f 662/662/662 663/663/663 262/262/262
f 262/262/262 663/663/663 263/263/263
f 663/663/663 664/664/664 263/263/263
f 263/263/263 664/664/664 264/264/264
f 664/664/664 665/665/665 264/264/264
f 264/264/264 665/665/665 265/265/265
f 665/665/665 666/666/666 265/265/265
f 265/265/265 666/666/666 266/266/266
f 666/666/666 667/667/667 266/266/266
f 266/266/266 667/667/667 267/267/267
f 667/667/667 668/668/668 267/267/267
f 267/267/267 668/668/668 268/268/268
f 668/668/668 669/669/669 268/268/268
f 268/268/268 669/669/669 269/269/269
f 669/669/669 670/670/670 269/269/269
f 269/269/269 670/670/670 270/270/270
f 670/670/670 671/671/671 270/270/270
f 270/270/270 671/671/671 271/271/271
f 671/671/671 672/672/672 271/271/271
f 271/271/271 672/672/672 272/272/272
f 672/672/672 673/673/673 272/272/272
f 272/272/272 673/673/673 273/273/273
f 673/673/673 674/674/674 273/273/273
f 273/273/273 674/674/674 274/274/274
f 674/674/674 675/675/675 274/274/274
f 274/274/274 675/675/675 275/275/275
f 675/675/675 676/676/676 275/275/275
f 275/275/275 676/676/676 276/276/276
f 676/676/676 677/677/677 276/276/276
f 276/276/276 677/677/677 277/277/277
f 677/677/677 678/678/678 277/277/277
f 277/277/277 678/678/678 278/278/278
f 678/678/678 679/679/679 278/278/278
f 278/278/278 679/679/679 279/279/279
f 679/679/679 680/680/680 279/279/279
f 279/279/279 680/680/680 280/280/280
f 680/680/680 681/681/681 280/280/280
f 280/280/280 681/681/681 281/281/281
f 681/681/681 682/682/682 281/281/281
f 281/281/281 682/682/682 282/282/282
f 682/682/682 683/683/683 282/282/282
f 282/282/282 683/683/683 283/283/283
f 683/683/683 684/684/684 283/283/283
f 283/283/283 684/684/684 284/284/284
f 684/684/684 685/685/685 284/284/284
f 284/284/284 685/685/685 285/285/285
f 685/685/685 686/686/686 285/285/285
f 285/285/285 686/686/686 286/286/286
f 686/686/686 687/687/687 286/286/286
f 286/286/286 687/687/687 287/287/287
f 687/687/687 688/688/688 287/287/287
f 287/287/287 688/688/688 288/288/288
f 688/688/688 689/689/689 288/288/288
f 288/288/288 689/689/689 289/289/289
f 689/689/689 690/690/690 289/289/289
f 289/289/289 690/690/690 290/290/290
f 690/690/690 691/691/691 290/290/290
f 290/290/290 691/691/691 291/291/291
f 691/691/691 692/692/692 291/291/291
f 291/291/291 692/692/692 292/292/292
f 692/692/692 693/693/693 292/292/292
f 292/292/292 693/693/693 293/293/293
f 693/693/693 694/694/694 293/293/293
f 293/293/293 694/694/694 294/294/294
f 694/694/694 695/695/695 294/294/294
f 294/294/294 695/695/695 295/295/295
f 695/695/695 696/696/696 295/295/295
f 295/295/295 696/696/696 296/296/296
f 696/696/696 697/697/697 296/296/296
f 296/296/296 697/697/697 297/297/297
f 697/697/697 698/698/698 297/297/297
f 297/297/297 698/698/698 298/298/298
f 698/698/698 699/699/699 298/298/298
f 298/298/298 699/699/699 299/299/299
f 699/699/699 700/700/700 299/299/299
f 299/299/299 700/700/700 300/300/300
f 700/700/700 701/701/701 300/300/300
f 300/300/300 701/701/701 301/301/301
f 701/701/701 702/702/702 301/301/301
f 301/301/301 702/702/702 302/302/302
f 702/702/702 703/703/703 302/302/302
f 302/302/302 703/703/703 303/303/303
f 703/703/703 704/704/704 303/303/303
f 303/303/303 704/704/704 304/304/304
f 704/704/704 705/705/705 304/304/304
f 304/304/304 705/705/705 305/305/305
f 705/705/705 706/706/706 305/305/305
f 305/305/305 706/706/706 306/306/306
f 706/706/706 707/707/707 306/306/306
f 306/306/306 707/707/707 307/307/307
f 707/707/707 708/708/708 307/307/307
f 307/307/307 708/708/708 308/308/308
f 708/708/708 709/709/709 308/308/308
f 308/308/308 709/709/709 309/309/309
f 709/709/709 710/710/710 309/309/309
f 309/309/309 710/710/710 310/310/310
f 710/710/710 711/711/711 310/310/310
f 310/310/310 711/711/711 311/311/311
f 711/711/711 712/712/712 311/311/311
f 311/311/311 712/712/712 312/312/312
f 712/712/712 713/713/713 312/312/312
f 312/312/312 713/713/713 313/313/313
f 713/713/713 714/714/714 313/313/313
f 313/313/313 714/714/714 314/314/314
f 714/714/714 715/715/715 314/314/314
f 314/314/314 715/715/715 315/315/315
f 715/715/715 716/716/716 315/315/315
f 315/315/315 716/716/716 316/316/316
f 716/716/716 717/717/717 316/316/316
f 316/316/316 717/717/717 317/317/317
f 717/717/717 718/718/718 317/317/317
f 317/317/317 718/718/718 318/318/318
f 718/718/718 719/719/719 318/318/318
f 318/318/318 719/719/719 319/319/319
f 719/719/719 720/720/720 319/319/319
f 319/319/319 720/720/720 320/320/320
f 720/720/720 721/721/721 320/320/320
f 320/320/320 721/721/721 321/321/321
f 721/721/721 722/722/722 321/321/321
f 321/321/321 722/722/722 322/322/322
f 722/722/722 723/723/723 322/322/322
f 322/322/322 723/723/723 323/323/323
f 723/723/723 724/724/724 323/323/323
f 323/323/323 724/724/724 324/324/324
f 724/724/724 725/725/725 324/324/324
f 324/324/324 725/725/725 325/325/325
f 725/725/725 726/726/726 325/325/325
f 325/325/325 726/726/726 326/326/326
f 726/726/726 727/727/727 326/326/326
f 326/326/326 727/727/727 327/327/327
f 727/727/727 728/728/728 327/327/327
f 327/327/327 728/728/728 328/328/328
f 728/728/728 729/729/729 328/328/328
f 328/328/328 729/729/729 329/329/329
f 729/729/729 730/730/730 329/329/329
f 329/329/329 730/730/730 330/330/330
f 730/730/730 731/731/731 330/330/330
f 330/330/330 731/731/731 331/331/331
f 731/731/731 732/732/732 331/331/331
f 331/331/331 732/732/732 332/332/332
f 732/732/732 733/733/733 332/332/332
f 332/332/332 733/733/733 333/333/333
f 733/733/733 734/734/734 333/333/333
f 333/333/333 734/734/734 334/334/334
f 734/734/734 735/735/735 334/334/334
f 334/334/334 735/735/735 335/335/335
f 735/735/735 736/736/736 335/335/335
f 335/335/335 736/736/736 336/336/336
f 736/736/736 737/737/737 336/336/336
f 336/336/336 737/737/737 337/337/337
f 737/737/737 738/738/738 337/337/337
f 337/337/337 738/738/738 338/338/338
f 738/738/738 739/739/739 338/338/338
f 338/338/338 739/739/739 339/339/339
f 739/739/739 740/740/740 339/339/339
f 339/339/339 740/740/740 340/340/340
f 740/740/740 741/741/741 340/340/340
f 340/340/340 741/741/741 341/341/341
f 741/741/741 742/742/742 341/341/341
f 341/341/341 742/742/742 342/342/342
f 742/742/742 743/743/743 342/342/342
f 342/342/342 743/743/743 343/343/343
f 743/743/743 744/744/744 343/343/343
f 343/343/343 744/744/744 344/344/344
f 744/744/744 745/745/745 344/344/344
f 344/344/344 745/745/745 345/345/345
f 745/745/745 746/746/746 345/345/345
f 345/345/345 746/746/746 346/346/346
f 746/746/746 747/747/747 346/346/346
f 346/346/346 747/747/747 347/347/347
f 747/747/747 748/748/748 347/347/347
f 347/347/347 748/748/748 348/348/348
f 748/748/748 749/749/749 348/348/348
f 348/348/348 749/749/749 349/349/349
f 749/749/749 750/750/750 349/349/349
f 349/349/349 750/750/750 350/350/350
f 750/750/750 751/751/751 350/350/350
f 350/350/350 751/751/751 351/351/351
f 751/751/751 752/752/752 351/351/351
f 351/351/351 752/752/752 352/352/352
f 752/752/752 753/753/753 352/352/352
f 352/352/352 753/753/753 353/353/353
f 753/753/753 754/754/754 353/353/353
f 353/353/353 754/754/754 354/354/354
f 754/754/754 755/755/755 354/354/354
f 354/354/354 755/755/755 355/355/355
f 755/755/755 756/756/756 355/355/355
f 355/355/355 756/756/756 356/356/356
f 756/756/756 757/757/757 356/356/356
f 356/356/356 757/757/757 357/357/357
f 757/757/757 758/758/758 357/357/357
f 357/357/357 758/758/758 358/358/358
f 758/758/758 759/759/759 358/358/358
f 358/358/358 759/759/759 359/359/359
f 759/759/759 760/760/760 359/359/359
f 359/359/359 760/760/760 360/360/360
f 760/760/760 761/761/761 360/360/360
f 360/360/360 761/761/761 361/361/361
f 761/761/761 762/762/762 361/361/361
f 361/361/361 762/762/762 362/362/362
f 762/762/762 763/763/763 362/362/362
f 362/362/362 763/763/763 363/363/363
f 763/763/763 764/764/764 363/363/363
f 363/363/363 764/764/764 364/364/364
f 764/764/764 765/765/765 364/364/364
f 364/364/364 765/765/765 365/365/365
f 765/765/765 766/766/766 365/365/365
f 365/365/365 766/766/766 366/366/366
f 766/766/766 767/767/767 366/366/366
f 366/366/366 767/767/767 367/367/367
f 767/767/767 768/768/768 367/367/367
f 367/367/367 768/768/768 368/368/368
f 768/768/768 769/769/769 368/368/368
f 368/368/368 769/769/769 369/369/369
f 769/769/769 770/770/770 369/369/369
f 369/369/369 770/770/770 370/370/370
f 770/770/770 771/771/771 370/370/370
f 370/370/370 771/771/771 371/371/371
f 771/771/771 772/772/772 371/371/371
f 371/371/371 772/772/772 372/372/372
f 772/772/772 773/773/773 372/372/372
f 372/372/372 773/773/773 373/373/373
f 773/773/773 774/774/774 373/373/373
f 373/373/373 774/774/774 374/374/374
f 774/774/774 775/775/775 374/374/374
f 374/374/374 775/775/775 375/375/375
f 775/775/775 776/776/776 375/375/375
f 375/375/375 776/776/776 376/376/376
f 776/776/776 777/777/777 376/376/376
f 376/376/376 777/777/777 377/377/377
f 777/777/777 778/778/778 377/377/377
f 377/377/377 778/778/778 378/378/378
f 778/778/778 779/779/779 378/378/378
f 378/378/378 779/779/779 379/379/379
f 779/779/779 780/780/780 379/379/379
f 379/379/379 780/780/780 380/380/380
f 780/780/780 781/781/781 380/380/380
f 380/380/380 781/781/781 381/381/381
f 781/781/781 782/782/782 381/381/381
f 381/381/381 782/782/782 382/382/382
f 782/782/782 783/783/783 382/382/382
f 382/382/382 783/783/783 383/383/383
f 783/783/783 784/784/784 383/383/383
f 383/383/383 784/784/784 384/384/384
f 784/784/784 785/785/785 384/384/384
f 384/384/384 785/785/785 385/385/385
f 785/785/785 786/786/786 385/385/385
f 385/385/385 786/786/786 386/386/386
f 786/786/786 787/787/787 386/386/386
f 386/386/386 787/787/787 387/387/387
f 787/787/787 788/788/788 387/387/387
f 387/387/387 788/788/788 388/388/388
f 788/788/788 789/789/789 388/388/388
f 388/388/388 789/789/789 389/389/389
f 789/789/789 790/790/790 389/389/389
f 389/389/389 790/790/790 390/390/390
f 790/790/790 791/791/791 390/390/390
f 390/390/390 791/791/791 391/391/391
f 791/791/791 792/792/792 391/391/391
f 391/391/391 792/792/792 392/392/392
f 792/792/792 793/793/793 392/392/392
f 392/392/392 793/793/793 393/393/393
f 793/793/793 794/794/794 393/393/393
f 393/393/393 794/794/794 394/394/394
f 794/794/794 795/795/795 394/394/394
f 394/394/394 795/795/795 395/395/395
f 795/795/795 796/796/796 395/395/395
f 395/395/395 796/796/796 396/396/396
f 796/796/796 797/797/797 396/396/396
f 396/396/396 797/797/797 397/397/397
f 797/797/797 798/798/798 397/397/397
f 397/397/397 798/798/798 398/398/398
f 798/798/798 799/799/799 398/398/398
f 398/398/398 799/799/799 399/399/399
f 799/799/799 800/800/800 399/399/399
f 399/399/399 800/800/800 400/400/400
f 800/800/800 401/401/401 400/400/400
f 400/400/400 401/401/401 1/1/1
f 1201/1201/1201 1202/1202/1202 801/801/801
f 801/801/801 1202/1202/1202 802/802/802
f 1202/1202/1202 1203/1203/1203 802/802/802
f 802/802/802 1203/1203/1203 803/803/803
f 1203/1203/1203 1204/1204/1204 803/803/803
f 803/803/803 1204/1204/1204 804/804/804
f 1204/1204/1204 1205/1205/1205 804/804/804
f 804/804/804 1205/1205/1205 805/805/805
f 1205/1205/1205 1206/1206/1206 805/805/805
f 805/805/805 1206/1206/1206 806/806/806
f 1206/1206/1206 1207/1207/1207 806/806/806
f 806/806/806 1207/1207/1207 807/807/807
f 1207/1207/1207 1208/1208/1208 807/807/807
f 807/807/807 1208/1208/1208 808/808/808
f 1208/1208/1208 1209/1209/1209 808/808/808
f 808/808/808 1209/1209/1209 809/809/809
f 1209/1209/1209 1210/1210/1210 809/809/809
f 809/809/809 1210/1210/1210 810/810/810
f 1210/1210/1210 1211/1211/1211 810/810/810
f 810/810/810 1211/1211/1211 811/811/811
f 1211/1211/1211 1212/1212/1212 811/811/811
f 811/811/811 1212/1212/1212 812/812/812
f 1212/1212/1212 1213/1213/1213 812/812/812
f 812/812/812 1213/1213/1213 813/813/813
f 1213/1213/1213 1214/1214/1214 813/813/813
f 813/813/813 1214/1214/1214 814/814/814
f 1214/1214/1214 1215/1215/1215 814/814/814
f 814/814/814 1215/1215/1215 815/815/815
f 1215/1215/1215 1216/1216/1216 815/815/815
f 815/815/815 1216/1216/1216 816/816/816
f 1216/1216/1216 1217/1217/1217 816/816/816
f 816/816/816 1217/1217/1217 817/817/817
f 1217/1217/1217 1218/1218/1218 817/817/817
f 817/817/817 1218/1218/1218 818/818/818
f 1218/1218/1218 1219/1219/1219 818/818/818
f 818/818/818 1219/1219/1219 819/819/819
f 1219/1219/1219 1220/1220/1220 819/819/819
f 819/819/819 1220/1220/1220 820/820/820
f 1220/1220/1220 1221/1221/1221 820/820/820
f 820/820/820 1221/1221/1221 821/821/821
f 1221/1221/1221 1222/1222/1222 821/821/821
f 821/821/821 1222/1222/1222 822/822/822
f 1222/1222/1222 1223/1223/1223 822/822/822
f 822/822/822 1223/1223/1223 823/823/823
f 1223/1223/1223 1224/1224/1224 823/823/823
f 823/823/823 1224/1224/1224 824/824/824
f 1224/1224/1224 1225/1225/1225 824/824/824
f 824/824/824 1225/1225/1225 825/825/825
f 1225/1225/1225 1226/1226/1226 825/825/825
f 825/825/825 1226/1226/1226 826/826/826
f 1226/1226/1226 1227/1227/1227 826/826/826
f 826/826/826 1227/1227/1227 827/827/827
f 1227/1227/1227 1228/1228/1228 827/827/827
f 827/827/827 1228/1228/1228 828/828/828
f 1228/1228/1228 1229/1229/1229 828/828/828
f 828/828/828 1229/1229/1229 829/829/829
f 1229/1229/1229 1230/1230/1230 829/829/829
f 829/829/829 1230/1230/1230 830/830/830
f 1230/1230/1230 1231/1231/1231 830/830/830
f 830/830/830 1231/1231/1231 831/831/831
f 1231/1231/1231 1232/1232/1232 831/831/831
f 831/831/831 1232/1232/1232 832/832/832
f 1232/1232/1232 1233/1233/1233 832/832/832
f 832/832/832 1233/1233/1233 833/833/833
f 1233/1233/1233 1234/1234/1234 833/833/833
f 833/833/833 1234/1234/1234 834/834/834
f 1234/1234/1234 1235/1235/1235 834/834/834
f 834/834/834 1235/1235/1235 835/835/835
f 1235/1235/1235 1236/1236/1236 835/835/835
f 835/835/835 1236/1236/1236 836/836/836
f 1236/1236/1236 1237/1237/1237 836/836/836
f 836/836/836 1237/1237/1237 837/837/837
f 1237/1237/1237 1238/1238/1238 837/837/837
f 837/837/837 1238/1238/1238 838/838/838
f 1238/1238/1238 1239/1239/1239 838/838/838
f 838/838/838 1239/1239/1239 839/839/839
f 1239/1239/1239 1240/1240/1240 839/839/839
f 839/839/839 1240/1240/1240 840/840/840
f 1240/1240/1240 1241/1241/1241 840/840/840
f 840/840/840 1241/1241/1241 841/841/841
f 1241/1241/1241 1242/1242/1242 841/841/841
f 841/841/841 1242/1242/1242 842/842/842
f 1242/1242/1242 1243/1243/1243 842/842/842
f 842/842/842 1243/1243/1243 843/843/843
f 1243/1243/1243 1244/1244/1244 843/843/843
f 843/843/843 1244/1244/1244 844/844/844
f 1244/1244/1244 1245/1245/1245 844/844/844
f 844/844/844 1245/1245/1245 845/845/845
f 1245/1245/1245 1246/1246/1246 845/845/845
f 845/845/845 1246/1246/1246 846/846/846
f 1246/1246/1246 1247/1247/1247 846/846/846
f 846/846/846 1247/1247/1247 847/847/847
f 1247/1247/1247 1248/1248/1248 847/847/847
f 847/847/847 1248/1248/1248 848/848/848
f 1248/1248/1248 1249/1249/1249 848/848/848
f 848/848/848 1249/1249/1249 849/849/849
f 1249/1249/1249 1250/1250/1250 849/849/849
f 849/849/849 1250/1250/1250 850/850/850
f 1250/1250/1250 1251/1251/1251 850/850/850
f 850/850/850 1251/1251/1251 851/851/851
f 1251/1251/1251 1252/1252/1252 851/851/851
f 851/851/851 1252/1252/1252 852/852/852
f 1252/1252/1252 1253/1253/1253 852/852/852
f 852/852/852 1253/1253/1253 853/853/853
f 1253/1253/1253 1254/1254/1254 853/853/853
f 853/853/853 1254/1254/1254 854/854/854
f 1254/1254/1254 1255/1255/1255 854/854/854
f 854/854/854 1255/1255/1255 855/855/855
f 1255/1255/1255 1256/1256/1256 855/855/855
f 855/855/855 1256/1256/1256 856/856/856
f 1256/1256/1256 1257/1257/1257 856/856/856
f 856/856/856 1257/1257/1257 857/857/857
f 1257/1257/1257 1258/1258/1258 857/857/857
f 857/857/857 1258/1258/1258 858/858/858
f 1258/1258/1258 1259/1259/1259 858/858/858
f 858/858/858 1259/1259/1259 859/859/859
f 1259/1259/1259 1260/1260/1260 859/859/859
f 859/859/859 1260/1260/1260 860/860/860
f 1260/1260/1260 1261/1261/1261 860/860/860
f 860/860/860 1261/1261/1261 861/861/861
f 1261/1261/1261 1262/1262/1262 861/861/861
f 861/861/861 1262/1262/1262 862/862/862
f 1262/1262/1262 1263/1263/1263 862/862/862
f 862/862/862 1263/1263/1263 863/863/863
f 1263/1263/1263 1264/1264/1264 863/863/863
f 863/863/863 1264/1264/1264 864/864/864
f 1264/1264/1264 1265/1265/1265 864/864/864
f 864/864/864 1265/1265/1265 865/865/865
f 1265/1265/1265 1266/1266/1266 865/865/865
f 865/865/865 1266/1266/1266 866/866/866
f 1266/1266/1266 1267/1267/1267 866/866/866
f 866/866/866 1267/1267/1267 867/867/867
f 1267/1267/1267 1268/1268/1268 867/867/867
f 867/867/867 1268/1268/1268 868/868/868
f 1268/1268/1268 1269/1269/1269 868/868/868
f 868/868/868 1269/1269/1269 869/869/869
f 1269/1269/1269 1270/1270/1270 869/869/869
f 869/869/869 1270/1270/1270 870/870/870
f 1270/1270/1270 1271/1271/1271 870/870/870
f 870/870/870 1271/1271/1271 871/871/871
f 1271/1271/1271 1272/1272/1272 871/871/871
f 871/871/871 1272/1272/1272 872/872/872
f 1272/1272/1272 1273/1273/1273 872/872/872
f 872/872/872 1273/1273/1273 873/873/873
f 1273/1273/1273 1274/1274/1274 873/873/873
f 873/873/873 1274/1274/1274 874/874/874
f 1274/1274/1274 1275/1275/1275 874/874/874
f 874/874/874 1275/1275/1275 875/875/875
f 1275/1275/1275 1276/1276/1276 875/875/875
f 875/875/875 1276/1276/1276 876/876/876
f 1276/1276/1276 1277/1277/1277 876/876/876
f 876/876/876 1277/1277/1277 877/877/877
f 1277/1277/1277 1278/1278/1278 877/877/877
f 877/877/877 1278/1278/1278 878/878/878
f 1278/1278/1278 1279/1279/1279 878/878/878
f 878/878/878 1279/1279/1279 879/879/879
f 1279/1279/1279 1280/1280/1280 879/879/879
f 879/879/879 1280/1280/1280 880/880/880
f 1280/1280/1280 1281/1281/1281 880/880/880
f 880/880/880 1281/1281/1281 881/881/881
f 1281/1281/1281 1282/1282/1282 881/881/881
f 881/881/881 1282/1282/1282 882/882/882
f 1282/1282/1282 1283/1283/1283 882/882/882
f 882/882/882 1283/1283/1283 883/883/883
f 1283/1283/1283 1284/1284/1284 883/883/883
f 883/883/883 1284/1284/1284 884/884/884
f 1284/1284/1284 1285/1285/1285 884/884/884
f 884/884/884 1285/1285/1285 885/885/885
f 1285/1285/1285 1286/1286/1286 885/885/885
f 885/885/885 1286/1286/1286 886/886/886
f 1286/1286/1286 1287/1287/1287 886/886/886
f 886/886/886 1287/1287/1287 887/887/887
f 1287/1287/1287 1288/1288/1288 887/887/887
f 887/887/887 1288/1288/1288 888/888/888
f 1288/1288/1288 1289/1289/1289 888/888/888
f 888/888/888 1289/1289/1289 889/889/889
f 1289/1289/1289 1290/1290/1290 889/889/889
f 889/889/889 1290/1290/1290 890/890/890
f 1290/1290/1290 1291/1291/1291 890/890/890
f 890/890/890 1291/1291/1291 891/891/891
f 1291/1291/1291 1292/1292/1292 891/891/891
f 891/891/891 1292/1292/1292 892/892/892
f 1292/1292/1292 1293/1293/1293 892/892/892
f 892/892/892 1293/1293/1293 893/893/893
f 1293/1293/1293 1294/1294/1294 893/893/893
f 893/893/893 1294/1294/1294 894/894/894
f 1294/1294/1294 1295/1295/1295 894/894/894
f 894/894/894 1295/1295/1295 895/895/895
f 1295/1295/1295 1296/1296/1296 895/895/895
f 895/895/895 1296/1296/1296 896/896/896
f 1296/1296/1296 1297/1297/1297 896/896/896
f 896/896/896 1297/1297/1297 897/897/897
f 1297/1297/1297 1298/1298/1298 897/897/897
f 897/897/897 1298/1298/1298 898/898/898
f 1298/1298/1298 1299/1299/1299 898/898/898
f 898/898/898 1299/1299/1299 899/899/899
f 1299/1299/1299 1300/1300/1300 899/899/899
f 899/899/899 1300/1300/1300 900/900/900
f 1300/1300/1300 1301/1301/1301 900/900/900
f 900/900/900 1301/1301/1301 901/901/901
f 1301/1301/1301 1302/1302/1302 901/901/901
f 901/901/901 1302/1302/1302 902/902/902
f 1302/1302/1302 1303/1303/1303 902/902/902
f 902/902/902 1303/1303/1303 903/903/903
f 1303/1303/1303 1304/1304/1304 903/903/903
f 903/903/903 1304/1304/1304 904/904/904
f 1304/1304/1304 1305/1305/1305 904/904/904
f 904/904/904 1305/1305/1305 905/905/905
f 1305/1305/1305 1306/1306/1306 905/905/905
f 905/905/905 1306/1306/1306 906/906/906
f 1306/1306/1306 1307/1307/1307 906/906/906
f 906/906/906 1307/1307/1307 907/907/907
f 1307/1307/1307 1308/1308/1308 907/907/907
f 907/907/907 1308/1308/1308 908/908/908
f 1308/1308/1308 1309/1309/1309 908/908/908
f 908/908/908 1309/1309/1309 909/909/909
f 1309/1309/1309 1310/1310/1310 909/909/909
f 909/909/909 1310/1310/1310 910/910/910
f 1310/1310/1310 1311/1311/1311 910/910/910
f 910/910/910 1311/1311/1311 911/911/911
f 1311/1311/1311 1312/1312/1312 911/911/911
f 911/911/911 1312/1312/1312 912/912/912
f 1312/1312/1312 1313/1313/1313 912/912/912
f 912/912/912 1313/1313/1313 913/913/913
f 1313/1313/1313 1314/1314/1314 913/913/913
f 913/913/913 1314/1314/1314 914/914/914
f 1314/1314/1314 1315/1315/1315 914/914/914
f 914/914/914 1315/1315/1315 915/915/915
f 1315/1315/1315 1316/1316/1316 915/915/915
f 915/915/915 1316/1316/1316 916/916/916
f 1316/1316/1316 1317/1317/1317 916/916/916
f 916/916/916 1317/1317/1317 917/917/917
f 1317/1317/1317 1318/1318/1318 917/917/917
f 917/917/917 1318/1318/1318 918/918/918
f 1318/1318/1318 1319/1319/1319 918/918/918
f 918/918/918 1319/1319/1319 919/919/919
f 1319/1319/1319 1320/1320/1320 919/919/919
f 919/919/919 1320/1320/1320 920/920/920
f 1320/1320/1320 1321/1321/1321 920/920/920
f 920/920/920 1321/1321/1321 921/921/921
f 1321/1321/1321 1322/1322/1322 921/921/921
f 921/921/921 1322/1322/1322 922/922/922
f 1322/1322/1322 1323/1323/1323 922/922/922
f 922/922/922 1323/1323/1323 923/923/923
f 1323/1323/1323 1324/1324/1324 923/923/923
f 923/923/923 1324/1324/1324 924/924/924
f 1324/1324/1324 1325/1325/1325 924/924/924
f 924/924/924 1325/1325/1325 925/925/925
f 1325/1325/1325 1326/1326/1326 925/925/925
f 925/925/925 1326/1326/1326 926/926/926
f 1326/1326/1326 1327/1327/1327 926/926/926
f 926/926/926 1327/1327/1327 927/927/927
f 1327/1327/1327 1328/1328/1328 927/927/927
f 927/927/927 1328/1328/1328 928/928/928
f 1328/1328/1328 1329/1329/1329 928/928/928
f 928/928/928 1329/1329/1329 929/929/929
f 1329/1329/1329 1330/1330/1330 929/929/929
f 929/929/929 1330/1330/1330 930/930/930
f 1330/1330/1330 1331/1331/1331 930/930/930
f 930/930/930 1331/1331/1331 931/931/931
f 1331/1331/1331 1332/1332/1332 931/931/931
f 931/931/931 1332/1332/1332 932/932/932
f 1332/1332/1332 1333/1333/1333 932/932/932
f 932/932/932 1333/1333/1333 933/933/933
f 1333/1333/1333 1334/1334/1334 933/933/933
f 933/933/933 1334/1334/1334 934/934/934
f 1334/1334/1334 1335/1335/1335 934/934/934
f 934/934/934 1335/1335/1335 935/935/935
f 1335/1335/1335 1336/1336/1336 935/935/935
f 935/935/935 1336/1336/1336 936/936/936
f 1336/1336/1336 1337/1337/1337 936/936/936
f 936/936/936 1337/1337/1337 937/937/937
f 1337/1337/1337 1338/1338/1338 937/937/937
f 937/937/937 1338/1338/1338 938/938/938
f 1338/1338/1338 1339/1339/1339 938/938/938
f 938/938/938 1339/1339/1339 939/939/939
f 1339/1339/1339 1340/1340/1340 939/939/939
f 939/939/939 1340/1340/1340 940/940/940
f 1340/1340/1340 1341/1341/1341 940/940/940
f 940/940/940 1341/1341/1341 941/941/941
f 1341/1341/1341 1342/1342/1342 941/941/941
f 941/941/941 1342/1342/1342 942/942/942
f 1342/1342/1342 1343/1343/1343 942/942/942
f 942/942/942 1343/1343/1343 943/943/943
f 1343/1343/1343 1344/1344/1344 943/943/943
f 943/943/943 1344/1344/1344 944/944/944
f 1344/1344/1344 1345/1345/1345 944/944/944
f 944/944/944 1345/1345/1345 945/945/945
f 1345/1345/1345 1346/1346/1346 945/945/945
f 945/945/945 1346/1346/1346 946/946/946
f 1346/1346/1346 1347/1347/1347 946/946/946
f 946/946/946 1347/1347/1347 947/947/947
f 1347/1347/1347 1348/1348/1348 947/947/947
f 947/947/947 1348/1348/1348 948/948/948
f 1348/1348/1348 1349/1349/1349 948/948/948
f 948/948/948 1349/1349/1349 949/949/949
f 1349/1349/1349 1350/1350/1350 949/949/949
f 949/949/949 1350/1350/1350 950/950/950
f 1350/1350/1350 1351/1351/1351 950/950/950
f 950/950/950 1351/1351/1351 951/951/951
f 1351/1351/1351 1352/1352/1352 951/951/951
f 951/951/951 1352/1352/1352 952/952/952
f 1352/1352/1352 1353/1353/1353 952/952/952
f 952/952/952 1353/1353/1353 953/953/953
f 1353/1353/1353 1354/1354/1354 953/953/953
f 953/953/953 1354/1354/1354 954/954/954
f 1354/1354/1354 1355/1355/1355 954/954/954
f 954/954/954 1355/1355/1355 955/955/955
f 1355/1355/1355 1356/1356/1356 955/955/955
f 955/955/955 1356/1356/1356 956/956/956
f 1356/1356/1356 1357/1357/1357 956/956/956
f 956/956/956 1357/1357/1357 957/957/957
f 1357/1357/1357 1358/1358/1358 957/957/957
f 957/957/957 1358/1358/1358 958/958/958
f 1358/1358/1358 1359/1359/1359 958/958/958
f 958/958/958 1359/1359/1359 959/959/959
f 1359/1359/1359 1360/1360/1360 959/959/959
f 959/959/959 1360/1360/1360 960/960/960
f 1360/1360/1360 1361/1361/1361 960/960/960
f 960/960/960 1361/1361/1361 961/961/961
f 1361/1361/1361 1362/1362/1362 961/961/961
f 961/961/961 1362/1362/1362 962/962/962
f 1362/1362/1362 1363/1363/1363 962/962/962
f 962/962/962 1363/1363/1363 963/963/963
f 1363/1363/1363 1364/1364/1364 963/963/963
f 963/963/963 1364/1364/1364 964/964/964
f 1364/1364/1364 1365/1365/1365 964/964/964
f 964/964/964 1365/1365/1365 965/965/965
f 1365/1365/1365 1366/1366/1366 965/965/965
f 965/965/965 1366/1366/1366 966/966/966
f 1366/1366/1366 1367/1367/1367 966/966/966
f 966/966/966 1367/1367/1367 967/967/967
f 1367/1367/1367 1368/1368/1368 967/967/967
f 967/967/967 1368/1368/1368 968/968/968
f 1368/1368/1368 1369/1369/1369 968/968/968
f 968/968/968 1369/1369/1369 969/969/969
f 1369/1369/1369 1370/1370/1370 969/969/969
f 969/969/969 1370/1370/1370 970/970/970
f 1370/1370/1370 1371/1371/1371 970/970/970
f 970/970/970 1371/1371/1371 971/971/971
f 1371/1371/1371 1372/1372/1372 971/971/971
f 971/971/971 1372/1372/1372 972/972/972
f 1372/1372/1372 1373/1373/1373 972/972/972
f 972/972/972 1373/1373/1373 973/973/973
f 1373/1373/1373 1374/1374/1374 973/973/973
f 973/973/973 1374/1374/1374 974/974/974
f 1374/1374/1374 1375/1375/1375 974/974/974
f 974/974/974 1375/1375/1375 975/975/975
f 1375/1375/1375 1376/1376/1376 975/975/975
f 975/975/975 1376/1376/1376 976/976/976
f 1376/1376/1376 1377/1377/1377 976/976/976
f 976/976/976 1377/1377/1377 977/977/977
f 1377/1377/1377 1378/1378/1378 977/977/977
f 977/977/977 1378/1378/1378 978/978/978
f 1378/1378/1378 1379/1379/1379 978/978/978
f 978/978/978 1379/1379/1379 979/979/979
f 1379/1379/1379 1380/1380/1380 979/979/979
f 979/979/979 1380/1380/1380 980/980/980
f 1380/1380/1380 1381/1381/1381 980/980/980
f 980/980/980 1381/1381/1381 981/981/981
f 1381/1381/1381 1382/1382/1382 981/981/981
f 981/981/981 1382/1382/1382 982/982/982
f 1382/1382/1382 1383/1383/1383 982/982/982
f 982/982/982 1383/1383/1383 983/983/983
f 1383/1383/1383 1384/1384/1384 983/983/983
f 983/983/983 1384/1384/1384 984/984/984
f 1384/1384/1384 1385/1385/1385 984/984/984
f 984/984/984 1385/1385/1385 985/985/985
f 1385/1385/1385 1386/1386/1386 985/985/985
f 985/985/985 1386/1386/1386 986/986/986
f 1386/1386/1386 1387/1387/1387 986/986/986
f 986/986/986 1387/1387/1387 987/987/987
f 1387/1387/1387 1388/1388/1388 987/987/987
f 987/987/987 1388/1388/1388 988/988/988
f 1388/1388/1388 1389/1389/1389 988/988/988
f 988/988/988 1389/1389/1389 989/989/989
f 1389/1389/1389 1390/1390/1390 989/989/989
f 989/989/989 1390/1390/1390 990/990/990
f 1390/1390/1390 1391/1391/1391 990/990/990
f 990/990/990 1391/1391/1391 991/991/991
f 1391/1391/1391 1392/1392/1392 991/991/991
f 991/991/991 1392/1392/1392 992/992/992
f 1392/1392/1392 1393/1393/1393 992/992/992
f 992/992/992 1393/1393/1393 993/993/993
f 1393/1393/1393 1394/1394/1394 993/993/993
f 993/993/993 1394/1394/1394 994/994/994
f 1394/1394/1394 1395/1395/1395 994/994/994
f 994/994/994 1395/1395/1395 995/995/995
f 1395/1395/1395 1396/1396/1396 995/995/995
f 995/995/995 1396/1396/1396 996/996/996
f 1396/1396/1396 1397/1397/1397 996/996/996
f 996/996/996 1397/1397/1397 997/997/997
f 1397/1397/1397 1398/1398/1398 997/997/997
f 997/997/997 1398/1398/1398 998/998/998
f 1398/1398/1398 1399/1399/1399 998/998/998
f 998/998/998 1399/1399/1399 999/999/999
f 1399/1399/1399 1400/1400/1400 999/999/999
f 999/999/999 1400/1400/1400 1000/1000/1000
f 1400/1400/1400 1401/1401/1401 1000/1000/1000
f 1000/1000/1000 1401/1401/1401 1001/1001/1001
f 1401/1401/1401 1402/1402/1402 1001/1001/1001
f 1001/1001/1001 1402/1402/1402 1002/1002/1002
f 1402/1402/1402 1403/1403/1403 1002/1002/1002
f 1002/1002/1002 1403/1403/1403 1003/1003/1003
f 1403/1403/1403 1404/1404/1404 1003/1003/1003
f 1003/1003/1003 1404/1404/1404 1004/1004/1004
f 1404/1404/1404 1405/1405/1405 1004/1004/1004
f 1004/1004/1004 1405/1405/1405 1005/1005/1005
f 1405/1405/1405 1406/1406/1406 1005/1005/1005
f 1005/1005/1005 1406/1406/1406 1006/1006/1006
f 1406/1406/1406 1407/1407/1407 1006/1006/1006
f 1006/1006/1006 1407/1407/1407 1007/1007/1007
f 1407/1407/1407 1408/1408/1408 1007/1007/1007
f 1007/1007/1007 1408/1408/1408 1008/1008/1008
f 1408/1408/1408 1409/1409/1409 1008/1008/1008
f 1008/1008/1008 1409/1409/1409 1009/1009/1009
f 1409/1409/1409 1410/1410/1410 1009/1009/1009
f 1009/1009/1009 1410/1410/1410 1010/1010/1010
f 1410/1410/1410 1411/1411/1411 1010/1010/1010
f 1010/1010/1010 1411/1411/1411 1011/1011/1011
f 1411/1411/1411 1412/1412/1412 1011/1011/1011
f 1011/1011/1011 1412/1412/1412 1012/1012/1012
f 1412/1412/1412 1413/1413/1413 1012/1012/1012
f 1012/1012/1012 1413/1413/1413 1013/1013/1013
f 1413/1413/1413 1414/1414/1414 1013/1013/1013
f 1013/1013/1013 1414/1414/1414 1014/1014/1014
f 1414/1414/1414 1415/1415/1415 1014/1014/1014
f 1014/1014/1014 1415/1415/1415 1015/1015/1015
f 1415/1415/1415 1416/1416/1416 1015/1015/1015
f 1015/1015/1015 1416/1416/1416 1016/1016/1016
f 1416/1416/1416 1417/1417/1417 1016/1016/1016
f 1016/1016/1016 1417/1417/1417 1017/1017/1017
f 1417/1417/1417 1418/1418/1418 1017/1017/1017
f 1017/1017/1017 1418/1418/1418 1018/1018/1018
f 1418/1418/1418 1419/1419/1419 1018/1018/1018
f 1018/1018/1018 1419/1419/1419 1019/1019/1019
f 1419/1419/1419 1420/1420/1420 1019/1019/1019
f 1019/1019/1019 1420/1420/1420 1020/1020/1020
f 1420/1420/1420 1421/1421/1421 1020/1020/1020
f 1020/1020/1020 1421/1421/1421 1021/1021/1021
f 1421/1421/1421 1422/1422/1422 1021/1021/1021
f 1021/1021/1021 1422/1422/1422 1022/1022/1022
f 1422/1422/1422 1423/1423/1423 1022/1022/1022
f 1022/1022/1022 1423/1423/1423 1023/1023/1023
f 1423/1423/1423 1424/1424/1424 1023/1023/1023
f 1023/1023/1023 1424/1424/1424 1024/1024/1024
f 1424/1424/1424 1425/1425/1425 1024/1024/1024
f 1024/1024/1024 1425/1425/1425 1025/1025/1025
f 1425/1425/1425 1426/1426/1426 1025/1025/1025
f 1025/1025/1025 1426/1426/1426 1026/1026/1026
f 1426/1426/1426 1427/1427/1427 1026/1026/1026
f 1026/1026/1026 1427/1427/1427 1027/1027/1027
f 1427/1427/1427 1428/1428/1428 1027/1027/1027
f 1027/1027/1027 1428/1428/1428 1028/1028/1028
f 1428/1428/1428 1429/1429/1429 1028/1028/1028
f 1028/1028/1028 1429/1429/1429 1029/1029/1029
f 1429/1429/1429 1430/1430/1430 1029/1029/1029
f 1029/1029/1029 1430/1430/1430 1030/1030/1030
f 1430/1430/1430 1431/1431/1431 1030/1030/1030
f 1030/1030/1030 1431/1431/1431 1031/1031/1031
f 1431/1431/1431 1432/1432/1432 1031/1031/1031
f 1031/1031/1031 1432/1432/1432 1032/1032/1032
f 1432/1432/1432 1433/1433/1433 1032/1032/1032
f 1032/1032/1032 1433/1433/1433 1033/1033/1033
f 1433/1433/1433 1434/1434/1434 1033/1033/1033
f 1033/1033/1033 1434/1434/1434 1034/1034/1034
f 1434/1434/1434 1435/1435/1435 1034/1034/1034
f 1034/1034/1034 1435/1435/1435 1035/1035/1035
f 1435/1435/1435 1436/1436/1436 1035/1035/1035
f 1035/1035/1035 1436/1436/1436 1036/1036/1036
f 1436/1436/1436 1437/1437/1437 1036/1036/1036
f 1036/1036/1036 1437/1437/1437 1037/1037/1037
f 1437/1437/1437 1438/1438/1438 1037/1037/1037
f 1037/1037/1037 1438/1438/1438 1038/1038/1038
f 1438/1438/1438 1439/1439/1439 1038/1038/1038
f 1038/1038/1038 1439/1439/1439 1039/1039/1039
f 1439/1439/1439 1440/1440/1440 1039/1039/1039
f 1039/1039/1039 1440/1440/1440 1040/1040/1040
f 1440/1440/1440 1441/1441/1441 1040/1040/1040
f 1040/1040/1040 1441/1441/1441 1041/1041/1041
f 1441/1441/1441 1442/1442/1442 1041/1041/1041
f 1041/1041/1041 1442/1442/1442 1042/1042/1042
f 1442/1442/1442 1443/1443/1443 1042/1042/1042
f 1042/1042/1042 1443/1443/1443 1043/1043/1043
f 1443/1443/1443 1444/1444/1444 1043/1043/1043
f 1043/1043/1043 1444/1444/1444 1044/1044/1044
f 1444/1444/1444 1445/1445/1445 1044/1044/1044
f 1044/1044/1044 1445/1445/1445 1045/1045/1045
f 1445/1445/1445 1446/1446/1446 1045/1045/1045
f 1045/1045/1045 1446/1446/1446 1046/1046/1046
f 1446/1446/1446 1447/1447/1447 1046/1046/1046
f 1046/1046/1046 1447/1447/1447 1047/1047/1047
f 1447/1447/1447 1448/1448/1448 1047/1047/1047
f 1047/1047/1047 1448/1448/1448 1048/1048/1048
f 1448/1448/1448 1449/1449/1449 1048/1048/1048
f 1048/1048/1048 1449/1449/1449 1049/1049/1049
f 1449/1449/1449 1450/1450/1450 1049/1049/1049
f 1049/1049/1049 1450/1450/1450 1050/1050/1050
f 1450/1450/1450 1451/1451/1451 1050/1050/1050
f 1050/1050/1050 1451/1451/1451 1051/1051/1051
f 1451/1451/1451 1452/1452/1452 1051/1051/1051
f 1051/1051/1051 1452/1452/1452 1052/1052/1052
f 1452/1452/1452 1453/1453/1453 1052/1052/1052
f 1052/1052/1052 1453/1453/1453 1053/1053/1053
f 1453/1453/1453 1454/1454/1454 1053/1053/1053
f 1053/1053/1053 1454/1454/1454 1054/1054/1054
f 1454/1454/1454 1455/1455/1455 1054/1054/1054
f 1054/1054/1054 1455/1455/1455 1055/1055/1055
f 1455/1455/1455 1456/1456/1456 1055/1055/1055
f 1055/1055/1055 1456/1456/1456 1056/1056/1056
f 1456/1456/1456 1457/1457/1457 1056/1056/1056
f 1056/1056/1056 1457/1457/1457 1057/1057/1057
f 1457/1457/1457 1458/1458/1458 1057/1057/1057
f 1057/1057/1057 1458/1458/1458 1058/1058/1058
f 1458/1458/1458 1459/1459/1459 1058/1058/1058
f 1058/1058/1058 1459/1459/1459 1059/1059/1059
f 1459/1459/1459 1460/1460/1460 1059/1059/1059
f 1059/1059/1059 1460/1460/1460 1060/1060/1060
f 1460/1460/1460 1461/1461/1461 1060/1060/1060
f 1060/1060/1060 1461/1461/1461 1061/1061/1061
f 1461/1461/1461 1462/1462/1462 1061/1061/1061
f 1061/1061/1061 1462/1462/1462 1062/1062/1062
f 1462/1462/1462 1463/1463/1463 1062/1062/1062
f 1062/1062/1062 1463/1463/1463 1063/1063/1063
f 1463/1463/1463 1464/1464/1464 1063/1063/1063
f 1063/1063/1063 1464/1464/1464 1064/1064/1064
f 1464/1464/1464 1465/1465/1465 1064/1064/1064
f 1064/1064/1064 1465/1465/1465 1065/1065/1065
f 1465/1465/1465 1466/1466/1466 1065/1065/1065
f 1065/1065/1065 1466/1466/1466 1066/1066/1066
f 1466/1466/1466 1467/1467/1467 1066/1066/1066
f 1066/1066/1066 1467/1467/1467 1067/1067/1067
f 1467/1467/1467 1468/1468/1468 1067/1067/1067
f 1067/1067/1067 1468/1468/1468 1068/1068/1068
f 1468/1468/1468 1469/1469/1469 1068/1068/1068
f 1068/1068/1068 1469/1469/1469 1069/1069/1069
f 1469/1469/1469 1470/1470/1470 1069/1069/1069
f 1069/1069/1069 1470/1470/1470 1070/1070/1070
f 1470/1470/1470 1471/1471/1471 1070/1070/1070
f 1070/1070/1070 1471/1471/1471 1071/1071/1071
f 1471/1471/1471 1472/1472/1472 1071/1071/1071
f 1071/1071/1071 1472/1472/1472 1072/1072/1072
f 1472/1472/1472 1473/1473/1473 1072/1072/1072
f 1072/1072/1072 1473/1473/1473 1073/1073/1073
f 1473/1473/1473 1474/1474/1474 1073/1073/1073
f 1073/1073/1073 1474/1474/1474 1074/1074/1074
f 1474/1474/1474 1475/1475/1475 1074/1074/1074
f 1074/1074/1074 1475/1475/1475 1075/1075/1075
f 1475/1475/1475 1476/1476/1476 1075/1075/1075
f 1075/1075/1075 1476/1476/1476 1076/1076/1076
f 1476/1476/1476 1477/1477/1477 1076/1076/1076
f 1076/1076/1076 1477/1477/1477 1077/1077/1077
f 1477/1477/1477 1478/1478/1478 1077/1077/1077
f 1077/1077/1077 1478/1478/1478 1078/1078/1078
f 1478/1478/1478 1479/1479/1479 1078/1078/1078
f 1078/1078/1078 1479/1479/1479 1079/1079/1079
f 1479/1479/1479 1480/1480/1480 1079/1079/1079
f 1079/1079/1079 1480/1480/1480 1080/1080/1080
f 1480/1480/1480 1481/1481/1481 1080/1080/1080
f 1080/1080/1080 1481/1481/1481 1081/1081/1081
f 1481/1481/1481 1482/1482/1482 1081/1081/1081
f 1081/1081/1081 1482/1482/1482 1082/1082/1082
f 1482/1482/1482 1483/1483/1483 1082/1082/1082
f 1082/1082/1082 1483/1483/1483 1083/1083/1083
f 1483/1483/1483 1484/1484/1484 1083/1083/1083
f 1083/1083/1083 1484/1484/1484 1084/1084/1084
f 1484/1484/1484 1485/1485/1485 1084/1084/1084
f 1084/1084/1084 1485/1485/1485 1085/1085/1085
f 1485/1485/1485 1486/1486/1486 1085/1085/1085
f 1085/1085/1085 1486/1486/1486 1086/1086/1086
f 1486/1486/1486 1487/1487/1487 1086/1086/1086
f 1086/1086/1086 1487/1487/1487 1087/1087/1087
f 1487/1487/1487 1488/1488/1488 1087/1087/1087
f 1087/1087/1087 1488/1488/1488 1088/1088/1088
f 1488/1488/1488 1489/1489/1489 1088/1088/1088
f 1088/1088/1088 1489/1489/1489 1089/1089/1089
f 1489/1489/1489 1490/1490/1490 1089/1089/1089
f 1089/1089/1089 1490/1490/1490 1090/1090/1090
f 1490/1490/1490 1491/1491/1491 1090/1090/1090
f 1090/1090/1090 1491/1491/1491 1091/1091/1091
f 1491/1491/1491 1492/1492/1492 1091/1091/1091
f 1091/1091/1091 1492/1492/1492 1092/1092/1092
f 1492/1492/1492 1493/1493/1493 1092/1092/1092
f 1092/1092/1092 1493/1493/1493 1093/1093/1093
f 1493/1493/1493 1494/1494/1494 1093/1093/1093
f 1093/1093/1093 1494/1494/1494 1094/1094/1094
f 1494/1494/1494 1495/1495/1495 1094/1094/1094
f 1094/1094/1094 1495/1495/1495 1095/1095/1095
f 1495/1495/1495 1496/1496/1496 1095/1095/1095
f 1095/1095/1095 1496/1496/1496 1096/1096/1096
f 1496/1496/1496 1497/1497/1497 1096/1096/1096
f 1096/1096/1096 1497/1497/1497 1097/1097/1097
f 1497/1497/1497 1498/1498/1498 1097/1097/1097
f 1097/1097/1097 1498/1498/1498 1098/1098/1098
f 1498/1498/1498 1499/1499/1499 1098/1098/1098
f 1098/1098/1098 1499/1499/1499 1099/1099/1099
f 1499/1499/1499 1500/1500/1500 1099/1099/1099
f 1099/1099/1099 1500/1500/1500 1100/1100/1100
f 1500/1500/1500 1501/1501/1501 1100/1100/1100
f 1100/1100/1100 1501/1501/1501 1101/1101/1101
f 1501/1501/1501 1502/1502/1502 1101/1101/1101
f 1101/1101/1101 1502/1502/1502 1102/1102/1102
f 1502/1502/1502 1503/1503/1503 1102/1102/1102
f 1102/1102/1102 1503/1503/1503 1103/1103/1103
f 1503/1503/1503 1504/1504/1504 1103/1103/1103
f 1103/1103/1103 1504/1504/1504 1104/1104/1104
f 1504/1504/1504 1505/1505/1505 1104/1104/1104
f 1104/1104/1104 1505/1505/1505 1105/1105/1105
f 1505/1505/1505 1506/1506/1506 1105/1105/1105
f 1105/1105/1105 1506/1506/1506 1106/1106/1106
f 1506/1506/1506 1507/1507/1507 1106/1106/1106
f 1106/1106/1106 1507/1507/1507 1107/1107/1107
f 1507/1507/1507 1508/1508/1508 1107/1107/1107
f 1107/1107/1107 1508/1508/1508 1108/1108/1108
f 1508/1508/1508 1509/1509/1509 1108/1108/1108
f 1108/1108/1108 1509/1509/1509 1109/1109/1109
f 1509/1509/1509 1510/1510/1510 1109/1109/1109
f 1109/1109/1109 1510/1510/1510 1110/1110/1110
f 1510/1510/1510 1511/1511/1511 1110/1110/1110
f 1110/1110/1110 1511/1511/1511 1111/1111/1111
f 1511/1511/1511 1512/1512/1512 1111/1111/1111
f 1111/1111/1111 1512/1512/1512 1112/1112/1112
f 1512/1512/1512 1513/1513/1513 1112/1112/1112
f 1112/1112/1112 1513/1513/1513 1113/1113/1113
f 1513/1513/1513 1514/1514/1514 1113/1113/1113
f 1113/1113/1113 1514/1514/1514 1114/1114/1114
f 1514/1514/1514 1515/1515/1515 1114/1114/1114
f 1114/1114/1114 1515/1515/1515 1115/1115/1115
f 1515/1515/1515 1516/1516/1516 1115/1115/1115
f 1115/1115/1115 1516/1516/1516 1116/1116/1116
f 1516/1516/1516 1517/1517/1517 1116/1116/1116
f 1116/1116/1116 1517/1517/1517 1117/1117/1117
f 1517/1517/1517 1518/1518/1518 1117/1117/1117
f 1117/1117/1117 1518/1518/1518 1118/1118/1118
f 1518/1518/1518 1519/1519/1519 1118/1118/1118
f 1118/1118/1118 1519/1519/1519 1119/1119/1119
f 1519/1519/1519 1520/1520/1520 1119/1119/1119
f 1119/1119/1119 1520/1520/1520 1120/1120/1120
f 1520/1520/1520 1521/1521/1521 1120/1120/1120
f 1120/1120/1120 1521/1521/1521 1121/1121/1121
f 1521/1521/1521 1522/1522/1522 1121/1121/1121
f 1121/1121/1121 1522/1522/1522 1122/1122/1122
f 1522/1522/1522 1523/1523/1523 1122/1122/1122
f 1122/1122/1122 1523/1523/1523 1123/1123/1123
f 1523/1523/1523 1524/1524/1524 1123/1123/1123
f 1123/1123/1123 1524/1524/1524 1124/1124/1124
f 1524/1524/1524 1525/1525/1525 1124/1124/1124
f 1124/1124/1124 1525/1525/1525 1125/1125/1125
f 1525/1525/1525 1526/1526/1526 1125/1125/1125
f 1125/1125/1125 1526/1526/1526 1126/1126/1126
f 1526/1526/1526 1527/1527/1527 1126/1126/1126
f 1126/1126/1126 1527/1527/1527 1127/1127/1127
f 1527/1527/1527 1528/1528/1528 1127/1127/1127
f 1127/1127/1127 1528/1528/1528 1128/1128/1128
f 1528/1528/1528 1529/1529/1529 1128/1128/1128
f 1128/1128/1128 1529/1529/1529 1129/1129/1129
f 1529/1529/1529 1530/1530/1530 1129/1129/1129
f 1129/1129/1129 1530/1530/1530 1130/1130/1130
f 1530/1530/1530 1531/1531/1531 1130/1130/1130
f 1130/1130/1130 1531/1531/1531 1131/1131/1131
f 1531/1531/1531 1532/1532/1532 1131/1131/1131
f 1131/1131/1131 1532/1532/1532 1132/1132/1132
f 1532/1532/1532 1533/1533/1533 1132/1132/1132
f 1132/1132/1132 1533/1533/1533 1133/1133/1133
f 1533/1533/1533 1534/1534/1534 1133/1133/1133
f 1133/1133/1133 1534/1534/1534 1134/1134/1134
f 1534/1534/1534 1535/1535/1535 1134/1134/1134
f 1134/1134/1134 1535/1535/1535 1135/1135/1135
f 1535/1535/1535 1536/1536/1536 1135/1135/1135
f 1135/1135/1135 1536/1536/1536 1136/1136/1136
f 1536/1536/1536 1537/1537/1537 1136/1136/1136
f 1136/1136/1136 1537/1537/1537 1137/1137/1137
f 1537/1537/1537 1538/1538/1538 1137/1137/1137
f 1137/1137/1137 1538/1538/1538 1138/1138/1138
f 1538/1538/1538 1539/1539/1539 1138/1138/1138
f 1138/1138/1138 1539/1539/1539 1139/1139/1139
f 1539/1539/1539 1540/1540/1540 1139/1139/1139
f 1139/1139/1139 1540/1540/1540 1140/1140/1140
f 1540/1540/1540 1541/1541/1541 1140/1140/1140
f 1140/1140/1140 1541/1541/1541 1141/1141/1141
f 1541/1541/1541 1542/1542/1542 1141/1141/1141
f 1141/1141/1141 1542/1542/1542 1142/1142/1142
f 1542/1542/1542 1543/1543/1543 1142/1142/1142
f 1142/1142/1142 1543/1543/1543 1143/1143/1143
f 1543/1543/1543 1544/1544/1544 1143/1143/1143
f 1143/1143/1143 1544/1544/1544 1144/1144/1144
f 1544/1544/1544 1545/1545/1545 1144/1144/1144
f 1144/1144/1144 1545/1545/1545 1145/1145/1145
f 1545/1545/1545 1546/1546/1546 1145/1145/1145
f 1145/1145/1145 1546/1546/1546 1146/1146/1146
f 1546/1546/1546 1547/1547/1547 1146/1146/1146
f 1146/1146/1146 1547/1547/1547 1147/1147/1147
f 1547/1547/1547 1548/1548/1548 1147/1147/1147
f 1147/1147/1147 1548/1548/1548 1148/1148/1148
f 1548/1548/1548 1549/1549/1549 1148/1148/1148
f 1148/1148/1148 1549/1549/1549 1149/1149/1149
f 1549/1549/1549 1550/1550/1550 1149/1149/1149
f 1149/1149/1149 1550/1550/1550 1150/1150/1150
f 1550/1550/1550 1551/1551/1551 1150/1150/1150
f 1150/1150/1150 1551/1551/1551 1151/1151/1151
f 1551/1551/1551 1552/1552/1552 1151/1151/1151
f 1151/1151/1151 1552/1552/1552 1152/1152/1152
f 1552/1552/1552 1553/1553/1553 1152/1152/1152
f 1152/1152/1152 1553/1553/1553 1153/1153/1153
f 1553/1553/1553 1554/1554/1554 1153/1153/1153
f 1153/1153/1153 1554/1554/1554 1154/1154/1154
f 1554/1554/1554 1555/1555/1555 1154/1154/1154
f 1154/1154/1154 1555/1555/1555 1155/1155/1155
f 1555/1555/1555 1556/1556/1556 1155/1155/1155
f 1155/1155/1155 1556/1556/1556 1156/1156/1156
f 1556/1556/1556 1557/1557/1557 1156/1156/1156
f 1156/1156/1156 1557/1557/1557 1157/1157/1157
f 1557/1557/1557 1558/1558/1558 1157/1157/1157
f 1157/1157/1157 1558/1558/1558 1158/1158/1158
f 1558/1558/1558 1559/1559/1559 1158/1158/1158
f 1158/1158/1158 1559/1559/1559 1159/1159/1159
f 1559/1559/1559 1560/1560/1560 1159/1159/1159
f 1159/1159/1159 1560/1560/1560 1160/1160/1160
f 1560/1560/1560 1561/1561/1561 1160/1160/1160
f 1160/1160/1160 1561/1561/1561 1161/1161/1161
f 1561/1561/1561 1562/1562/1562 1161/1161/1161
f 1161/1161/1161 1562/1562/1562 1162/1162/1162
f 1562/1562/1562 1563/1563/1563 1162/1162/1162
f 1162/1162/1162 1563/1563/1563 1163/1163/1163
f 1563/1563/1563 1564/1564/1564 1163/1163/1163
f 1163/1163/1163 1564/1564/1564 1164/1164/1164
f 1564/1564/1564 1565/1565/1565 1164/1164/1164
f 1164/1164/1164 1565/1565/1565 1165/1165/1165
f 1565/1565/1565 1566/1566/1566 1165/1165/1165
f 1165/1165/1165 1566/1566/1566 1166/1166/1166
f 1566/1566/1566 1567/1567/1567 1166/1166/1166
f 1166/1166/1166 1567/1567/1567 1167/1167/1167
f 1567/1567/1567 1568/1568/1568 1167/1167/1167
f 1167/1167/1167 1568/1568/1568 1168/1168/1168
f 1568/1568/1568 1569/1569/1569 1168/1168/1168
f 1168/1168/1168 1569/1569/1569 1169/1169/1169
f 1569/1569/1569 1570/1570/1570 1169/1169/1169
f 1169/1169/1169 1570/1570/1570 1170/1170/1170
f 1570/1570/1570 1571/1571/1571 1170/1170/1170
f 1170/1170/1170 1571/1571/1571 1171/1171/1171
f 1571/1571/1571 1572/1572/1572 1171/1171/1171
f 1171/1171/1171 1572/1572/1572 1172/1172/1172
f 1572/1572/1572 1573/1573/1573 1172/1172/1172
f 1172/1172/1172 1573/1573/1573 1173/1173/1173
f 1573/1573/1573 1574/1574/1574 1173/1173/1173
f 1173/1173/1173 1574/1574/1574 1174/1174/1174
f 1574/1574/1574 1575/1575/1575 1174/1174/1174
f 1174/1174/1174 1575/1575/1575 1175/1175/1175
f 1575/1575/1575 1576/1576/1576 1175/1175/1175
f 1175/1175/1175 1576/1576/1576 1176/1176/1176
f 1576/1576/1576 1577/1577/1577 1176/1176/1176
f 1176/1176/1176 1577/1577/1577 1177/1177/1177
f 1577/1577/1577 1578/1578/1578 1177/1177/1177
f 1177/1177/1177 1578/1578/1578 1178/1178/1178
f 1578/1578/1578 1579/1579/1579 1178/1178/1178
f 1178/1178/1178 1579/1579/1579 1179/1179/1179
f 1579/1579/1579 1580/1580/1580 1179/1179/1179
f 1179/1179/1179 1580/1580/1580 1180/1180/1180
f 1580/1580/1580 1581/1581/1581 1180/1180/1180
f 1180/1180/1180 1581/1581/1581 1181/1181/1181
f 1581/1581/1581 1582/1582/1582 1181/1181/1181
f 1181/1181/1181 1582/1582/1582 1182/1182/1182
f 1582/1582/1582 1583/1583/1583 1182/1182/1182
f 1182/1182/1182 1583/1583/1583 1183/1183/1183
f 1583/1583/1583 1584/1584/1584 1183/1183/1183
f 1183/1183/1183 1584/1584/1584 1184/1184/1184
f 1584/1584/1584 1585/1585/1585 1184/1184/1184
f 1184/1184/1184 1585/1585/1585 1185/1185/1185
f 1585/1585/1585 1586/1586/1586 1185/1185/1185
f 1185/1185/1185 1586/1586/1586 1186/1186/1186
f 1586/1586/1586 1587/1587/1587 1186/1186/1186
f 1186/1186/1186 1587/1587/1587 1187/1187/1187
f 1587/1587/1587 1588/1588/1588 1187/1187/1187
f 1187/1187/1187 1588/1588/1588 1188/1188/1188
f 1588/1588/1588 1589/1589/1589 1188/1188/1188
f 1188/1188/1188 1589/1589/1589 1189/1189/1189
f 1589/1589/1589 1590/1590/1590 1189/1189/1189
f 1189/1189/1189 1590/1590/1590 1190/1190/1190
f 1590/1590/1590 1591/1591/1591 1190/1190/1190
f 1190/1190/1190 1591/1591/1591 1191/1191/1191
f 1591/1591/1591 1592/1592/1592 1191/1191/1191
f 1191/1191/1191 1592/1592/1592 1192/1192/1192
f 1592/1592/1592 1593/1593/1593 1192/1192/1192
f 1192/1192/1192 1593/1593/1593 1193/1193/1193
f 1593/1593/1593 1594/1594/1594 1193/1193/1193
f 1193/1193/1193 1594/1594/1594 1194/1194/1194
f 1594/1594/1594 1595/1595/1595 1194/1194/1194
f 1194/1194/1194 1595/1595/1595 1195/1195/1195
f 1595/1595/1595 1596/1596/1596 1195/1195/1195
f 1195/1195/1195 1596/1596/1596 1196/1196/1196
f 1596/1596/1596 1597/1597/1597 1196/1196/1196
f 1196/1196/1196 1597/1597/1597 1197/1197/1197
f 1597/1597/1597 1598/1598/1598 1197/1197/1197
f 1197/1197/1197 1598/1598/1598 1198/1198/1198
f 1598/1598/1598 1599/1599/1599 1198/1198/1198
f 1198/1198/1198 1599/1599/1599 1199/1199/1199
f 1599/1599/1599 1600/1600/1600 1199/1199/1199
f 1199/1199/1199 1600/1600/1600 1200/1200/1200
f 1600/1600/1600 1201/1201/1201 1200/1200/1200
f 1200/1200/1200 1201/1201/1201 801/801/801
f 2001/2001/2001 2002/2002/2002 1601/1601/1601
f 1601/1601/1601 2002/2002/2002 1602/1602/1602
f 2002/2002/2002 2003/2003/2003 1602/1602/1602
f 1602/1602/1602 2003/2003/2003 1603/1603/1603
f 2003/2003/2003 2004/2004/2004 1603/1603/1603
f 1603/1603/1603 2004/2004/2004 1604/1604/1604
f 2004/2004/2004 2005/2005/2005 1604/1604/1604
f 1604/1604/1604 2005/2005/2005 1605/1605/1605
f 2005/2005/2005 2006/2006/2006 1605/1605/1605
f 1605/1605/1605 2006/2006/2006 1606/1606/1606
f 2006/2006/2006 2007/2007/2007 1606/1606/1606
f 1606/1606/1606 2007/2007/2007 1607/1607/1607
f 2007/2007/2007 2008/2008/2008 1607/1607/1607
f 1607/1607/1607 2008/2008/2008 1608/1608/1608
f 2008/2008/2008 2009/2009/2009 1608/1608/1608
f 1608/1608/1608 2009/2009/2009 1609/1609/1609
f 2009/2009/2009 2010/2010/2010 1609/1609/1609
f 1609/1609/1609 2010/2010/2010 1610/1610/1610
f 2010/2010/2010 2011/2011/2011 1610/1610/1610
f 1610/1610/1610 2011/2011/2011 1611/1611/1611
f 2011/2011/2011 2012/2012/2012 1611/1611/1611
f 1611/1611/1611 2012/2012/2012 1612/1612/1612
f 2012/2012/2012 2013/2013/2013 1612/1612/1612
f 1612/1612/1612 2013/2013/2013 1613/1613/1613
f 2013/2013/2013 2014/2014/2014 1613/1613/1613
f 1613/1613/1613 2014/2014/2014 1614/1614/1614
f 2014/2014/2014 2015/2015/2015 1614/1614/1614
f 1614/1614/1614 2015/2015/2015 1615/1615/1615
f 2015/2015/2015 2016/2016/2016 1615/1615/1615
f 1615/1615/1615 2016/2016/2016 1616/1616/1616
f 2016/2016/2016 2017/2017/2017 1616/1616/1616
f 1616/1616/1616 2017/2017/2017 1617/1617/1617
f 2017/2017/2017 2018/2018/2018 1617/1617/1617
f 1617/1617/1617 2018/2018/2018 1618/1618/1618
f 2018/2018/2018 2019/2019/2019 1618/1618/1618
f 1618/1618/1618 2019/2019/2019 1619/1619/1619
f 2019/2019/2019 2020/2020/2020 1619/1619/1619
f 1619/1619/1619 2020/2020/2020 1620/1620/1620
f 2020/2020/2020 2021/2021/2021 1620/1620/1620
f 1620/1620/1620 2021/2021/2021 1621/1621/1621
f 2021/2021/2021 2022/2022/2022 1621/1621/1621
f 1621/1621/1621 2022/2022/2022 1622/1622/1622
f 2022/2022/2022 2023/2023/2023 1622/1622/1622
f 1622/1622/1622 2023/2023/2023 1623/1623/1623
f 2023/2023/2023 2024/2024/2024 1623/1623/1623
f 1623/1623/1623 2024/2024/2024 1624/1624/1624
f 2024/2024/2024 2025/2025/2025 1624/1624/1624
f 1624/1624/1624 2025/2025/2025 1625/1625/1625
f 2025/2025/2025 2026/2026/2026 1625/1625/1625
f 1625/1625/1625 2026/2026/2026 1626/1626/1626
f 2026/2026/2026 2027/2027/2027 1626/1626/1626
f 1626/1626/1626 2027/2027/2027 1627/1627/1627
f 2027/2027/2027 2028/2028/2028 1627/1627/1627
f 1627/1627/1627 2028/2028/2028 1628/1628/1628
f 2028/2028/2028 2029/2029/2029 1628/1628/1628
f 1628/1628/1628 2029/2029/2029 1629/1629/1629
f 2029/2029/2029 2030/2030/2030 1629/1629/1629
f 1629/1629/1629 2030/2030/2030 1630/1630/1630
f 2030/2030/2030 2031/2031/2031 1630/1630/1630
f 1630/1630/1630 2031/2031/2031 1631/1631/1631
f 2031/2031/2031 2032/2032/2032 1631/1631/1631
f 1631/1631/1631 2032/2032/2032 1632/1632/1632
f 2032/2032/2032 2033/2033/2033 1632/1632/1632
f 1632/1632/1632 2033/2033/2033 1633/1633/1633
f 2033/2033/2033 2034/2034/2034 1633/1633/1633
f 1633/1633/1633 2034/2034/2034 1634/1634/1634
f 2034/2034/2034 2035/2035/2035 1634/1634/1634
f 1634/1634/1634 2035/2035/2035 1635/1635/1635
f 2035/2035/2035 2036/2036/2036 1635/1635/1635
f 1635/1635/1635 2036/2036/2036 1636/1636/1636
f 2036/2036/2036 2037/2037/2037 1636/1636/1636
f 1636/1636/1636 2037/2037/2037 1637/1637/1637
f 2037/2037/2037 2038/2038/2038 1637/1637/1637
f 1637/1637/1637 2038/2038/2038 1638/1638/1638
f 2038/2038/2038 2039/2039/2039 1638/1638/1638
f 1638/1638/1638 2039/2039/2039 1639/1639/1639
f 2039/2039/2039 2040/2040/2040 1639/1639/1639
f 1639/1639/1639 2040/2040/2040 1640/1640/1640
f 2040/2040/2040 2041/2041/2041 1640/1640/1640
f 1640/1640/1640 2041/2041/2041 1641/1641/1641
f 2041/2041/2041 2042/2042/2042 1641/1641/1641
f 1641/1641/1641 2042/2042/2042 1642/1642/1642
f 2042/2042/2042 2043/2043/2043 1642/1642/1642
f 1642/1642/1642 2043/2043/2043 1643/1643/1643
f 2043/2043/2043 2044/2044/2044 1643/1643/1643
f 1643/1643/1643 2044/2044/2044 1644/1644/1644
f 2044/2044/2044 2045/2045/2045 1644/1644/1644
f 1644/1644/1644 2045/2045/2045 1645/1645/1645
f 2045/2045/2045 2046/2046/2046 1645/1645/1645
f 1645/1645/1645 2046/2046/2046 1646/1646/1646
f 2046/2046/2046 2047/2047/2047 1646/1646/1646
f 1646/1646/1646 2047/2047/2047 1647/1647/1647
f 2047/2047/2047 2048/2048/2048 1647/1647/1647
f 1647/1647/1647 2048/2048/2048 1648/1648/1648
f 2048/2048/2048 2049/2049/2049 1648/1648/1648
f 1648/1648/1648 2049/2049/2049 1649/1649/1649
f 2049/2049/2049 2050/2050/2050 1649/1649/1649
f 1649/1649/1649 2050/2050/2050 1650/1650/1650
f 2050/2050/2050 2051/2051/2051 1650/1650/1650
f 1650/1650/1650 2051/2051/2051 1651/1651/1651
f 2051/2051/2051 2052/2052/2052 1651/1651/1651
f 1651/1651/1651 2052/2052/2052 1652/1652/1652
f 2052/2052/2052 2053/2053/2053 1652/1652/1652
f 1652/1652/1652 2053/2053/2053 1653/1653/1653
f 2053/2053/2053 2054/2054/2054 1653/1653/1653
f 1653/1653/1653 2054/2054/2054 1654/1654/1654
f 2054/2054/2054 2055/2055/2055 1654/1654/1654
f 1654/1654/1654 2055/2055/2055 1655/1655/1655
f 2055/2055/2055 2056/2056/2056 1655/1655/1655
f 1655/1655/1655 2056/2056/2056 1656/1656/1656
f 2056/2056/2056 2057/2057/2057 1656/1656/1656
f 1656/1656/1656 2057/2057/2057 1657/1657/1657
f 2057/2057/2057 2058/2058/2058 1657/1657/1657
f 1657/1657/1657 2058/2058/2058 1658/1658/1658
f 2058/2058/2058 2059/2059/2059 1658/1658/1658
f 1658/1658/1658 2059/2059/2059 1659/1659/1659
f 2059/2059/2059 2060/2060/2060 1659/1659/1659
f 1659/1659/1659 2060/2060/2060 1660/1660/1660
f 2060/2060/2060 2061/2061/2061 1660/1660/1660
f 1660/1660/1660 2061/2061/2061 1661/1661/1661
f 2061/2061/2061 2062/2062/2062 1661/1661/1661
f 1661/1661/1661 2062/2062/2062 1662/1662/1662
f 2062/2062/2062 2063/2063/2063 1662/1662/1662
f 1662/1662/1662 2063/2063/2063 1663/1663/1663
f 2063/2063/2063 2064/2064/2064 1663/1663/1663
f 1663/1663/1663 2064/2064/2064 1664/1664/1664
f 2064/2064/2064 2065/2065/2065 1664/1664/1664
f 1664/1664/1664 2065/2065/2065 1665/1665/1665
f 2065/2065/2065 2066/2066/2066 1665/1665/1665
f 1665/1665/1665 2066/2066/2066 1666/1666/1666
f 2066/2066/2066 2067/2067/2067 1666/1666/1666
f 1666/1666/1666 2067/2067/2067 1667/1667/1667
f 2067/2067/2067 2068/2068/2068 1667/1667/1667
f 1667/1667/1667 2068/2068/2068 1668/1668/1668
f 2068/2068/2068 2069/2069/2069 1668/1668/1668
f 1668/1668/1668 2069/2069/2069 1669/1669/1669
f 2069/2069/2069 2070/2070/2070 1669/1669/1669
f 1669/1669/1669 2070/2070/2070 1670/1670/1670
f 2070/2070/2070 2071/2071/2071 1670/1670/1670
f 1670/1670/1670 2071/2071/2071 1671/1671/1671
f 2071/2071/2071 2072/2072/2072 1671/1671/1671
f 1671/1671/1671 2072/2072/2072 1672/1672/1672
f 2072/2072/2072 2073/2073/2073 1672/1672/1672
f 1672/1672/1672 2073/2073/2073 1673/1673/1673
f 2073/2073/2073 2074/2074/2074 1673/1673/1673
f 1673/1673/1673 2074/2074/2074 1674/1674/1674
f 2074/2074/2074 2075/2075/2075 1674/1674/1674
f 1674/1674/1674 2075/2075/2075 1675/1675/1675
f 2075/2075/2075 2076/2076/2076 1675/1675/1675
f 1675/1675/1675 2076/2076/2076 1676/1676/1676
f 2076/2076/2076 2077/2077/2077 1676/1676/1676
f 1676/1676/1676 2077/2077/2077 1677/1677/1677
f 2077/2077/2077 2078/2078/2078 1677/1677/1677
f 1677/1677/1677 2078/2078/2078 1678/1678/1678
f 2078/2078/2078 2079/2079/2079 1678/1678/1678
f 1678/1678/1678 2079/2079/2079 1679/1679/1679
f 2079/2079/2079 2080/2080/2080 1679/1679/1679
f 1679/1679/1679 2080/2080/2080 1680/1680/1680
f 2080/2080/2080 2081/2081/2081 1680/1680/1680
f 1680/1680/1680 2081/2081/2081 1681/1681/1681
f 2081/2081/2081 2082/2082/2082 1681/1681/1681
f 1681/1681/1681 2082/2082/2082 1682/1682/1682
f 2082/2082/2082 2083/2083/2083 1682/1682/1682
f 1682/1682/1682 2083/2083/2083 1683/1683/1683
f 2083/2083/2083 2084/2084/2084 1683/1683/1683
f 1683/1683/1683 2084/2084/2084 1684/1684/1684
f 2084/2084/2084 2085/2085/2085 1684/1684/1684
f 1684/1684/1684 2085/2085/2085 1685/1685/1685
f 2085/2085/2085 2086/2086/2086 1685/1685/1685
f 1685/1685/1685 2086/2086/2086 1686/1686/1686
f 2086/2086/2086 2087/2087/2087 1686/1686/1686
f 1686/1686/1686 2087/2087/2087 1687/1687/1687
f 2087/2087/2087 2088/2088/2088 1687/1687/1687
f 1687/1687/1687 2088/2088/2088 1688/1688/1688
f 2088/2088/2088 2089/2089/2089 1688/1688/1688
f 1688/1688/1688 2089/2089/2089 1689/1689/1689
f 2089/2089/2089 2090/2090/2090 1689/1689/1689
f 1689/1689/1689 2090/2090/2090 1690/1690/1690
f 2090/2090/2090 2091/2091/2091 1690/1690/1690
f 1690/1690/1690 2091/2091/2091 1691/1691/1691
f 2091/2091/2091 2092/2092/2092 1691/1691/1691
f 1691/1691/1691 2092/2092/2092 1692/1692/1692
f 2092/2092/2092 2093/2093/2093 1692/1692/1692
f 1692/1692/1692 2093/2093/2093 1693/1693/1693
f 2093/2093/2093 2094/2094/2094 1693/1693/1693
f 1693/1693/1693 2094/2094/2094 1694/1694/1694
f 2094/2094/2094 2095/2095/2095 1694/1694/1694
f 1694/1694/1694 2095/2095/2095 1695/1695/1695
f 2095/2095/2095 2096/2096/2096 1695/1695/1695
f 1695/1695/1695 2096/2096/2096 1696/1696/1696
f 2096/2096/2096 2097/2097/2097 1696/1696/1696
f 1696/1696/1696 2097/2097/2097 1697/1697/1697
f 2097/2097/2097 2098/2098/2098 1697/1697/1697
f 1697/1697/1697 2098/2098/2098 1698/1698/1698
f 2098/2098/2098 2099/2099/2099 1698/1698/1698
f 1698/1698/1698 2099/2099/2099 1699/1699/1699
f 2099/2099/2099 2100/2100/2100 1699/1699/1699
f 1699/1699/1699 2100/2100/2100 1700/1700/1700
f 2100/2100/2100 2101/2101/2101 1700/1700/1700
f 1700/1700/1700 2101/2101/2101 1701/1701/1701
f 2101/2101/2101 2102/2102/2102 1701/1701/1701
f 1701/1701/1701 2102/2102/2102 1702/1702/1702
f 2102/2102/2102 2103/2103/2103 1702/1702/1702
f 1702/1702/1702 2103/2103/2103 1703/1703/1703
f 2103/2103/2103 2104/2104/2104 1703/1703/1703
f 1703/1703/1703 2104/2104/2104 1704/1704/1704
f 2104/2104/2104 2105/2105/2105 1704/1704/1704
f 1704/1704/1704 2105/2105/2105 1705/1705/1705
f 2105/2105/2105 2106/2106/2106 1705/1705/1705
f 1705/1705/1705 2106/2106/2106 1706/1706/1706
f 2106/2106/2106 2107/2107/2107 1706/1706/1706
f 1706/1706/1706 2107/2107/2107 1707/1707/1707
f 2107/2107/2107 2108/2108/2108 1707/1707/1707
f 1707/1707/1707 2108/2108/2108 1708/1708/1708
f 2108/2108/2108 2109/2109/2109 1708/1708/1708
f 1708/1708/1708 2109/2109/2109 1709/1709/1709
f 2109/2109/2109 2110/2110/2110 1709/1709/1709
f 1709/1709/1709 2110/2110/2110 1710/1710/1710
f 2110/2110/2110 2111/2111/2111 1710/1710/1710
f 1710/1710/1710 2111/2111/2111 1711/1711/1711
f 2111/2111/2111 2112/2112/2112 1711/1711/1711
f 1711/1711/1711 2112/2112/2112 1712/1712/1712
f 2112/2112/2112 2113/2113/2113 1712/1712/1712
f 1712/1712/1712 2113/2113/2113 1713/1713/1713
f 2113/2113/2113 2114/2114/2114 1713/1713/1713
f 1713/1713/1713 2114/2114/2114 1714/1714/1714
f 2114/2114/2114 2115/2115/2115 1714/1714/1714
f 1714/1714/1714 2115/2115/2115 1715/1715/1715
f 2115/2115/2115 2116/2116/2116 1715/1715/1715
f 1715/1715/1715 2116/2116/2116 1716/1716/1716
f 2116/2116/2116 2117/2117/2117 1716/1716/1716
f 1716/1716/1716 2117/2117/2117 1717/1717/1717
f 2117/2117/2117 2118/2118/2118 1717/1717/1717
f 1717/1717/1717 2118/2118/2118 1718/1718/1718
f 2118/2118/2118 2119/2119/2119 1718/1718/1718
f 1718/1718/1718 2119/2119/2119 1719/1719/1719
f 2119/2119/2119 2120/2120/2120 1719/1719/1719
f 1719/1719/1719 2120/2120/2120 1720/1720/1720
f 2120/2120/2120 2121/2121/2121 1720/1720/1720
f 1720/1720/1720 2121/2121/2121 1721/1721/1721
f 2121/2121/2121 2122/2122/2122 1721/1721/1721
f 1721/1721/1721 2122/2122/2122 1722/1722/1722
f 2122/2122/2122 2123/2123/2123 1722/1722/1722
f 1722/1722/1722 2123/2123/2123 1723/1723/1723
f 2123/2123/2123 2124/2124/2124 1723/1723/1723
f 1723/1723/1723 2124/2124/2124 1724/1724/1724
f 2124/2124/2124 2125/2125/2125 1724/1724/1724
f 1724/1724/1724 2125/2125/2125 1725/1725/1725
f 2125/2125/2125 2126/2126/2126 1725/1725/1725
f 1725/1725/1725 2126/2126/2126 1726/1726/1726
f 2126/2126/2126 2127/2127/2127 1726/1726/1726
f 1726/1726/1726 2127/2127/2127 1727/1727/1727
f 2127/2127/2127 2128/2128/2128 1727/1727/1727
f 1727/1727/1727 2128/2128/2128 1728/1728/1728
f 2128/2128/2128 2129/2129/2129 1728/1728/1728
f 1728/1728/1728 2129/2129/2129 1729/1729/1729
f 2129/2129/2129 2130/2130/2130 1729/1729/1729
f 1729/1729/1729 2130/2130/2130 1730/1730/1730
f 2130/2130/2130 2131/2131/2131 1730/1730/1730
f 1730/1730/1730 2131/2131/2131 1731/1731/1731
f 2131/2131/2131 2132/2132/2132 1731/1731/1731
f 1731/1731/1731 2132/2132/2132 1732/1732/1732
f 2132/2132/2132 2133/2133/2133 1732/1732/1732
f 1732/1732/1732 2133/2133/2133 1733/1733/1733
f 2133/2133/2133 2134/2134/2134 1733/1733/1733
f 1733/1733/1733 2134/2134/2134 1734/1734/1734
f 2134/2134/2134 2135/2135/2135 1734/1734/1734
f 1734/1734/1734 2135/2135/2135 1735/1735/1735
f 2135/2135/2135 2136/2136/2136 1735/1735/1735
f 1735/1735/1735 2136/2136/2136 1736/1736/1736
f 2136/2136/2136 2137/2137/2137 1736/1736/1736
f 1736/1736/1736 2137/2137/2137 1737/1737/1737
f 2137/2137/2137 2138/2138/2138 1737/1737/1737
f 1737/1737/1737 2138/2138/2138 1738/1738/1738
f 2138/2138/2138 2139/2139/2139 1738/1738/1738
f 1738/1738/1738 2139/2139/2139 1739/1739/1739
f 2139/2139/2139 2140/2140/2140 1739/1739/1739
f 1739/1739/1739 2140/2140/2140 1740/1740/1740
f 2140/2140/2140 2141/2141/2141 1740/1740/1740
f 1740/1740/1740 2141/2141/2141 1741/1741/1741
f 2141/2141/2141 2142/2142/2142 1741/1741/1741
f 1741/1741/1741 2142/2142/2142 1742/1742/1742
f 2142/2142/2142 2143/2143/2143 1742/1742/1742
f 1742/1742/1742 2143/2143/2143 1743/1743/1743
f 2143/2143/2143 2144/2144/2144 1743/1743/1743
f 1743/1743/1743 2144/2144/2144 1744/1744/1744
f 2144/2144/2144 2145/2145/2145 1744/1744/1744
f 1744/1744/1744 2145/2145/2145 1745/1745/1745
f 2145/2145/2145 2146/2146/2146 1745/1745/1745
f 1745/1745/1745 2146/2146/2146 1746/1746/1746
f 2146/2146/2146 2147/2147/2147 1746/1746/1746
f 1746/1746/1746 2147/2147/2147 1747/1747/1747
f 2147/2147/2147 2148/2148/2148 1747/1747/1747
f 1747/1747/1747 2148/2148/2148 1748/1748/1748
f 2148/2148/2148 2149/2149/2149 1748/1748/1748
f 1748/1748/1748 2149/2149/2149 1749/1749/1749
f 2149/2149/2149 2150/2150/2150 1749/1749/1749
f 1749/1749/1749 2150/2150/2150 1750/1750/1750
f 2150/2150/2150 2151/2151/2151 1750/1750/1750
f 1750/1750/1750 2151/2151/2151 1751/1751/1751
f 2151/2151/2151 2152/2152/2152 1751/1751/1751
f 1751/1751/1751 2152/2152/2152 1752/1752/1752
f 2152/2152/2152 2153/2153/2153 1752/1752/1752
f 1752/1752/1752 2153/2153/2153 1753/1753/1753
f 2153/2153/2153 2154/2154/2154 1753/1753/1753
f 1753/1753/1753 2154/2154/2154 1754/1754/1754
f 2154/2154/2154 2155/2155/2155 1754/1754/1754
f 1754/1754/1754 2155/2155/2155 1755/1755/1755
f 2155/2155/2155 2156/2156/2156 1755/1755/1755
f 1755/1755/1755 2156/2156/2156 1756/1756/1756
f 2156/2156/2156 2157/2157/2157 1756/1756/1756
f 1756/1756/1756 2157/2157/2157 1757/1757/1757
f 2157/2157/2157 2158/2158/2158 1757/1757/1757
f 1757/1757/1757 2158/2158/2158 1758/1758/1758
f 2158/2158/2158 2159/2159/2159 1758/1758/1758
f 1758/1758/1758 2159/2159/2159 1759/1759/1759
f 2159/2159/2159 2160/2160/2160 1759/1759/1759
f 1759/1759/1759 2160/2160/2160 1760/1760/1760
f 2160/2160/2160 2161/2161/2161 1760/1760/1760
f 1760/1760/1760 2161/2161/2161 1761/1761/1761
f 2161/2161/2161 2162/2162/2162 1761/1761/1761
f 1761/1761/1761 2162/2162/2162 1762/1762/1762
f 2162/2162/2162 2163/2163/2163 1762/1762/1762
f 1762/1762/1762 2163/2163/2163 1763/1763/1763
f 2163/2163/2163 2164/2164/2164 1763/1763/1763
f 1763/1763/1763 2164/2164/2164 1764/1764/1764
f 2164/2164/2164 2165/2165/2165 1764/1764/1764
f 1764/1764/1764 2165/2165/2165 1765/1765/1765
f 2165/2165/2165 2166/2166/2166 1765/1765/1765
f 1765/1765/1765 2166/2166/2166 1766/1766/1766
f 2166/2166/2166 2167/2167/2167 1766/1766/1766
f 1766/1766/1766 2167/2167/2167 1767/1767/1767
f 2167/2167/2167 2168/2168/2168 1767/1767/1767
f 1767/1767/1767 2168/2168/2168 1768/1768/1768
f 2168/2168/2168 2169/2169/2169 1768/1768/1768
f 1768/1768/1768 2169/2169/2169 1769/1769/1769
f 2169/2169/2169 2170/2170/2170 1769/1769/1769
f 1769/1769/1769 2170/2170/2170 1770/1770/1770
f 2170/2170/2170 2171/2171/2171 1770/1770/1770
f 1770/1770/1770 2171/2171/2171 1771/1771/1771
f 2171/2171/2171 2172/2172/2172 1771/1771/1771
f 1771/1771/1771 2172/2172/2172 1772/1772/1772
f 2172/2172/2172 2173/2173/2173 1772/1772/1772
f 1772/1772/1772 2173/2173/2173 1773/1773/1773
f 2173/2173/2173 2174/2174/2174 1773/1773/1773
f 1773/1773/1773 2174/2174/2174 1774/1774/1774
f 2174/2174/2174 2175/2175/2175 1774/1774/1774
f 1774/1774/1774 2175/2175/2175 1775/1775/1775
f 2175/2175/2175 2176/2176/2176 1775/1775/1775
f 1775/1775/1775 2176/2176/2176 1776/1776/1776
f 2176/2176/2176 2177/2177/2177 1776/1776/1776
f 1776/1776/1776 2177/2177/2177 1777/1777/1777
f 2177/2177/2177 2178/2178/2178 1777/1777/1777
f 1777/1777/1777 2178/2178/2178 1778/1778/1778
f 2178/2178/2178 2179/2179/2179 1778/1778/1778
f 1778/1778/1778 2179/2179/2179 1779/1779/1779
f 2179/2179/2179 2180/2180/2180 1779/1779/1779
f 1779/1779/1779 2180/2180/2180 1780/1780/1780
f 2180/2180/2180 2181/2181/2181 1780/1780/1780
f 1780/1780/1780 2181/2181/2181 1781/1781/1781
f 2181/2181/2181 2182/2182/2182 1781/1781/1781
f 1781/1781/1781 2182/2182/2182 1782/1782/1782
f 2182/2182/2182 2183/2183/2183 1782/1782/1782
f 1782/1782/1782 2183/2183/2183 1783/1783/1783
f 2183/2183/2183 2184/2184/2184 1783/1783/1783
f 1783/1783/1783 2184/2184/2184 1784/1784/1784
f 2184/2184/2184 2185/2185/2185 1784/1784/1784
f 1784/1784/1784 2185/2185/2185 1785/1785/1785
f 2185/2185/2185 2186/2186/2186 1785/1785/1785
f 1785/1785/1785 2186/2186/2186 1786/1786/1786
f 2186/2186/2186 2187/2187/2187 1786/1786/1786
f 1786/1786/1786 2187/2187/2187 1787/1787/1787
f 2187/2187/2187 2188/2188/2188 1787/1787/1787
f 1787/1787/1787 2188/2188/2188 1788/1788/1788
f 2188/2188/2188 2189/2189/2189 1788/1788/1788
f 1788/1788/1788 2189/2189/2189 1789/1789/1789
f 2189/2189/2189 2190/2190/2190 1789/1789/1789
f 1789/1789/1789 2190/2190/2190 1790/1790/1790
f 2190/2190/2190 2191/2191/2191 1790/1790/1790
f 1790/1790/1790 2191/2191/2191 1791/1791/1791
f 2191/2191/2191 2192/2192/2192 1791/1791/1791
f 1791/1791/1791 2192/2192/2192 1792/1792/1792
f 2192/2192/2192 2193/2193/2193 1792/1792/1792
f 1792/1792/1792 2193/2193/2193 1793/1793/1793
f 2193/2193/2193 2194/2194/2194 1793/1793/1793
f 1793/1793/1793 2194/2194/2194 1794/1794/1794
f 2194/2194/2194 2195/2195/2195 1794/1794/1794
f 1794/1794/1794 2195/2195/2195 1795/1795/1795
f 2195/2195/2195 2196/2196/2196 1795/1795/1795
f 1795/1795/1795 2196/2196/2196 1796/1796/1796
f 2196/2196/2196 2197/2197/2197 1796/1796/1796
f 1796/1796/1796 2197/2197/2197 1797/1797/1797
f 2197/2197/2197 2198/2198/2198 1797/1797/1797
f 1797/1797/1797 2198/2198/2198 1798/1798/1798
f 2198/2198/2198 2199/2199/2199 1798/1798/1798
f 1798/1798/1798 2199/2199/2199 1799/1799/1799
f 2199/2199/2199 2200/2200/2200 1799/1799/1799
f 1799/1799/1799 2200/2200/2200 1800/1800/1800
f 2200/2200/2200 2201/2201/2201 1800/1800/1800
f 1800/1800/1800 2201/2201/2201 1801/1801/1801
f 2201/2201/2201 2202/2202/2202 1801/1801/1801
f 1801/1801/1801 2202/2202/2202 1802/1802/1802
f 2202/2202/2202 2203/2203/2203 1802/1802/1802
f 1802/1802/1802 2203/2203/2203 1803/1803/1803
f 2203/2203/2203 2204/2204/2204 1803/1803/1803
f 1803/1803/1803 2204/2204/2204 1804/1804/1804
f 2204/2204/2204 2205/2205/2205 1804/1804/1804
f 1804/1804/1804 2205/2205/2205 1805/1805/1805
f 2205/2205/2205 2206/2206/2206 1805/1805/1805
f 1805/1805/1805 2206/2206/2206 1806/1806/1806
f 2206/2206/2206 2207/2207/2207 1806/1806/1806
f 1806/1806/1806 2207/2207/2207 1807/1807/1807
f 2207/2207/2207 2208/2208/2208 1807/1807/1807
f 1807/1807/1807 2208/2208/2208 1808/1808/1808
f 2208/2208/2208 2209/2209/2209 1808/1808/1808
f 1808/1808/1808 2209/2209/2209 1809/1809/1809
f 2209/2209/2209 2210/2210/2210 1809/1809/1809
f 1809/1809/1809 2210/2210/2210 1810/1810/1810
f 2210/2210/2210 2211/2211/2211 1810/1810/1810
f 1810/1810/1810 2211/2211/2211 1811/1811/1811
f 2211/2211/2211 2212/2212/2212 1811/1811/1811
f 1811/1811/1811 2212/2212/2212 1812/1812/1812
f 2212/2212/2212 2213/2213/2213 1812/1812/1812
f 1812/1812/1812 2213/2213/2213 1813/1813/1813
f 2213/2213/2213 2214/2214/2214 1813/1813/1813
f 1813/1813/1813 2214/2214/2214 1814/1814/1814
f 2214/2214/2214 2215/2215/2215 1814/1814/1814
f 1814/1814/1814 2215/2215/2215 1815/1815/1815
f 2215/2215/2215 2216/2216/2216 1815/1815/1815
f 1815/1815/1815 2216/2216/2216 1816/1816/1816
f 2216/2216/2216 2217/2217/2217 1816/1816/1816
f 1816/1816/1816 2217/2217/2217 1817/1817/1817
f 2217/2217/2217 2218/2218/2218 1817/1817/1817
f 1817/1817/1817 2218/2218/2218 1818/1818/1818
f 2218/2218/2218 2219/2219/2219 1818/1818/1818
f 1818/1818/1818 2219/2219/2219 1819/1819/1819
f 2219/2219/2219 2220/2220/2220 1819/1819/1819
f 1819/1819/1819 2220/2220/2220 1820/1820/1820
f 2220/2220/2220 2221/2221/2221 1820/1820/1820
f 1820/1820/1820 2221/2221/2221 1821/1821/1821
f 2221/2221/2221 2222/2222/2222 1821/1821/1821
f 1821/1821/1821 2222/2222/2222 1822/1822/1822
f 2222/2222/2222 2223/2223/2223 1822/1822/1822
f 1822/1822/1822 2223/2223/2223 1823/1823/1823
f 2223/2223/2223 2224/2224/2224 1823/1823/1823
f 1823/1823/1823 2224/2224/2224 1824/1824/1824
f 2224/2224/2224 2225/2225/2225 1824/1824/1824
f 1824/1824/1824 2225/2225/2225 1825/1825/1825
f 2225/2225/2225 2226/2226/2226 1825/1825/1825
f 1825/1825/1825 2226/2226/2226 1826/1826/1826
f 2226/2226/2226 2227/2227/2227 1826/1826/1826
f 1826/1826/1826 2227/2227/2227 1827/1827/1827
f 2227/2227/2227 2228/2228/2228 1827/1827/1827
f 1827/1827/1827 2228/2228/2228 1828/1828/1828
f 2228/2228/2228 2229/2229/2229 1828/1828/1828
f 1828/1828/1828 2229/2229/2229 1829/1829/1829
f 2229/2229/2229 2230/2230/2230 1829/1829/1829
f 1829/1829/1829 2230/2230/2230 1830/1830/1830
f 2230/2230/2230 2231/2231/2231 1830/1830/1830
f 1830/1830/1830 2231/2231/2231 1831/1831/1831
f 2231/2231/2231 2232/2232/2232 1831/1831/1831
f 1831/1831/1831 2232/2232/2232 1832/1832/1832
f 2232/2232/2232 2233/2233/2233 1832/1832/1832
f 1832/1832/1832 2233/2233/2233 1833/1833/1833
f 2233/2233/2233 2234/2234/2234 1833/1833/1833
f 1833/1833/1833 2234/2234/2234 1834/1834/1834
f 2234/2234/2234 2235/2235/2235 1834/1834/1834
f 1834/1834/1834 2235/2235/2235 1835/1835/1835
f 2235/2235/2235 2236/2236/2236 1835/1835/1835
f 1835/1835/1835 2236/2236/2236 1836/1836/1836
f 2236/2236/2236 2237/2237/2237 1836/1836/1836
f 1836/1836/1836 2237/2237/2237 1837/1837/1837
f 2237/2237/2237 2238/2238/2238 1837/1837/1837
f 1837/1837/1837 2238/2238/2238 1838/1838/1838
f 2238/2238/2238 2239/2239/2239 1838/1838/1838
f 1838/1838/1838 2239/2239/2239 1839/1839/1839
f 2239/2239/2239 2240/2240/2240 1839/1839/1839
f 1839/1839/1839 2240/2240/2240 1840/1840/1840
f 2240/2240/2240 2241/2241/2241 1840/1840/1840
f 1840/1840/1840 2241/2241/2241 1841/1841/1841
f 2241/2241/2241 2242/2242/2242 1841/1841/1841
f 1841/1841/1841 2242/2242/2242 1842/1842/1842
f 2242/2242/2242 2243/2243/2243 1842/1842/1842
f 1842/1842/1842 2243/2243/2243 1843/1843/1843
f 2243/2243/2243 2244/2244/2244 1843/1843/1843
f 1843/1843/1843 2244/2244/2244 1844/1844/1844
f 2244/2244/2244 2245/2245/2245 1844/1844/1844
f 1844/1844/1844 2245/2245/2245 1845/1845/1845
f 2245/2245/2245 2246/2246/2246 1845/1845/1845
f 1845/1845/1845 2246/2246/2246 1846/1846/1846
f 2246/2246/2246 2247/2247/2247 1846/1846/1846
f 1846/1846/1846 2247/2247/2247 1847/1847/1847
f 2247/2247/2247 2248/2248/2248 1847/1847/1847
f 1847/1847/1847 2248/2248/2248 1848/1848/1848
f 2248/2248/2248 2249/2249/2249 1848/1848/1848
f 1848/1848/1848 2249/2249/2249 1849/1849/1849
f 2249/2249/2249 2250/2250/2250 1849/1849/1849
f 1849/1849/1849 2250/2250/2250 1850/1850/1850
f 2250/2250/2250 2251/2251/2251 1850/1850/1850
f 1850/1850/1850 2251/2251/2251 1851/1851/1851
f 2251/2251/2251 2252/2252/2252 1851/1851/1851
f 1851/1851/1851 2252/2252/2252 1852/1852/1852
f 2252/2252/2252 2253/2253/2253 1852/1852/1852
f 1852/1852/1852 2253/2253/2253 1853/1853/1853
f 2253/2253/2253 2254/2254/2254 1853/1853/1853
f 1853/1853/1853 2254/2254/2254 1854/1854/1854
f 2254/2254/2254 2255/2255/2255 1854/1854/1854
f 1854/1854/1854 2255/2255/2255 1855/1855/1855
f 2255/2255/2255 2256/2256/2256 1855/1855/1855
f 1855/1855/1855 2256/2256/2256 1856/1856/1856
f 2256/2256/2256 2257/2257/2257 1856/1856/1856
f 1856/1856/1856 2257/2257/2257 1857/1857/1857
f 2257/2257/2257 2258/2258/2258 1857/1857/1857
f 1857/1857/1857 2258/2258/2258 1858/1858/1858
f 2258/2258/2258 2259/2259/2259 1858/1858/1858
f 1858/1858/1858 2259/2259/2259 1859/1859/1859
f 2259/2259/2259 2260/2260/2260 1859/1859/1859
f 1859/1859/1859 2260/2260/2260 1860/1860/1860
f 2260/2260/2260 2261/2261/2261 1860/1860/1860
f 1860/1860/1860 2261/2261/2261 1861/1861/1861
f 2261/2261/2261 2262/2262/2262 1861/1861/1861
f 1861/1861/1861 2262/2262/2262 1862/1862/1862
f 2262/2262/2262 2263/2263/2263 1862/1862/1862
f 1862/1862/1862 2263/2263/2263 1863/1863/1863
f 2263/2263/2263 2264/2264/2264 1863/1863/1863
f 1863/1863/1863 2264/2264/2264 1864/1864/1864
f 2264/2264/2264 2265/2265/2265 1864/1864/1864
f 1864/1864/1864 2265/2265/2265 1865/1865/1865
f 2265/2265/2265 2266/2266/2266 1865/1865/1865
f 1865/1865/1865 2266/2266/2266 1866/1866/1866
f 2266/2266/2266 2267/2267/2267 1866/1866/1866
f 1866/1866/1866 2267/2267/2267 1867/1867/1867
f 2267/2267/2267 2268/2268/2268 1867/1867/1867
f 1867/1867/1867 2268/2268/2268 1868/1868/1868
f 2268/2268/2268 2269/2269/2269 1868/1868/1868
f 1868/1868/1868 2269/2269/2269 1869/1869/1869
f 2269/2269/2269 2270/2270/2270 1869/1869/1869
f 1869/1869/1869 2270/2270/2270 1870/1870/1870
f 2270/2270/2270 2271/2271/2271 1870/1870/1870
f 1870/1870/1870 2271/2271/2271 1871/1871/1871
f 2271/2271/2271 2272/2272/2272 1871/1871/1871
f 1871/1871/1871 2272/2272/2272 1872/1872/1872
f 2272/2272/2272 2273/2273/2273 1872/1872/1872
f 1872/1872/1872 2273/2273/2273 1873/1873/1873
f 2273/2273/2273 2274/2274/2274 1873/1873/1873
f 1873/1873/1873 2274/2274/2274 1874/1874/1874
f 2274/2274/2274 2275/2275/2275 1874/1874/1874
f 1874/1874/1874 2275/2275/2275 1875/1875/1875
f 2275/2275/2275 2276/2276/2276 1875/1875/1875
f 1875/1875/1875 2276/2276/2276 1876/1876/1876
f 2276/2276/2276 2277/2277/2277 1876/1876/1876
f 1876/1876/1876 2277/2277/2277 1877/1877/1877
f 2277/2277/2277 2278/2278/2278 1877/1877/1877
f 1877/1877/1877 2278/2278/2278 1878/1878/1878
f 2278/2278/2278 2279/2279/2279 1878/1878/1878
f 1878/1878/1878 2279/2279/2279 1879/1879/1879
f 2279/2279/2279 2280/2280/2280 1879/1879/1879
f 1879/1879/1879 2280/2280/2280 1880/1880/1880
f 2280/2280/2280 2281/2281/2281 1880/1880/1880
f 1880/1880/1880 2281/2281/2281 1881/1881/1881
f 2281/2281/2281 2282/2282/2282 1881/1881/1881
f 1881/1881/1881 2282/2282/2282 1882/1882/1882
f 2282/2282/2282 2283/2283/2283 1882/1882/1882
f 1882/1882/1882 2283/2283/2283 1883/1883/1883
f 2283/2283/2283 2284/2284/2284 1883/1883/1883
f 1883/1883/1883 2284/2284/2284 1884/1884/1884
f 2284/2284/2284 2285/2285/2285 1884/1884/1884
f 1884/1884/1884 2285/2285/2285 1885/1885/1885
f 2285/2285/2285 2286/2286/2286 1885/1885/1885
f 1885/1885/1885 2286/2286/2286 1886/1886/1886
f 2286/2286/2286 2287/2287/2287 1886/1886/1886
f 1886/1886/1886 2287/2287/2287 1887/1887/1887
f 2287/2287/2287 2288/2288/2288 1887/1887/1887
f 1887/1887/1887 2288/2288/2288 1888/1888/1888
f 2288/2288/2288 2289/2289/2289 1888/1888/1888
f 1888/1888/1888 2289/2289/2289 1889/1889/1889
f 2289/2289/2289 2290/2290/2290 1889/1889/1889
f 1889/1889/1889 2290/2290/2290 1890/1890/1890
f 2290/2290/2290 2291/2291/2291 1890/1890/1890
f 1890/1890/1890 2291/2291/2291 1891/1891/1891
f 2291/2291/2291 2292/2292/2292 1891/1891/1891
f 1891/1891/1891 2292/2292/2292 1892/1892/1892
f 2292/2292/2292 2293/2293/2293 1892/1892/1892
f 1892/1892/1892 2293/2293/2293 1893/1893/1893
f 2293/2293/2293 2294/2294/2294 1893/1893/1893
f 1893/1893/1893 2294/2294/2294 1894/1894/1894
f 2294/2294/2294 2295/2295/2295 1894/1894/1894
f 1894/1894/1894 2295/2295/2295 1895/1895/1895
f 2295/2295/2295 2296/2296/2296 1895/1895/1895
f 1895/1895/1895 2296/2296/2296 1896/1896/1896
f 2296/2296/2296 2297/2297/2297 1896/1896/1896
f 1896/1896/1896 2297/2297/2297 1897/1897/1897
f 2297/2297/2297 2298/2298/2298 1897/1897/1897
f 1897/1897/1897 2298/2298/2298 1898/1898/1898
f 2298/2298/2298 2299/2299/2299 1898/1898/1898
f 1898/1898/1898 2299/2299/2299 1899/1899/1899
f 2299/2299/2299 2300/2300/2300 1899/1899/1899
f 1899/1899/1899 2300/2300/2300 1900/1900/1900
f 2300/2300/2300 2301/2301/2301 1900/1900/1900
f 1900/1900/1900 2301/2301/2301 1901/1901/1901
f 2301/2301/2301 2302/2302/2302 1901/1901/1901
f 1901/1901/1901 2302/2302/2302 1902/1902/1902
f 2302/2302/2302 2303/2303/2303 1902/1902/1902
f 1902/1902/1902 2303/2303/2303 1903/1903/1903
f 2303/2303/2303 2304/2304/2304 1903/1903/1903
f 1903/1903/1903 2304/2304/2304 1904/1904/1904
f 2304/2304/2304 2305/2305/2305 1904/1904/1904
f 1904/1904/1904 2305/2305/2305 1905/1905/1905
f 2305/2305/2305 2306/2306/2306 1905/1905/1905
f 1905/1905/1905 2306/2306/2306 1906/1906/1906
f 2306/2306/2306 2307/2307/2307 1906/1906/1906
f 1906/1906/1906 2307/2307/2307 1907/1907/1907
f 2307/2307/2307 2308/2308/2308 1907/1907/1907
f 1907/1907/1907 2308/2308/2308 1908/1908/1908
f 2308/2308/2308 2309/2309/2309 1908/1908/1908
f 1908/1908/1908 2309/2309/2309 1909/1909/1909
f 2309/2309/2309 2310/2310/2310 1909/1909/1909
f 1909/1909/1909 2310/2310/2310 1910/1910/1910
f 2310/2310/2310 2311/2311/2311 1910/1910/1910
f 1910/1910/1910 2311/2311/2311 1911/1911/1911
f 2311/2311/2311 2312/2312/2312 1911/1911/1911
f 1911/1911/1911 2312/2312/2312 1912/1912/1912
f 2312/2312/2312 2313/2313/2313 1912/1912/1912
f 1912/1912/1912 2313/2313/2313 1913/1913/1913
f 2313/2313/2313 2314/2314/2314 1913/1913/1913
f 1913/1913/1913 2314/2314/2314 1914/1914/1914
f 2314/2314/2314 2315/2315/2315 1914/1914/1914
f 1914/1914/1914 2315/2315/2315 1915/1915/1915
f 2315/2315/2315 2316/2316/2316 1915/1915/1915
f 1915/1915/1915 2316/2316/2316 1916/1916/1916
f 2316/2316/2316 2317/2317/2317 1916/1916/1916
f 1916/1916/1916 2317/2317/2317 1917/1917/1917
f 2317/2317/2317 2318/2318/2318 1917/1917/1917
f 1917/1917/1917 2318/2318/2318 1918/1918/1918
f 2318/2318/2318 2319/2319/2319 1918/1918/1918
f 1918/1918/1918 2319/2319/2319 1919/1919/1919
f 2319/2319/2319 2320/2320/2320 1919/1919/1919
f 1919/1919/1919 2320/2320/2320 1920/1920/1920
f 2320/2320/2320 2321/2321/2321 1920/1920/1920
f 1920/1920/1920 2321/2321/2321 1921/1921/1921
f 2321/2321/2321 2322/2322/2322 1921/1921/1921
f 1921/1921/1921 2322/2322/2322 1922/1922/1922
f 2322/2322/2322 2323/2323/2323 1922/1922/1922
f 1922/1922/1922 2323/2323/2323 1923/1923/1923
f 2323/2323/2323 2324/2324/2324 1923/1923/1923
f 1923/1923/1923 2324/2324/2324 1924/1924/1924
f 2324/2324/2324 2325/2325/2325 1924/1924/1924
f 1924/1924/1924 2325/2325/2325 1925/1925/1925
f 2325/2325/2325 2326/2326/2326 1925/1925/1925
f 1925/1925/1925 2326/2326/2326 1926/1926/1926
f 2326/2326/2326 2327/2327/2327 1926/1926/1926
f 1926/1926/1926 2327/2327/2327 1927/1927/1927
f 2327/2327/2327 2328/2328/2328 1927/1927/1927
f 1927/1927/1927 2328/2328/2328 1928/1928/1928
f 2328/2328/2328 2329/2329/2329 1928/1928/1928
f 1928/1928/1928 2329/2329/2329 1929/1929/1929
f 2329/2329/2329 2330/2330/2330 1929/1929/1929
f 1929/1929/1929 2330/2330/2330 1930/1930/1930
f 2330/2330/2330 2331/2331/2331 1930/1930/1930
f 1930/1930/1930 2331/2331/2331 1931/1931/1931
f 2331/2331/2331 2332/2332/2332 1931/1931/1931
f 1931/1931/1931 2332/2332/2332 1932/1932/1932
f 2332/2332/2332 2333/2333/2333 1932/1932/1932
f 1932/1932/1932 2333/2333/2333 1933/1933/1933
f 2333/2333/2333 2334/2334/2334 1933/1933/1933
f 1933/1933/1933 2334/2334/2334 1934/1934/1934
f 2334/2334/2334 2335/2335/2335 1934/1934/1934
f 1934/1934/1934 2335/2335/2335 1935/1935/1935
f 2335/2335/2335 2336/2336/2336 1935/1935/1935
f 1935/1935/1935 2336/2336/2336 1936/1936/1936
f 2336/2336/2336 2337/2337/2337 1936/1936/1936
f 1936/1936/1936 2337/2337/2337 1937/1937/1937
f 2337/2337/2337 2338/2338/2338 1937/1937/1937
f 1937/1937/1937 2338/2338/2338 1938/1938/1938
f 2338/2338/2338 2339/2339/2339 1938/1938/1938
f 1938/1938/1938 2339/2339/2339 1939/1939/1939
f 2339/2339/2339 2340/2340/2340 1939/1939/1939
f 1939/1939/1939 2340/2340/2340 1940/1940/1940
f 2340/2340/2340 2341/2341/2341 1940/1940/1940
f 1940/1940/1940 2341/2341/2341 1941/1941/1941
f 2341/2341/2341 2342/2342/2342 1941/1941/1941
f 1941/1941/1941 2342/2342/2342 1942/1942/1942
f 2342/2342/2342 2343/2343/2343 1942/1942/1942
f 1942/1942/1942 2343/2343/2343 1943/1943/1943
f 2343/2343/2343 2344/2344/2344 1943/1943/1943
f 1943/1943/1943 2344/2344/2344 1944/1944/1944
f 2344/2344/2344 2345/2345/2345 1944/1944/1944
f 1944/1944/1944 2345/2345/2345 1945/1945/1945
f 2345/2345/2345 2346/2346/2346 1945/1945/1945
f 1945/1945/1945 2346/2346/2346 1946/1946/1946
f 2346/2346/2346 2347/2347/2347 1946/1946/1946
f 1946/1946/1946 2347/2347/2347 1947/1947/1947
f 2347/2347/2347 2348/2348/2348 1947/1947/1947
f 1947/1947/1947 2348/2348/2348 1948/1948/1948
f 2348/2348/2348 2349/2349/2349 1948/1948/1948
f 1948/1948/1948 2349/2349/2349 1949/1949/1949
f 2349/2349/2349 2350/2350/2350 1949/1949/1949
f 1949/1949/1949 2350/2350/2350 1950/1950/1950
f 2350/2350/2350 2351/2351/2351 1950/1950/1950
f 1950/1950/1950 2351/2351/2351 1951/1951/1951
f 2351/2351/2351 2352/2352/2352 1951/1951/1951
f 1951/1951/1951 2352/2352/2352 1952/1952/1952
f 2352/2352/2352 2353/2353/2353 1952/1952/1952
f 1952/1952/1952 2353/2353/2353 1953/1953/1953
f 2353/2353/2353 2354/2354/2354 1953/1953/1953
f 1953/1953/1953 2354/2354/2354 1954/1954/1954
f 2354/2354/2354 2355/2355/2355 1954/1954/1954
f 1954/1954/1954 2355/2355/2355 1955/1955/1955
f 2355/2355/2355 2356/2356/2356 1955/1955/1955
f 1955/1955/1955 2356/2356/2356 1956/1956/1956
f 2356/2356/2356 2357/2357/2357 1956/1956/1956
f 1956/1956/1956 2357/2357/2357 1957/1957/1957
f 2357/2357/2357 2358/2358/2358 1957/1957/1957
f 1957/1957/1957 2358/2358/2358 1958/1958/1958
f 2358/2358/2358 2359/2359/2359 1958/1958/1958
f 1958/1958/1958 2359/2359/2359 1959/1959/1959
f 2359/2359/2359 2360/2360/2360 1959/1959/1959
f 1959/1959/1959 2360/2360/2360 1960/1960/1960
f 2360/2360/2360 2361/2361/2361 1960/1960/1960
f 1960/1960/1960 2361/2361/2361 1961/1961/1961
f 2361/2361/2361 2362/2362/2362 1961/1961/1961
f 1961/1961/1961 2362/2362/2362 1962/1962/1962
f 2362/2362/2362 2363/2363/2363 1962/1962/1962
f 1962/1962/1962 2363/2363/2363 1963/1963/1963
f 2363/2363/2363 2364/2364/2364 1963/1963/1963
f 1963/1963/1963 2364/2364/2364 1964/1964/1964
f 2364/2364/2364 2365/2365/2365 1964/1964/1964
f 1964/1964/1964 2365/2365/2365 1965/1965/1965
f 2365/2365/2365 2366/2366/2366 1965/1965/1965
f 1965/1965/1965 2366/2366/2366 1966/1966/1966
f 2366/2366/2366 2367/2367/2367 1966/1966/1966
f 1966/1966/1966 2367/2367/2367 1967/1967/1967
f 2367/2367/2367 2368/2368/2368 1967/1967/1967
f 1967/1967/1967 2368/2368/2368 1968/1968/1968
f 2368/2368/2368 2369/2369/2369 1968/1968/1968
f 1968/1968/1968 2369/2369/2369 1969/1969/1969
f 2369/2369/2369 2370/2370/2370 1969/1969/1969
f 1969/1969/1969 2370/2370/2370 1970/1970/1970
f 2370/2370/2370 2371/2371/2371 1970/1970/1970
f 1970/1970/1970 2371/2371/2371 1971/1971/1971
f 2371/2371/2371 2372/2372/2372 1971/1971/1971
f 1971/1971/1971 2372/2372/2372 1972/1972/1972
f 2372/2372/2372 2373/2373/2373 1972/1972/1972
f 1972/1972/1972 2373/2373/2373 1973/1973/1973
f 2373/2373/2373 2374/2374/2374 1973/1973/1973
f 1973/1973/1973 2374/2374/2374 1974/1974/1974
f 2374/2374/2374 2375/2375/2375 1974/1974/1974
f 1974/1974/1974 2375/2375/2375 1975/1975/1975
f 2375/2375/2375 2376/2376/2376 1975/1975/1975
f 1975/1975/1975 2376/2376/2376 1976/1976/1976
f 2376/2376/2376 2377/2377/2377 1976/1976/1976
f 1976/1976/1976 2377/2377/2377 1977/1977/1977
f 2377/2377/2377 2378/2378/2378 1977/1977/1977
f 1977/1977/1977 2378/2378/2378 1978/1978/1978
f 2378/2378/2378 2379/2379/2379 1978/1978/1978
f 1978/1978/1978 2379/2379/2379 1979/1979/1979
f 2379/2379/2379 2380/2380/2380 1979/1979/1979
f 1979/1979/1979 2380/2380/2380 1980/1980/1980
f 2380/2380/2380 2381/2381/2381 1980/1980/1980
f 1980/1980/1980 2381/2381/2381 1981/1981/1981
f 2381/2381/2381 2382/2382/2382 1981/1981/1981
f 1981/1981/1981 2382/2382/2382 1982/1982/1982
f 2382/2382/2382 2383/2383/2383 1982/1982/1982
f 1982/1982/1982 2383/2383/2383 1983/1983/1983
f 2383/2383/2383 2384/2384/2384 1983/1983/1983
f 1983/1983/1983 2384/2384/2384 1984/1984/1984
f 2384/2384/2384 2385/2385/2385 1984/1984/1984
f 1984/1984/1984 2385/2385/2385 1985/1985/1985
f 2385/2385/2385 2386/2386/2386 1985/1985/1985
f 1985/1985/1985 2386/2386/2386 1986/1986/1986
f 2386/2386/2386 2387/2387/2387 1986/1986/1986
f 1986/1986/1986 2387/2387/2387 1987/1987/1987
f 2387/2387/2387 2388/2388/2388 1987/1987/1987
f 1987/1987/1987 2388/2388/2388 1988/1988/1988
f 2388/2388/2388 2389/2389/2389 1988/1988/1988
f 1988/1988/1988 2389/2389/2389 1989/1989/1989
f 2389/2389/2389 2390/2390/2390 1989/1989/1989
f 1989/1989/1989 2390/2390/2390 1990/1990/1990
f 2390/2390/2390 2391/2391/2391 1990/1990/1990
f 1990/1990/1990 2391/2391/2391 1991/1991/1991
f 2391/2391/2391 2392/2392/2392 1991/1991/1991
f 1991/1991/1991 2392/2392/2392 1992/1992/1992
f 2392/2392/2392 2393/2393/2393 1992/1992/1992
f 1992/1992/1992 2393/2393/2393 1993/1993/1993
f 2393/2393/2393 2394/2394/2394 1993/1993/1993
f 1993/1993/1993 2394/2394/2394 1994/1994/1994
f 2394/2394/2394 2395/2395/2395 1994/1994/1994
f 1994/1994/1994 2395/2395/2395 1995/1995/1995
f 2395/2395/2395 2396/2396/2396 1995/1995/1995
f 1995/1995/1995 2396/2396/2396 1996/1996/1996
f 2396/2396/2396 2397/2397/2397 1996/1996/1996
f 1996/1996/1996 2397/2397/2397 1997/1997/1997
f 2397/2397/2397 2398/2398/2398 1997/1997/1997
f 1997/1997/1997 2398/2398/2398 1998/1998/1998
f 2398/2398/2398 2399/2399/2399 1998/1998/1998
f 1998/1998/1998 2399/2399/2399 1999/1999/1999
f 2399/2399/2399 2400/2400/2400 1999/1999/1999
f 1999/1999/1999 2400/2400/2400 2000/2000/2000
f 2400/2400/2400 2001/2001/2001 2000/2000/2000
f 2000/2000/2000 2001/2001/2001 1601/1601/1601
f 2801/2801/2801 2802/2802/2802 2401/2401/2401
f 2401/2401/2401 2802/2802/2802 2402/2402/2402
f 2802/2802/2802 2803/2803/2803 2402/2402/2402
f 2402/2402/2402 2803/2803/2803 2403/2403/2403
f 2803/2803/2803 2804/2804/2804 2403/2403/2403
f 2403/2403/2403 2804/2804/2804 2404/2404/2404
f 2804/2804/2804 2805/2805/2805 2404/2404/2404
f 2404/2404/2404 2805/2805/2805 2405/2405/2405
f 2805/2805/2805 2806/2806/2806 2405/2405/2405
f 2405/2405/2405 2806/2806/2806 2406/2406/2406
f 2806/2806/2806 2807/2807/2807 2406/2406/2406
f 2406/2406/2406 2807/2807/2807 2407/2407/2407
f 2807/2807/2807 2808/2808/2808 2407/2407/2407
f 2407/2407/2407 2808/2808/2808 2408/2408/2408
f 2808/2808/2808 2809/2809/2809 2408/2408/2408
f 2408/2408/2408 2809/2809/2809 2409/2409/2409
f 2809/2809/2809 2810/2810/2810 2409/2409/2409
f 2409/2409/2409 2810/2810/2810 2410/2410/2410
f 2810/2810/2810 2811/2811/2811 2410/2410/2410
f 2410/2410/2410 2811/2811/2811 2411/2411/2411
f 2811/2811/2811 2812/2812/2812 2411/2411/2411
f 2411/2411/2411 2812/2812/2812 2412/2412/2412
f 2812/2812/2812 2813/2813/2813 2412/2412/2412
f 2412/2412/2412 2813/2813/2813 2413/2413/2413
f 2813/2813/2813 2814/2814/2814 2413/2413/2413
f 2413/2413/2413 2814/2814/2814 2414/2414/2414
f 2814/2814/2814 2815/2815/2815 2414/2414/2414
f 2414/2414/2414 2815/2815/2815 2415/2415/2415
f 2815/2815/2815 2816/2816/2816 2415/2415/2415
f 2415/2415/2415 2816/2816/2816 2416/2416/2416
f 2816/2816/2816 2817/2817/2817 2416/2416/2416
f 2416/2416/2416 2817/2817/2817 2417/2417/2417
f 2817/2817/2817 2818/2818/2818 2417/2417/2417
f 2417/2417/2417 2818/2818/2818 2418/2418/2418
f 2818/2818/2818 2819/2819/2819 2418/2418/2418
f 2418/2418/2418 2819/2819/2819 2419/2419/2419
f 2819/2819/2819 2820/2820/2820 2419/2419/2419
f 2419/2419/2419 2820/2820/2820 2420/2420/2420
f 2820/2820/2820 2821/2821/2821 2420/2420/2420
f 2420/2420/2420 2821/2821/2821 2421/2421/2421
f 2821/2821/2821 2822/2822/2822 2421/2421/2421
f 2421/2421/2421 2822/2822/2822 2422/2422/2422
f 2822/2822/2822 2823/2823/2823 2422/2422/2422
f 2422/2422/2422 2823/2823/2823 2423/2423/2423
f 2823/2823/2823 2824/2824/2824 2423/2423/2423
f 2423/2423/2423 2824/2824/2824 2424/2424/2424
f 2824/2824/2824 2825/2825/2825 2424/2424/2424
f 2424/2424/2424 2825/2825/2825 2425/2425/2425
f 2825/2825/2825 2826/2826/2826 2425/2425/2425
f 2425/2425/2425 2826/2826/2826 2426/2426/2426
f 2826/2826/2826 2827/2827/2827 2426/2426/2426
f 2426/2426/2426 2827/2827/2827 2427/2427/2427
f 2827/2827/2827 2828/2828/2828 2427/2427/2427
f 2427/2427/2427 2828/2828/2828 2428/2428/2428
f 2828/2828/2828 2829/2829/2829 2428/2428/2428
f 2428/2428/2428 2829/2829/2829 2429/2429/2429
f 2829/2829/2829 2830/2830/2830 2429/2429/2429
f 2429/2429/2429 2830/2830/2830 2430/2430/2430
f 2830/2830/2830 2831/2831/2831 2430/2430/2430
f 2430/2430/2430 2831/2831/2831 2431/2431/2431
f 2831/2831/2831 2832/2832/2832 2431/2431/2431
f 2431/2431/2431 2832/2832/2832 2432/2432/2432
f 2832/2832/2832 2833/2833/2833 2432/2432/2432
f 2432/2432/2432 2833/2833/2833 2433/2433/2433
f 2833/2833/2833 2834/2834/2834 2433/2433/2433
f 2433/2433/2433 2834/2834/2834 2434/2434/2434
f 2834/2834/2834 2835/2835/2835 2434/2434/2434
f 2434/2434/2434 2835/2835/2835 2435/2435/2435
f 2835/2835/2835 2836/2836/2836 2435/2435/2435
f 2435/2435/2435 2836/2836/2836 2436/2436/2436
f 2836/2836/2836 2837/2837/2837 2436/2436/2436
f 2436/2436/2436 2837/2837/2837 2437/2437/2437
f 2837/2837/2837 2838/2838/2838 2437/2437/2437
f 2437/2437/2437 2838/2838/2838 2438/2438/2438
f 2838/2838/2838 2839/2839/2839 2438/2438/2438
f 2438/2438/2438 2839/2839/2839 2439/2439/2439
f 2839/2839/2839 2840/2840/2840 2439/2439/2439
f 2439/2439/2439 2840/2840/2840 2440/2440/2440
f 2840/2840/2840 2841/2841/2841 2440/2440/2440
f 2440/2440/2440 2841/2841/2841 2441/2441/2441
f 2841/2841/2841 2842/2842/2842 2441/2441/2441
f 2441/2441/2441 2842/2842/2842 2442/2442/2442
f 2842/2842/2842 2843/2843/2843 2442/2442/2442
f 2442/2442/2442 2843/2843/2843 2443/2443/2443
f 2843/2843/2843 2844/2844/2844 2443/2443/2443
f 2443/2443/2443 2844/2844/2844 2444/2444/2444
f 2844/2844/2844 2845/2845/2845 2444/2444/2444
f 2444/2444/2444 2845/2845/2845 2445/2445/2445
f 2845/2845/2845 2846/2846/2846 2445/2445/2445
f 2445/2445/2445 2846/2846/2846 2446/2446/2446
f 2846/2846/2846 2847/2847/2847 2446/2446/2446
f 2446/2446/2446 2847/2847/2847 2447/2447/2447
f 2847/2847/2847 2848/2848/2848 2447/2447/2447
f 2447/2447/2447 2848/2848/2848 2448/2448/2448
f 2848/2848/2848 2849/2849/2849 2448/2448/2448
f 2448/2448/2448 2849/2849/2849 2449/2449/2449
f 2849/2849/2849 2850/2850/2850 2449/2449/2449
f 2449/2449/2449 2850/2850/2850 2450/2450/2450
f 2850/2850/2850 2851/2851/2851 2450/2450/2450
f 2450/2450/2450 2851/2851/2851 2451/2451/2451
f 2851/2851/2851 2852/2852/2852 2451/2451/2451
f 2451/2451/2451 2852/2852/2852 2452/2452/2452
f 2852/2852/2852 2853/2853/2853 2452/2452/2452
f 2452/2452/2452 2853/2853/2853 2453/2453/2453
f 2853/2853/2853 2854/2854/2854 2453/2453/2453
f 2453/2453/2453 2854/2854/2854 2454/2454/2454
f 2854/2854/2854 2855/2855/2855 2454/2454/2454
f 2454/2454/2454 2855/2855/2855 2455/2455/2455
f 2855/2855/2855 2856/2856/2856 2455/2455/2455
f 2455/2455/2455 2856/2856/2856 2456/2456/2456
f 2856/2856/2856 2857/2857/2857 2456/2456/2456
f 2456/2456/2456 2857/2857/2857 2457/2457/2457
f 2857/2857/2857 2858/2858/2858 2457/2457/2457
f 2457/2457/2457 2858/2858/2858 2458/2458/2458
f 2858/2858/2858 2859/2859/2859 2458/2458/2458
f 2458/2458/2458 2859/2859/2859 2459/2459/2459
f 2859/2859/2859 2860/2860/2860 2459/2459/2459
f 2459/2459/2459 2860/2860/2860 2460/2460/2460
f 2860/2860/2860 2861/2861/2861 2460/2460/2460
f 2460/2460/2460 2861/2861/2861 2461/2461/2461
f 2861/2861/2861 2862/2862/2862 2461/2461/2461
f 2461/2461/2461 2862/2862/2862 2462/2462/2462
f 2862/2862/2862 2863/2863/2863 2462/2462/2462
f 2462/2462/2462 2863/2863/2863 2463/2463/2463
f 2863/2863/2863 2864/2864/2864 2463/2463/2463
f 2463/2463/2463 2864/2864/2864 2464/2464/2464
f 2864/2864/2864 2865/2865/2865 2464/2464/2464
f 2464/2464/2464 2865/2865/2865 2465/2465/2465
f 2865/2865/2865 2866/2866/2866 2465/2465/2465
f 2465/2465/2465 2866/2866/2866 2466/2466/2466
f 2866/2866/2866 2867/2867/2867 2466/2466/2466
f 2466/2466/2466 2867/2867/2867 2467/2467/2467
f 2867/2867/2867 2868/2868/2868 2467/2467/2467
f 2467/2467/2467 2868/2868/2868 2468/2468/2468
f 2868/2868/2868 2869/2869/2869 2468/2468/2468
f 2468/2468/2468 2869/2869/2869 2469/2469/2469
f 2869/2869/2869 2870/2870/2870 2469/2469/2469
f 2469/2469/2469 2870/2870/2870 2470/2470/2470
f 2870/2870/2870 2871/2871/2871 2470/2470/2470
f 2470/2470/2470 2871/2871/2871 2471/2471/2471
f 2871/2871/2871 2872/2872/2872 2471/2471/2471
f 2471/2471/2471 2872/2872/2872 2472/2472/2472
f 2872/2872/2872 2873/2873/2873 2472/2472/2472
f 2472/2472/2472 2873/2873/2873 2473/2473/2473
f 2873/2873/2873 2874/2874/2874 2473/2473/2473
f 2473/2473/2473 2874/2874/2874 2474/2474/2474
f 2874/2874/2874 2875/2875/2875 2474/2474/2474
f 2474/2474/2474 2875/2875/2875 2475/2475/2475
f 2875/2875/2875 2876/2876/2876 2475/2475/2475
f 2475/2475/2475 2876/2876/2876 2476/2476/2476
f 2876/2876/2876 2877/2877/2877 2476/2476/2476
f 2476/2476/2476 2877/2877/2877 2477/2477/2477
f 2877/2877/2877 2878/2878/2878 2477/2477/2477
f 2477/2477/2477 2878/2878/2878 2478/2478/2478
f 2878/2878/2878 2879/2879/2879 2478/2478/2478
f 2478/2478/2478 2879/2879/2879 2479/2479/2479
f 2879/2879/2879 2880/2880/2880 2479/2479/2479
f 2479/2479/2479 2880/2880/2880 2480/2480/2480
f 2880/2880/2880 2881/2881/2881 2480/2480/2480
f 2480/2480/2480 2881/2881/2881 2481/2481/2481
f 2881/2881/2881 2882/2882/2882 2481/2481/2481
f 2481/2481/2481 2882/2882/2882 2482/2482/2482
f 2882/2882/2882 2883/2883/2883 2482/2482/2482
f 2482/2482/2482 2883/2883/2883 2483/2483/2483
f 2883/2883/2883 2884/2884/2884 2483/2483/2483
f 2483/2483/2483 2884/2884/2884 2484/2484/2484
f 2884/2884/2884 2885/2885/2885 2484/2484/2484
f 2484/2484/2484 2885/2885/2885 2485/2485/2485
f 2885/2885/2885 2886/2886/2886 2485/2485/2485
f 2485/2485/2485 2886/2886/2886 2486/2486/2486
f 2886/2886/2886 2887/2887/2887 2486/2486/2486
f 2486/2486/2486 2887/2887/2887 2487/2487/2487
f 2887/2887/2887 2888/2888/2888 2487/2487/2487
f 2487/2487/2487 2888/2888/2888 2488/2488/2488
f 2888/2888/2888 2889/2889/2889 2488/2488/2488
f 2488/2488/2488 2889/2889/2889 2489/2489/2489
f 2889/2889/2889 2890/2890/2890 2489/2489/2489
f 2489/2489/2489 2890/2890/2890 2490/2490/2490
f 2890/2890/2890 2891/2891/2891 2490/2490/2490
f 2490/2490/2490 2891/2891/2891 2491/2491/2491
f 2891/2891/2891 2892/2892/2892 2491/2491/2491
f 2491/2491/2491 2892/2892/2892 2492/2492/2492
f 2892/2892/2892 2893/2893/2893 2492/2492/2492
f 2492/2492/2492 2893/2893/2893 2493/2493/2493
f 2893/2893/2893 2894/2894/2894 2493/2493/2493
f 2493/2493/2493 2894/2894/2894 2494/2494/2494
f 2894/2894/2894 2895/2895/2895 2494/2494/2494
f 2494/2494/2494 2895/2895/2895 2495/2495/2495
f 2895/2895/2895 2896/2896/2896 2495/2495/2495
f 2495/2495/2495 2896/2896/2896 2496/2496/2496
f 2896/2896/2896 2897/2897/2897 2496/2496/2496
f 2496/2496/2496 2897/2897/2897 2497/2497/2497
f 2897/2897/2897 2898/2898/2898 2497/2497/2497
f 2497/2497/2497 2898/2898/2898 2498/2498/2498
f 2898/2898/2898 2899/2899/2899 2498/2498/2498
f 2498/2498/2498 2899/2899/2899 2499/2499/2499
f 2899/2899/2899 2900/2900/2900 2499/2499/2499
f 2499/2499/2499 2900/2900/2900 2500/2500/2500
f 2900/2900/2900 2901/2901/2901 2500/2500/2500
f 2500/2500/2500 2901/2901/2901 2501/2501/2501
f 2901/2901/2901 2902/2902/2902 2501/2501/2501
f 2501/2501/2501 2902/2902/2902 2502/2502/2502
f 2902/2902/2902 2903/2903/2903 2502/2502/2502
f 2502/2502/2502 2903/2903/2903 2503/2503/2503
f 2903/2903/2903 2904/2904/2904 2503/2503/2503
f 2503/2503/2503 2904/2904/2904 2504/2504/2504
f 2904/2904/2904 2905/2905/2905 2504/2504/2504
f 2504/2504/2504 2905/2905/2905 2505/2505/2505
f 2905/2905/2905 2906/2906/2906 2505/2505/2505
f 2505/2505/2505 2906/2906/2906 2506/2506/2506
f 2906/2906/2906 2907/2907/2907 2506/2506/2506
f 2506/2506/2506 2907/2907/2907 2507/2507/2507
f 2907/2907/2907 2908/2908/2908 2507/2507/2507
f 2507/2507/2507 2908/2908/2908 2508/2508/2508
f 2908/2908/2908 2909/2909/2909 2508/2508/2508
f 2508/2508/2508 2909/2909/2909 2509/2509/2509
f 2909/2909/2909 2910/2910/2910 2509/2509/2509
f 2509/2509/2509 2910/2910/2910 2510/2510/2510
f 2910/2910/2910 2911/2911/2911 2510/2510/2510
f 2510/2510/2510 2911/2911/2911 2511/2511/2511
f 2911/2911/2911 2912/2912/2912 2511/2511/2511
f 2511/2511/2511 2912/2912/2912 2512/2512/2512
f 2912/2912/2912 2913/2913/2913 2512/2512/2512
f 2512/2512/2512 2913/2913/2913 2513/2513/2513
f 2913/2913/2913 2914/2914/2914 2513/2513/2513
f 2513/2513/2513 2914/2914/2914 2514/2514/2514
f 2914/2914/2914 2915/2915/2915 2514/2514/2514
f 2514/2514/2514 2915/2915/2915 2515/2515/2515
f 2915/2915/2915 2916/2916/2916 2515/2515/2515
f 2515/2515/2515 2916/2916/2916 2516/2516/2516
f 2916/2916/2916 2917/2917/2917 2516/2516/2516
f 2516/2516/2516 2917/2917/2917 2517/2517/2517
f 2917/2917/2917 2918/2918/2918 2517/2517/2517
f 2517/2517/2517 2918/2918/2918 2518/2518/2518
f 2918/2918/2918 2919/2919/2919 2518/2518/2518
f 2518/2518/2518 2919/2919/2919 2519/2519/2519
f 2919/2919/2919 2920/2920/2920 2519/2519/2519
f 2519/2519/2519 2920/2920/2920 2520/2520/2520
f 2920/2920/2920 2921/2921/2921 2520/2520/2520
f 2520/2520/2520 2921/2921/2921 2521/2521/2521
f 2921/2921/2921 2922/2922/2922 2521/2521/2521
f 2521/2521/2521 2922/2922/2922 2522/2522/2522
f 2922/2922/2922 2923/2923/2923 2522/2522/2522
f 2522/2522/2522 2923/2923/2923 2523/2523/2523
f 2923/2923/2923 2924/2924/2924 2523/2523/2523
f 2523/2523/2523 2924/2924/2924 2524/2524/2524
f 2924/2924/2924 2925/2925/2925 2524/2524/2524
f 2524/2524/2524 2925/2925/2925 2525/2525/2525
f 2925/2925/2925 2926/2926/2926 2525/2525/2525
f 2525/2525/2525 2926/2926/2926 2526/2526/2526
f 2926/2926/2926 2927/2927/2927 2526/2526/2526
f 2526/2526/2526 2927/2927/2927 2527/2527/2527
f 2927/2927/2927 2928/2928/2928 2527/2527/2527
f 2527/2527/2527 2928/2928/2928 2528/2528/2528
f 2928/2928/2928 2929/2929/2929 2528/2528/2528
f 2528/2528/2528 2929/2929/2929 2529/2529/2529
f 2929/2929/2929 2930/2930/2930 2529/2529/2529
f 2529/2529/2529 2930/2930/2930 2530/2530/2530
f 2930/2930/2930 2931/2931/2931 2530/2530/2530
f 2530/2530/2530 2931/2931/2931 2531/2531/2531
f 2931/2931/2931 2932/2932/2932 2531/2531/2531
f 2531/2531/2531 2932/2932/2932 2532/2532/2532
f 2932/2932/2932 2933/2933/2933 2532/2532/2532
f 2532/2532/2532 2933/2933/2933 2533/2533/2533
f 2933/2933/2933 2934/2934/2934 2533/2533/2533
f 2533/2533/2533 2934/2934/2934 2534/2534/2534
f 2934/2934/2934 2935/2935/2935 2534/2534/2534
f 2534/2534/2534 2935/2935/2935 2535/2535/2535
f 2935/2935/2935 2936/2936/2936 2535/2535/2535
f 2535/2535/2535 2936/2936/2936 2536/2536/2536
f 2936/2936/2936 2937/2937/2937 2536/2536/2536
f 2536/2536/2536 2937/2937/2937 2537/2537/2537
f 2937/2937/2937 2938/2938/2938 2537/2537/2537
f 2537/2537/2537 2938/2938/2938 2538/2538/2538
f 2938/2938/2938 2939/2939/2939 2538/2538/2538
f 2538/2538/2538 2939/2939/2939 2539/2539/2539
f 2939/2939/2939 2940/2940/2940 2539/2539/2539
f 2539/2539/2539 2940/2940/2940 2540/2540/2540
f 2940/2940/2940 2941/2941/2941 2540/2540/2540
f 2540/2540/2540 2941/2941/2941 2541/2541/2541
f 2941/2941/2941 2942/2942/2942 2541/2541/2541
f 2541/2541/2541 2942/2942/2942 2542/2542/2542
f 2942/2942/2942 2943/2943/2943 2542/2542/2542
f 2542/2542/2542 2943/2943/2943 2543/2543/2543
f 2943/2943/2943 2944/2944/2944 2543/2543/2543
f 2543/2543/2543 2944/2944/2944 2544/2544/2544
f 2944/2944/2944 2945/2945/2945 2544/2544/2544
f 2544/2544/2544 2945/2945/2945 2545/2545/2545
f 2945/2945/2945 2946/2946/2946 2545/2545/2545
f 2545/2545/2545 2946/2946/2946 2546/2546/2546
f 2946/2946/2946 2947/2947/2947 2546/2546/2546
f 2546/2546/2546 2947/2947/2947 2547/2547/2547
f 2947/2947/2947 2948/2948/2948 2547/2547/2547
f 2547/2547/2547 2948/2948/2948 2548/2548/2548
f 2948/2948/2948 2949/2949/2949 2548/2548/2548
f 2548/2548/2548 2949/2949/2949 2549/2549/2549
f 2949/2949/2949 2950/2950/2950 2549/2549/2549
f 2549/2549/2549 2950/2950/2950 2550/2550/2550
f 2950/2950/2950 2951/2951/2951 2550/2550/2550
f 2550/2550/2550 2951/2951/2951 2551/2551/2551
f 2951/2951/2951 2952/2952/2952 2551/2551/2551
f 2551/2551/2551 2952/2952/2952 2552/2552/2552
f 2952/2952/2952 2953/2953/2953 2552/2552/2552
f 2552/2552/2552 2953/2953/2953 2553/2553/2553
f 2953/2953/2953 2954/2954/2954 2553/2553/2553
f 2553/2553/2553 2954/2954/2954 2554/2554/2554
f 2954/2954/2954 2955/2955/2955 2554/2554/2554
f 2554/2554/2554 2955/2955/2955 2555/2555/2555
f 2955/2955/2955 2956/2956/2956 2555/2555/2555
f 2555/2555/2555 2956/2956/2956 2556/2556/2556
f 2956/2956/2956 2957/2957/2957 2556/2556/2556
f 2556/2556/2556 2957/2957/2957 2557/2557/2557
f 2957/2957/2957 2958/2958/2958 2557/2557/2557
f 2557/2557/2557 2958/2958/2958 2558/2558/2558
f 2958/2958/2958 2959/2959/2959 2558/2558/2558
f 2558/2558/2558 2959/2959/2959 2559/2559/2559
f 2959/2959/2959 2960/2960/2960 2559/2559/2559
f 2559/2559/2559 2960/2960/2960 2560/2560/2560
f 2960/2960/2960 2961/2961/2961 2560/2560/2560
f 2560/2560/2560 2961/2961/2961 2561/2561/2561
f 2961/2961/2961 2962/2962/2962 2561/2561/2561
f 2561/2561/2561 2962/2962/2962 2562/2562/2562
f 2962/2962/2962 2963/2963/2963 2562/2562/2562
f 2562/2562/2562 2963/2963/2963 2563/2563/2563
f 2963/2963/2963 2964/2964/2964 2563/2563/2563
f 2563/2563/2563 2964/2964/2964 2564/2564/2564
f 2964/2964/2964 2965/2965/2965 2564/2564/2564
f 2564/2564/2564 2965/2965/2965 2565/2565/2565
f 2965/2965/2965 2966/2966/2966 2565/2565/2565
f 2565/2565/2565 2966/2966/2966 2566/2566/2566
f 2966/2966/2966 2967/2967/2967 2566/2566/2566
f 2566/2566/2566 2967/2967/2967 2567/2567/2567
f 2967/2967/2967 2968/2968/2968 2567/2567/2567
f 2567/2567/2567 2968/2968/2968 2568/2568/2568
f 2968/2968/2968 2969/2969/2969 2568/2568/2568
f 2568/2568/2568 2969/2969/2969 2569/2569/2569
f 2969/2969/2969 2970/2970/2970 2569/2569/2569
f 2569/2569/2569 2970/2970/2970 2570/2570/2570
f 2970/2970/2970 2971/2971/2971 2570/2570/2570
f 2570/2570/2570 2971/2971/2971 2571/2571/2571
f 2971/2971/2971 2972/2972/2972 2571/2571/2571
f 2571/2571/2571 2972/2972/2972 2572/2572/2572
f 2972/2972/2972 2973/2973/2973 2572/2572/2572
f 2572/2572/2572 2973/2973/2973 2573/2573/2573
f 2973/2973/2973 2974/2974/2974 2573/2573/2573
f 2573/2573/2573 2974/2974/2974 2574/2574/2574
f 2974/2974/2974 2975/2975/2975 2574/2574/2574
f 2574/2574/2574 2975/2975/2975 2575/2575/2575
f 2975/2975/2975 2976/2976/2976 2575/2575/2575
f 2575/2575/2575 2976/2976/2976 2576/2576/2576
f 2976/2976/2976 2977/2977/2977 2576/2576/2576
f 2576/2576/2576 2977/2977/2977 2577/2577/2577
f 2977/2977/2977 2978/2978/2978 2577/2577/2577
f 2577/2577/2577 2978/2978/2978 2578/2578/2578
f 2978/2978/2978 2979/2979/2979 2578/2578/2578
f 2578/2578/2578 2979/2979/2979 2579/2579/2579
f 2979/2979/2979 2980/2980/2980 2579/2579/2579
f 2579/2579/2579 2980/2980/2980 2580/2580/2580
f 2980/2980/2980 2981/2981/2981 2580/2580/2580
f 2580/2580/2580 2981/2981/2981 2581/2581/2581
f 2981/2981/2981 2982/2982/2982 2581/2581/2581
f 2581/2581/2581 2982/2982/2982 2582/2582/2582
f 2982/2982/2982 2983/2983/2983 2582/2582/2582
f 2582/2582/2582 2983/2983/2983 2583/2583/2583
f 2983/2983/2983 2984/2984/2984 2583/2583/2583
f 2583/2583/2583 2984/2984/2984 2584/2584/2584
f 2984/2984/2984 2985/2985/2985 2584/2584/2584
f 2584/2584/2584 2985/2985/2985 2585/2585/2585
f 2985/2985/2985 2986/2986/2986 2585/2585/2585
f 2585/2585/2585 2986/2986/2986 2586/2586/2586
f 2986/2986/2986 2987/2987/2987 2586/2586/2586
f 2586/2586/2586 2987/2987/2987 2587/2587/2587
f 2987/2987/2987 2988/2988/2988 2587/2587/2587
f 2587/2587/2587 2988/2988/2988 2588/2588/2588
f 2988/2988/2988 2989/2989/2989 2588/2588/2588
f 2588/2588/2588 2989/2989/2989 2589/2589/2589
f 2989/2989/2989 2990/2990/2990 2589/2589/2589
f 2589/2589/2589 2990/2990/2990 2590/2590/2590
f 2990/2990/2990 2991/2991/2991 2590/2590/2590
f 2590/2590/2590 2991/2991/2991 2591/2591/2591
f 2991/2991/2991 2992/2992/2992 2591/2591/2591
f 2591/2591/2591 2992/2992/2992 2592/2592/2592
f 2992/2992/2992 2993/2993/2993 2592/2592/2592
f 2592/2592/2592 2993/2993/2993 2593/2593/2593
f 2993/2993/2993 2994/2994/2994 2593/2593/2593
f 2593/2593/2593 2994/2994/2994 2594/2594/2594
f 2994/2994/2994 2995/2995/2995 2594/2594/2594
f 2594/2594/2594 2995/2995/2995 2595/2595/2595
f 2995/2995/2995 2996/2996/2996 2595/2595/2595
f 2595/2595/2595 2996/2996/2996 2596/2596/2596
f 2996/2996/2996 2997/2997/2997 2596/2596/2596
f 2596/2596/2596 2997/2997/2997 2597/2597/2597
f 2997/2997/2997 2998/2998/2998 2597/2597/2597
f 2597/2597/2597 2998/2998/2998 2598/2598/2598
f 2998/2998/2998 2999/2999/2999 2598/2598/2598
f 2598/2598/2598 2999/2999/2999 2599/2599/2599
f 2999/2999/2999 3000/3000/3000 2599/2599/2599
f 2599/2599/2599 3000/3000/3000 2600/2600/2600
f 3000/3000/3000 3001/3001/3001 2600/2600/2600
f 2600/2600/2600 3001/3001/3001 2601/2601/2601
f 3001/3001/3001 3002/3002/3002 2601/2601/2601
f 2601/2601/2601 3002/3002/3002 2602/2602/2602
f 3002/3002/3002 3003/3003/3003 2602/2602/2602
f 2602/2602/2602 3003/3003/3003 2603/2603/2603
f 3003/3003/3003 3004/3004/3004 2603/2603/2603
f 2603/2603/2603 3004/3004/3004 2604/2604/2604
f 3004/3004/3004 3005/3005/3005 2604/2604/2604
f 2604/2604/2604 3005/3005/3005 2605/2605/2605
f 3005/3005/3005 3006/3006/3006 2605/2605/2605
f 2605/2605/2605 3006/3006/3006 2606/2606/2606
f 3006/3006/3006 3007/3007/3007 2606/2606/2606
f 2606/2606/2606 3007/3007/3007 2607/2607/2607
f 3007/3007/3007 3008/3008/3008 2607/2607/2607
f 2607/2607/2607 3008/3008/3008 2608/2608/2608
f 3008/3008/3008 3009/3009/3009 2608/2608/2608
f 2608/2608/2608 3009/3009/3009 2609/2609/2609
f 3009/3009/3009 3010/3010/3010 2609/2609/2609
f 2609/2609/2609 3010/3010/3010 2610/2610/2610
f 3010/3010/3010 3011/3011/3011 2610/2610/2610
f 2610/2610/2610 3011/3011/3011 2611/2611/2611
f 3011/3011/3011 3012/3012/3012 2611/2611/2611
f 2611/2611/2611 3012/3012/3012 2612/2612/2612
f 3012/3012/3012 3013/3013/3013 2612/2612/2612
f 2612/2612/2612 3013/3013/3013 2613/2613/2613
f 3013/3013/3013 3014/3014/3014 2613/2613/2613
f 2613/2613/2613 3014/3014/3014 2614/2614/2614
f 3014/3014/3014 3015/3015/3015 2614/2614/2614
f 2614/2614/2614 3015/3015/3015 2615/2615/2615
f 3015/3015/3015 3016/3016/3016 2615/2615/2615
f 2615/2615/2615 3016/3016/3016 2616/2616/2616
f 3016/3016/3016 3017/3017/3017 2616/2616/2616
f 2616/2616/2616 3017/3017/3017 2617/2617/2617
f 3017/3017/3017 3018/3018/3018 2617/2617/2617
f 2617/2617/2617 3018/3018/3018 2618/2618/2618
f 3018/3018/3018 3019/3019/3019 2618/2618/2618
f 2618/2618/2618 3019/3019/3019 2619/2619/2619
f 3019/3019/3019 3020/3020/3020 2619/2619/2619
f 2619/2619/2619 3020/3020/3020 2620/2620/2620
f 3020/3020/3020 3021/3021/3021 2620/2620/2620
f 2620/2620/2620 3021/3021/3021 2621/2621/2621
f 3021/3021/3021 3022/3022/3022 2621/2621/2621
f 2621/2621/2621 3022/3022/3022 2622/2622/2622
f 3022/3022/3022 3023/3023/3023 2622/2622/2622
f 2622/2622/2622 3023/3023/3023 2623/2623/2623
f 3023/3023/3023 3024/3024/3024 2623/2623/2623
f 2623/2623/2623 3024/3024/3024 2624/2624/2624
f 3024/3024/3024 3025/3025/3025 2624/2624/2624
f 2624/2624/2624 3025/3025/3025 2625/2625/2625
f 3025/3025/3025 3026/3026/3026 2625/2625/2625
f 2625/2625/2625 3026/3026/3026 2626/2626/2626
f 3026/3026/3026 3027/3027/3027 2626/2626/2626
f 2626/2626/2626 3027/3027/3027 2627/2627/2627
f 3027/3027/3027 3028/3028/3028 2627/2627/2627
f 2627/2627/2627 3028/3028/3028 2628/2628/2628
f 3028/3028/3028 3029/3029/3029 2628/2628/2628
f 2628/2628/2628 3029/3029/3029 2629/2629/2629
f 3029/3029/3029 3030/3030/3030 2629/2629/2629
f 2629/2629/2629 3030/3030/3030 2630/2630/2630
f 3030/3030/3030 3031/3031/3031 2630/2630/2630
f 2630/2630/2630 3031/3031/3031 2631/2631/2631
f 3031/3031/3031 3032/3032/3032 2631/2631/2631
f 2631/2631/2631 3032/3032/3032 2632/2632/2632
f 3032/3032/3032 3033/3033/3033 2632/2632/2632
f 2632/2632/2632 3033/3033/3033 2633/2633/2633
f 3033/3033/3033 3034/3034/3034 2633/2633/2633
f 2633/2633/2633 3034/3034/3034 2634/2634/2634
f 3034/3034/3034 3035/3035/3035 2634/2634/2634
f 2634/2634/2634 3035/3035/3035 2635/2635/2635
f 3035/3035/3035 3036/3036/3036 2635/2635/2635
f 2635/2635/2635 3036/3036/3036 2636/2636/2636
f 3036/3036/3036 3037/3037/3037 2636/2636/2636
f 2636/2636/2636 3037/3037/3037 2637/2637/2637
f 3037/3037/3037 3038/3038/3038 2637/2637/2637
f 2637/2637/2637 3038/3038/3038 2638/2638/2638
f 3038/3038/3038 3039/3039/3039 2638/2638/2638
f 2638/2638/2638 3039/3039/3039 2639/2639/2639
f 3039/3039/3039 3040/3040/3040 2639/2639/2639
f 2639/2639/2639 3040/3040/3040 2640/2640/2640
f 3040/3040/3040 3041/3041/3041 2640/2640/2640
f 2640/2640/2640 3041/3041/3041 2641/2641/2641
f 3041/3041/3041 3042/3042/3042 2641/2641/2641
f 2641/2641/2641 3042/3042/3042 2642/2642/2642
f 3042/3042/3042 3043/3043/3043 2642/2642/2642
f 2642/2642/2642 3043/3043/3043 2643/2643/2643
f 3043/3043/3043 3044/3044/3044 2643/2643/2643
f 2643/2643/2643 3044/3044/3044 2644/2644/2644
f 3044/3044/3044 3045/3045/3045 2644/2644/2644
f 2644/2644/2644 3045/3045/3045 2645/2645/2645
f 3045/3045/3045 3046/3046/3046 2645/2645/2645
f 2645/2645/2645 3046/3046/3046 2646/2646/2646
f 3046/3046/3046 3047/3047/3047 2646/2646/2646
f 2646/2646/2646 3047/3047/3047 2647/2647/2647
f 3047/3047/3047 3048/3048/3048 2647/2647/2647
f 2647/2647/2647 3048/3048/3048 2648/2648/2648
f 3048/3048/3048 3049/3049/3049 2648/2648/2648
f 2648/2648/2648 3049/3049/3049 2649/2649/2649
f 3049/3049/3049 3050/3050/3050 2649/2649/2649
f 2649/2649/2649 3050/3050/3050 2650/2650/2650
f 3050/3050/3050 3051/3051/3051 2650/2650/2650
f 2650/2650/2650 3051/3051/3051 2651/2651/2651
f 3051/3051/3051 3052/3052/3052 2651/2651/2651
f 2651/2651/2651 3052/3052/3052 2652/2652/2652
f 3052/3052/3052 3053/3053/3053 2652/2652/2652
f 2652/2652/2652 3053/3053/3053 2653/2653/2653
f 3053/3053/3053 3054/3054/3054 2653/2653/2653
f 2653/2653/2653 3054/3054/3054 2654/2654/2654
f 3054/3054/3054 3055/3055/3055 2654/2654/2654
f 2654/2654/2654 3055/3055/3055 2655/2655/2655
f 3055/3055/3055 3056/3056/3056 2655/2655/2655
f 2655/2655/2655 3056/3056/3056 2656/2656/2656
f 3056/3056/3056 3057/3057/3057 2656/2656/2656
f 2656/2656/2656 3057/3057/3057 2657/2657/2657
f 3057/3057/3057 3058/3058/3058 2657/2657/2657
f 2657/2657/2657 3058/3058/3058 2658/2658/2658
f 3058/3058/3058 3059/3059/3059 2658/2658/2658
f 2658/2658/2658 3059/3059/3059 2659/2659/2659
f 3059/3059/3059 3060/3060/3060 2659/2659/2659
f 2659/2659/2659 3060/3060/3060 2660/2660/2660
f 3060/3060/3060 3061/3061/3061 2660/2660/2660
f 2660/2660/2660 3061/3061/3061 2661/2661/2661
f 3061/3061/3061 3062/3062/3062 2661/2661/2661
f 2661/2661/2661 3062/3062/3062 2662/2662/2662
f 3062/3062/3062 3063/3063/3063 2662/2662/2662
f 2662/2662/2662 3063/3063/3063 2663/2663/2663
f 3063/3063/3063 3064/3064/3064 2663/2663/2663
f 2663/2663/2663 3064/3064/3064 2664/2664/2664
f 3064/3064/3064 3065/3065/3065 2664/2664/2664
f 2664/2664/2664 3065/3065/3065 2665/2665/2665
f 3065/3065/3065 3066/3066/3066 2665/2665/2665
f 2665/2665/2665 3066/3066/3066 2666/2666/2666
f 3066/3066/3066 3067/3067/3067 2666/2666/2666
f 2666/2666/2666 3067/3067/3067 2667/2667/2667
f 3067/3067/3067 3068/3068/3068 2667/2667/2667
f 2667/2667/2667 3068/3068/3068 2668/2668/2668
f 3068/3068/3068 3069/3069/3069 2668/2668/2668
f 2668/2668/2668 3069/3069/3069 2669/2669/2669
f 3069/3069/3069 3070/3070/3070 2669/2669/2669
f 2669/2669/2669 3070/3070/3070 2670/2670/2670
f 3070/3070/3070 3071/3071/3071 2670/2670/2670
f 2670/2670/2670 3071/3071/3071 2671/2671/2671
f 3071/3071/3071 3072/3072/3072 2671/2671/2671
f 2671/2671/2671 3072/3072/3072 2672/2672/2672
f 3072/3072/3072 3073/3073/3073 2672/2672/2672
f 2672/2672/2672 3073/3073/3073 2673/2673/2673
f 3073/3073/3073 3074/3074/3074 2673/2673/2673
f 2673/2673/2673 3074/3074/3074 2674/2674/2674
f 3074/3074/3074 3075/3075/3075 2674/2674/2674
f 2674/2674/2674 3075/3075/3075 2675/2675/2675
f 3075/3075/3075 3076/3076/3076 2675/2675/2675
f 2675/2675/2675 3076/3076/3076 2676/2676/2676
f 3076/3076/3076 3077/3077/3077 2676/2676/2676
f 2676/2676/2676 3077/3077/3077 2677/2677/2677
f 3077/3077/3077 3078/3078/3078 2677/2677/2677
f 2677/2677/2677 3078/3078/3078 2678/2678/2678
f 3078/3078/3078 3079/3079/3079 2678/2678/2678
f 2678/2678/2678 3079/3079/3079 2679/2679/2679
f 3079/3079/3079 3080/3080/3080 2679/2679/2679
f 2679/2679/2679 3080/3080/3080 2680/2680/2680
f 3080/3080/3080 3081/3081/3081 2680/2680/2680
f 2680/2680/2680 3081/3081/3081 2681/2681/2681
f 3081/3081/3081 3082/3082/3082 2681/2681/2681
f 2681/2681/2681 3082/3082/3082 2682/2682/2682
f 3082/3082/3082 3083/3083/3083 2682/2682/2682
f 2682/2682/2682 3083/3083/3083 2683/2683/2683
f 3083/3083/3083 3084/3084/3084 2683/2683/2683
f 2683/2683/2683 3084/3084/3084 2684/2684/2684
f 3084/3084/3084 3085/3085/3085 2684/2684/2684
f 2684/2684/2684 3085/3085/3085 2685/2685/2685
f 3085/3085/3085 3086/3086/3086 2685/2685/2685
f 2685/2685/2685 3086/3086/3086 2686/2686/2686
f 3086/3086/3086 3087/3087/3087 2686/2686/2686
f 2686/2686/2686 3087/3087/3087 2687/2687/2687
f 3087/3087/3087 3088/3088/3088 2687/2687/2687
f 2687/2687/2687 3088/3088/3088 2688/2688/2688
f 3088/3088/3088 3089/3089/3089 2688/2688/2688
f 2688/2688/2688 3089/3089/3089 2689/2689/2689
f 3089/3089/3089 3090/3090/3090 2689/2689/2689
f 2689/2689/2689 3090/3090/3090 2690/2690/2690
f 3090/3090/3090 3091/3091/3091 2690/2690/2690
f 2690/2690/2690 3091/3091/3091 2691/2691/2691
f 3091/3091/3091 3092/3092/3092 2691/2691/2691
f 2691/2691/2691 3092/3092/3092 2692/2692/2692
f 3092/3092/3092 3093/3093/3093 2692/2692/2692
f 2692/2692/2692 3093/3093/3093 2693/2693/2693
f 3093/3093/3093 3094/3094/3094 2693/2693/2693
f 2693/2693/2693 3094/3094/3094 2694/2694/2694
f 3094/3094/3094 3095/3095/3095 2694/2694/2694
f 2694/2694/2694 3095/3095/3095 2695/2695/2695
f 3095/3095/3095 3096/3096/3096 2695/2695/2695
f 2695/2695/2695 3096/3096/3096 2696/2696/2696
f 3096/3096/3096 3097/3097/3097 2696/2696/2696
f 2696/2696/2696 3097/3097/3097 2697/2697/2697
f 3097/3097/3097 3098/3098/3098 2697/2697/2697
f 2697/2697/2697 3098/3098/3098 2698/2698/2698
f 3098/3098/3098 3099/3099/3099 2698/2698/2698
f 2698/2698/2698 3099/3099/3099 2699/2699/2699
f 3099/3099/3099 3100/3100/3100 2699/2699/2699
f 2699/2699/2699 3100/3100/3100 2700/2700/2700
f 3100/3100/3100 3101/3101/3101 2700/2700/2700
f 2700/2700/2700 3101/3101/3101 2701/2701/2701
f 3101/3101/3101 3102/3102/3102 2701/2701/2701
f 2701/2701/2701 3102/3102/3102 2702/2702/2702
f 3102/3102/3102 3103/3103/3103 2702/2702/2702
f 2702/2702/2702 3103/3103/3103 2703/2703/2703
f 3103/3103/3103 3104/3104/3104 2703/2703/2703
f 2703/2703/2703 3104/3104/3104 2704/2704/2704
f 3104/3104/3104 3105/3105/3105 2704/2704/2704
f 2704/2704/2704 3105/3105/3105 2705/2705/2705
f 3105/3105/3105 3106/3106/3106 2705/2705/2705
f 2705/2705/2705 3106/3106/3106 2706/2706/2706
f 3106/3106/3106 3107/3107/3107 2706/2706/2706
f 2706/2706/2706 3107/3107/3107 2707/2707/2707
f 3107/3107/3107 3108/3108/3108 2707/2707/2707
f 2707/2707/2707 3108/3108/3108 2708/2708/2708
f 3108/3108/3108 3109/3109/3109 2708/2708/2708
f 2708/2708/2708 3109/3109/3109 2709/2709/2709
f 3109/3109/3109 3110/3110/3110 2709/2709/2709
f 2709/2709/2709 3110/3110/3110 2710/2710/2710
f 3110/3110/3110 3111/3111/3111 2710/2710/2710
f 2710/2710/2710 3111/3111/3111 2711/2711/2711
f 3111/3111/3111 3112/3112/3112 2711/2711/2711
f 2711/2711/2711 3112/3112/3112 2712/2712/2712
f 3112/3112/3112 3113/3113/3113 2712/2712/2712
f 2712/2712/2712 3113/3113/3113 2713/2713/2713
f 3113/3113/3113 3114/3114/3114 2713/2713/2713
f 2713/2713/2713 3114/3114/3114 2714/2714/2714
f 3114/3114/3114 3115/3115/3115 2714/2714/2714
f 2714/2714/2714 3115/3115/3115 2715/2715/2715
f 3115/3115/3115 3116/3116/3116 2715/2715/2715
f 2715/2715/2715 3116/3116/3116 2716/2716/2716
f 3116/3116/3116 3117/3117/3117 2716/2716/2716
f 2716/2716/2716 3117/3117/3117 2717/2717/2717
f 3117/3117/3117 3118/3118/3118 2717/2717/2717
f 2717/2717/2717 3118/3118/3118 2718/2718/2718
f 3118/3118/3118 3119/3119/3119 2718/2718/2718
f 2718/2718/2718 3119/3119/3119 2719/2719/2719
f 3119/3119/3119 3120/3120/3120 2719/2719/2719
f 2719/2719/2719 3120/3120/3120 2720/2720/2720
f 3120/3120/3120 3121/3121/3121 2720/2720/2720
f 2720/2720/2720 3121/3121/3121 2721/2721/2721
f 3121/3121/3121 3122/3122/3122 2721/2721/2721
f 2721/2721/2721 3122/3122/3122 2722/2722/2722
f 3122/3122/3122 3123/3123/3123 2722/2722/2722
f 2722/2722/2722 3123/3123/3123 2723/2723/2723
f 3123/3123/3123 3124/3124/3124 2723/2723/2723
f 2723/2723/2723 3124/3124/3124 2724/2724/2724
f 3124/3124/3124 3125/3125/3125 2724/2724/2724
f 2724/2724/2724 3125/3125/3125 2725/2725/2725
f 3125/3125/3125 3126/3126/3126 2725/2725/2725
f 2725/2725/2725 3126/3126/3126 2726/2726/2726
f 3126/3126/3126 3127/3127/3127 2726/2726/2726
f 2726/2726/2726 3127/3127/3127 2727/2727/2727
f 3127/3127/3127 3128/3128/3128 2727/2727/2727
f 2727/2727/2727 3128/3128/3128 2728/2728/2728
f 3128/3128/3128 3129/3129/3129 2728/2728/2728
f 2728/2728/2728 3129/3129/3129 2729/2729/2729
f 3129/3129/3129 3130/3130/3130 2729/2729/2729
f 2729/2729/2729 3130/3130/3130 2730/2730/2730
f 3130/3130/3130 3131/3131/3131 2730/2730/2730
f 2730/2730/2730 3131/3131/3131 2731/2731/2731
f 3131/3131/3131 3132/3132/3132 2731/2731/2731
f 2731/2731/2731 3132/3132/3132 2732/2732/2732
f 3132/3132/3132 3133/3133/3133 2732/2732/2732
f 2732/2732/2732 3133/3133/3133 2733/2733/2733
f 3133/3133/3133 3134/3134/3134 2733/2733/2733
f 2733/2733/2733 3134/3134/3134 2734/2734/2734
f 3134/3134/3134 3135/3135/3135 2734/2734/2734
f 2734/2734/2734 3135/3135/3135 2735/2735/2735
f 3135/3135/3135 3136/3136/3136 2735/2735/2735
f 2735/2735/2735 3136/3136/3136 2736/2736/2736
f 3136/3136/3136 3137/3137/3137 2736/2736/2736
f 2736/2736/2736 3137/3137/3137 2737/2737/2737
f 3137/3137/3137 3138/3138/3138 2737/2737/2737
f 2737/2737/2737 3138/3138/3138 2738/2738/2738
f 3138/3138/3138 3139/3139/3139 2738/2738/2738
f 2738/2738/2738 3139/3139/3139 2739/2739/2739
f 3139/3139/3139 3140/3140/3140 2739/2739/2739
f 2739/2739/2739 3140/3140/3140 2740/2740/2740
f 3140/3140/3140 3141/3141/3141 2740/2740/2740
f 2740/2740/2740 3141/3141/3141 2741/2741/2741
f 3141/3141/3141 3142/3142/3142 2741/2741/2741
f 2741/2741/2741 3142/3142/3142 2742/2742/2742
f 3142/3142/3142 3143/3143/3143 2742/2742/2742
f 2742/2742/2742 3143/3143/3143 2743/2743/2743
f 3143/3143/3143 3144/3144/3144 2743/2743/2743
f 2743/2743/2743 3144/3144/3144 2744/2744/2744
f 3144/3144/3144 3145/3145/3145 2744/2744/2744
f 2744/2744/2744 3145/3145/3145 2745/2745/2745
f 3145/3145/3145 3146/3146/3146 2745/2745/2745
f 2745/2745/2745 3146/3146/3146 2746/2746/2746
f 3146/3146/3146 3147/3147/3147 2746/2746/2746
f 2746/2746/2746 3147/3147/3147 2747/2747/2747
f 3147/3147/3147 3148/3148/3148 2747/2747/2747
f 2747/2747/2747 3148/3148/3148 2748/2748/2748
f 3148/3148/3148 3149/3149/3149 2748/2748/2748
f 2748/2748/2748 3149/3149/3149 2749/2749/2749
f 3149/3149/3149 3150/3150/3150 2749/2749/2749
f 2749/2749/2749 3150/3150/3150 2750/2750/2750
f 3150/3150/3150 3151/3151/3151 2750/2750/2750
f 2750/2750/2750 3151/3151/3151 2751/2751/2751
f 3151/3151/3151 3152/3152/3152 2751/2751/2751
f 2751/2751/2751 3152/3152/3152 2752/2752/2752
f 3152/3152/3152 3153/3153/3153 2752/2752/2752
f 2752/2752/2752 3153/3153/3153 2753/2753/2753
f 3153/3153/3153 3154/3154/3154 2753/2753/2753
f 2753/2753/2753 3154/3154/3154 2754/2754/2754
f 3154/3154/3154 3155/3155/3155 2754/2754/2754
f 2754/2754/2754 3155/3155/3155 2755/2755/2755
f 3155/3155/3155 3156/3156/3156 2755/2755/2755
f 2755/2755/2755 3156/3156/3156 2756/2756/2756
f 3156/3156/3156 3157/3157/3157 2756/2756/2756
f 2756/2756/2756 3157/3157/3157 2757/2757/2757
f 3157/3157/3157 3158/3158/3158 2757/2757/2757
f 2757/2757/2757 3158/3158/3158 2758/2758/2758
f 3158/3158/3158 3159/3159/3159 2758/2758/2758
f 2758/2758/2758 3159/3159/3159 2759/2759/2759
f 3159/3159/3159 3160/3160/3160 2759/2759/2759
f 2759/2759/2759 3160/3160/3160 2760/2760/2760
f 3160/3160/3160 3161/3161/3161 2760/2760/2760
f 2760/2760/2760 3161/3161/3161 2761/2761/2761
f 3161/3161/3161 3162/3162/3162 2761/2761/2761
f 2761/2761/2761 3162/3162/3162 2762/2762/2762
f 3162/3162/3162 3163/3163/3163 2762/2762/2762
f 2762/2762/2762 3163/3163/3163 2763/2763/2763
f 3163/3163/3163 3164/3164/3164 2763/2763/2763
f 2763/2763/2763 3164/3164/3164 2764/2764/2764
f 3164/3164/3164 3165/3165/3165 2764/2764/2764
f 2764/2764/2764 3165/3165/3165 2765/2765/2765
f 3165/3165/3165 3166/3166/3166 2765/2765/2765
f 2765/2765/2765 3166/3166/3166 2766/2766/2766
f 3166/3166/3166 3167/3167/3167 2766/2766/2766
f 2766/2766/2766 3167/3167/3167 2767/2767/2767
f 3167/3167/3167 3168/3168/3168 2767/2767/2767
f 2767/2767/2767 3168/3168/3168 2768/2768/2768
f 3168/3168/3168 3169/3169/3169 2768/2768/2768
f 2768/2768/2768 3169/3169/3169 2769/2769/2769
f 3169/3169/3169 3170/3170/3170 2769/2769/2769
f 2769/2769/2769 3170/3170/3170 2770/2770/2770
f 3170/3170/3170 3171/3171/3171 2770/2770/2770
f 2770/2770/2770 3171/3171/3171 2771/2771/2771
f 3171/3171/3171 3172/3172/3172 2771/2771/2771
f 2771/2771/2771 3172/3172/3172 2772/2772/2772
f 3172/3172/3172 3173/3173/3173 2772/2772/2772
f 2772/2772/2772 3173/3173/3173 2773/2773/2773
f 3173/3173/3173 3174/3174/3174 2773/2773/2773
f 2773/2773/2773 3174/3174/3174 2774/2774/2774
f 3174/3174/3174 3175/3175/3175 2774/2774/2774
f 2774/2774/2774 3175/3175/3175 2775/2775/2775
f 3175/3175/3175 3176/3176/3176 2775/2775/2775
f 2775/2775/2775 3176/3176/3176 2776/2776/2776
f 3176/3176/3176 3177/3177/3177 2776/2776/2776
f 2776/2776/2776 3177/3177/3177 2777/2777/2777
f 3177/3177/3177 3178/3178/3178 2777/2777/2777
f 2777/2777/2777 3178/3178/3178 2778/2778/2778
f 3178/3178/3178 3179/3179/3179 2778/2778/2778
f 2778/2778/2778 3179/3179/3179 2779/2779/2779
f 3179/3179/3179 3180/3180/3180 2779/2779/2779
f 2779/2779/2779 3180/3180/3180 2780/2780/2780
f 3180/3180/3180 3181/3181/3181 2780/2780/2780
f 2780/2780/2780 3181/3181/3181 2781/2781/2781
f 3181/3181/3181 3182/3182/3182 2781/2781/2781
f 2781/2781/2781 3182/3182/3182 2782/2782/2782
f 3182/3182/3182 3183/3183/3183 2782/2782/2782
f 2782/2782/2782 3183/3183/3183 2783/2783/2783
f 3183/3183/3183 3184/3184/3184 2783/2783/2783
f 2783/2783/2783 3184/3184/3184 2784/2784/2784
f 3184/3184/3184 3185/3185/3185 2784/2784/2784
f 2784/2784/2784 3185/3185/3185 2785/2785/2785
f 3185/3185/3185 3186/3186/3186 2785/2785/2785
f 2785/2785/2785 3186/3186/3186 2786/2786/2786
f 3186/3186/3186 3187/3187/3187 2786/2786/2786
f 2786/2786/2786 3187/3187/3187 2787/2787/2787
f 3187/3187/3187 3188/3188/3188 2787/2787/2787
f 2787/2787/2787 3188/3188/3188 2788/2788/2788
f 3188/3188/3188 3189/3189/3189 2788/2788/2788
f 2788/2788/2788 3189/3189/3189 2789/2789/2789
f 3189/3189/3189 3190/3190/3190 2789/2789/2789
f 2789/2789/2789 3190/3190/3190 2790/2790/2790
f 3190/3190/3190 3191/3191/3191 2790/2790/2790
f 2790/2790/2790 3191/3191/3191 2791/2791/2791
f 3191/3191/3191 3192/3192/3192 2791/2791/2791
f 2791/2791/2791 3192/3192/3192 2792/2792/2792
f 3192/3192/3192 3193/3193/3193 2792/2792/2792
f 2792/2792/2792 3193/3193/3193 2793/2793/2793
f 3193/3193/3193 3194/3194/3194 2793/2793/2793
f 2793/2793/2793 3194/3194/3194 2794/2794/2794
f 3194/3194/3194 3195/3195/3195 2794/2794/2794
f 2794/2794/2794 3195/3195/3195 2795/2795/2795
f 3195/3195/3195 3196/3196/3196 2795/2795/2795
f 2795/2795/2795 3196/3196/3196 2796/2796/2796
f 3196/3196/3196 3197/3197/3197 2796/2796/2796
f 2796/2796/2796 3197/3197/3197 2797/2797/2797
f 3197/3197/3197 3198/3198/3198 2797/2797/2797
f 2797/2797/2797 3198/3198/3198 2798/2798/2798
f 3198/3198/3198 3199/3199/3199 2798/2798/2798
f 2798/2798/2798 3199/3199/3199 2799/2799/2799
f 3199/3199/3199 3200/3200/3200 2799/2799/2799
f 2799/2799/2799 3200/3200/3200 2800/2800/2800
f 3200/3200/3200 2801/2801/2801 2800/2800/2800
f 2800/2800/2800 2801/2801/2801 2401/2401/2401
f 3601/3601/3601 3602/3602/3602 3201/3201/3201
f 3201/3201/3201 3602/3602/3602 3202/3202/3202
f 3602/3602/3602 3603/3603/3603 3202/3202/3202
f 3202/3202/3202 3603/3603/3603 3203/3203/3203
f 3603/3603/3603 3604/3604/3604 3203/3203/3203
f 3203/3203/3203 3604/3604/3604 3204/3204/3204
f 3604/3604/3604 3605/3605/3605 3204/3204/3204
f 3204/3204/3204 3605/3605/3605 3205/3205/3205
f 3605/3605/3605 3606/3606/3606 3205/3205/3205
f 3205/3205/3205 3606/3606/3606 3206/3206/3206
f 3606/3606/3606 3607/3607/3607 3206/3206/3206
f 3206/3206/3206 3607/3607/3607 3207/3207/3207
f 3607/3607/3607 3608/3608/3608 3207/3207/3207
f 3207/3207/3207 3608/3608/3608 3208/3208/3208
f 3608/3608/3608 3609/3609/3609 3208/3208/3208
f 3208/3208/3208 3609/3609/3609 3209/3209/3209
f 3609/3609/3609 3610/3610/3610 3209/3209/3209
f 3209/3209/3209 3610/3610/3610 3210/3210/3210
f 3610/3610/3610 3611/3611/3611 3210/3210/3210
f 3210/3210/3210 3611/3611/3611 3211/3211/3211
f 3611/3611/3611 3612/3612/3612 3211/3211/3211
f 3211/3211/3211 3612/3612/3612 3212/3212/3212
f 3612/3612/3612 3613/3613/3613 3212/3212/3212
f 3212/3212/3212 3613/3613/3613 3213/3213/3213
f 3613/3613/3613 3614/3614/3614 3213/3213/3213
f 3213/3213/3213 3614/3614/3614 3214/3214/3214
f 3614/3614/3614 3615/3615/3615 3214/3214/3214
f 3214/3214/3214 3615/3615/3615 3215/3215/3215
f 3615/3615/3615 3616/3616/3616 3215/3215/3215
f 3215/3215/3215 3616/3616/3616 3216/3216/3216
f 3616/3616/3616 3617/3617/3617 3216/3216/3216
f 3216/3216/3216 3617/3617/3617 3217/3217/3217
f 3617/3617/3617 3618/3618/3618 3217/3217/3217
f 3217/3217/3217 3618/3618/3618 3218/3218/3218
f 3618/3618/3618 3619/3619/3619 3218/3218/3218
f 3218/3218/3218 3619/3619/3619 3219/3219/3219
f 3619/3619/3619 3620/3620/3620 3219/3219/3219
f 3219/3219/3219 3620/3620/3620 3220/3220/3220
f 3620/3620/3620 3621/3621/3621 3220/3220/3220
f 3220/3220/3220 3621/3621/3621 3221/3221/3221
f 3621/3621/3621 3622/3622/3622 3221/3221/3221
f 3221/3221/3221 3622/3622/3622 3222/3222/3222
f 3622/3622/3622 3623/3623/3623 3222/3222/3222
f 3222/3222/3222 3623/3623/3623 3223/3223/3223
f 3623/3623/3623 3624/3624/3624 3223/3223/3223
f 3223/3223/3223 3624/3624/3624 3224/3224/3224
f 3624/3624/3624 3625/3625/3625 3224/3224/3224
f 3224/3224/3224 3625/3625/3625 3225/3225/3225
f 3625/3625/3625 3626/3626/3626 3225/3225/3225
f 3225/3225/3225 3626/3626/3626 3226/3226/3226
f 3626/3626/3626 3627/3627/3627 3226/3226/3226
f 3226/3226/3226 3627/3627/3627 3227/3227/3227
f 3627/3627/3627 3628/3628/3628 3227/3227/3227
f 3227/3227/3227 3628/3628/3628 3228/3228/3228
f 3628/3628/3628 3629/3629/3629 3228/3228/3228
f 3228/3228/3228 3629/3629/3629 3229/3229/3229
f 3629/3629/3629 3630/3630/3630 3229/3229/3229
f 3229/3229/3229 3630/3630/3630 3230/3230/3230
f 3630/3630/3630 3631/3631/3631 3230/3230/3230
f 3230/3230/3230 3631/3631/3631 3231/3231/3231
f 3631/3631/3631 3632/3632/3632 3231/3231/3231
f 3231/3231/3231 3632/3632/3632 3232/3232/3232
f 3632/3632/3632 3633/3633/3633 3232/3232/3232
f 3232/3232/3232 3633/3633/3633 3233/3233/3233
f 3633/3633/3633 3634/3634/3634 3233/3233/3233
f 3233/3233/3233 3634/3634/3634 3234/3234/3234
f 3634/3634/3634 3635/3635/3635 3234/3234/3234
f 3234/3234/3234 3635/3635/3635 3235/3235/3235
f 3635/3635/3635 3636/3636/3636 3235/3235/3235
f 3235/3235/3235 3636/3636/3636 3236/3236/3236
f 3636/3636/3636 3637/3637/3637 3236/3236/3236
f 3236/3236/3236 3637/3637/3637 3237/3237/3237
f 3637/3637/3637 3638/3638/3638 3237/3237/3237
f 3237/3237/3237 3638/3638/3638 3238/3238/3238
f 3638/3638/3638 3639/3639/3639 3238/3238/3238
f 3238/3238/3238 3639/3639/3639 3239/3239/3239
f 3639/3639/3639 3640/3640/3640 3239/3239/3239
f 3239/3239/3239 3640/3640/3640 3240/3240/3240
f 3640/3640/3640 3641/3641/3641 3240/3240/3240
f 3240/3240/3240 3641/3641/3641 3241/3241/3241
f 3641/3641/3641 3642/3642/3642 3241/3241/3241
f 3241/3241/3241 3642/3642/3642 3242/3242/3242
f 3642/3642/3642 3643/3643/3643 3242/3242/3242
f 3242/3242/3242 3643/3643/3643 3243/3243/3243
f 3643/3643/3643 3644/3644/3644 3243/3243/3243
f 3243/3243/3243 3644/3644/3644 3244/3244/3244
f 3644/3644/3644 3645/3645/3645 3244/3244/3244
f 3244/3244/3244 3645/3645/3645 3245/3245/3245
f 3645/3645/3645 3646/3646/3646 3245/3245/3245
f 3245/3245/3245 3646/3646/3646 3246/3246/3246
f 3646/3646/3646 3647/3647/3647 3246/3246/3246
f 3246/3246/3246 3647/3647/3647 3247/3247/3247
f 3647/3647/3647 3648/3648/3648 3247/3247/3247
f 3247/3247/3247 3648/3648/3648 3248/3248/3248
f 3648/3648/3648 3649/3649/3649 3248/3248/3248
f 3248/3248/3248 3649/3649/3649 3249/3249/3249
f 3649/3649/3649 3650/3650/3650 3249/3249/3249
f 3249/3249/3249 3650/3650/3650 3250/3250/3250
f 3650/3650/3650 3651/3651/3651 3250/3250/3250
f 3250/3250/3250 3651/3651/3651 3251/3251/3251
f 3651/3651/3651 3652/3652/3652 3251/3251/3251
f 3251/3251/3251 3652/3652/3652 3252/3252/3252
f 3652/3652/3652 3653/3653/3653 3252/3252/3252
f 3252/3252/3252 3653/3653/3653 3253/3253/3253
f 3653/3653/3653 3654/3654/3654 3253/3253/3253
f 3253/3253/3253 3654/3654/3654 3254/3254/3254
f 3654/3654/3654 3655/3655/3655 3254/3254/3254
f 3254/3254/3254 3655/3655/3655 3255/3255/3255
f 3655/3655/3655 3656/3656/3656 3255/3255/3255
f 3255/3255/3255 3656/3656/3656 3256/3256/3256
f 3656/3656/3656 3657/3657/3657 3256/3256/3256
f 3256/3256/3256 3657/3657/3657 3257/3257/3257
f 3657/3657/3657 3658/3658/3658 3257/3257/3257
f 3257/3257/3257 3658/3658/3658 3258/3258/3258
f 3658/3658/3658 3659/3659/3659 3258/3258/3258
f 3258/3258/3258 3659/3659/3659 3259/3259/3259
f 3659/3659/3659 3660/3660/3660 3259/3259/3259
f 3259/3259/3259 3660/3660/3660 3260/3260/3260
f 3660/3660/3660 3661/3661/3661 3260/3260/3260
f 3260/3260/3260 3661/3661/3661 3261/3261/3261
f 3661/3661/3661 3662/3662/3662 3261/3261/3261
f 3261/3261/3261 3662/3662/3662 3262/3262/3262
f 3662/3662/3662 3663/3663/3663 3262/3262/3262
f 3262/3262/3262 3663/3663/3663 3263/3263/3263
f 3663/3663/3663 3664/3664/3664 3263/3263/3263
f 3263/3263/3263 3664/3664/3664 3264/3264/3264
f 3664/3664/3664 3665/3665/3665 3264/3264/3264
f 3264/3264/3264 3665/3665/3665 3265/3265/3265
f 3665/3665/3665 3666/3666/3666 3265/3265/3265
f 3265/3265/3265 3666/3666/3666 3266/3266/3266
f 3666/3666/3666 3667/3667/3667 3266/3266/3266
f 3266/3266/3266 3667/3667/3667 3267/3267/3267
f 3667/3667/3667 3668/3668/3668 3267/3267/3267
f 3267/3267/3267 3668/3668/3668 3268/3268/3268
f 3668/3668/3668 3669/3669/3669 3268/3268/3268
f 3268/3268/3268 3669/3669/3669 3269/3269/3269
f 3669/3669/3669 3670/3670/3670 3269/3269/3269
f 3269/3269/3269 3670/3670/3670 3270/3270/3270
f 3670/3670/3670 3671/3671/3671 3270/3270/3270
f 3270/3270/3270 3671/3671/3671 3271/3271/3271
f 3671/3671/3671 3672/3672/3672 3271/3271/3271
f 3271/3271/3271 3672/3672/3672 3272/3272/3272
f 3672/3672/3672 3673/3673/3673 3272/3272/3272
f 3272/3272/3272 3673/3673/3673 3273/3273/3273
f 3673/3673/3673 3674/3674/3674 3273/3273/3273
f 3273/3273/3273 3674/3674/3674 3274/3274/3274
f 3674/3674/3674 3675/3675/3675 3274/3274/3274
f 3274/3274/3274 3675/3675/3675 3275/3275/3275
f 3675/3675/3675 3676/3676/3676 3275/3275/3275
f 3275/3275/3275 3676/3676/3676 3276/3276/3276
f 3676/3676/3676 3677/3677/3677 3276/3276/3276
f 3276/3276/3276 3677/3677/3677 3277/3277/3277
f 3677/3677/3677 3678/3678/3678 3277/3277/3277
f 3277/3277/3277 3678/3678/3678 3278/3278/3278
f 3678/3678/3678 3679/3679/3679 3278/3278/3278
f 3278/3278/3278 3679/3679/3679 3279/3279/3279
f 3679/3679/3679 3680/3680/3680 3279/3279/3279
f 3279/3279/3279 3680/3680/3680 3280/3280/3280
f 3680/3680/3680 3681/3681/3681 3280/3280/3280
f 3280/3280/3280 3681/3681/3681 3281/3281/3281
f 3681/3681/3681 3682/3682/3682 3281/3281/3281
f 3281/3281/3281 3682/3682/3682 3282/3282/3282
f 3682/3682/3682 3683/3683/3683 3282/3282/3282
f 3282/3282/3282 3683/3683/3683 3283/3283/3283
f 3683/3683/3683 3684/3684/3684 3283/3283/3283
f 3283/3283/3283 3684/3684/3684 3284/3284/3284
f 3684/3684/3684 3685/3685/3685 3284/3284/3284
f 3284/3284/3284 3685/3685/3685 3285/3285/3285
f 3685/3685/3685 3686/3686/3686 3285/3285/3285
f 3285/3285/3285 3686/3686/3686 3286/3286/3286
f 3686/3686/3686 3687/3687/3687 3286/3286/3286
f 3286/3286/3286 3687/3687/3687 3287/3287/3287
f 3687/3687/3687 3688/3688/3688 3287/3287/3287
f 3287/3287/3287 3688/3688/3688 3288/3288/3288
f 3688/3688/3688 3689/3689/3689 3288/3288/3288
f 3288/3288/3288 3689/3689/3689 3289/3289/3289
f 3689/3689/3689 3690/3690/3690 3289/3289/3289
f 3289/3289/3289 3690/3690/3690 3290/3290/3290
f 3690/3690/3690 3691/3691/3691 3290/3290/3290
f 3290/3290/3290 3691/3691/3691 3291/3291/3291
f 3691/3691/3691 3692/3692/3692 3291/3291/3291
f 3291/3291/3291 3692/3692/3692 3292/3292/3292
f 3692/3692/3692 3693/3693/3693 3292/3292/3292
f 3292/3292/3292 3693/3693/3693 3293/3293/3293
f 3693/3693/3693 3694/3694/3694 3293/3293/3293
f 3293/3293/3293 3694/3694/3694 3294/3294/3294
f 3694/3694/3694 3695/3695/3695 3294/3294/3294
f 3294/3294/3294 3695/3695/3695 3295/3295/3295
f 3695/3695/3695 3696/3696/3696 3295/3295/3295
f 3295/3295/3295 3696/3696/3696 3296/3296/3296
f 3696/3696/3696 3697/3697/3697 3296/3296/3296
f 3296/3296/3296 3697/3697/3697 3297/3297/3297
f 3697/3697/3697 3698/3698/3698 3297/3297/3297
f 3297/3297/3297 3698/3698/3698 3298/3298/3298
f 3698/3698/3698 3699/3699/3699 3298/3298/3298
f 3298/3298/3298 3699/3699/3699 3299/3299/3299
f 3699/3699/3699 3700/3700/3700 3299/3299/3299
f 3299/3299/3299 3700/3700/3700 3300/3300/3300
f 3700/3700/3700 3701/3701/3701 3300/3300/3300
f 3300/3300/3300 3701/3701/3701 3301/3301/3301
f 3701/3701/3701 3702/3702/3702 3301/3301/3301
f 3301/3301/3301 3702/3702/3702 3302/3302/3302
f 3702/3702/3702 3703/3703/3703 3302/3302/3302
f 3302/3302/3302 3703/3703/3703 3303/3303/3303
f 3703/3703/3703 3704/3704/3704 3303/3303/3303
f 3303/3303/3303 3704/3704/3704 3304/3304/3304
f 3704/3704/3704 3705/3705/3705 3304/3304/3304
f 3304/3304/3304 3705/3705/3705 3305/3305/3305
f 3705/3705/3705 3706/3706/3706 3305/3305/3305
f 3305/3305/3305 3706/3706/3706 3306/3306/3306
f 3706/3706/3706 3707/3707/3707 3306/3306/3306
f 3306/3306/3306 3707/3707/3707 3307/3307/3307
f 3707/3707/3707 3708/3708/3708 3307/3307/3307
f 3307/3307/3307 3708/3708/3708 3308/3308/3308
f 3708/3708/3708 3709/3709/3709 3308/3308/3308
f 3308/3308/3308 3709/3709/3709 3309/3309/3309
f 3709/3709/3709 3710/3710/3710 3309/3309/3309
f 3309/3309/3309 3710/3710/3710 3310/3310/3310
f 3710/3710/3710 3711/3711/3711 3310/3310/3310
f 3310/3310/3310 3711/3711/3711 3311/3311/3311
f 3711/3711/3711 3712/3712/3712 3311/3311/3311
f 3311/3311/3311 3712/3712/3712 3312/3312/3312
f 3712/3712/3712 3713/3713/3713 3312/3312/3312
f 3312/3312/3312 3713/3713/3713 3313/3313/3313
f 3713/3713/3713 3714/3714/3714 3313/3313/3313
f 3313/3313/3313 3714/3714/3714 3314/3314/3314
f 3714/3714/3714 3715/3715/3715 3314/3314/3314
f 3314/3314/3314 3715/3715/3715 3315/3315/3315
f 3715/3715/3715 3716/3716/3716 3315/3315/3315
f 3315/3315/3315 3716/3716/3716 3316/3316/3316
f 3716/3716/3716 3717/3717/3717 3316/3316/3316
f 3316/3316/3316 3717/3717/3717 3317/3317/3317
f 3717/3717/3717 3718/3718/3718 3317/3317/3317
f 3317/3317/3317 3718/3718/3718 3318/3318/3318
f 3718/3718/3718 3719/3719/3719 3318/3318/3318
f 3318/3318/3318 3719/3719/3719 3319/3319/3319
f 3719/3719/3719 3720/3720/3720 3319/3319/3319
f 3319/3319/3319 3720/3720/3720 3320/3320/3320
f 3720/3720/3720 3721/3721/3721 3320/3320/3320
f 3320/3320/3320 3721/3721/3721 3321/3321/3321
f 3721/3721/3721 3722/3722/3722 3321/3321/3321
f 3321/3321/3321 3722/3722/3722 3322/3322/3322
f 3722/3722/3722 3723/3723/3723 3322/3322/3322
f 3322/3322/3322 3723/3723/3723 3323/3323/3323
f 3723/3723/3723 3724/3724/3724 3323/3323/3323
f 3323/3323/3323 3724/3724/3724 3324/3324/3324
f 3724/3724/3724 3725/3725/3725 3324/3324/3324
f 3324/3324/3324 3725/3725/3725 3325/3325/3325
f 3725/3725/3725 3726/3726/3726 3325/3325/3325
f 3325/3325/3325 3726/3726/3726 3326/3326/3326
f 3726/3726/3726 3727/3727/3727 3326/3326/3326
f 3326/3326/3326 3727/3727/3727 3327/3327/3327
f 3727/3727/3727 3728/3728/3728 3327/3327/3327
f 3327/3327/3327 3728/3728/3728 3328/3328/3328
f 3728/3728/3728 3729/3729/3729 3328/3328/3328
f 3328/3328/3328 3729/3729/3729 3329/3329/3329
f 3729/3729/3729 3730/3730/3730 3329/3329/3329
f 3329/3329/3329 3730/3730/3730 3330/3330/3330
f 3730/3730/3730 3731/3731/3731 3330/3330/3330
f 3330/3330/3330 3731/3731/3731 3331/3331/3331
f 3731/3731/3731 3732/3732/3732 3331/3331/3331
f 3331/3331/3331 3732/3732/3732 3332/3332/3332
f 3732/3732/3732 3733/3733/3733 3332/3332/3332
f 3332/3332/3332 3733/3733/3733 3333/3333/3333
f 3733/3733/3733 3734/3734/3734 3333/3333/3333
f 3333/3333/3333 3734/3734/3734 3334/3334/3334
f 3734/3734/3734 3735/3735/3735 3334/3334/3334
f 3334/3334/3334 3735/3735/3735 3335/3335/3335
f 3735/3735/3735 3736/3736/3736 3335/3335/3335
f 3335/3335/3335 3736/3736/3736 3336/3336/3336
f 3736/3736/3736 3737/3737/3737 3336/3336/3336
f 3336/3336/3336 3737/3737/3737 3337/3337/3337
f 3737/3737/3737 3738/3738/3738 3337/3337/3337
f 3337/3337/3337 3738/3738/3738 3338/3338/3338
f 3738/3738/3738 3739/3739/3739 3338/3338/3338
f 3338/3338/3338 3739/3739/3739 3339/3339/3339
f 3739/3739/3739 3740/3740/3740 3339/3339/3339
f 3339/3339/3339 3740/3740/3740 3340/3340/3340
f 3740/3740/3740 3741/3741/3741 3340/3340/3340
f 3340/3340/3340 3741/3741/3741 3341/3341/3341
f 3741/3741/3741 3742/3742/3742 3341/3341/3341
f 3341/3341/3341 3742/3742/3742 3342/3342/3342
f 3742/3742/3742 3743/3743/3743 3342/3342/3342
f 3342/3342/3342 3743/3743/3743 3343/3343/3343
f 3743/3743/3743 3744/3744/3744 3343/3343/3343
f 3343/3343/3343 3744/3744/3744 3344/3344/3344
f 3744/3744/3744 3745/3745/3745 3344/3344/3344
f 3344/3344/3344 3745/3745/3745 3345/3345/3345
f 3745/3745/3745 3746/3746/3746 3345/3345/3345
f 3345/3345/3345 3746/3746/3746 3346/3346/3346
f 3746/3746/3746 3747/3747/3747 3346/3346/3346
f 3346/3346/3346 3747/3747/3747 3347/3347/3347
f 3747/3747/3747 3748/3748/3748 3347/3347/3347
f 3347/3347/3347 3748/3748/3748 3348/3348/3348
f 3748/3748/3748 3749/3749/3749 3348/3348/3348
f 3348/3348/3348 3749/3749/3749 3349/3349/3349
f 3749/3749/3749 3750/3750/3750 3349/3349/3349
f 3349/3349/3349 3750/3750/3750 3350/3350/3350
f 3750/3750/3750 3751/3751/3751 3350/3350/3350
f 3350/3350/3350 3751/3751/3751 3351/3351/3351
f 3751/3751/3751 3752/3752/3752 3351/3351/3351
f 3351/3351/3351 3752/3752/3752 3352/3352/3352
f 3752/3752/3752 3753/3753/3753 3352/3352/3352
f 3352/3352/3352 3753/3753/3753 3353/3353/3353
f 3753/3753/3753 3754/3754/3754 3353/3353/3353
f 3353/3353/3353 3754/3754/3754 3354/3354/3354
f 3754/3754/3754 3755/3755/3755 3354/3354/3354
f 3354/3354/3354 3755/3755/3755 3355/3355/3355
f 3755/3755/3755 3756/3756/3756 3355/3355/3355
f 3355/3355/3355 3756/3756/3756 3356/3356/3356
f 3756/3756/3756 3757/3757/3757 3356/3356/3356
f 3356/3356/3356 3757/3757/3757 3357/3357/3357
f 3757/3757/3757 3758/3758/3758 3357/3357/3357
f 3357/3357/3357 3758/3758/3758 3358/3358/3358
f 3758/3758/3758 3759/3759/3759 3358/3358/3358
f 3358/3358/3358 3759/3759/3759 3359/3359/3359
f 3759/3759/3759 3760/3760/3760 3359/3359/3359
f 3359/3359/3359 3760/3760/3760 3360/3360/3360
f 3760/3760/3760 3761/3761/3761 3360/3360/3360
f 3360/3360/3360 3761/3761/3761 3361/3361/3361
f 3761/3761/3761 3762/3762/3762 3361/3361/3361
f 3361/3361/3361 3762/3762/3762 3362/3362/3362
f 3762/3762/3762 3763/3763/3763 3362/3362/3362
f 3362/3362/3362 3763/3763/3763 3363/3363/3363
f 3763/3763/3763 3764/3764/3764 3363/3363/3363
f 3363/3363/3363 3764/3764/3764 3364/3364/3364
f 3764/3764/3764 3765/3765/3765 3364/3364/3364
f 3364/3364/3364 3765/3765/3765 3365/3365/3365
f 3765/3765/3765 3766/3766/3766 3365/3365/3365
f 3365/3365/3365 3766/3766/3766 3366/3366/3366
f 3766/3766/3766 3767/3767/3767 3366/3366/3366
f 3366/3366/3366 3767/3767/3767 3367/3367/3367
f 3767/3767/3767 3768/3768/3768 3367/3367/3367
f 3367/3367/3367 3768/3768/3768 3368/3368/3368
f 3768/3768/3768 3769/3769/3769 3368/3368/3368
f 3368/3368/3368 3769/3769/3769 3369/3369/3369
f 3769/3769/3769 3770/3770/3770 3369/3369/3369
f 3369/3369/3369 3770/3770/3770 3370/3370/3370
f 3770/3770/3770 3771/3771/3771 3370/3370/3370
f 3370/3370/3370 3771/3771/3771 3371/3371/3371
f 3771/3771/3771 3772/3772/3772 3371/3371/3371
f 3371/3371/3371 3772/3772/3772 3372/3372/3372
f 3772/3772/3772 3773/3773/3773 3372/3372/3372
f 3372/3372/3372 3773/3773/3773 3373/3373/3373
f 3773/3773/3773 3774/3774/3774 3373/3373/3373
f 3373/3373/3373 3774/3774/3774 3374/3374/3374
f 3774/3774/3774 3775/3775/3775 3374/3374/3374
f 3374/3374/3374 3775/3775/3775 3375/3375/3375
f 3775/3775/3775 3776/3776/3776 3375/3375/3375
f 3375/3375/3375 3776/3776/3776 3376/3376/3376
f 3776/3776/3776 3777/3777/3777 3376/3376/3376
f 3376/3376/3376 3777/3777/3777 3377/3377/3377
f 3777/3777/3777 3778/3778/3778 3377/3377/3377
f 3377/3377/3377 3778/3778/3778 3378/3378/3378
f 3778/3778/3778 3779/3779/3779 3378/3378/3378
f 3378/3378/3378 3779/3779/3779 3379/3379/3379
f 3779/3779/3779 3780/3780/3780 3379/3379/3379
f 3379/3379/3379 3780/3780/3780 3380/3380/3380
f 3780/3780/3780 3781/3781/3781 3380/3380/3380
f 3380/3380/3380 3781/3781/3781 3381/3381/3381
f 3781/3781/3781 3782/3782/3782 3381/3381/3381
f 3381/3381/3381 3782/3782/3782 3382/3382/3382
f 3782/3782/3782 3783/3783/3783 3382/3382/3382
f 3382/3382/3382 3783/3783/3783 3383/3383/3383
f 3783/3783/3783 3784/3784/3784 3383/3383/3383
f 3383/3383/3383 3784/3784/3784 3384/3384/3384
f 3784/3784/3784 3785/3785/3785 3384/3384/3384
f 3384/3384/3384 3785/3785/3785 3385/3385/3385
f 3785/3785/3785 3786/3786/3786 3385/3385/3385
f 3385/3385/3385 3786/3786/3786 3386/3386/3386
f 3786/3786/3786 3787/3787/3787 3386/3386/3386
f 3386/3386/3386 3787/3787/3787 3387/3387/3387
f 3787/3787/3787 3788/3788/3788 3387/3387/3387
f 3387/3387/3387 3788/3788/3788 3388/3388/3388
f 3788/3788/3788 3789/3789/3789 3388/3388/3388
f 3388/3388/3388 3789/3789/3789 3389/3389/3389
f 3789/3789/3789 3790/3790/3790 3389/3389/3389
f 3389/3389/3389 3790/3790/3790 3390/3390/3390
f 3790/3790/3790 3791/3791/3791 3390/3390/3390
f 3390/3390/3390 3791/3791/3791 3391/3391/3391
f 3791/3791/3791 3792/3792/3792 3391/3391/3391
f 3391/3391/3391 3792/3792/3792 3392/3392/3392
f 3792/3792/3792 3793/3793/3793 3392/3392/3392
f 3392/3392/3392 3793/3793/3793 3393/3393/3393
f 3793/3793/3793 3794/3794/3794 3393/3393/3393
f 3393/3393/3393 3794/3794/3794 3394/3394/3394
f 3794/3794/3794 3795/3795/3795 3394/3394/3394
f 3394/3394/3394 3795/3795/3795 3395/3395/3395
f 3795/3795/3795 3796/3796/3796 3395/3395/3395
f 3395/3395/3395 3796/3796/3796 3396/3396/3396
f 3796/3796/3796 3797/3797/3797 3396/3396/3396
f 3396/3396/3396 3797/3797/3797 3397/3397/3397
f 3797/3797/3797 3798/3798/3798 3397/3397/3397
f 3397/3397/3397 3798/3798/3798 3398/3398/3398
f 3798/3798/3798 3799/3799/3799 3398/3398/3398
f 3398/3398/3398 3799/3799/3799 3399/3399/3399
f 3799/3799/3799 3800/3800/3800 3399/3399/3399
f 3399/3399/3399 3800/3800/3800 3400/3400/3400
f 3800/3800/3800 3801/3801/3801 3400/3400/3400
f 3400/3400/3400 3801/3801/3801 3401/3401/3401
f 3801/3801/3801 3802/3802/3802 3401/3401/3401
f 3401/3401/3401 3802/3802/3802 3402/3402/3402
f 3802/3802/3802 3803/3803/3803 3402/3402/3402
f 3402/3402/3402 3803/3803/3803 3403/3403/3403
f 3803/3803/3803 3804/3804/3804 3403/3403/3403
f 3403/3403/3403 3804/3804/3804 3404/3404/3404
f 3804/3804/3804 3805/3805/3805 3404/3404/3404
f 3404/3404/3404 3805/3805/3805 3405/3405/3405
f 3805/3805/3805 3806/3806/3806 3405/3405/3405
f 3405/3405/3405 3806/3806/3806 3406/3406/3406
f 3806/3806/3806 3807/3807/3807 3406/3406/3406
f 3406/3406/3406 3807/3807/3807 3407/3407/3407
f 3807/3807/3807 3808/3808/3808 3407/3407/3407
f 3407/3407/3407 3808/3808/3808 3408/3408/3408
f 3808/3808/3808 3809/3809/3809 3408/3408/3408
f 3408/3408/3408 3809/3809/3809 3409/3409/3409
f 3809/3809/3809 3810/3810/3810 3409/3409/3409
f 3409/3409/3409 3810/3810/3810 3410/3410/3410
f 3810/3810/3810 3811/3811/3811 3410/3410/3410
f 3410/3410/3410 3811/3811/3811 3411/3411/3411
f 3811/3811/3811 3812/3812/3812 3411/3411/3411
f 3411/3411/3411 3812/3812/3812 3412/3412/3412
f 3812/3812/3812 3813/3813/3813 3412/3412/3412
f 3412/3412/3412 3813/3813/3813 3413/3413/3413
f 3813/3813/3813 3814/3814/3814 3413/3413/3413
f 3413/3413/3413 3814/3814/3814 3414/3414/3414
f 3814/3814/3814 3815/3815/3815 3414/3414/3414
f 3414/3414/3414 3815/3815/3815 3415/3415/3415
f 3815/3815/3815 3816/3816/3816 3415/3415/3415
f 3415/3415/3415 3816/3816/3816 3416/3416/3416
f 3816/3816/3816 3817/3817/3817 3416/3416/3416
f 3416/3416/3416 3817/3817/3817 3417/3417/3417
f 3817/3817/3817 3818/3818/3818 3417/3417/3417
f 3417/3417/3417 3818/3818/3818 3418/3418/3418
f 3818/3818/3818 3819/3819/3819 3418/3418/3418
f 3418/3418/3418 3819/3819/3819 3419/3419/3419
f 3819/3819/3819 3820/3820/3820 3419/3419/3419
f 3419/3419/3419 3820/3820/3820 3420/3420/3420
f 3820/3820/3820 3821/3821/3821 3420/3420/3420
f 3420/3420/3420 3821/3821/3821 3421/3421/3421
f 3821/3821/3821 3822/3822/3822 3421/3421/3421
f 3421/3421/3421 3822/3822/3822 3422/3422/3422
f 3822/3822/3822 3823/3823/3823 3422/3422/3422
f 3422/3422/3422 3823/3823/3823 3423/3423/3423
f 3823/3823/3823 3824/3824/3824 3423/3423/3423
f 3423/3423/3423 3824/3824/3824 3424/3424/3424
f 3824/3824/3824 3825/3825/3825 3424/3424/3424
f 3424/3424/3424 3825/3825/3825 3425/3425/3425
f 3825/3825/3825 3826/3826/3826 3425/3425/3425
f 3425/3425/3425 3826/3826/3826 3426/3426/3426
f 3826/3826/3826 3827/3827/3827 3426/3426/3426
f 3426/3426/3426 3827/3827/3827 3427/3427/3427
f 3827/3827/3827 3828/3828/3828 3427/3427/3427
f 3427/3427/3427 3828/3828/3828 3428/3428/3428
f 3828/3828/3828 3829/3829/3829 3428/3428/3428
f 3428/3428/3428 3829/3829/3829 3429/3429/3429
f 3829/3829/3829 3830/3830/3830 3429/3429/3429
f 3429/3429/3429 3830/3830/3830 3430/3430/3430
f 3830/3830/3830 3831/3831/3831 3430/3430/3430
f 3430/3430/3430 3831/3831/3831 3431/3431/3431
f 3831/3831/3831 3832/3832/3832 3431/3431/3431
f 3431/3431/3431 3832/3832/3832 3432/3432/3432
f 3832/3832/3832 3833/3833/3833 3432/3432/3432
f 3432/3432/3432 3833/3833/3833 3433/3433/3433
f 3833/3833/3833 3834/3834/3834 3433/3433/3433
f 3433/3433/3433 3834/3834/3834 3434/3434/3434
f 3834/3834/3834 3835/3835/3835 3434/3434/3434
f 3434/3434/3434 3835/3835/3835 3435/3435/3435
f 3835/3835/3835 3836/3836/3836 3435/3435/3435
f 3435/3435/3435 3836/3836/3836 3436/3436/3436
f 3836/3836/3836 3837/3837/3837 3436/3436/3436
f 3436/3436/3436 3837/3837/3837 3437/3437/3437
f 3837/3837/3837 3838/3838/3838 3437/3437/3437
f 3437/3437/3437 3838/3838/3838 3438/3438/3438
f 3838/3838/3838 3839/3839/3839 3438/3438/3438
f 3438/3438/3438 3839/3839/3839 3439/3439/3439
f 3839/3839/3839 3840/3840/3840 3439/3439/3439
f 3439/3439/3439 3840/3840/3840 3440/3440/3440
f 3840/3840/3840 3841/3841/3841 3440/3440/3440
f 3440/3440/3440 3841/3841/3841 3441/3441/3441
f 3841/3841/3841 3842/3842/3842 3441/3441/3441
f 3441/3441/3441 3842/3842/3842 3442/3442/3442
f 3842/3842/3842 3843/3843/3843 3442/3442/3442
f 3442/3442/3442 3843/3843/3843 3443/3443/3443
f 3843/3843/3843 3844/3844/3844 3443/3443/3443
f 3443/3443/3443 3844/3844/3844 3444/3444/3444
f 3844/3844/3844 3845/3845/3845 3444/3444/3444
f 3444/3444/3444 3845/3845/3845 3445/3445/3445
f 3845/3845/3845 3846/3846/3846 3445/3445/3445
f 3445/3445/3445 3846/3846/3846 3446/3446/3446
f 3846/3846/3846 3847/3847/3847 3446/3446/3446
f 3446/3446/3446 3847/3847/3847 3447/3447/3447
f 3847/3847/3847 3848/3848/3848 3447/3447/3447
f 3447/3447/3447 3848/3848/3848 3448/3448/3448
f 3848/3848/3848 3849/3849/3849 3448/3448/3448
f 3448/3448/3448 3849/3849/3849 3449/3449/3449
f 3849/3849/3849 3850/3850/3850 3449/3449/3449
f 3449/3449/3449 3850/3850/3850 3450/3450/3450
f 3850/3850/3850 3851/3851/3851 3450/3450/3450
f 3450/3450/3450 3851/3851/3851 3451/3451/3451
f 3851/3851/3851 3852/3852/3852 3451/3451/3451
f 3451/3451/3451 3852/3852/3852 3452/3452/3452
f 3852/3852/3852 3853/3853/3853 3452/3452/3452
f 3452/3452/3452 3853/3853/3853 3453/3453/3453
f 3853/3853/3853 3854/3854/3854 3453/3453/3453
f 3453/3453/3453 3854/3854/3854 3454/3454/3454
f 3854/3854/3854 3855/3855/3855 3454/3454/3454
f 3454/3454/3454 3855/3855/3855 3455/3455/3455
f 3855/3855/3855 3856/3856/3856 3455/3455/3455
f 3455/3455/3455 3856/3856/3856 3456/3456/3456
f 3856/3856/3856 3857/3857/3857 3456/3456/3456
f 3456/3456/3456 3857/3857/3857 3457/3457/3457
f 3857/3857/3857 3858/3858/3858 3457/3457/3457
f 3457/3457/3457 3858/3858/3858 3458/3458/3458
f 3858/3858/3858 3859/3859/3859 3458/3458/3458
f 3458/3458/3458 3859/3859/3859 3459/3459/3459
f 3859/3859/3859 3860/3860/3860 3459/3459/3459
f 3459/3459/3459 3860/3860/3860 3460/3460/3460
f 3860/3860/3860 3861/3861/3861 3460/3460/3460
f 3460/3460/3460 3861/3861/3861 3461/3461/3461
f 3861/3861/3861 3862/3862/3862 3461/3461/3461
f 3461/3461/3461 3862/3862/3862 3462/3462/3462
f 3862/3862/3862 3863/3863/3863 3462/3462/3462
f 3462/3462/3462 3863/3863/3863 3463/3463/3463
f 3863/3863/3863 3864/3864/3864 3463/3463/3463
f 3463/3463/3463 3864/3864/3864 3464/3464/3464
f 3864/3864/3864 3865/3865/3865 3464/3464/3464
f 3464/3464/3464 3865/3865/3865 3465/3465/3465
f 3865/3865/3865 3866/3866/3866 3465/3465/3465
f 3465/3465/3465 3866/3866/3866 3466/3466/3466
f 3866/3866/3866 3867/3867/3867 3466/3466/3466
f 3466/3466/3466 3867/3867/3867 3467/3467/3467
f 3867/3867/3867 3868/3868/3868 3467/3467/3467
f 3467/3467/3467 3868/3868/3868 3468/3468/3468
f 3868/3868/3868 3869/3869/3869 3468/3468/3468
f 3468/3468/3468 3869/3869/3869 3469/3469/3469
f 3869/3869/3869 3870/3870/3870 3469/3469/3469
f 3469/3469/3469 3870/3870/3870 3470/3470/3470
f 3870/3870/3870 3871/3871/3871 3470/3470/3470
f 3470/3470/3470 3871/3871/3871 3471/3471/3471
f 3871/3871/3871 3872/3872/3872 3471/3471/3471
f 3471/3471/3471 3872/3872/3872 3472/3472/3472
f 3872/3872/3872 3873/3873/3873 3472/3472/3472
f 3472/3472/3472 3873/3873/3873 3473/3473/3473
f 3873/3873/3873 3874/3874/3874 3473/3473/3473
f 3473/3473/3473 3874/3874/3874 3474/3474/3474
f 3874/3874/3874 3875/3875/3875 3474/3474/3474
f 3474/3474/3474 3875/3875/3875 3475/3475/3475
f 3875/3875/3875 3876/3876/3876 3475/3475/3475
f 3475/3475/3475 3876/3876/3876 3476/3476/3476
f 3876/3876/3876 3877/3877/3877 3476/3476/3476
f 3476/3476/3476 3877/3877/3877 3477/3477/3477
f 3877/3877/3877 3878/3878/3878 3477/3477/3477
f 3477/3477/3477 3878/3878/3878 3478/3478/3478
f 3878/3878/3878 3879/3879/3879 3478/3478/3478
f 3478/3478/3478 3879/3879/3879 3479/3479/3479
f 3879/3879/3879 3880/3880/3880 3479/3479/3479
f 3479/3479/3479 3880/3880/3880 3480/3480/3480
f 3880/3880/3880 3881/3881/3881 3480/3480/3480
f 3480/3480/3480 3881/3881/3881 3481/3481/3481
f 3881/3881/3881 3882/3882/3882 3481/3481/3481
f 3481/3481/3481 3882/3882/3882 3482/3482/3482
f 3882/3882/3882 3883/3883/3883 3482/3482/3482
f 3482/3482/3482 3883/3883/3883 3483/3483/3483
f 3883/3883/3883 3884/3884/3884 3483/3483/3483
f 3483/3483/3483 3884/3884/3884 3484/3484/3484
f 3884/3884/3884 3885/3885/3885 3484/3484/3484
f 3484/3484/3484 3885/3885/3885 3485/3485/3485
f 3885/3885/3885 3886/3886/3886 3485/3485/3485
f 3485/3485/3485 3886/3886/3886 3486/3486/3486
f 3886/3886/3886 3887/3887/3887 3486/3486/3486
f 3486/3486/3486 3887/3887/3887 3487/3487/3487
f 3887/3887/3887 3888/3888/3888 3487/3487/3487
f 3487/3487/3487 3888/3888/3888 3488/3488/3488
f 3888/3888/3888 3889/3889/3889 3488/3488/3488
f 3488/3488/3488 3889/3889/3889 3489/3489/3489
f 3889/3889/3889 3890/3890/3890 3489/3489/3489
f 3489/3489/3489 3890/3890/3890 3490/3490/3490
f 3890/3890/3890 3891/3891/3891 3490/3490/3490
f 3490/3490/3490 3891/3891/3891 3491/3491/3491
f 3891/3891/3891 3892/3892/3892 3491/3491/3491
f 3491/3491/3491 3892/3892/3892 3492/3492/3492
f 3892/3892/3892 3893/3893/3893 3492/3492/3492
f 3492/3492/3492 3893/3893/3893 3493/3493/3493
f 3893/3893/3893 3894/3894/3894 3493/3493/3493
f 3493/3493/3493 3894/3894/3894 3494/3494/3494
f 3894/3894/3894 3895/3895/3895 3494/3494/3494
f 3494/3494/3494 3895/3895/3895 3495/3495/3495
f 3895/3895/3895 3896/3896/3896 3495/3495/3495
f 3495/3495/3495 3896/3896/3896 3496/3496/3496
f 3896/3896/3896 3897/3897/3897 3496/3496/3496
f 3496/3496/3496 3897/3897/3897 3497/3497/3497
f 3897/3897/3897 3898/3898/3898 3497/3497/3497
f 3497/3497/3497 3898/3898/3898 3498/3498/3498
f 3898/3898/3898 3899/3899/3899 3498/3498/3498
f 3498/3498/3498 3899/3899/3899 3499/3499/3499
f 3899/3899/3899 3900/3900/3900 3499/3499/3499
f 3499/3499/3499 3900/3900/3900 3500/3500/3500
f 3900/3900/3900 3901/3901/3901 3500/3500/3500
f 3500/3500/3500 3901/3901/3901 3501/3501/3501
f 3901/3901/3901 3902/3902/3902 3501/3501/3501
f 3501/3501/3501 3902/3902/3902 3502/3502/3502
f 3902/3902/3902 3903/3903/3903 3502/3502/3502
f 3502/3502/3502 3903/3903/3903 3503/3503/3503
f 3903/3903/3903 3904/3904/3904 3503/3503/3503
f 3503/3503/3503 3904/3904/3904 3504/3504/3504
f 3904/3904/3904 3905/3905/3905 3504/3504/3504
f 3504/3504/3504 3905/3905/3905 3505/3505/3505
f 3905/3905/3905 3906/3906/3906 3505/3505/3505
f 3505/3505/3505 3906/3906/3906 3506/3506/3506
f 3906/3906/3906 3907/3907/3907 3506/3506/3506
f 3506/3506/3506 3907/3907/3907 3507/3507/3507
f 3907/3907/3907 3908/3908/3908 3507/3507/3507
f 3507/3507/3507 3908/3908/3908 3508/3508/3508
f 3908/3908/3908 3909/3909/3909 3508/3508/3508
f 3508/3508/3508 3909/3909/3909 3509/3509/3509
f 3909/3909/3909 3910/3910/3910 3509/3509/3509
f 3509/3509/3509 3910/3910/3910 3510/3510/3510
f 3910/3910/3910 3911/3911/3911 3510/3510/3510
f 3510/3510/3510 3911/3911/3911 3511/3511/3511
f 3911/3911/3911 3912/3912/3912 3511/3511/3511
f 3511/3511/3511 3912/3912/3912 3512/3512/3512
f 3912/3912/3912 3913/3913/3913 3512/3512/3512
f 3512/3512/3512 3913/3913/3913 3513/3513/3513
f 3913/3913/3913 3914/3914/3914 3513/3513/3513
f 3513/3513/3513 3914/3914/3914 3514/3514/3514
f 3914/3914/3914 3915/3915/3915 3514/3514/3514
f 3514/3514/3514 3915/3915/3915 3515/3515/3515
f 3915/3915/3915 3916/3916/3916 3515/3515/3515
f 3515/3515/3515 3916/3916/3916 3516/3516/3516
f 3916/3916/3916 3917/3917/3917 3516/3516/3516
f 3516/3516/3516 3917/3917/3917 3517/3517/3517
f 3917/3917/3917 3918/3918/3918 3517/3517/3517
f 3517/3517/3517 3918/3918/3918 3518/3518/3518
f 3918/3918/3918 3919/3919/3919 3518/3518/3518
f 3518/3518/3518 3919/3919/3919 3519/3519/3519
f 3919/3919/3919 3920/3920/3920 3519/3519/3519
f 3519/3519/3519 3920/3920/3920 3520/3520/3520
f 3920/3920/3920 3921/3921/3921 3520/3520/3520
f 3520/3520/3520 3921/3921/3921 3521/3521/3521
f 3921/3921/3921 3922/3922/3922 3521/3521/3521
f 3521/3521/3521 3922/3922/3922 3522/3522/3522
f 3922/3922/3922 3923/3923/3923 3522/3522/3522
f 3522/3522/3522 3923/3923/3923 3523/3523/3523
f 3923/3923/3923 3924/3924/3924 3523/3523/3523
f 3523/3523/3523 3924/3924/3924 3524/3524/3524
f 3924/3924/3924 3925/3925/3925 3524/3524/3524
f 3524/3524/3524 3925/3925/3925 3525/3525/3525
f 3925/3925/3925 3926/3926/3926 3525/3525/3525
f 3525/3525/3525 3926/3926/3926 3526/3526/3526
f 3926/3926/3926 3927/3927/3927 3526/3526/3526
f 3526/3526/3526 3927/3927/3927 3527/3527/3527
f 3927/3927/3927 3928/3928/3928 3527/3527/3527
f 3527/3527/3527 3928/3928/3928 3528/3528/3528
f 3928/3928/3928 3929/3929/3929 3528/3528/3528
f 3528/3528/3528 3929/3929/3929 3529/3529/3529
f 3929/3929/3929 3930/3930/3930 3529/3529/3529
f 3529/3529/3529 3930/3930/3930 3530/3530/3530
f 3930/3930/3930 3931/3931/3931 3530/3530/3530
f 3530/3530/3530 3931/3931/3931 3531/3531/3531
f 3931/3931/3931 3932/3932/3932 3531/3531/3531
f 3531/3531/3531 3932/3932/3932 3532/3532/3532
f 3932/3932/3932 3933/3933/3933 3532/3532/3532
f 3532/3532/3532 3933/3933/3933 3533/3533/3533
f 3933/3933/3933 3934/3934/3934 3533/3533/3533
f 3533/3533/3533 3934/3934/3934 3534/3534/3534
f 3934/3934/3934 3935/3935/3935 3534/3534/3534
f 3534/3534/3534 3935/3935/3935 3535/3535/3535
f 3935/3935/3935 3936/3936/3936 3535/3535/3535
f 3535/3535/3535 3936/3936/3936 3536/3536/3536
f 3936/3936/3936 3937/3937/3937 3536/3536/3536
f 3536/3536/3536 3937/3937/3937 3537/3537/3537
f 3937/3937/3937 3938/3938/3938 3537/3537/3537
f 3537/3537/3537 3938/3938/3938 3538/3538/3538
f 3938/3938/3938 3939/3939/3939 3538/3538/3538
f 3538/3538/3538 3939/3939/3939 3539/3539/3539
f 3939/3939/3939 3940/3940/3940 3539/3539/3539
f 3539/3539/3539 3940/3940/3940 3540/3540/3540
f 3940/3940/3940 3941/3941/3941 3540/3540/3540
f 3540/3540/3540 3941/3941/3941 3541/3541/3541
f 3941/3941/3941 3942/3942/3942 3541/3541/3541
f 3541/3541/3541 3942/3942/3942 3542/3542/3542
f 3942/3942/3942 3943/3943/3943 3542/3542/3542
f 3542/3542/3542 3943/3943/3943 3543/3543/3543
f 3943/3943/3943 3944/3944/3944 3543/3543/3543
f 3543/3543/3543 3944/3944/3944 3544/3544/3544
f 3944/3944/3944 3945/3945/3945 3544/3544/3544
f 3544/3544/3544 3945/3945/3945 3545/3545/3545
f 3945/3945/3945 3946/3946/3946 3545/3545/3545
f 3545/3545/3545 3946/3946/3946 3546/3546/3546
f 3946/3946/3946 3947/3947/3947 3546/3546/3546
f 3546/3546/3546 3947/3947/3947 3547/3547/3547
f 3947/3947/3947 3948/3948/3948 3547/3547/3547
f 3547/3547/3547 3948/3948/3948 3548/3548/3548
f 3948/3948/3948 3949/3949/3949 3548/3548/3548
f 3548/3548/3548 3949/3949/3949 3549/3549/3549
f 3949/3949/3949 3950/3950/3950 3549/3549/3549
f 3549/3549/3549 3950/3950/3950 3550/3550/3550
f 3950/3950/3950 3951/3951/3951 3550/3550/3550
f 3550/3550/3550 3951/3951/3951 3551/3551/3551
f 3951/3951/3951 3952/3952/3952 3551/3551/3551
f 3551/3551/3551 3952/3952/3952 3552/3552/3552
f 3952/3952/3952 3953/3953/3953 3552/3552/3552
f 3552/3552/3552 3953/3953/3953 3553/3553/3553
f 3953/3953/3953 3954/3954/3954 3553/3553/3553
f 3553/3553/3553 3954/3954/3954 3554/3554/3554
f 3954/3954/3954 3955/3955/3955 3554/3554/3554
f 3554/3554/3554 3955/3955/3955 3555/3555/3555
f 3955/3955/3955 3956/3956/3956 3555/3555/3555
f 3555/3555/3555 3956/3956/3956 3556/3556/3556
f 3956/3956/3956 3957/3957/3957 3556/3556/3556
f 3556/3556/3556 3957/3957/3957 3557/3557/3557
f 3957/3957/3957 3958/3958/3958 3557/3557/3557
f 3557/3557/3557 3958/3958/3958 3558/3558/3558
f 3958/3958/3958 3959/3959/3959 3558/3558/3558
f 3558/3558/3558 3959/3959/3959 3559/3559/3559
f 3959/3959/3959 3960/3960/3960 3559/3559/3559
f 3559/3559/3559 3960/3960/3960 3560/3560/3560
f 3960/3960/3960 3961/3961/3961 3560/3560/3560
f 3560/3560/3560 3961/3961/3961 3561/3561/3561
f 3961/3961/3961 3962/3962/3962 3561/3561/3561
f 3561/3561/3561 3962/3962/3962 3562/3562/3562
f 3962/3962/3962 3963/3963/3963 3562/3562/3562
f 3562/3562/3562 3963/3963/3963 3563/3563/3563
f 3963/3963/3963 3964/3964/3964 3563/3563/3563
f 3563/3563/3563 3964/3964/3964 3564/3564/3564
f 3964/3964/3964 3965/3965/3965 3564/3564/3564
f 3564/3564/3564 3965/3965/3965 3565/3565/3565
f 3965/3965/3965 3966/3966/3966 3565/3565/3565
f 3565/3565/3565 3966/3966/3966 3566/3566/3566
f 3966/3966/3966 3967/3967/3967 3566/3566/3566
f 3566/3566/3566 3967/3967/3967 3567/3567/3567
f 3967/3967/3967 3968/3968/3968 3567/3567/3567
f 3567/3567/3567 3968/3968/3968 3568/3568/3568
f 3968/3968/3968 3969/3969/3969 3568/3568/3568
f 3568/3568/3568 3969/3969/3969 3569/3569/3569
f 3969/3969/3969 3970/3970/3970 3569/3569/3569
f 3569/3569/3569 3970/3970/3970 3570/3570/3570
f 3970/3970/3970 3971/3971/3971 3570/3570/3570
f 3570/3570/3570 3971/3971/3971 3571/3571/3571
f 3971/3971/3971 3972/3972/3972 3571/3571/3571
f 3571/3571/3571 3972/3972/3972 3572/3572/3572
f 3972/3972/3972 3973/3973/3973 3572/3572/3572
f 3572/3572/3572 3973/3973/3973 3573/3573/3573
f 3973/3973/3973 3974/3974/3974 3573/3573/3573
f 3573/3573/3573 3974/3974/3974 3574/3574/3574
f 3974/3974/3974 3975/3975/3975 3574/3574/3574
f 3574/3574/3574 3975/3975/3975 3575/3575/3575
f 3975/3975/3975 3976/3976/3976 3575/3575/3575
f 3575/3575/3575 3976/3976/3976 3576/3576/3576
f 3976/3976/3976 3977/3977/3977 3576/3576/3576
f 3576/3576/3576 3977/3977/3977 3577/3577/3577
f 3977/3977/3977 3978/3978/3978 3577/3577/3577
f 3577/3577/3577 3978/3978/3978 3578/3578/3578
f 3978/3978/3978 3979/3979/3979 3578/3578/3578
f 3578/3578/3578 3979/3979/3979 3579/3579/3579
f 3979/3979/3979 3980/3980/3980 3579/3579/3579
f 3579/3579/3579 3980/3980/3980 3580/3580/3580
f 3980/3980/3980 3981/3981/3981 3580/3580/3580
f 3580/3580/3580 3981/3981/3981 3581/3581/3581
f 3981/3981/3981 3982/3982/3982 3581/3581/3581
f 3581/3581/3581 3982/3982/3982 3582/3582/3582
f 3982/3982/3982 3983/3983/3983 3582/3582/3582
f 3582/3582/3582 3983/3983/3983 3583/3583/3583
f 3983/3983/3983 3984/3984/3984 3583/3583/3583
f 3583/3583/3583 3984/3984/3984 3584/3584/3584
f 3984/3984/3984 3985/3985/3985 3584/3584/3584
f 3584/3584/3584 3985/3985/3985 3585/3585/3585
f 3985/3985/3985 3986/3986/3986 3585/3585/3585
f 3585/3585/3585 3986/3986/3986 3586/3586/3586
f 3986/3986/3986 3987/3987/3987 3586/3586/3586
f 3586/3586/3586 3987/3987/3987 3587/3587/3587
f 3987/3987/3987 3988/3988/3988 3587/3587/3587
f 3587/3587/3587 3988/3988/3988 3588/3588/3588
f 3988/3988/3988 3989/3989/3989 3588/3588/3588
f 3588/3588/3588 3989/3989/3989 3589/3589/3589
f 3989/3989/3989 3990/3990/3990 3589/3589/3589
f 3589/3589/3589 3990/3990/3990 3590/3590/3590
f 3990/3990/3990 3991/3991/3991 3590/3590/3590
f 3590/3590/3590 3991/3991/3991 3591/3591/3591
f 3991/3991/3991 3992/3992/3992 3591/3591/3591
f 3591/3591/3591 3992/3992/3992 3592/3592/3592
f 3992/3992/3992 3993/3993/3993 3592/3592/3592
f 3592/3592/3592 3993/3993/3993 3593/3593/3593
f 3993/3993/3993 3994/3994/3994 3593/3593/3593
f 3593/3593/3593 3994/3994/3994 3594/3594/3594
f 3994/3994/3994 3995/3995/3995 3594/3594/3594
f 3594/3594/3594 3995/3995/3995 3595/3595/3595
f 3995/3995/3995 3996/3996/3996 3595/3595/3595
f 3595/3595/3595 3996/3996/3996 3596/3596/3596
f 3996/3996/3996 3997/3997/3997 3596/3596/3596
f 3596/3596/3596 3997/3997/3997 3597/3597/3597
f 3997/3997/3997 3998/3998/3998 3597/3597/3597
f 3597/3597/3597 3998/3998/3998 3598/3598/3598
f 3998/3998/3998 3999/3999/3999 3598/3598/3598
f 3598/3598/3598 3999/3999/3999 3599/3599/3599
f 3999/3999/3999 4000/4000/4000 3599/3599/3599
f 3599/3599/3599 4000/4000/4000 3600/3600/3600
f 4000/4000/4000 3601/3601/3601 3600/3600/3600
f 3600/3600/3600 3601/3601/3601 3201/3201/3201
f 4401/4401/4401 4402/4402/4402 4001/4001/4001
f 4001/4001/4001 4402/4402/4402 4002/4002/4002
f 4402/4402/4402 4403/4403/4403 4002/4002/4002
f 4002/4002/4002 4403/4403/4403 4003/4003/4003
f 4403/4403/4403 4404/4404/4404 4003/4003/4003
f 4003/4003/4003 4404/4404/4404 4004/4004/4004
f 4404/4404/4404 4405/4405/4405 4004/4004/4004
f 4004/4004/4004 4405/4405/4405 4005/4005/4005
f 4405/4405/4405 4406/4406/4406 4005/4005/4005
f 4005/4005/4005 4406/4406/4406 4006/4006/4006
f 4406/4406/4406 4407/4407/4407 4006/4006/4006
f 4006/4006/4006 4407/4407/4407 4007/4007/4007
f 4407/4407/4407 4408/4408/4408 4007/4007/4007
f 4007/4007/4007 4408/4408/4408 4008/4008/4008
f 4408/4408/4408 4409/4409/4409 4008/4008/4008
f 4008/4008/4008 4409/4409/4409 4009/4009/4009
f 4409/4409/4409 4410/4410/4410 4009/4009/4009
f 4009/4009/4009 4410/4410/4410 4010/4010/4010
f 4410/4410/4410 4411/4411/4411 4010/4010/4010
f 4010/4010/4010 4411/4411/4411 4011/4011/4011
f 4411/4411/4411 4412/4412/4412 4011/4011/4011
f 4011/4011/4011 4412/4412/4412 4012/4012/4012
f 4412/4412/4412 4413/4413/4413 4012/4012/4012
f 4012/4012/4012 4413/4413/4413 4013/4013/4013
f 4413/4413/4413 4414/4414/4414 4013/4013/4013
f 4013/4013/4013 4414/4414/4414 4014/4014/4014
f 4414/4414/4414 4415/4415/4415 4014/4014/4014
f 4014/4014/4014 4415/4415/4415 4015/4015/4015
f 4415/4415/4415 4416/4416/4416 4015/4015/4015
f 4015/4015/4015 4416/4416/4416 4016/4016/4016
f 4416/4416/4416 4417/4417/4417 4016/4016/4016
f 4016/4016/4016 4417/4417/4417 4017/4017/4017
f 4417/4417/4417 4418/4418/4418 4017/4017/4017
f 4017/4017/4017 4418/4418/4418 4018/4018/4018
f 4418/4418/4418 4419/4419/4419 4018/4018/4018
f 4018/4018/4018 4419/4419/4419 4019/4019/4019
f 4419/4419/4419 4420/4420/4420 4019/4019/4019
f 4019/4019/4019 4420/4420/4420 4020/4020/4020
f 4420/4420/4420 4421/4421/4421 4020/4020/4020
f 4020/4020/4020 4421/4421/4421 4021/4021/4021
f 4421/4421/4421 4422/4422/4422 4021/4021/4021
f 4021/4021/4021 4422/4422/4422 4022/4022/4022
f 4422/4422/4422 4423/4423/4423 4022/4022/4022
f 4022/4022/4022 4423/4423/4423 4023/4023/4023
f 4423/4423/4423 4424/4424/4424 4023/4023/4023
f 4023/4023/4023 4424/4424/4424 4024/4024/4024
f 4424/4424/4424 4425/4425/4425 4024/4024/4024
f 4024/4024/4024 4425/4425/4425 4025/4025/4025
f 4425/4425/4425 4426/4426/4426 4025/4025/4025
f 4025/4025/4025 4426/4426/4426 4026/4026/4026
f 4426/4426/4426 4427/4427/4427 4026/4026/4026
f 4026/4026/4026 4427/4427/4427 4027/4027/4027
f 4427/4427/4427 4428/4428/4428 4027/4027/4027
f 4027/4027/4027 4428/4428/4428 4028/4028/4028
f 4428/4428/4428 4429/4429/4429 4028/4028/4028
f 4028/4028/4028 4429/4429/4429 4029/4029/4029
f 4429/4429/4429 4430/4430/4430 4029/4029/4029
f 4029/4029/4029 4430/4430/4430 4030/4030/4030
f 4430/4430/4430 4431/4431/4431 4030/4030/4030
f 4030/4030/4030 4431/4431/4431 4031/4031/4031
f 4431/4431/4431 4432/4432/4432 4031/4031/4031
f 4031/4031/4031 4432/4432/4432 4032/4032/4032
f 4432/4432/4432 4433/4433/4433 4032/4032/4032
f 4032/4032/4032 4433/4433/4433 4033/4033/4033
f 4433/4433/4433 4434/4434/4434 4033/4033/4033
f 4033/4033/4033 4434/4434/4434 4034/4034/4034
f 4434/4434/4434 4435/4435/4435 4034/4034/4034
f 4034/4034/4034 4435/4435/4435 4035/4035/4035
f 4435/4435/4435 4436/4436/4436 4035/4035/4035
f 4035/4035/4035 4436/4436/4436 4036/4036/4036
f 4436/4436/4436 4437/4437/4437 4036/4036/4036
f 4036/4036/4036 4437/4437/4437 4037/4037/4037
f 4437/4437/4437 4438/4438/4438 4037/4037/4037
f 4037/4037/4037 4438/4438/4438 4038/4038/4038
f 4438/4438/4438 4439/4439/4439 4038/4038/4038
f 4038/4038/4038 4439/4439/4439 4039/4039/4039
f 4439/4439/4439 4440/4440/4440 4039/4039/4039
f 4039/4039/4039 4440/4440/4440 4040/4040/4040
f 4440/4440/4440 4441/4441/4441 4040/4040/4040
f 4040/4040/4040 4441/4441/4441 4041/4041/4041
f 4441/4441/4441 4442/4442/4442 4041/4041/4041
f 4041/4041/4041 4442/4442/4442 4042/4042/4042
f 4442/4442/4442 4443/4443/4443 4042/4042/4042
f 4042/4042/4042 4443/4443/4443 4043/4043/4043
f 4443/4443/4443 4444/4444/4444 4043/4043/4043
f 4043/4043/4043 4444/4444/4444 4044/4044/4044
f 4444/4444/4444 4445/4445/4445 4044/4044/4044
f 4044/4044/4044 4445/4445/4445 4045/4045/4045
f 4445/4445/4445 4446/4446/4446 4045/4045/4045
f 4045/4045/4045 4446/4446/4446 4046/4046/4046
f 4446/4446/4446 4447/4447/4447 4046/4046/4046
f 4046/4046/4046 4447/4447/4447 4047/4047/4047
f 4447/4447/4447 4448/4448/4448 4047/4047/4047
f 4047/4047/4047 4448/4448/4448 4048/4048/4048
f 4448/4448/4448 4449/4449/4449 4048/4048/4048
f 4048/4048/4048 4449/4449/4449 4049/4049/4049
f 4449/4449/4449 4450/4450/4450 4049/4049/4049
f 4049/4049/4049 4450/4450/4450 4050/4050/4050
f 4450/4450/4450 4451/4451/4451 4050/4050/4050
f 4050/4050/4050 4451/4451/4451 4051/4051/4051
f 4451/4451/4451 4452/4452/4452 4051/4051/4051
f 4051/4051/4051 4452/4452/4452 4052/4052/4052
f 4452/4452/4452 4453/4453/4453 4052/4052/4052
f 4052/4052/4052 4453/4453/4453 4053/4053/4053
f 4453/4453/4453 4454/4454/4454 4053/4053/4053
f 4053/4053/4053 4454/4454/4454 4054/4054/4054
f 4454/4454/4454 4455/4455/4455 4054/4054/4054
f 4054/4054/4054 4455/4455/4455 4055/4055/4055
f 4455/4455/4455 4456/4456/4456 4055/4055/4055
f 4055/4055/4055 4456/4456/4456 4056/4056/4056
f 4456/4456/4456 4457/4457/4457 4056/4056/4056
f 4056/4056/4056 4457/4457/4457 4057/4057/4057
f 4457/4457/4457 4458/4458/4458 4057/4057/4057
f 4057/4057/4057 4458/4458/4458 4058/4058/4058
f 4458/4458/4458 4459/4459/4459 4058/4058/4058
f 4058/4058/4058 4459/4459/4459 4059/4059/4059
f 4459/4459/4459 4460/4460/4460 4059/4059/4059
f 4059/4059/4059 4460/4460/4460 4060/4060/4060
f 4460/4460/4460 4461/4461/4461 4060/4060/4060
f 4060/4060/4060 4461/4461/4461 4061/4061/4061
f 4461/4461/4461 4462/4462/4462 4061/4061/4061
f 4061/4061/4061 4462/4462/4462 4062/4062/4062
f 4462/4462/4462 4463/4463/4463 4062/4062/4062
f 4062/4062/4062 4463/4463/4463 4063/4063/4063
f 4463/4463/4463 4464/4464/4464 4063/4063/4063
f 4063/4063/4063 4464/4464/4464 4064/4064/4064
f 4464/4464/4464 4465/4465/4465 4064/4064/4064
f 4064/4064/4064 4465/4465/4465 4065/4065/4065
f 4465/4465/4465 4466/4466/4466 4065/4065/4065
f 4065/4065/4065 4466/4466/4466 4066/4066/4066
f 4466/4466/4466 4467/4467/4467 4066/4066/4066
f 4066/4066/4066 4467/4467/4467 4067/4067/4067
f 4467/4467/4467 4468/4468/4468 4067/4067/4067
f 4067/4067/4067 4468/4468/4468 4068/4068/4068
f 4468/4468/4468 4469/4469/4469 4068/4068/4068
f 4068/4068/4068 4469/4469/4469 4069/4069/4069
f 4469/4469/4469 4470/4470/4470 4069/4069/4069
f 4069/4069/4069 4470/4470/4470 4070/4070/4070
f 4470/4470/4470 4471/4471/4471 4070/4070/4070
f 4070/4070/4070 4471/4471/4471 4071/4071/4071
f 4471/4471/4471 4472/4472/4472 4071/4071/4071
f 4071/4071/4071 4472/4472/4472 4072/4072/4072
f 4472/4472/4472 4473/4473/4473 4072/4072/4072
f 4072/4072/4072 4473/4473/4473 4073/4073/4073
f 4473/4473/4473 4474/4474/4474 4073/4073/4073
f 4073/4073/4073 4474/4474/4474 4074/4074/4074
f 4474/4474/4474 4475/4475/4475 4074/4074/4074
f 4074/4074/4074 4475/4475/4475 4075/4075/4075
f 4475/4475/4475 4476/4476/4476 4075/4075/4075
f 4075/4075/4075 4476/4476/4476 4076/4076/4076
f 4476/4476/4476 4477/4477/4477 4076/4076/4076
f 4076/4076/4076 4477/4477/4477 4077/4077/4077
f 4477/4477/4477 4478/4478/4478 4077/4077/4077
f 4077/4077/4077 4478/4478/4478 4078/4078/4078
f 4478/4478/4478 4479/4479/4479 4078/4078/4078
f 4078/4078/4078 4479/4479/4479 4079/4079/4079
f 4479/4479/4479 4480/4480/4480 4079/4079/4079
f 4079/4079/4079 4480/4480/4480 4080/4080/4080
f 4480/4480/4480 4481/4481/4481 4080/4080/4080
f 4080/4080/4080 4481/4481/4481 4081/4081/4081
f 4481/4481/4481 4482/4482/4482 4081/4081/4081
f 4081/4081/4081 4482/4482/4482 4082/4082/4082
f 4482/4482/4482 4483/4483/4483 4082/4082/4082
f 4082/4082/4082 4483/4483/4483 4083/4083/4083
f 4483/4483/4483 4484/4484/4484 4083/4083/4083
f 4083/4083/4083 4484/4484/4484 4084/4084/4084
f 4484/4484/4484 4485/4485/4485 4084/4084/4084
f 4084/4084/4084 4485/4485/4485 4085/4085/4085
f 4485/4485/4485 4486/4486/4486 4085/4085/4085
f 4085/4085/4085 4486/4486/4486 4086/4086/4086
f 4486/4486/4486 4487/4487/4487 4086/4086/4086
f 4086/4086/4086 4487/4487/4487 4087/4087/4087
f 4487/4487/4487 4488/4488/4488 4087/4087/4087
f 4087/4087/4087 4488/4488/4488 4088/4088/4088
f 4488/4488/4488 4489/4489/4489 4088/4088/4088
f 4088/4088/4088 4489/4489/4489 4089/4089/4089
f 4489/4489/4489 4490/4490/4490 4089/4089/4089
f 4089/4089/4089 4490/4490/4490 4090/4090/4090
f 4490/4490/4490 4491/4491/4491 4090/4090/4090
f 4090/4090/4090 4491/4491/4491 4091/4091/4091
f 4491/4491/4491 4492/4492/4492 4091/4091/4091
f 4091/4091/4091 4492/4492/4492 4092/4092/4092
f 4492/4492/4492 4493/4493/4493 4092/4092/4092
f 4092/4092/4092 4493/4493/4493 4093/4093/4093
f 4493/4493/4493 4494/4494/4494 4093/4093/4093
f 4093/4093/4093 4494/4494/4494 4094/4094/4094
f 4494/4494/4494 4495/4495/4495 4094/4094/4094
f 4094/4094/4094 4495/4495/4495 4095/4095/4095
f 4495/4495/4495 4496/4496/4496 4095/4095/4095
f 4095/4095/4095 4496/4496/4496 4096/4096/4096
f 4496/4496/4496 4497/4497/4497 4096/4096/4096
f 4096/4096/4096 4497/4497/4497 4097/4097/4097
f 4497/4497/4497 4498/4498/4498 4097/4097/4097
f 4097/4097/4097 4498/4498/4498 4098/4098/4098
f 4498/4498/4498 4499/4499/4499 4098/4098/4098
f 4098/4098/4098 4499/4499/4499 4099/4099/4099
f 4499/4499/4499 4500/4500/4500 4099/4099/4099
f 4099/4099/4099 4500/4500/4500 4100/4100/4100
f 4500/4500/4500 4501/4501/4501 4100/4100/4100
f 4100/4100/4100 4501/4501/4501 4101/4101/4101
f 4501/4501/4501 4502/4502/4502 4101/4101/4101
f 4101/4101/4101 4502/4502/4502 4102/4102/4102
f 4502/4502/4502 4503/4503/4503 4102/4102/4102
f 4102/4102/4102 4503/4503/4503 4103/4103/4103
f 4503/4503/4503 4504/4504/4504 4103/4103/4103
f 4103/4103/4103 4504/4504/4504 4104/4104/4104
f 4504/4504/4504 4505/4505/4505 4104/4104/4104
f 4104/4104/4104 4505/4505/4505 4105/4105/4105
f 4505/4505/4505 4506/4506/4506 4105/4105/4105
f 4105/4105/4105 4506/4506/4506 4106/4106/4106
f 4506/4506/4506 4507/4507/4507 4106/4106/4106
f 4106/4106/4106 4507/4507/4507 4107/4107/4107
f 4507/4507/4507 4508/4508/4508 4107/4107/4107
f 4107/4107/4107 4508/4508/4508 4108/4108/4108
f 4508/4508/4508 4509/4509/4509 4108/4108/4108
f 4108/4108/4108 4509/4509/4509 4109/4109/4109
f 4509/4509/4509 4510/4510/4510 4109/4109/4109
f 4109/4109/4109 4510/4510/4510 4110/4110/4110
f 4510/4510/4510 4511/4511/4511 4110/4110/4110
f 4110/4110/4110 4511/4511/4511 4111/4111/4111
f 4511/4511/4511 4512/4512/4512 4111/4111/4111
f 4111/4111/4111 4512/4512/4512 4112/4112/4112
f 4512/4512/4512 4513/4513/4513 4112/4112/4112
f 4112/4112/4112 4513/4513/4513 4113/4113/4113
f 4513/4513/4513 4514/4514/4514 4113/4113/4113
f 4113/4113/4113 4514/4514/4514 4114/4114/4114
f 4514/4514/4514 4515/4515/4515 4114/4114/4114
f 4114/4114/4114 4515/4515/4515 4115/4115/4115
f 4515/4515/4515 4516/4516/4516 4115/4115/4115
f 4115/4115/4115 4516/4516/4516 4116/4116/4116
f 4516/4516/4516 4517/4517/4517 4116/4116/4116
f 4116/4116/4116 4517/4517/4517 4117/4117/4117
f 4517/4517/4517 4518/4518/4518 4117/4117/4117
f 4117/4117/4117 4518/4518/4518 4118/4118/4118
f 4518/4518/4518 4519/4519/4519 4118/4118/4118
f 4118/4118/4118 4519/4519/4519 4119/4119/4119
f 4519/4519/4519 4520/4520/4520 4119/4119/4119
f 4119/4119/4119 4520/4520/4520 4120/4120/4120
f 4520/4520/4520 4521/4521/4521 4120/4120/4120
f 4120/4120/4120 4521/4521/4521 4121/4121/4121
f 4521/4521/4521 4522/4522/4522 4121/4121/4121
f 4121/4121/4121 4522/4522/4522 4122/4122/4122
f 4522/4522/4522 4523/4523/4523 4122/4122/4122
f 4122/4122/4122 4523/4523/4523 4123/4123/4123
f 4523/4523/4523 4524/4524/4524 4123/4123/4123
f 4123/4123/4123 4524/4524/4524 4124/4124/4124
f 4524/4524/4524 4525/4525/4525 4124/4124/4124
f 4124/4124/4124 4525/4525/4525 4125/4125/4125
f 4525/4525/4525 4526/4526/4526 4125/4125/4125
f 4125/4125/4125 4526/4526/4526 4126/4126/4126
f 4526/4526/4526 4527/4527/4527 4126/4126/4126
f 4126/4126/4126 4527/4527/4527 4127/4127/4127
f 4527/4527/4527 4528/4528/4528 4127/4127/4127
f 4127/4127/4127 4528/4528/4528 4128/4128/4128
f 4528/4528/4528 4529/4529/4529 4128/4128/4128
f 4128/4128/4128 4529/4529/4529 4129/4129/4129
f 4529/4529/4529 4530/4530/4530 4129/4129/4129
f 4129/4129/4129 4530/4530/4530 4130/4130/4130
f 4530/4530/4530 4531/4531/4531 4130/4130/4130
f 4130/4130/4130 4531/4531/4531 4131/4131/4131
f 4531/4531/4531 4532/4532/4532 4131/4131/4131
f 4131/4131/4131 4532/4532/4532 4132/4132/4132
f 4532/4532/4532 4533/4533/4533 4132/4132/4132
f 4132/4132/4132 4533/4533/4533 4133/4133/4133
f 4533/4533/4533 4534/4534/4534 4133/4133/4133
f 4133/4133/4133 4534/4534/4534 4134/4134/4134
f 4534/4534/4534 4535/4535/4535 4134/4134/4134
f 4134/4134/4134 4535/4535/4535 4135/4135/4135
f 4535/4535/4535 4536/4536/4536 4135/4135/4135
f 4135/4135/4135 4536/4536/4536 4136/4136/4136
f 4536/4536/4536 4537/4537/4537 4136/4136/4136
f 4136/4136/4136 4537/4537/4537 4137/4137/4137
f 4537/4537/4537 4538/4538/4538 4137/4137/4137
f 4137/4137/4137 4538/4538/4538 4138/4138/4138
f 4538/4538/4538 4539/4539/4539 4138/4138/4138
f 4138/4138/4138 4539/4539/4539 4139/4139/4139
f 4539/4539/4539 4540/4540/4540 4139/4139/4139
f 4139/4139/4139 4540/4540/4540 4140/4140/4140
f 4540/4540/4540 4541/4541/4541 4140/4140/4140
f 4140/4140/4140 4541/4541/4541 4141/4141/4141
f 4541/4541/4541 4542/4542/4542 4141/4141/4141
f 4141/4141/4141 4542/4542/4542 4142/4142/4142
f 4542/4542/4542 4543/4543/4543 4142/4142/4142
f 4142/4142/4142 4543/4543/4543 4143/4143/4143
f 4543/4543/4543 4544/4544/4544 4143/4143/4143
f 4143/4143/4143 4544/4544/4544 4144/4144/4144
f 4544/4544/4544 4545/4545/4545 4144/4144/4144
f 4144/4144/4144 4545/4545/4545 4145/4145/4145
f 4545/4545/4545 4546/4546/4546 4145/4145/4145
f 4145/4145/4145 4546/4546/4546 4146/4146/4146
f 4546/4546/4546 4547/4547/4547 4146/4146/4146
f 4146/4146/4146 4547/4547/4547 4147/4147/4147
f 4547/4547/4547 4548/4548/4548 4147/4147/4147
f 4147/4147/4147 4548/4548/4548 4148/4148/4148
f 4548/4548/4548 4549/4549/4549 4148/4148/4148
f 4148/4148/4148 4549/4549/4549 4149/4149/4149
f 4549/4549/4549 4550/4550/4550 4149/4149/4149
f 4149/4149/4149 4550/4550/4550 4150/4150/4150
f 4550/4550/4550 4551/4551/4551 4150/4150/4150
f 4150/4150/4150 4551/4551/4551 4151/4151/4151
f 4551/4551/4551 4552/4552/4552 4151/4151/4151
f 4151/4151/4151 4552/4552/4552 4152/4152/4152
f 4552/4552/4552 4553/4553/4553 4152/4152/4152
f 4152/4152/4152 4553/4553/4553 4153/4153/4153
f 4553/4553/4553 4554/4554/4554 4153/4153/4153
f 4153/4153/4153 4554/4554/4554 4154/4154/4154
f 4554/4554/4554 4555/4555/4555 4154/4154/4154
f 4154/4154/4154 4555/4555/4555 4155/4155/4155
f 4555/4555/4555 4556/4556/4556 4155/4155/4155
f 4155/4155/4155 4556/4556/4556 4156/4156/4156
f 4556/4556/4556 4557/4557/4557 4156/4156/4156
f 4156/4156/4156 4557/4557/4557 4157/4157/4157
f 4557/4557/4557 4558/4558/4558 4157/4157/4157
f 4157/4157/4157 4558/4558/4558 4158/4158/4158
f 4558/4558/4558 4559/4559/4559 4158/4158/4158
f 4158/4158/4158 4559/4559/4559 4159/4159/4159
f 4559/4559/4559 4560/4560/4560 4159/4159/4159
f 4159/4159/4159 4560/4560/4560 4160/4160/4160
f 4560/4560/4560 4561/4561/4561 4160/4160/4160
f 4160/4160/4160 4561/4561/4561 4161/4161/4161
f 4561/4561/4561 4562/4562/4562 4161/4161/4161
f 4161/4161/4161 4562/4562/4562 4162/4162/4162
f 4562/4562/4562 4563/4563/4563 4162/4162/4162
f 4162/4162/4162 4563/4563/4563 4163/4163/4163
f 4563/4563/4563 4564/4564/4564 4163/4163/4163
f 4163/4163/4163 4564/4564/4564 4164/4164/4164
f 4564/4564/4564 4565/4565/4565 4164/4164/4164
f 4164/4164/4164 4565/4565/4565 4165/4165/4165
f 4565/4565/4565 4566/4566/4566 4165/4165/4165
f 4165/4165/4165 4566/4566/4566 4166/4166/4166
f 4566/4566/4566 4567/4567/4567 4166/4166/4166
f 4166/4166/4166 4567/4567/4567 4167/4167/4167
f 4567/4567/4567 4568/4568/4568 4167/4167/4167
f 4167/4167/4167 4568/4568/4568 4168/4168/4168
f 4568/4568/4568 4569/4569/4569 4168/4168/4168
f 4168/4168/4168 4569/4569/4569 4169/4169/4169
f 4569/4569/4569 4570/4570/4570 4169/4169/4169
f 4169/4169/4169 4570/4570/4570 4170/4170/4170
f 4570/4570/4570 4571/4571/4571 4170/4170/4170
f 4170/4170/4170 4571/4571/4571 4171/4171/4171
f 4571/4571/4571 4572/4572/4572 4171/4171/4171
f 4171/4171/4171 4572/4572/4572 4172/4172/4172
f 4572/4572/4572 4573/4573/4573 4172/4172/4172
f 4172/4172/4172 4573/4573/4573 4173/4173/4173
f 4573/4573/4573 4574/4574/4574 4173/4173/4173
f 4173/4173/4173 4574/4574/4574 4174/4174/4174
f 4574/4574/4574 4575/4575/4575 4174/4174/4174
f 4174/4174/4174 4575/4575/4575 4175/4175/4175
f 4575/4575/4575 4576/4576/4576 4175/4175/4175
f 4175/4175/4175 4576/4576/4576 4176/4176/4176
f 4576/4576/4576 4577/4577/4577 4176/4176/4176
f 4176/4176/4176 4577/4577/4577 4177/4177/4177
f 4577/4577/4577 4578/4578/4578 4177/4177/4177
f 4177/4177/4177 4578/4578/4578 4178/4178/4178
f 4578/4578/4578 4579/4579/4579 4178/4178/4178
f 4178/4178/4178 4579/4579/4579 4179/4179/4179
f 4579/4579/4579 4580/4580/4580 4179/4179/4179
f 4179/4179/4179 4580/4580/4580 4180/4180/4180
f 4580/4580/4580 4581/4581/4581 4180/4180/4180
f 4180/4180/4180 4581/4581/4581 4181/4181/4181
f 4581/4581/4581 4582/4582/4582 4181/4181/4181
f 4181/4181/4181 4582/4582/4582 4182/4182/4182
f 4582/4582/4582 4583/4583/4583 4182/4182/4182
f 4182/4182/4182 4583/4583/4583 4183/4183/4183
f 4583/4583/4583 4584/4584/4584 4183/4183/4183
f 4183/4183/4183 4584/4584/4584 4184/4184/4184
f 4584/4584/4584 4585/4585/4585 4184/4184/4184
f 4184/4184/4184 4585/4585/4585 4185/4185/4185
f 4585/4585/4585 4586/4586/4586 4185/4185/4185
f 4185/4185/4185 4586/4586/4586 4186/4186/4186
f 4586/4586/4586 4587/4587/4587 4186/4186/4186
f 4186/4186/4186 4587/4587/4587 4187/4187/4187
f 4587/4587/4587 4588/4588/4588 4187/4187/4187
f 4187/4187/4187 4588/4588/4588 4188/4188/4188
f 4588/4588/4588 4589/4589/4589 4188/4188/4188
f 4188/4188/4188 4589/4589/4589 4189/4189/4189
f 4589/4589/4589 4590/4590/4590 4189/4189/4189
f 4189/4189/4189 4590/4590/4590 4190/4190/4190
f 4590/4590/4590 4591/4591/4591 4190/4190/4190
f 4190/4190/4190 4591/4591/4591 4191/4191/4191
f 4591/4591/4591 4592/4592/4592 4191/4191/4191
f 4191/4191/4191 4592/4592/4592 4192/4192/4192
f 4592/4592/4592 4593/4593/4593 4192/4192/4192
f 4192/4192/4192 4593/4593/4593 4193/4193/4193
f 4593/4593/4593 4594/4594/4594 4193/4193/4193
f 4193/4193/4193 4594/4594/4594 4194/4194/4194
f 4594/4594/4594 4595/4595/4595 4194/4194/4194
f 4194/4194/4194 4595/4595/4595 4195/4195/4195
f 4595/4595/4595 4596/4596/4596 4195/4195/4195
f 4195/4195/4195 4596/4596/4596 4196/4196/4196
f 4596/4596/4596 4597/4597/4597 4196/4196/4196
f 4196/4196/4196 4597/4597/4597 4197/4197/4197
f 4597/4597/4597 4598/4598/4598 4197/4197/4197
f 4197/4197/4197 4598/4598/4598 4198/4198/4198
f 4598/4598/4598 4599/4599/4599 4198/4198/4198
f 4198/4198/4198 4599/4599/4599 4199/4199/4199
f 4599/4599/4599 4600/4600/4600 4199/4199/4199
f 4199/4199/4199 4600/4600/4600 4200/4200/4200
f 4600/4600/4600 4601/4601/4601 4200/4200/4200
f 4200/4200/4200 4601/4601/4601 4201/4201/4201
f 4601/4601/4601 4602/4602/4602 4201/4201/4201
f 4201/4201/4201 4602/4602/4602 4202/4202/4202
f 4602/4602/4602 4603/4603/4603 4202/4202/4202
f 4202/4202/4202 4603/4603/4603 4203/4203/4203
f 4603/4603/4603 4604/4604/4604 4203/4203/4203
f 4203/4203/4203 4604/4604/4604 4204/4204/4204
f 4604/4604/4604 4605/4605/4605 4204/4204/4204
f 4204/4204/4204 4605/4605/4605 4205/4205/4205
f 4605/4605/4605 4606/4606/4606 4205/4205/4205
f 4205/4205/4205 4606/4606/4606 4206/4206/4206
f 4606/4606/4606 4607/4607/4607 4206/4206/4206
f 4206/4206/4206 4607/4607/4607 4207/4207/4207
f 4607/4607/4607 4608/4608/4608 4207/4207/4207
f 4207/4207/4207 4608/4608/4608 4208/4208/4208
f 4608/4608/4608 4609/4609/4609 4208/4208/4208
f 4208/4208/4208 4609/4609/4609 4209/4209/4209
f 4609/4609/4609 4610/4610/4610 4209/4209/4209
f 4209/4209/4209 4610/4610/4610 4210/4210/4210
f 4610/4610/4610 4611/4611/4611 4210/4210/4210
f 4210/4210/4210 4611/4611/4611 4211/4211/4211
f 4611/4611/4611 4612/4612/4612 4211/4211/4211
f 4211/4211/4211 4612/4612/4612 4212/4212/4212
f 4612/4612/4612 4613/4613/4613 4212/4212/4212
f 4212/4212/4212 4613/4613/4613 4213/4213/4213
f 4613/4613/4613 4614/4614/4614 4213/4213/4213
f 4213/4213/4213 4614/4614/4614 4214/4214/4214
f 4614/4614/4614 4615/4615/4615 4214/4214/4214
f 4214/4214/4214 4615/4615/4615 4215/4215/4215
f 4615/4615/4615 4616/4616/4616 4215/4215/4215
f 4215/4215/4215 4616/4616/4616 4216/4216/4216
f 4616/4616/4616 4617/4617/4617 4216/4216/4216
f 4216/4216/4216 4617/4617/4617 4217/4217/4217
f 4617/4617/4617 4618/4618/4618 4217/4217/4217
f 4217/4217/4217 4618/4618/4618 4218/4218/4218
f 4618/4618/4618 4619/4619/4619 4218/4218/4218
f 4218/4218/4218 4619/4619/4619 4219/4219/4219
f 4619/4619/4619 4620/4620/4620 4219/4219/4219
f 4219/4219/4219 4620/4620/4620 4220/4220/4220
f 4620/4620/4620 4621/4621/4621 4220/4220/4220
f 4220/4220/4220 4621/4621/4621 4221/4221/4221
f 4621/4621/4621 4622/4622/4622 4221/4221/4221
f 4221/4221/4221 4622/4622/4622 4222/4222/4222
f 4622/4622/4622 4623/4623/4623 4222/4222/4222
f 4222/4222/4222 4623/4623/4623 4223/4223/4223
f 4623/4623/4623 4624/4624/4624 4223/4223/4223
f 4223/4223/4223 4624/4624/4624 4224/4224/4224
f 4624/4624/4624 4625/4625/4625 4224/4224/4224
f 4224/4224/4224 4625/4625/4625 4225/4225/4225
f 4625/4625/4625 4626/4626/4626 4225/4225/4225
f 4225/4225/4225 4626/4626/4626 4226/4226/4226
f 4626/4626/4626 4627/4627/4627 4226/4226/4226
f 4226/4226/4226 4627/4627/4627 4227/4227/4227
f 4627/4627/4627 4628/4628/4628 4227/4227/4227
f 4227/4227/4227 4628/4628/4628 4228/4228/4228
f 4628/4628/4628 4629/4629/4629 4228/4228/4228
f 4228/4228/4228 4629/4629/4629 4229/4229/4229
f 4629/4629/4629 4630/4630/4630 4229/4229/4229
f 4229/4229/4229 4630/4630/4630 4230/4230/4230
f 4630/4630/4630 4631/4631/4631 4230/4230/4230
f 4230/4230/4230 4631/4631/4631 4231/4231/4231
f 4631/4631/4631 4632/4632/4632 4231/4231/4231
f 4231/4231/4231 4632/4632/4632 4232/4232/4232
f 4632/4632/4632 4633/4633/4633 4232/4232/4232
f 4232/4232/4232 4633/4633/4633 4233/4233/4233
f 4633/4633/4633 4634/4634/4634 4233/4233/4233
f 4233/4233/4233 4634/4634/4634 4234/4234/4234
f 4634/4634/4634 4635/4635/4635 4234/4234/4234
f 4234/4234/4234 4635/4635/4635 4235/4235/4235
f 4635/4635/4635 4636/4636/4636 4235/4235/4235
f 4235/4235/4235 4636/4636/4636 4236/4236/4236
f 4636/4636/4636 4637/4637/4637 4236/4236/4236
f 4236/4236/4236 4637/4637/4637 4237/4237/4237
f 4637/4637/4637 4638/4638/4638 4237/4237/4237
f 4237/4237/4237 4638/4638/4638 4238/4238/4238
f 4638/4638/4638 4639/4639/4639 4238/4238/4238
f 4238/4238/4238 4639/4639/4639 4239/4239/4239
f 4639/4639/4639 4640/4640/4640 4239/4239/4239
f 4239/4239/4239 4640/4640/4640 4240/4240/4240
f 4640/4640/4640 4641/4641/4641 4240/4240/4240
f 4240/4240/4240 4641/4641/4641 4241/4241/4241
f 4641/4641/4641 4642/4642/4642 4241/4241/4241
f 4241/4241/4241 4642/4642/4642 4242/4242/4242
f 4642/4642/4642 4643/4643/4643 4242/4242/4242
f 4242/4242/4242 4643/4643/4643 4243/4243/4243
f 4643/4643/4643 4644/4644/4644 4243/4243/4243
f 4243/4243/4243 4644/4644/4644 4244/4244/4244
f 4644/4644/4644 4645/4645/4645 4244/4244/4244
f 4244/4244/4244 4645/4645/4645 4245/4245/4245
f 4645/4645/4645 4646/4646/4646 4245/4245/4245
f 4245/4245/4245 4646/4646/4646 4246/4246/4246
f 4646/4646/4646 4647/4647/4647 4246/4246/4246
f 4246/4246/4246 4647/4647/4647 4247/4247/4247
f 4647/4647/4647 4648/4648/4648 4247/4247/4247
f 4247/4247/4247 4648/4648/4648 4248/4248/4248
f 4648/4648/4648 4649/4649/4649 4248/4248/4248
f 4248/4248/4248 4649/4649/4649 4249/4249/4249
f 4649/4649/4649 4650/4650/4650 4249/4249/4249
f 4249/4249/4249 4650/4650/4650 4250/4250/4250
f 4650/4650/4650 4651/4651/4651 4250/4250/4250
f 4250/4250/4250 4651/4651/4651 4251/4251/4251
f 4651/4651/4651 4652/4652/4652 4251/4251/4251
f 4251/4251/4251 4652/4652/4652 4252/4252/4252
f 4652/4652/4652 4653/4653/4653 4252/4252/4252
f 4252/4252/4252 4653/4653/4653 4253/4253/4253
f 4653/4653/4653 4654/4654/4654 4253/4253/4253
f 4253/4253/4253 4654/4654/4654 4254/4254/4254
f 4654/4654/4654 4655/4655/4655 4254/4254/4254
f 4254/4254/4254 4655/4655/4655 4255/4255/4255
f 4655/4655/4655 4656/4656/4656 4255/4255/4255
f 4255/4255/4255 4656/4656/4656 4256/4256/4256
f 4656/4656/4656 4657/4657/4657 4256/4256/4256
f 4256/4256/4256 4657/4657/4657 4257/4257/4257
f 4657/4657/4657 4658/4658/4658 4257/4257/4257
f 4257/4257/4257 4658/4658/4658 4258/4258/4258
f 4658/4658/4658 4659/4659/4659 4258/4258/4258
f 4258/4258/4258 4659/4659/4659 4259/4259/4259
f 4659/4659/4659 4660/4660/4660 4259/4259/4259
f 4259/4259/4259 4660/4660/4660 4260/4260/4260
f 4660/4660/4660 4661/4661/4661 4260/4260/4260
f 4260/4260/4260 4661/4661/4661 4261/4261/4261
f 4661/4661/4661 4662/4662/4662 4261/4261/4261
f 4261/4261/4261 4662/4662/4662 4262/4262/4262
f 4662/4662/4662 4663/4663/4663 4262/4262/4262
f 4262/4262/4262 4663/4663/4663 4263/4263/4263
f 4663/4663/4663 4664/4664/4664 4263/4263/4263
f 4263/4263/4263 4664/4664/4664 4264/4264/4264
f 4664/4664/4664 4665/4665/4665 4264/4264/4264
f 4264/4264/4264 4665/4665/4665 4265/4265/4265
f 4665/4665/4665 4666/4666/4666 4265/4265/4265
f 4265/4265/4265 4666/4666/4666 4266/4266/4266
f 4666/4666/4666 4667/4667/4667 4266/4266/4266
f 4266/4266/4266 4667/4667/4667 4267/4267/4267
f 4667/4667/4667 4668/4668/4668 4267/4267/4267
f 4267/4267/4267 4668/4668/4668 4268/4268/4268
f 4668/4668/4668 4669/4669/4669 4268/4268/4268
f 4268/4268/4268 4669/4669/4669 4269/4269/4269
f 4669/4669/4669 4670/4670/4670 4269/4269/4269
f 4269/4269/4269 4670/4670/4670 4270/4270/4270
f 4670/4670/4670 4671/4671/4671 4270/4270/4270
f 4270/4270/4270 4671/4671/4671 4271/4271/4271
f 4671/4671/4671 4672/4672/4672 4271/4271/4271
f 4271/4271/4271 4672/4672/4672 4272/4272/4272
f 4672/4672/4672 4673/4673/4673 4272/4272/4272
f 4272/4272/4272 4673/4673/4673 4273/4273/4273
f 4673/4673/4673 4674/4674/4674 4273/4273/4273
f 4273/4273/4273 4674/4674/4674 4274/4274/4274
f 4674/4674/4674 4675/4675/4675 4274/4274/4274
f 4274/4274/4274 4675/4675/4675 4275/4275/4275
f 4675/4675/4675 4676/4676/4676 4275/4275/4275
f 4275/4275/4275 4676/4676/4676 4276/4276/4276
f 4676/4676/4676 4677/4677/4677 4276/4276/4276
f 4276/4276/4276 4677/4677/4677 4277/4277/4277
f 4677/4677/4677 4678/4678/4678 4277/4277/4277
f 4277/4277/4277 4678/4678/4678 4278/4278/4278
f 4678/4678/4678 4679/4679/4679 4278/4278/4278
f 4278/4278/4278 4679/4679/4679 4279/4279/4279
f 4679/4679/4679 4680/4680/4680 4279/4279/4279
f 4279/4279/4279 4680/4680/4680 4280/4280/4280
f 4680/4680/4680 4681/4681/4681 4280/4280/4280
f 4280/4280/4280 4681/4681/4681 4281/4281/4281
f 4681/4681/4681 4682/4682/4682 4281/4281/4281
f 4281/4281/4281 4682/4682/4682 4282/4282/4282
f 4682/4682/4682 4683/4683/4683 4282/4282/4282
f 4282/4282/4282 4683/4683/4683 4283/4283/4283
f 4683/4683/4683 4684/4684/4684 4283/4283/4283
f 4283/4283/4283 4684/4684/4684 4284/4284/4284
f 4684/4684/4684 4685/4685/4685 4284/4284/4284
f 4284/4284/4284 4685/4685/4685 4285/4285/4285
f 4685/4685/4685 4686/4686/4686 4285/4285/4285
f 4285/4285/4285 4686/4686/4686 4286/4286/4286
f 4686/4686/4686 4687/4687/4687 4286/4286/4286
f 4286/4286/4286 4687/4687/4687 4287/4287/4287
f 4687/4687/4687 4688/4688/4688 4287/4287/4287
f 4287/4287/4287 4688/4688/4688 4288/4288/4288
f 4688/4688/4688 4689/4689/4689 4288/4288/4288
f 4288/4288/4288 4689/4689/4689 4289/4289/4289
f 4689/4689/4689 4690/4690/4690 4289/4289/4289
f 4289/4289/4289 4690/4690/4690 4290/4290/4290
f 4690/4690/4690 4691/4691/4691 4290/4290/4290
f 4290/4290/4290 4691/4691/4691 4291/4291/4291
f 4691/4691/4691 4692/4692/4692 4291/4291/4291
f 4291/4291/4291 4692/4692/4692 4292/4292/4292
f 4692/4692/4692 4693/4693/4693 4292/4292/4292
f 4292/4292/4292 4693/4693/4693 4293/4293/4293
f 4693/4693/4693 4694/4694/4694 4293/4293/4293
f 4293/4293/4293 4694/4694/4694 4294/4294/4294
f 4694/4694/4694 4695/4695/4695 4294/4294/4294
f 4294/4294/4294 4695/4695/4695 4295/4295/4295
f 4695/4695/4695 4696/4696/4696 4295/4295/4295
f 4295/4295/4295 4696/4696/4696 4296/4296/4296
f 4696/4696/4696 4697/4697/4697 4296/4296/4296
f 4296/4296/4296 4697/4697/4697 4297/4297/4297
f 4697/4697/4697 4698/4698/4698 4297/4297/4297
f 4297/4297/4297 4698/4698/4698 4298/4298/4298
f 4698/4698/4698 4699/4699/4699 4298/4298/4298
f 4298/4298/4298 4699/4699/4699 4299/4299/4299
f 4699/4699/4699 4700/4700/4700 4299/4299/4299
f 4299/4299/4299 4700/4700/4700 4300/4300/4300
f 4700/4700/4700 4701/4701/4701 4300/4300/4300
f 4300/4300/4300 4701/4701/4701 4301/4301/4301
f 4701/4701/4701 4702/4702/4702 4301/4301/4301
f 4301/4301/4301 4702/4702/4702 4302/4302/4302
f 4702/4702/4702 4703/4703/4703 4302/4302/4302
f 4302/4302/4302 4703/4703/4703 4303/4303/4303
f 4703/4703/4703 4704/4704/4704 4303/4303/4303
f 4303/4303/4303 4704/4704/4704 4304/4304/4304
f 4704/4704/4704 4705/4705/4705 4304/4304/4304
f 4304/4304/4304 4705/4705/4705 4305/4305/4305
f 4705/4705/4705 4706/4706/4706 4305/4305/4305
f 4305/4305/4305 4706/4706/4706 4306/4306/4306
f 4706/4706/4706 4707/4707/4707 4306/4306/4306
f 4306/4306/4306 4707/4707/4707 4307/4307/4307
f 4707/4707/4707 4708/4708/4708 4307/4307/4307
f 4307/4307/4307 4708/4708/4708 4308/4308/4308
f 4708/4708/4708 4709/4709/4709 4308/4308/4308
f 4308/4308/4308 4709/4709/4709 4309/4309/4309
f 4709/4709/4709 4710/4710/4710 4309/4309/4309
f 4309/4309/4309 4710/4710/4710 4310/4310/4310
f 4710/4710/4710 4711/4711/4711 4310/4310/4310
f 4310/4310/4310 4711/4711/4711 4311/4311/4311
f 4711/4711/4711 4712/4712/4712 4311/4311/4311
f 4311/4311/4311 4712/4712/4712 4312/4312/4312
f 4712/4712/4712 4713/4713/4713 4312/4312/4312
f 4312/4312/4312 4713/4713/4713 4313/4313/4313
f 4713/4713/4713 4714/4714/4714 4313/4313/4313
f 4313/4313/4313 4714/4714/4714 4314/4314/4314
f 4714/4714/4714 4715/4715/4715 4314/4314/4314
f 4314/4314/4314 4715/4715/4715 4315/4315/4315
f 4715/4715/4715 4716/4716/4716 4315/4315/4315
f 4315/4315/4315 4716/4716/4716 4316/4316/4316
f 4716/4716/4716 4717/4717/4717 4316/4316/4316
f 4316/4316/4316 4717/4717/4717 4317/4317/4317
f 4717/4717/4717 4718/4718/4718 4317/4317/4317
f 4317/4317/4317 4718/4718/4718 4318/4318/4318
f 4718/4718/4718 4719/4719/4719 4318/4318/4318
f 4318/4318/4318 4719/4719/4719 4319/4319/4319
f 4719/4719/4719 4720/4720/4720 4319/4319/4319
f 4319/4319/4319 4720/4720/4720 4320/4320/4320
f 4720/4720/4720 4721/4721/4721 4320/4320/4320
f 4320/4320/4320 4721/4721/4721 4321/4321/4321
f 4721/4721/4721 4722/4722/4722 4321/4321/4321
f 4321/4321/4321 4722/4722/4722 4322/4322/4322
f 4722/4722/4722 4723/4723/4723 4322/4322/4322
f 4322/4322/4322 4723/4723/4723 4323/4323/4323
f 4723/4723/4723 4724/4724/4724 4323/4323/4323
f 4323/4323/4323 4724/4724/4724 4324/4324/4324
f 4724/4724/4724 4725/4725/4725 4324/4324/4324
f 4324/4324/4324 4725/4725/4725 4325/4325/4325
f 4725/4725/4725 4726/4726/4726 4325/4325/4325
f 4325/4325/4325 4726/4726/4726 4326/4326/4326
f 4726/4726/4726 4727/4727/4727 4326/4326/4326
f 4326/4326/4326 4727/4727/4727 4327/4327/4327
f 4727/4727/4727 4728/4728/4728 4327/4327/4327
f 4327/4327/4327 4728/4728/4728 4328/4328/4328
f 4728/4728/4728 4729/4729/4729 4328/4328/4328
f 4328/4328/4328 4729/4729/4729 4329/4329/4329
f 4729/4729/4729 4730/4730/4730 4329/4329/4329
f 4329/4329/4329 4730/4730/4730 4330/4330/4330
f 4730/4730/4730 4731/4731/4731 4330/4330/4330
f 4330/4330/4330 4731/4731/4731 4331/4331/4331
f 4731/4731/4731 4732/4732/4732 4331/4331/4331
f 4331/4331/4331 4732/4732/4732 4332/4332/4332
f 4732/4732/4732 4733/4733/4733 4332/4332/4332
f 4332/4332/4332 4733/4733/4733 4333/4333/4333
f 4733/4733/4733 4734/4734/4734 4333/4333/4333
f 4333/4333/4333 4734/4734/4734 4334/4334/4334
f 4734/4734/4734 4735/4735/4735 4334/4334/4334
f 4334/4334/4334 4735/4735/4735 4335/4335/4335
f 4735/4735/4735 4736/4736/4736 4335/4335/4335
f 4335/4335/4335 4736/4736/4736 4336/4336/4336
f 4736/4736/4736 4737/4737/4737 4336/4336/4336
f 4336/4336/4336 4737/4737/4737 4337/4337/4337
f 4737/4737/4737 4738/4738/4738 4337/4337/4337
f 4337/4337/4337 4738/4738/4738 4338/4338/4338
f 4738/4738/4738 4739/4739/4739 4338/4338/4338
f 4338/4338/4338 4739/4739/4739 4339/4339/4339
f 4739/4739/4739 4740/4740/4740 4339/4339/4339
f 4339/4339/4339 4740/4740/4740 4340/4340/4340
f 4740/4740/4740 4741/4741/4741 4340/4340/4340
f 4340/4340/4340 4741/4741/4741 4341/4341/4341
f 4741/4741/4741 4742/4742/4742 4341/4341/4341
f 4341/4341/4341 4742/4742/4742 4342/4342/4342
f 4742/4742/4742 4743/4743/4743 4342/4342/4342
f 4342/4342/4342 4743/4743/4743 4343/4343/4343
f 4743/4743/4743 4744/4744/4744 4343/4343/4343
f 4343/4343/4343 4744/4744/4744 4344/4344/4344
f 4744/4744/4744 4745/4745/4745 4344/4344/4344
f 4344/4344/4344 4745/4745/4745 4345/4345/4345
f 4745/4745/4745 4746/4746/4746 4345/4345/4345
f 4345/4345/4345 4746/4746/4746 4346/4346/4346
f 4746/4746/4746 4747/4747/4747 4346/4346/4346
f 4346/4346/4346 4747/4747/4747 4347/4347/4347
f 4747/4747/4747 4748/4748/4748 4347/4347/4347
f 4347/4347/4347 4748/4748/4748 4348/4348/4348
f 4748/4748/4748 4749/4749/4749 4348/4348/4348
f 4348/4348/4348 4749/4749/4749 4349/4349/4349
f 4749/4749/4749 4750/4750/4750 4349/4349/4349
f 4349/4349/4349 4750/4750/4750 4350/4350/4350
f 4750/4750/4750 4751/4751/4751 4350/4350/4350
f 4350/4350/4350 4751/4751/4751 4351/4351/4351
f 4751/4751/4751 4752/4752/4752 4351/4351/4351
f 4351/4351/4351 4752/4752/4752 4352/4352/4352
f 4752/4752/4752 4753/4753/4753 4352/4352/4352
f 4352/4352/4352 4753/4753/4753 4353/4353/4353
f 4753/4753/4753 4754/4754/4754 4353/4353/4353
f 4353/4353/4353 4754/4754/4754 4354/4354/4354
f 4754/4754/4754 4755/4755/4755 4354/4354/4354
f 4354/4354/4354 4755/4755/4755 4355/4355/4355
f 4755/4755/4755 4756/4756/4756 4355/4355/4355
f 4355/4355/4355 4756/4756/4756 4356/4356/4356
f 4756/4756/4756 4757/4757/4757 4356/4356/4356
f 4356/4356/4356 4757/4757/4757 4357/4357/4357
f 4757/4757/4757 4758/4758/4758 4357/4357/4357
f 4357/4357/4357 4758/4758/4758 4358/4358/4358
f 4758/4758/4758 4759/4759/4759 4358/4358/4358
f 4358/4358/4358 4759/4759/4759 4359/4359/4359
f 4759/4759/4759 4760/4760/4760 4359/4359/4359
f 4359/4359/4359 4760/4760/4760 4360/4360/4360
f 4760/4760/4760 4761/4761/4761 4360/4360/4360
f 4360/4360/4360 4761/4761/4761 4361/4361/4361
f 4761/4761/4761 4762/4762/4762 4361/4361/4361
f 4361/4361/4361 4762/4762/4762 4362/4362/4362
f 4762/4762/4762 4763/4763/4763 4362/4362/4362
f 4362/4362/4362 4763/4763/4763 4363/4363/4363
f 4763/4763/4763 4764/4764/4764 4363/4363/4363
f 4363/4363/4363 4764/4764/4764 4364/4364/4364
f 4764/4764/4764 4765/4765/4765 4364/4364/4364
f 4364/4364/4364 4765/4765/4765 4365/4365/4365
f 4765/4765/4765 4766/4766/4766 4365/4365/4365
f 4365/4365/4365 4766/4766/4766 4366/4366/4366
f 4766/4766/4766 4767/4767/4767 4366/4366/4366
f 4366/4366/4366 4767/4767/4767 4367/4367/4367
f 4767/4767/4767 4768/4768/4768 4367/4367/4367
f 4367/4367/4367 4768/4768/4768 4368/4368/4368
f 4768/4768/4768 4769/4769/4769 4368/4368/4368
f 4368/4368/4368 4769/4769/4769 4369/4369/4369
f 4769/4769/4769 4770/4770/4770 4369/4369/4369
f 4369/4369/4369 4770/4770/4770 4370/4370/4370
f 4770/4770/4770 4771/4771/4771 4370/4370/4370
f 4370/4370/4370 4771/4771/4771 4371/4371/4371
f 4771/4771/4771 4772/4772/4772 4371/4371/4371
f 4371/4371/4371 4772/4772/4772 4372/4372/4372
f 4772/4772/4772 4773/4773/4773 4372/4372/4372
f 4372/4372/4372 4773/4773/4773 4373/4373/4373
f 4773/4773/4773 4774/4774/4774 4373/4373/4373
f 4373/4373/4373 4774/4774/4774 4374/4374/4374
f 4774/4774/4774 4775/4775/4775 4374/4374/4374
f 4374/4374/4374 4775/4775/4775 4375/4375/4375
f 4775/4775/4775 4776/4776/4776 4375/4375/4375
f 4375/4375/4375 4776/4776/4776 4376/4376/4376
f 4776/4776/4776 4777/4777/4777 4376/4376/4376
f 4376/4376/4376 4777/4777/4777 4377/4377/4377
f 4777/4777/4777 4778/4778/4778 4377/4377/4377
f 4377/4377/4377 4778/4778/4778 4378/4378/4378
f 4778/4778/4778 4779/4779/4779 4378/4378/4378
f 4378/4378/4378 4779/4779/4779 4379/4379/4379
f 4779/4779/4779 4780/4780/4780 4379/4379/4379
f 4379/4379/4379 4780/4780/4780 4380/4380/4380
f 4780/4780/4780 4781/4781/4781 4380/4380/4380
f 4380/4380/4380 4781/4781/4781 4381/4381/4381
f 4781/4781/4781 4782/4782/4782 4381/4381/4381
f 4381/4381/4381 4782/4782/4782 4382/4382/4382
f 4782/4782/4782 4783/4783/4783 4382/4382/4382
f 4382/4382/4382 4783/4783/4783 4383/4383/4383
f 4783/4783/4783 4784/4784/4784 4383/4383/4383
f 4383/4383/4383 4784/4784/4784 4384/4384/4384
f 4784/4784/4784 4785/4785/4785 4384/4384/4384
f 4384/4384/4384 4785/4785/4785 4385/4385/4385
f 4785/4785/4785 4786/4786/4786 4385/4385/4385
f 4385/4385/4385 4786/4786/4786 4386/4386/4386
f 4786/4786/4786 4787/4787/4787 4386/4386/4386
f 4386/4386/4386 4787/4787/4787 4387/4387/4387
f 4787/4787/4787 4788/4788/4788 4387/4387/4387
f 4387/4387/4387 4788/4788/4788 4388/4388/4388
f 4788/4788/4788 4789/4789/4789 4388/4388/4388
f 4388/4388/4388 4789/4789/4789 4389/4389/4389
f 4789/4789/4789 4790/4790/4790 4389/4389/4389
f 4389/4389/4389 4790/4790/4790 4390/4390/4390
f 4790/4790/4790 4791/4791/4791 4390/4390/4390
f 4390/4390/4390 4791/4791/4791 4391/4391/4391
f 4791/4791/4791 4792/4792/4792 4391/4391/4391
f 4391/4391/4391 4792/4792/4792 4392/4392/4392
f 4792/4792/4792 4793/4793/4793 4392/4392/4392
f 4392/4392/4392 4793/4793/4793 4393/4393/4393
f 4793/4793/4793 4794/4794/4794 4393/4393/4393
f 4393/4393/4393 4794/4794/4794 4394/4394/4394
f 4794/4794/4794 4795/4795/4795 4394/4394/4394
f 4394/4394/4394 4795/4795/4795 4395/4395/4395
f 4795/4795/4795 4796/4796/4796 4395/4395/4395
f 4395/4395/4395 4796/4796/4796 4396/4396/4396
f 4796/4796/4796 4797/4797/4797 4396/4396/4396
f 4396/4396/4396 4797/4797/4797 4397/4397/4397
f 4797/4797/4797 4798/4798/4798 4397/4397/4397
f 4397/4397/4397 4798/4798/4798 4398/4398/4398
f 4798/4798/4798 4799/4799/4799 4398/4398/4398
f 4398/4398/4398 4799/4799/4799 4399/4399/4399
f 4799/4799/4799 4800/4800/4800 4399/4399/4399
f 4399/4399/4399 4800/4800/4800 4400/4400/4400
f 4800/4800/4800 4401/4401/4401 4400/4400/4400
f 4400/4400/4400 4401/4401/4401 4001/4001/4001
f 5201/5201/5201 5202/5202/5202 4801/4801/4801
f 4801/4801/4801 5202/5202/5202 4802/4802/4802
f 5202/5202/5202 5203/5203/5203 4802/4802/4802
f 4802/4802/4802 5203/5203/5203 4803/4803/4803
f 5203/5203/5203 5204/5204/5204 4803/4803/4803
f 4803/4803/4803 5204/5204/5204 4804/4804/4804
f 5204/5204/5204 5205/5205/5205 4804/4804/4804
f 4804/4804/4804 5205/5205/5205 4805/4805/4805
f 5205/5205/5205 5206/5206/5206 4805/4805/4805
f 4805/4805/4805 5206/5206/5206 4806/4806/4806
f 5206/5206/5206 5207/5207/5207 4806/4806/4806
f 4806/4806/4806 5207/5207/5207 4807/4807/4807
f 5207/5207/5207 5208/5208/5208 4807/4807/4807
f 4807/4807/4807 5208/5208/5208 4808/4808/4808
f 5208/5208/5208 5209/5209/5209 4808/4808/4808
f 4808/4808/4808 5209/5209/5209 4809/4809/4809
f 5209/5209/5209 5210/5210/5210 4809/4809/4809
f 4809/4809/4809 5210/5210/5210 4810/4810/4810
f 5210/5210/5210 5211/5211/5211 4810/4810/4810
f 4810/4810/4810 5211/5211/5211 4811/4811/4811
f 5211/5211/5211 5212/5212/5212 4811/4811/4811
f 4811/4811/4811 5212/5212/5212 4812/4812/4812
f 5212/5212/5212 5213/5213/5213 4812/4812/4812
f 4812/4812/4812 5213/5213/5213 4813/4813/4813
f 5213/5213/5213 5214/5214/5214 4813/4813/4813
f 4813/4813/4813 5214/5214/5214 4814/4814/4814
f 5214/5214/5214 5215/5215/5215 4814/4814/4814
f 4814/4814/4814 5215/5215/5215 4815/4815/4815
f 5215/5215/5215 5216/5216/5216 4815/4815/4815
f 4815/4815/4815 5216/5216/5216 4816/4816/4816
f 5216/5216/5216 5217/5217/5217 4816/4816/4816
f 4816/4816/4816 5217/5217/5217 4817/4817/4817
f 5217/5217/5217 5218/5218/5218 4817/4817/4817
f 4817/4817/4817 5218/5218/5218 4818/4818/4818
f 5218/5218/5218 5219/5219/5219 4818/4818/4818
f 4818/4818/4818 5219/5219/5219 4819/4819/4819
f 5219/5219/5219 5220/5220/5220 4819/4819/4819
f 4819/4819/4819 5220/5220/5220 4820/4820/4820
f 5220/5220/5220 5221/5221/5221 4820/4820/4820
f 4820/4820/4820 5221/5221/5221 4821/4821/4821
f 5221/5221/5221 5222/5222/5222 4821/4821/4821
f 4821/4821/4821 5222/5222/5222 4822/4822/4822
f 5222/5222/5222 5223/5223/5223 4822/4822/4822
f 4822/4822/4822 5223/5223/5223 4823/4823/4823
f 5223/5223/5223 5224/5224/5224 4823/4823/4823
f 4823/4823/4823 5224/5224/5224 4824/4824/4824
f 5224/5224/5224 5225/5225/5225 4824/4824/4824
f 4824/4824/4824 5225/5225/5225 4825/4825/4825
f 5225/5225/5225 5226/5226/5226 4825/4825/4825
f 4825/4825/4825 5226/5226/5226 4826/4826/4826
f 5226/5226/5226 5227/5227/5227 4826/4826/4826
f 4826/4826/4826 5227/5227/5227 4827/4827/4827
f 5227/5227/5227 5228/5228/5228 4827/4827/4827
f 4827/4827/4827 5228/5228/5228 4828/4828/4828
f 5228/5228/5228 5229/5229/5229 4828/4828/4828
f 4828/4828/4828 5229/5229/5229 4829/4829/4829
f 5229/5229/5229 5230/5230/5230 4829/4829/4829
f 4829/4829/4829 5230/5230/5230 4830/4830/4830
f 5230/5230/5230 5231/5231/5231 4830/4830/4830
f 4830/4830/4830 5231/5231/5231 4831/4831/4831
f 5231/5231/5231 5232/5232/5232 4831/4831/4831
f 4831/4831/4831 5232/5232/5232 4832/4832/4832
f 5232/5232/5232 5233/5233/5233 4832/4832/4832
f 4832/4832/4832 5233/5233/5233 4833/4833/4833
f 5233/5233/5233 5234/5234/5234 4833/4833/4833
f 4833/4833/4833 5234/5234/5234 4834/4834/4834
f 5234/5234/5234 5235/5235/5235 4834/4834/4834
f 4834/4834/4834 5235/5235/5235 4835/4835/4835
f 5235/5235/5235 5236/5236/5236 4835/4835/4835
f 4835/4835/4835 5236/5236/5236 4836/4836/4836
f 5236/5236/5236 5237/5237/5237 4836/4836/4836
f 4836/4836/4836 5237/5237/5237 4837/4837/4837
f 5237/5237/5237 5238/5238/5238 4837/4837/4837
f 4837/4837/4837 5238/5238/5238 4838/4838/4838
f 5238/5238/5238 5239/5239/5239 4838/4838/4838
f 4838/4838/4838 5239/5239/5239 4839/4839/4839
f 5239/5239/5239 5240/5240/5240 4839/4839/4839
f 4839/4839/4839 5240/5240/5240 4840/4840/4840
f 5240/5240/5240 5241/5241/5241 4840/4840/4840
f 4840/4840/4840 5241/5241/5241 4841/4841/4841
f 5241/5241/5241 5242/5242/5242 4841/4841/4841
f 4841/4841/4841 5242/5242/5242 4842/4842/4842
f 5242/5242/5242 5243/5243/5243 4842/4842/4842
f 4842/4842/4842 5243/5243/5243 4843/4843/4843
f 5243/5243/5243 5244/5244/5244 4843/4843/4843
f 4843/4843/4843 5244/5244/5244 4844/4844/4844
f 5244/5244/5244 5245/5245/5245 4844/4844/4844
f 4844/4844/4844 5245/5245/5245 4845/4845/4845
f 5245/5245/5245 5246/5246/5246 4845/4845/4845
f 4845/4845/4845 5246/5246/5246 4846/4846/4846
f 5246/5246/5246 5247/5247/5247 4846/4846/4846
f 4846/4846/4846 5247/5247/5247 4847/4847/4847
f 5247/5247/5247 5248/5248/5248 4847/4847/4847
f 4847/4847/4847 5248/5248/5248 4848/4848/4848
f 5248/5248/5248 5249/5249/5249 4848/4848/4848
f 4848/4848/4848 5249/5249/5249 4849/4849/4849
f 5249/5249/5249 5250/5250/5250 4849/4849/4849
f 4849/4849/4849 5250/5250/5250 4850/4850/4850
f 5250/5250/5250 5251/5251/5251 4850/4850/4850
f 4850/4850/4850 5251/5251/5251 4851/4851/4851
f 5251/5251/5251 5252/5252/5252 4851/4851/4851
f 4851/4851/4851 5252/5252/5252 4852/4852/4852
f 5252/5252/5252 5253/5253/5253 4852/4852/4852
f 4852/4852/4852 5253/5253/5253 4853/4853/4853
f 5253/5253/5253 5254/5254/5254 4853/4853/4853
f 4853/4853/4853 5254/5254/5254 4854/4854/4854
f 5254/5254/5254 5255/5255/5255 4854/4854/4854
f 4854/4854/4854 5255/5255/5255 4855/4855/4855
f 5255/5255/5255 5256/5256/5256 4855/4855/4855
f 4855/4855/4855 5256/5256/5256 4856/4856/4856
f 5256/5256/5256 5257/5257/5257 4856/4856/4856
f 4856/4856/4856 5257/5257/5257 4857/4857/4857
f 5257/5257/5257 5258/5258/5258 4857/4857/4857
f 4857/4857/4857 5258/5258/5258 4858/4858/4858
f 5258/5258/5258 5259/5259/5259 4858/4858/4858
f 4858/4858/4858 5259/5259/5259 4859/4859/4859
f 5259/5259/5259 5260/5260/5260 4859/4859/4859
f 4859/4859/4859 5260/5260/5260 4860/4860/4860
f 5260/5260/5260 5261/5261/5261 4860/4860/4860
f 4860/4860/4860 5261/5261/5261 4861/4861/4861
f 5261/5261/5261 5262/5262/5262 4861/4861/4861
f 4861/4861/4861 5262/5262/5262 4862/4862/4862
f 5262/5262/5262 5263/5263/5263 4862/4862/4862
f 4862/4862/4862 5263/5263/5263 4863/4863/4863
f 5263/5263/5263 5264/5264/5264 4863/4863/4863
f 4863/4863/4863 5264/5264/5264 4864/4864/4864
f 5264/5264/5264 5265/5265/5265 4864/4864/4864
f 4864/4864/4864 5265/5265/5265 4865/4865/4865
f 5265/5265/5265 5266/5266/5266 4865/4865/4865
f 4865/4865/4865 5266/5266/5266 4866/4866/4866
f 5266/5266/5266 5267/5267/5267 4866/4866/4866
f 4866/4866/4866 5267/5267/5267 4867/4867/4867
f 5267/5267/5267 5268/5268/5268 4867/4867/4867
f 4867/4867/4867 5268/5268/5268 4868/4868/4868
f 5268/5268/5268 5269/5269/5269 4868/4868/4868
f 4868/4868/4868 5269/5269/5269 4869/4869/4869
f 5269/5269/5269 5270/5270/5270 4869/4869/4869
f 4869/4869/4869 5270/5270/5270 4870/4870/4870
f 5270/5270/5270 5271/5271/5271 4870/4870/4870
f 4870/4870/4870 5271/5271/5271 4871/4871/4871
f 5271/5271/5271 5272/5272/5272 4871/4871/4871
f 4871/4871/4871 5272/5272/5272 4872/4872/4872
f 5272/5272/5272 5273/5273/5273 4872/4872/4872
f 4872/4872/4872 5273/5273/5273 4873/4873/4873
f 5273/5273/5273 5274/5274/5274 4873/4873/4873
f 4873/4873/4873 5274/5274/5274 4874/4874/4874
f 5274/5274/5274 5275/5275/5275 4874/4874/4874
f 4874/4874/4874 5275/5275/5275 4875/4875/4875
f 5275/5275/5275 5276/5276/5276 4875/4875/4875
f 4875/4875/4875 5276/5276/5276 4876/4876/4876
f 5276/5276/5276 5277/5277/5277 4876/4876/4876
f 4876/4876/4876 5277/5277/5277 4877/4877/4877
f 5277/5277/5277 5278/5278/5278 4877/4877/4877
f 4877/4877/4877 5278/5278/5278 4878/4878/4878
f 5278/5278/5278 5279/5279/5279 4878/4878/4878
f 4878/4878/4878 5279/5279/5279 4879/4879/4879
f 5279/5279/5279 5280/5280/5280 4879/4879/4879
f 4879/4879/4879 5280/5280/5280 4880/4880/4880
f 5280/5280/5280 5281/5281/5281 4880/4880/4880
f 4880/4880/4880 5281/5281/5281 4881/4881/4881
f 5281/5281/5281 5282/5282/5282 4881/4881/4881
f 4881/4881/4881 5282/5282/5282 4882/4882/4882
f 5282/5282/5282 5283/5283/5283 4882/4882/4882
f 4882/4882/4882 5283/5283/5283 4883/4883/4883
f 5283/5283/5283 5284/5284/5284 4883/4883/4883
f 4883/4883/4883 5284/5284/5284 4884/4884/4884
f 5284/5284/5284 5285/5285/5285 4884/4884/4884
f 4884/4884/4884 5285/5285/5285 4885/4885/4885
f 5285/5285/5285 5286/5286/5286 4885/4885/4885
f 4885/4885/4885 5286/5286/5286 4886/4886/4886
f 5286/5286/5286 5287/5287/5287 4886/4886/4886
f 4886/4886/4886 5287/5287/5287 4887/4887/4887
f 5287/5287/5287 5288/5288/5288 4887/4887/4887
f 4887/4887/4887 5288/5288/5288 4888/4888/4888
f 5288/5288/5288 5289/5289/5289 4888/4888/4888
f 4888/4888/4888 5289/5289/5289 4889/4889/4889
f 5289/5289/5289 5290/5290/5290 4889/4889/4889
f 4889/4889/4889 5290/5290/5290 4890/4890/4890
f 5290/5290/5290 5291/5291/5291 4890/4890/4890
f 4890/4890/4890 5291/5291/5291 4891/4891/4891
f 5291/5291/5291 5292/5292/5292 4891/4891/4891
f 4891/4891/4891 5292/5292/5292 4892/4892/4892
f 5292/5292/5292 5293/5293/5293 4892/4892/4892
f 4892/4892/4892 5293/5293/5293 4893/4893/4893
f 5293/5293/5293 5294/5294/5294 4893/4893/4893
f 4893/4893/4893 5294/5294/5294 4894/4894/4894
f 5294/5294/5294 5295/5295/5295 4894/4894/4894
f 4894/4894/4894 5295/5295/5295 4895/4895/4895
f 5295/5295/5295 5296/5296/5296 4895/4895/4895
f 4895/4895/4895 5296/5296/5296 4896/4896/4896
f 5296/5296/5296 5297/5297/5297 4896/4896/4896
f 4896/4896/4896 5297/5297/5297 4897/4897/4897
f 5297/5297/5297 5298/5298/5298 4897/4897/4897
f 4897/4897/4897 5298/5298/5298 4898/4898/4898
f 5298/5298/5298 5299/5299/5299 4898/4898/4898
f 4898/4898/4898 5299/5299/5299 4899/4899/4899
f 5299/5299/5299 5300/5300/5300 4899/4899/4899
f 4899/4899/4899 5300/5300/5300 4900/4900/4900
f 5300/5300/5300 5301/5301/5301 4900/4900/4900
f 4900/4900/4900 5301/5301/5301 4901/4901/4901
f 5301/5301/5301 5302/5302/5302 4901/4901/4901
f 4901/4901/4901 5302/5302/5302 4902/4902/4902
f 5302/5302/5302 5303/5303/5303 4902/4902/4902
f 4902/4902/4902 5303/5303/5303 4903/4903/4903
f 5303/5303/5303 5304/5304/5304 4903/4903/4903
f 4903/4903/4903 5304/5304/5304 4904/4904/4904
f 5304/5304/5304 5305/5305/5305 4904/4904/4904
f 4904/4904/4904 5305/5305/5305 4905/4905/4905
f 5305/5305/5305 5306/5306/5306 4905/4905/4905
f 4905/4905/4905 5306/5306/5306 4906/4906/4906
f 5306/5306/5306 5307/5307/5307 4906/4906/4906
f 4906/4906/4906 5307/5307/5307 4907/4907/4907
f 5307/5307/5307 5308/5308/5308 4907/4907/4907
f 4907/4907/4907 5308/5308/5308 4908/4908/4908
f 5308/5308/5308 5309/5309/5309 4908/4908/4908
f 4908/4908/4908 5309/5309/5309 4909/4909/4909
f 5309/5309/5309 5310/5310/5310 4909/4909/4909
f 4909/4909/4909 5310/5310/5310 4910/4910/4910
f 5310/5310/5310 5311/5311/5311 4910/4910/4910
f 4910/4910/4910 5311/5311/5311 4911/4911/4911
f 5311/5311/5311 5312/5312/5312 4911/4911/4911
f 4911/4911/4911 5312/5312/5312 4912/4912/4912
f 5312/5312/5312 5313/5313/5313 4912/4912/4912
f 4912/4912/4912 5313/5313/5313 4913/4913/4913
f 5313/5313/5313 5314/5314/5314 4913/4913/4913
f 4913/4913/4913 5314/5314/5314 4914/4914/4914
f 5314/5314/5314 5315/5315/5315 4914/4914/4914
f 4914/4914/4914 5315/5315/5315 4915/4915/4915
f 5315/5315/5315 5316/5316/5316 4915/4915/4915
f 4915/4915/4915 5316/5316/5316 4916/4916/4916
f 5316/5316/5316 5317/5317/5317 4916/4916/4916
f 4916/4916/4916 5317/5317/5317 4917/4917/4917
f 5317/5317/5317 5318/5318/5318 4917/4917/4917
f 4917/4917/4917 5318/5318/5318 4918/4918/4918
f 5318/5318/5318 5319/5319/5319 4918/4918/4918
f 4918/4918/4918 5319/5319/5319 4919/4919/4919
f 5319/5319/5319 5320/5320/5320 4919/4919/4919
f 4919/4919/4919 5320/5320/5320 4920/4920/4920
f 5320/5320/5320 5321/5321/5321 4920/4920/4920
f 4920/4920/4920 5321/5321/5321 4921/4921/4921
f 5321/5321/5321 5322/5322/5322 4921/4921/4921
f 4921/4921/4921 5322/5322/5322 4922/4922/4922
f 5322/5322/5322 5323/5323/5323 4922/4922/4922
f 4922/4922/4922 5323/5323/5323 4923/4923/4923
f 5323/5323/5323 5324/5324/5324 4923/4923/4923
f 4923/4923/4923 5324/5324/5324 4924/4924/4924
f 5324/5324/5324 5325/5325/5325 4924/4924/4924
f 4924/4924/4924 5325/5325/5325 4925/4925/4925
f 5325/5325/5325 5326/5326/5326 4925/4925/4925
f 4925/4925/4925 5326/5326/5326 4926/4926/4926
f 5326/5326/5326 5327/5327/5327 4926/4926/4926
f 4926/4926/4926 5327/5327/5327 4927/4927/4927
f 5327/5327/5327 5328/5328/5328 4927/4927/4927
f 4927/4927/4927 5328/5328/5328 4928/4928/4928
f 5328/5328/5328 5329/5329/5329 4928/4928/4928
f 4928/4928/4928 5329/5329/5329 4929/4929/4929
f 5329/5329/5329 5330/5330/5330 4929/4929/4929
f 4929/4929/4929 5330/5330/5330 4930/4930/4930
f 5330/5330/5330 5331/5331/5331 4930/4930/4930
f 4930/4930/4930 5331/5331/5331 4931/4931/4931
f 5331/5331/5331 5332/5332/5332 4931/4931/4931
f 4931/4931/4931 5332/5332/5332 4932/4932/4932
f 5332/5332/5332 5333/5333/5333 4932/4932/4932
f 4932/4932/4932 5333/5333/5333 4933/4933/4933
f 5333/5333/5333 5334/5334/5334 4933/4933/4933
f 4933/4933/4933 5334/5334/5334 4934/4934/4934
f 5334/5334/5334 5335/5335/5335 4934/4934/4934
f 4934/4934/4934 5335/5335/5335 4935/4935/4935
f 5335/5335/5335 5336/5336/5336 4935/4935/4935
f 4935/4935/4935 5336/5336/5336 4936/4936/4936
f 5336/5336/5336 5337/5337/5337 4936/4936/4936
f 4936/4936/4936 5337/5337/5337 4937/4937/4937
f 5337/5337/5337 5338/5338/5338 4937/4937/4937
f 4937/4937/4937 5338/5338/5338 4938/4938/4938
f 5338/5338/5338 5339/5339/5339 4938/4938/4938
f 4938/4938/4938 5339/5339/5339 4939/4939/4939
f 5339/5339/5339 5340/5340/5340 4939/4939/4939
f 4939/4939/4939 5340/5340/5340 4940/4940/4940
f 5340/5340/5340 5341/5341/5341 4940/4940/4940
f 4940/4940/4940 5341/5341/5341 4941/4941/4941
f 5341/5341/5341 5342/5342/5342 4941/4941/4941
f 4941/4941/4941 5342/5342/5342 4942/4942/4942
f 5342/5342/5342 5343/5343/5343 4942/4942/4942
f 4942/4942/4942 5343/5343/5343 4943/4943/4943
f 5343/5343/5343 5344/5344/5344 4943/4943/4943
f 4943/4943/4943 5344/5344/5344 4944/4944/4944
f 5344/5344/5344 5345/5345/5345 4944/4944/4944
f 4944/4944/4944 5345/5345/5345 4945/4945/4945
f 5345/5345/5345 5346/5346/5346 4945/4945/4945
f 4945/4945/4945 5346/5346/5346 4946/4946/4946
f 5346/5346/5346 5347/5347/5347 4946/4946/4946
f 4946/4946/4946 5347/5347/5347 4947/4947/4947
f 5347/5347/5347 5348/5348/5348 4947/4947/4947
f 4947/4947/4947 5348/5348/5348 4948/4948/4948
f 5348/5348/5348 5349/5349/5349 4948/4948/4948
f 4948/4948/4948 5349/5349/5349 4949/4949/4949
f 5349/5349/5349 5350/5350/5350 4949/4949/4949
f 4949/4949/4949 5350/5350/5350 4950/4950/4950
f 5350/5350/5350 5351/5351/5351 4950/4950/4950
f 4950/4950/4950 5351/5351/5351 4951/4951/4951
f 5351/5351/5351 5352/5352/5352 4951/4951/4951
f 4951/4951/4951 5352/5352/5352 4952/4952/4952
f 5352/5352/5352 5353/5353/5353 4952/4952/4952
f 4952/4952/4952 5353/5353/5353 4953/4953/4953
f 5353/5353/5353 5354/5354/5354 4953/4953/4953
f 4953/4953/4953 5354/5354/5354 4954/4954/4954
f 5354/5354/5354 5355/5355/5355 4954/4954/4954
f 4954/4954/4954 5355/5355/5355 4955/4955/4955
f 5355/5355/5355 5356/5356/5356 4955/4955/4955
f 4955/4955/4955 5356/5356/5356 4956/4956/4956
f 5356/5356/5356 5357/5357/5357 4956/4956/4956
f 4956/4956/4956 5357/5357/5357 4957/4957/4957
f 5357/5357/5357 5358/5358/5358 4957/4957/4957
f 4957/4957/4957 5358/5358/5358 4958/4958/4958
f 5358/5358/5358 5359/5359/5359 4958/4958/4958
f 4958/4958/4958 5359/5359/5359 4959/4959/4959
f 5359/5359/5359 5360/5360/5360 4959/4959/4959
f 4959/4959/4959 5360/5360/5360 4960/4960/4960
f 5360/5360/5360 5361/5361/5361 4960/4960/4960
f 4960/4960/4960 5361/5361/5361 4961/4961/4961
f 5361/5361/5361 5362/5362/5362 4961/4961/4961
f 4961/4961/4961 5362/5362/5362 4962/4962/4962
f 5362/5362/5362 5363/5363/5363 4962/4962/4962
f 4962/4962/4962 5363/5363/5363 4963/4963/4963
f 5363/5363/5363 5364/5364/5364 4963/4963/4963
f 4963/4963/4963 5364/5364/5364 4964/4964/4964
f 5364/5364/5364 5365/5365/5365 4964/4964/4964
f 4964/4964/4964 5365/5365/5365 4965/4965/4965
f 5365/5365/5365 5366/5366/5366 4965/4965/4965
f 4965/4965/4965 5366/5366/5366 4966/4966/4966
f 5366/5366/5366 5367/5367/5367 4966/4966/4966
f 4966/4966/4966 5367/5367/5367 4967/4967/4967
f 5367/5367/5367 5368/5368/5368 4967/4967/4967
f 4967/4967/4967 5368/5368/5368 4968/4968/4968
f 5368/5368/5368 5369/5369/5369 4968/4968/4968
f 4968/4968/4968 5369/5369/5369 4969/4969/4969
f 5369/5369/5369 5370/5370/5370 4969/4969/4969
f 4969/4969/4969 5370/5370/5370 4970/4970/4970
f 5370/5370/5370 5371/5371/5371 4970/4970/4970
f 4970/4970/4970 5371/5371/5371 4971/4971/4971
f 5371/5371/5371 5372/5372/5372 4971/4971/4971
f 4971/4971/4971 5372/5372/5372 4972/4972/4972
f 5372/5372/5372 5373/5373/5373 4972/4972/4972
f 4972/4972/4972 5373/5373/5373 4973/4973/4973
f 5373/5373/5373 5374/5374/5374 4973/4973/4973
f 4973/4973/4973 5374/5374/5374 4974/4974/4974
f 5374/5374/5374 5375/5375/5375 4974/4974/4974
f 4974/4974/4974 5375/5375/5375 4975/4975/4975
f 5375/5375/5375 5376/5376/5376 4975/4975/4975
f 4975/4975/4975 5376/5376/5376 4976/4976/4976
f 5376/5376/5376 5377/5377/5377 4976/4976/4976
f 4976/4976/4976 5377/5377/5377 4977/4977/4977
f 5377/5377/5377 5378/5378/5378 4977/4977/4977
f 4977/4977/4977 5378/5378/5378 4978/4978/4978
f 5378/5378/5378 5379/5379/5379 4978/4978/4978
f 4978/4978/4978 5379/5379/5379 4979/4979/4979
f 5379/5379/5379 5380/5380/5380 4979/4979/4979
f 4979/4979/4979 5380/5380/5380 4980/4980/4980
f 5380/5380/5380 5381/5381/5381 4980/4980/4980
f 4980/4980/4980 5381/5381/5381 4981/4981/4981
f 5381/5381/5381 5382/5382/5382 4981/4981/4981
f 4981/4981/4981 5382/5382/5382 4982/4982/4982
f 5382/5382/5382 5383/5383/5383 4982/4982/4982
f 4982/4982/4982 5383/5383/5383 4983/4983/4983
f 5383/5383/5383 5384/5384/5384 4983/4983/4983
f 4983/4983/4983 5384/5384/5384 4984/4984/4984
f 5384/5384/5384 5385/5385/5385 4984/4984/4984
f 4984/4984/4984 5385/5385/5385 4985/4985/4985
f 5385/5385/5385 5386/5386/5386 4985/4985/4985
f 4985/4985/4985 5386/5386/5386 4986/4986/4986
f 5386/5386/5386 5387/5387/5387 4986/4986/4986
f 4986/4986/4986 5387/5387/5387 4987/4987/4987
f 5387/5387/5387 5388/5388/5388 4987/4987/4987
f 4987/4987/4987 5388/5388/5388 4988/4988/4988
f 5388/5388/5388 5389/5389/5389 4988/4988/4988
f 4988/4988/4988 5389/5389/5389 4989/4989/4989
f 5389/5389/5389 5390/5390/5390 4989/4989/4989
f 4989/4989/4989 5390/5390/5390 4990/4990/4990
f 5390/5390/5390 5391/5391/5391 4990/4990/4990
f 4990/4990/4990 5391/5391/5391 4991/4991/4991
f 5391/5391/5391 5392/5392/5392 4991/4991/4991
f 4991/4991/4991 5392/5392/5392 4992/4992/4992
f 5392/5392/5392 5393/5393/5393 4992/4992/4992
f 4992/4992/4992 5393/5393/5393 4993/4993/4993
f 5393/5393/5393 5394/5394/5394 4993/4993/4993
f 4993/4993/4993 5394/5394/5394 4994/4994/4994
f 5394/5394/5394 5395/5395/5395 4994/4994/4994
f 4994/4994/4994 5395/5395/5395 4995/4995/4995
f 5395/5395/5395 5396/5396/5396 4995/4995/4995
f 4995/4995/4995 5396/5396/5396 4996/4996/4996
f 5396/5396/5396 5397/5397/5397 4996/4996/4996
f 4996/4996/4996 5397/5397/5397 4997/4997/4997
f 5397/5397/5397 5398/5398/5398 4997/4997/4997
f 4997/4997/4997 5398/5398/5398 4998/4998/4998
f 5398/5398/5398 5399/5399/5399 4998/4998/4998
f 4998/4998/4998 5399/5399/5399 4999/4999/4999
f 5399/5399/5399 5400/5400/5400 4999/4999/4999
f 4999/4999/4999 5400/5400/5400 5000/5000/5000
f 5400/5400/5400 5401/5401/5401 5000/5000/5000
f 5000/5000/5000 5401/5401/5401 5001/5001/5001
f 5401/5401/5401 5402/5402/5402 5001/5001/5001
f 5001/5001/5001 5402/5402/5402 5002/5002/5002
f 5402/5402/5402 5403/5403/5403 5002/5002/5002
f 5002/5002/5002 5403/5403/5403 5003/5003/5003
f 5403/5403/5403 5404/5404/5404 5003/5003/5003
f 5003/5003/5003 5404/5404/5404 5004/5004/5004
f 5404/5404/5404 5405/5405/5405 5004/5004/5004
f 5004/5004/5004 5405/5405/5405 5005/5005/5005
f 5405/5405/5405 5406/5406/5406 5005/5005/5005
f 5005/5005/5005 5406/5406/5406 5006/5006/5006
f 5406/5406/5406 5407/5407/5407 5006/5006/5006
f 5006/5006/5006 5407/5407/5407 5007/5007/5007
f 5407/5407/5407 5408/5408/5408 5007/5007/5007
f 5007/5007/5007 5408/5408/5408 5008/5008/5008
f 5408/5408/5408 5409/5409/5409 5008/5008/5008
f 5008/5008/5008 5409/5409/5409 5009/5009/5009
f 5409/5409/5409 5410/5410/5410 5009/5009/5009
f 5009/5009/5009 5410/5410/5410 5010/5010/5010
f 5410/5410/5410 5411/5411/5411 5010/5010/5010
f 5010/5010/5010 5411/5411/5411 5011/5011/5011
f 5411/5411/5411 5412/5412/5412 5011/5011/5011
f 5011/5011/5011 5412/5412/5412 5012/5012/5012
f 5412/5412/5412 5413/5413/5413 5012/5012/5012
f 5012/5012/5012 5413/5413/5413 5013/5013/5013
f 5413/5413/5413 5414/5414/5414 5013/5013/5013
f 5013/5013/5013 5414/5414/5414 5014/5014/5014
f 5414/5414/5414 5415/5415/5415 5014/5014/5014
f 5014/5014/5014 5415/5415/5415 5015/5015/5015
f 5415/5415/5415 5416/5416/5416 5015/5015/5015
f 5015/5015/5015 5416/5416/5416 5016/5016/5016
f 5416/5416/5416 5417/5417/5417 5016/5016/5016
f 5016/5016/5016 5417/5417/5417 5017/5017/5017
f 5417/5417/5417 5418/5418/5418 5017/5017/5017
f 5017/5017/5017 5418/5418/5418 5018/5018/5018
f 5418/5418/5418 5419/5419/5419 5018/5018/5018
f 5018/5018/5018 5419/5419/5419 5019/5019/5019
f 5419/5419/5419 5420/5420/5420 5019/5019/5019
f 5019/5019/5019 5420/5420/5420 5020/5020/5020
f 5420/5420/5420 5421/5421/5421 5020/5020/5020
f 5020/5020/5020 5421/5421/5421 5021/5021/5021
f 5421/5421/5421 5422/5422/5422 5021/5021/5021
f 5021/5021/5021 5422/5422/5422 5022/5022/5022
f 5422/5422/5422 5423/5423/5423 5022/5022/5022
f 5022/5022/5022 5423/5423/5423 5023/5023/5023
f 5423/5423/5423 5424/5424/5424 5023/5023/5023
f 5023/5023/5023 5424/5424/5424 5024/5024/5024
f 5424/5424/5424 5425/5425/5425 5024/5024/5024
f 5024/5024/5024 5425/5425/5425 5025/5025/5025
f 5425/5425/5425 5426/5426/5426 5025/5025/5025
f 5025/5025/5025 5426/5426/5426 5026/5026/5026
f 5426/5426/5426 5427/5427/5427 5026/5026/5026
f 5026/5026/5026 5427/5427/5427 5027/5027/5027
f 5427/5427/5427 5428/5428/5428 5027/5027/5027
f 5027/5027/5027 5428/5428/5428 5028/5028/5028
f 5428/5428/5428 5429/5429/5429 5028/5028/5028
f 5028/5028/5028 5429/5429/5429 5029/5029/5029
f 5429/5429/5429 5430/5430/5430 5029/5029/5029
f 5029/5029/5029 5430/5430/5430 5030/5030/5030
f 5430/5430/5430 5431/5431/5431 5030/5030/5030
f 5030/5030/5030 5431/5431/5431 5031/5031/5031
f 5431/5431/5431 5432/5432/5432 5031/5031/5031
f 5031/5031/5031 5432/5432/5432 5032/5032/5032
f 5432/5432/5432 5433/5433/5433 5032/5032/5032
f 5032/5032/5032 5433/5433/5433 5033/5033/5033
f 5433/5433/5433 5434/5434/5434 5033/5033/5033
f 5033/5033/5033 5434/5434/5434 5034/5034/5034
f 5434/5434/5434 5435/5435/5435 5034/5034/5034
f 5034/5034/5034 5435/5435/5435 5035/5035/5035
f 5435/5435/5435 5436/5436/5436 5035/5035/5035
f 5035/5035/5035 5436/5436/5436 5036/5036/5036
f 5436/5436/5436 5437/5437/5437 5036/5036/5036
f 5036/5036/5036 5437/5437/5437 5037/5037/5037
f 5437/5437/5437 5438/5438/5438 5037/5037/5037
f 5037/5037/5037 5438/5438/5438 5038/5038/5038
f 5438/5438/5438 5439/5439/5439 5038/5038/5038
f 5038/5038/5038 5439/5439/5439 5039/5039/5039
f 5439/5439/5439 5440/5440/5440 5039/5039/5039
f 5039/5039/5039 5440/5440/5440 5040/5040/5040
f 5440/5440/5440 5441/5441/5441 5040/5040/5040
f 5040/5040/5040 5441/5441/5441 5041/5041/5041
f 5441/5441/5441 5442/5442/5442 5041/5041/5041
f 5041/5041/5041 5442/5442/5442 5042/5042/5042
f 5442/5442/5442 5443/5443/5443 5042/5042/5042
f 5042/5042/5042 5443/5443/5443 5043/5043/5043
f 5443/5443/5443 5444/5444/5444 5043/5043/5043
f 5043/5043/5043 5444/5444/5444 5044/5044/5044
f 5444/5444/5444 5445/5445/5445 5044/5044/5044
f 5044/5044/5044 5445/5445/5445 5045/5045/5045
f 5445/5445/5445 5446/5446/5446 5045/5045/5045
f 5045/5045/5045 5446/5446/5446 5046/5046/5046
f 5446/5446/5446 5447/5447/5447 5046/5046/5046
f 5046/5046/5046 5447/5447/5447 5047/5047/5047
f 5447/5447/5447 5448/5448/5448 5047/5047/5047
f 5047/5047/5047 5448/5448/5448 5048/5048/5048
f 5448/5448/5448 5449/5449/5449 5048/5048/5048
f 5048/5048/5048 5449/5449/5449 5049/5049/5049
f 5449/5449/5449 5450/5450/5450 5049/5049/5049
f 5049/5049/5049 5450/5450/5450 5050/5050/5050
f 5450/5450/5450 5451/5451/5451 5050/5050/5050
f 5050/5050/5050 5451/5451/5451 5051/5051/5051
f 5451/5451/5451 5452/5452/5452 5051/5051/5051
f 5051/5051/5051 5452/5452/5452 5052/5052/5052
f 5452/5452/5452 5453/5453/5453 5052/5052/5052
f 5052/5052/5052 5453/5453/5453 5053/5053/5053
f 5453/5453/5453 5454/5454/5454 5053/5053/5053
f 5053/5053/5053 5454/5454/5454 5054/5054/5054
f 5454/5454/5454 5455/5455/5455 5054/5054/5054
f 5054/5054/5054 5455/5455/5455 5055/5055/5055
f 5455/5455/5455 5456/5456/5456 5055/5055/5055
f 5055/5055/5055 5456/5456/5456 5056/5056/5056
f 5456/5456/5456 5457/5457/5457 5056/5056/5056
f 5056/5056/5056 5457/5457/5457 5057/5057/5057
f 5457/5457/5457 5458/5458/5458 5057/5057/5057
f 5057/5057/5057 5458/5458/5458 5058/5058/5058
f 5458/5458/5458 5459/5459/5459 5058/5058/5058
f 5058/5058/5058 5459/5459/5459 5059/5059/5059
f 5459/5459/5459 5460/5460/5460 5059/5059/5059
f 5059/5059/5059 5460/5460/5460 5060/5060/5060
f 5460/5460/5460 5461/5461/5461 5060/5060/5060
f 5060/5060/5060 5461/5461/5461 5061/5061/5061
f 5461/5461/5461 5462/5462/5462 5061/5061/5061
f 5061/5061/5061 5462/5462/5462 5062/5062/5062
f 5462/5462/5462 5463/5463/5463 5062/5062/5062
f 5062/5062/5062 5463/5463/5463 5063/5063/5063
f 5463/5463/5463 5464/5464/5464 5063/5063/5063
f 5063/5063/5063 5464/5464/5464 5064/5064/5064
f 5464/5464/5464 5465/5465/5465 5064/5064/5064
f 5064/5064/5064 5465/5465/5465 5065/5065/5065
f 5465/5465/5465 5466/5466/5466 5065/5065/5065
f 5065/5065/5065 5466/5466/5466 5066/5066/5066
f 5466/5466/5466 5467/5467/5467 5066/5066/5066
f 5066/5066/5066 5467/5467/5467 5067/5067/5067
f 5467/5467/5467 5468/5468/5468 5067/5067/5067
f 5067/5067/5067 5468/5468/5468 5068/5068/5068
f 5468/5468/5468 5469/5469/5469 5068/5068/5068
f 5068/5068/5068 5469/5469/5469 5069/5069/5069
f 5469/5469/5469 5470/5470/5470 5069/5069/5069
f 5069/5069/5069 5470/5470/5470 5070/5070/5070
f 5470/5470/5470 5471/5471/5471 5070/5070/5070
f 5070/5070/5070 5471/5471/5471 5071/5071/5071
f 5471/5471/5471 5472/5472/5472 5071/5071/5071
f 5071/5071/5071 5472/5472/5472 5072/5072/5072
f 5472/5472/5472 5473/5473/5473 5072/5072/5072
f 5072/5072/5072 5473/5473/5473 5073/5073/5073
f 5473/5473/5473 5474/5474/5474 5073/5073/5073
f 5073/5073/5073 5474/5474/5474 5074/5074/5074
f 5474/5474/5474 5475/5475/5475 5074/5074/5074
f 5074/5074/5074 5475/5475/5475 5075/5075/5075
f 5475/5475/5475 5476/5476/5476 5075/5075/5075
f 5075/5075/5075 5476/5476/5476 5076/5076/5076
f 5476/5476/5476 5477/5477/5477 5076/5076/5076
f 5076/5076/5076 5477/5477/5477 5077/5077/5077
f 5477/5477/5477 5478/5478/5478 5077/5077/5077
f 5077/5077/5077 5478/5478/5478 5078/5078/5078
f 5478/5478/5478 5479/5479/5479 5078/5078/5078
f 5078/5078/5078 5479/5479/5479 5079/5079/5079
f 5479/5479/5479 5480/5480/5480 5079/5079/5079
f 5079/5079/5079 5480/5480/5480 5080/5080/5080
f 5480/5480/5480 5481/5481/5481 5080/5080/5080
f 5080/5080/5080 5481/5481/5481 5081/5081/5081
f 5481/5481/5481 5482/5482/5482 5081/5081/5081
f 5081/5081/5081 5482/5482/5482 5082/5082/5082
f 5482/5482/5482 5483/5483/5483 5082/5082/5082
f 5082/5082/5082 5483/5483/5483 5083/5083/5083
f 5483/5483/5483 5484/5484/5484 5083/5083/5083
f 5083/5083/5083 5484/5484/5484 5084/5084/5084
f 5484/5484/5484 5485/5485/5485 5084/5084/5084
f 5084/5084/5084 5485/5485/5485 5085/5085/5085
f 5485/5485/5485 5486/5486/5486 5085/5085/5085
f 5085/5085/5085 5486/5486/5486 5086/5086/5086
f 5486/5486/5486 5487/5487/5487 5086/5086/5086
f 5086/5086/5086 5487/5487/5487 5087/5087/5087
f 5487/5487/5487 5488/5488/5488 5087/5087/5087
f 5087/5087/5087 5488/5488/5488 5088/5088/5088
f 5488/5488/5488 5489/5489/5489 5088/5088/5088
f 5088/5088/5088 5489/5489/5489 5089/5089/5089
f 5489/5489/5489 5490/5490/5490 5089/5089/5089
f 5089/5089/5089 5490/5490/5490 5090/5090/5090
f 5490/5490/5490 5491/5491/5491 5090/5090/5090
f 5090/5090/5090 5491/5491/5491 5091/5091/5091
f 5491/5491/5491 5492/5492/5492 5091/5091/5091
f 5091/5091/5091 5492/5492/5492 5092/5092/5092
f 5492/5492/5492 5493/5493/5493 5092/5092/5092
f 5092/5092/5092 5493/5493/5493 5093/5093/5093
f 5493/5493/5493 5494/5494/5494 5093/5093/5093
f 5093/5093/5093 5494/5494/5494 5094/5094/5094
f 5494/5494/5494 5495/5495/5495 5094/5094/5094
f 5094/5094/5094 5495/5495/5495 5095/5095/5095
f 5495/5495/5495 5496/5496/5496 5095/5095/5095
f 5095/5095/5095 5496/5496/5496 5096/5096/5096
f 5496/5496/5496 5497/5497/5497 5096/5096/5096
f 5096/5096/5096 5497/5497/5497 5097/5097/5097
f 5497/5497/5497 5498/5498/5498 5097/5097/5097
f 5097/5097/5097 5498/5498/5498 5098/5098/5098
f 5498/5498/5498 5499/5499/5499 5098/5098/5098
f 5098/5098/5098 5499/5499/5499 5099/5099/5099
f 5499/5499/5499 5500/5500/5500 5099/5099/5099
f 5099/5099/5099 5500/5500/5500 5100/5100/5100
f 5500/5500/5500 5501/5501/5501 5100/5100/5100
f 5100/5100/5100 5501/5501/5501 5101/5101/5101
f 5501/5501/5501 5502/5502/5502 5101/5101/5101
f 5101/5101/5101 5502/5502/5502 5102/5102/5102
f 5502/5502/5502 5503/5503/5503 5102/5102/5102
f 5102/5102/5102 5503/5503/5503 5103/5103/5103
f 5503/5503/5503 5504/5504/5504 5103/5103/5103
f 5103/5103/5103 5504/5504/5504 5104/5104/5104
f 5504/5504/5504 5505/5505/5505 5104/5104/5104
f 5104/5104/5104 5505/5505/5505 5105/5105/5105
f 5505/5505/5505 5506/5506/5506 5105/5105/5105
f 5105/5105/5105 5506/5506/5506 5106/5106/5106
f 5506/5506/5506 5507/5507/5507 5106/5106/5106
f 5106/5106/5106 5507/5507/5507 5107/5107/5107
f 5507/5507/5507 5508/5508/5508 5107/5107/5107
f 5107/5107/5107 5508/5508/5508 5108/5108/5108
f 5508/5508/5508 5509/5509/5509 5108/5108/5108
f 5108/5108/5108 5509/5509/5509 5109/5109/5109
f 5509/5509/5509 5510/5510/5510 5109/5109/5109
f 5109/5109/5109 5510/5510/5510 5110/5110/5110
f 5510/5510/5510 5511/5511/5511 5110/5110/5110
f 5110/5110/5110 5511/5511/5511 5111/5111/5111
f 5511/5511/5511 5512/5512/5512 5111/5111/5111
f 5111/5111/5111 5512/5512/5512 5112/5112/5112
f 5512/5512/5512 5513/5513/5513 5112/5112/5112
f 5112/5112/5112 5513/5513/5513 5113/5113/5113
f 5513/5513/5513 5514/5514/5514 5113/5113/5113
f 5113/5113/5113 5514/5514/5514 5114/5114/5114
f 5514/5514/5514 5515/5515/5515 5114/5114/5114
f 5114/5114/5114 5515/5515/5515 5115/5115/5115
f 5515/5515/5515 5516/5516/5516 5115/5115/5115
f 5115/5115/5115 5516/5516/5516 5116/5116/5116
f 5516/5516/5516 5517/5517/5517 5116/5116/5116
f 5116/5116/5116 5517/5517/5517 5117/5117/5117
f 5517/5517/5517 5518/5518/5518 5117/5117/5117
f 5117/5117/5117 5518/5518/5518 5118/5118/5118
f 5518/5518/5518 5519/5519/5519 5118/5118/5118
f 5118/5118/5118 5519/5519/5519 5119/5119/5119
f 5519/5519/5519 5520/5520/5520 5119/5119/5119
f 5119/5119/5119 5520/5520/5520 5120/5120/5120
f 5520/5520/5520 5521/5521/5521 5120/5120/5120
f 5120/5120/5120 5521/5521/5521 5121/5121/5121
f 5521/5521/5521 5522/5522/5522 5121/5121/5121
f 5121/5121/5121 5522/5522/5522 5122/5122/5122
f 5522/5522/5522 5523/5523/5523 5122/5122/5122
f 5122/5122/5122 5523/5523/5523 5123/5123/5123
f 5523/5523/5523 5524/5524/5524 5123/5123/5123
f 5123/5123/5123 5524/5524/5524 5124/5124/5124
f 5524/5524/5524 5525/5525/5525 5124/5124/5124
f 5124/5124/5124 5525/5525/5525 5125/5125/5125
f 5525/5525/5525 5526/5526/5526 5125/5125/5125
f 5125/5125/5125 5526/5526/5526 5126/5126/5126
f 5526/5526/5526 5527/5527/5527 5126/5126/5126
f 5126/5126/5126 5527/5527/5527 5127/5127/5127
f 5527/5527/5527 5528/5528/5528 5127/5127/5127
f 5127/5127/5127 5528/5528/5528 5128/5128/5128
f 5528/5528/5528 5529/5529/5529 5128/5128/5128
f 5128/5128/5128 5529/5529/5529 5129/5129/5129
f 5529/5529/5529 5530/5530/5530 5129/5129/5129
f 5129/5129/5129 5530/5530/5530 5130/5130/5130
f 5530/5530/5530 5531/5531/5531 5130/5130/5130
f 5130/5130/5130 5531/5531/5531 5131/5131/5131
f 5531/5531/5531 5532/5532/5532 5131/5131/5131
f 5131/5131/5131 5532/5532/5532 5132/5132/5132
f 5532/5532/5532 5533/5533/5533 5132/5132/5132
f 5132/5132/5132 5533/5533/5533 5133/5133/5133
f 5533/5533/5533 5534/5534/5534 5133/5133/5133
f 5133/5133/5133 5534/5534/5534 5134/5134/5134
f 5534/5534/5534 5535/5535/5535 5134/5134/5134
f 5134/5134/5134 5535/5535/5535 5135/5135/5135
f 5535/5535/5535 5536/5536/5536 5135/5135/5135
f 5135/5135/5135 5536/5536/5536 5136/5136/5136
f 5536/5536/5536 5537/5537/5537 5136/5136/5136
f 5136/5136/5136 5537/5537/5537 5137/5137/5137
f 5537/5537/5537 5538/5538/5538 5137/5137/5137
f 5137/5137/5137 5538/5538/5538 5138/5138/5138
f 5538/5538/5538 5539/5539/5539 5138/5138/5138
f 5138/5138/5138 5539/5539/5539 5139/5139/5139
f 5539/5539/5539 5540/5540/5540 5139/5139/5139
f 5139/5139/5139 5540/5540/5540 5140/5140/5140
f 5540/5540/5540 5541/5541/5541 5140/5140/5140
f 5140/5140/5140 5541/5541/5541 5141/5141/5141
f 5541/5541/5541 5542/5542/5542 5141/5141/5141
f 5141/5141/5141 5542/5542/5542 5142/5142/5142
f 5542/5542/5542 5543/5543/5543 5142/5142/5142
f 5142/5142/5142 5543/5543/5543 5143/5143/5143
f 5543/5543/5543 5544/5544/5544 5143/5143/5143
f 5143/5143/5143 5544/5544/5544 5144/5144/5144
f 5544/5544/5544 5545/5545/5545 5144/5144/5144
f 5144/5144/5144 5545/5545/5545 5145/5145/5145
f 5545/5545/5545 5546/5546/5546 5145/5145/5145
f 5145/5145/5145 5546/5546/5546 5146/5146/5146
f 5546/5546/5546 5547/5547/5547 5146/5146/5146
f 5146/5146/5146 5547/5547/5547 5147/5147/5147
f 5547/5547/5547 5548/5548/5548 5147/5147/5147
f 5147/5147/5147 5548/5548/5548 5148/5148/5148
f 5548/5548/5548 5549/5549/5549 5148/5148/5148
f 5148/5148/5148 5549/5549/5549 5149/5149/5149
f 5549/5549/5549 5550/5550/5550 5149/5149/5149
f 5149/5149/5149 5550/5550/5550 5150/5150/5150
f 5550/5550/5550 5551/5551/5551 5150/5150/5150
f 5150/5150/5150 5551/5551/5551 5151/5151/5151
f 5551/5551/5551 5552/5552/5552 5151/5151/5151
f 5151/5151/5151 5552/5552/5552 5152/5152/5152
f 5552/5552/5552 5553/5553/5553 5152/5152/5152
f 5152/5152/5152 5553/5553/5553 5153/5153/5153
f 5553/5553/5553 5554/5554/5554 5153/5153/5153
f 5153/5153/5153 5554/5554/5554 5154/5154/5154
f 5554/5554/5554 5555/5555/5555 5154/5154/5154
f 5154/5154/5154 5555/5555/5555 5155/5155/5155
f 5555/5555/5555 5556/5556/5556 5155/5155/5155
f 5155/5155/5155 5556/5556/5556 5156/5156/5156
f 5556/5556/5556 5557/5557/5557 5156/5156/5156
f 5156/5156/5156 5557/5557/5557 5157/5157/5157
f 5557/5557/5557 5558/5558/5558 5157/5157/5157
f 5157/5157/5157 5558/5558/5558 5158/5158/5158
f 5558/5558/5558 5559/5559/5559 5158/5158/5158
f 5158/5158/5158 5559/5559/5559 5159/5159/5159
f 5559/5559/5559 5560/5560/5560 5159/5159/5159
f 5159/5159/5159 5560/5560/5560 5160/5160/5160
f 5560/5560/5560 5561/5561/5561 5160/5160/5160
f 5160/5160/5160 5561/5561/5561 5161/5161/5161
f 5561/5561/5561 5562/5562/5562 5161/5161/5161
f 5161/5161/5161 5562/5562/5562 5162/5162/5162
f 5562/5562/5562 5563/5563/5563 5162/5162/5162
f 5162/5162/5162 5563/5563/5563 5163/5163/5163
f 5563/5563/5563 5564/5564/5564 5163/5163/5163
f 5163/5163/5163 5564/5564/5564 5164/5164/5164
f 5564/5564/5564 5565/5565/5565 5164/5164/5164
f 5164/5164/5164 5565/5565/5565 5165/5165/5165
f 5565/5565/5565 5566/5566/5566 5165/5165/5165
f 5165/5165/5165 5566/5566/5566 5166/5166/5166
f 5566/5566/5566 5567/5567/5567 5166/5166/5166
f 5166/5166/5166 5567/5567/5567 5167/5167/5167
f 5567/5567/5567 5568/5568/5568 5167/5167/5167
f 5167/5167/5167 5568/5568/5568 5168/5168/5168
f 5568/5568/5568 5569/5569/5569 5168/5168/5168
f 5168/5168/5168 5569/5569/5569 5169/5169/5169
f 5569/5569/5569 5570/5570/5570 5169/5169/5169
f 5169/5169/5169 5570/5570/5570 5170/5170/5170
f 5570/5570/5570 5571/5571/5571 5170/5170/5170
f 5170/5170/5170 5571/5571/5571 5171/5171/5171
f 5571/5571/5571 5572/5572/5572 5171/5171/5171
f 5171/5171/5171 5572/5572/5572 5172/5172/5172
f 5572/5572/5572 5573/5573/5573 5172/5172/5172
f 5172/5172/5172 5573/5573/5573 5173/5173/5173
f 5573/5573/5573 5574/5574/5574 5173/5173/5173
f 5173/5173/5173 5574/5574/5574 5174/5174/5174
f 5574/5574/5574 5575/5575/5575 5174/5174/5174
f 5174/5174/5174 5575/5575/5575 5175/5175/5175
f 5575/5575/5575 5576/5576/5576 5175/5175/5175
f 5175/5175/5175 5576/5576/5576 5176/5176/5176
f 5576/5576/5576 5577/5577/5577 5176/5176/5176
f 5176/5176/5176 5577/5577/5577 5177/5177/5177
f 5577/5577/5577 5578/5578/5578 5177/5177/5177
f 5177/5177/5177 5578/5578/5578 5178/5178/5178
f 5578/5578/5578 5579/5579/5579 5178/5178/5178
f 5178/5178/5178 5579/5579/5579 5179/5179/5179
f 5579/5579/5579 5580/5580/5580 5179/5179/5179
f 5179/5179/5179 5580/5580/5580 5180/5180/5180
f 5580/5580/5580 5581/5581/5581 5180/5180/5180
f 5180/5180/5180 5581/5581/5581 5181/5181/5181
f 5581/5581/5581 5582/5582/5582 5181/5181/5181
f 5181/5181/5181 5582/5582/5582 5182/5182/5182
f 5582/5582/5582 5583/5583/5583 5182/5182/5182
f 5182/5182/5182 5583/5583/5583 5183/5183/5183
f 5583/5583/5583 5584/5584/5584 5183/5183/5183
f 5183/5183/5183 5584/5584/5584 5184/5184/5184
f 5584/5584/5584 5585/5585/5585 5184/5184/5184
f 5184/5184/5184 5585/5585/5585 5185/5185/5185
f 5585/5585/5585 5586/5586/5586 5185/5185/5185
f 5185/5185/5185 5586/5586/5586 5186/5186/5186
f 5586/5586/5586 5587/5587/5587 5186/5186/5186
f 5186/5186/5186 5587/5587/5587 5187/5187/5187
f 5587/5587/5587 5588/5588/5588 5187/5187/5187
f 5187/5187/5187 5588/5588/5588 5188/5188/5188
f 5588/5588/5588 5589/5589/5589 5188/5188/5188
f 5188/5188/5188 5589/5589/5589 5189/5189/5189
f 5589/5589/5589 5590/5590/5590 5189/5189/5189
f 5189/5189/5189 5590/5590/5590 5190/5190/5190
f 5590/5590/5590 5591/5591/5591 5190/5190/5190
f 5190/5190/5190 5591/5591/5591 5191/5191/5191
f 5591/5591/5591 5592/5592/5592 5191/5191/5191
f 5191/5191/5191 5592/5592/5592 5192/5192/5192
f 5592/5592/5592 5593/5593/5593 5192/5192/5192
f 5192/5192/5192 5593/5593/5593 5193/5193/5193
f 5593/5593/5593 5594/5594/5594 5193/5193/5193
f 5193/5193/5193 5594/5594/5594 5194/5194/5194
f 5594/5594/5594 5595/5595/5595 5194/5194/5194
f 5194/5194/5194 5595/5595/5595 5195/5195/5195
f 5595/5595/5595 5596/5596/5596 5195/5195/5195
f 5195/5195/5195 5596/5596/5596 5196/5196/5196
f 5596/5596/5596 5597/5597/5597 5196/5196/5196
f 5196/5196/5196 5597/5597/5597 5197/5197/5197
f 5597/5597/5597 5598/5598/5598 5197/5197/5197
f 5197/5197/5197 5598/5598/5598 5198/5198/5198
f 5598/5598/5598 5599/5599/5599 5198/5198/5198
f 5198/5198/5198 5599/5599/5599 5199/5199/5199
f 5599/5599/5599 5600/5600/5600 5199/5199/5199
f 5199/5199/5199 5600/5600/5600 5200/5200/5200
f 5600/5600/5600 5201/5201/5201 5200/5200/5200
f 5200/5200/5200 5201/5201/5201 4801/4801/4801
f 6003/6003/6003 5986/5986/5986 5985/5985/5985
f 5986/5986/5986 6003/6003/6003 5987/5987/5987
f 5988/5988/5988 5987/5987/5987 6003/6003/6003
f 6003/6003/6003 5989/5989/5989 5988/5988/5988
f 6003/6003/6003 5990/5990/5990 5989/5989/5989
f 6003/6003/6003 6002/6002/6002 5990/5990/5990
f 6010/6010/6010 6002/6002/6002 6003/6003/6003
f 5992/5992/5992 6002/6002/6002 6010/6010/6010
f 6002/6002/6002 5992/5992/5992 5991/5991/5991
f 6002/6002/6002 5991/5991/5991 5990/5990/5990
f 6009/6009/6009 5992/5992/5992 6010/6010/6010
f 5992/5992/5992 6009/6009/6009 6001/6001/6001
f 5993/5993/5993 5992/5992/5992 6001/6001/6001
f 6001/6001/6001 5994/5994/5994 5993/5993/5993
f 6001/6001/6001 5995/5995/5995 5994/5994/5994
f 5995/5995/5995 6001/6001/6001 6009/6009/6009
f 5996/5996/5996 5995/5995/5995 6009/6009/6009
f 6009/6009/6009 6008/6008/6008 5996/5996/5996
f 6021/6021/6021 6008/6008/6008 6009/6009/6009
f 6021/6021/6021 6020/6020/6020 6008/6008/6008
f 6036/6036/6036 6020/6020/6020 6021/6021/6021
f 6036/6036/6036 6035/6035/6035 6020/6020/6020
f 6055/6055/6055 6035/6035/6035 6036/6036/6036
f 6055/6055/6055 6054/6054/6054 6035/6035/6035
f 6076/6076/6076 6054/6054/6054 6055/6055/6055
f 6054/6054/6054 6076/6076/6076 5611/5611/5611
f 5611/5611/5611 5610/5610/5610 6054/6054/6054
f 5610/5610/5610 6053/6053/6053 6054/6054/6054
f 5610/5610/5610 5609/5609/5609 6053/6053/6053
f 6053/6053/6053 5609/5609/5609 5608/5608/5608
f 6054/6054/6054 6053/6053/6053 5608/5608/5608
f 6054/6054/6054 5608/5608/5608 5607/5607/5607
f 6054/6054/6054 5607/5607/5607 6034/6034/6034
f 6054/6054/6054 6034/6034/6034 6035/6035/6035
f 6035/6035/6035 6034/6034/6034 6019/6019/6019
f 6035/6035/6035 6019/6019/6019 6020/6020/6020
f 6019/6019/6019 5999/5999/5999 6020/6020/6020
f 6000/6000/6000 5999/5999/5999 6019/6019/6019
f 6019/6019/6019 5601/5601/5601 6000/6000/6000
f 6019/6019/6019 5602/5602/5602 5601/5601/5601
f 6019/6019/6019 5603/5603/5603 5602/5602/5602
f 6019/6019/6019 6018/6018/6018 5603/5603/5603
f 6018/6018/6018 6019/6019/6019 6034/6034/6034
f 5604/5604/5604 6018/6018/6018 6034/6034/6034
f 5604/5604/5604 5603/5603/5603 6018/6018/6018
f 6034/6034/6034 5605/5605/5605 5604/5604/5604
f 6034/6034/6034 5606/5606/5606 5605/5605/5605
f 5607/5607/5607 5606/5606/5606 6034/6034/6034
f 6007/6007/6007 6020/6020/6020 5999/5999/5999
f 6020/6020/6020 6007/6007/6007 6008/6008/6008
f 6008/6008/6008 6007/6007/6007 5998/5998/5998
f 6008/6008/6008 5998/5998/5998 5997/5997/5997
f 6008/6008/6008 5997/5997/5997 5996/5996/5996
f 6007/6007/6007 5999/5999/5999 5998/5998/5998
f 6075/6075/6075 5611/5611/5611 6076/6076/6076
f 6075/6075/6075 5612/5612/5612 5611/5611/5611
f 5613/5613/5613 5612/5612/5612 6075/6075/6075
f 5613/5613/5613 6075/6075/6075 5614/5614/5614
f 6075/6075/6075 6099/6099/6099 5614/5614/5614
f 6075/6075/6075 6076/6076/6076 6099/6099/6099
f 6100/6100/6100 6099/6099/6099 6076/6076/6076
f 6100/6100/6100 6125/6125/6125 6099/6099/6099
f 6126/6126/6126 6125/6125/6125 6100/6100/6100
f 5618/5618/5618 6125/6125/6125 6126/6126/6126
f 5618/5618/5618 5617/5617/5617 6125/6125/6125
f 5616/5616/5616 6125/6125/6125 5617/5617/5617
f 6099/6099/6099 6125/6125/6125 5616/5616/5616
f 5616/5616/5616 5615/5615/5615 6099/6099/6099
f 5615/5615/5615 5614/5614/5614 6099/6099/6099
f 5619/5619/5619 5618/5618/5618 6126/6126/6126
f 5619/5619/5619 6126/6126/6126 6153/6153/6153
f 5620/5620/5620 5619/5619/5619 6153/6153/6153
f 5621/5621/5621 5620/5620/5620 6153/6153/6153
f 6181/6181/6181 5621/5621/5621 6153/6153/6153
f 5622/5622/5622 5621/5621/5621 6181/6181/6181
f 5623/5623/5623 5622/5622/5622 6181/6181/6181
f 5623/5623/5623 6181/6181/6181 6182/6182/6182
f 5623/5623/5623 6182/6182/6182 6211/6211/6211
f 5623/5623/5623 6211/6211/6211 5624/5624/5624
f 5625/5625/5625 5624/5624/5624 6211/6211/6211
f 5625/5625/5625 6211/6211/6211 5626/5626/5626
f 5626/5626/5626 6211/6211/6211 6241/6241/6241
f 5627/5627/5627 5626/5626/5626 6241/6241/6241
f 5627/5627/5627 6241/6241/6241 5628/5628/5628
f 6241/6241/6241 6242/6242/6242 5628/5628/5628
f 6242/6242/6242 6241/6241/6241 6212/6212/6212
f 6242/6242/6242 6212/6212/6212 6213/6213/6213
f 6243/6243/6243 6242/6242/6242 6213/6213/6213
f 5634/5634/5634 6242/6242/6242 6243/6243/6243
f 5633/5633/5633 6242/6242/6242 5634/5634/5634
f 5632/5632/5632 6242/6242/6242 5633/5633/5633
f 5632/5632/5632 5631/5631/5631 6242/6242/6242
f 5631/5631/5631 5630/5630/5630 6242/6242/6242
f 5630/5630/5630 5629/5629/5629 6242/6242/6242
f 5629/5629/5629 5628/5628/5628 6242/6242/6242
f 5634/5634/5634 6243/6243/6243 5635/5635/5635
f 5635/5635/5635 6243/6243/6243 5636/5636/5636
f 6243/6243/6243 6244/6244/6244 5636/5636/5636
f 6243/6243/6243 6214/6214/6214 6244/6244/6244
f 6243/6243/6243 6213/6213/6213 6214/6214/6214
f 6214/6214/6214 6213/6213/6213 6185/6185/6185
f 6214/6214/6214 6185/6185/6185 6186/6186/6186
f 6215/6215/6215 6214/6214/6214 6186/6186/6186
f 6244/6244/6244 6214/6214/6214 6215/6215/6215
f 6244/6244/6244 6215/6215/6215 6245/6245/6245
f 6244/6244/6244 6245/6245/6245 5639/5639/5639
f 5638/5638/5638 6244/6244/6244 5639/5639/5639
f 5637/5637/5637 6244/6244/6244 5638/5638/5638
f 6244/6244/6244 5637/5637/5637 5636/5636/5636
f 6245/6245/6245 5640/5640/5640 5639/5639/5639
f 5640/5640/5640 6245/6245/6245 5641/5641/5641
f 5641/5641/5641 6245/6245/6245 5642/5642/5642
f 6245/6245/6245 6246/6246/6246 5642/5642/5642
f 6245/6245/6245 6216/6216/6216 6246/6246/6246
f 6245/6245/6245 6215/6215/6215 6216/6216/6216
f 6216/6216/6216 6215/6215/6215 6187/6187/6187
f 6216/6216/6216 6187/6187/6187 6188/6188/6188
f 6217/6217/6217 6216/6216/6216 6188/6188/6188
f 6216/6216/6216 6217/6217/6217 5645/5645/5645
f 6246/6246/6246 6216/6216/6216 5645/5645/5645
f 5644/5644/5644 6246/6246/6246 5645/5645/5645
f 5643/5643/5643 6246/6246/6246 5644/5644/5644
f 6246/6246/6246 5643/5643/5643 5642/5642/5642
f 5645/5645/5645 6217/6217/6217 6247/6247/6247
f 5645/5645/5645 6247/6247/6247 5646/5646/5646
f 6247/6247/6247 6217/6217/6217 5646/5646/5646
f 6218/6218/6218 5646/5646/5646 6217/6217/6217
f 5646/5646/5646 6218/6218/6218 5647/5647/5647
f 5648/5648/5648 5647/5647/5647 6218/6218/6218
f 5648/5648/5648 6218/6218/6218 6219/6219/6219
f 5649/5649/5649 5648/5648/5648 6219/6219/6219
f 5649/5649/5649 6219/6219/6219 6248/6248/6248
f 5650/5650/5650 5649/5649/5649 6248/6248/6248
f 6248/6248/6248 6219/6219/6219 5650/5650/5650
f 6219/6219/6219 5651/5651/5651 5650/5650/5650
f 6219/6219/6219 5652/5652/5652 5651/5651/5651
f 6219/6219/6219 6220/6220/6220 5652/5652/5652
f 6219/6219/6219 6191/6191/6191 6220/6220/6220
f 6219/6219/6219 6190/6190/6190 6191/6191/6191
f 6219/6219/6219 6218/6218/6218 6190/6190/6190
f 6218/6218/6218 6189/6189/6189 6190/6190/6190
f 6218/6218/6218 6217/6217/6217 6189/6189/6189
f 6217/6217/6217 6188/6188/6188 6189/6189/6189
f 6189/6189/6189 6188/6188/6188 6161/6161/6161
f 6189/6189/6189 6161/6161/6161 6162/6162/6162
f 6190/6190/6190 6189/6189/6189 6162/6162/6162
f 6190/6190/6190 6162/6162/6162 6163/6163/6163
f 6191/6191/6191 6190/6190/6190 6163/6163/6163
f 6191/6191/6191 6163/6163/6163 6164/6164/6164
f 6192/6192/6192 6191/6191/6191 6164/6164/6164
f 6220/6220/6220 6191/6191/6191 6192/6192/6192
f 6220/6220/6220 6192/6192/6192 6221/6221/6221
f 6220/6220/6220 6221/6221/6221 5654/5654/5654
f 5653/5653/5653 6220/6220/6220 5654/5654/5654
f 6220/6220/6220 5653/5653/5653 5652/5652/5652
f 6221/6221/6221 5655/5655/5655 5654/5654/5654
f 5655/5655/5655 6221/6221/6221 5656/5656/5656
f 5656/5656/5656 6221/6221/6221 6222/6222/6222
f 5657/5657/5657 5656/5656/5656 6222/6222/6222
f 5657/5657/5657 6222/6222/6222 5658/5658/5658
f 6222/6222/6222 6223/6223/6223 5658/5658/5658
f 6223/6223/6223 6222/6222/6222 6194/6194/6194
f 6223/6223/6223 6194/6194/6194 6195/6195/6195
f 6224/6224/6224 6223/6223/6223 6195/6195/6195
f 6223/6223/6223 6224/6224/6224 5660/5660/5660
f 5659/5659/5659 6223/6223/6223 5660/5660/5660
f 5659/5659/5659 5658/5658/5658 6223/6223/6223
f 5660/5660/5660 6224/6224/6224 6249/6249/6249
f 5660/5660/5660 6249/6249/6249 5661/5661/5661
f 5661/5661/5661 6249/6249/6249 5662/5662/5662
f 6249/6249/6249 6250/6250/6250 5662/5662/5662
f 6250/6250/6250 6249/6249/6249 6225/6225/6225
f 6250/6250/6250 6225/6225/6225 6226/6226/6226
f 6251/6251/6251 6250/6250/6250 6226/6226/6226
f 5663/5663/5663 6250/6250/6250 6251/6251/6251
f 5663/5663/5663 5662/5662/5662 6250/6250/6250
f 5664/5664/5664 5663/5663/5663 6251/6251/6251
f 5664/5664/5664 6251/6251/6251 6267/6267/6267
f 5665/5665/5665 5664/5664/5664 6267/6267/6267
f 5665/5665/5665 6267/6267/6267 5666/5666/5666
f 6267/6267/6267 6268/6268/6268 5666/5666/5666
f 6268/6268/6268 6267/6267/6267 6252/6252/6252
f 6268/6268/6268 6252/6252/6252 6253/6253/6253
f 6269/6269/6269 6268/6268/6268 6253/6253/6253
f 6284/6284/6284 6268/6268/6268 6269/6269/6269
f 6284/6284/6284 5666/5666/5666 6268/6268/6268
f 5667/5667/5667 5666/5666/5666 6284/6284/6284
f 5668/5668/5668 5667/5667/5667 6284/6284/6284
f 5668/5668/5668 6284/6284/6284 6285/6285/6285
f 5669/5669/5669 5668/5668/5668 6285/6285/6285
f 6301/6301/6301 5669/5669/5669 6285/6285/6285
f 5670/5670/5670 5669/5669/5669 6301/6301/6301
f 5670/5670/5670 6301/6301/6301 5671/5671/5671
f 6301/6301/6301 6317/6317/6317 5671/5671/5671
f 6317/6317/6317 6301/6301/6301 6302/6302/6302
f 6318/6318/6318 6317/6317/6317 6302/6302/6302
f 5673/5673/5673 6317/6317/6317 6318/6318/6318
f 5673/5673/5673 5672/5672/5672 6317/6317/6317
f 5671/5671/5671 6317/6317/6317 5672/5672/5672
f 5674/5674/5674 5673/5673/5673 6318/6318/6318
f 6333/6333/6333 5674/5674/5674 6318/6318/6318
f 5675/5675/5675 5674/5674/5674 6333/6333/6333
f 5676/5676/5676 5675/5675/5675 6333/6333/6333
f 6349/6349/6349 5676/5676/5676 6333/6333/6333
f 5677/5677/5677 5676/5676/5676 6349/6349/6349
f 5678/5678/5678 5677/5677/5677 6349/6349/6349
f 6365/6365/6365 5678/5678/5678 6349/6349/6349
f 5679/5679/5679 5678/5678/5678 6365/6365/6365
f 5679/5679/5679 6365/6365/6365 5680/5680/5680
f 5680/5680/5680 6365/6365/6365 6381/6381/6381
f 5681/5681/5681 5680/5680/5680 6381/6381/6381
f 6397/6397/6397 5681/5681/5681 6381/6381/6381
f 6397/6397/6397 5682/5682/5682 5681/5681/5681
f 5683/5683/5683 5682/5682/5682 6397/6397/6397
f 6414/6414/6414 5683/5683/5683 6397/6397/6397
f 6414/6414/6414 6413/6413/6413 5683/5683/5683
f 6413/6413/6413 6414/6414/6414 6430/6430/6430
f 5685/5685/5685 6413/6413/6413 6430/6430/6430
f 5685/5685/5685 5684/5684/5684 6413/6413/6413
f 6413/6413/6413 5684/5684/5684 5683/5683/5683
f 6430/6430/6430 5686/5686/5686 5685/5685/5685
f 5687/5687/5687 5686/5686/5686 6430/6430/6430
f 6448/6448/6448 5687/5687/5687 6430/6430/6430
f 5688/5688/5688 5687/5687/5687 6448/6448/6448
f 6447/6447/6447 5688/5688/5688 6448/6448/6448
f 6447/6447/6447 5689/5689/5689 5688/5688/5688
f 5690/5690/5690 5689/5689/5689 6447/6447/6447
f 6466/6466/6466 5690/5690/5690 6447/6447/6447
f 6466/6466/6466 6465/6465/6465 5690/5690/5690
f 6485/6485/6485 6465/6465/6465 6466/6466/6466
f 6485/6485/6485 5693/5693/5693 6465/6465/6465
f 6485/6485/6485 6484/6484/6484 5693/5693/5693
f 6505/6505/6505 6484/6484/6484 6485/6485/6485
f 6505/6505/6505 6504/6504/6504 6484/6484/6484
f 6526/6526/6526 6504/6504/6504 6505/6505/6505
f 6526/6526/6526 6525/6525/6525 6504/6504/6504
f 6546/6546/6546 6525/6525/6525 6526/6526/6526
f 6546/6546/6546 6545/6545/6545 6525/6525/6525
f 6567/6567/6567 6545/6545/6545 6546/6546/6546
f 5708/5708/5708 6545/6545/6545 6567/6567/6567
f 6545/6545/6545 5708/5708/5708 5707/5707/5707
f 6545/6545/6545 5707/5707/5707 5706/5706/5706
f 6545/6545/6545 5706/5706/5706 5705/5705/5705
f 5705/5705/5705 6524/6524/6524 6545/6545/6545
f 5704/5704/5704 6524/6524/6524 5705/5705/5705
f 6525/6525/6525 6524/6524/6524 5704/5704/5704
f 6524/6524/6524 6525/6525/6525 6545/6545/6545
f 6525/6525/6525 5704/5704/5704 5703/5703/5703
f 6525/6525/6525 5703/5703/5703 5702/5702/5702
f 6525/6525/6525 5702/5702/5702 6503/6503/6503
f 6525/6525/6525 6503/6503/6503 6504/6504/6504
f 6503/6503/6503 5699/5699/5699 6504/6504/6504
f 6503/6503/6503 5700/5700/5700 5699/5699/5699
f 6503/6503/6503 5701/5701/5701 5700/5700/5700
f 5702/5702/5702 5701/5701/5701 6503/6503/6503
f 6504/6504/6504 5699/5699/5699 5698/5698/5698
f 6504/6504/6504 5698/5698/5698 5697/5697/5697
f 5697/5697/5697 6483/6483/6483 6504/6504/6504
f 5696/5696/5696 6483/6483/6483 5697/5697/5697
f 6484/6484/6484 6483/6483/6483 5696/5696/5696
f 6483/6483/6483 6484/6484/6484 6504/6504/6504
f 6484/6484/6484 5696/5696/5696 5695/5695/5695
f 6484/6484/6484 5695/5695/5695 5694/5694/5694
f 6484/6484/6484 5694/5694/5694 5693/5693/5693
f 5708/5708/5708 6567/6567/6567 6566/6566/6566
f 6566/6566/6566 5709/5709/5709 5708/5708/5708
f 6566/6566/6566 5710/5710/5710 5709/5709/5709
f 5711/5711/5711 5710/5710/5710 6566/6566/6566
f 6589/6589/6589 5711/5711/5711 6566/6566/6566
f 6589/6589/6589 6588/6588/6588 5711/5711/5711
f 6612/6612/6612 6588/6588/6588 6589/6589/6589
f 6612/6612/6612 6611/6611/6611 6588/6588/6588
f 6636/6636/6636 6611/6611/6611 6612/6612/6612
f 6636/6636/6636 6635/6635/6635 6611/6611/6611
f 6661/6661/6661 6635/6635/6635 6636/6636/6636
f 6661/6661/6661 6660/6660/6660 6635/6635/6635
f 6687/6687/6687 6660/6660/6660 6661/6661/6661
f 6687/6687/6687 6686/6686/6686 6660/6660/6660
f 6714/6714/6714 6686/6686/6686 6687/6687/6687
f 6714/6714/6714 6713/6713/6713 6686/6686/6686
f 6742/6742/6742 6713/6713/6713 6714/6714/6714
f 6742/6742/6742 6741/6741/6741 6713/6713/6713
f 6769/6769/6769 6741/6741/6741 6742/6742/6742
f 6769/6769/6769 6768/6768/6768 6741/6741/6741
f 6795/6795/6795 6768/6768/6768 6769/6769/6769
f 6795/6795/6795 6794/6794/6794 6768/6768/6768
f 6820/6820/6820 6794/6794/6794 6795/6795/6795
f 6820/6820/6820 6819/6819/6819 6794/6794/6794
f 5759/5759/5759 6819/6819/6819 6820/6820/6820
f 6819/6819/6819 5759/5759/5759 5755/5755/5755
f 5755/5755/5755 5754/5754/5754 6819/6819/6819
f 6818/6818/6818 6819/6819/6819 5754/5754/5754
f 6819/6819/6819 6818/6818/6818 6793/6793/6793
f 6819/6819/6819 6793/6793/6793 6794/6794/6794
f 6794/6794/6794 6793/6793/6793 6767/6767/6767
f 6794/6794/6794 6767/6767/6767 6768/6768/6768
f 6768/6768/6768 6767/6767/6767 6740/6740/6740
f 6768/6768/6768 6740/6740/6740 6741/6741/6741
f 6741/6741/6741 6740/6740/6740 6712/6712/6712
f 6741/6741/6741 6712/6712/6712 6713/6713/6713
f 6713/6713/6713 6712/6712/6712 6685/6685/6685
f 6713/6713/6713 6685/6685/6685 6686/6686/6686
f 6686/6686/6686 6685/6685/6685 6659/6659/6659
f 6686/6686/6686 6659/6659/6659 6660/6660/6660
f 6660/6660/6660 6659/6659/6659 6634/6634/6634
f 6660/6660/6660 6634/6634/6634 6635/6635/6635
f 6635/6635/6635 6634/6634/6634 5719/5719/5719
f 6635/6635/6635 5719/5719/5719 6610/6610/6610
f 6635/6635/6635 6610/6610/6610 6611/6611/6611
f 6611/6611/6611 6610/6610/6610 5716/5716/5716
f 6611/6611/6611 5716/5716/5716 5715/5715/5715
f 6611/6611/6611 5715/5715/5715 6587/6587/6587
f 6611/6611/6611 6587/6587/6587 6588/6588/6588
f 6588/6588/6588 6587/6587/6587 5713/5713/5713
f 6588/6588/6588 5713/5713/5713 5712/5712/5712
f 6588/6588/6588 5712/5712/5712 5711/5711/5711
f 6587/6587/6587 5714/5714/5714 5713/5713/5713
f 5715/5715/5715 5714/5714/5714 6587/6587/6587
f 6610/6610/6610 5717/5717/5717 5716/5716/5716
f 6610/6610/6610 5718/5718/5718 5717/5717/5717
f 5719/5719/5719 5718/5718/5718 6610/6610/6610
f 6634/6634/6634 5720/5720/5720 5719/5719/5719
f 6634/6634/6634 5721/5721/5721 5720/5720/5720
f 6634/6634/6634 5722/5722/5722 5721/5721/5721
f 6634/6634/6634 6633/6633/6633 5722/5722/5722
f 6659/6659/6659 6633/6633/6633 6634/6634/6634
f 6659/6659/6659 5724/5724/5724 6633/6633/6633
f 6659/6659/6659 5725/5725/5725 5724/5724/5724
f 6658/6658/6658 5725/5725/5725 6659/6659/6659
f 6658/6658/6658 5726/5726/5726 5725/5725/5725
f 6658/6658/6658 5727/5727/5727 5726/5726/5726
f 6658/6658/6658 5728/5728/5728 5727/5727/5727
f 5728/5728/5728 6658/6658/6658 6685/6685/6685
f 5729/5729/5729 5728/5728/5728 6685/6685/6685
f 6685/6685/6685 6684/6684/6684 5729/5729/5729
f 6712/6712/6712 6684/6684/6684 6685/6685/6685
f 6712/6712/6712 6711/6711/6711 6684/6684/6684
f 6740/6740/6740 6711/6711/6711 6712/6712/6712
f 6740/6740/6740 6739/6739/6739 6711/6711/6711
f 6767/6767/6767 6739/6739/6739 6740/6740/6740
f 6767/6767/6767 6766/6766/6766 6739/6739/6739
f 6793/6793/6793 6766/6766/6766 6767/6767/6767
f 6793/6793/6793 6792/6792/6792 6766/6766/6766
f 6793/6793/6793 6818/6818/6818 6792/6792/6792
f 6792/6792/6792 6818/6818/6818 5750/5750/5750
f 5750/5750/5750 5749/5749/5749 6792/6792/6792
f 5749/5749/5749 5748/5748/5748 6792/6792/6792
f 5748/5748/5748 6765/6765/6765 6792/6792/6792
f 5747/5747/5747 6765/6765/6765 5748/5748/5748
f 5747/5747/5747 5746/5746/5746 6765/6765/6765
f 6765/6765/6765 5746/5746/5746 5745/5745/5745
f 6737/6737/6737 6765/6765/6765 5745/5745/5745
f 6737/6737/6737 6738/6738/6738 6765/6765/6765
f 6738/6738/6738 6737/6737/6737 5742/5742/5742
f 6738/6738/6738 5742/5742/5742 5741/5741/5741
f 5741/5741/5741 5739/5739/5739 6738/6738/6738
f 5741/5741/5741 5740/5740/5740 5739/5739/5739
f 6738/6738/6738 5739/5739/5739 5738/5738/5738
f 6738/6738/6738 5738/5738/5738 6709/6709/6709
f 6738/6738/6738 6709/6709/6709 6710/6710/6710
f 6739/6739/6739 6738/6738/6738 6710/6710/6710
f 6766/6766/6766 6738/6738/6738 6739/6739/6739
f 6766/6766/6766 6765/6765/6765 6738/6738/6738
f 6766/6766/6766 6792/6792/6792 6765/6765/6765
f 6739/6739/6739 6710/6710/6710 6711/6711/6711
f 6711/6711/6711 6710/6710/6710 5734/5734/5734
f 6711/6711/6711 5734/5734/5734 5733/5733/5733
f 5733/5733/5733 6683/6683/6683 6711/6711/6711
f 5733/5733/5733 5732/5732/5732 6683/6683/6683
f 6683/6683/6683 5732/5732/5732 5731/5731/5731
f 6684/6684/6684 6683/6683/6683 5731/5731/5731
f 6683/6683/6683 6684/6684/6684 6711/6711/6711
f 6684/6684/6684 5731/5731/5731 5730/5730/5730
f 6684/6684/6684 5730/5730/5730 5729/5729/5729
f 6710/6710/6710 5735/5735/5735 5734/5734/5734
f 6710/6710/6710 5736/5736/5736 5735/5735/5735
f 6710/6710/6710 6709/6709/6709 5736/5736/5736
f 6709/6709/6709 5737/5737/5737 5736/5736/5736
f 5738/5738/5738 5737/5737/5737 6709/6709/6709
f 6737/6737/6737 5743/5743/5743 5742/5742/5742
f 5744/5744/5744 5743/5743/5743 6737/6737/6737
f 5745/5745/5745 5744/5744/5744 6737/6737/6737
f 5750/5750/5750 6818/6818/6818 5751/5751/5751
f 5752/5752/5752 5751/5751/5751 6818/6818/6818
f 5753/5753/5753 5752/5752/5752 6818/6818/6818
f 5753/5753/5753 6818/6818/6818 5754/5754/5754
f 6685/6685/6685 6658/6658/6658 6659/6659/6659
f 5724/5724/5724 5723/5723/5723 6633/6633/6633
f 6633/6633/6633 5723/5723/5723 5722/5722/5722
f 5759/5759/5759 5756/5756/5756 5755/5755/5755
f 5759/5759/5759 5758/5758/5758 5756/5756/5756
f 5756/5756/5756 5758/5758/5758 5757/5757/5757
f 5759/5759/5759 6820/6820/6820 6843/6843/6843
f 5760/5760/5760 5759/5759/5759 6843/6843/6843
f 5760/5760/5760 6843/6843/6843 6820/6820/6820
f 5761/5761/5761 5760/5760/5760 6820/6820/6820
f 5761/5761/5761 6820/6820/6820 6844/6844/6844
f 5762/5762/5762 5761/5761/5761 6844/6844/6844
f 5762/5762/5762 6844/6844/6844 5763/5763/5763
f 6844/6844/6844 6845/6845/6845 5763/5763/5763
f 6845/6845/6845 6844/6844/6844 6821/6821/6821
f 6845/6845/6845 6821/6821/6821 6822/6822/6822
f 6845/6845/6845 6822/6822/6822 6846/6846/6846
f 6845/6845/6845 6846/6846/6846 5768/5768/5768
f 5767/5767/5767 6845/6845/6845 5768/5768/5768
f 6845/6845/6845 5767/5767/5767 5766/5766/5766
f 5765/5765/5765 6845/6845/6845 5766/5766/5766
f 5765/5765/5765 5764/5764/5764 6845/6845/6845
f 5764/5764/5764 5763/5763/5763 6845/6845/6845
f 6846/6846/6846 5769/5769/5769 5768/5768/5768
f 5769/5769/5769 6846/6846/6846 5770/5770/5770
f 6846/6846/6846 6822/6822/6822 5770/5770/5770
f 6822/6822/6822 5771/5771/5771 5770/5770/5770
f 5771/5771/5771 6822/6822/6822 6823/6823/6823
f 5771/5771/5771 6823/6823/6823 5772/5772/5772
f 5772/5772/5772 6823/6823/6823 5773/5773/5773
f 5773/5773/5773 6823/6823/6823 6824/6824/6824
f 5773/5773/5773 6824/6824/6824 5774/5774/5774
f 5774/5774/5774 6824/6824/6824 5775/5775/5775
f 6824/6824/6824 6825/6825/6825 5775/5775/5775
f 6824/6824/6824 6799/6799/6799 6825/6825/6825
f 6824/6824/6824 6798/6798/6798 6799/6799/6799
f 6824/6824/6824 6823/6823/6823 6798/6798/6798
f 6823/6823/6823 6797/6797/6797 6798/6798/6798
f 6823/6823/6823 6822/6822/6822 6797/6797/6797
f 6822/6822/6822 6796/6796/6796 6797/6797/6797
f 6822/6822/6822 6821/6821/6821 6796/6796/6796
f 6821/6821/6821 6795/6795/6795 6796/6796/6796
f 6821/6821/6821 6820/6820/6820 6795/6795/6795
f 6844/6844/6844 6820/6820/6820 6821/6821/6821
f 6796/6796/6796 6795/6795/6795 6769/6769/6769
f 6796/6796/6796 6769/6769/6769 6770/6770/6770
f 6797/6797/6797 6796/6796/6796 6770/6770/6770
f 6797/6797/6797 6770/6770/6770 6771/6771/6771
f 6798/6798/6798 6797/6797/6797 6771/6771/6771
f 6798/6798/6798 6771/6771/6771 6772/6772/6772
f 6799/6799/6799 6798/6798/6798 6772/6772/6772
f 6799/6799/6799 6772/6772/6772 6773/6773/6773
f 6800/6800/6800 6799/6799/6799 6773/6773/6773
f 6825/6825/6825 6799/6799/6799 6800/6800/6800
f 6825/6825/6825 6800/6800/6800 6826/6826/6826
f 6825/6825/6825 6826/6826/6826 5778/5778/5778
f 5777/5777/5777 6825/6825/6825 5778/5778/5778
f 5776/5776/5776 6825/6825/6825 5777/5777/5777
f 6825/6825/6825 5776/5776/5776 5775/5775/5775
f 5778/5778/5778 6826/6826/6826 5779/5779/5779
f 5779/5779/5779 6826/6826/6826 5780/5780/5780
f 6826/6826/6826 6827/6827/6827 5780/5780/5780
f 6827/6827/6827 6826/6826/6826 6801/6801/6801
f 6827/6827/6827 6801/6801/6801 6802/6802/6802
f 6828/6828/6828 6827/6827/6827 6802/6802/6802
f 6827/6827/6827 6828/6828/6828 5784/5784/5784
f 5783/5783/5783 6827/6827/6827 5784/5784/5784
f 5782/5782/5782 6827/6827/6827 5783/5783/5783
f 5781/5781/5781 6827/6827/6827 5782/5782/5782
f 5780/5780/5780 6827/6827/6827 5781/5781/5781
f 5785/5785/5785 5784/5784/5784 6828/6828/6828
f 5785/5785/5785 6828/6828/6828 6829/6829/6829
f 5786/5786/5786 5785/5785/5785 6829/6829/6829
f 5786/5786/5786 6829/6829/6829 6830/6830/6830
f 5787/5787/5787 5786/5786/5786 6830/6830/6830
f 5787/5787/5787 6830/6830/6830 6847/6847/6847
f 5788/5788/5788 5787/5787/5787 6847/6847/6847
f 5788/5788/5788 6847/6847/6847 6848/6848/6848
f 5789/5789/5789 5788/5788/5788 6848/6848/6848
f 6859/6859/6859 5789/5789/5789 6848/6848/6848
f 5790/5790/5790 5789/5789/5789 6859/6859/6859
f 5791/5791/5791 5790/5790/5790 6859/6859/6859
f 5792/5792/5792 5791/5791/5791 6859/6859/6859
f 5792/5792/5792 6859/6859/6859 5793/5793/5793
f 6859/6859/6859 6860/6860/6860 5793/5793/5793
f 6860/6860/6860 6859/6859/6859 6849/6849/6849
f 6860/6860/6860 6849/6849/6849 6850/6850/6850
f 6861/6861/6861 6860/6860/6860 6850/6850/6850
f 6860/6860/6860 6861/6861/6861 5796/5796/5796
f 5795/5795/5795 6860/6860/6860 5796/5796/5796
f 5795/5795/5795 5794/5794/5794 6860/6860/6860
f 5794/5794/5794 5793/5793/5793 6860/6860/6860
f 5797/5797/5797 5796/5796/5796 6861/6861/6861
f 5798/5798/5798 5797/5797/5797 6861/6861/6861
f 5799/5799/5799 5798/5798/5798 6861/6861/6861
f 5799/5799/5799 6861/6861/6861 5800/5800/5800
f 6861/6861/6861 6862/6862/6862 5800/5800/5800
f 6862/6862/6862 6861/6861/6861 6851/6851/6851
f 6862/6862/6862 6851/6851/6851 6852/6852/6852
f 6863/6863/6863 6862/6862/6862 6852/6852/6852
f 5804/5804/5804 6862/6862/6862 6863/6863/6863
f 5803/5803/5803 6862/6862/6862 5804/5804/5804
f 6862/6862/6862 5803/5803/5803 5802/5802/5802
f 6867/6867/6867 6862/6862/6862 5802/5802/5802
f 5801/5801/5801 6862/6862/6862 6867/6867/6867
f 5801/5801/5801 5800/5800/5800 6862/6862/6862
f 5801/5801/5801 6867/6867/6867 5802/5802/5802
f 5804/5804/5804 6863/6863/6863 5805/5805/5805
f 5805/5805/5805 6863/6863/6863 5806/5806/5806
f 6863/6863/6863 6864/6864/6864 5806/5806/5806
f 6863/6863/6863 6853/6853/6853 6864/6864/6864
f 6863/6863/6863 6852/6852/6852 6853/6853/6853
f 6853/6853/6853 6852/6852/6852 6836/6836/6836
f 6853/6853/6853 6836/6836/6836 6837/6837/6837
f 6854/6854/6854 6853/6853/6853 6837/6837/6837
f 6864/6864/6864 6853/6853/6853 6854/6854/6854
f 6864/6864/6864 6854/6854/6854 6865/6865/6865
f 6864/6864/6864 6865/6865/6865 5809/5809/5809
f 5808/5808/5808 6864/6864/6864 5809/5809/5809
f 5807/5807/5807 6864/6864/6864 5808/5808/5808
f 6864/6864/6864 5807/5807/5807 5806/5806/5806
f 6865/6865/6865 5810/5810/5810 5809/5809/5809
f 5810/5810/5810 6865/6865/6865 5811/5811/5811
f 5811/5811/5811 6865/6865/6865 5812/5812/5812
f 5812/5812/5812 6865/6865/6865 5813/5813/5813
f 6865/6865/6865 6866/6866/6866 5813/5813/5813
f 6865/6865/6865 6855/6855/6855 6866/6866/6866
f 6865/6865/6865 6854/6854/6854 6855/6855/6855
f 6855/6855/6855 6854/6854/6854 6838/6838/6838
f 6855/6855/6855 6838/6838/6838 6839/6839/6839
f 6855/6855/6855 6839/6839/6839 6856/6856/6856
f 6855/6855/6855 6856/6856/6856 5816/5816/5816
f 6855/6855/6855 5816/5816/5816 5815/5815/5815
f 6866/6866/6866 6855/6855/6855 5815/5815/5815
f 5814/5814/5814 6866/6866/6866 5815/5815/5815
f 5813/5813/5813 6866/6866/6866 5814/5814/5814
f 5816/5816/5816 6856/6856/6856 5817/5817/5817
f 5817/5817/5817 6856/6856/6856 5818/5818/5818
f 6856/6856/6856 6857/6857/6857 5818/5818/5818
f 6856/6856/6856 6840/6840/6840 6857/6857/6857
f 6856/6856/6856 6839/6839/6839 6840/6840/6840
f 6840/6840/6840 6839/6839/6839 6814/6814/6814
f 6840/6840/6840 6814/6814/6814 6815/6815/6815
f 6841/6841/6841 6840/6840/6840 6815/6815/6815
f 6840/6840/6840 6841/6841/6841 5822/5822/5822
f 6857/6857/6857 6840/6840/6840 5822/5822/5822
f 5821/5821/5821 6857/6857/6857 5822/5822/5822
f 5820/5820/5820 6857/6857/6857 5821/5821/5821
f 5819/5819/5819 6857/6857/6857 5820/5820/5820
f 5818/5818/5818 6857/6857/6857 5819/5819/5819
f 5822/5822/5822 6841/6841/6841 6858/6858/6858
f 5822/5822/5822 6858/6858/6858 5823/5823/5823
f 6858/6858/6858 6841/6841/6841 5823/5823/5823
f 5823/5823/5823 6841/6841/6841 5824/5824/5824
f 5824/5824/5824 6841/6841/6841 5825/5825/5825
f 6841/6841/6841 6842/6842/6842 5825/5825/5825
f 6841/6841/6841 6816/6816/6816 6842/6842/6842
f 6841/6841/6841 6815/6815/6815 6816/6816/6816
f 6816/6816/6816 6815/6815/6815 6789/6789/6789
f 6816/6816/6816 6789/6789/6789 6790/6790/6790
f 6816/6816/6816 6790/6790/6790 6817/6817/6817
f 6816/6816/6816 6817/6817/6817 5829/5829/5829
f 5828/5828/5828 6816/6816/6816 5829/5829/5829
f 6842/6842/6842 6816/6816/6816 5828/5828/5828
f 5827/5827/5827 6842/6842/6842 5828/5828/5828
f 5826/5826/5826 6842/6842/6842 5827/5827/5827
f 6842/6842/6842 5826/5826/5826 5825/5825/5825
f 5829/5829/5829 6817/6817/6817 5830/5830/5830
f 5830/5830/5830 6817/6817/6817 5831/5831/5831
f 5831/5831/5831 6817/6817/6817 5832/5832/5832
f 6817/6817/6817 6790/6790/6790 5832/5832/5832
f 5832/5832/5832 6790/6790/6790 6791/6791/6791
f 5832/5832/5832 6791/6791/6791 5833/5833/5833
f 5833/5833/5833 6791/6791/6791 5834/5834/5834
f 5834/5834/5834 6791/6791/6791 5835/5835/5835
f 5835/5835/5835 6791/6791/6791 5836/5836/5836
f 6791/6791/6791 6763/6763/6763 5836/5836/5836
f 6791/6791/6791 6790/6790/6790 6763/6763/6763
f 6790/6790/6790 6762/6762/6762 6763/6763/6763
f 6790/6790/6790 6789/6789/6789 6762/6762/6762
f 6789/6789/6789 6761/6761/6761 6762/6762/6762
f 6789/6789/6789 6788/6788/6788 6761/6761/6761
f 6815/6815/6815 6788/6788/6788 6789/6789/6789
f 6815/6815/6815 6814/6814/6814 6788/6788/6788
f 6814/6814/6814 6787/6787/6787 6788/6788/6788
f 6814/6814/6814 6813/6813/6813 6787/6787/6787
f 6839/6839/6839 6813/6813/6813 6814/6814/6814
f 6839/6839/6839 6838/6838/6838 6813/6813/6813
f 6838/6838/6838 6812/6812/6812 6813/6813/6813
f 6838/6838/6838 6837/6837/6837 6812/6812/6812
f 6854/6854/6854 6837/6837/6837 6838/6838/6838
f 6837/6837/6837 6811/6811/6811 6812/6812/6812
f 6837/6837/6837 6836/6836/6836 6811/6811/6811
f 6836/6836/6836 6810/6810/6810 6811/6811/6811
f 6836/6836/6836 6835/6835/6835 6810/6810/6810
f 6852/6852/6852 6835/6835/6835 6836/6836/6836
f 6852/6852/6852 6851/6851/6851 6835/6835/6835
f 6851/6851/6851 6834/6834/6834 6835/6835/6835
f 6851/6851/6851 6850/6850/6850 6834/6834/6834
f 6861/6861/6861 6850/6850/6850 6851/6851/6851
f 6850/6850/6850 6833/6833/6833 6834/6834/6834
f 6850/6850/6850 6849/6849/6849 6833/6833/6833
f 6849/6849/6849 6832/6832/6832 6833/6833/6833
f 6849/6849/6849 6848/6848/6848 6832/6832/6832
f 6859/6859/6859 6848/6848/6848 6849/6849/6849
f 6848/6848/6848 6831/6831/6831 6832/6832/6832
f 6848/6848/6848 6847/6847/6847 6831/6831/6831
f 6847/6847/6847 6830/6830/6830 6831/6831/6831
f 6831/6831/6831 6830/6830/6830 6805/6805/6805
f 6831/6831/6831 6805/6805/6805 6806/6806/6806
f 6832/6832/6832 6831/6831/6831 6806/6806/6806
f 6832/6832/6832 6806/6806/6806 6807/6807/6807
f 6833/6833/6833 6832/6832/6832 6807/6807/6807
f 6833/6833/6833 6807/6807/6807 6808/6808/6808
f 6834/6834/6834 6833/6833/6833 6808/6808/6808
f 6834/6834/6834 6808/6808/6808 6809/6809/6809
f 6835/6835/6835 6834/6834/6834 6809/6809/6809
f 6835/6835/6835 6809/6809/6809 6810/6810/6810
f 6810/6810/6810 6809/6809/6809 6783/6783/6783
f 6810/6810/6810 6783/6783/6783 6784/6784/6784
f 6811/6811/6811 6810/6810/6810 6784/6784/6784
f 6811/6811/6811 6784/6784/6784 6785/6785/6785
f 6812/6812/6812 6811/6811/6811 6785/6785/6785
f 6812/6812/6812 6785/6785/6785 6786/6786/6786
f 6813/6813/6813 6812/6812/6812 6786/6786/6786
f 6813/6813/6813 6786/6786/6786 6787/6787/6787
f 6787/6787/6787 6786/6786/6786 6759/6759/6759
f 6787/6787/6787 6759/6759/6759 6760/6760/6760
f 6788/6788/6788 6787/6787/6787 6760/6760/6760
f 6788/6788/6788 6760/6760/6760 6761/6761/6761
f 6761/6761/6761 6760/6760/6760 6732/6732/6732
f 6761/6761/6761 6732/6732/6732 6733/6733/6733
f 6762/6762/6762 6761/6761/6761 6733/6733/6733
f 6762/6762/6762 6733/6733/6733 6734/6734/6734
f 6763/6763/6763 6762/6762/6762 6734/6734/6734
f 6763/6763/6763 6734/6734/6734 6735/6735/6735
f 6763/6763/6763 6735/6735/6735 6764/6764/6764
f 6763/6763/6763 6764/6764/6764 5836/5836/5836
f 5836/5836/5836 6764/6764/6764 5837/5837/5837
f 5837/5837/5837 6764/6764/6764 5838/5838/5838
f 5838/5838/5838 6764/6764/6764 5839/5839/5839
f 5839/5839/5839 6764/6764/6764 5840/5840/5840
f 6764/6764/6764 6735/6735/6735 5840/5840/5840
f 6735/6735/6735 5841/5841/5841 5840/5840/5840
f 6735/6735/6735 6736/6736/6736 5841/5841/5841
f 6736/6736/6736 6735/6735/6735 6708/6708/6708
f 6736/6736/6736 6708/6708/6708 5844/5844/5844
f 5843/5843/5843 6736/6736/6736 5844/5844/5844
f 5842/5842/5842 6736/6736/6736 5843/5843/5843
f 5841/5841/5841 6736/6736/6736 5842/5842/5842
f 5844/5844/5844 6708/6708/6708 5845/5845/5845
f 5845/5845/5845 6708/6708/6708 5846/5846/5846
f 6708/6708/6708 5847/5847/5847 5846/5846/5846
f 6681/6681/6681 5847/5847/5847 6708/6708/6708
f 6681/6681/6681 6682/6682/6682 5847/5847/5847
f 6682/6682/6682 6681/6681/6681 6656/6656/6656
f 6682/6682/6682 6656/6656/6656 5850/5850/5850
f 5849/5849/5849 6682/6682/6682 5850/5850/5850
f 5848/5848/5848 6682/6682/6682 5849/5849/5849
f 5847/5847/5847 6682/6682/6682 5848/5848/5848
f 5850/5850/5850 6656/6656/6656 5851/5851/5851
f 6656/6656/6656 6657/6657/6657 5851/5851/5851
f 6656/6656/6656 6632/6632/6632 6657/6657/6657
f 6656/6656/6656 6631/6631/6631 6632/6632/6632
f 6656/6656/6656 6655/6655/6655 6631/6631/6631
f 6681/6681/6681 6655/6655/6655 6656/6656/6656
f 6681/6681/6681 6680/6680/6680 6655/6655/6655
f 6707/6707/6707 6680/6680/6680 6681/6681/6681
f 6707/6707/6707 6706/6706/6706 6680/6680/6680
f 6734/6734/6734 6706/6706/6706 6707/6707/6707
f 6734/6734/6734 6733/6733/6733 6706/6706/6706
f 6733/6733/6733 6705/6705/6705 6706/6706/6706
f 6733/6733/6733 6732/6732/6732 6705/6705/6705
f 6732/6732/6732 6704/6704/6704 6705/6705/6705
f 6732/6732/6732 6731/6731/6731 6704/6704/6704
f 6760/6760/6760 6731/6731/6731 6732/6732/6732
f 6760/6760/6760 6759/6759/6759 6731/6731/6731
f 6759/6759/6759 6730/6730/6730 6731/6731/6731
f 6759/6759/6759 6758/6758/6758 6730/6730/6730
f 6786/6786/6786 6758/6758/6758 6759/6759/6759
f 6786/6786/6786 6785/6785/6785 6758/6758/6758
f 6785/6785/6785 6757/6757/6757 6758/6758/6758
f 6785/6785/6785 6784/6784/6784 6757/6757/6757
f 6784/6784/6784 6756/6756/6756 6757/6757/6757
f 6784/6784/6784 6783/6783/6783 6756/6756/6756
f 6783/6783/6783 6755/6755/6755 6756/6756/6756
f 6783/6783/6783 6782/6782/6782 6755/6755/6755
f 6809/6809/6809 6782/6782/6782 6783/6783/6783
f 6809/6809/6809 6808/6808/6808 6782/6782/6782
f 6808/6808/6808 6781/6781/6781 6782/6782/6782
f 6808/6808/6808 6807/6807/6807 6781/6781/6781
f 6807/6807/6807 6780/6780/6780 6781/6781/6781
f 6807/6807/6807 6806/6806/6806 6780/6780/6780
f 6806/6806/6806 6779/6779/6779 6780/6780/6780
f 6806/6806/6806 6805/6805/6805 6779/6779/6779
f 6805/6805/6805 6778/6778/6778 6779/6779/6779
f 6805/6805/6805 6804/6804/6804 6778/6778/6778
f 6830/6830/6830 6804/6804/6804 6805/6805/6805
f 6830/6830/6830 6829/6829/6829 6804/6804/6804
f 6829/6829/6829 6803/6803/6803 6804/6804/6804
f 6829/6829/6829 6828/6828/6828 6803/6803/6803
f 6828/6828/6828 6802/6802/6802 6803/6803/6803
f 6803/6803/6803 6802/6802/6802 6776/6776/6776
f 6803/6803/6803 6776/6776/6776 6777/6777/6777
f 6804/6804/6804 6803/6803/6803 6777/6777/6777
f 6804/6804/6804 6777/6777/6777 6778/6778/6778
f 6778/6778/6778 6777/6777/6777 6750/6750/6750
f 6778/6778/6778 6750/6750/6750 6751/6751/6751
f 6779/6779/6779 6778/6778/6778 6751/6751/6751
f 6779/6779/6779 6751/6751/6751 6752/6752/6752
f 6780/6780/6780 6779/6779/6779 6752/6752/6752
f 6780/6780/6780 6752/6752/6752 6753/6753/6753
f 6781/6781/6781 6780/6780/6780 6753/6753/6753
f 6781/6781/6781 6753/6753/6753 6754/6754/6754
f 6782/6782/6782 6781/6781/6781 6754/6754/6754
f 6782/6782/6782 6754/6754/6754 6755/6755/6755
f 6755/6755/6755 6754/6754/6754 6726/6726/6726
f 6755/6755/6755 6726/6726/6726 6727/6727/6727
f 6756/6756/6756 6755/6755/6755 6727/6727/6727
f 6756/6756/6756 6727/6727/6727 6728/6728/6728
f 6757/6757/6757 6756/6756/6756 6728/6728/6728
f 6757/6757/6757 6728/6728/6728 6729/6729/6729
f 6758/6758/6758 6757/6757/6757 6729/6729/6729
f 6758/6758/6758 6729/6729/6729 6730/6730/6730
f 6730/6730/6730 6729/6729/6729 6702/6702/6702
f 6730/6730/6730 6702/6702/6702 6703/6703/6703
f 6731/6731/6731 6730/6730/6730 6703/6703/6703
f 6731/6731/6731 6703/6703/6703 6704/6704/6704
f 6704/6704/6704 6703/6703/6703 6677/6677/6677
f 6704/6704/6704 6677/6677/6677 6678/6678/6678
f 6705/6705/6705 6704/6704/6704 6678/6678/6678
f 6705/6705/6705 6678/6678/6678 6679/6679/6679
f 6706/6706/6706 6705/6705/6705 6679/6679/6679
f 6706/6706/6706 6679/6679/6679 6680/6680/6680
f 6680/6680/6680 6679/6679/6679 6654/6654/6654
f 6680/6680/6680 6654/6654/6654 6655/6655/6655
f 6655/6655/6655 6654/6654/6654 6630/6630/6630
f 6655/6655/6655 6630/6630/6630 6631/6631/6631
f 6631/6631/6631 6630/6630/6630 6607/6607/6607
f 6631/6631/6631 6607/6607/6607 6608/6608/6608
f 6632/6632/6632 6631/6631/6631 6608/6608/6608
f 6608/6608/6608 5856/5856/5856 6632/6632/6632
f 5856/5856/5856 6608/6608/6608 5857/5857/5857
f 6608/6608/6608 6609/6609/6609 5857/5857/5857
f 6608/6608/6608 6586/6586/6586 6609/6609/6609
f 6608/6608/6608 6585/6585/6585 6586/6586/6586
f 6608/6608/6608 6607/6607/6607 6585/6585/6585
f 6607/6607/6607 6584/6584/6584 6585/6585/6585
f 6607/6607/6607 6606/6606/6606 6584/6584/6584
f 6630/6630/6630 6606/6606/6606 6607/6607/6607
f 6630/6630/6630 6629/6629/6629 6606/6606/6606
f 6654/6654/6654 6629/6629/6629 6630/6630/6630
f 6654/6654/6654 6653/6653/6653 6629/6629/6629
f 6679/6679/6679 6653/6653/6653 6654/6654/6654
f 6679/6679/6679 6678/6678/6678 6653/6653/6653
f 6678/6678/6678 6652/6652/6652 6653/6653/6653
f 6678/6678/6678 6677/6677/6677 6652/6652/6652
f 6677/6677/6677 6651/6651/6651 6652/6652/6652
f 6677/6677/6677 6676/6676/6676 6651/6651/6651
f 6703/6703/6703 6676/6676/6676 6677/6677/6677
f 6703/6703/6703 6702/6702/6702 6676/6676/6676
f 6702/6702/6702 6675/6675/6675 6676/6676/6676
f 6702/6702/6702 6701/6701/6701 6675/6675/6675
f 6729/6729/6729 6701/6701/6701 6702/6702/6702
f 6729/6729/6729 6728/6728/6728 6701/6701/6701
f 6728/6728/6728 6700/6700/6700 6701/6701/6701
f 6728/6728/6728 6727/6727/6727 6700/6700/6700
f 6727/6727/6727 6699/6699/6699 6700/6700/6700
f 6727/6727/6727 6726/6726/6726 6699/6699/6699
f 6726/6726/6726 6698/6698/6698 6699/6699/6699
f 6726/6726/6726 6725/6725/6725 6698/6698/6698
f 6754/6754/6754 6725/6725/6725 6726/6726/6726
f 6754/6754/6754 6753/6753/6753 6725/6725/6725
f 6753/6753/6753 6724/6724/6724 6725/6725/6725
f 6753/6753/6753 6752/6752/6752 6724/6724/6724
f 6752/6752/6752 6723/6723/6723 6724/6724/6724
f 6752/6752/6752 6751/6751/6751 6723/6723/6723
f 6751/6751/6751 6722/6722/6722 6723/6723/6723
f 6751/6751/6751 6750/6750/6750 6722/6722/6722
f 6750/6750/6750 6721/6721/6721 6722/6722/6722
f 6750/6750/6750 6749/6749/6749 6721/6721/6721
f 6777/6777/6777 6749/6749/6749 6750/6750/6750
f 6777/6777/6777 6776/6776/6776 6749/6749/6749
f 6776/6776/6776 6748/6748/6748 6749/6749/6749
f 6776/6776/6776 6775/6775/6775 6748/6748/6748
f 6802/6802/6802 6775/6775/6775 6776/6776/6776
f 6802/6802/6802 6801/6801/6801 6775/6775/6775
f 6801/6801/6801 6774/6774/6774 6775/6775/6775
f 6801/6801/6801 6800/6800/6800 6774/6774/6774
f 6826/6826/6826 6800/6800/6800 6801/6801/6801
f 6800/6800/6800 6773/6773/6773 6774/6774/6774
f 6774/6774/6774 6773/6773/6773 6746/6746/6746
f 6774/6774/6774 6746/6746/6746 6747/6747/6747
f 6775/6775/6775 6774/6774/6774 6747/6747/6747
f 6775/6775/6775 6747/6747/6747 6748/6748/6748
f 6748/6748/6748 6747/6747/6747 6719/6719/6719
f 6748/6748/6748 6719/6719/6719 6720/6720/6720
f 6749/6749/6749 6748/6748/6748 6720/6720/6720
f 6749/6749/6749 6720/6720/6720 6721/6721/6721
f 6721/6721/6721 6720/6720/6720 6693/6693/6693
f 6721/6721/6721 6693/6693/6693 6694/6694/6694
f 6722/6722/6722 6721/6721/6721 6694/6694/6694
f 6722/6722/6722 6694/6694/6694 6695/6695/6695
f 6723/6723/6723 6722/6722/6722 6695/6695/6695
f 6723/6723/6723 6695/6695/6695 6696/6696/6696
f 6724/6724/6724 6723/6723/6723 6696/6696/6696
f 6724/6724/6724 6696/6696/6696 6697/6697/6697
f 6725/6725/6725 6724/6724/6724 6697/6697/6697
f 6725/6725/6725 6697/6697/6697 6698/6698/6698
f 6698/6698/6698 6697/6697/6697 6671/6671/6671
f 6698/6698/6698 6671/6671/6671 6672/6672/6672
f 6699/6699/6699 6698/6698/6698 6672/6672/6672
f 6699/6699/6699 6672/6672/6672 6673/6673/6673
f 6700/6700/6700 6699/6699/6699 6673/6673/6673
f 6700/6700/6700 6673/6673/6673 6674/6674/6674
f 6701/6701/6701 6700/6700/6700 6674/6674/6674
f 6701/6701/6701 6674/6674/6674 6675/6675/6675
f 6675/6675/6675 6674/6674/6674 6649/6649/6649
f 6675/6675/6675 6649/6649/6649 6650/6650/6650
f 6676/6676/6676 6675/6675/6675 6650/6650/6650
f 6676/6676/6676 6650/6650/6650 6651/6651/6651
f 6651/6651/6651 6650/6650/6650 6626/6626/6626
f 6651/6651/6651 6626/6626/6626 6627/6627/6627
f 6652/6652/6652 6651/6651/6651 6627/6627/6627
f 6652/6652/6652 6627/6627/6627 6628/6628/6628
f 6653/6653/6653 6652/6652/6652 6628/6628/6628
f 6653/6653/6653 6628/6628/6628 6629/6629/6629
f 6629/6629/6629 6628/6628/6628 6605/6605/6605
f 6629/6629/6629 6605/6605/6605 6606/6606/6606
f 6606/6606/6606 6605/6605/6605 6583/6583/6583
f 6606/6606/6606 6583/6583/6583 6584/6584/6584
f 6584/6584/6584 6583/6583/6583 6562/6562/6562
f 6584/6584/6584 6562/6562/6562 6563/6563/6563
f 6585/6585/6585 6584/6584/6584 6563/6563/6563
f 6585/6585/6585 6563/6563/6563 6564/6564/6564
f 6586/6586/6586 6585/6585/6585 6564/6564/6564
f 6564/6564/6564 5862/5862/5862 6586/6586/6586
f 5862/5862/5862 6564/6564/6564 5863/5863/5863
f 6564/6564/6564 6565/6565/6565 5863/5863/5863
f 6564/6564/6564 6544/6544/6544 6565/6565/6565
f 6564/6564/6564 6543/6543/6543 6544/6544/6544
f 6564/6564/6564 6563/6563/6563 6543/6543/6543
f 6563/6563/6563 6542/6542/6542 6543/6543/6543
f 6563/6563/6563 6562/6562/6562 6542/6542/6542
f 6562/6562/6562 6541/6541/6541 6542/6542/6542
f 6562/6562/6562 6561/6561/6561 6541/6541/6541
f 6583/6583/6583 6561/6561/6561 6562/6562/6562
f 6583/6583/6583 6582/6582/6582 6561/6561/6561
f 6605/6605/6605 6582/6582/6582 6583/6583/6583
f 6605/6605/6605 6604/6604/6604 6582/6582/6582
f 6628/6628/6628 6604/6604/6604 6605/6605/6605
f 6628/6628/6628 6627/6627/6627 6604/6604/6604
f 6627/6627/6627 6603/6603/6603 6604/6604/6604
f 6627/6627/6627 6626/6626/6626 6603/6603/6603
f 6626/6626/6626 6602/6602/6602 6603/6603/6603
f 6626/6626/6626 6625/6625/6625 6602/6602/6602
f 6650/6650/6650 6625/6625/6625 6626/6626/6626
f 6650/6650/6650 6649/6649/6649 6625/6625/6625
f 6649/6649/6649 6624/6624/6624 6625/6625/6625
f 6649/6649/6649 6648/6648/6648 6624/6624/6624
f 6674/6674/6674 6648/6648/6648 6649/6649/6649
f 6674/6674/6674 6673/6673/6673 6648/6648/6648
f 6673/6673/6673 6647/6647/6647 6648/6648/6648
f 6673/6673/6673 6672/6672/6672 6647/6647/6647
f 6672/6672/6672 6646/6646/6646 6647/6647/6647
f 6672/6672/6672 6671/6671/6671 6646/6646/6646
f 6671/6671/6671 6645/6645/6645 6646/6646/6646
f 6671/6671/6671 6670/6670/6670 6645/6645/6645
f 6697/6697/6697 6670/6670/6670 6671/6671/6671
f 6697/6697/6697 6696/6696/6696 6670/6670/6670
f 6696/6696/6696 6669/6669/6669 6670/6670/6670
f 6696/6696/6696 6695/6695/6695 6669/6669/6669
f 6695/6695/6695 6668/6668/6668 6669/6669/6669
f 6695/6695/6695 6694/6694/6694 6668/6668/6668
f 6694/6694/6694 6667/6667/6667 6668/6668/6668
f 6694/6694/6694 6693/6693/6693 6667/6667/6667
f 6693/6693/6693 6666/6666/6666 6667/6667/6667
f 6693/6693/6693 6692/6692/6692 6666/6666/6666
f 6720/6720/6720 6692/6692/6692 6693/6693/6693
f 6720/6720/6720 6719/6719/6719 6692/6692/6692
f 6719/6719/6719 6691/6691/6691 6692/6692/6692
f 6719/6719/6719 6718/6718/6718 6691/6691/6691
f 6747/6747/6747 6718/6718/6718 6719/6719/6719
f 6747/6747/6747 6746/6746/6746 6718/6718/6718
f 6746/6746/6746 6717/6717/6717 6718/6718/6718
f 6746/6746/6746 6745/6745/6745 6717/6717/6717
f 6773/6773/6773 6745/6745/6745 6746/6746/6746
f 6773/6773/6773 6772/6772/6772 6745/6745/6745
f 6772/6772/6772 6744/6744/6744 6745/6745/6745
f 6772/6772/6772 6771/6771/6771 6744/6744/6744
f 6771/6771/6771 6743/6743/6743 6744/6744/6744
f 6771/6771/6771 6770/6770/6770 6743/6743/6743
f 6770/6770/6770 6742/6742/6742 6743/6743/6743
f 6770/6770/6770 6769/6769/6769 6742/6742/6742
f 6743/6743/6743 6742/6742/6742 6714/6714/6714
f 6743/6743/6743 6714/6714/6714 6715/6715/6715
f 6744/6744/6744 6743/6743/6743 6715/6715/6715
f 6744/6744/6744 6715/6715/6715 6716/6716/6716
f 6745/6745/6745 6744/6744/6744 6716/6716/6716
f 6745/6745/6745 6716/6716/6716 6717/6717/6717
f 6717/6717/6717 6716/6716/6716 6689/6689/6689
f 6717/6717/6717 6689/6689/6689 6690/6690/6690
f 6718/6718/6718 6717/6717/6717 6690/6690/6690
f 6718/6718/6718 6690/6690/6690 6691/6691/6691
f 6691/6691/6691 6690/6690/6690 6664/6664/6664
f 6691/6691/6691 6664/6664/6664 6665/6665/6665
f 6692/6692/6692 6691/6691/6691 6665/6665/6665
f 6692/6692/6692 6665/6665/6665 6666/6666/6666
f 6666/6666/6666 6665/6665/6665 6640/6640/6640
f 6666/6666/6666 6640/6640/6640 6641/6641/6641
f 6667/6667/6667 6666/6666/6666 6641/6641/6641
f 6667/6667/6667 6641/6641/6641 6642/6642/6642
f 6668/6668/6668 6667/6667/6667 6642/6642/6642
f 6668/6668/6668 6642/6642/6642 6643/6643/6643
f 6669/6669/6669 6668/6668/6668 6643/6643/6643
f 6669/6669/6669 6643/6643/6643 6644/6644/6644
f 6670/6670/6670 6669/6669/6669 6644/6644/6644
f 6670/6670/6670 6644/6644/6644 6645/6645/6645
f 6645/6645/6645 6644/6644/6644 6620/6620/6620
f 6645/6645/6645 6620/6620/6620 6621/6621/6621
f 6646/6646/6646 6645/6645/6645 6621/6621/6621
f 6646/6646/6646 6621/6621/6621 6622/6622/6622
f 6647/6647/6647 6646/6646/6646 6622/6622/6622
f 6647/6647/6647 6622/6622/6622 6623/6623/6623
f 6648/6648/6648 6647/6647/6647 6623/6623/6623
f 6648/6648/6648 6623/6623/6623 6624/6624/6624
f 6624/6624/6624 6623/6623/6623 6600/6600/6600
f 6624/6624/6624 6600/6600/6600 6601/6601/6601
f 6625/6625/6625 6624/6624/6624 6601/6601/6601
f 6625/6625/6625 6601/6601/6601 6602/6602/6602
f 6602/6602/6602 6601/6601/6601 6579/6579/6579
f 6602/6602/6602 6579/6579/6579 6580/6580/6580
f 6603/6603/6603 6602/6602/6602 6580/6580/6580
f 6603/6603/6603 6580/6580/6580 6581/6581/6581
f 6604/6604/6604 6603/6603/6603 6581/6581/6581
f 6604/6604/6604 6581/6581/6581 6582/6582/6582
f 6582/6582/6582 6581/6581/6581 6560/6560/6560
f 6582/6582/6582 6560/6560/6560 6561/6561/6561
f 6561/6561/6561 6560/6560/6560 6540/6540/6540
f 6561/6561/6561 6540/6540/6540 6541/6541/6541
f 6541/6541/6541 6540/6540/6540 6519/6519/6519
f 6541/6541/6541 6519/6519/6519 6520/6520/6520
f 6542/6542/6542 6541/6541/6541 6520/6520/6520
f 6542/6542/6542 6520/6520/6520 6521/6521/6521
f 6543/6543/6543 6542/6542/6542 6521/6521/6521
f 6543/6543/6543 6521/6521/6521 6522/6522/6522
f 6544/6544/6544 6543/6543/6543 6522/6522/6522
f 6544/6544/6544 6522/6522/6522 5867/5867/5867
f 5866/5866/5866 6544/6544/6544 5867/5867/5867
f 5865/5865/5865 6544/6544/6544 5866/5866/5866
f 5864/5864/5864 6544/6544/6544 5865/5865/5865
f 6565/6565/6565 6544/6544/6544 5864/5864/5864
f 5863/5863/5863 6565/6565/6565 5864/5864/5864
f 5867/5867/5867 6522/6522/6522 5868/5868/5868
f 6522/6522/6522 6523/6523/6523 5868/5868/5868
f 6522/6522/6522 6502/6502/6502 6523/6523/6523
f 6522/6522/6522 6501/6501/6501 6502/6502/6502
f 6522/6522/6522 6521/6521/6521 6501/6501/6501
f 6521/6521/6521 6500/6500/6500 6501/6501/6501
f 6521/6521/6521 6520/6520/6520 6500/6500/6500
f 6520/6520/6520 6499/6499/6499 6500/6500/6500
f 6520/6520/6520 6519/6519/6519 6499/6499/6499
f 6519/6519/6519 6498/6498/6498 6499/6499/6499
f 6519/6519/6519 6518/6518/6518 6498/6498/6498
f 6540/6540/6540 6518/6518/6518 6519/6519/6519
f 6540/6540/6540 6539/6539/6539 6518/6518/6518
f 6560/6560/6560 6539/6539/6539 6540/6540/6540
f 6560/6560/6560 6559/6559/6559 6539/6539/6539
f 6581/6581/6581 6559/6559/6559 6560/6560/6560
f 6581/6581/6581 6580/6580/6580 6559/6559/6559
f 6580/6580/6580 6558/6558/6558 6559/6559/6559
f 6580/6580/6580 6579/6579/6579 6558/6558/6558
f 6579/6579/6579 6557/6557/6557 6558/6558/6558
f 6579/6579/6579 6578/6578/6578 6557/6557/6557
f 6601/6601/6601 6578/6578/6578 6579/6579/6579
f 6601/6601/6601 6600/6600/6600 6578/6578/6578
f 6600/6600/6600 6577/6577/6577 6578/6578/6578
f 6600/6600/6600 6599/6599/6599 6577/6577/6577
f 6623/6623/6623 6599/6599/6599 6600/6600/6600
f 6623/6623/6623 6622/6622/6622 6599/6599/6599
f 6622/6622/6622 6598/6598/6598 6599/6599/6599
f 6622/6622/6622 6621/6621/6621 6598/6598/6598
f 6621/6621/6621 6597/6597/6597 6598/6598/6598
f 6621/6621/6621 6620/6620/6620 6597/6597/6597
f 6620/6620/6620 6596/6596/6596 6597/6597/6597
f 6620/6620/6620 6619/6619/6619 6596/6596/6596
f 6644/6644/6644 6619/6619/6619 6620/6620/6620
f 6644/6644/6644 6643/6643/6643 6619/6619/6619
f 6643/6643/6643 6618/6618/6618 6619/6619/6619
f 6643/6643/6643 6642/6642/6642 6618/6618/6618
f 6642/6642/6642 6617/6617/6617 6618/6618/6618
f 6642/6642/6642 6641/6641/6641 6617/6617/6617
f 6641/6641/6641 6616/6616/6616 6617/6617/6617
f 6641/6641/6641 6640/6640/6640 6616/6616/6616
f 6640/6640/6640 6615/6615/6615 6616/6616/6616
f 6640/6640/6640 6639/6639/6639 6615/6615/6615
f 6665/6665/6665 6639/6639/6639 6640/6640/6640
f 6665/6665/6665 6664/6664/6664 6639/6639/6639
f 6664/6664/6664 6638/6638/6638 6639/6639/6639
f 6664/6664/6664 6663/6663/6663 6638/6638/6638
f 6690/6690/6690 6663/6663/6663 6664/6664/6664
f 6690/6690/6690 6689/6689/6689 6663/6663/6663
f 6689/6689/6689 6662/6662/6662 6663/6663/6663
f 6689/6689/6689 6688/6688/6688 6662/6662/6662
f 6716/6716/6716 6688/6688/6688 6689/6689/6689
f 6716/6716/6716 6715/6715/6715 6688/6688/6688
f 6715/6715/6715 6687/6687/6687 6688/6688/6688
f 6715/6715/6715 6714/6714/6714 6687/6687/6687
f 6688/6688/6688 6687/6687/6687 6661/6661/6661
f 6688/6688/6688 6661/6661/6661 6662/6662/6662
f 6662/6662/6662 6661/6661/6661 6636/6636/6636
f 6662/6662/6662 6636/6636/6636 6637/6637/6637
f 6663/6663/6663 6662/6662/6662 6637/6637/6637
f 6663/6663/6663 6637/6637/6637 6638/6638/6638
f 6638/6638/6638 6637/6637/6637 6613/6613/6613
f 6638/6638/6638 6613/6613/6613 6614/6614/6614
f 6639/6639/6639 6638/6638/6638 6614/6614/6614
f 6639/6639/6639 6614/6614/6614 6615/6615/6615
f 6615/6615/6615 6614/6614/6614 6591/6591/6591
f 6615/6615/6615 6591/6591/6591 6592/6592/6592
f 6616/6616/6616 6615/6615/6615 6592/6592/6592
f 6616/6616/6616 6592/6592/6592 6593/6593/6593
f 6617/6617/6617 6616/6616/6616 6593/6593/6593
f 6617/6617/6617 6593/6593/6593 6594/6594/6594
f 6618/6618/6618 6617/6617/6617 6594/6594/6594
f 6618/6618/6618 6594/6594/6594 6595/6595/6595
f 6619/6619/6619 6618/6618/6618 6595/6595/6595
f 6619/6619/6619 6595/6595/6595 6596/6596/6596
f 6596/6596/6596 6595/6595/6595 6573/6573/6573
f 6596/6596/6596 6573/6573/6573 6574/6574/6574
f 6597/6597/6597 6596/6596/6596 6574/6574/6574
f 6597/6597/6597 6574/6574/6574 6575/6575/6575
f 6598/6598/6598 6597/6597/6597 6575/6575/6575
f 6598/6598/6598 6575/6575/6575 6576/6576/6576
f 6599/6599/6599 6598/6598/6598 6576/6576/6576
f 6599/6599/6599 6576/6576/6576 6577/6577/6577
f 6577/6577/6577 6576/6576/6576 6555/6555/6555
f 6577/6577/6577 6555/6555/6555 6556/6556/6556
f 6578/6578/6578 6577/6577/6577 6556/6556/6556
f 6578/6578/6578 6556/6556/6556 6557/6557/6557
f 6557/6557/6557 6556/6556/6556 6536/6536/6536
f 6557/6557/6557 6536/6536/6536 6537/6537/6537
f 6558/6558/6558 6557/6557/6557 6537/6537/6537
f 6558/6558/6558 6537/6537/6537 6538/6538/6538
f 6559/6559/6559 6558/6558/6558 6538/6538/6538
f 6559/6559/6559 6538/6538/6538 6539/6539/6539
f 6539/6539/6539 6538/6538/6538 6517/6517/6517
f 6539/6539/6539 6517/6517/6517 6518/6518/6518
f 6518/6518/6518 6517/6517/6517 6497/6497/6497
f 6518/6518/6518 6497/6497/6497 6498/6498/6498
f 6498/6498/6498 6497/6497/6497 6478/6478/6478
f 6498/6498/6498 6478/6478/6478 6479/6479/6479
f 6499/6499/6499 6498/6498/6498 6479/6479/6479
f 6499/6499/6499 6479/6479/6479 6480/6480/6480
f 6500/6500/6500 6499/6499/6499 6480/6480/6480
f 6500/6500/6500 6480/6480/6480 6481/6481/6481
f 6501/6501/6501 6500/6500/6500 6481/6481/6481
f 6501/6501/6501 6481/6481/6481 6482/6482/6482
f 6502/6502/6502 6501/6501/6501 6482/6482/6482
f 6502/6502/6502 6482/6482/6482 5873/5873/5873
f 5872/5872/5872 6502/6502/6502 5873/5873/5873
f 5871/5871/5871 6502/6502/6502 5872/5872/5872
f 5870/5870/5870 6502/6502/6502 5871/5871/5871
f 6523/6523/6523 6502/6502/6502 5870/5870/5870
f 5869/5869/5869 6523/6523/6523 5870/5870/5870
f 5868/5868/5868 6523/6523/6523 5869/5869/5869
f 5873/5873/5873 6482/6482/6482 5874/5874/5874
f 5874/5874/5874 6482/6482/6482 5875/5875/5875
f 5875/5875/5875 6482/6482/6482 5876/5876/5876
f 6482/6482/6482 6463/6463/6463 5876/5876/5876
f 6482/6482/6482 6481/6481/6481 6463/6463/6463
f 6481/6481/6481 6462/6462/6462 6463/6463/6463
f 6481/6481/6481 6480/6480/6480 6462/6462/6462
f 6480/6480/6480 6461/6461/6461 6462/6462/6462
f 6480/6480/6480 6479/6479/6479 6461/6461/6461
f 6479/6479/6479 6460/6460/6460 6461/6461/6461
f 6479/6479/6479 6478/6478/6478 6460/6460/6460
f 6478/6478/6478 6459/6459/6459 6460/6460/6460
f 6478/6478/6478 6477/6477/6477 6459/6459/6459
f 6497/6497/6497 6477/6477/6477 6478/6478/6478
f 6497/6497/6497 6496/6496/6496 6477/6477/6477
f 6517/6517/6517 6496/6496/6496 6497/6497/6497
f 6517/6517/6517 6516/6516/6516 6496/6496/6496
f 6538/6538/6538 6516/6516/6516 6517/6517/6517
f 6538/6538/6538 6537/6537/6537 6516/6516/6516
f 6537/6537/6537 6515/6515/6515 6516/6516/6516
f 6537/6537/6537 6536/6536/6536 6515/6515/6515
f 6536/6536/6536 6514/6514/6514 6515/6515/6515
f 6536/6536/6536 6535/6535/6535 6514/6514/6514
f 6556/6556/6556 6535/6535/6535 6536/6536/6536
f 6556/6556/6556 6555/6555/6555 6535/6535/6535
f 6555/6555/6555 6534/6534/6534 6535/6535/6535
f 6555/6555/6555 6554/6554/6554 6534/6534/6534
f 6576/6576/6576 6554/6554/6554 6555/6555/6555
f 6576/6576/6576 6575/6575/6575 6554/6554/6554
f 6575/6575/6575 6553/6553/6553 6554/6554/6554
f 6575/6575/6575 6574/6574/6574 6553/6553/6553
f 6574/6574/6574 6552/6552/6552 6553/6553/6553
f 6574/6574/6574 6573/6573/6573 6552/6552/6552
f 6573/6573/6573 6551/6551/6551 6552/6552/6552
f 6573/6573/6573 6572/6572/6572 6551/6551/6551
f 6595/6595/6595 6572/6572/6572 6573/6573/6573
f 6595/6595/6595 6594/6594/6594 6572/6572/6572
f 6594/6594/6594 6571/6571/6571 6572/6572/6572
f 6594/6594/6594 6593/6593/6593 6571/6571/6571
f 6593/6593/6593 6570/6570/6570 6571/6571/6571
f 6593/6593/6593 6592/6592/6592 6570/6570/6570
f 6592/6592/6592 6569/6569/6569 6570/6570/6570
f 6592/6592/6592 6591/6591/6591 6569/6569/6569
f 6591/6591/6591 6568/6568/6568 6569/6569/6569
f 6591/6591/6591 6590/6590/6590 6568/6568/6568
f 6614/6614/6614 6590/6590/6590 6591/6591/6591
f 6614/6614/6614 6613/6613/6613 6590/6590/6590
f 6613/6613/6613 6589/6589/6589 6590/6590/6590
f 6613/6613/6613 6612/6612/6612 6589/6589/6589
f 6637/6637/6637 6612/6612/6612 6613/6613/6613
f 6637/6637/6637 6636/6636/6636 6612/6612/6612
f 6590/6590/6590 6589/6589/6589 6567/6567/6567
f 6590/6590/6590 6567/6567/6567 6568/6568/6568
f 6568/6568/6568 6567/6567/6567 6546/6546/6546
f 6568/6568/6568 6546/6546/6546 6547/6547/6547
f 6569/6569/6569 6568/6568/6568 6547/6547/6547
f 6569/6569/6569 6547/6547/6547 6548/6548/6548
f 6570/6570/6570 6569/6569/6569 6548/6548/6548
f 6570/6570/6570 6548/6548/6548 6549/6549/6549
f 6571/6571/6571 6570/6570/6570 6549/6549/6549
f 6571/6571/6571 6549/6549/6549 6550/6550/6550
f 6572/6572/6572 6571/6571/6571 6550/6550/6550
f 6572/6572/6572 6550/6550/6550 6551/6551/6551
f 6551/6551/6551 6550/6550/6550 6530/6530/6530
f 6551/6551/6551 6530/6530/6530 6531/6531/6531
f 6552/6552/6552 6551/6551/6551 6531/6531/6531
f 6552/6552/6552 6531/6531/6531 6532/6532/6532
f 6553/6553/6553 6552/6552/6552 6532/6532/6532
f 6553/6553/6553 6532/6532/6532 6533/6533/6533
f 6554/6554/6554 6553/6553/6553 6533/6533/6533
f 6554/6554/6554 6533/6533/6533 6534/6534/6534
f 6534/6534/6534 6533/6533/6533 6512/6512/6512
f 6534/6534/6534 6512/6512/6512 6513/6513/6513
f 6535/6535/6535 6534/6534/6534 6513/6513/6513
f 6535/6535/6535 6513/6513/6513 6514/6514/6514
f 6514/6514/6514 6513/6513/6513 6493/6493/6493
f 6514/6514/6514 6493/6493/6493 6494/6494/6494
f 6515/6515/6515 6514/6514/6514 6494/6494/6494
f 6515/6515/6515 6494/6494/6494 6495/6495/6495
f 6516/6516/6516 6515/6515/6515 6495/6495/6495
f 6516/6516/6516 6495/6495/6495 6496/6496/6496
f 6496/6496/6496 6495/6495/6495 6476/6476/6476
f 6496/6496/6496 6476/6476/6476 6477/6477/6477
f 6477/6477/6477 6476/6476/6476 6458/6458/6458
f 6477/6477/6477 6458/6458/6458 6459/6459/6459
f 6459/6459/6459 6458/6458/6458 6441/6441/6441
f 6459/6459/6459 6441/6441/6441 6442/6442/6442
f 6460/6460/6460 6459/6459/6459 6442/6442/6442
f 6460/6460/6460 6442/6442/6442 6443/6443/6443
f 6461/6461/6461 6460/6460/6460 6443/6443/6443
f 6461/6461/6461 6443/6443/6443 6444/6444/6444
f 6462/6462/6462 6461/6461/6461 6444/6444/6444
f 6462/6462/6462 6444/6444/6444 6445/6445/6445
f 6463/6463/6463 6462/6462/6462 6445/6445/6445
f 6463/6463/6463 6445/6445/6445 6446/6446/6446
f 6463/6463/6463 6446/6446/6446 6464/6464/6464
f 6464/6464/6464 5877/5877/5877 6463/6463/6463
f 5877/5877/5877 6464/6464/6464 5878/5878/5878
f 6464/6464/6464 5879/5879/5879 5878/5878/5878
f 6446/6446/6446 5879/5879/5879 6464/6464/6464
f 5879/5879/5879 6446/6446/6446 5880/5880/5880
f 5880/5880/5880 6446/6446/6446 5881/5881/5881
f 6446/6446/6446 5882/5882/5882 5881/5881/5881
f 6429/6429/6429 5882/5882/5882 6446/6446/6446
f 5882/5882/5882 6429/6429/6429 5883/5883/5883
f 5883/5883/5883 6429/6429/6429 5884/5884/5884
f 6429/6429/6429 5885/5885/5885 5884/5884/5884
f 6412/6412/6412 5885/5885/5885 6429/6429/6429
f 5885/5885/5885 6412/6412/6412 5886/5886/5886
f 5886/5886/5886 6412/6412/6412 5887/5887/5887
f 6412/6412/6412 6396/6396/6396 5887/5887/5887
f 6412/6412/6412 6411/6411/6411 6396/6396/6396
f 6428/6428/6428 6411/6411/6411 6412/6412/6412
f 6428/6428/6428 6427/6427/6427 6411/6411/6411
f 6444/6444/6444 6427/6427/6427 6428/6428/6428
f 6444/6444/6444 6443/6443/6443 6427/6427/6427
f 6443/6443/6443 6426/6426/6426 6427/6427/6427
f 6443/6443/6443 6442/6442/6442 6426/6426/6426
f 6442/6442/6442 6425/6425/6425 6426/6426/6426
f 6442/6442/6442 6441/6441/6441 6425/6425/6425
f 6441/6441/6441 6424/6424/6424 6425/6425/6425
f 6441/6441/6441 6440/6440/6440 6424/6424/6424
f 6458/6458/6458 6440/6440/6440 6441/6441/6441
f 6458/6458/6458 6457/6457/6457 6440/6440/6440
f 6476/6476/6476 6457/6457/6457 6458/6458/6458
f 6476/6476/6476 6475/6475/6475 6457/6457/6457
f 6495/6495/6495 6475/6475/6475 6476/6476/6476
f 6495/6495/6495 6494/6494/6494 6475/6475/6475
f 6494/6494/6494 6474/6474/6474 6475/6475/6475
f 6494/6494/6494 6493/6493/6493 6474/6474/6474
f 6493/6493/6493 6473/6473/6473 6474/6474/6474
f 6493/6493/6493 6492/6492/6492 6473/6473/6473
f 6513/6513/6513 6492/6492/6492 6493/6493/6493
f 6513/6513/6513 6512/6512/6512 6492/6492/6492
f 6512/6512/6512 6491/6491/6491 6492/6492/6492
f 6512/6512/6512 6511/6511/6511 6491/6491/6491
f 6533/6533/6533 6511/6511/6511 6512/6512/6512
f 6533/6533/6533 6532/6532/6532 6511/6511/6511
f 6532/6532/6532 6510/6510/6510 6511/6511/6511
f 6532/6532/6532 6531/6531/6531 6510/6510/6510
f 6531/6531/6531 6509/6509/6509 6510/6510/6510
f 6531/6531/6531 6530/6530/6530 6509/6509/6509
f 6530/6530/6530 6508/6508/6508 6509/6509/6509
f 6530/6530/6530 6529/6529/6529 6508/6508/6508
f 6550/6550/6550 6529/6529/6529 6530/6530/6530
f 6550/6550/6550 6549/6549/6549 6529/6529/6529
f 6549/6549/6549 6528/6528/6528 6529/6529/6529
f 6549/6549/6549 6548/6548/6548 6528/6528/6528
f 6548/6548/6548 6527/6527/6527 6528/6528/6528
f 6548/6548/6548 6547/6547/6547 6527/6527/6527
f 6547/6547/6547 6526/6526/6526 6527/6527/6527
f 6547/6547/6547 6546/6546/6546 6526/6526/6526
f 6527/6527/6527 6526/6526/6526 6505/6505/6505
f 6527/6527/6527 6505/6505/6505 6506/6506/6506
f 6528/6528/6528 6527/6527/6527 6506/6506/6506
f 6528/6528/6528 6506/6506/6506 6507/6507/6507
f 6529/6529/6529 6528/6528/6528 6507/6507/6507
f 6529/6529/6529 6507/6507/6507 6508/6508/6508
f 6508/6508/6508 6507/6507/6507 6487/6487/6487
f 6508/6508/6508 6487/6487/6487 6488/6488/6488
f 6509/6509/6509 6508/6508/6508 6488/6488/6488
f 6509/6509/6509 6488/6488/6488 6489/6489/6489
f 6510/6510/6510 6509/6509/6509 6489/6489/6489
f 6510/6510/6510 6489/6489/6489 6490/6490/6490
f 6511/6511/6511 6510/6510/6510 6490/6490/6490
f 6511/6511/6511 6490/6490/6490 6491/6491/6491
f 6491/6491/6491 6490/6490/6490 6471/6471/6471
f 6491/6491/6491 6471/6471/6471 6472/6472/6472
f 6492/6492/6492 6491/6491/6491 6472/6472/6472
f 6492/6492/6492 6472/6472/6472 6473/6473/6473
f 6473/6473/6473 6472/6472/6472 6454/6454/6454
f 6473/6473/6473 6454/6454/6454 6455/6455/6455
f 6474/6474/6474 6473/6473/6473 6455/6455/6455
f 6474/6474/6474 6455/6455/6455 6456/6456/6456
f 6475/6475/6475 6474/6474/6474 6456/6456/6456
f 6475/6475/6475 6456/6456/6456 6457/6457/6457
f 6457/6457/6457 6456/6456/6456 6439/6439/6439
f 6457/6457/6457 6439/6439/6439 6440/6440/6440
f 6440/6440/6440 6439/6439/6439 6423/6423/6423
f 6440/6440/6440 6423/6423/6423 6424/6424/6424
f 6424/6424/6424 6423/6423/6423 6407/6407/6407
f 6424/6424/6424 6407/6407/6407 6408/6408/6408
f 6425/6425/6425 6424/6424/6424 6408/6408/6408
f 6425/6425/6425 6408/6408/6408 6409/6409/6409
f 6426/6426/6426 6425/6425/6425 6409/6409/6409
f 6426/6426/6426 6409/6409/6409 6410/6410/6410
f 6427/6427/6427 6426/6426/6426 6410/6410/6410
f 6427/6427/6427 6410/6410/6410 6411/6411/6411
f 6411/6411/6411 6410/6410/6410 6395/6395/6395
f 6411/6411/6411 6395/6395/6395 6396/6396/6396
f 6396/6396/6396 6395/6395/6395 6380/6380/6380
f 6380/6380/6380 5890/5890/5890 6396/6396/6396
f 6380/6380/6380 5891/5891/5891 5890/5890/5890
f 5891/5891/5891 6380/6380/6380 5892/5892/5892
f 6380/6380/6380 5893/5893/5893 5892/5892/5892
f 6364/6364/6364 5893/5893/5893 6380/6380/6380
f 6364/6364/6364 5894/5894/5894 5893/5893/5893
f 5894/5894/5894 6364/6364/6364 5895/5895/5895
f 6364/6364/6364 5896/5896/5896 5895/5895/5895
f 6348/6348/6348 5896/5896/5896 6364/6364/6364
f 6348/6348/6348 5897/5897/5897 5896/5896/5896
f 5897/5897/5897 6348/6348/6348 5898/5898/5898
f 6348/6348/6348 5899/5899/5899 5898/5898/5898
f 6348/6348/6348 6347/6347/6347 5899/5899/5899
f 6363/6363/6363 6347/6347/6347 6348/6348/6348
f 6363/6363/6363 6362/6362/6362 6347/6347/6347
f 6378/6378/6378 6362/6362/6362 6363/6363/6363
f 6378/6378/6378 6377/6377/6377 6362/6362/6362
f 6393/6393/6393 6377/6377/6377 6378/6378/6378
f 6393/6393/6393 6392/6392/6392 6377/6377/6377
f 6408/6408/6408 6392/6392/6392 6393/6393/6393
f 6408/6408/6408 6407/6407/6407 6392/6392/6392
f 6407/6407/6407 6391/6391/6391 6392/6392/6392
f 6407/6407/6407 6406/6406/6406 6391/6391/6391
f 6423/6423/6423 6406/6406/6406 6407/6407/6407
f 6423/6423/6423 6422/6422/6422 6406/6406/6406
f 6439/6439/6439 6422/6422/6422 6423/6423/6423
f 6439/6439/6439 6438/6438/6438 6422/6422/6422
f 6456/6456/6456 6438/6438/6438 6439/6439/6439
f 6456/6456/6456 6455/6455/6455 6438/6438/6438
f 6455/6455/6455 6437/6437/6437 6438/6438/6438
f 6455/6455/6455 6454/6454/6454 6437/6437/6437
f 6454/6454/6454 6436/6436/6436 6437/6437/6437
f 6454/6454/6454 6453/6453/6453 6436/6436/6436
f 6472/6472/6472 6453/6453/6453 6454/6454/6454
f 6472/6472/6472 6471/6471/6471 6453/6453/6453
f 6471/6471/6471 6452/6452/6452 6453/6453/6453
f 6471/6471/6471 6470/6470/6470 6452/6452/6452
f 6490/6490/6490 6470/6470/6470 6471/6471/6471
f 6490/6490/6490 6489/6489/6489 6470/6470/6470
f 6489/6489/6489 6469/6469/6469 6470/6470/6470
f 6489/6489/6489 6488/6488/6488 6469/6469/6469
f 6488/6488/6488 6468/6468/6468 6469/6469/6469
f 6488/6488/6488 6487/6487/6487 6468/6468/6468
f 6487/6487/6487 6467/6467/6467 6468/6468/6468
f 6487/6487/6487 6486/6486/6486 6467/6467/6467
f 6507/6507/6507 6486/6486/6486 6487/6487/6487
f 6507/6507/6507 6506/6506/6506 6486/6486/6486
f 6506/6506/6506 6485/6485/6485 6486/6486/6486
f 6506/6506/6506 6505/6505/6505 6485/6485/6485
f 6486/6486/6486 6485/6485/6485 6466/6466/6466
f 6486/6486/6486 6466/6466/6466 6467/6467/6467
f 6467/6467/6467 6466/6466/6466 6448/6448/6448
f 6467/6467/6467 6448/6448/6448 6449/6449/6449
f 6468/6468/6468 6467/6467/6467 6449/6449/6449
f 6468/6468/6468 6449/6449/6449 6450/6450/6450
f 6469/6469/6469 6468/6468/6468 6450/6450/6450
f 6469/6469/6469 6450/6450/6450 6451/6451/6451
f 6470/6470/6470 6469/6469/6469 6451/6451/6451
f 6470/6470/6470 6451/6451/6451 6452/6452/6452
f 6452/6452/6452 6451/6451/6451 6434/6434/6434
f 6452/6452/6452 6434/6434/6434 6435/6435/6435
f 6453/6453/6453 6452/6452/6452 6435/6435/6435
f 6453/6453/6453 6435/6435/6435 6436/6436/6436
f 6436/6436/6436 6435/6435/6435 6419/6419/6419
f 6436/6436/6436 6419/6419/6419 6420/6420/6420
f 6437/6437/6437 6436/6436/6436 6420/6420/6420
f 6437/6437/6437 6420/6420/6420 6421/6421/6421
f 6438/6438/6438 6437/6437/6437 6421/6421/6421
f 6438/6438/6438 6421/6421/6421 6422/6422/6422
f 6422/6422/6422 6421/6421/6421 6405/6405/6405
f 6422/6422/6422 6405/6405/6405 6406/6406/6406
f 6406/6406/6406 6405/6405/6405 6390/6390/6390
f 6406/6406/6406 6390/6390/6390 6391/6391/6391
f 6391/6391/6391 6390/6390/6390 6375/6375/6375
f 6391/6391/6391 6375/6375/6375 6376/6376/6376
f 6392/6392/6392 6391/6391/6391 6376/6376/6376
f 6392/6392/6392 6376/6376/6376 6377/6377/6377
f 6377/6377/6377 6376/6376/6376 6361/6361/6361
f 6377/6377/6377 6361/6361/6361 6362/6362/6362
f 6362/6362/6362 6361/6361/6361 6346/6346/6346
f 6362/6362/6362 6346/6346/6346 6347/6347/6347
f 6347/6347/6347 6346/6346/6346 6332/6332/6332
f 6347/6347/6347 6332/6332/6332 5899/5899/5899
f 5899/5899/5899 6332/6332/6332 5900/5900/5900
f 6332/6332/6332 5901/5901/5901 5900/5900/5900
f 6316/6316/6316 5901/5901/5901 6332/6332/6332
f 6316/6316/6316 5902/5902/5902 5901/5901/5901
f 5902/5902/5902 6316/6316/6316 5903/5903/5903
f 6316/6316/6316 5904/5904/5904 5903/5903/5903
f 6316/6316/6316 5905/5905/5905 5904/5904/5904
f 6300/6300/6300 5905/5905/5905 6316/6316/6316
f 6300/6300/6300 5906/5906/5906 5905/5905/5905
f 5906/5906/5906 6300/6300/6300 5907/5907/5907
f 6300/6300/6300 6299/6299/6299 5907/5907/5907
f 6315/6315/6315 6299/6299/6299 6300/6300/6300
f 6315/6315/6315 6314/6314/6314 6299/6299/6299
f 6330/6330/6330 6314/6314/6314 6315/6315/6315
f 6330/6330/6330 6329/6329/6329 6314/6314/6314
f 6344/6344/6344 6329/6329/6329 6330/6330/6330
f 6344/6344/6344 6343/6343/6343 6329/6329/6329
f 6359/6359/6359 6343/6343/6343 6344/6344/6344
f 6359/6359/6359 6358/6358/6358 6343/6343/6343
f 6374/6374/6374 6358/6358/6358 6359/6359/6359
f 6374/6374/6374 6373/6373/6373 6358/6358/6358
f 6389/6389/6389 6373/6373/6373 6374/6374/6374
f 6389/6389/6389 6388/6388/6388 6373/6373/6373
f 6404/6404/6404 6388/6388/6388 6389/6389/6389
f 6404/6404/6404 6403/6403/6403 6388/6388/6388
f 6420/6420/6420 6403/6403/6403 6404/6404/6404
f 6420/6420/6420 6419/6419/6419 6403/6403/6403
f 6419/6419/6419 6402/6402/6402 6403/6403/6403
f 6419/6419/6419 6418/6418/6418 6402/6402/6402
f 6435/6435/6435 6418/6418/6418 6419/6419/6419
f 6435/6435/6435 6434/6434/6434 6418/6418/6418
f 6434/6434/6434 6417/6417/6417 6418/6418/6418
f 6434/6434/6434 6433/6433/6433 6417/6417/6417
f 6451/6451/6451 6433/6433/6433 6434/6434/6434
f 6451/6451/6451 6450/6450/6450 6433/6433/6433
f 6450/6450/6450 6432/6432/6432 6433/6433/6433
f 6450/6450/6450 6449/6449/6449 6432/6432/6432
f 6449/6449/6449 6431/6431/6431 6432/6432/6432
f 6449/6449/6449 6448/6448/6448 6431/6431/6431
f 6448/6448/6448 6430/6430/6430 6431/6431/6431
f 6431/6431/6431 6430/6430/6430 6414/6414/6414
f 6431/6431/6431 6414/6414/6414 6415/6415/6415
f 6432/6432/6432 6431/6431/6431 6415/6415/6415
f 6432/6432/6432 6415/6415/6415 6416/6416/6416
f 6433/6433/6433 6432/6432/6432 6416/6416/6416
f 6433/6433/6433 6416/6416/6416 6417/6417/6417
f 6417/6417/6417 6416/6416/6416 6400/6400/6400
f 6417/6417/6417 6400/6400/6400 6401/6401/6401
f 6418/6418/6418 6417/6417/6417 6401/6401/6401
f 6418/6418/6418 6401/6401/6401 6402/6402/6402
f 6402/6402/6402 6401/6401/6401 6386/6386/6386
f 6402/6402/6402 6386/6386/6386 6387/6387/6387
f 6403/6403/6403 6402/6402/6402 6387/6387/6387
f 6403/6403/6403 6387/6387/6387 6388/6388/6388
f 6388/6388/6388 6387/6387/6387 6372/6372/6372
f 6388/6388/6388 6372/6372/6372 6373/6373/6373
f 6373/6373/6373 6372/6372/6372 6357/6357/6357
f 6373/6373/6373 6357/6357/6357 6358/6358/6358
f 6358/6358/6358 6357/6357/6357 6342/6342/6342
f 6358/6358/6358 6342/6342/6342 6343/6343/6343
f 6343/6343/6343 6342/6342/6342 6328/6328/6328
f 6343/6343/6343 6328/6328/6328 6329/6329/6329
f 6329/6329/6329 6328/6328/6328 6313/6313/6313
f 6329/6329/6329 6313/6313/6313 6314/6314/6314
f 6314/6314/6314 6313/6313/6313 6298/6298/6298
f 6314/6314/6314 6298/6298/6298 6299/6299/6299
f 6299/6299/6299 6298/6298/6298 6283/6283/6283
f 6299/6299/6299 6283/6283/6283 5909/5909/5909
f 6299/6299/6299 5909/5909/5909 5908/5908/5908
f 6299/6299/6299 5908/5908/5908 5907/5907/5907
f 5909/5909/5909 6283/6283/6283 5910/5910/5910
f 6283/6283/6283 5911/5911/5911 5910/5910/5910
f 6283/6283/6283 5912/5912/5912 5911/5911/5911
f 6283/6283/6283 6282/6282/6282 5912/5912/5912
f 6298/6298/6298 6282/6282/6282 6283/6283/6283
f 6298/6298/6298 6297/6297/6297 6282/6282/6282
f 6313/6313/6313 6297/6297/6297 6298/6298/6298
f 6313/6313/6313 6312/6312/6312 6297/6297/6297
f 6328/6328/6328 6312/6312/6312 6313/6313/6313
f 6328/6328/6328 6327/6327/6327 6312/6312/6312
f 6342/6342/6342 6327/6327/6327 6328/6328/6328
f 6342/6342/6342 6341/6341/6341 6327/6327/6327
f 6357/6357/6357 6341/6341/6341 6342/6342/6342
f 6357/6357/6357 6356/6356/6356 6341/6341/6341
f 6372/6372/6372 6356/6356/6356 6357/6357/6357
f 6372/6372/6372 6371/6371/6371 6356/6356/6356
f 6387/6387/6387 6371/6371/6371 6372/6372/6372
f 6387/6387/6387 6386/6386/6386 6371/6371/6371
f 6386/6386/6386 6370/6370/6370 6371/6371/6371
f 6386/6386/6386 6385/6385/6385 6370/6370/6370
f 6401/6401/6401 6385/6385/6385 6386/6386/6386
f 6401/6401/6401 6400/6400/6400 6385/6385/6385
f 6400/6400/6400 6384/6384/6384 6385/6385/6385
f 6400/6400/6400 6399/6399/6399 6384/6384/6384
f 6416/6416/6416 6399/6399/6399 6400/6400/6400
f 6416/6416/6416 6415/6415/6415 6399/6399/6399
f 6415/6415/6415 6398/6398/6398 6399/6399/6399
f 6415/6415/6415 6414/6414/6414 6398/6398/6398
f 6414/6414/6414 6397/6397/6397 6398/6398/6398
f 6398/6398/6398 6397/6397/6397 6382/6382/6382
f 6398/6398/6398 6382/6382/6382 6383/6383/6383
f 6399/6399/6399 6398/6398/6398 6383/6383/6383
f 6399/6399/6399 6383/6383/6383 6384/6384/6384
f 6384/6384/6384 6383/6383/6383 6368/6368/6368
f 6384/6384/6384 6368/6368/6368 6369/6369/6369
f 6385/6385/6385 6384/6384/6384 6369/6369/6369
f 6385/6385/6385 6369/6369/6369 6370/6370/6370
f 6370/6370/6370 6369/6369/6369 6354/6354/6354
f 6370/6370/6370 6354/6354/6354 6355/6355/6355
f 6371/6371/6371 6370/6370/6370 6355/6355/6355
f 6371/6371/6371 6355/6355/6355 6356/6356/6356
f 6356/6356/6356 6355/6355/6355 6340/6340/6340
f 6356/6356/6356 6340/6340/6340 6341/6341/6341
f 6341/6341/6341 6340/6340/6340 6326/6326/6326
f 6341/6341/6341 6326/6326/6326 6327/6327/6327
f 6327/6327/6327 6326/6326/6326 6311/6311/6311
f 6327/6327/6327 6311/6311/6311 6312/6312/6312
f 6312/6312/6312 6311/6311/6311 6296/6296/6296
f 6312/6312/6312 6296/6296/6296 6297/6297/6297
f 6297/6297/6297 6296/6296/6296 6281/6281/6281
f 6297/6297/6297 6281/6281/6281 6282/6282/6282
f 6282/6282/6282 6281/6281/6281 6266/6266/6266
f 6282/6282/6282 6266/6266/6266 5912/5912/5912
f 5912/5912/5912 6266/6266/6266 5913/5913/5913
f 6266/6266/6266 5914/5914/5914 5913/5913/5913
f 6266/6266/6266 5915/5915/5915 5914/5914/5914
f 6266/6266/6266 5916/5916/5916 5915/5915/5915
f 6266/6266/6266 6265/6265/6265 5916/5916/5916
f 6281/6281/6281 6265/6265/6265 6266/6266/6266
f 6281/6281/6281 6280/6280/6280 6265/6265/6265
f 6296/6296/6296 6280/6280/6280 6281/6281/6281
f 6296/6296/6296 6295/6295/6295 6280/6280/6280
f 6311/6311/6311 6295/6295/6295 6296/6296/6296
f 6311/6311/6311 6310/6310/6310 6295/6295/6295
f 6326/6326/6326 6310/6310/6310 6311/6311/6311
f 6326/6326/6326 6325/6325/6325 6310/6310/6310
f 6340/6340/6340 6325/6325/6325 6326/6326/6326
f 6340/6340/6340 6339/6339/6339 6325/6325/6325
f 6355/6355/6355 6339/6339/6339 6340/6340/6340
f 6355/6355/6355 6354/6354/6354 6339/6339/6339
f 6354/6354/6354 6338/6338/6338 6339/6339/6339
f 6354/6354/6354 6353/6353/6353 6338/6338/6338
f 6369/6369/6369 6353/6353/6353 6354/6354/6354
f 6369/6369/6369 6368/6368/6368 6353/6353/6353
f 6368/6368/6368 6352/6352/6352 6353/6353/6353
f 6368/6368/6368 6367/6367/6367 6352/6352/6352
f 6383/6383/6383 6367/6367/6367 6368/6368/6368
f 6383/6383/6383 6382/6382/6382 6367/6367/6367
f 6382/6382/6382 6366/6366/6366 6367/6367/6367
f 6382/6382/6382 6381/6381/6381 6366/6366/6366
f 6397/6397/6397 6381/6381/6381 6382/6382/6382
f 6366/6366/6366 6381/6381/6381 6365/6365/6365
f 6366/6366/6366 6365/6365/6365 6350/6350/6350
f 6366/6366/6366 6350/6350/6350 6351/6351/6351
f 6367/6367/6367 6366/6366/6366 6351/6351/6351
f 6367/6367/6367 6351/6351/6351 6352/6352/6352
f 6352/6352/6352 6351/6351/6351 6336/6336/6336
f 6352/6352/6352 6336/6336/6336 6337/6337/6337
f 6353/6353/6353 6352/6352/6352 6337/6337/6337
f 6353/6353/6353 6337/6337/6337 6338/6338/6338
f 6338/6338/6338 6337/6337/6337 6323/6323/6323
f 6338/6338/6338 6323/6323/6323 6324/6324/6324
f 6339/6339/6339 6338/6338/6338 6324/6324/6324
f 6339/6339/6339 6324/6324/6324 6325/6325/6325
f 6325/6325/6325 6324/6324/6324 6309/6309/6309
f 6325/6325/6325 6309/6309/6309 6310/6310/6310
f 6310/6310/6310 6309/6309/6309 6294/6294/6294
f 6310/6310/6310 6294/6294/6294 6295/6295/6295
f 6295/6295/6295 6294/6294/6294 6279/6279/6279
f 6295/6295/6295 6279/6279/6279 6280/6280/6280
f 6280/6280/6280 6279/6279/6279 6264/6264/6264
f 6280/6280/6280 6264/6264/6264 6265/6265/6265
f 6265/6265/6265 6264/6264/6264 6240/6240/6240
f 6265/6265/6265 6240/6240/6240 5916/5916/5916
f 5916/5916/5916 6240/6240/6240 5917/5917/5917
f 6240/6240/6240 5918/5918/5918 5917/5917/5917
f 6240/6240/6240 5919/5919/5919 5918/5918/5918
f 6240/6240/6240 5920/5920/5920 5919/5919/5919
f 6240/6240/6240 6239/6239/6239 5920/5920/5920
f 6264/6264/6264 6239/6239/6239 6240/6240/6240
f 6264/6264/6264 6263/6263/6263 6239/6239/6239
f 6279/6279/6279 6263/6263/6263 6264/6264/6264
f 6279/6279/6279 6278/6278/6278 6263/6263/6263
f 6294/6294/6294 6278/6278/6278 6279/6279/6279
f 6294/6294/6294 6293/6293/6293 6278/6278/6278
f 6309/6309/6309 6293/6293/6293 6294/6294/6294
f 6309/6309/6309 6308/6308/6308 6293/6293/6293
f 6324/6324/6324 6308/6308/6308 6309/6309/6309
f 6324/6324/6324 6323/6323/6323 6308/6308/6308
f 6323/6323/6323 6307/6307/6307 6308/6308/6308
f 6323/6323/6323 6322/6322/6322 6307/6307/6307
f 6337/6337/6337 6322/6322/6322 6323/6323/6323
f 6337/6337/6337 6336/6336/6336 6322/6322/6322
f 6336/6336/6336 6321/6321/6321 6322/6322/6322
f 6336/6336/6336 6335/6335/6335 6321/6321/6321
f 6351/6351/6351 6335/6335/6335 6336/6336/6336
f 6351/6351/6351 6350/6350/6350 6335/6335/6335
f 6350/6350/6350 6334/6334/6334 6335/6335/6335
f 6350/6350/6350 6349/6349/6349 6334/6334/6334
f 6365/6365/6365 6349/6349/6349 6350/6350/6350
f 6349/6349/6349 6333/6333/6333 6334/6334/6334
f 6334/6334/6334 6333/6333/6333 6319/6319/6319
f 6334/6334/6334 6319/6319/6319 6320/6320/6320
f 6335/6335/6335 6334/6334/6334 6320/6320/6320
f 6335/6335/6335 6320/6320/6320 6321/6321/6321
f 6321/6321/6321 6320/6320/6320 6305/6305/6305
f 6321/6321/6321 6305/6305/6305 6306/6306/6306
f 6322/6322/6322 6321/6321/6321 6306/6306/6306
f 6322/6322/6322 6306/6306/6306 6307/6307/6307
f 6307/6307/6307 6306/6306/6306 6291/6291/6291
f 6307/6307/6307 6291/6291/6291 6292/6292/6292
f 6308/6308/6308 6307/6307/6307 6292/6292/6292
f 6308/6308/6308 6292/6292/6292 6293/6293/6293
f 6293/6293/6293 6292/6292/6292 6277/6277/6277
f 6293/6293/6293 6277/6277/6277 6278/6278/6278
f 6278/6278/6278 6277/6277/6277 6262/6262/6262
f 6278/6278/6278 6262/6262/6262 6263/6263/6263
f 6263/6263/6263 6262/6262/6262 6238/6238/6238
f 6263/6263/6263 6238/6238/6238 6239/6239/6239
f 6239/6239/6239 6238/6238/6238 6210/6210/6210
f 6239/6239/6239 6210/6210/6210 5921/5921/5921
f 6239/6239/6239 5921/5921/5921 5920/5920/5920
f 5921/5921/5921 6210/6210/6210 5922/5922/5922
f 6210/6210/6210 5923/5923/5923 5922/5922/5922
f 6210/6210/6210 6209/6209/6209 5923/5923/5923
f 6238/6238/6238 6209/6209/6209 6210/6210/6210
f 6238/6238/6238 6237/6237/6237 6209/6209/6209
f 6262/6262/6262 6237/6237/6237 6238/6238/6238
f 6262/6262/6262 6261/6261/6261 6237/6237/6237
f 6277/6277/6277 6261/6261/6261 6262/6262/6262
f 6277/6277/6277 6276/6276/6276 6261/6261/6261
f 6292/6292/6292 6276/6276/6276 6277/6277/6277
f 6292/6292/6292 6291/6291/6291 6276/6276/6276
f 6291/6291/6291 6275/6275/6275 6276/6276/6276
f 6291/6291/6291 6290/6290/6290 6275/6275/6275
f 6306/6306/6306 6290/6290/6290 6291/6291/6291
f 6306/6306/6306 6305/6305/6305 6290/6290/6290
f 6305/6305/6305 6289/6289/6289 6290/6290/6290
f 6305/6305/6305 6304/6304/6304 6289/6289/6289
f 6320/6320/6320 6304/6304/6304 6305/6305/6305
f 6320/6320/6320 6319/6319/6319 6304/6304/6304
f 6319/6319/6319 6303/6303/6303 6304/6304/6304
f 6319/6319/6319 6318/6318/6318 6303/6303/6303
f 6333/6333/6333 6318/6318/6318 6319/6319/6319
f 6318/6318/6318 6302/6302/6302 6303/6303/6303
f 6303/6303/6303 6302/6302/6302 6287/6287/6287
f 6303/6303/6303 6287/6287/6287 6288/6288/6288
f 6304/6304/6304 6303/6303/6303 6288/6288/6288
f 6304/6304/6304 6288/6288/6288 6289/6289/6289
f 6289/6289/6289 6288/6288/6288 6273/6273/6273
f 6289/6289/6289 6273/6273/6273 6274/6274/6274
f 6290/6290/6290 6289/6289/6289 6274/6274/6274
f 6290/6290/6290 6274/6274/6274 6275/6275/6275
f 6275/6275/6275 6274/6274/6274 6259/6259/6259
f 6275/6275/6275 6259/6259/6259 6260/6260/6260
f 6276/6276/6276 6275/6275/6275 6260/6260/6260
f 6276/6276/6276 6260/6260/6260 6261/6261/6261
f 6261/6261/6261 6260/6260/6260 6236/6236/6236
f 6261/6261/6261 6236/6236/6236 6237/6237/6237
f 6237/6237/6237 6236/6236/6236 6208/6208/6208
f 6237/6237/6237 6208/6208/6208 6209/6209/6209
f 6209/6209/6209 6208/6208/6208 5926/5926/5926
f 6209/6209/6209 5926/5926/5926 5925/5925/5925
f 6209/6209/6209 5925/5925/5925 5924/5924/5924
f 6209/6209/6209 5924/5924/5924 5923/5923/5923
f 6208/6208/6208 6180/6180/6180 5926/5926/5926
f 6208/6208/6208 6207/6207/6207 6180/6180/6180
f 6236/6236/6236 6207/6207/6207 6208/6208/6208
f 6236/6236/6236 6235/6235/6235 6207/6207/6207
f 6260/6260/6260 6235/6235/6235 6236/6236/6236
f 6260/6260/6260 6259/6259/6259 6235/6235/6235
f 6259/6259/6259 6234/6234/6234 6235/6235/6235
f 6259/6259/6259 6258/6258/6258 6234/6234/6234
f 6274/6274/6274 6258/6258/6258 6259/6259/6259
f 6274/6274/6274 6273/6273/6273 6258/6258/6258
f 6273/6273/6273 6257/6257/6257 6258/6258/6258
f 6273/6273/6273 6272/6272/6272 6257/6257/6257
f 6288/6288/6288 6272/6272/6272 6273/6273/6273
f 6288/6288/6288 6287/6287/6287 6272/6272/6272
f 6287/6287/6287 6271/6271/6271 6272/6272/6272
f 6287/6287/6287 6286/6286/6286 6271/6271/6271
f 6302/6302/6302 6286/6286/6286 6287/6287/6287
f 6302/6302/6302 6301/6301/6301 6286/6286/6286
f 6301/6301/6301 6285/6285/6285 6286/6286/6286
f 6286/6286/6286 6285/6285/6285 6270/6270/6270
f 6286/6286/6286 6270/6270/6270 6271/6271/6271
f 6271/6271/6271 6270/6270/6270 6255/6255/6255
f 6271/6271/6271 6255/6255/6255 6256/6256/6256
f 6272/6272/6272 6271/6271/6271 6256/6256/6256
f 6272/6272/6272 6256/6256/6256 6257/6257/6257
f 6257/6257/6257 6256/6256/6256 6232/6232/6232
f 6257/6257/6257 6232/6232/6232 6233/6233/6233
f 6258/6258/6258 6257/6257/6257 6233/6233/6233
f 6258/6258/6258 6233/6233/6233 6234/6234/6234
f 6234/6234/6234 6233/6233/6233 6205/6205/6205
f 6234/6234/6234 6205/6205/6205 6206/6206/6206
f 6235/6235/6235 6234/6234/6234 6206/6206/6206
f 6235/6235/6235 6206/6206/6206 6207/6207/6207
f 6207/6207/6207 6206/6206/6206 6179/6179/6179
f 6207/6207/6207 6179/6179/6179 6180/6180/6180
f 6180/6180/6180 6179/6179/6179 5929/5929/5929
f 6180/6180/6180 5929/5929/5929 5928/5928/5928
f 6180/6180/6180 5928/5928/5928 5927/5927/5927
f 5926/5926/5926 6180/6180/6180 5927/5927/5927
f 6179/6179/6179 5930/5930/5930 5929/5929/5929
f 6179/6179/6179 6152/6152/6152 5930/5930/5930
f 6179/6179/6179 6178/6178/6178 6152/6152/6152
f 6206/6206/6206 6178/6178/6178 6179/6179/6179
f 6206/6206/6206 6205/6205/6205 6178/6178/6178
f 6205/6205/6205 6177/6177/6177 6178/6178/6178
f 6205/6205/6205 6204/6204/6204 6177/6177/6177
f 6233/6233/6233 6204/6204/6204 6205/6205/6205
f 6233/6233/6233 6232/6232/6232 6204/6204/6204
f 6232/6232/6232 6203/6203/6203 6204/6204/6204
f 6232/6232/6232 6231/6231/6231 6203/6203/6203
f 6256/6256/6256 6231/6231/6231 6232/6232/6232
f 6256/6256/6256 6255/6255/6255 6231/6231/6231
f 6255/6255/6255 6230/6230/6230 6231/6231/6231
f 6255/6255/6255 6254/6254/6254 6230/6230/6230
f 6270/6270/6270 6254/6254/6254 6255/6255/6255
f 6270/6270/6270 6269/6269/6269 6254/6254/6254
f 6285/6285/6285 6269/6269/6269 6270/6270/6270
f 6285/6285/6285 6284/6284/6284 6269/6269/6269
f 6269/6269/6269 6253/6253/6253 6254/6254/6254
f 6254/6254/6254 6253/6253/6253 6229/6229/6229
f 6254/6254/6254 6229/6229/6229 6230/6230/6230
f 6230/6230/6230 6229/6229/6229 6201/6201/6201
f 6230/6230/6230 6201/6201/6201 6202/6202/6202
f 6231/6231/6231 6230/6230/6230 6202/6202/6202
f 6231/6231/6231 6202/6202/6202 6203/6203/6203
f 6203/6203/6203 6202/6202/6202 6175/6175/6175
f 6203/6203/6203 6175/6175/6175 6176/6176/6176
f 6204/6204/6204 6203/6203/6203 6176/6176/6176
f 6204/6204/6204 6176/6176/6176 6177/6177/6177
f 6177/6177/6177 6176/6176/6176 6150/6150/6150
f 6177/6177/6177 6150/6150/6150 6151/6151/6151
f 6178/6178/6178 6177/6177/6177 6151/6151/6151
f 6178/6178/6178 6151/6151/6151 6152/6152/6152
f 6151/6151/6151 5933/5933/5933 6152/6152/6152
f 6151/6151/6151 5934/5934/5934 5933/5933/5933
f 6151/6151/6151 5935/5935/5935 5934/5934/5934
f 5936/5936/5936 5935/5935/5935 6151/6151/6151
f 6150/6150/6150 5936/5936/5936 6151/6151/6151
f 6150/6150/6150 6124/6124/6124 5936/5936/5936
f 6150/6150/6150 6149/6149/6149 6124/6124/6124
f 6176/6176/6176 6149/6149/6149 6150/6150/6150
f 6176/6176/6176 6175/6175/6175 6149/6149/6149
f 6175/6175/6175 6148/6148/6148 6149/6149/6149
f 6175/6175/6175 6174/6174/6174 6148/6148/6148
f 6202/6202/6202 6174/6174/6174 6175/6175/6175
f 6202/6202/6202 6201/6201/6201 6174/6174/6174
f 6201/6201/6201 6173/6173/6173 6174/6174/6174
f 6201/6201/6201 6200/6200/6200 6173/6173/6173
f 6229/6229/6229 6200/6200/6200 6201/6201/6201
f 6229/6229/6229 6228/6228/6228 6200/6200/6200
f 6253/6253/6253 6228/6228/6228 6229/6229/6229
f 6253/6253/6253 6252/6252/6252 6228/6228/6228
f 6252/6252/6252 6227/6227/6227 6228/6228/6228
f 6252/6252/6252 6251/6251/6251 6227/6227/6227
f 6267/6267/6267 6251/6251/6251 6252/6252/6252
f 6251/6251/6251 6226/6226/6226 6227/6227/6227
f 6227/6227/6227 6226/6226/6226 6198/6198/6198
f 6227/6227/6227 6198/6198/6198 6199/6199/6199
f 6228/6228/6228 6227/6227/6227 6199/6199/6199
f 6228/6228/6228 6199/6199/6199 6200/6200/6200
f 6200/6200/6200 6199/6199/6199 6172/6172/6172
f 6200/6200/6200 6172/6172/6172 6173/6173/6173
f 6173/6173/6173 6172/6172/6172 6146/6146/6146
f 6173/6173/6173 6146/6146/6146 6147/6147/6147
f 6174/6174/6174 6173/6173/6173 6147/6147/6147
f 6174/6174/6174 6147/6147/6147 6148/6148/6148
f 6148/6148/6148 6147/6147/6147 6122/6122/6122
f 6148/6148/6148 6122/6122/6122 6123/6123/6123
f 6149/6149/6149 6148/6148/6148 6123/6123/6123
f 6149/6149/6149 6123/6123/6123 6124/6124/6124
f 6124/6124/6124 6123/6123/6123 5938/5938/5938
f 6124/6124/6124 5938/5938/5938 5937/5937/5937
f 5936/5936/5936 6124/6124/6124 5937/5937/5937
f 6123/6123/6123 5939/5939/5939 5938/5938/5938
f 6123/6123/6123 5940/5940/5940 5939/5939/5939
f 6123/6123/6123 5941/5941/5941 5940/5940/5940
f 6123/6123/6123 6122/6122/6122 5941/5941/5941
f 6122/6122/6122 6098/6098/6098 5941/5941/5941
f 6122/6122/6122 6121/6121/6121 6098/6098/6098
f 6147/6147/6147 6121/6121/6121 6122/6122/6122
f 6147/6147/6147 6146/6146/6146 6121/6121/6121
f 6146/6146/6146 6120/6120/6120 6121/6121/6121
f 6146/6146/6146 6145/6145/6145 6120/6120/6120
f 6172/6172/6172 6145/6145/6145 6146/6146/6146
f 6172/6172/6172 6171/6171/6171 6145/6145/6145
f 6199/6199/6199 6171/6171/6171 6172/6172/6172
f 6199/6199/6199 6198/6198/6198 6171/6171/6171
f 6198/6198/6198 6170/6170/6170 6171/6171/6171
f 6198/6198/6198 6197/6197/6197 6170/6170/6170
f 6226/6226/6226 6197/6197/6197 6198/6198/6198
f 6226/6226/6226 6225/6225/6225 6197/6197/6197
f 6225/6225/6225 6196/6196/6196 6197/6197/6197
f 6225/6225/6225 6224/6224/6224 6196/6196/6196
f 6249/6249/6249 6224/6224/6224 6225/6225/6225
f 6224/6224/6224 6195/6195/6195 6196/6196/6196
f 6196/6196/6196 6195/6195/6195 6168/6168/6168
f 6196/6196/6196 6168/6168/6168 6169/6169/6169
f 6197/6197/6197 6196/6196/6196 6169/6169/6169
f 6197/6197/6197 6169/6169/6169 6170/6170/6170
f 6170/6170/6170 6169/6169/6169 6143/6143/6143
f 6170/6170/6170 6143/6143/6143 6144/6144/6144
f 6171/6171/6171 6170/6170/6170 6144/6144/6144
f 6171/6171/6171 6144/6144/6144 6145/6145/6145
f 6145/6145/6145 6144/6144/6144 6119/6119/6119
f 6145/6145/6145 6119/6119/6119 6120/6120/6120
f 6120/6120/6120 6119/6119/6119 6096/6096/6096
f 6120/6120/6120 6096/6096/6096 6097/6097/6097
f 6121/6121/6121 6120/6120/6120 6097/6097/6097
f 6121/6121/6121 6097/6097/6097 6098/6098/6098
f 6097/6097/6097 5944/5944/5944 6098/6098/6098
f 6097/6097/6097 5945/5945/5945 5944/5944/5944
f 6097/6097/6097 5946/5946/5946 5945/5945/5945
f 6097/6097/6097 5947/5947/5947 5946/5946/5946
f 6096/6096/6096 5947/5947/5947 6097/6097/6097
f 6096/6096/6096 6074/6074/6074 5947/5947/5947
f 6096/6096/6096 6095/6095/6095 6074/6074/6074
f 6119/6119/6119 6095/6095/6095 6096/6096/6096
f 6119/6119/6119 6118/6118/6118 6095/6095/6095
f 6144/6144/6144 6118/6118/6118 6119/6119/6119
f 6144/6144/6144 6143/6143/6143 6118/6118/6118
f 6143/6143/6143 6117/6117/6117 6118/6118/6118
f 6143/6143/6143 6142/6142/6142 6117/6117/6117
f 6169/6169/6169 6142/6142/6142 6143/6143/6143
f 6169/6169/6169 6168/6168/6168 6142/6142/6142
f 6168/6168/6168 6141/6141/6141 6142/6142/6142
f 6168/6168/6168 6167/6167/6167 6141/6141/6141
f 6195/6195/6195 6167/6167/6167 6168/6168/6168
f 6195/6195/6195 6194/6194/6194 6167/6167/6167
f 6194/6194/6194 6166/6166/6166 6167/6167/6167
f 6194/6194/6194 6193/6193/6193 6166/6166/6166
f 6222/6222/6222 6193/6193/6193 6194/6194/6194
f 6222/6222/6222 6221/6221/6221 6193/6193/6193
f 6221/6221/6221 6192/6192/6192 6193/6193/6193
f 6193/6193/6193 6192/6192/6192 6165/6165/6165
f 6193/6193/6193 6165/6165/6165 6166/6166/6166
f 6166/6166/6166 6165/6165/6165 6139/6139/6139
f 6166/6166/6166 6139/6139/6139 6140/6140/6140
f 6167/6167/6167 6166/6166/6166 6140/6140/6140
f 6167/6167/6167 6140/6140/6140 6141/6141/6141
f 6141/6141/6141 6140/6140/6140 6115/6115/6115
f 6141/6141/6141 6115/6115/6115 6116/6116/6116
f 6142/6142/6142 6141/6141/6141 6116/6116/6116
f 6142/6142/6142 6116/6116/6116 6117/6117/6117
f 6117/6117/6117 6116/6116/6116 6093/6093/6093
f 6117/6117/6117 6093/6093/6093 6094/6094/6094
f 6118/6118/6118 6117/6117/6117 6094/6094/6094
f 6118/6118/6118 6094/6094/6094 6095/6095/6095
f 6095/6095/6095 6094/6094/6094 6073/6073/6073
f 6095/6095/6095 6073/6073/6073 6074/6074/6074
f 6074/6074/6074 6073/6073/6073 5950/5950/5950
f 6074/6074/6074 5950/5950/5950 5949/5949/5949
f 6074/6074/6074 5949/5949/5949 5948/5948/5948
f 6074/6074/6074 5948/5948/5948 5947/5947/5947
f 6073/6073/6073 5951/5951/5951 5950/5950/5950
f 6073/6073/6073 5952/5952/5952 5951/5951/5951
f 6073/6073/6073 5953/5953/5953 5952/5952/5952
f 6073/6073/6073 6072/6072/6072 5953/5953/5953
f 6094/6094/6094 6072/6072/6072 6073/6073/6073
f 6094/6094/6094 6093/6093/6093 6072/6072/6072
f 6093/6093/6093 6071/6071/6071 6072/6072/6072
f 6093/6093/6093 6092/6092/6092 6071/6071/6071
f 6116/6116/6116 6092/6092/6092 6093/6093/6093
f 6116/6116/6116 6115/6115/6115 6092/6092/6092
f 6115/6115/6115 6091/6091/6091 6092/6092/6092
f 6115/6115/6115 6114/6114/6114 6091/6091/6091
f 6140/6140/6140 6114/6114/6114 6115/6115/6115
f 6140/6140/6140 6139/6139/6139 6114/6114/6114
f 6139/6139/6139 6113/6113/6113 6114/6114/6114
f 6139/6139/6139 6138/6138/6138 6113/6113/6113
f 6165/6165/6165 6138/6138/6138 6139/6139/6139
f 6165/6165/6165 6164/6164/6164 6138/6138/6138
f 6192/6192/6192 6164/6164/6164 6165/6165/6165
f 6164/6164/6164 6137/6137/6137 6138/6138/6138
f 6164/6164/6164 6163/6163/6163 6137/6137/6137
f 6163/6163/6163 6136/6136/6136 6137/6137/6137
f 6163/6163/6163 6162/6162/6162 6136/6136/6136
f 6162/6162/6162 6135/6135/6135 6136/6136/6136
f 6162/6162/6162 6161/6161/6161 6135/6135/6135
f 6161/6161/6161 6134/6134/6134 6135/6135/6135
f 6161/6161/6161 6160/6160/6160 6134/6134/6134
f 6188/6188/6188 6160/6160/6160 6161/6161/6161
f 6188/6188/6188 6187/6187/6187 6160/6160/6160
f 6187/6187/6187 6159/6159/6159 6160/6160/6160
f 6187/6187/6187 6186/6186/6186 6159/6159/6159
f 6215/6215/6215 6186/6186/6186 6187/6187/6187
f 6186/6186/6186 6158/6158/6158 6159/6159/6159
f 6186/6186/6186 6185/6185/6185 6158/6158/6158
f 6185/6185/6185 6157/6157/6157 6158/6158/6158
f 6185/6185/6185 6184/6184/6184 6157/6157/6157
f 6213/6213/6213 6184/6184/6184 6185/6185/6185
f 6213/6213/6213 6212/6212/6212 6184/6184/6184
f 6212/6212/6212 6183/6183/6183 6184/6184/6184
f 6212/6212/6212 6211/6211/6211 6183/6183/6183
f 6212/6212/6212 6241/6241/6241 6211/6211/6211
f 6211/6211/6211 6182/6182/6182 6183/6183/6183
f 6183/6183/6183 6182/6182/6182 6155/6155/6155
f 6183/6183/6183 6155/6155/6155 6156/6156/6156
f 6184/6184/6184 6183/6183/6183 6156/6156/6156
f 6184/6184/6184 6156/6156/6156 6157/6157/6157
f 6157/6157/6157 6156/6156/6156 6130/6130/6130
f 6157/6157/6157 6130/6130/6130 6131/6131/6131
f 6158/6158/6158 6157/6157/6157 6131/6131/6131
f 6158/6158/6158 6131/6131/6131 6132/6132/6132
f 6159/6159/6159 6158/6158/6158 6132/6132/6132
f 6159/6159/6159 6132/6132/6132 6133/6133/6133
f 6160/6160/6160 6159/6159/6159 6133/6133/6133
f 6160/6160/6160 6133/6133/6133 6134/6134/6134
f 6134/6134/6134 6133/6133/6133 6108/6108/6108
f 6134/6134/6134 6108/6108/6108 6109/6109/6109
f 6135/6135/6135 6134/6134/6134 6109/6109/6109
f 6135/6135/6135 6109/6109/6109 6110/6110/6110
f 6136/6136/6136 6135/6135/6135 6110/6110/6110
f 6136/6136/6136 6110/6110/6110 6111/6111/6111
f 6137/6137/6137 6136/6136/6136 6111/6111/6111
f 6137/6137/6137 6111/6111/6111 6112/6112/6112
f 6138/6138/6138 6137/6137/6137 6112/6112/6112
f 6138/6138/6138 6112/6112/6112 6113/6113/6113
f 6113/6113/6113 6112/6112/6112 6089/6089/6089
f 6113/6113/6113 6089/6089/6089 6090/6090/6090
f 6114/6114/6114 6113/6113/6113 6090/6090/6090
f 6114/6114/6114 6090/6090/6090 6091/6091/6091
f 6091/6091/6091 6090/6090/6090 6069/6069/6069
f 6091/6091/6091 6069/6069/6069 6070/6070/6070
f 6092/6092/6092 6091/6091/6091 6070/6070/6070
f 6092/6092/6092 6070/6070/6070 6071/6071/6071
f 6071/6071/6071 6070/6070/6070 6051/6051/6051
f 6071/6071/6071 6051/6051/6051 6052/6052/6052
f 6072/6072/6072 6071/6071/6071 6052/6052/6052
f 6052/6052/6052 5954/5954/5954 6072/6072/6072
f 6052/6052/6052 5955/5955/5955 5954/5954/5954
f 6052/6052/6052 5956/5956/5956 5955/5955/5955
f 6052/6052/6052 6051/6051/6051 5956/5956/5956
f 6051/6051/6051 5957/5957/5957 5956/5956/5956
f 6051/6051/6051 5958/5958/5958 5957/5957/5957
f 5959/5959/5959 5958/5958/5958 6051/6051/6051
f 6050/6050/6050 5959/5959/5959 6051/6051/6051
f 6050/6050/6050 5960/5960/5960 5959/5959/5959
f 6050/6050/6050 5961/5961/5961 5960/5960/5960
f 6050/6050/6050 6049/6049/6049 5961/5961/5961
f 6069/6069/6069 6049/6049/6049 6050/6050/6050
f 6069/6069/6069 6068/6068/6068 6049/6049/6049
f 6090/6090/6090 6068/6068/6068 6069/6069/6069
f 6090/6090/6090 6089/6089/6089 6068/6068/6068
f 6089/6089/6089 6067/6067/6067 6068/6068/6068
f 6089/6089/6089 6088/6088/6088 6067/6067/6067
f 6112/6112/6112 6088/6088/6088 6089/6089/6089
f 6112/6112/6112 6111/6111/6111 6088/6088/6088
f 6111/6111/6111 6087/6087/6087 6088/6088/6088
f 6111/6111/6111 6110/6110/6110 6087/6087/6087
f 6110/6110/6110 6086/6086/6086 6087/6087/6087
f 6110/6110/6110 6109/6109/6109 6086/6086/6086
f 6109/6109/6109 6085/6085/6085 6086/6086/6086
f 6109/6109/6109 6108/6108/6108 6085/6085/6085
f 6108/6108/6108 6084/6084/6084 6085/6085/6085
f 6108/6108/6108 6107/6107/6107 6084/6084/6084
f 6133/6133/6133 6107/6107/6107 6108/6108/6108
f 6133/6133/6133 6132/6132/6132 6107/6107/6107
f 6132/6132/6132 6106/6106/6106 6107/6107/6107
f 6132/6132/6132 6131/6131/6131 6106/6106/6106
f 6131/6131/6131 6105/6105/6105 6106/6106/6106
f 6131/6131/6131 6130/6130/6130 6105/6105/6105
f 6130/6130/6130 6104/6104/6104 6105/6105/6105
f 6130/6130/6130 6129/6129/6129 6104/6104/6104
f 6156/6156/6156 6129/6129/6129 6130/6130/6130
f 6156/6156/6156 6155/6155/6155 6129/6129/6129
f 6155/6155/6155 6128/6128/6128 6129/6129/6129
f 6155/6155/6155 6154/6154/6154 6128/6128/6128
f 6182/6182/6182 6154/6154/6154 6155/6155/6155
f 6182/6182/6182 6181/6181/6181 6154/6154/6154
f 6181/6181/6181 6153/6153/6153 6154/6154/6154
f 6154/6154/6154 6153/6153/6153 6127/6127/6127
f 6154/6154/6154 6127/6127/6127 6128/6128/6128
f 6128/6128/6128 6127/6127/6127 6102/6102/6102
f 6128/6128/6128 6102/6102/6102 6103/6103/6103
f 6129/6129/6129 6128/6128/6128 6103/6103/6103
f 6129/6129/6129 6103/6103/6103 6104/6104/6104
f 6104/6104/6104 6103/6103/6103 6080/6080/6080
f 6104/6104/6104 6080/6080/6080 6081/6081/6081
f 6105/6105/6105 6104/6104/6104 6081/6081/6081
f 6105/6105/6105 6081/6081/6081 6082/6082/6082
f 6106/6106/6106 6105/6105/6105 6082/6082/6082
f 6106/6106/6106 6082/6082/6082 6083/6083/6083
f 6107/6107/6107 6106/6106/6106 6083/6083/6083
f 6107/6107/6107 6083/6083/6083 6084/6084/6084
f 6084/6084/6084 6083/6083/6083 6062/6062/6062
f 6084/6084/6084 6062/6062/6062 6063/6063/6063
f 6085/6085/6085 6084/6084/6084 6063/6063/6063
f 6085/6085/6085 6063/6063/6063 6064/6064/6064
f 6086/6086/6086 6085/6085/6085 6064/6064/6064
f 6086/6086/6086 6064/6064/6064 6065/6065/6065
f 6087/6087/6087 6086/6086/6086 6065/6065/6065
f 6087/6087/6087 6065/6065/6065 6066/6066/6066
f 6088/6088/6088 6087/6087/6087 6066/6066/6066
f 6088/6088/6088 6066/6066/6066 6067/6067/6067
f 6067/6067/6067 6066/6066/6066 6047/6047/6047
f 6067/6067/6067 6047/6047/6047 6048/6048/6048
f 6068/6068/6068 6067/6067/6067 6048/6048/6048
f 6068/6068/6068 6048/6048/6048 6049/6049/6049
f 6049/6049/6049 6048/6048/6048 6033/6033/6033
f 6033/6033/6033 5962/5962/5962 6049/6049/6049
f 6033/6033/6033 5963/5963/5963 5962/5962/5962
f 5964/5964/5964 5963/5963/5963 6033/6033/6033
f 6032/6032/6032 5964/5964/5964 6033/6033/6033
f 6032/6032/6032 5965/5965/5965 5964/5964/5964
f 6032/6032/6032 5966/5966/5966 5965/5965/5965
f 6032/6032/6032 6031/6031/6031 5966/5966/5966
f 6047/6047/6047 6031/6031/6031 6032/6032/6032
f 6047/6047/6047 6046/6046/6046 6031/6031/6031
f 6066/6066/6066 6046/6046/6046 6047/6047/6047
f 6066/6066/6066 6065/6065/6065 6046/6046/6046
f 6065/6065/6065 6045/6045/6045 6046/6046/6046
f 6065/6065/6065 6064/6064/6064 6045/6045/6045
f 6064/6064/6064 6044/6044/6044 6045/6045/6045
f 6064/6064/6064 6063/6063/6063 6044/6044/6044
f 6063/6063/6063 6043/6043/6043 6044/6044/6044
f 6063/6063/6063 6062/6062/6062 6043/6043/6043
f 6062/6062/6062 6042/6042/6042 6043/6043/6043
f 6062/6062/6062 6061/6061/6061 6042/6042/6042
f 6083/6083/6083 6061/6061/6061 6062/6062/6062
f 6083/6083/6083 6082/6082/6082 6061/6061/6061
f 6082/6082/6082 6060/6060/6060 6061/6061/6061
f 6082/6082/6082 6081/6081/6081 6060/6060/6060
f 6081/6081/6081 6059/6059/6059 6060/6060/6060
f 6081/6081/6081 6080/6080/6080 6059/6059/6059
f 6080/6080/6080 6058/6058/6058 6059/6059/6059
f 6080/6080/6080 6079/6079/6079 6058/6058/6058
f 6103/6103/6103 6079/6079/6079 6080/6080/6080
f 6103/6103/6103 6102/6102/6102 6079/6079/6079
f 6102/6102/6102 6078/6078/6078 6079/6079/6079
f 6102/6102/6102 6101/6101/6101 6078/6078/6078
f 6127/6127/6127 6101/6101/6101 6102/6102/6102
f 6127/6127/6127 6126/6126/6126 6101/6101/6101
f 6126/6126/6126 6127/6127/6127 6153/6153/6153
f 6126/6126/6126 6100/6100/6100 6101/6101/6101
f 6101/6101/6101 6100/6100/6100 6077/6077/6077
f 6101/6101/6101 6077/6077/6077 6078/6078/6078
f 6078/6078/6078 6077/6077/6077 6056/6056/6056
f 6078/6078/6078 6056/6056/6056 6057/6057/6057
f 6079/6079/6079 6078/6078/6078 6057/6057/6057
f 6079/6079/6079 6057/6057/6057 6058/6058/6058
f 6058/6058/6058 6057/6057/6057 6038/6038/6038
f 6058/6058/6058 6038/6038/6038 6039/6039/6039
f 6059/6059/6059 6058/6058/6058 6039/6039/6039
f 6059/6059/6059 6039/6039/6039 6040/6040/6040
f 6060/6060/6060 6059/6059/6059 6040/6040/6040
f 6060/6060/6060 6040/6040/6040 6041/6041/6041
f 6061/6061/6061 6060/6060/6060 6041/6041/6041
f 6061/6061/6061 6041/6041/6041 6042/6042/6042
f 6042/6042/6042 6041/6041/6041 6026/6026/6026
f 6042/6042/6042 6026/6026/6026 6027/6027/6027
f 6043/6043/6043 6042/6042/6042 6027/6027/6027
f 6043/6043/6043 6027/6027/6027 6028/6028/6028
f 6044/6044/6044 6043/6043/6043 6028/6028/6028
f 6044/6044/6044 6028/6028/6028 6029/6029/6029
f 6045/6045/6045 6044/6044/6044 6029/6029/6029
f 6045/6045/6045 6029/6029/6029 6030/6030/6030
f 6046/6046/6046 6045/6045/6045 6030/6030/6030
f 6046/6046/6046 6030/6030/6030 6031/6031/6031
f 6031/6031/6031 6030/6030/6030 5969/5969/5969
f 6031/6031/6031 5969/5969/5969 5968/5968/5968
f 6031/6031/6031 5968/5968/5968 5967/5967/5967
f 6031/6031/6031 5967/5967/5967 5966/5966/5966
f 6030/6030/6030 5970/5970/5970 5969/5969/5969
f 6017/6017/6017 5970/5970/5970 6030/6030/6030
f 6017/6017/6017 5971/5971/5971 5970/5970/5970
f 5972/5972/5972 5971/5971/5971 6017/6017/6017
f 6016/6016/6016 5972/5972/5972 6017/6017/6017
f 6016/6016/6016 5973/5973/5973 5972/5972/5972
f 6016/6016/6016 5974/5974/5974 5973/5973/5973
f 5975/5975/5975 5974/5974/5974 6016/6016/6016
f 6015/6015/6015 5975/5975/5975 6016/6016/6016
f 6015/6015/6015 5976/5976/5976 5975/5975/5975
f 6015/6015/6015 5977/5977/5977 5976/5976/5976
f 5978/5978/5978 5977/5977/5977 6015/6015/6015
f 6014/6014/6014 5978/5978/5978 6015/6015/6015
f 6014/6014/6014 5979/5979/5979 5978/5978/5978
f 6014/6014/6014 6006/6006/6006 5979/5979/5979
f 5980/5980/5980 6006/6006/6006 6014/6014/6014
f 5979/5979/5979 6006/6006/6006 5980/5980/5980
f 6013/6013/6013 5980/5980/5980 6014/6014/6014
f 5981/5981/5981 5980/5980/5980 6013/6013/6013
f 5981/5981/5981 6013/6013/6013 6005/6005/6005
f 6005/6005/6005 5982/5982/5982 5981/5981/5981
f 6005/6005/6005 5983/5983/5983 5982/5982/5982
f 6005/6005/6005 6004/6004/6004 5983/5983/5983
f 6012/6012/6012 6004/6004/6004 6005/6005/6005
f 6012/6012/6012 6011/6011/6011 6004/6004/6004
f 6024/6024/6024 6011/6011/6011 6012/6012/6012
f 6024/6024/6024 6023/6023/6023 6011/6011/6011
f 6039/6039/6039 6023/6023/6023 6024/6024/6024
f 6039/6039/6039 6038/6038/6038 6023/6023/6023
f 6038/6038/6038 6022/6022/6022 6023/6023/6023
f 6038/6038/6038 6037/6037/6037 6022/6022/6022
f 6057/6057/6057 6037/6037/6037 6038/6038/6038
f 6057/6057/6057 6056/6056/6056 6037/6037/6037
f 6056/6056/6056 6036/6036/6036 6037/6037/6037
f 6056/6056/6056 6055/6055/6055 6036/6036/6036
f 6077/6077/6077 6055/6055/6055 6056/6056/6056
f 6077/6077/6077 6076/6076/6076 6055/6055/6055
f 6100/6100/6100 6076/6076/6076 6077/6077/6077
f 6037/6037/6037 6036/6036/6036 6021/6021/6021
f 6037/6037/6037 6021/6021/6021 6022/6022/6022
f 6022/6022/6022 6021/6021/6021 6009/6009/6009
f 6022/6022/6022 6009/6009/6009 6010/6010/6010
f 6023/6023/6023 6022/6022/6022 6010/6010/6010
f 6023/6023/6023 6010/6010/6010 6011/6011/6011
f 6011/6011/6011 6010/6010/6010 6003/6003/6003
f 6011/6011/6011 6003/6003/6003 6004/6004/6004
f 6003/6003/6003 5985/5985/5985 6004/6004/6004
f 6004/6004/6004 5985/5985/5985 5984/5984/5984
f 6004/6004/6004 5984/5984/5984 5983/5983/5983
f 6040/6040/6040 6039/6039/6039 6024/6024/6024
f 6040/6040/6040 6024/6024/6024 6025/6025/6025
f 6041/6041/6041 6040/6040/6040 6025/6025/6025
f 6041/6041/6041 6025/6025/6025 6026/6026/6026
f 6026/6026/6026 6025/6025/6025 6013/6013/6013
f 6026/6026/6026 6013/6013/6013 6014/6014/6014
f 6027/6027/6027 6026/6026/6026 6014/6014/6014
f 6027/6027/6027 6014/6014/6014 6015/6015/6015
f 6028/6028/6028 6027/6027/6027 6015/6015/6015
f 6028/6028/6028 6015/6015/6015 6016/6016/6016
f 6029/6029/6029 6028/6028/6028 6016/6016/6016
f 6029/6029/6029 6016/6016/6016 6017/6017/6017
f 6030/6030/6030 6029/6029/6029 6017/6017/6017
f 6025/6025/6025 6012/6012/6012 6013/6013/6013
f 6025/6025/6025 6024/6024/6024 6012/6012/6012
f 6013/6013/6013 6012/6012/6012 6005/6005/6005
f 6048/6048/6048 6047/6047/6047 6032/6032/6032
f 6048/6048/6048 6032/6032/6032 6033/6033/6033
f 6049/6049/6049 5962/5962/5962 5961/5961/5961
f 6070/6070/6070 6069/6069/6069 6050/6050/6050
f 6070/6070/6070 6050/6050/6050 6051/6051/6051
f 6072/6072/6072 5954/5954/5954 5953/5953/5953
f 5944/5944/5944 5943/5943/5943 6098/6098/6098
f 6098/6098/6098 5943/5943/5943 5942/5942/5942
f 5941/5941/5941 6098/6098/6098 5942/5942/5942
f 5933/5933/5933 5932/5932/5932 6152/6152/6152
f 6152/6152/6152 5932/5932/5932 5931/5931/5931
f 5930/5930/5930 6152/6152/6152 5931/5931/5931
f 6421/6421/6421 6420/6420/6420 6404/6404/6404
f 6421/6421/6421 6404/6404/6404 6405/6405/6405
f 6405/6405/6405 6404/6404/6404 6389/6389/6389
f 6405/6405/6405 6389/6389/6389 6390/6390/6390
f 6390/6390/6390 6389/6389/6389 6374/6374/6374
f 6390/6390/6390 6374/6374/6374 6375/6375/6375
f 6375/6375/6375 6374/6374/6374 6359/6359/6359
f 6375/6375/6375 6359/6359/6359 6360/6360/6360
f 6376/6376/6376 6375/6375/6375 6360/6360/6360
f 6376/6376/6376 6360/6360/6360 6361/6361/6361
f 6361/6361/6361 6360/6360/6360 6345/6345/6345
f 6361/6361/6361 6345/6345/6345 6346/6346/6346
f 6346/6346/6346 6345/6345/6345 6331/6331/6331
f 6346/6346/6346 6331/6331/6331 6332/6332/6332
f 6332/6332/6332 6331/6331/6331 6316/6316/6316
f 6331/6331/6331 6315/6315/6315 6316/6316/6316
f 6331/6331/6331 6330/6330/6330 6315/6315/6315
f 6345/6345/6345 6330/6330/6330 6331/6331/6331
f 6345/6345/6345 6344/6344/6344 6330/6330/6330
f 6360/6360/6360 6344/6344/6344 6345/6345/6345
f 6360/6360/6360 6359/6359/6359 6344/6344/6344
f 6316/6316/6316 6315/6315/6315 6300/6300/6300
f 6466/6466/6466 6447/6447/6447 6448/6448/6448
f 6409/6409/6409 6408/6408/6408 6393/6393/6393
f 6409/6409/6409 6393/6393/6393 6394/6394/6394
f 6410/6410/6410 6409/6409/6409 6394/6394/6394
f 6410/6410/6410 6394/6394/6394 6395/6395/6395
f 6395/6395/6395 6394/6394/6394 6379/6379/6379
f 6395/6395/6395 6379/6379/6379 6380/6380/6380
f 6380/6380/6380 6379/6379/6379 6364/6364/6364
f 6379/6379/6379 6363/6363/6363 6364/6364/6364
f 6379/6379/6379 6378/6378/6378 6363/6363/6363
f 6394/6394/6394 6378/6378/6378 6379/6379/6379
f 6394/6394/6394 6393/6393/6393 6378/6378/6378
f 6364/6364/6364 6363/6363/6363 6348/6348/6348
f 5890/5890/5890 5889/5889/5889 6396/6396/6396
f 6396/6396/6396 5889/5889/5889 5888/5888/5888
f 5887/5887/5887 6396/6396/6396 5888/5888/5888
f 6445/6445/6445 6444/6444/6444 6428/6428/6428
f 6445/6445/6445 6428/6428/6428 6429/6429/6429
f 6446/6446/6446 6445/6445/6445 6429/6429/6429
f 6429/6429/6429 6428/6428/6428 6412/6412/6412
f 6463/6463/6463 5877/5877/5877 5876/5876/5876
f 6589/6589/6589 6566/6566/6566 6567/6567/6567
f 6586/6586/6586 5862/5862/5862 5861/5861/5861
f 5860/5860/5860 6586/6586/6586 5861/5861/5861
f 5859/5859/5859 6586/6586/6586 5860/5860/5860
f 6586/6586/6586 5859/5859/5859 6609/6609/6609
f 6609/6609/6609 5859/5859/5859 5858/5858/5858
f 5857/5857/5857 6609/6609/6609 5858/5858/5858
f 6632/6632/6632 5856/5856/5856 5855/5855/5855
f 5854/5854/5854 6632/6632/6632 5855/5855/5855
f 5853/5853/5853 6632/6632/6632 5854/5854/5854
f 6657/6657/6657 6632/6632/6632 5853/5853/5853
f 5852/5852/5852 6657/6657/6657 5853/5853/5853
f 5851/5851/5851 6657/6657/6657 5852/5852/5852
f 6735/6735/6735 6734/6734/6734 6707/6707/6707
f 6735/6735/6735 6707/6707/6707 6708/6708/6708
f 6708/6708/6708 6707/6707/6707 6681/6681/6681
f 5693/5693/5693 5692/5692/5692 6465/6465/6465
f 6465/6465/6465 5692/5692/5692 5691/5691/5691
f 6465/6465/6465 5691/5691/5691 5690/5690/5690
